CASE_ID,ACCIDENT_YEAR,PROC_DATE,JURIS,COLLISION_DATE,COLLISION_TIME,OFFICER_ID,REPORTING_DISTRICT,DAY_OF_WEEK,CHP_SHIFT,POPULATION,CNTY_CITY_LOC,SPECIAL_COND,BEAT_TYPE,CHP_BEAT_TYPE,CITY_DIVISION_LAPD,CHP_BEAT_CLASS,BEAT_NUMBER,PRIMARY_RD,SECONDARY_RD,DISTANCE,DIRECTION,INTERSECTION,WEATHER_1,WEATHER_2,STATE_HWY_IND,CALTRANS_COUNTY,CALTRANS_DISTRICT,STATE_ROUTE,ROUTE_SUFFIX,POSTMILE_PREFIX,POSTMILE,LOCATION_TYPE,RAMP_INTERSECTION,SIDE_OF_HWY,TOW_AWAY,COLLISION_SEVERITY,NUMBER_KILLED,NUMBER_INJURED,PARTY_COUNT,PRIMARY_COLL_FACTOR,PCF_CODE_OF_VIOL,PCF_VIOL_CATEGORY,PCF_VIOLATION,PCF_VIOL_SUBSECTION,HIT_AND_RUN,TYPE_OF_COLLISION,MVIW,PED_ACTION,ROAD_SURFACE,ROAD_COND_1,ROAD_COND_2,LIGHTING,CONTROL_DEVICE,CHP_ROAD_TYPE,PEDESTRIAN_ACCIDENT,BICYCLE_ACCIDENT,MOTORCYCLE_ACCIDENT,TRUCK_ACCIDENT,NOT_PRIVATE_PROPERTY,ALCOHOL_INVOLVED,STWD_VEHTYPE_AT_FAULT,CHP_VEHTYPE_AT_FAULT,COUNT_SEVERE_INJ,COUNT_VISIBLE_INJ,COUNT_COMPLAINT_PAIN,COUNT_PED_KILLED,COUNT_PED_INJURED,COUNT_BICYCLIST_KILLED,COUNT_BICYCLIST_INJURED,COUNT_MC_KILLED,COUNT_MC_INJURED,PRIMARY_RAMP,SECONDARY_RAMP,LATITUDE,LONGITUDE,COUNTY,CITY,POINT_X,POINT_Y
6075430,2013,2014-02-19,2706,2013-04-29,1836,479,PD,1,5,4,2706,0,0,0,,0,001,"DAVID ST",TAYLOR,23.00,W,N,A,-,N,,,,,,,,,,Y,3,0,1,2,A,-,09,21804,A,N,D,C,A,A,H,-,A,A,0,,,,,Y,,A,07,0,1,0,0,0,0,0,0,0,"- ","- ",,,MONTEREY,MONTEREY,-121.9179506,36.610392900000001
6096918,2013,2014-03-05,9730,2013-06-08,1755,014800,,6,2,6,2708,0,1,2,,1,050,"RT 101","EAST MARKET ST",1056.00,N,N,A,-,Y,MON,5,101,-,-,87.500,H,-,N,Y,2,0,1,1,A,-,01,23152,A,N,E,I,A,A,H,-,A,D,1,,,,,Y,Y,D,22,1,0,0,0,0,0,0,0,0,"- ","- ",,,MONTEREY,SALINAS,-121.6424906,36.680881599999999
6096923,2013,2014-03-06,9730,2013-06-03,1539,12332,,1,2,9,2700,0,2,4,,1,073,"SAN MIGUEL CANYON RD","STRAWBERRY RD",2112.00,N,N,A,-,N,,,,,,,,,,Y,4,0,1,2,A,-,09,21804,A,N,D,C,A,A,H,-,A,D,0,,,,Y,Y,,A,01,0,0,1,0,0,0,0,0,0,"- ","- ",,,MONTEREY,UNINCORPORATED,-121.6900539,36.849241300000003
6096946,2013,2014-03-01,9730,2013-05-28,0715,20576,,2,1,9,2700,0,2,4,,2,063,"BLANCO RD","RESERVATION RD",40.00,E,N,B,-,N,,,,,,,,,,N,4,0,1,2,A,-,07,21658,A,N,B,C,A,B,H,-,A,D,0,,,,,Y,,A,07,0,0,1,0,0,0,0,0,0,"- ","- ",,,MONTEREY,UNINCORPORATED,-121.7566944,36.666849900000003
6097315,2013,2014-03-01,2706,2013-06-03,1229,505,,1,5,4,2706,0,0,0,,0,003,"N FREMONT",HANNON,0.00,,Y,A,-,N,,,,,,,,,,N,4,0,1,3,A,-,03,22350,,N,C,C,A,A,H,-,A,D,0,,,,,Y,,D,22,0,0,1,0,0,0,0,0,0,"- ","- ",,,MONTEREY,MONTEREY,-121.8545429,36.597515000000001
6098252,2013,2014-02-28,2706,2013-05-24,1507,755,MONTE,5,5,4,2706,0,0,0,,0,001,LIGHTHOUSE,PRESCOTT,120.00,S,N,A,-,N,,,,,,,,,,N,4,0,2,2,A,-,03,22350,,N,C,C,A,A,H,-,A,D,0,,,,,Y,,A,01,0,0,2,0,0,0,0,0,0,"- ","- ",,,MONTEREY,MONTEREY,-121.9023947,36.614401399999998
6098256,2013,2014-02-28,2706,2013-05-25,2037,103,PD,6,5,4,2706,0,0,0,,0,003,"RT 68","JOSSELYN CANYON RD",1320.00,W,N,B,-,Y,MON,5,68,-,-,4.970,H,-,W,Y,4,0,1,2,A,-,09,21804,A,N,C,C,A,A,H,-,D,D,0,,,,,Y,,A,01,0,0,1,0,0,0,0,0,0,"- ","- ",,,MONTEREY,MONTEREY,-121.86112679999999,36.5853775
6098260,2013,2014-02-28,2706,2013-05-25,1050,191,,6,5,4,2706,0,0,0,,0,003,"RT 68",OLMSTEAD,0.00,,Y,A,-,Y,MON,5,68,-,-,5.570,I,5,W,Y,3,0,2,2,A,-,12,21453,A,N,D,C,A,A,H,-,A,A,0,,,,,Y,,A,01,0,1,1,0,0,0,0,0,0,"- ","- ",,,MONTEREY,MONTEREY,-121.8497529,36.583974900000001
6098264,2013,2014-02-28,2706,2013-05-28,1013,221,,2,5,4,2706,0,0,0,,0,003,AGUAJITO,"FARRAGUT RD",0.00,,Y,A,-,N,,,,,,,,,,N,3,0,1,1,A,-,21,22106,,N,H,I,A,A,H,-,A,D,0,,,,,Y,,-,"- ",0,1,0,0,0,0,0,0,0,"- ","- ",,,MONTEREY,MONTEREY,-121.874633,36.586314899999998
6098268,2013,2014-02-28,2706,2013-05-14,1030,191,MPD,2,5,4,2706,0,0,0,,0,002,WASHINGTON,"DEL MONTE",0.00,,Y,B,-,N,,,,,,,,,,Y,3,0,2,2,A,-,12,21453,A,N,A,C,A,A,H,-,A,A,0,,,,,Y,,A,01,0,1,1,0,0,0,0,0,0,"- ","- ",,,MONTEREY,MONTEREY,-121.8922529,36.6006249
6098998,2013,2014-03-01,2708,2013-05-20,1530,18355,2708,1,5,6,2708,0,0,0,,0,009,"JOHN ST","SOUTH MAIN ST",50.00,E,N,A,-,Y,MON,5,68,-,-,21.080,H,-,E,N,3,0,1,2,A,-,09,21804,A,N,D,G,A,A,H,-,A,D,0,,Y,,,Y,,-,"- ",0,1,0,0,0,0,1,0,0,"- ","- ",,,MONTEREY,SALINAS,-121.6546934,36.670919300000001
6098999,2013,2014-03-01,2708,2013-05-20,1051,82582,,1,5,6,2708,0,0,0,,0,006,"NORTH DAVIS RD","WESTRIDGE PKWY",528.00,S,N,A,-,N,,,,,,,,,,Y,4,0,1,2,A,-,08,22107,,N,C,C,A,A,H,-,A,D,0,,,,,Y,,-,"- ",0,0,1,0,0,0,0,0,0,"- ","- ",,,MONTEREY,SALINAS,0,0
6099000,2013,2014-03-01,2708,2013-05-25,0949,99504,,6,5,6,2708,0,0,0,,0,001,"E BOLIVAR","SOTO PL",10.00,W,N,A,-,N,,,,,,,,,,Y,4,0,1,2,A,-,09,21804,A,N,B,C,A,A,H,-,A,D,0,,,,,Y,,-,"- ",0,0,1,0,0,0,0,0,0,"- ","- ",,,MONTEREY,SALINAS,-121.65527710000001,36.725004900000002
6088831,2013,2014-10-29,2704,2013-04-17,1642,07178,,3,5,3,2704,0,0,0,,0,004,"ELM AV","6TH ST",10.00,S,N,A,-,N,,,,,,,,,,N,3,0,1,2,A,-,05,21650,1,N,A,G,A,A,H,-,A,D,0,,Y,,,Y,,L,04,0,1,0,0,0,0,1,0,0,"- ","- ",,,MONTEREY,GREENFIELD,-121.2377508,36.319609300000003
6089651,2013,2014-02-28,9735,2013-05-21,1331,014691,,2,1,9,2700,0,1,2,,1,040,"RT 101","ARROYO SECO RD",479.00,S,N,A,-,Y,MON,5,101,-,-,60.310,H,-,N,Y,3,0,1,2,A,-,08,22107,,F,F,A,A,A,H,-,A,D,4,,,,Y,Y,,A,01,0,1,0,0,0,0,0,0,0,"- ","- ",36.400680000000001,-121.31469,MONTEREY,UNINCORPORATED,-121.315386,36.401784399999997
6091686,2013,2014-02-25,2708,2013-05-23,1507,18355,2708,4,5,6,2708,0,0,0,,0,002,"HARDEN PKWY",ALVIN,600.00,N,N,A,-,N,,,,,,,,,,N,3,0,1,2,A,-,03,22350,,N,C,E,A,A,H,-,A,D,0,,Y,,,Y,,L,04,0,1,0,0,0,0,1,0,0,"- ","- ",,,MONTEREY,SALINAS,0,0
6091690,2013,2014-02-26,2708,2013-05-25,1651,30350,,6,5,6,2708,0,0,0,,0,012,"EAST LAUREL DR","1ST AV",0.00,,Y,A,-,N,,,,,,,,,,Y,4,0,2,2,A,-,09,21801,A,N,A,C,A,A,H,-,A,D,0,,,,,Y,,-,"- ",0,0,2,0,0,0,0,0,0,"- ","- ",,,MONTEREY,SALINAS,-121.615663,36.676744999999997
6091702,2013,2014-02-26,2708,2013-05-30,1815,71595,,4,5,6,2708,0,0,0,,0,,"MONTEREY ST","E ALISAL",300.00,N,N,A,-,N,,,,,,,,,,Y,4,0,1,2,A,-,09,21804,A,N,A,A,A,A,H,-,A,A,0,,,,,Y,,-,"- ",0,0,1,0,0,0,0,0,0,"- ","- ",,,MONTEREY,SALINAS,-121.65393349999999,36.674747400000001
6091706,2013,2014-02-25,2708,2013-05-24,0724,71595,,5,5,6,2708,0,0,0,,0,012,"MONTE BELLA BL","TUSCANY BL",40.00,E,N,A,-,N,,,,,,,,,,Y,3,0,1,2,A,-,05,21650,,N,F,E,A,A,H,-,A,A,0,,,,,Y,Y,-,"- ",0,1,0,0,0,0,0,0,0,"- ","- ",,,MONTEREY,SALINAS,0,0
6091750,2013,2014-02-25,2708,2013-05-29,0855,19253,,3,5,6,2708,0,0,0,,0,008,"GRIFFIN ST","IVY ST",0.00,,Y,A,-,N,,,,,,,,,,Y,4,0,1,1,C,-,18,,,N,-,I,A,A,H,-,A,A,0,,,,,Y,,-,"- ",0,0,1,0,0,0,0,0,0,"- ","- ",,,MONTEREY,SALINAS,-121.6442729,36.677804999999999
6091754,2013,2014-02-26,2708,2013-05-31,0558,49532,,5,5,6,2708,0,0,0,,0,005,"PACHECO ST","TRAZADO AV",0.00,,Y,A,-,N,,,,,,,,,,Y,4,0,1,2,A,-,09,21800,A,N,D,C,A,A,H,-,A,D,0,,,,,Y,,-,"- ",0,0,1,0,0,0,0,0,0,"- ","- ",,,MONTEREY,SALINAS,-121.6390629,36.699475
6091758,2013,2014-02-25,2708,2013-05-15,1512,19595,,3,5,6,2708,0,0,0,,0,008,"RT 101","E MARKET",0.00,,Y,A,-,N,,,,,,,,,,N,4,0,1,2,A,-,10,21950,A,N,G,B,D,A,H,-,A,D,0,Y,,,,Y,,-,"- ",0,0,1,0,1,0,0,0,0,"- ","- ",,,MONTEREY,SALINAS,-121.641553,36.677765000000001
6108279,2013,2014-03-06,2706,2013-06-18,1948,638,MONTE,2,5,4,2706,0,0,0,,0,003,AGUAJITO,"MARK THOMAS",0.00,,Y,B,-,N,,,,,,,,,,N,4,0,1,2,A,-,09,21801,A,N,D,C,A,A,H,-,A,A,0,,,,,Y,,A,01,0,0,1,0,0,0,0,0,0,"- ","- ",,,MONTEREY,MONTEREY,0,0
6108283,2013,2014-03-06,2706,2013-06-10,1505,590,MONTE,1,5,4,2706,0,0,0,,0,002,FIGUEROA,"DEL MONTE",189.00,W,N,B,-,N,,,,,,,,,,N,4,0,1,2,A,-,09,21804,A,N,D,G,A,A,H,-,A,D,0,,Y,,,Y,,L,04,0,0,1,0,0,0,1,0,0,"- ","- ",,,MONTEREY,MONTEREY,-121.8901274,36.599711200000002
6108287,2013,2014-03-06,2706,2013-06-19,1117,505,2706,3,5,4,2706,0,0,0,,0,001,LIGHTHOUSE,HOFFMAN,46.00,N,N,A,-,N,,,,,,,,,,N,4,0,1,2,A,-,03,22350,,N,-,C,A,A,H,-,A,A,0,,,,,Y,,A,08,0,0,1,0,0,0,0,0,0,"- ","- ",,,MONTEREY,MONTEREY,-121.90175050000001,36.613629699999997
6099422,2013,2014-03-22,2708,2013-05-24,1106,18472,,5,5,6,2708,0,0,0,,0,2L8,"PAJARO ST","E SAN LUIS  ST",0.00,,Y,A,-,N,,,,,,,,,,Y,4,0,2,2,A,-,03,22350,,N,C,C,A,A,H,-,A,A,0,,,,,Y,,-,"- ",0,0,2,0,0,0,0,0,0,"- ","- ",,,MONTEREY,SALINAS,-121.65229290000001,36.672285000000002
6099423,2013,2014-03-06,2708,2013-05-06,0127,25182,,1,5,6,2708,0,0,0,,0,011,"BERNARDO AV","FREEDOM PKWY",10.00,S,N,A,-,N,,,,,,,,,,Y,4,0,1,4,A,-,08,22100,B,N,C,E,A,A,H,-,C,D,0,,,,,Y,,-,"- ",0,0,1,0,0,0,0,0,0,"- ","- ",,,MONTEREY,SALINAS,-121.6026481,36.694116399999999
6099424,2013,2014-03-06,2708,2013-05-24,2210,31967,SALIN,5,5,6,2708,0,0,0,,0,008,"COMMISSION ST","PEACH ST",0.00,,Y,A,-,N,,,,,,,,,,Y,3,0,1,1,A,-,08,22100,A,N,A,I,A,A,H,-,C,D,0,,,,,Y,,-,"- ",0,1,0,0,0,0,0,0,0,"- ","- ",,,MONTEREY,SALINAS,-121.64755289999999,36.677905000000003
6099425,2013,2014-03-06,2708,2013-05-21,1644,56413,SALIN,2,5,6,2708,0,0,0,,0,005,TYLER,HARDING,200.00,S,N,A,-,N,,,,,,,,,,N,4,0,1,2,A,-,05,21650,1,N,D,C,A,A,H,-,A,D,0,,Y,,,Y,,L,04,0,0,1,0,0,0,1,0,0,"- ","- ",,,MONTEREY,SALINAS,-121.6588711,36.696790100000001
6100567,2013,2014-03-06,9730,2013-05-15,1420,012079,,3,2,9,2700,0,1,3,,1,012,"RT 1","WILD CATTLE CREEK BRIDGE",4752.00,S,N,A,-,Y,MON,5,1,-,-,16.420,H,-,N,Y,3,0,1,1,A,-,08,22107,,N,E,I,A,A,H,-,A,D,0,,,,,Y,,A,01,0,1,0,0,0,0,0,0,0,"- ","- ",,,MONTEREY,UNINCORPORATED,-121.4814628,35.955314999999999
6100571,2013,2014-03-06,9730,2013-05-29,0910,012079,,3,1,9,2700,0,1,3,,1,014,"RT 1","HURRICANE POINT",200.00,S,N,F,-,Y,MON,5,1,-,-,58.280,H,-,S,Y,2,0,1,1,A,-,03,22350,,N,E,I,A,A,H,-,A,D,0,,,Y,,Y,,C,02,1,0,0,0,0,0,0,0,1,"- ","- ",,,MONTEREY,UNINCORPORATED,-121.9024524,36.357611800000001
6100575,2013,2014-03-06,9730,2013-05-29,1350,015014,,3,1,4,2710,0,1,3,,2,062,"RT 1","CALIFORNIA AV",1056.00,N,N,A,-,Y,MON,5,1,-,R,80.950,H,-,S,Y,4,0,2,4,A,-,03,22350,,N,C,C,A,A,H,-,A,D,1,,,,,Y,,A,01,0,0,2,0,0,0,0,0,0,"- ","- ",36.63064,-121.83632,MONTEREY,SEASIDE,-121.8384054,36.628072799999998
6100579,2013,2014-03-06,9730,2013-05-20,1300,015638,,1,1,9,2700,0,3,5,,2,005,"VIERRA CANYON RD","RT 101",135.00,E,N,A,-,Y,MON,5,101,-,-,95.572,R,3,S,Y,4,0,1,1,A,-,08,22107,,N,E,I,A,A,H,-,A,D,5,,,,,Y,,A,01,0,0,1,0,0,0,0,0,0,"- ","- ",,,MONTEREY,UNINCORPORATED,-121.66717939999999,36.791242599999997
6100583,2013,2014-03-06,9730,2013-05-29,1620,20576,,3,2,9,2700,0,2,4,,2,063,"BLANCO RD","ARMSTRONG RD",5280.00,W,N,A,-,N,,,,,,,,,,Y,4,0,1,2,A,-,03,22350,,N,C,C,A,A,H,-,A,D,0,,,,,Y,,A,01,0,0,1,0,0,0,0,0,0,"- ","- ",,,MONTEREY,UNINCORPORATED,-121.72596179999999,36.678644900000002
6100587,2013,2014-03-06,9730,2013-05-25,1906,019323,,6,2,9,2700,0,1,3,,1,012,"RT 1","THE BILL TALMAGE WY",5280.00,S,N,A,-,Y,MON,5,1,-,-,20.680,H,-,S,Y,2,0,1,1,A,-,08,22107,,N,F,A,A,A,H,-,A,A,0,,,Y,,Y,,C,02,1,0,0,0,0,0,0,0,1,"- ","- ",36.014490000000002,-121.52582,MONTEREY,UNINCORPORATED,-121.51473230000001,36.0079092
6100591,2013,2014-03-06,9730,2013-05-25,1750,020233,,6,2,9,2700,0,3,5,,2,005,"SAN JUAN GRADE RD","AUGUSTA DR",528.00,S,N,A,-,N,,,,,,,,,,Y,4,0,2,2,A,-,03,22350,,N,C,C,A,A,H,-,A,D,0,,,,,Y,,A,01,0,0,2,0,0,0,0,0,0,"- ","- ",,,MONTEREY,UNINCORPORATED,-121.6294338,36.743803999999997
6108291,2013,2014-03-06,2706,2013-06-19,1250,772,MONTE,3,5,4,2706,0,0,0,,0,002,ABREGO,FREMONT,0.00,,Y,A,-,N,,,,,,,,,,Y,3,0,1,3,A,-,09,21801,A,N,D,C,A,A,H,-,A,A,0,,,,,Y,,A,07,0,1,0,0,0,0,0,0,0,"- ","- ",,,MONTEREY,MONTEREY,-121.89213290000001,36.595205
6109029,2013,2014-02-28,2708,2013-06-06,1229,13472,,4,5,6,2708,0,0,0,,0,005,"NAVAJO DR","NORTH MAIN ST",0.00,,Y,A,-,N,,,,,,,,,,N,4,0,1,2,A,-,10,21950,A,N,G,B,B,A,H,-,A,A,0,Y,,,,Y,,-,"- ",0,0,1,0,1,0,0,0,0,"- ","- ",,,MONTEREY,SALINAS,-121.6533029,36.705624899999997
6109033,2013,2014-02-28,2708,2013-06-02,1350,28920,SALIN,7,5,6,2708,0,0,0,,0,007,"BLANCO RD","RIKER ST",0.00,,Y,A,-,N,,,,,,,,,,Y,3,0,2,2,A,-,12,21453,A,N,D,C,A,A,H,-,A,A,0,,,,,Y,,-,"- ",0,2,0,0,0,0,0,0,0,"- ","- ",,,MONTEREY,SALINAS,-121.6650829,36.658724999999997
6109443,2013,2014-02-27,9730,2013-06-14,1545,19700,,5,2,9,2700,0,3,5,,2,006,"ESPINOSA RD","RT 101",528.00,W,N,A,-,N,,,,,,,,,,N,4,0,1,2,A,-,03,22350,,N,C,C,A,A,H,-,A,D,0,,,,,Y,,A,01,0,0,1,0,0,0,0,0,0,"- ","- ",,,MONTEREY,UNINCORPORATED,-121.6590035,36.735235500000002
6109447,2013,2014-02-27,9730,2013-06-15,0500,14800,,6,3,9,2700,0,3,5,,2,005,"SAN JUAN GRADE RD","ROGGE RD",2640.00,N,N,A,-,N,,,,,,,,,,Y,3,0,1,1,A,-,01,23152,A,N,E,I,A,A,H,-,D,D,0,,,,,Y,Y,A,07,0,1,0,0,0,0,0,0,0,"- ","- ",,,MONTEREY,UNINCORPORATED,-121.6319601,36.740855600000003
6109451,2013,2014-02-27,9730,2013-06-08,1700,19635,,6,2,6,2708,0,1,2,,1,050,"RT 101","MAIN ST",200.00,S,N,A,-,Y,MON,5,101,-,R,88.250,H,-,S,Y,3,0,2,2,A,-,07,21658,A,F,B,C,A,A,H,-,A,D,1,,,,,Y,,-,99,0,1,1,0,0,0,0,0,0,"- ","- ",36.683320000000002,-121.64593000000001,MONTEREY,SALINAS,-121.6539229,36.687484900000001
6109455,2013,2014-02-27,9730,2013-06-07,0725,20600,,5,1,9,2700,0,3,5,,2,007,"SALINAS RD","SAN JUAN RD",220.00,S,N,B,-,N,,,,,,,,,,Y,4,0,1,2,A,-,09,21804,A,N,D,C,A,A,H,-,A,D,0,,,,,Y,,A,01,0,0,1,0,0,0,0,0,0,"- ","- ",,,MONTEREY,UNINCORPORATED,-121.74835849999999,36.903791200000001
6109459,2013,2014-02-27,9730,2013-06-11,0730,13024,,2,1,9,2700,0,1,3,,1,066,"RT 183","MONTEREY ST",16.00,S,N,A,-,Y,MON,5,183,-,R,8.740,H,-,N,Y,3,0,1,2,A,-,08,21460,5,N,D,C,A,A,H,-,A,A,0,,,Y,,Y,,C,02,0,1,0,0,0,0,0,0,1,"- ","- ",,,MONTEREY,UNINCORPORATED,-121.7484836,36.758670899999998
6109463,2013,2014-02-27,9730,2013-06-06,1647,19934,,4,2,9,2700,0,3,5,,2,005,"CRAZY HORSE CANYON RD","DUMP RD",150.00,W,N,A,-,N,,,,,,,,,,Y,3,0,1,1,A,-,08,22107,,N,E,I,A,A,H,-,A,D,0,,,,,Y,,A,07,0,1,0,0,0,0,0,0,0,"- ","- ",,,MONTEREY,UNINCORPORATED,-121.6150317,36.801972999999997
6109543,2013,2014-02-27,9730,2013-06-16,1959,17020,,7,2,9,2700,0,1,2,,1,030,"RT 101","POTTER RD",528.00,S,N,B,-,Y,MON,5,101,-,-,80.190,H,-,N,Y,3,0,3,2,A,-,01,23152,A,N,C,C,A,A,H,-,A,D,5,,,,,Y,Y,A,01,0,1,2,0,0,0,0,0,0,"- ","- ",,,MONTEREY,UNINCORPORATED,-121.55539829999999,36.604380800000001
6109773,2013,2014-03-11,9730,2013-06-18,0650,12332,,2,1,9,2700,0,2,4,,1,075,"SAN JUAN RD","MURPHY RD",0.00,,Y,B,-,N,,,,,,,,,,N,4,0,1,2,A,-,09,21802,A,F,B,C,A,A,H,-,A,A,0,,,,,Y,,D,22,0,0,1,0,0,0,0,0,0,"- ","- ",,,MONTEREY,UNINCORPORATED,-121.67611290000001,36.8964249
6110527,2013,2014-02-28,2706,2013-05-23,1722,857,MONTE,4,5,4,2706,0,0,0,,0,001,FOAM,MCCLELLAN,0.00,,Y,A,-,N,,,,,,,,,,N,3,0,1,2,A,-,08,22100,B,N,B,C,A,A,H,-,A,A,0,,,Y,,Y,,A,07,0,1,0,0,0,0,0,0,1,"- ","- ",,,MONTEREY,MONTEREY,-121.89998300000001,36.612944900000002
6100595,2013,2014-03-06,9730,2013-05-29,1210,012079,,3,1,9,2700,0,1,3,,1,012,"RT 1","BIG CREEK BR",4752.00,N,N,A,-,Y,MON,5,1,-,-,28.910,H,-,S,N,2,0,2,2,A,-,03,22350,,N,C,C,A,A,H,-,A,D,0,,,Y,,Y,,C,02,1,0,1,0,0,0,0,0,2,"- ","- ",,,MONTEREY,UNINCORPORATED,-121.61165250000001,36.080258000000001
6100728,2013,2014-03-01,9730,2013-06-06,0800,20576,,4,1,9,2700,0,3,5,,2,007,"PRUNEDALE NORTH RD","COUNTRYSIDE CT",0.00,,Y,A,-,N,,,,,,,,,,Y,4,0,1,2,A,-,09,21800,B,N,D,C,A,A,H,-,A,D,0,,,,,Y,,A,01,0,0,1,0,0,0,0,0,0,"- ","- ",,,MONTEREY,UNINCORPORATED,-121.667333,36.795205000000003
6100732,2013,2014-03-01,9730,2013-06-05,1540,20576,,3,2,9,2700,0,2,4,,1,075,"SAN JUAN RD","SAN MIGUEL CANYON RD",12.00,E,N,A,-,N,,,,,,,,,,Y,4,0,1,2,A,-,03,22350,,N,C,C,A,A,H,-,A,D,0,,,,,Y,,A,01,0,0,1,0,0,0,0,0,0,"- ","- ",,,MONTEREY,UNINCORPORATED,-121.69051519999999,36.900002100000002
6100736,2013,2014-03-01,9730,2013-06-09,0520,14800,,7,3,9,2700,0,1,3,,1,068,"RT 68","SAN BENANCIO RD",528.00,E,N,A,-,Y,MON,5,68,-,-,13.430,H,-,E,Y,3,0,1,1,A,-,01,23152,A,N,E,I,A,A,H,-,C,D,0,,,,,Y,Y,A,01,0,1,0,0,0,0,0,0,0,"- ","- ",36.58061,-121.71915,MONTEREY,UNINCORPORATED,-121.71918700000001,36.580646799999997
6100740,2013,2014-03-01,9730,2013-06-02,2120,20246,,7,2,9,2700,0,1,2,,1,070,"RT 101","SALA RD",0.00,,N,B,-,Y,MON,5,101,-,-,92.190,H,-,N,Y,4,0,1,1,A,-,03,22350,,M,E,I,A,A,D,-,D,D,5,,,,,Y,Y,A,01,0,0,1,0,0,0,0,0,0,TO,"- ",,,MONTEREY,UNINCORPORATED,-121.6589063,36.740068100000002
6100744,2013,2014-03-01,9730,2013-06-05,0845,20576,,3,1,9,2700,0,1,2,,1,070,"RT 101","DUNBARTON RD",1000.00,N,N,A,-,Y,MON,5,101,-,-,100.550,H,-,S,Y,3,0,1,1,A,-,08,22107,,N,F,A,A,A,H,-,A,D,5,,,,,Y,,A,01,0,1,0,0,0,0,0,0,0,"- ","- ",36.849139999999998,-121.63634,MONTEREY,UNINCORPORATED,-121.63581859999999,36.847629400000002
6100748,2013,2014-03-01,9730,2013-06-06,1800,18966,,4,2,9,2700,0,1,3,,1,068,"RT 68","CORRAL DE TIERRA",850.00,E,N,A,-,Y,MON,5,68,-,-,13.110,H,-,E,Y,4,0,1,2,A,-,03,22350,,N,C,C,A,A,H,-,A,D,0,,,,,Y,,A,01,0,0,1,0,0,0,0,0,0,"- ","- ",36.578740000000003,-121.72463,MONTEREY,UNINCORPORATED,-121.7242931,36.5788078
6100795,2013,2014-03-01,9735,2013-06-09,1205,16696,,7,1,9,2700,0,3,5,,2,001,"MILE END RD","COLONY RD",2112.00,W,N,A,-,N,,,,,,,,,,N,2,0,1,2,A,-,21,22106,,N,G,B,E,A,H,-,A,D,0,Y,,,,Y,,A,01,1,0,0,0,1,0,0,0,0,"- ","- ",36.392539999999997,-121.35111000000001,MONTEREY,UNINCORPORATED,0,0
6100799,2013,2014-03-01,9735,2013-06-10,1503,14691,,1,2,9,2700,0,3,5,,2,001,"FOOTHILL RD","COLONY RD",21.00,N,N,A,-,N,,,,,,,,,,Y,4,0,1,2,A,-,09,21801,A,N,A,C,A,A,H,-,A,D,0,,,,,Y,Y,A,07,0,0,1,0,0,0,0,0,0,"- ","- ",36.387720000000002,-121.36227,MONTEREY,UNINCORPORATED,-121.3621686,36.387630999999999
6100880,2013,2014-03-03,9735,2013-06-02,1625,019014,,7,2,9,2700,0,3,5,,2,002,"JOLON RD","MISSION RD",4752.00,S,N,A,-,N,,,,,,,,,,Y,3,0,2,1,A,-,08,22107,,N,F,A,A,A,H,-,A,D,0,,,,,Y,,A,08,0,1,1,0,0,0,0,0,0,"- ","- ",35.962029999999999,-121.16503,MONTEREY,UNINCORPORATED,-121.1658801,35.962535699999997
6103542,2013,2014-03-06,9735,2013-05-27,0005,19894,,1,3,9,2700,0,2,4,,1,021,"JOLON RD","RT 101",12144.00,N,N,A,-,Y,,,,,,,,,,Y,2,0,2,1,A,-,08,22107,,N,F,A,A,A,H,-,C,D,0,,,,,Y,,A,07,1,0,1,0,0,0,0,0,0,"- ","- ",35.88232,-120.90646,MONTEREY,UNINCORPORATED,0,0
6075434,2013,2014-02-19,2706,2013-04-27,0052,335,MONTE,6,5,4,2706,0,0,0,,0,001,LIGHTHOUSE,"PRIVATE BOLIO",90.00,S,N,A,-,N,,,,,,,,,,Y,4,0,1,1,A,-,08,22107,,N,F,A,A,A,H,-,C,D,0,,,Y,,Y,Y,C,02,0,0,1,0,0,0,0,0,1,"- ","- ",,,MONTEREY,MONTEREY,-121.89701580000001,36.608275999999996
6075594,2013,2014-02-15,2706,2013-04-22,1126,250,MONTE,1,5,4,2706,0,0,0,,0,002,PACIFIC,ALAMEDA,0.00,,Y,A,-,N,,,,,,,,,,N,4,0,1,2,A,-,05,21650,,N,D,C,A,A,H,-,A,D,0,,,,,Y,,A,01,0,0,1,0,0,0,0,0,0,"- ","- ",,,MONTEREY,MONTEREY,-121.9006929,36.588714899999999
6124921,2013,2014-03-04,2709,2013-06-29,1730,268,2703,6,5,1,2709,0,0,0,,0,ALL,"TIOGA AV","SAND DUNES DR",0.00,,N,A,-,N,,,,,,,,,,N,4,0,1,2,A,-,"- ",,,N,C,C,A,A,H,-,A,-,0,,,,,Y,,-,"- ",0,0,1,0,0,0,0,0,0,"- ","- ",,,MONTEREY,"SAND CITY",-121.84930300000001,36.618094999999997
6124945,2013,2014-03-04,2708,2013-06-24,0700,13472,,1,5,6,2708,0,0,0,,0,2L1,"NORTH MAIN ST","EAST BORONDA RD",1584.00,,N,A,-,N,,,,,,,,,,N,4,0,1,2,A,-,08,22107,,F,-,G,A,B,H,-,A,A,0,,Y,,,Y,Y,-,"- ",0,0,1,0,0,0,1,0,0,"- ","- ",,,MONTEREY,SALINAS,0,0