CASE_ID,ACCIDENT_YEAR,PROC_DATE,JURIS,COLLISION_DATE,COLLISION_TIME,OFFICER_ID,REPORTING_DISTRICT,DAY_OF_WEEK,CHP_SHIFT,POPULATION,CNTY_CITY_LOC,SPECIAL_COND,BEAT_TYPE,CHP_BEAT_TYPE,CITY_DIVISION_LAPD,CHP_BEAT_CLASS,BEAT_NUMBER,PRIMARY_RD,SECONDARY_RD,DISTANCE,DIRECTION,INTERSECTION,WEATHER_1,WEATHER_2,STATE_HWY_IND,CALTRANS_COUNTY,CALTRANS_DISTRICT,STATE_ROUTE,ROUTE_SUFFIX,POSTMILE_PREFIX,POSTMILE,LOCATION_TYPE,RAMP_INTERSECTION,SIDE_OF_HWY,TOW_AWAY,COLLISION_SEVERITY,NUMBER_KILLED,NUMBER_INJURED,PARTY_COUNT,PRIMARY_COLL_FACTOR,PCF_CODE_OF_VIOL,PCF_VIOL_CATEGORY,PCF_VIOLATION,PCF_VIOL_SUBSECTION,HIT_AND_RUN,TYPE_OF_COLLISION,MVIW,PED_ACTION,ROAD_SURFACE,ROAD_COND_1,ROAD_COND_2,LIGHTING,CONTROL_DEVICE,CHP_ROAD_TYPE,PEDESTRIAN_ACCIDENT,BICYCLE_ACCIDENT,MOTORCYCLE_ACCIDENT,TRUCK_ACCIDENT,NOT_PRIVATE_PROPERTY,ALCOHOL_INVOLVED,STWD_VEHTYPE_AT_FAULT,CHP_VEHTYPE_AT_FAULT,COUNT_SEVERE_INJ,COUNT_VISIBLE_INJ,COUNT_COMPLAINT_PAIN,COUNT_PED_KILLED,COUNT_PED_INJURED,COUNT_BICYCLIST_KILLED,COUNT_BICYCLIST_INJURED,COUNT_MC_KILLED,COUNT_MC_INJURED,PRIMARY_RAMP,SECONDARY_RAMP,LATITUDE,LONGITUDE,COUNTY,CITY,POINT_X,POINT_Y
6333145,2013,2014-05-12,9735,2013-11-27,1345,016696,,3,1,9,2700,0,1,2,,1,040,"RT 101","ARROYO SECO RD",2112.00,N,N,A,-,Y,MON,5,101,-,-,60.800,H,-,N,Y,3,0,1,2,A,-,03,22350,,N,C,C,A,A,H,-,A,D,0,,,,,Y,,A,01,0,1,0,0,0,0,0,0,0,"- ","- ",36.41133,-121.31979,MONTEREY,UNINCORPORATED,-121.31885339999999,36.408573799999999
6333171,2013,2014-05-13,2706,2013-11-27,1427,590,2706,3,5,4,2706,0,0,0,,0,003,"DEL MONTE AV","PARK AV",20.00,W,N,A,-,N,,,,,,,,,,N,4,0,1,2,A,-,03,22350,,N,C,C,A,A,H,-,A,D,0,,,,,Y,,A,01,0,0,1,0,0,0,0,0,0,"- ","- ",,,MONTEREY,MONTEREY,-121.8823611,36.599865999999999
6333175,2013,2014-05-13,2706,2013-11-30,0826,181,2706,6,5,4,2706,0,0,0,,0,001,"VETERANS DR","VIA DEL REY",0.00,W,N,A,-,N,,,,,,,,,,N,4,0,1,1,B,-,22,,,N,F,I,A,A,H,-,A,D,0,,Y,,,Y,,L,04,0,0,1,0,0,0,1,0,0,"- ","- ",,,MONTEREY,MONTEREY,0,0
6333179,2013,2014-05-13,2706,2013-11-29,1152,772,2706,5,5,4,2706,0,0,0,,0,002,"MUNRAS AV","SOLEDAD DR",1226.00,N,N,A,-,N,,,,,,,,,,Y,4,0,3,2,A,-,21,22106,,N,C,C,A,A,H,-,A,D,0,,,,,Y,,A,01,0,0,3,0,0,0,0,0,0,"- ","- ",,,MONTEREY,MONTEREY,-121.8999877,36.586387299999998
6333183,2013,2014-06-17,2706,2013-11-28,0211,031,,4,5,4,2706,0,0,0,,0,002,"PACIFIC ST","LOGAN LN",235.00,N,N,A,-,N,,,,,,,,,,Y,3,0,1,1,A,-,01,23153,A,N,F,J,A,A,H,-,B,D,0,,,,,Y,Y,A,01,0,1,0,0,0,0,0,0,0,"- ","- ",,,MONTEREY,MONTEREY,-121.89772739999999,36.594906700000003
6335091,2014,2016-03-05,9730,2014-01-09,1845,017803,,4,2,9,2700,0,1,2,,1,050,"RT 101","AIRPORT BL",2640.00,S,N,A,-,Y,MON,5,101,-,-,85.120,H,-,N,Y,3,0,1,1,A,-,08,22107,,N,F,A,A,A,H,-,D,D,5,,,,,Y,,D,22,0,1,0,0,0,0,0,0,0,"- ","- ",36.652459999999998,-121.61803,MONTEREY,UNINCORPORATED,-121.61873097,36.653869899999997
6335959,2013,2014-05-14,2706,2013-12-30,0749,250,2706,1,5,4,2706,0,0,0,,0,002,"FRANKLIN ST","CALLE PRINCIPAL",0.00,,Y,A,-,N,,,,,,,,,,Y,4,0,1,2,A,-,12,21453,A,N,D,C,A,A,H,-,A,A,0,,,,,Y,,A,01,0,0,1,0,0,0,0,0,0,"- ","- ",,,MONTEREY,MONTEREY,-121.894993,36.6000449
6336604,2014,2014-06-03,2712,2014-01-11,1607,687,2712,6,5,3,2712,0,0,0,,0,001,"DEL MONTE","PALM AV",303.00,S,N,B,-,N,,,,,,,,,,Y,4,0,1,2,A,-,"- ",,,N,C,C,A,B,H,-,A,D,0,,,,,Y,,A,07,0,0,1,0,0,0,0,0,0,"- ","- ",,,MONTEREY,MARINA,-121.80386,36.68327
6337146,2013,2014-12-04,2708,2013-11-22,1808,76956,,5,5,6,2708,0,0,0,,0,008,"EAST ALISAL ST","FRONT ST",50.00,E,N,A,-,N,,,,,,,,,,N,4,0,1,2,A,-,03,22350,,N,C,C,A,A,H,-,C,A,0,,,,,Y,,-,"- ",0,0,1,0,0,0,0,0,0,"- ","- ",,,MONTEREY,SALINAS,-121.649174,36.674633499999999
6337160,2013,2014-12-05,2708,2013-11-13,1755,54370,,3,5,6,2708,0,0,0,,0,009,"SOUTH MAIN ST",CHESTNUT,200.00,S,N,A,-,N,,,,,,,,,,N,4,0,1,2,A,-,05,21650,1,N,D,G,A,A,H,-,C,A,0,,Y,,,Y,,L,04,0,0,1,0,0,0,1,0,0,"- ","- ",,,MONTEREY,SALINAS,-121.65615750000001,36.667035900000002
6314282,2013,2014-05-14,2708,2013-12-12,1520,07904,,4,5,6,2708,0,0,0,,0,006,"NORTH DAVIS RD","WEST ROSSI ST",0.00,,Y,A,-,N,,,,,,,,,,Y,4,0,1,2,A,-,12,21453,A,N,D,C,A,A,H,-,A,A,0,,,,,Y,,-,"- ",0,0,1,0,0,0,0,0,0,"- ","- ",,,MONTEREY,SALINAS,-121.6718929,36.688374899999999
6314286,2013,2014-05-14,2708,2013-12-13,1714,07904,,5,5,6,2708,0,0,0,,0,008,"JOHN ST","FRONT ST",0.00,,Y,A,-,N,,,,,,,,,,N,3,0,1,2,A,-,05,21650,,N,H,G,A,A,H,-,C,D,0,,Y,,,Y,,L,04,0,1,0,0,0,0,1,0,0,"- ","- ",,,MONTEREY,SALINAS,-121.648573,36.669544899999998
6314850,2013,2014-05-20,2707,2013-11-28,1840,1967,2702,4,5,3,2707,0,0,0,,0,002,"BLOCKLIGHTHOUSE AV","FOREST AV",1.00,S,N,A,-,N,,,,,,,,,,Y,4,0,1,2,A,-,09,21800,A,N,D,C,A,A,H,-,C,D,0,,,,,Y,,A,01,0,0,1,0,0,0,0,0,0,"- ","- ",,,MONTEREY,"PACIFIC GROVE",0,0
6314866,2013,2014-05-20,2707,2013-11-26,1640,2108,2707,2,5,3,2707,0,0,0,,0,001,"FOREST AV","PRESIDIO BL",206.00,N,N,A,-,N,,,,,,,,,,Y,4,0,1,2,A,-,03,22350,,N,C,C,A,A,H,-,B,D,0,,,,,Y,,A,01,0,0,1,0,0,0,0,0,0,"- ","- ",,,MONTEREY,"PACIFIC GROVE",0,0
6314867,2013,2014-05-19,2706,2013-11-17,1131,394,2706,7,5,4,2706,0,0,0,,0,003,"DEL MONTE AV","CASA VERDE WY",0.00,,Y,A,-,N,,,,,,,,,,N,3,0,2,2,A,-,03,22350,,N,C,C,A,A,H,-,A,A,0,,,,,Y,,A,01,0,2,0,0,0,0,0,0,0,"- ","- ",,,MONTEREY,MONTEREY,-121.8665129,36.602175000000003
6314870,2013,2014-05-20,2707,2013-11-05,2045,1983,2707,2,5,3,2707,0,0,0,,0,002,"OCEAN VIEW BL","EARDLEY AV",16.00,W,N,A,-,N,,,,,,,,,,Y,4,0,1,1,A,-,01,23152,A,N,A,I,A,A,D,-,C,A,0,,,,,Y,Y,A,01,0,0,1,0,0,0,0,0,0,"- ","- ",,,MONTEREY,"PACIFIC GROVE",-121.90330400000001,36.618330999999998
6314875,2013,2014-05-19,2706,2013-11-20,1628,954,,3,5,4,2706,0,0,0,,0,,"SKYLINE DR","MAR VISTA DR",125.00,S,N,C,-,N,,,,,,,,,,N,4,0,1,2,A,-,09,21804,A,N,G,B,D,B,H,-,A,D,0,Y,,,,Y,,A,01,0,0,1,0,1,0,0,0,0,"- ","- ",,,MONTEREY,MONTEREY,-121.9160589,36.593596400000003
6315015,2013,2014-05-22,2706,2013-12-04,1722,590,2706,3,5,4,2706,0,0,0,,0,003,"RT 68","YORK RD",0.00,W,N,A,-,Y,MON,5,68,-,-,8.140,H,-,E,Y,4,0,1,2,A,-,03,22350,,N,C,C,A,A,H,-,D,D,0,,,,,Y,,A,01,0,0,1,0,0,0,0,0,0,"- ","- ",,,MONTEREY,MONTEREY,-121.8086354,36.571568499999998
6316946,2013,2014-06-17,2711,2013-12-20,0743,6111,2711,5,5,3,2711,0,0,0,,0,001,"MARKET ST","ENCINAL ST",0.00,,Y,A,-,N,,,,,,,,,,N,4,0,1,2,A,-,10,21950,A,N,G,B,B,A,H,-,A,D,0,Y,,,,Y,,A,01,0,0,1,0,1,0,0,0,0,"- ","- ",,,MONTEREY,SOLEDAD,-121.32829289999999,36.429634999999998
6318426,2014,2014-06-03,9730,2014-01-04,1620,019635,,6,2,9,2700,0,2,4,,1,073,"SAN MIGUEL CANYON RD","CASTROVILLE BL",0.00,,Y,A,-,N,,,,,,,,,,Y,4,0,4,3,A,-,09,21801,A,N,D,C,A,A,H,-,A,D,0,,,,,Y,,A,07,0,0,4,0,0,0,0,0,0,"- ","- ",36.80829,-121.67232,MONTEREY,UNINCORPORATED,-121.67190992,36.808400069999998
6318438,2014,2016-01-14,9730,2014-01-04,1340,019569,,6,1,9,2700,0,1,3,,1,014,"RT 1","MILE POST 43.90",528.00,S,N,A,-,Y,MON,5,1,-,-,43.800,H,-,S,Y,4,0,1,2,A,-,01,23152,A,N,B,C,A,A,H,-,A,D,0,,,,,Y,Y,D,22,0,0,1,0,0,0,0,0,0,"- ","- ",36.222329999999999,-121.75894,MONTEREY,UNINCORPORATED,-121.75670147,36.221783250000001
6318561,2013,2014-05-14,9730,2013-12-31,1430,12332,,2,2,9,2700,0,3,5,,2,005,"SAN JUAN GRADE RD","CRAZY HORSE CANYON RD",800.00,S,N,A,-,N,,,,,,,,,,Y,4,0,2,2,A,-,03,22350,,N,C,C,A,A,H,-,A,D,0,,,,,Y,,A,01,0,0,2,0,0,0,0,0,0,"- ","- ",,,MONTEREY,UNINCORPORATED,-121.6051302,36.771766300000003
6342907,2013,2014-05-14,2711,2013-11-16,0539,8972,SLPD,6,5,3,2711,0,0,0,,0,001,"BENITO ST","CESAR CHAVEZ ST",0.00,,Y,A,-,N,,,,,,,,,,Y,3,0,1,3,A,-,08,22107,,N,D,D,A,A,H,-,C,D,0,,,,,Y,,A,01,0,1,0,0,0,0,0,0,0,"- ","- ",,,MONTEREY,SOLEDAD,0,0
6342958,2013,2014-04-26,2707,2013-10-17,1300,1762,,4,5,3,2707,0,0,0,,0,002,"OCEAN VIEW BL","100 OCEAN VIEW BL",21.00,N,N,A,-,N,,,,,,,,,,N,4,0,1,2,A,-,05,21752,,N,B,C,A,A,H,-,A,D,0,,Y,,,Y,Y,L,04,0,0,1,0,0,0,1,0,0,"- ","- ",,,MONTEREY,"PACIFIC GROVE",0,0
6343541,2016,2016-03-28,2703,2016-03-11,1919,7248,2703,5,5,2,2703,0,0,0,,0,ALL,"ALTA ST","C ST",0.00,S,N,B,-,N,,,,,,,,,,Y,4,0,1,3,A,-,01,23153,A,M,A,C,A,B,H,-,C,D,0,,,,,Y,Y,A,08,0,0,1,0,0,0,0,0,0,"- ","- ",,,MONTEREY,GONZALES,-121.43977988,36.501970100000001
6346579,2014,2014-06-04,2712,2014-01-15,1718,274,,3,5,3,2712,0,0,0,,0,001,"DEL MONTE BL","PALM AV",0.00,,Y,A,-,N,,,,,,,,,,N,4,0,1,2,A,-,09,21453,C,F,D,G,A,A,H,-,A,A,0,,Y,,,Y,,A,01,0,0,1,0,0,0,1,0,0,"- ","- ",,,MONTEREY,MARINA,-121.80367993999999,36.683450039999997
6346616,2014,2014-06-04,2701,2014-01-18,1430,5374,MSCS,6,5,2,2701,0,0,0,,0,ALL,"SAN ANTONIO AV","12TH AV",0.00,,Y,A,-,N,,,,,,,,,,N,3,0,1,2,A,-,11,21954,A,N,D,C,D,A,H,-,A,D,0,Y,,Y,,Y,,N,60,0,1,0,0,1,0,0,0,0,"- ","- ",,,MONTEREY,CARMEL,-121.92777986999999,36.54763011
6346992,2013,2014-05-20,2704,2013-12-18,0801,5546,2704,3,5,3,2704,0,0,0,,0,002,"WALNUT AV","WALNUT AV 800",0.00,,N,A,-,N,,,,,,,,,,N,4,0,1,2,A,-,11,21950,B,N,H,B,C,A,H,-,A,D,0,Y,,,,Y,,N,60,0,0,1,0,1,0,0,0,0,"- ","- ",,,MONTEREY,GREENFIELD,0,0
6352139,2014,2014-06-10,9730,2014-01-14,1101,12332,,2,1,9,2700,0,3,5,,2,007,"CARPENTERIA RD","ROSE AV",352.00,N,N,A,-,N,,,,,,,,,,Y,3,0,1,1,A,-,08,22107,,N,E,I,A,A,H,-,A,D,0,,,,,Y,,A,08,0,1,0,0,0,0,0,0,0,"- ","- ",,,MONTEREY,UNINCORPORATED,-121.64306156000001,36.88843713
6352143,2014,2016-03-05,9735,2014-01-19,1605,14691,,7,2,9,2700,0,1,3,,1,035,"RT 198","PEACH TREE RD",15312.00,E,N,A,-,Y,MON,5,198,-,-,17.400,H,-,W,Y,4,0,1,1,A,-,08,22107,,N,E,I,A,A,H,-,A,D,0,,,,,Y,,A,01,0,0,1,0,0,0,0,0,0,"- ","- ",36.193240000000003,-120.77795999999999,MONTEREY,UNINCORPORATED,-120.77888003,36.193488289999998
6352147,2014,2014-06-10,9735,2014-01-12,1100,17681,,7,1,9,2700,0,3,5,,2,001,"CENTRAL AV","HOBSON AV",2.00,N,N,A,-,N,,,,,,,,,,Y,3,0,2,1,A,-,06,21751,,N,E,I,A,A,H,-,A,D,0,,,,,Y,,A,01,0,2,0,0,0,0,0,0,0,"- ","- ",36.262410000000003,-121.20984,MONTEREY,UNINCORPORATED,-121.2100446,36.262364040000001
6352177,2014,2014-06-12,9730,2014-01-21,1140,18766,,2,1,9,2700,0,3,5,,2,006,"INTER-GARRISON RD","SCHOONOVER RD",1750.00,N,N,A,-,N,,,,,,,,,,Y,4,0,1,1,A,-,08,22107,,N,F,A,A,A,H,-,A,D,0,,,,,Y,,A,07,0,0,1,0,0,0,0,0,0,"- ","- ",36.65558,-121.75272,MONTEREY,UNINCORPORATED,-121.75848000000001,36.655470000000001
6352181,2014,2016-03-05,9730,2014-01-21,2054,14800,,2,2,9,2700,0,1,3,,1,072,"RT 156","MONTE DEL LAGO",528.00,E,N,A,-,Y,MON,5,156,-,-,1.370,H,-,E,N,4,0,1,2,A,-,11,21954,A,N,G,B,E,A,H,-,D,D,1,Y,,,,Y,Y,N,60,0,0,1,0,1,0,0,0,0,"- ","- ",36.771819999999998,-121.73178,MONTEREY,UNINCORPORATED,-121.73266017,36.771459870000001
6337164,2013,2014-12-05,2708,2013-11-25,1701,31977,,1,5,6,2708,0,0,0,,0,2X2,"SAN JUAN GRADE RD","BORONDA RD",100.00,W,N,A,-,N,,,,,,,,,,N,4,0,1,2,A,-,05,21650,1,N,G,G,A,A,H,-,B,D,0,,Y,,,Y,,L,04,0,0,1,0,0,0,1,0,0,"- ","- ",,,MONTEREY,SALINAS,-121.65164249999999,36.719527499999998
6337454,2014,2016-03-05,9730,2014-01-10,1738,19981,,5,2,9,2700,0,1,2,,1,030,"RT 101","CAMPHORA GLORIA",528.00,N,N,A,-,Y,MON,5,101,-,-,64.730,H,-,S,Y,4,0,1,2,A,-,03,22350,,N,C,C,A,A,H,-,C,D,1,,,,,Y,,A,01,0,0,1,0,0,0,0,0,0,"- ","- ",,,MONTEREY,UNINCORPORATED,-121.36433062,36.449923560000002
6337458,2014,2016-05-11,9730,2014-01-06,1300,19837,,1,1,9,2700,0,1,3,,1,012,"RT 1","BIG CREEK BR",528.00,S,N,A,-,Y,MON,5,1,-,L,28.020,H,-,N,Y,3,0,1,2,A,-,05,21460,A,N,A,C,A,A,H,-,A,D,0,,,,,Y,,A,01,0,1,0,0,0,0,0,0,0,"- ","- ",36.074269999999999,-121.60589,MONTEREY,UNINCORPORATED,-121.59782831,36.069062129999999
6337462,2014,2016-03-05,9730,2014-01-10,1724,19806,,5,2,9,2700,0,1,2,,1,030,"RT 101","CAMPHORA GLORIA RD",528.00,S,N,A,-,Y,MON,5,101,-,-,64.530,H,-,S,Y,3,0,1,2,A,-,03,22350,,N,C,C,A,A,H,-,B,D,1,,,,,Y,,A,08,0,1,0,0,0,0,0,0,0,FR,"- ",36.446309999999997,-121.35993999999999,MONTEREY,UNINCORPORATED,-121.36177483,36.447921299999997
6337466,2014,2016-01-14,9730,2014-01-04,1256,15014,,6,1,1,2709,0,1,3,,2,062,"RT 1","MONTEREY RD",21.00,N,N,A,-,Y,MON,5,1,-,R,80.970,R,1,S,N,4,0,1,2,A,-,21,22106,,N,C,C,A,A,H,-,A,A,1,,,,,Y,,A,01,0,0,1,0,0,0,0,0,0,TO,"- ",36.624870000000001,-121.84175,MONTEREY,"SAND CITY",-121.83863040999999,36.627730540000002
6337494,2014,2016-01-14,9730,2014-01-10,1931,19796,,5,2,9,2700,0,1,3,,1,014,"RT 1","SYCAMORE CANYON RD",2640.00,S,N,A,-,Y,MON,5,1,-,-,45.140,H,-,N,Y,4,0,1,2,A,-,09,21804,A,N,B,C,A,A,H,-,D,D,0,,,,,Y,,A,01,0,0,1,0,0,0,0,0,0,"- ","- ",36.240020000000001,-121.77670000000001,MONTEREY,UNINCORPORATED,-121.76932850999999,36.236527850000002
6337498,2014,2015-11-19,9730,2014-01-03,1435,15160,,5,2,3,2712,0,1,3,,2,062,"RT 1","RESERVATION RD",1584.00,N,N,A,-,Y,MON,5,1,-,R,86.810,H,-,N,N,4,0,1,2,A,-,03,22350,,M,C,C,A,A,H,-,A,D,1,,,,,Y,,A,07,0,0,1,0,0,0,0,0,0,"- ","- ",,,MONTEREY,MARINA,-121.80228495999999,36.700873100000003
6338326,2014,2016-03-05,9730,2014-01-13,1630,17020,,1,2,9,2700,0,1,2,,1,030,"RT 101","SOLEDAD PRISON",5280.00,N,N,A,-,Y,MON,5,101,-,-,67.400,H,-,S,Y,4,0,1,1,A,-,08,22107,,N,E,I,A,A,H,-,A,D,1,,,,,Y,,D,22,0,0,1,0,0,0,0,0,0,"- ","- ",,,MONTEREY,UNINCORPORATED,-121.40201478,36.473413149999999
6338357,2014,2014-06-04,9730,2014-01-18,2222,19635,,6,3,9,2700,0,1,2,,1,070,"RT 101","SAN JUAN RD",150.00,W,N,A,-,Y,,,101,,,,,,,Y,2,0,1,1,A,-,08,22107,,N,E,I,A,A,H,-,C,D,0,,,,,Y,,D,22,1,0,0,0,0,0,0,0,0,TO,"- ",36.855759999999997,-121.63249,MONTEREY,UNINCORPORATED,-121.63232831000001,36.85556493
6338385,2014,2015-11-19,9730,2014-01-15,0821,15014,,3,1,4,2706,0,1,3,,2,062,"RT 1","SLOAT AV",775.00,N,N,A,-,Y,MON,5,1,-,R,77.770,H,-,S,Y,4,0,1,3,A,-,03,22350,,N,C,C,A,A,H,-,A,D,1,,,,,Y,,D,22,0,0,1,0,0,0,0,0,0,"- ","- ",36.593820000000001,-121.87472,MONTEREY,MONTEREY,-121.87454796999999,36.593868280000002
6358563,2014,2015-11-19,9730,2014-01-13,1547,012079,,1,2,9,2700,0,1,3,,2,062,"RT 1","RT 68",150.00,N,N,A,-,Y,MON,5,1,-,R,78.070,R,1,S,N,4,0,1,3,A,-,03,22350,,N,C,C,A,A,H,-,A,A,1,,,,,Y,,A,01,0,0,1,0,0,0,0,0,0,TO,"- ",,,MONTEREY,UNINCORPORATED,-121.86932242,36.59486922
6358567,2014,2014-06-10,9730,2014-01-24,0801,019239,,5,1,9,2700,0,3,5,,2,006,"ESPINOSA RD","RT 101",4224.00,W,N,A,-,N,,,,,,,,,,Y,4,0,1,1,A,-,08,22107,,N,E,I,A,A,H,-,A,D,0,,,,,Y,,A,01,0,0,1,0,0,0,0,0,0,"- ","- ",,,MONTEREY,UNINCORPORATED,-121.67085373,36.738560290000002
6358571,2014,2014-06-10,9730,2014-01-23,2000,020578,,4,2,9,2700,0,2,4,,1,023,"CARMEL VALLEY RD","DOUD RD",0.00,,Y,A,-,N,,,,,,,,,,Y,4,0,2,2,A,-,03,22350,,N,D,C,A,A,H,-,D,D,0,,,,,Y,Y,A,01,0,0,2,0,0,0,0,0,0,"- ","- ",36.524149999999999,-121.81088,MONTEREY,UNINCORPORATED,,
6358583,2014,2016-03-05,9730,2014-01-25,0350,019700,,6,3,9,2700,0,1,3,,1,068,"RT 68","CORRAL DE TIERRA RD",1056.00,W,N,A,-,Y,MON,5,68,-,-,12.750,H,-,E,Y,3,0,1,1,A,-,01,23152,A,N,F,A,A,A,H,-,D,D,0,,,,,Y,Y,A,01,0,1,0,0,0,0,0,0,0,"- ","- ",,,MONTEREY,UNINCORPORATED,-121.73047278,36.57756938
6358587,2014,2016-01-14,9730,2014-01-17,2355,020168,,5,3,9,2700,0,1,3,,2,062,"RT 1","DEL MONTE BL",1056.00,N,N,A,-,Y,MON,5,1,-,R,79.130,H,-,N,Y,2,0,1,1,A,-,01,23152,A,N,E,I,A,A,H,-,D,D,1,,,,,Y,Y,A,01,1,0,0,0,0,0,0,0,0,"- ","- ",36.683489999999999,-121.80817,MONTEREY,UNINCORPORATED,-121.86035511999999,36.607888269999997
6358591,2014,2016-01-14,9730,2014-01-25,0010,020057,,6,3,9,2700,0,1,3,,1,014,"RT 1","LITTLE SUR RIVER BR",5280.00,S,N,A,-,Y,MON,5,1,-,-,55.100,H,-,N,Y,2,0,1,1,A,-,01,23152,A,N,E,I,A,A,H,-,D,D,0,,,,,Y,Y,A,07,1,0,0,0,0,0,0,0,0,"- ","- ",36.322929999999999,-121.8929,MONTEREY,UNINCORPORATED,-121.89307019,36.323358820000003
6358595,2014,2016-01-14,9730,2014-01-25,0125,019529,,6,3,9,2700,0,1,3,,2,062,"RT 1","LIGHT FIGHTER DR",2150.00,S,N,A,-,Y,MON,5,1,-,R,82.480,H,-,N,Y,2,0,1,1,A,-,01,23152,A,N,H,H,A,A,H,-,D,D,1,,,Y,,Y,Y,C,02,1,0,0,0,0,0,0,0,1,"- ","- ",,,MONTEREY,UNINCORPORATED,-121.82020552,36.643566669999998
6358599,2014,2014-06-10,9730,2014-01-28,0550,018766,,2,3,9,2700,0,3,5,,2,007,"DOLAN RD","VIA TANQUES",35.00,W,N,E,-,N,,,,,,,,,,Y,4,0,1,1,A,-,03,22350,,N,F,A,A,B,H,-,D,D,0,,,Y,,Y,,C,02,0,0,1,0,0,0,0,0,1,"- ","- ",36.796379999999999,-121.75591,MONTEREY,UNINCORPORATED,,
6358689,2014,2014-06-10,9730,2014-01-19,1600,18766,,7,2,9,2700,0,2,4,,1,023,"CARMEL VALLEY RD","TASSAJARA RD",16896.00,E,N,A,-,N,,,,,,,,,,Y,2,0,1,1,A,-,08,22107,,N,F,A,A,A,C,-,A,D,0,,,Y,,Y,,C,02,1,0,0,0,0,0,0,0,1,"- ","- ",,,MONTEREY,UNINCORPORATED,-121.56066045999999,36.371910479999997
6358693,2014,2016-03-05,9730,2014-01-19,0044,19796,,7,3,9,2700,0,1,2,,1,030,"RT 101","FRONT ST",60.00,S,N,A,-,Y,MON,5,101,-,-,62.690,H,-,N,Y,3,0,1,1,A,-,01,23152,A,N,E,I,A,A,H,-,D,D,1,,,,,Y,Y,A,01,0,1,0,0,0,0,0,0,0,"- ","- ",,,MONTEREY,UNINCORPORATED,-121.33704786,36.431336860000002
6358697,2014,2014-06-10,9730,2014-01-19,1905,20621,,7,2,9,2700,0,3,5,,2,006,"BLACKIE RD","PRUNEDALE SOUTH RD",18.00,W,N,A,-,N,,,,,,,,,,Y,4,0,1,2,A,-,03,22350,,N,C,C,A,A,H,-,C,A,0,,,,,Y,,A,01,0,0,1,0,0,0,0,0,0,"- ","- ",36.774450000000002,-121.67158000000001,MONTEREY,UNINCORPORATED,-121.67190795,36.774700940000002
6358701,2014,2014-06-10,9730,2014-01-08,0847,13024,,3,1,9,2700,0,3,5,,2,004,"OLD STAGE RD","ESPERANZA RD",1.10,N,N,A,-,N,,,,,,,,,,Y,4,0,2,2,A,-,03,22350,,N,C,C,A,A,H,-,A,D,0,,,,,Y,,A,07,0,0,2,0,0,0,0,0,0,"- ","- ",,,MONTEREY,UNINCORPORATED,-121.51350198,36.604622569999997
6318569,2014,2015-11-19,9730,2014-01-05,0340,019648,,7,3,2,2701,0,1,3,,1,022,"RT 1","CARMEL VALLEY RD",0.00,,Y,A,-,Y,MON,5,1,-,-,72.921,I,5,N,Y,3,0,1,1,A,-,01,23152,A,N,E,I,A,A,H,-,C,A,0,,,,,Y,Y,D,22,0,1,0,0,0,0,0,0,0,"- ","- ",36.543309999999998,-121.90845,MONTEREY,CARMEL,-121.90839304000001,36.543425849999998
6318573,2013,2014-05-14,9730,2013-12-29,1902,018966,,7,2,9,2700,0,1,3,,1,074,"RT 1","DOLAN RD",8976.00,S,N,A,-,Y,MON,5,1,-,-,30.660,H,-,S,Y,4,0,1,1,A,-,08,22107,,N,E,I,A,A,H,-,D,D,0,,,,,Y,,D,22,0,0,1,0,0,0,0,0,0,"- ","- ",36.09892,-121.62041000000001,MONTEREY,UNINCORPORATED,-121.6218622,36.103842700000001
6318593,2013,2014-05-23,9730,2013-12-28,1435,15160,,6,2,9,2700,0,1,3,,1,074,"RT 1","SALINAS RD",4752.00,S,N,A,-,Y,MON,5,1,-,-,100.140,H,-,S,Y,4,0,2,3,A,-,03,22350,,N,C,C,A,A,H,-,A,D,0,,,,,Y,,D,22,0,0,2,0,0,0,0,0,0,"- ","- ",,,MONTEREY,UNINCORPORATED,-121.7710586,36.856716499999997
6318597,2013,2014-06-17,9730,2013-12-29,2359,19796,,7,3,9,2700,0,3,5,,2,003,"ABBOTT ST","HARRIS RD",264.00,S,N,A,-,N,,,,,,,,,,Y,2,0,2,2,A,-,03,22350,,N,C,C,E,A,H,-,D,D,0,Y,,,,Y,,A,07,1,0,1,0,1,0,0,0,0,"- ","- ",,,MONTEREY,UNINCORPORATED,-121.61130319999999,36.644144799999999
6318601,2013,2014-05-23,9730,2013-12-28,1445,17020,,6,2,9,2700,0,1,2,,1,030,"RT 101","POTTER RD",0.00,,Y,A,-,Y,MON,5,101,-,-,80.290,I,5,N,Y,4,0,1,1,A,-,08,22107,,N,E,I,A,A,H,-,A,D,5,,,,,Y,,D,22,0,0,1,0,0,0,0,0,0,"- ","- ",,,MONTEREY,UNINCORPORATED,-121.55673229999999,36.605343699999999
6318605,2013,2014-05-14,9730,2013-12-23,1525,019569,,1,2,9,2700,0,1,2,,1,070,"RT 101","DUNBARTON RD",2112.00,S,N,A,-,Y,MON,5,101,-,-,99.960,H,-,S,N,3,0,1,1,A,-,13,22515,A,N,G,B,A,A,H,-,A,D,5,,,,,Y,,D,22,0,1,0,0,0,0,0,0,0,"- ","- ",,,MONTEREY,UNINCORPORATED,-121.63202080000001,36.8396246
6318642,2013,2014-05-22,9730,2013-12-30,1354,018766,,1,1,9,2700,0,3,5,,2,006,"RESERVATION RD","BLANCO RD",440.00,W,N,A,-,N,,,,,,,,,,Y,4,0,1,2,A,-,03,22350,,N,E,I,A,A,H,-,A,D,0,,,,,Y,,A,01,0,0,1,0,0,0,0,0,0,"- ","- ",36.667540000000002,-121.75812000000001,MONTEREY,UNINCORPORATED,-121.7580123,36.6674145