CASE_ID,ACCIDENT_YEAR,PROC_DATE,JURIS,COLLISION_DATE,COLLISION_TIME,OFFICER_ID,REPORTING_DISTRICT,DAY_OF_WEEK,CHP_SHIFT,POPULATION,CNTY_CITY_LOC,SPECIAL_COND,BEAT_TYPE,CHP_BEAT_TYPE,CITY_DIVISION_LAPD,CHP_BEAT_CLASS,BEAT_NUMBER,PRIMARY_RD,SECONDARY_RD,DISTANCE,DIRECTION,INTERSECTION,WEATHER_1,WEATHER_2,STATE_HWY_IND,CALTRANS_COUNTY,CALTRANS_DISTRICT,STATE_ROUTE,ROUTE_SUFFIX,POSTMILE_PREFIX,POSTMILE,LOCATION_TYPE,RAMP_INTERSECTION,SIDE_OF_HWY,TOW_AWAY,COLLISION_SEVERITY,NUMBER_KILLED,NUMBER_INJURED,PARTY_COUNT,PRIMARY_COLL_FACTOR,PCF_CODE_OF_VIOL,PCF_VIOL_CATEGORY,PCF_VIOLATION,PCF_VIOL_SUBSECTION,HIT_AND_RUN,TYPE_OF_COLLISION,MVIW,PED_ACTION,ROAD_SURFACE,ROAD_COND_1,ROAD_COND_2,LIGHTING,CONTROL_DEVICE,CHP_ROAD_TYPE,PEDESTRIAN_ACCIDENT,BICYCLE_ACCIDENT,MOTORCYCLE_ACCIDENT,TRUCK_ACCIDENT,NOT_PRIVATE_PROPERTY,ALCOHOL_INVOLVED,STWD_VEHTYPE_AT_FAULT,CHP_VEHTYPE_AT_FAULT,COUNT_SEVERE_INJ,COUNT_VISIBLE_INJ,COUNT_COMPLAINT_PAIN,COUNT_PED_KILLED,COUNT_PED_INJURED,COUNT_BICYCLIST_KILLED,COUNT_BICYCLIST_INJURED,COUNT_MC_KILLED,COUNT_MC_INJURED,PRIMARY_RAMP,SECONDARY_RAMP,LATITUDE,LONGITUDE,COUNTY,CITY,POINT_X,POINT_Y
6318646,2013,2014-05-22,9730,2013-12-30,1535,012079,,1,2,9,2700,0,1,3,,1,014,"RT 1","BIXBY BRIDGE",1584.00,S,N,A,-,Y,MON,5,1,-,-,59.070,H,-,N,Y,3,0,1,1,A,-,08,22107,,N,E,I,A,A,H,-,A,D,0,,,,,Y,,A,01,0,1,0,0,0,0,0,0,0,"- ","- ",,,MONTEREY,UNINCORPORATED,-121.90024099999999,36.367446800000003
6318650,2013,2014-05-22,9730,2013-12-27,1900,018966,,5,2,9,2700,0,1,3,,1,012,"RT 1","PFEIFFER RIDGE RD",4.00,N,N,A,-,Y,MON,5,1,-,-,45.720,H,-,N,Y,3,0,1,1,A,-,01,23152,A,N,E,I,A,A,H,-,D,D,0,,,,,Y,Y,A,08,0,1,0,0,0,0,0,0,0,"- ","- ",36.240879999999997,-121.77806,MONTEREY,UNINCORPORATED,-121.7802305,36.243950499999997
6318654,2013,2014-05-22,9730,2013-12-22,1335,019569,,7,1,9,2700,0,1,3,,1,012,"RT 1","PACIFIC VALLEY FOREST SERVICE STATION",2112.00,S,N,A,-,Y,MON,5,1,-,-,14.300,H,-,N,Y,4,0,1,2,A,-,08,22107,,N,B,C,A,A,H,-,A,D,0,,,Y,,Y,,A,01,0,0,1,0,0,0,0,0,1,"- ","- ",,,MONTEREY,UNINCORPORATED,-121.4671051,35.927233899999997
6318662,2013,2014-05-22,9730,2013-12-27,2500,18312,,5,4,9,2700,0,3,5,,2,003,"OLD STAGE RD","ALTA ST",0.00,,Y,A,-,N,,,,,,,,,,Y,3,0,1,1,A,-,01,23152,A,M,E,I,A,A,H,-,D,D,0,,,,,Y,Y,A,01,0,1,0,0,0,0,0,0,0,"- ","- ",,,MONTEREY,UNINCORPORATED,-121.46309290000001,36.521194999999999
6358705,2014,2016-03-05,9730,2014-01-14,1305,18350,,2,1,9,2700,0,1,2,,1,030,"RT 101","SOLEDAD PRISON RD",5280.00,N,N,A,-,Y,MON,5,101,-,-,67.400,H,-,N,N,4,0,2,2,A,-,03,22350,,N,C,C,A,A,D,-,A,A,1,,,,,Y,,A,01,0,0,2,0,0,0,0,0,0,"- ","- ",36.482300000000002,-121.41524,MONTEREY,UNINCORPORATED,-121.40175149,36.473593379999997
6358709,2014,2016-03-05,9730,2014-01-20,1514,19239,,1,2,9,2700,0,1,2,,1,070,"RT 101","BORANDA RD",3500.00,N,N,A,-,Y,MON,5,101,-,R,91.690,H,-,S,Y,3,0,1,1,A,-,08,22107,,N,F,A,A,A,D,-,A,D,1,,,,,Y,,A,01,0,1,0,0,0,0,0,0,0,"- ","- ",,,MONTEREY,UNINCORPORATED,-121.65733412,36.731777870000002
6358713,2014,2014-06-11,9730,2014-01-16,1730,20578,,4,2,9,2700,0,3,5,,2,002,"RIBERA RD","RT 1",528.00,W,N,A,-,N,,,,,,,,,,Y,4,0,1,1,A,-,08,22107,,M,E,I,A,A,H,-,D,D,0,,,,,Y,,A,01,0,0,1,0,0,0,0,0,0,"- ","- ",,,MONTEREY,UNINCORPORATED,-121.92033917000001,36.530062270000002
6358717,2014,2016-03-05,9730,2014-01-23,1300,17851,,4,1,9,2700,0,1,2,,1,030,"RT 101","POTTER RD",724.00,S,N,A,-,Y,MON,5,101,-,-,80.150,H,-,S,Y,4,0,1,1,A,-,07,21658,A,N,E,I,A,A,H,-,A,D,5,,,,,Y,,A,01,0,0,1,0,0,0,0,0,0,"- ","- ",,,MONTEREY,UNINCORPORATED,-121.55539214,36.604118839999998
6360166,2013,2014-05-28,2708,2013-12-11,1002,19943,,3,5,6,2708,0,0,0,,0,002,"NORTH MAIN ST","N ALVIN DR",0.00,,Y,A,-,N,,,,,,,,,,Y,4,0,1,2,A,-,12,21453,A,N,D,C,A,A,H,-,A,A,0,,,,,Y,,A,01,0,0,1,0,0,0,0,0,0,"- ","- ",,,MONTEREY,SALINAS,-121.65373289999999,36.707785000000001
6360233,2013,2014-06-04,2708,2013-12-27,1245,30510,,5,5,6,2708,0,0,0,,0,,"E BLANCO","LA MESA",0.00,,Y,A,-,N,,,,,,,,,,Y,3,0,2,2,A,-,09,21804,A,F,D,C,A,A,H,-,A,A,0,,,,,Y,,A,01,0,1,1,0,0,0,0,0,0,"- ","- ",,,MONTEREY,SALINAS,-121.64714290000001,36.652544900000002
6360235,2013,2014-12-15,2708,2013-12-31,1254,54372,2L11,2,5,6,2708,0,0,0,,0,,"SUNRISE ST","DELMONTE AV",0.00,,Y,A,-,N,,,,,,,,,,N,3,0,1,2,A,-,11,21954,A,N,G,B,D,A,H,-,A,D,0,Y,,,,Y,,N,60,0,1,0,0,1,0,0,0,0,"- ","- ",,,MONTEREY,SALINAS,-121.6099729,36.687615000000001
6360237,2013,2014-05-28,2708,2013-12-20,1138,46742,,5,5,6,2708,0,0,0,,0,008,"W MARKET",SALINAS,0.00,,Y,A,-,N,,,,,,,,,,Y,4,0,1,2,A,-,12,21453,A,N,D,C,A,-,H,-,A,A,0,,,,,Y,,-,"- ",0,0,1,0,0,0,0,0,0,"- ","- ",,,MONTEREY,SALINAS,-121.65594299999999,36.677434900000002
6362978,2014,2014-06-16,9730,2014-01-24,1930,020621,,5,2,9,2700,0,3,5,,2,004,"OLD STAGE RD","ESPERANZA RD",5808.00,S,N,A,-,N,,,,,,,,,,Y,2,0,2,2,A,-,01,23152,A,N,A,C,A,A,H,-,D,D,0,,,,Y,Y,Y,A,01,1,1,0,0,0,0,0,0,0,"- ","- ",36.590440000000001,-121.50272,MONTEREY,UNINCORPORATED,-121.50308608,36.591053039999998
6365053,2014,2014-05-07,9735,2014-01-19,0001,19965,,7,3,3,2704,0,2,S,,2,901,"6TH ST","MAPLE AV",19.00,N,N,A,-,N,,,,,,,,,,N,2,0,1,2,A,-,13,22515,A,N,G,B,E,A,H,-,C,D,0,Y,,,,Y,,J,48,1,0,0,0,1,0,0,0,0,"- ","- ",36.32114,-121.23894,MONTEREY,GREENFIELD,-121.23898671000001,36.321132919999997
6365075,2014,2014-05-07,2708,2014-01-04,2240,51761,SALIN,6,5,6,2708,0,0,0,,0,,"LAKE ALY","E LAKE ST",243.00,S,N,A,-,N,,,,,,,,,,N,3,0,1,2,A,-,11,21954,A,N,G,B,E,A,H,-,C,D,0,Y,,,,Y,,N,60,0,1,0,0,1,0,0,0,0,"- ","- ",,,MONTEREY,SALINAS,-121.65191254,36.679231659999999
6366274,2014,2016-03-05,9730,2014-02-02,1956,019648,,7,2,6,2708,0,1,2,,1,050,"RT 101","MARKET ST",500.00,N,N,B,-,Y,MON,5,101,-,-,87.410,H,-,N,Y,4,0,1,2,A,-,03,22350,,N,B,C,A,B,H,-,D,D,1,,,,,Y,,D,22,0,0,1,0,0,0,0,0,0,"- ","- ",,,MONTEREY,SALINAS,-121.64152731,36.679132170000003
6352185,2014,2015-11-19,9730,2014-01-16,1655,20578,,4,2,4,2706,0,1,3,,2,062,"RT 1","SLOAT AV",300.00,N,N,A,-,Y,MON,5,1,-,R,77.680,H,-,N,N,4,0,3,3,A,-,03,22350,,N,C,C,A,A,H,-,A,D,1,,,,,Y,,A,01,0,0,3,0,0,0,0,0,0,"- ","- ",,,MONTEREY,MONTEREY,-121.87596904,36.593475130000002
6352189,2014,2014-06-12,9730,2014-01-16,1715,18946,,4,2,9,2700,0,2,4,,1,073,"HALL RD","WILLOW RD",300.00,W,N,A,-,N,,,,,,,,,,N,4,0,1,2,A,-,03,22350,,N,C,C,A,A,H,-,A,D,0,,,,,Y,,A,01,0,0,1,0,0,0,0,0,0,"- ","- ",,,MONTEREY,UNINCORPORATED,-121.73606728,36.865821590000003
6352193,2014,2014-06-12,9730,2014-01-16,1630,15297,,4,2,9,2700,0,3,5,,2,007,"VIA TANQUES RD","DOLAN RD",3696.00,E,N,A,-,N,,,,,,,,,,N,4,0,1,2,A,-,11,21954,A,N,G,B,D,A,H,-,A,D,0,Y,,,,Y,,N,60,0,0,1,0,1,0,0,0,0,"- ","- ",36.803959999999996,-121.75054,MONTEREY,UNINCORPORATED,,
6353582,2014,2014-06-05,2712,2014-01-04,0952,668,2712,6,5,3,2712,0,0,0,,0,001,"RESERVATION RD","DEL MONTE BL",28.00,E,N,A,-,N,,,,,,,,,,N,4,0,1,2,A,-,01,23152,E,N,C,C,A,A,H,-,A,A,0,,,,,Y,,A,01,0,0,1,0,0,0,0,0,0,"- ","- ",,,MONTEREY,MARINA,-121.79968279000001,36.687633130000002
6353586,2014,2014-06-05,2712,2014-01-01,1214,274,,3,5,3,2712,0,0,0,,0,001,"IMJIN PKWY","RESERVATION RD",0.00,,Y,A,-,N,,,,,,,,,,Y,4,0,1,2,D,-,00,,,N,D,D,A,A,H,-,A,A,0,,,,,Y,,-,"- ",0,0,1,0,0,0,0,0,0,"- ","- ",,,MONTEREY,MARINA,-121.76659991,36.671430030000003
6353750,2014,2014-06-10,2706,2014-01-04,1301,590,2706,6,5,4,2706,0,0,0,,0,001,"LIGHTHOUSE AV","DRAKE AV",0.00,,Y,A,-,N,,,,,,,,,,N,3,0,1,2,A,-,10,21950,A,N,G,B,B,A,H,-,A,A,0,Y,,,,Y,,A,01,0,1,0,0,1,0,0,0,0,"- ","- ",,,MONTEREY,MONTEREY,-121.89993997000001,36.611450050000002
6355617,2013,2014-05-16,9730,2013-11-29,1510,019323,,5,2,9,2700,0,1,2,,1,070,"RT 101","DUNBARTON RD",1000.00,S,N,A,-,Y,MON,5,101,-,-,99.560,H,-,N,N,4,0,2,2,A,-,03,22350,,N,C,C,A,A,H,-,A,D,5,,,,,Y,,A,07,0,0,2,0,0,0,0,0,0,"- ","- ",,,MONTEREY,UNINCORPORATED,-121.6299894,36.833542199999997
6355621,2013,2014-05-16,9730,2013-11-23,0400,019569,,6,3,9,2700,0,1,3,,1,012,"RT 1","WILLOW CREEK BRIDGE",1584.00,S,N,A,-,Y,MON,5,1,-,-,11.700,H,-,N,Y,3,0,1,1,A,-,08,22107,,N,E,I,A,A,H,-,D,D,0,,,,,Y,,A,01,0,1,0,0,0,0,0,0,0,"- ","- ",,,MONTEREY,UNINCORPORATED,-121.460649,35.893464899999998
6355625,2013,2014-05-16,9730,2013-11-25,1110,017184,,1,1,9,2700,0,1,3,,1,072,"RT 156","RT 183",10.00,E,N,A,-,Y,MON,5,156,-,R,1.270,R,1,W,N,3,0,1,2,A,-,10,21950,A,N,G,B,B,A,H,-,A,A,1,Y,,,,Y,,A,01,0,1,0,0,1,0,0,0,0,TO,"- ",36.761830000000003,-121.75254,MONTEREY,UNINCORPORATED,-121.7504065,36.763283800000004
6355629,2013,2014-05-16,9730,2013-11-24,1915,020576,,7,2,9,2700,0,3,5,,2,007,"CASTROVILLE BL","PARADISE RD",1056.00,E,N,A,-,N,,,,,,,,,,Y,4,0,1,1,A,-,08,22107,,N,E,I,A,A,H,-,D,D,0,,,,,Y,,A,01,0,0,1,0,0,0,0,0,0,"- ","- ",36.799970000000002,-121.69547,MONTEREY,UNINCORPORATED,-121.6951339,36.800007399999998
6355637,2013,2014-05-16,9730,2013-11-20,1735,18350,,3,2,6,2708,0,1,2,,1,050,"RT 101","LAUREL DR",750.00,S,N,B,C,Y,MON,5,101,-,R,89.070,R,1,N,Y,4,0,1,2,A,-,03,22350,,N,C,C,A,B,H,-,C,A,1,,,,,Y,,A,07,0,0,1,0,0,0,0,0,0,"- ","- ",36.6965,-121.66325999999999,MONTEREY,SALINAS,-121.66304289999999,36.695004900000001
6318717,2013,2014-05-22,9730,2013-12-28,1820,018966,,6,2,9,2700,0,1,3,,1,024,"RT 68","AGUAJITO RD",0.00,,Y,A,-,Y,MON,5,1,-,-,75.010,R,4,N,Y,3,0,1,2,A,-,09,21801,A,N,D,C,A,A,H,-,D,D,1,,,,,Y,,A,01,0,1,0,0,0,0,0,0,0,"- ","- ",36.572890000000001,-121.91122,MONTEREY,UNINCORPORATED,-121.912783,36.573444899999998
6318874,2013,2014-06-10,9730,2013-12-29,1130,019569,,7,1,9,2700,0,1,3,,1,014,"RT 1","VICENTE CREEK",1584.00,N,N,A,-,Y,MON,5,1,-,-,26.200,H,-,S,Y,3,0,1,2,A,-,05,21460,A,N,B,C,A,A,H,-,A,D,0,,,,,Y,,-,"- ",0,1,0,0,0,0,0,0,0,"- ","- ",,,MONTEREY,UNINCORPORATED,-121.589488,36.050243899999998
6322646,2013,2014-05-23,2707,2013-12-22,1610,1762,2707,7,5,3,2707,0,0,0,,0,001,"DAVID AV","RANSFORD AV",148.00,W,N,A,-,N,,,,,,,,,,Y,4,0,2,3,A,-,08,22107,,N,A,C,A,A,H,-,A,A,0,,,,,Y,,A,01,0,0,2,0,0,0,0,0,0,"- ","- ",,,MONTEREY,"PACIFIC GROVE",-121.92429610000001,36.6075765
6375417,2014,2014-06-03,2708,2014-01-10,1756,13472,,5,5,6,2708,0,0,0,,0,2X5,"N MAIN","DEER ST",0.00,,Y,A,-,N,,,,,,,,,,,4,0,4,3,A,-,03,22350,,N,C,C,A,A,H,-,C,A,0,,,,,Y,,-,,0,0,4,0,0,0,0,0,0,"- ","- ",,,MONTEREY,SALINAS,-121.65239,36.688520070000003
6375421,2014,2015-08-10,2708,2014-01-18,0145,56473,,6,5,6,2708,0,0,0,,0,007,"PARK ST","RIKER ST",110.00,E,N,A,-,N,,,,,,,,,,N,2,0,1,2,A,-,03,22350,,F,G,B,E,A,H,-,D,D,0,Y,,,,Y,Y,-,,1,0,0,0,1,0,0,0,0,"- ","- ",,,MONTEREY,SALINAS,-121.66180968,36.677848449999999
6375425,2014,2016-03-05,2708,2014-01-16,1325,52823,,4,5,6,2708,0,0,0,,0,,"WEST LAUREL DR","RT 101",30.00,E,N,A,-,Y,MON,5,101,-,R,89.440,R,4,N,N,4,0,1,2,A,-,03,22350,,F,C,C,A,A,H,-,A,A,0,,,,,Y,,-,,0,0,1,0,0,0,0,0,0,"- ",NO,,,MONTEREY,SALINAS,-121.66547196,36.700189029999997
6375429,2014,2014-06-03,2708,2014-01-15,1256,52823,TARS,3,5,6,2708,0,0,0,,0,009,"ABBOTT ST","ALAMEDA AV",30.00,S,N,A,-,N,,,,,,,,,,Y,4,0,1,2,A,-,09,21801,A,N,A,C,A,A,H,-,A,D,0,,,,,Y,,-,,0,0,1,0,0,0,0,0,0,"- ","- ",,,MONTEREY,SALINAS,-121.64389389,36.665426429999997
6375433,2014,2014-06-03,2708,2014-01-21,1414,52823,,2,5,6,2708,0,0,0,,0,005,"EAST LAUREL DR","BOLERO AV",101.00,W,N,A,-,N,,,,,,,,,,Y,3,0,1,1,A,-,08,22107,,N,A,I,A,A,H,-,A,D,0,,,,,Y,,-,,0,1,0,0,0,0,0,0,0,"- ","- ",,,MONTEREY,SALINAS,-121.6390626,36.69650249
6375437,2014,2014-06-03,2708,2014-01-24,1707,15945,,5,5,6,2708,0,0,0,,0,,"RIKER ST","GEIL ST",0.00,,Y,A,-,N,,,,,,,,,,N,4,0,1,2,A,-,09,21802,A,N,A,C,A,A,H,-,A,A,0,,,,,Y,,-,,0,0,1,0,0,0,0,0,0,"- ","- ",,,MONTEREY,SALINAS,-121.66088987000001,36.666950059999998
6376481,2014,2016-03-05,9730,2014-02-01,0930,017502,,6,1,9,2700,0,1,3,,1,068,"RT 68","YORK RD",650.00,E,N,A,-,Y,MON,5,68,-,-,8.270,H,-,W,Y,4,0,1,2,A,-,03,22350,,N,C,C,A,A,H,-,A,D,0,,,,,Y,,A,07,0,0,1,0,0,0,0,0,0,"- ","- ",,,MONTEREY,UNINCORPORATED,-121.80626204000001,36.571092890000003
6376485,2014,2016-01-14,9730,2014-02-04,1040,017851,,2,1,9,2700,0,1,3,,1,074,"RT 1","DOLAN RD",0.00,,Y,B,-,Y,MON,5,1,-,-,96.101,I,5,N,Y,4,0,1,2,A,-,09,21801,A,N,D,C,A,A,H,-,A,D,0,,,,,Y,,A,01,0,0,1,0,0,0,0,0,0,"- ","- ",,,MONTEREY,UNINCORPORATED,-121.78379808,36.804086460000001
6376489,2014,2014-07-08,9730,2014-02-03,2247,020233,,1,3,9,2700,0,3,5,,2,006,"DAVIS RD","BLANCO RD",25.00,N,N,B,-,N,,,,,,,,,,N,4,0,1,2,A,-,03,22350,,N,C,D,A,A,H,-,D,A,0,,,,,Y,,A,07,0,0,1,0,0,0,0,0,0,"- ","- ",36.667000000000002,-121.68523,MONTEREY,UNINCORPORATED,-121.68505987,36.666855550000001
6366275,2014,2016-01-14,9730,2014-02-04,1150,018766,,2,1,9,2700,0,1,3,,1,022,"CARPENTER ST","RT 1",30.00,E,N,B,-,Y,MON,5,1,-,-,74.560,I,5,N,N,4,0,2,2,A,-,03,22350,,N,C,C,A,A,H,-,A,A,0,,,,,Y,,D,22,0,0,2,0,0,0,0,0,0,"- ","- ",36.566339999999997,-121.91287,MONTEREY,UNINCORPORATED,-121.91298834,36.566455650000002
6366512,2013,2014-05-29,2710,2013-12-17,1317,32771,,2,5,4,2710,0,0,0,,0,,"DEL MONTE BL","TIOGA AV",0.00,N,N,A,-,N,,,,,,,,,,N,4,0,1,2,A,-,03,22350,,N,C,C,A,A,H,-,A,A,0,,,,,Y,,D,22,0,0,1,0,0,0,0,0,0,"- ","- ",,,MONTEREY,SEASIDE,-121.8441729,36.615895000000002
6366515,2013,2014-05-29,2710,2013-12-10,1218,36403,,2,5,4,2710,0,0,0,,0,003,"LIGHT FIGHTER DR","2ND AV",20.00,W,N,A,-,N,,,,,,,,,,Y,4,0,1,2,A,-,08,22107,,N,D,C,A,A,H,-,A,A,0,,,,,Y,,D,22,0,0,1,0,0,0,0,0,0,"- ","- ",,,MONTEREY,SEASIDE,-121.8097411,36.647941600000003
6366517,2013,2014-05-28,2710,2013-12-04,1242,32771,,3,5,4,2710,0,0,0,,0,,"SAN PABLO AV","VALLEJO ST",0.00,,Y,A,-,N,,,,,,,,,,Y,4,0,2,3,A,-,09,21802,A,N,D,C,A,A,H,-,A,A,0,,,Y,,Y,,A,08,0,0,2,0,0,0,0,0,0,"- ","- ",,,MONTEREY,SEASIDE,-121.83183289999999,36.614784899999997
6366527,2013,2014-06-09,2710,2013-11-12,1435,34413,,2,5,4,2710,0,0,0,,0,012,"FREMONT BL","PLAYA AV",28.00,N,N,A,-,N,,,,,,,,,,N,4,0,1,2,A,-,03,22350,,N,C,C,A,A,H,-,A,A,0,,,,,Y,,D,22,0,0,1,0,0,0,0,0,0,"- ","- ",,,MONTEREY,SEASIDE,-121.84114940000001,36.618136900000003
6368686,2013,2014-05-14,2708,2013-11-06,0645,79081,,3,5,6,2708,0,0,0,,0,006,"W LAUREL","RT 101",0.00,,Y,A,-,Y,MON,5,101,-,R,89.520,R,4,S,Y,4,0,1,2,A,-,12,21453,A,N,D,C,A,A,H,-,A,A,0,,,,,Y,,-,"- ",0,0,1,0,0,0,0,0,0,"- ",SF,,,MONTEREY,SALINAS,-121.6663329,36.701994900000003
6368981,2013,2014-04-29,2708,2013-10-31,2146,25182,,4,5,6,2708,0,0,0,,0,005,"EAST LAUREL DR","LINWOOD DR",600.00,E,N,A,-,N,,,,,,,,,,Y,4,0,1,3,A,-,03,22350,,N,B,E,A,A,H,-,C,D,0,,,,,Y,,-,"- ",0,0,1,0,0,0,0,0,0,"- ","- ",,,MONTEREY,SALINAS,-121.6422644,36.697133800000003
6369091,2013,2014-04-24,2708,2013-10-29,1853,15945,,2,5,6,2708,0,0,0,,0,,"BORONDA RD","NATIVIDAD RD",300.00,W,N,A,-,N,,,,,,,,,,N,4,0,1,2,A,-,03,22350,,N,C,C,A,A,H,-,C,A,0,,,,,Y,,-,"- ",0,0,1,0,0,0,0,0,0,"- ","- ",,,MONTEREY,SALINAS,-121.6245859,36.715609999999998
6369095,2013,2014-04-24,2708,2013-10-29,1752,97440,,2,5,6,2708,0,0,0,,0,,"NORTH MAIN ST","HARDEN PKWY",288.00,S,N,B,-,N,,,,,,,,,,Y,4,0,2,3,A,-,03,22350,,N,C,C,A,A,H,-,A,D,0,,,,,Y,,-,"- ",0,0,2,0,0,0,0,0,0,"- ","- ",,,MONTEREY,SALINAS,-121.65461120000001,36.712412
6369115,2013,2014-04-24,2708,2013-10-29,0931,66312,,2,5,6,2708,0,0,0,,0,,ABBOTT,BLANCO,300.00,S,N,B,-,N,,,,,,,,,,Y,4,0,2,3,A,-,03,22350,,N,C,C,A,A,H,-,A,A,0,,,,,Y,,-,"- ",0,0,2,0,0,0,0,0,0,"- ","- ",,,MONTEREY,SALINAS,-121.6351047,36.656737300000003
6369119,2013,2014-04-24,2708,2013-10-30,1744,59034,,3,5,6,2708,0,0,0,,0,002,"CHEROKEE CT","CHEROKEE DR",500.00,W,N,A,-,N,,,,,,,,,,N,4,0,1,2,A,-,05,21650,,N,A,C,A,A,H,-,A,D,0,,,,,Y,,-,"- ",0,0,1,0,0,0,0,0,0,"- ","- ",,,MONTEREY,SALINAS,-121.66483940000001,36.704322500000004
6370652,2013,2014-04-18,2708,2013-10-20,1212,18925,,7,5,6,2708,0,0,0,,0,010,"EAST MARKET ST","SIMAS ST",0.00,,Y,A,-,Y,,,,,,,,,,N,2,0,1,2,A,-,"- ",,,N,G,B,B,A,H,-,A,A,0,Y,,,,Y,,-,"- ",1,0,0,0,1,0,0,0,0,"- ","- ",,,MONTEREY,SALINAS,-121.6450529,36.678834999999999
6377429,2014,2014-06-13,2706,2014-02-18,1727,851,2706,2,5,4,2706,0,0,0,,0,003,"DEL MONTE AV","HANNON AV",156.00,E,N,A,-,N,,,,,,,,,,Y,3,0,2,2,A,-,09,21804,A,N,D,C,A,A,H,-,A,A,0,,,,,Y,,D,22,0,1,1,0,0,0,0,0,0,"- ","- ",,,MONTEREY,MONTEREY,-121.8619427,36.604198529999998
6377437,2014,2014-06-13,2706,2014-02-24,1013,954,2706,1,5,4,2706,0,0,0,,0,003,"DEL MONTE AV","ENGLISH AV",130.00,E,N,A,-,N,,,,,,,,,,N,4,0,1,2,A,-,03,22350,,N,C,C,A,A,H,-,A,D,0,,,,,Y,,D,22,0,0,1,0,0,0,0,0,0,"- ","- ",,,MONTEREY,MONTEREY,-121.86036850000001,36.605037379999999
6377530,2014,2016-03-05,2706,2014-02-24,0944,954,2706,1,5,4,2706,0,0,0,,0,003,"RT 68","OLMSTED RD",0.00,,Y,A,-,Y,MON,5,68,-,-,5.570,I,5,W,Y,3,0,1,2,A,-,12,21453,A,N,D,C,A,A,H,-,A,A,0,,,Y,,Y,,C,02,0,1,0,0,0,0,0,0,1,"- ","- ",,,MONTEREY,MONTEREY,-121.84974732000001,36.583989119999998
6377579,2014,2014-06-14,2706,2014-02-24,1517,954,2706,1,5,4,2706,0,0,0,,0,003,"NORTH FREMONT ST","CASA VERDE WY",40.00,W,N,A,-,N,,,,,,,,,,N,4,0,4,2,A,-,03,22350,,F,C,C,A,A,H,-,A,D,0,,,,,Y,,A,01,0,0,4,0,0,0,0,0,0,"- ","- ",,,MONTEREY,MONTEREY,-121.86282377000001,36.596188959999999
6377591,2014,2014-06-14,2706,2014-02-20,1711,395,2706,4,5,4,2706,0,0,0,,0,002,"FREMONT ST","VIA MIRADA",0.00,,Y,A,-,N,,,,,,,,,,Y,3,0,2,3,A,-,08,22101,D,N,-,C,A,A,H,-,B,D,0,,,,,Y,,A,01,0,1,1,0,0,0,0,0,0,"- ","- ",,,MONTEREY,MONTEREY,,
6377595,2014,2014-06-14,2706,2014-02-22,1159,954,2706,6,5,4,2706,0,0,0,,0,001,"FOAM ST","DRAKE AV",14.00,S,N,A,-,N,,,,,,,,,,Y,4,0,2,2,A,-,08,22100,B,N,-,C,A,A,H,-,A,A,0,,,,,Y,,A,01,0,0,2,0,0,0,0,0,0,"- ","- ",,,MONTEREY,MONTEREY,-121.89908303,36.611878269999998
6377599,2014,2014-06-14,2706,2014-02-18,1451,335,2706,2,5,4,2706,0,0,0,,0,001,"LIGHTHOUSE AV","IRVING AV",5.00,S,N,A,-,N,,,,,,,,,,N,3,0,1,2,A,-,12,21453,A,N,D,G,A,A,H,-,A,A,0,,Y,,,Y,,L,04,0,1,0,0,0,0,1,0,0,"- ","- ",,,MONTEREY,MONTEREY,-121.90361052,36.615818580000003
6379556,2014,2016-01-14,9730,2014-02-08,2350,020233,,6,3,9,2700,0,1,3,,1,012,"RT 1","SYCAMORE CANYON RD",15840.00,N,N,C,-,Y,MON,5,1,-,-,48.640,H,-,N,Y,3,0,1,1,A,-,01,23152,A,N,E,I,A,B,H,-,D,D,0,,,,,Y,Y,D,22,0,1,0,0,0,0,0,0,0,"- ","- ",36.262219999999999,-121.79380999999999,MONTEREY,UNINCORPORATED,-121.80795452,36.270397539999998
6379587,2014,2014-06-16,9730,2014-02-01,1717,019981,,6,2,9,2700,0,2,4,,1,023,"CARMEL VALLEY RD","SCARLETT RD",528.00,E,N,A,-,N,,,,,,,,,,Y,2,0,5,2,A,-,03,22350,,N,C,C,A,A,H,-,C,D,0,,,,,Y,Y,D,22,4,0,1,0,0,0,0,0,0,"- ","- ",,,MONTEREY,UNINCORPORATED,-121.79227476,36.523105860000001
6379591,2014,2014-06-16,9730,2014-02-03,2003,019981,,1,2,9,2700,0,1,3,,1,012,"NACIMIENTO RD","RT 1",1584.00,E,N,A,-,N,,,,,,,,,,Y,3,0,1,1,A,-,08,22107,,N,E,I,A,A,H,-,D,D,0,,,,,Y,,D,22,0,1,0,0,0,0,0,0,0,"- ","- ",,,MONTEREY,UNINCORPORATED,,
6381758,2014,2014-06-13,9730,2014-01-27,1039,15014,,1,1,9,2700,0,2,4,,1,023,"CARMEL VALLEY RD","VIA MALLORCA",0.00,,Y,A,-,N,,,,,,,,,,Y,2,0,2,2,A,-,12,21453,A,N,D,C,A,A,H,-,A,A,0,,,,,Y,,A,01,1,0,1,0,0,0,0,0,0,"- ","- ",36.541730000000001,-121.87987,MONTEREY,UNINCORPORATED,-121.88014993,36.541700079999998
6381780,2014,2014-06-17,9730,2014-02-06,1940,019512,,4,2,9,2700,0,3,5,,2,003,"RIVER RD","TARA DR",1584.00,N,N,B,-,N,,,,,,,,,,Y,3,0,1,1,A,-,01,23152,A,N,F,A,A,A,H,-,D,D,0,,,,,Y,Y,A,07,0,1,0,0,0,0,0,0,0,"- ","- ",36.612400000000001,-121.65215000000001,MONTEREY,UNINCORPORATED,-121.65337716000001,36.611825119999999