CASE_ID,ACCIDENT_YEAR,PROC_DATE,JURIS,COLLISION_DATE,COLLISION_TIME,OFFICER_ID,REPORTING_DISTRICT,DAY_OF_WEEK,CHP_SHIFT,POPULATION,CNTY_CITY_LOC,SPECIAL_COND,BEAT_TYPE,CHP_BEAT_TYPE,CITY_DIVISION_LAPD,CHP_BEAT_CLASS,BEAT_NUMBER,PRIMARY_RD,SECONDARY_RD,DISTANCE,DIRECTION,INTERSECTION,WEATHER_1,WEATHER_2,STATE_HWY_IND,CALTRANS_COUNTY,CALTRANS_DISTRICT,STATE_ROUTE,ROUTE_SUFFIX,POSTMILE_PREFIX,POSTMILE,LOCATION_TYPE,RAMP_INTERSECTION,SIDE_OF_HWY,TOW_AWAY,COLLISION_SEVERITY,NUMBER_KILLED,NUMBER_INJURED,PARTY_COUNT,PRIMARY_COLL_FACTOR,PCF_CODE_OF_VIOL,PCF_VIOL_CATEGORY,PCF_VIOLATION,PCF_VIOL_SUBSECTION,HIT_AND_RUN,TYPE_OF_COLLISION,MVIW,PED_ACTION,ROAD_SURFACE,ROAD_COND_1,ROAD_COND_2,LIGHTING,CONTROL_DEVICE,CHP_ROAD_TYPE,PEDESTRIAN_ACCIDENT,BICYCLE_ACCIDENT,MOTORCYCLE_ACCIDENT,TRUCK_ACCIDENT,NOT_PRIVATE_PROPERTY,ALCOHOL_INVOLVED,STWD_VEHTYPE_AT_FAULT,CHP_VEHTYPE_AT_FAULT,COUNT_SEVERE_INJ,COUNT_VISIBLE_INJ,COUNT_COMPLAINT_PAIN,COUNT_PED_KILLED,COUNT_PED_INJURED,COUNT_BICYCLIST_KILLED,COUNT_BICYCLIST_INJURED,COUNT_MC_KILLED,COUNT_MC_INJURED,PRIMARY_RAMP,SECONDARY_RAMP,LATITUDE,LONGITUDE,COUNTY,CITY,POINT_X,POINT_Y
6381784,2014,2014-06-17,9730,2014-02-10,1745,020168,,1,2,9,2700,0,2,4,,1,023,"CARMEL VALLEY RD","SCARLETT RD",528.00,E,N,A,-,N,,,,,,,,,,N,2,0,1,2,A,-,11,21954,A,N,G,B,D,A,H,-,A,D,0,Y,,,,Y,,N,60,1,0,0,0,1,0,0,0,0,"- ","- ",36.519620000000003,-121.78673999999999,MONTEREY,UNINCORPORATED,-121.79227476,36.523105860000001
6381788,2014,2016-03-05,9730,2014-02-14,0814,017184,,5,1,9,2700,0,1,3,,1,024,"RT 68","SFB MORSE DR",1584.00,E,N,B,-,Y,MON,5,68,-,-,2.560,H,-,W,Y,4,0,1,1,A,-,08,22107,,N,E,I,A,A,H,-,A,D,0,,,,,Y,,A,07,0,0,1,0,0,0,0,0,0,"- ","- ",,,MONTEREY,UNINCORPORATED,-121.92101062,36.595592510000003
6381792,2014,2014-06-17,9730,2014-02-03,1151,017184,,1,1,9,2700,0,2,4,,2,063,"BLANCO RD","RESEARCH DR",30.00,W,N,A,-,N,,,,,,,,,,Y,4,0,1,2,A,-,03,22350,,F,C,C,A,A,H,-,A,A,0,,,,,Y,,A,01,0,0,1,0,0,0,0,0,0,"- ","- ",,,MONTEREY,UNINCORPORATED,-121.75504291,36.669179460000002
6381796,2014,2015-11-19,9730,2014-02-05,0844,015014,,3,1,4,2706,0,1,3,,2,062,"RT 1","SLOAT AV",1050.00,N,N,A,-,Y,MON,5,1,-,R,77.820,H,-,S,N,4,0,1,2,A,-,03,22350,,N,C,C,A,A,H,-,A,D,1,,,Y,,Y,,C,02,0,0,1,0,0,0,0,0,1,"- ","- ",36.593980000000002,-121.87378,MONTEREY,MONTEREY,-121.87367453,36.594012589999998
6381800,2014,2014-06-17,9730,2014-02-13,1010,018766,,4,1,9,2700,0,3,5,,2,004,"GLORIA RD","IVERSON RD",310.00,E,N,A,-,N,,,,,,,,,,Y,4,0,1,1,A,-,08,22107,,N,F,A,A,A,H,-,A,D,0,,,,,Y,,A,01,0,0,1,0,0,0,0,0,0,"- ","- ",36.50168,-121.39464,MONTEREY,UNINCORPORATED,-121.39412498999999,36.501791799999999
6381804,2014,2016-01-14,9730,2014-02-08,1745,019635,,6,2,9,2700,0,1,3,,2,062,"RT 1","SALINAS RIVER BR",10.00,S,N,B,C,Y,MON,5,1,-,R,89.170,H,-,N,Y,3,0,1,1,C,-,18,,,N,E,J,A,B,H,-,C,D,1,,,,,Y,,-,"- ",0,1,0,0,0,0,0,0,0,"- ","- ",36.732999999999997,-121.78136000000001,MONTEREY,UNINCORPORATED,-121.78341967,36.731159359999999
6381808,2014,2016-03-05,9730,2014-02-08,1225,018171,,6,1,9,2700,0,3,5,,2,007,"CASTROVILLE BL","RT 156",20.00,N,N,A,-,Y,MON,5,156,-,R,1.820,H,-,W,N,4,0,1,2,A,-,03,22350,,N,C,C,A,B,H,-,A,D,0,,,,,Y,,A,01,0,0,1,0,0,0,0,0,0,"- ","- ",,,MONTEREY,UNINCORPORATED,-121.74363087,36.768343459999997
6381812,2014,2014-06-17,9730,2014-02-06,0800,12513,,4,1,9,2700,0,3,5,,2,005,"POLLOCK LN","ORCHARD LN",25.00,W,N,C,-,N,,,,,,,,,,N,4,0,1,2,A,-,11,21954,A,N,G,B,D,B,H,-,A,D,0,Y,,,,Y,,N,60,0,0,1,0,1,0,0,0,0,"- ","- ",36.775550000000003,-121.66321000000001,MONTEREY,UNINCORPORATED,-121.66323312999999,36.775132139999997
6381820,2014,2016-03-05,9735,2014-02-10,0335,019965,,1,3,9,2700,0,1,2,,1,041,"RT 101","HOBSON AV",30.00,S,N,-,-,Y,MON,5,101,-,-,48.750,H,-,S,Y,2,0,1,1,A,-,08,22107,,F,E,I,A,-,-,-,-,D,5,,,,,Y,,A,01,1,0,0,0,0,0,0,0,0,"- ","- ",36.275910000000003,-121.18553,MONTEREY,UNINCORPORATED,-121.18547803,36.275868709999997
6381824,2014,2016-03-05,9735,2014-02-17,1310,019894,,1,1,9,2700,0,1,2,,2,043,"RT 101","SAN ARDO",5280.00,N,N,A,-,Y,MON,5,101,-,R,23.010,H,-,S,N,4,0,2,2,A,-,07,21658,A,N,B,C,A,A,H,-,A,D,1,,,,,Y,,-,,0,0,2,0,0,0,0,0,0,"- ","- ",36.029049999999998,-120.94020999999999,MONTEREY,UNINCORPORATED,-120.93402039999999,36.024147589999998
6381828,2014,2016-01-14,9735,2014-02-17,1731,019127,,1,2,9,2700,0,1,3,,2,030,"RT 146","FABRY RD",3168.00,E,N,A,-,Y,MON,5,146,-,-,4.180,H,-,W,Y,3,0,1,1,A,-,03,22350,,N,E,I,A,A,H,-,B,A,0,,,,,Y,,A,01,0,1,0,0,0,0,0,0,0,"- ","- ",36.414189999999998,-121.26437,MONTEREY,UNINCORPORATED,-121.26559792,36.415664190000001
6370656,2013,2014-04-16,2708,2013-10-17,0715,18355,270E,4,5,6,2708,0,0,0,,0,,"W LAUREL",ADAMS,0.00,,Y,A,-,N,,,,,,,,,,Y,4,0,1,2,A,-,12,21453,A,F,D,C,A,A,H,-,A,A,0,,,,,Y,,-,"- ",0,0,1,0,0,0,0,0,0,"- ","- ",,,MONTEREY,SALINAS,-121.6626029,36.697944999999997
6370660,2013,2014-04-16,2708,2013-10-24,1220,31977,,4,5,6,2708,0,0,0,,0,,"W ALVIN","N 1ST",0.00,,Y,A,-,N,,,,,,,,,,N,4,0,1,2,A,-,09,21800,A,N,D,C,A,A,H,-,A,D,0,,,,,Y,,-,"- ",0,0,1,0,0,0,0,0,0,"- ","- ",,,MONTEREY,SALINAS,-121.6561329,36.707425000000001
6370664,2013,2014-04-16,2708,2013-10-25,1154,13472,,5,5,6,2708,0,0,0,,0,2L8,"W ALISAL","CHURCH ST",0.00,,Y,A,-,N,,,,,,,,,,N,4,0,2,2,A,-,21,22106,,N,C,C,A,A,H,-,A,A,0,,,,,Y,,-,"- ",0,0,2,0,0,0,0,0,0,"- ","- ",,,MONTEREY,SALINAS,-121.6579529,36.673284899999999
6370668,2013,2014-04-16,2708,2013-10-30,1926,15945,,3,5,6,2708,0,0,0,,0,,"NORTH MAIN ST","BORONDA RD",30.00,S,N,A,-,N,,,,,,,,,,N,4,0,1,2,A,-,03,22350,,M,C,C,A,A,H,-,C,A,0,,,,,Y,,-,"- ",0,0,1,0,0,0,0,0,0,"- ","- ",,,MONTEREY,SALINAS,-121.656323,36.721412999999998
6370672,2013,2014-04-16,2708,2013-10-10,1832,71595,SALIN,4,5,6,2708,0,0,0,,0,008,"W ALISAL","SALINAS ST",0.00,,Y,A,-,N,,,,,,,,,,N,4,0,1,2,A,-,10,21950,A,F,G,G,A,A,H,-,B,A,0,,Y,,,Y,,-,"- ",0,0,1,0,0,0,1,0,0,"- ","- ",,,MONTEREY,SALINAS,-121.65601289999999,36.673524999999998
6370676,2013,2014-04-16,2708,2013-10-25,1501,13472,2L8,5,5,6,2708,0,0,0,,0,,"MONTEREY ST","EAST GABILAN ST",0.00,,Y,A,-,N,,,,,,,,,,N,4,0,2,2,A,-,03,22350,,N,C,C,A,A,H,-,A,A,0,,,,,Y,,-,"- ",0,0,2,0,0,0,0,0,0,"- ","- ",,,MONTEREY,SALINAS,-121.6541229,36.675764999999998
6370680,2013,2014-04-16,2708,2013-10-29,1637,76956,,2,5,6,2708,0,0,0,,0,008,"SOLEDAD ST","JOHN ST",0.00,,Y,A,-,N,,,,,,,,,,N,3,0,1,2,A,-,10,21950,A,N,G,B,B,A,H,-,A,A,0,Y,,,,Y,,-,"- ",0,1,0,0,1,0,0,0,0,"- ","- ",,,MONTEREY,SALINAS,-121.651233,36.670135000000002
6371660,2014,2014-06-03,2708,2014-01-15,0918,15963,,3,5,6,2708,0,0,0,,0,001,"NORTH MAIN ST","MADRID ST",0.00,,Y,A,-,N,,,,,,,,,,N,3,0,1,2,A,-,10,21950,A,F,G,B,B,A,H,-,A,A,0,Y,,,,Y,,A,01,0,1,0,0,1,0,0,0,0,"- ","- ",,,MONTEREY,SALINAS,-121.65468988000001,36.713270059999999
6371664,2014,2014-06-03,2708,2014-01-25,1136,89573,,6,5,6,2708,0,0,0,,0,010,"E ALISAL ST","WOOD ST",10.00,E,N,A,-,N,,,,,,,,,,N,4,0,1,2,A,-,10,21950,A,N,A,B,B,A,H,-,A,A,0,Y,,,,Y,,-,,0,0,1,0,1,0,0,0,0,"- ","- ",,,MONTEREY,SALINAS,-121.63536620000001,36.67369635
6371668,2014,2015-08-10,2708,2014-01-05,1823,71595,,7,5,6,2708,0,0,0,,0,009,"E BLANCO","GABILAN PARK PL",52.00,S,N,A,-,N,,,,,,,,,,Y,4,0,2,2,A,-,01,23152,A,N,D,C,A,A,H,-,C,A,0,,,,,Y,Y,-,,0,0,2,0,0,0,0,0,0,"- ","- ",,,MONTEREY,SALINAS,,
6371672,2014,2014-06-26,2708,2014-01-03,0134,03581,,5,5,6,2708,0,0,0,,0,008,"PAJARO ST","E ALISAL ST",0.00,,Y,A,-,N,,,,,,,,,,Y,4,0,1,2,A,-,01,23152,A,F,D,C,A,A,H,-,C,A,0,,,,,Y,Y,-,,0,0,1,0,0,0,0,0,0,"- ","- ",,,MONTEREY,SALINAS,-121.65255986,36.674120000000002
6371676,2014,2014-06-03,2708,2014-01-22,0836,52823,,3,5,6,2708,0,0,0,,0,008,"W ALISAL ST","SALINAS ST",0.00,,Y,A,-,N,,,,,,,,,,Y,4,0,2,2,A,-,12,21453,A,N,D,C,A,A,H,-,A,A,0,,,,,Y,,-,,0,0,2,0,0,0,0,0,0,"- ","- ",,,MONTEREY,SALINAS,-121.65602994,36.673620020000001
6357105,2014,2014-06-05,2701,2014-01-24,1900,5375,,5,5,2,2701,0,0,0,,0,,"DOLORES ST","7TH AV",99.00,N,N,A,-,N,,,,,,,,,,N,4,0,1,2,A,-,11,21950,B,N,G,B,D,A,H,-,C,D,0,Y,,,,Y,,N,60,0,0,1,0,1,0,0,0,0,"- ","- ",,,MONTEREY,CARMEL,-121.92266418,36.55406198
6393271,2014,2014-06-12,2707,2014-01-01,1159,1967,2707,3,5,3,2707,0,0,0,,0,002,"1ST ST","OCEAN VIEW BL",73.00,S,N,A,-,N,,,,,,,,,,Y,3,0,4,3,A,-,03,22350,,N,C,C,A,A,H,-,A,D,0,,,,,Y,Y,A,01,0,2,2,0,0,0,0,0,0,"- ","- ",,,MONTEREY,"PACIFIC GROVE",-121.90748413999999,36.62041224
6395620,2014,2014-07-02,2710,2014-01-07,1057,36403,,2,5,4,2710,0,0,0,,0,003,"DEL MONTE","RT 218",0.00,,Y,A,-,Y,,,,,,,,,,N,4,0,1,2,A,-,17,21663,,N,D,G,A,A,H,-,A,A,0,,Y,,,Y,,L,04,0,0,1,0,0,0,1,0,0,"- ","- ",,,MONTEREY,SEASIDE,,
6396344,2014,2015-01-09,2703,2014-01-04,1632,0645,2703,6,5,2,2703,0,0,0,,0,ALL,"ALTA ST","5TH ST",0.00,,Y,A,-,N,,,,,,,,,,N,4,0,1,2,A,-,08,22107,,N,D,D,A,A,H,-,B,D,0,,,Y,,Y,,-,,0,0,1,0,0,0,0,0,1,"- ","- ",,,MONTEREY,GONZALES,-121.44578998,36.507360079999998
6397044,2014,2014-06-05,2706,2014-02-18,1032,335,2706,2,5,4,2706,0,0,0,,0,003,"DEL MONTE AV","PARK AV",120.00,W,N,A,-,N,,,,,,,,,,Y,4,0,1,2,A,-,03,22350,,N,C,C,A,A,H,-,A,D,0,,,,,Y,,A,01,0,0,1,0,0,0,0,0,0,"- ","- ",,,MONTEREY,MONTEREY,-121.88269886,36.599933929999999
6397765,2014,2015-11-19,9730,2014-02-24,1624,019934,,1,2,4,2710,0,1,3,,2,062,"RT 1","RT 218",528.00,N,N,A,-,Y,MON,5,1,-,R,80.360,H,-,N,N,4,0,1,2,A,-,03,22350,,N,C,C,A,A,H,-,A,D,1,,,,,Y,,D,22,0,0,1,0,0,0,0,0,0,"- ","- ",,,MONTEREY,SEASIDE,-121.84618447,36.621240020000002
6398420,2014,2014-06-03,9735,2014-01-23,1300,019014,,4,1,9,2700,0,3,5,,2,001,"FORT ROMIE RD","MISSION RD",528.00,S,N,A,-,N,,,,,,,,,,Y,2,0,1,1,A,-,03,22350,,N,F,A,A,A,H,-,A,D,0,,,,,Y,,A,07,1,0,0,0,0,0,0,0,0,"- ","- ",36.404499999999999,-121.36,MONTEREY,UNINCORPORATED,-121.36235317000001,36.40412139
6398591,2014,2016-03-05,9735,2014-01-26,1854,19263,,7,2,9,2700,0,1,3,,1,035,"RT 198","PEACH TREE RD",5808.00,E,N,A,-,Y,MON,5,198,-,-,15.170,H,-,W,Y,2,0,4,2,A,-,01,23152,A,N,A,C,A,A,H,-,D,D,0,,,,,Y,Y,A,01,3,1,0,0,0,0,0,0,0,"- ","- ",36.19106,-120.80282,MONTEREY,UNINCORPORATED,-120.802913,36.191318649999999
6398619,2014,2015-11-19,9730,2014-01-18,1519,19569,,6,2,9,2700,0,1,3,,1,014,"RT 1","PALO COLORADO RD",3168.00,S,N,A,-,Y,MON,5,1,-,-,60.880,H,-,N,Y,3,0,3,4,A,-,03,22350,,N,C,C,A,A,H,-,A,D,0,,,,,Y,,A,07,0,2,1,0,0,0,0,0,0,"- ","- ",,,MONTEREY,UNINCORPORATED,-121.90155716,36.389935960000003
6398623,2014,2015-11-19,9730,2014-01-31,1645,19529,,5,2,4,2706,0,1,3,,2,062,"RT 1","CASA VERDE WY",600.00,S,N,A,-,Y,MON,5,1,-,R,78.350,H,-,N,N,3,0,1,2,A,-,06,21755,,N,B,C,A,A,H,-,A,D,1,,,Y,,Y,,C,02,0,1,0,0,0,0,0,0,1,"- ","- ",,,MONTEREY,MONTEREY,-121.86564228,36.597469230000002
6403103,2014,2016-01-14,9730,2014-03-07,1430,019569,,5,2,9,2700,0,1,3,,1,014,"RT 1","LITTLE SUR RIVER BR",2640.00,S,N,A,-,Y,MON,5,1,-,-,55.600,H,-,S,N,4,0,1,2,A,-,"- ",,,N,C,C,A,A,H,-,A,D,0,,,,,Y,,D,22,0,0,1,0,0,0,0,0,0,"- ","- ",,,MONTEREY,UNINCORPORATED,-121.89242974,36.329758630000001
6403397,2014,2014-05-12,2708,2014-02-27,0817,52823,,4,5,6,2708,0,0,0,,0,,"NORTH MAIN ST","W MENKE ST",0.00,,Y,A,-,N,,,,,,,,,,N,4,0,2,2,A,-,03,22350,,N,C,C,A,A,H,-,A,D,0,,,,,Y,,-,,0,0,2,0,0,0,0,0,0,"- ","- ",,,MONTEREY,SALINAS,-121.65361986000001,36.682180119999998
6371680,2014,2014-06-03,2708,2014-01-21,1813,31110,WPC,2,5,6,2708,0,0,0,,0,010,"E ALISAL ST","S WOOD ST",200.00,W,N,A,-,N,,,,,,,,,,Y,4,0,1,2,A,-,03,22350,,F,C,C,A,A,H,-,C,A,0,,,,,Y,Y,-,,0,0,1,0,0,0,0,0,0,"- ","- ",,,MONTEREY,SALINAS,-121.63607635,36.673771199999997
6372616,2013,2014-05-13,2706,2013-11-30,2039,721,2719,6,5,4,2706,0,0,0,,0,ALL,"ABRAMS DR","INTER-GARRISON RD",65.00,N,N,E,-,N,,,,,,,,,,Y,4,0,1,1,A,-,08,22107,,N,-,I,A,B,H,-,C,A,0,,,,,Y,,A,01,0,0,1,0,0,0,0,0,0,"- ","- ",,,MONTEREY,MONTEREY,-121.7665973,36.655243400000003
6372677,2013,2014-05-05,2710,2013-11-08,0830,38385,2710,5,5,4,2710,0,0,0,,0,02B,"SAN PABLO AV","HILTON ST",0.00,,Y,-,-,N,,,,,,,,,,N,4,0,1,1,D,-,00,,,F,-,-,-,-,-,-,-,-,0,Y,,,,Y,,-,"- ",0,0,1,0,1,0,0,0,0,"- ","- ",,,MONTEREY,SEASIDE,-121.8388229,36.6148849
6372678,2013,2014-05-07,2710,2013-11-04,1447,32771,,1,5,4,2710,0,0,0,,0,,"FREMONT BL","LA SALLE AV",12.00,S,N,A,-,N,,,,,,,,,,N,4,0,1,2,A,-,03,22350,,N,C,C,A,A,H,-,A,A,0,,,,,Y,,D,,0,0,1,0,0,0,0,0,0,"- ","- ",,,MONTEREY,SEASIDE,-121.8417786,36.616804399999999
6372679,2013,2014-05-07,2710,2013-11-20,0736,32771,,3,5,4,2710,0,0,0,,0,,"KIMBALL AV","HART ST",243.00,E,N,B,-,N,,,,,,,,,,N,4,0,1,3,A,-,09,21804,A,N,D,C,A,B,H,-,A,D,0,,,,,Y,,A,01,0,0,1,0,0,0,0,0,0,"- ","- ",,,MONTEREY,SEASIDE,-121.848005,36.599754900000001
6372680,2013,2014-05-07,2710,2013-11-22,1822,33762,2710,5,5,4,2710,0,0,0,,0,01B,"FREMONT BL","ECHO AV",21.00,N,N,A,-,N,,,,,,,,,,N,3,0,1,2,A,-,05,21650,1,N,H,G,A,A,H,-,C,A,0,,Y,,,Y,,L,04,0,1,0,0,0,0,1,0,0,"- ","- ",,,MONTEREY,SEASIDE,-121.84315549999999,36.614128100000002
6372975,2014,2014-06-06,2706,2014-02-07,0816,119,2706,5,5,4,2706,0,0,0,,0,002,"CAMINO EL ESTERO","FRANKLIN ST",0.00,,Y,B,-,N,,,,,,,,,,N,4,0,1,2,A,-,12,22450,A,N,D,C,A,B,H,-,A,A,0,,,,,Y,,D,22,0,0,1,0,0,0,0,0,0,"- ","- ",,,MONTEREY,MONTEREY,-121.88749991,36.598890089999998
6373168,2014,2014-06-06,2712,2014-01-27,1802,274,,1,5,3,2712,0,0,0,,0,001,"DELMONTE BL","REINDOLLAR AV",0.00,N,N,B,-,N,,,,,,,,,,Y,4,0,1,2,A,-,01,23153,A,N,C,C,A,A,H,-,C,A,0,,,,,Y,Y,A,01,0,0,1,0,0,0,0,0,0,"- ","- ",,,MONTEREY,MARINA,-121.80595987,36.680990080000001
6374740,2013,2014-05-30,2710,2013-12-03,0853,34127,,2,5,4,2710,0,0,0,,0,003,"CANYON DEL REY","ROBERTS AV",46.00,W,N,B,-,N,,,,,,,,,,N,4,0,1,3,A,-,03,22350,,N,C,C,A,A,H,-,A,D,0,,,,,Y,,-,"- ",0,0,1,0,0,0,0,0,0,"- ","- ",,,MONTEREY,SEASIDE,-121.8575312,36.609269400000002
6374741,2013,2014-05-30,2710,2013-12-28,1643,36059,,6,5,4,2710,0,0,0,,0,,"DELMONTE BL","LA SALLE AV",0.00,,Y,A,-,N,,,,,,,,,,N,3,0,1,2,A,-,08,22107,,N,D,C,A,A,H,-,A,D,0,,,,,Y,,-,"- ",0,1,0,0,0,0,0,0,0,"- ","- ",,,MONTEREY,SEASIDE,0,0
6374742,2013,2014-05-30,2710,2013-12-24,0911,32771,,2,5,4,2710,0,0,0,,0,,"MONTEREY RD","BUNA LOOP",318.00,S,N,A,-,N,,,,,,,,,,Y,4,0,2,1,A,-,08,22107,,N,-,I,A,A,H,-,A,D,0,,,,,Y,,-,"- ",0,0,2,0,0,0,0,0,0,"- ","- ",,,MONTEREY,SEASIDE,-121.83321909999999,36.630488499999998
6374866,2013,2014-12-29,2710,2013-12-17,1926,33466,,2,5,4,2710,0,0,0,,0,,"BROADWAY AV","BROADWAY AV 1022",0.00,,N,A,-,N,,,,,,,,,,Y,4,0,1,1,B,-,22,,,N,H,E,A,A,H,-,C,D,0,,,,,Y,,-,"- ",0,0,1,0,0,0,0,0,0,"- ","- ",,,MONTEREY,SEASIDE,0,0
6381832,2014,2016-03-05,9735,2014-02-09,1128,017681,,7,1,3,2704,0,1,2,,1,040,"RT 101","WALNUT AV",1584.00,N,N,B,-,Y,MON,5,101,-,-,54.160,H,-,N,Y,2,0,1,1,A,-,07,21658,A,N,F,A,A,A,H,-,A,D,1,,,,,Y,,A,07,1,0,0,0,0,0,0,0,0,"- ","- ",36.223080000000003,-121.24687,MONTEREY,GREENFIELD,-121.24752715,36.332580720000003
6382589,2014,2014-06-13,2706,2014-02-14,0821,119,2706,5,5,4,2706,0,0,0,,0,003,"DEL MONTE AV","CUNNINGHAM RD",79.00,W,N,A,-,N,,,,,,,,,,Y,4,0,1,3,A,-,03,22350,,N,C,C,A,A,H,-,A,D,0,,,,,Y,,D,22,0,0,1,0,0,0,0,0,0,"- ","- ",,,MONTEREY,MONTEREY,-121.87437514,36.599950810000003
6384967,2014,2014-06-06,2708,2014-01-31,1333,75791,,5,5,6,2708,0,0,0,,0,008,"NORTH MAIN ST",CASENTINI,270.00,N,N,A,-,N,,,,,,,,,,N,4,0,1,2,A,-,03,22350,,N,C,C,A,A,H,-,A,A,0,,,,,Y,,-,,0,0,1,0,0,0,0,0,0,"- ","- ",,,MONTEREY,SALINAS,-121.65277662,36.685025279999998
6384971,2014,2014-06-06,2708,2014-01-28,1744,54370,,2,5,6,2708,0,0,0,,0,008,"MAIN ST","MARKET ST",300.00,N,N,A,-,N,,,,,,,,,,N,3,0,1,2,A,-,05,21202,A,F,A,G,A,A,H,-,C,D,0,,Y,,,Y,Y,L,04,0,1,0,0,0,0,1,0,0,"- ","- ",,,MONTEREY,SALINAS,-121.65529028,36.678244079999999
6384975,2014,2014-06-25,2708,2014-01-28,1531,52823,,2,5,6,2708,0,0,0,,0,001,"NORTH MAIN ST","BOLIVAR ST",0.00,,Y,A,-,N,,,,,,,,,,Y,4,0,1,2,A,-,12,21453,A,N,D,C,A,A,H,-,A,A,0,,,,,Y,,-,"- ",0,0,1,0,0,0,0,0,0,"- ","- ",,,MONTEREY,SALINAS,-121.65636988,36.725050070000002
6384979,2014,2014-06-25,2708,2014-01-31,0836,27345,,5,5,6,2708,0,0,0,,0,,"EAST LAUREL DR","NATIVIDAD RD",0.00,,Y,A,-,N,,,,,,,,,,N,3,0,2,2,A,-,03,22350,,N,C,C,A,A,H,-,A,A,0,,,,,Y,Y,-,,0,1,1,0,0,0,0,0,0,"- ","- ",,,MONTEREY,SALINAS,-121.63828998,36.696330019999998
6384983,2014,2014-06-06,2708,2014-01-28,1300,52823,,2,5,6,2708,0,0,0,,0,005,"NORTH MAIN ST","EAST BERNAL DR",35.00,S,N,A,-,N,,,,,,,,,,N,4,0,1,2,A,-,04,21703,,N,C,C,A,A,H,-,A,A,0,,,,,Y,,-,,0,0,1,0,0,0,0,0,0,"- ","- ",,,MONTEREY,SALINAS,-121.65228534000001,36.689873939999998
6384987,2014,2014-06-06,2708,2014-01-24,1742,49014,,5,5,6,2708,0,0,0,,0,,"WEST LAUREL DR","RT 101",100.00,E,N,A,-,N,,,,,,,,,,Y,4,0,2,3,A,-,08,22107,,N,C,C,A,A,H,-,C,A,0,,,,,Y,,-,,0,0,2,0,0,0,0,0,0,"- ",SO,,,MONTEREY,SALINAS,-121.6642701,36.697811469999998
6384991,2014,2014-06-06,2708,2014-01-26,1854,79562,SALIN,7,5,6,2708,0,0,0,,0,005,"CHAPARRAL ST","TAPADERO ST",150.00,E,N,A,-,N,,,,,,,,,,N,3,0,1,2,A,-,03,22350,,F,A,B,E,A,H,-,C,A,0,Y,,,,Y,Y,-,,0,1,0,0,1,0,0,0,0,"- ","- ",,,MONTEREY,SALINAS,-121.64950055,36.703709619999998
6384995,2014,2014-06-06,2708,2014-01-25,1635,15945,,6,5,6,2708,0,0,0,,0,,"EAST BORONDA RD","NATIVIDAD RD",300.00,W,N,A,-,N,,,,,,,,,,Y,2,0,3,3,A,-,03,22350,,N,C,C,A,A,H,-,A,D,0,,,,,Y,,-,,1,0,2,0,0,0,0,0,0,"- ","- ",,,MONTEREY,SALINAS,-121.6245299,36.7156746
6384999,2014,2014-06-06,2708,2014-01-25,1812,15945,,6,5,6,2708,0,0,0,,0,,"BUNKER HILL DR","CONSTITUTION BL",0.00,,Y,A,-,N,,,,,,,,,,N,2,0,2,3,A,-,10,21950,A,N,G,B,D,A,H,-,C,D,0,Y,,,,Y,,-,,1,0,1,0,2,0,0,0,0,"- ","- ",,,MONTEREY,SALINAS,-121.61745986,36.699470089999998
6385003,2014,2014-06-06,2708,2014-01-23,1711,15945,,4,5,6,2708,0,0,0,,0,,"E ALISAL ST","HARMONY LN",0.00,,Y,A,-,N,,,,,,,,,,N,3,0,1,2,A,-,09,21804,A,N,D,G,A,A,H,-,A,A,0,,Y,,,Y,,-,,0,1,0,0,0,0,1,0,0,"- ","- ",,,MONTEREY,SALINAS,-121.65423994,36.673890110000002
6385007,2014,2014-06-06,2708,2014-01-22,1751,31110,,3,5,6,2708,0,0,0,,0,,"EAST MARKET ST","NORTH SANBORN RD",75.00,E,N,A,-,N,,,,,,,,,,N,3,0,1,2,A,-,09,21804,A,N,D,G,A,A,H,-,C,A,0,,Y,,,Y,,-,,0,1,0,0,0,0,1,0,0,"- ","- ",,,MONTEREY,SALINAS,-121.62682984999999,36.676493039999997
6389526,2014,2016-03-05,2706,2014-02-19,0826,229,2706,3,5,4,2706,0,0,0,,0,003,"RT 68","OXTON RD",96.00,W,N,A,-,Y,MON,5,68,-,-,5.380,H,-,W,Y,3,0,2,2,A,-,03,22350,,N,C,C,A,B,H,-,A,A,0,,,,,Y,,A,01,0,1,1,0,0,0,0,0,0,"- ","- ",,,MONTEREY,MONTEREY,-121.8528553,36.583556719999997
6389585,2014,2014-06-18,2706,2014-02-19,1723,505,2706,3,5,4,2706,0,0,0,,0,001,"CANNERY ROW ST","PRESCOTT AV",73.00,S,N,A,-,N,,,,,,,,,,N,4,0,1,2,B,-,22,,,N,-,A,A,A,H,-,A,A,0,,Y,,,Y,,L,04,0,0,1,0,0,0,1,0,0,"- ","- ",,,MONTEREY,MONTEREY,,
6389589,2014,2014-06-18,2706,2014-02-16,1250,119,2706,7,5,4,2706,0,0,0,,0,003,"NORTH FREMONT ST","AIRPORT RD",15.00,W,N,A,-,N,,,,,,,,,,N,4,0,1,2,A,-,03,22350,,N,C,C,A,A,H,-,A,A,0,,,,,Y,,A,01,0,0,1,0,0,0,0,0,0,"- ","- ",,,MONTEREY,MONTEREY,-121.8589401,36.596631850000001
6389593,2014,2014-06-18,2706,2014-02-07,1634,229,2706,5,5,4,2706,0,0,0,,0,001,"PRIVATE BOLIO RD","LIGHTHOUSE AV",20.00,W,N,C,-,N,,,,,,,,,,N,4,0,1,2,A,-,03,22350,,N,C,C,A,B,H,-,A,A,0,,,,,Y,,A,08,0,0,1,0,0,0,0,0,0,"- ","- ",,,MONTEREY,MONTEREY,-121.89729106,36.608445580000001