CASE_ID,ACCIDENT_YEAR,PROC_DATE,JURIS,COLLISION_DATE,COLLISION_TIME,OFFICER_ID,REPORTING_DISTRICT,DAY_OF_WEEK,CHP_SHIFT,POPULATION,CNTY_CITY_LOC,SPECIAL_COND,BEAT_TYPE,CHP_BEAT_TYPE,CITY_DIVISION_LAPD,CHP_BEAT_CLASS,BEAT_NUMBER,PRIMARY_RD,SECONDARY_RD,DISTANCE,DIRECTION,INTERSECTION,WEATHER_1,WEATHER_2,STATE_HWY_IND,CALTRANS_COUNTY,CALTRANS_DISTRICT,STATE_ROUTE,ROUTE_SUFFIX,POSTMILE_PREFIX,POSTMILE,LOCATION_TYPE,RAMP_INTERSECTION,SIDE_OF_HWY,TOW_AWAY,COLLISION_SEVERITY,NUMBER_KILLED,NUMBER_INJURED,PARTY_COUNT,PRIMARY_COLL_FACTOR,PCF_CODE_OF_VIOL,PCF_VIOL_CATEGORY,PCF_VIOLATION,PCF_VIOL_SUBSECTION,HIT_AND_RUN,TYPE_OF_COLLISION,MVIW,PED_ACTION,ROAD_SURFACE,ROAD_COND_1,ROAD_COND_2,LIGHTING,CONTROL_DEVICE,CHP_ROAD_TYPE,PEDESTRIAN_ACCIDENT,BICYCLE_ACCIDENT,MOTORCYCLE_ACCIDENT,TRUCK_ACCIDENT,NOT_PRIVATE_PROPERTY,ALCOHOL_INVOLVED,STWD_VEHTYPE_AT_FAULT,CHP_VEHTYPE_AT_FAULT,COUNT_SEVERE_INJ,COUNT_VISIBLE_INJ,COUNT_COMPLAINT_PAIN,COUNT_PED_KILLED,COUNT_PED_INJURED,COUNT_BICYCLIST_KILLED,COUNT_BICYCLIST_INJURED,COUNT_MC_KILLED,COUNT_MC_INJURED,PRIMARY_RAMP,SECONDARY_RAMP,LATITUDE,LONGITUDE,COUNTY,CITY,POINT_X,POINT_Y
6389597,2014,2014-06-18,2706,2014-02-14,1703,395,2706,5,5,4,2706,0,0,0,,0,001,"PRESCOTT AV","LIGHTHOUSE AV",117.00,S,N,A,-,N,,,,,,,,,,N,3,0,1,2,A,-,09,21804,A,N,B,G,A,A,H,-,A,D,0,,Y,,,Y,,-,"- ",0,1,0,0,0,0,1,0,0,"- ","- ",,,MONTEREY,MONTEREY,-121.90301784,36.614527019999997
6389744,2014,2014-06-12,9730,2014-02-17,1919,019806,,1,2,9,2700,0,3,5,,2,007,"SALINAS RD","WERNER RD",0.00,,Y,B,-,N,,,,,,,,,,Y,2,0,2,2,A,-,09,21802,A,N,D,C,A,A,H,-,D,A,0,,,,,Y,,A,01,1,0,1,0,0,0,0,0,0,"- ","- ",,,MONTEREY,UNINCORPORATED,-121.75139999,36.878270030000003
6389767,2014,2014-06-13,9730,2014-02-20,0950,018766,,4,1,9,2700,0,3,5,,2,006,"RESERVATION RD","DAVIS RD",455.00,E,N,A,-,N,,,,,,,,,,Y,4,0,1,2,A,-,16,29004,A,N,A,C,A,A,H,-,A,D,0,,,,,Y,,E,22,0,0,1,0,0,0,0,0,0,"- ","- ",36.641069999999999,-121.70514,MONTEREY,UNINCORPORATED,-121.7052302,36.64107138
6389775,2014,2014-06-13,9730,2014-02-18,1928,019512,,2,2,9,2700,0,2,4,,1,073,"ELKHORN RD","HALL RD",576.00,N,N,A,-,N,,,,,,,,,,Y,4,0,1,2,A,-,09,21801,A,N,D,C,A,A,H,-,D,D,0,,,,,Y,,D,22,0,0,1,0,0,0,0,0,0,"- ","- ",36.870609999999999,-121.74442999999999,MONTEREY,UNINCORPORATED,-121.74432643,36.870052790000003
6389779,2014,2016-01-14,9730,2014-02-21,0610,019837,,5,1,9,2700,0,1,2,,1,070,"RT 101","CRAZY HORSE CANYON RD",0.00,,Y,A,-,Y,MON,5,101,-,-,98.081,R,4,N,Y,4,0,1,2,A,-,09,21802,A,N,D,C,A,A,H,-,A,A,5,,,,,Y,,A,07,0,0,1,0,0,0,0,0,0,TO,"- ",36.817959999999999,-121.63263000000001,MONTEREY,UNINCORPORATED,-121.63735004999999,36.816031959999997
6390424,2014,2014-06-10,2706,2014-01-15,1429,590,2706,3,5,4,2706,0,0,0,,0,003,"ENGLISH AV","DEL MONTE AV",0.00,,Y,A,-,N,,,,,,,,,,N,4,0,1,2,A,-,03,22350,,F,C,C,A,A,H,-,A,A,0,,,,,Y,,A,01,0,0,1,0,0,0,0,0,0,"- ","- ",,,MONTEREY,MONTEREY,-121.86071986,36.604820089999997
6390932,2014,2015-02-03,2707,2014-02-07,0535,2108,2707,5,5,3,2707,0,0,0,,0,002,"14TH ST","LIGHTHOUSE AV",108.00,N,N,B,-,N,,,,,,,,,,Y,3,0,1,4,A,-,21,22106,,N,B,E,A,A,H,-,D,D,0,,,,,Y,,D,22,0,1,0,0,0,0,0,0,0,"- ","- ",,,MONTEREY,"PACIFIC GROVE",-121.91552449,36.620401620000003
6403683,2014,2014-07-01,2703,2014-02-01,0744,0487,2703,6,5,2,2703,0,0,0,,0,,"5TH ST","5TH ST 500",0.00,,Y,A,-,N,,,,,,,,,,N,3,0,1,2,A,-,"- ",,,N,G,G,A,A,H,-,A,A,0,,Y,,,Y,,A,01,0,1,0,0,0,0,1,0,0,"- ","- ",,,MONTEREY,GONZALES,,
6404292,2014,2014-06-25,2710,2014-01-06,1548,34127,,1,5,4,2710,0,0,0,,0,001,"FREMONT BL","KIMBALL AV",0.00,,Y,B,-,N,,,,,,,,,,N,3,0,1,2,D,-,00,,,N,H,G,A,A,H,-,A,A,0,,Y,,,Y,,-,"- ",0,1,0,0,0,0,1,0,0,"- ","- ",,,MONTEREY,SEASIDE,-121.85014993999999,36.599820059999999
6404296,2014,2014-06-17,2710,2014-01-09,0414,37346,,4,5,4,2710,0,0,0,,0,,"N FREMONT","2400 N FREMONT",1.00,W,N,A,-,N,,,,,,,,,,Y,2,0,1,1,A,-,08,22107,,N,A,I,A,A,H,-,C,D,0,,,,,Y,Y,-,,1,0,0,0,0,0,0,0,0,"- ","- ",,,MONTEREY,SEASIDE,,
6404300,2014,2014-06-17,2710,2014-01-18,1345,36059,MARIN,6,5,4,2710,0,0,0,,0,,"FREMONT BL",BROADWAY,99.00,S,N,A,-,N,,,,,,,,,,N,4,0,2,2,A,-,21,22106,,N,C,C,A,A,H,-,A,B,0,,,,,Y,,A,,0,0,2,0,0,0,0,0,0,"- ","- ",,,MONTEREY,SEASIDE,-121.8457811,36.60890938
6404304,2014,2016-01-14,2710,2014-01-19,1915,38390,SEASI,7,5,4,2710,0,0,0,,0,,"RT 218","FREMONT BL",238.00,,N,A,-,Y,MON,5,218,-,-,0.050,H,-,E,N,4,0,2,2,A,-,03,22350,,N,C,C,A,A,H,-,C,A,0,,,,,Y,Y,-,,0,0,2,0,0,0,0,0,0,"- ","- ",,,MONTEREY,SEASIDE,-121.8502032,36.59836688
6404308,2014,2014-06-17,2710,2014-01-23,0824,37797,,4,5,4,2710,0,0,0,,0,02B,"MONTEREY RD","BOUGANVILLE RD",0.00,,Y,A,-,N,,,,,,,,,,N,4,0,1,1,A,-,08,22107,,N,E,J,A,A,H,-,A,A,0,,,,,Y,,A,01,0,0,1,0,0,0,0,0,0,"- ","- ",,,MONTEREY,SEASIDE,-121.82874995,36.633380039999999
6404312,2014,2014-06-17,2710,2014-01-28,1731,32771,,2,5,4,2710,0,0,0,,0,,"SONOMA AV","HILLSDALE ST",0.00,,Y,B,-,N,,,,,,,,,,Y,4,0,2,2,A,-,03,22350,,F,-,C,A,A,H,-,B,A,0,,,,,Y,Y,-,,0,0,2,0,0,0,0,0,0,"- ","- ",,,MONTEREY,SEASIDE,-121.85064998,36.606310039999997
6406625,2013,2014-03-22,9730,2013-07-13,2119,20144,,6,2,9,2700,0,2,4,,1,073,"SALINAS RD","LEWIS RD",450.00,N,N,B,-,N,,,,,,,,,,Y,4,0,1,2,A,-,03,22350,,N,C,C,A,A,H,-,C,D,0,,,,,Y,,A,07,0,0,1,0,0,0,0,0,0,"- ","- ",36.891939999999998,-121.7475,MONTEREY,UNINCORPORATED,-121.7474524,36.892296100000003
6406947,2014,2014-06-11,2704,2014-01-22,1015,5546,2704,3,5,3,2704,0,0,0,,0,001,"WALNUT AV","EL CAMINO REAL",0.00,E,N,A,-,N,,,,,,,,,,Y,4,0,1,2,A,-,09,21453,C,N,D,C,A,A,H,-,A,A,0,,,,,Y,,A,01,0,0,1,0,0,0,0,0,0,"- ","- ",,,MONTEREY,GREENFIELD,-121.24847991,36.326820009999999
6425116,2014,2016-01-14,9730,2014-02-25,0003,20168,,2,3,3,2712,0,1,3,,2,062,"RT 1","IMJIN PKWY",2640.00,S,N,A,-,Y,MON,5,1,-,R,83.980,H,-,S,Y,2,0,2,2,A,-,01,23152,A,N,A,C,A,A,H,-,D,D,1,,,,,Y,Y,A,01,1,0,1,0,0,0,0,0,0,"- ","- ",36.668480000000002,-121.81346000000001,MONTEREY,MARINA,-121.81635382,36.662677440000003
6425117,2014,2016-01-14,9730,2014-02-25,0840,12332,,2,1,9,2700,0,3,5,,2,007,"SALINAS RD","RT 1",0.00,S,N,A,-,Y,MON,5,1,-,T,101.040,I,5,N,Y,4,0,2,1,A,-,08,22107,,N,E,I,A,A,H,-,A,D,0,,,,,Y,,A,07,0,0,2,0,0,0,0,0,0,"- ",NF,,,MONTEREY,UNINCORPORATED,-121.77007132,36.869873069999997
6425118,2014,2014-06-25,9730,2014-02-22,1700,19770,,6,2,9,2700,0,2,4,,2,063,"BLANCO RD","LA MESA WY",0.00,,Y,A,-,N,,,,,,,,,,Y,3,0,3,2,A,-,09,21802,A,N,D,C,A,A,H,-,A,A,0,,,,,Y,,A,01,0,1,2,0,0,0,0,0,0,"- ","- ",36.652349999999998,-121.6473,MONTEREY,UNINCORPORATED,-121.64704995,36.65263006
6411284,2014,2014-06-27,2706,2014-03-16,2256,851,,7,5,4,2706,0,0,0,,0,003,"DEL MONTE AV","CASA VERDE WY",0.00,,Y,B,-,N,,,,,,,,,,Y,4,0,1,2,A,-,01,23152,A,F,D,C,A,A,H,-,C,A,0,,,,,Y,Y,A,01,0,0,1,0,0,0,0,0,0,"- ","- ",,,MONTEREY,MONTEREY,-121.86659989,36.602080010000002
6413645,2014,2014-06-23,2706,2014-02-07,1729,949,MPD,5,5,4,2706,0,0,0,,0,001,"LIGHTHOUSE AV","DAVID AV",118.00,W,N,C,-,N,,,,,,,,,,Y,4,0,1,3,A,-,21,22106,,N,C,C,A,B,H,-,C,A,0,,,Y,,Y,,A,01,0,0,1,0,0,0,0,0,1,"- ","- ",,,MONTEREY,MONTEREY,-121.90471056,36.617049809999997
6413649,2014,2014-06-23,2706,2014-02-01,0845,031,2706,6,5,4,2706,0,0,0,,0,002,"DON DAHVEE LN","ALTA MESA CIR",0.00,,Y,A,-,N,,,,,,,,,,N,4,0,1,2,A,-,03,22350,,N,G,-,-,A,H,-,A,D,0,Y,,,,Y,,A,01,0,0,1,0,1,0,0,0,0,"- ","- ",,,MONTEREY,MONTEREY,-121.89699994,36.586290030000001
6413799,2014,2014-06-16,2706,2014-01-30,2003,183,2706,4,5,4,2706,0,0,0,,0,001,"LIGHTHOUSE AV","DRAKE AV",15.00,S,N,B,-,N,,,,,,,,,,N,3,0,1,2,A,-,10,21950,A,N,G,B,B,A,H,-,C,A,0,Y,,,,Y,,A,01,0,1,0,0,1,0,0,0,0,"- ","- ",,,MONTEREY,MONTEREY,-121.89991083,36.611416159999997
6414584,2014,2014-06-20,2712,2014-02-24,1834,683,2712,1,5,3,2712,0,0,0,,0,001,"DEL MONTE BL","CYPRESS AV",148.00,N,N,A,-,N,,,,,,,,,,Y,4,0,1,3,A,-,03,22350,,N,C,C,A,A,H,-,C,D,0,,,,,Y,,A,01,0,0,1,0,0,0,0,0,0,"- ","- ",,,MONTEREY,MARINA,-121.80493823,36.682117380000001
6416346,2014,2015-01-26,2708,2014-02-03,1901,71595,,1,5,6,2708,0,0,0,,0,005,"NATIVIDAD RD","SORRENTINI DR",250.00,N,N,A,-,N,,,,,,,,,,N,4,0,1,2,-,-,"- ",,,M,G,B,F,A,H,-,A,D,0,Y,,,,Y,,-,"- ",0,0,1,0,1,0,0,0,0,"- ","- ",,,MONTEREY,SALINAS,-121.63986850000001,36.694930329999998
6416722,2014,2016-03-05,9735,2014-03-04,0520,19894,,2,3,9,2700,0,1,3,,1,035,"RT 198","PRIEST VALLEY RD",7920.00,E,N,B,-,Y,MON,5,198,-,-,25.010,H,-,W,Y,2,0,3,1,A,-,08,22107,,F,F,J,A,A,H,-,D,D,0,,,,,Y,Y,A,01,1,1,1,0,0,0,0,0,0,"- ","- ",36.173760000000001,-120.67444999999999,MONTEREY,UNINCORPORATED,-120.67545063999999,36.173983020000001
6416754,2014,2014-07-03,9735,2014-03-11,1045,15466,,2,1,9,2700,0,3,5,,2,004,"CATTLEMEN RD","PINE VALLEY RD",1584.00,N,N,A,-,N,,,,,,,,,,Y,4,0,1,1,A,-,08,22107,,N,E,I,A,A,H,-,A,D,0,,,,,Y,,A,01,0,0,1,0,0,0,0,0,0,"- ","- ",36.046689999999998,-120.56546,MONTEREY,UNINCORPORATED,-120.94176736,36.077085279999999
6417057,2014,2014-07-03,2706,2014-03-11,2159,851,2706,2,5,4,2706,0,0,0,,0,002,"MAR VISTA DR","SOLEDAD PL",599.00,S,N,A,-,N,,,,,,,,,,Y,3,0,1,1,A,-,01,23152,A,M,G,A,A,A,H,-,D,D,0,,,,,Y,Y,A,01,0,1,0,0,0,0,0,0,0,"- ","- ",,,MONTEREY,MONTEREY,-121.91068352000001,36.585247170000002
6417061,2014,2014-07-03,2706,2014-03-13,1400,119,2706,4,5,4,2706,0,0,0,,0,002,"MUNRAS AV","WEBSTER ST",140.00,S,N,A,-,N,,,,,,,,,,N,4,0,1,2,A,-,21,22106,,N,C,C,A,A,H,-,A,D,0,,,,,Y,,A,01,0,0,1,0,0,0,0,0,0,"- ","- ",,,MONTEREY,MONTEREY,-121.89344249,36.596051529999997
6417429,2014,2016-03-05,9730,2014-03-08,2010,020576,,6,2,9,2700,0,1,3,,1,072,"RT 156","MERIDIAN RD",0.00,,Y,A,-,Y,MON,5,156,-,-,4.570,I,5,E,Y,3,0,1,2,A,-,03,22350,,N,C,C,A,A,H,-,C,D,0,,,,,Y,,A,01,0,1,0,0,0,0,0,0,0,"- ","- ",36.787999999999997,-121.67903,MONTEREY,UNINCORPORATED,-121.67897367,36.787998260000002
6417489,2014,2014-06-16,2708,2014-02-01,1233,27345,,6,5,6,2708,0,0,0,,0,,"NORTH MAIN ST","MENKE ST",100.00,N,N,A,-,N,,,,,,,,,,N,4,0,1,2,A,-,03,22350,,N,C,C,A,B,H,-,A,A,0,,,,,Y,,-,,0,0,1,0,0,0,0,0,0,"- ","- ",,,MONTEREY,SALINAS,-121.65351364999999,36.68244103
6417509,2014,2014-06-16,2708,2014-02-05,2320,03581,,3,5,6,2708,0,0,0,,0,001,"BOLIVAR ST","NORTH MAIN ST",0.00,,Y,A,-,N,,,,,,,,,,N,4,0,1,2,A,-,08,22107,,F,B,G,A,A,H,-,C,A,0,,Y,,,Y,Y,-,,0,0,1,0,0,0,1,0,0,"- ","- ",,,MONTEREY,SALINAS,-121.65636988,36.725050070000002
6417513,2014,2014-06-16,2708,2014-02-04,0712,56473,,2,5,6,2708,0,0,0,,0,008,"PAJARO ST","EAST SAN LUIS ST",0.00,,Y,A,-,N,,,,,,,,,,N,3,0,1,2,A,-,11,21954,A,N,G,B,D,A,H,-,A,D,0,Y,,,,Y,,N,60,0,1,0,0,1,0,0,0,0,"- ","- ",,,MONTEREY,SALINAS,-121.65217996,36.67229004
6417517,2014,2014-06-16,2708,2014-02-05,2017,69054,,3,5,6,2708,0,0,0,,0,002,"NORTH MAIN","WEST LAUREL",0.00,,Y,B,-,N,,,,,,,,,,Y,4,0,2,2,A,-,"- ",,,N,A,C,A,A,H,-,C,A,0,,,,,Y,,-,,0,0,2,0,0,0,0,0,0,"- ","- ",,,MONTEREY,SALINAS,-121.65202986,36.699320010000001
6418911,2014,2014-06-23,2706,2014-03-11,1503,031,2706,2,5,4,2706,0,0,0,,0,003,"DEL MONTE AV","WASHINGTON ST",0.00,,Y,A,-,N,,,,,,,,,,N,3,0,1,2,A,-,17,21451,A,N,G,G,A,A,H,-,A,A,0,,Y,,,Y,,A,07,0,1,0,0,0,0,1,0,0,"- ","- ",,,MONTEREY,MONTEREY,-121.89233987,36.60066003
6419684,2014,2014-07-08,2710,2014-02-23,1100,25166,,7,5,4,2710,0,0,0,,0,02B,"WINTON ST","OLYMPIA AV",0.00,,Y,A,-,N,,,,,,,,,,N,4,0,2,2,A,-,08,22107,,N,B,C,A,A,H,-,A,A,0,,,,,Y,,D,22,0,0,2,0,0,0,0,0,0,"- ","- ",,,MONTEREY,SEASIDE,-121.84081992,36.61008004
6419853,2014,2014-06-23,9730,2014-03-12,0810,12332,,3,1,9,2700,0,2,4,,1,073,"SAN MIGUEL CANYON RD","CASTROVILLE BL",0.00,,Y,A,-,N,,,,,,,,,,Y,4,0,2,4,A,-,09,21801,A,N,A,C,A,A,H,-,A,D,0,,,,,Y,,A,07,0,0,2,0,0,0,0,0,0,"- ","- ",,,MONTEREY,UNINCORPORATED,-121.67190992,36.808400069999998
6419857,2014,2016-03-05,9730,2014-03-14,1200,019315,,5,1,9,2700,0,1,3,,1,072,"RT 156","CASTROVILLE BL",0.00,,Y,A,-,Y,MON,5,156,-,R,1.820,I,5,W,Y,4,0,1,2,A,-,12,21453,A,N,D,C,A,A,H,-,A,A,0,,,,,Y,,A,01,0,0,1,0,0,0,0,0,0,"- ","- ",,,MONTEREY,UNINCORPORATED,-121.74363087,36.768343459999997
6420492,2014,2014-06-13,2708,2014-02-07,1440,27345,,5,5,6,2708,0,0,0,,0,,"WEST LAUREL DR",POLK,50.00,W,N,C,-,N,,,,,,,,,,,4,0,2,3,A,-,03,22350,,N,C,C,A,B,H,-,A,A,0,,,,,Y,,-,,0,0,2,0,0,0,0,0,0,"- ","- ",,,MONTEREY,SALINAS,-121.6605984,36.698248110000002
6420496,2014,2014-06-13,2708,2014-02-07,2329,23293,,5,5,6,2708,0,0,0,,0,010,"EAST MARKET ST","KINGS ST",0.00,,Y,C,-,N,,,,,,,,,,Y,4,0,1,2,A,-,09,21801,A,N,A,C,A,B,H,-,C,D,0,,,,,Y,,-,,0,0,1,0,0,0,0,0,0,"- ","- ",,,MONTEREY,SALINAS,-121.63903000000001,36.677280080000003
6420500,2014,2016-03-05,2708,2014-02-11,1150,52823,,2,5,6,2708,0,0,0,,0,007,"SOUTH MAIN ST","NISSEN RD",0.00,,Y,A,-,Y,MON,5,68,-,-,20.110,I,5,W,Y,4,0,1,2,A,-,09,21801,A,N,D,C,A,A,H,-,A,D,0,,,,,Y,,-,,0,0,1,0,0,0,0,0,0,"- ","- ",,,MONTEREY,SALINAS,-121.65958836999999,36.657523589999997
6420522,2014,2015-08-10,9730,2014-02-25,1138,15014,,2,1,9,2700,0,2,4,,1,023,"DORRIS DR","CARMEL VALLEY RD",0.00,,Y,A,-,N,,,,,,,,,,Y,2,0,3,2,A,-,01,23152,F,N,D,C,A,A,H,-,A,A,0,,,,,Y,Y,A,01,1,0,2,0,0,0,0,0,0,"- ","- ",,,MONTEREY,UNINCORPORATED,-121.81003989,36.523710039999997
6420563,2014,2014-06-12,2708,2014-02-15,1100,58964,SPD,6,5,6,2708,0,0,0,,0,,"SALINAS ST","SAN LUIS ST",0.00,,Y,B,-,N,,,,,,,,,,Y,4,0,1,2,A,-,12,21453,A,N,D,C,A,A,H,-,A,A,0,,,,,Y,,-,,0,0,1,0,0,0,0,0,0,"- ","- ",,,MONTEREY,SALINAS,-121.65565992000001,36.671810069999999
6420567,2014,2014-06-12,2708,2014-02-18,1802,31967,12,2,5,6,2708,0,0,0,,0,012,"CASSINO WY","CASSINO WY 1331",0.00,,Y,A,-,N,,,,,,,,,,N,4,0,1,2,A,-,11,21954,A,N,D,B,E,A,H,-,B,D,0,Y,,,,Y,,N,60,0,0,1,0,1,0,0,0,0,"- ","- ",,,MONTEREY,SALINAS,,
6420571,2014,2014-06-12,2708,2014-02-13,1904,31967,,4,5,6,2708,0,0,0,,0,008,"PAJARO ST","EAST MARKET ST",0.00,,Y,A,-,N,,,,,,,,,,N,3,0,1,2,A,-,09,21804,A,N,D,G,A,A,H,-,C,A,0,,Y,,,Y,,L,04,0,1,0,0,0,0,1,0,0,"- ","- ",,,MONTEREY,SALINAS,-121.65334994,36.677830100000001
6420575,2014,2016-03-05,2708,2014-02-14,1254,82581,,5,5,6,2708,0,0,0,,0,,"RT 68","PINE ST",42.00,N,N,B,-,Y,MON,5,68,-,-,20.740,H,-,W,N,3,0,1,2,A,-,08,22107,,F,D,G,A,B,H,-,A,D,0,,Y,,,Y,,-,,0,1,0,0,0,0,0,0,0,"- ","- ",,,MONTEREY,SALINAS,-121.65645461,36.666372869999996
6420579,2014,2014-06-12,2708,2014-02-14,1513,53260,,5,5,6,2708,0,0,0,,0,012,"FAIRHAVEN ST","1ST AV",0.00,,Y,A,-,N,,,,,,,,,,N,3,0,1,3,A,-,09,21800,A,N,D,C,A,A,H,-,A,D,0,,,,,Y,,-,,0,1,0,0,0,0,0,0,0,"- ","- ",,,MONTEREY,SALINAS,-121.61393996,36.677680090000003
6420583,2014,2014-06-12,2708,2014-02-14,0811,53260,,5,5,6,2708,0,0,0,,0,011,"NORTH SANBORN RD","MOHAR ST",0.00,,Y,E,-,N,,,,,,,,,,Y,4,0,1,3,A,-,09,21801,B,F,D,C,A,B,H,-,A,D,0,,,,,Y,,-,,0,0,1,0,0,0,0,0,0,"- ","- ",,,MONTEREY,SALINAS,-121.61893990999999,36.684050020000001
6420587,2014,2014-06-12,2708,2014-02-26,1511,58964,SPD,3,5,6,2708,0,0,0,,0,,"NORTH MAIN ST","MENKE ST",200.00,N,N,C,-,N,,,,,,,,,,Y,4,0,1,2,A,-,03,22350,,N,C,C,A,B,H,-,A,D,0,,,,,Y,,A,01,0,0,1,0,0,0,0,0,0,"- ","- ",,,MONTEREY,SALINAS,-121.65341909,36.682704979999997
6420591,2014,2014-06-12,2708,2014-02-27,1158,18355,2708,4,5,6,2708,0,0,0,,0,005,"NORTH MAIN ST","CURTIS ST",100.00,N,N,A,-,N,,,,,,,,,,N,3,0,1,2,A,-,11,21954,A,N,G,B,D,A,H,-,A,D,0,Y,,,,Y,Y,N,60,0,1,0,0,1,0,0,0,0,"- ","- ",,,MONTEREY,SALINAS,-121.65254238999999,36.702061469999997
6420595,2014,2014-06-12,2708,2014-02-21,1237,82582,,5,5,6,2708,0,0,0,,0,008,"LINCOLN AV","CENTRAL AV",0.00,,Y,A,-,N,,,,,,,,,,Y,4,0,1,2,A,-,12,21453,A,M,B,C,A,A,H,-,A,A,0,,,,,Y,,-,,0,0,1,0,0,0,0,0,0,"- ","- ",,,MONTEREY,SALINAS,-121.65755996999999,36.6766401
6420599,2014,2014-06-12,2708,2014-02-25,1212,52823,,2,5,6,2708,0,0,0,,0,002,"MONROE ST","WEST LAUREL DR",235.00,N,N,A,-,N,,,,,,,,,,Y,4,0,1,2,A,-,08,22103,,N,D,C,A,A,H,-,A,D,0,,,,,Y,,-,,0,0,1,0,0,0,0,0,0,"- ","- ",,,MONTEREY,SALINAS,-121.66156285,36.698776680000002
6420603,2014,2014-06-12,2708,2014-02-23,1838,69054,,7,5,6,2708,0,0,0,,0,001,"NORTH MAIN ST","SAN JUAN GRADE RD",80.00,N,N,A,-,N,,,,,,,,,,N,4,0,4,2,A,-,03,22350,,N,C,C,A,A,H,-,C,A,0,,,,,Y,,-,,0,0,4,0,0,0,0,0,0,"- ","- ",,,MONTEREY,SALINAS,-121.65500466,36.717056380000002
6420607,2014,2014-06-12,2708,2014-02-22,1423,15963,,6,5,6,2708,0,0,0,,0,011,"LAS CASITAS DR","ALAMO WY",0.00,,Y,A,-,N,,,,,,,,,,Y,4,0,1,2,A,-,09,21801,A,N,D,C,A,A,H,-,A,A,0,,,,,Y,,-,,0,0,1,0,0,0,0,0,0,"- ","- ",,,MONTEREY,SALINAS,-121.61307988,36.692780030000002
6420612,2014,2014-06-12,2708,2014-02-13,1649,76998,,4,5,6,2708,0,0,0,,0,007,"SOUTH MAIN ST","ACACIA ST",0.00,,Y,A,-,N,,,,,,,,,,N,4,0,1,2,A,-,03,22350,,N,C,C,A,A,H,-,A,A,0,,,,,Y,,-,,0,0,1,0,0,0,0,0,0,"- ","- ",,,MONTEREY,SALINAS,-121.65715998,36.66424001
6437891,2014,2014-07-07,2706,2014-02-19,1608,939,2706,3,5,4,2706,0,0,0,,0,002,"PACIFIC ST","LOGAN LN",0.00,,Y,A,-,N,,,,,,,,,,N,4,0,1,1,A,-,06,21755,,N,H,-,A,A,H,-,A,A,0,,,Y,,Y,,C,02,0,0,1,0,0,0,0,0,1,"- ","- ",,,MONTEREY,MONTEREY,-121.89796999000001,36.594350030000001
6437895,2014,2014-07-07,2706,2014-02-21,1718,335,2706,5,5,4,2706,0,0,0,,0,002,"CAMINO EL ESTERO","PEARL ST",100.00,N,N,A,-,N,,,,,,,,,,N,3,0,1,2,A,-,07,21658,A,N,B,C,A,A,H,-,A,D,0,,,Y,,Y,,A,07,0,1,0,0,0,0,0,0,1,"- ","- ",,,MONTEREY,MONTEREY,-121.88779631,36.597919570000002
6438216,2014,2016-01-14,9730,2014-02-26,1515,15297,,3,2,3,2712,0,1,3,,2,062,"RT 1","DEL MONTE BLVD",1056.00,S,N,B,C,Y,MON,5,1,-,R,84.929,H,-,N,Y,3,0,1,1,A,-,03,22350,,N,F,A,A,B,H,-,A,D,1,,,,,Y,,A,01,0,1,0,0,0,0,0,0,0,"- ","- ",36.674880000000002,-121.80902,MONTEREY,MARINA,-121.80883812,36.674996280000002
6438220,2014,2014-07-01,9730,2014-02-21,1120,17502,,5,1,9,2700,0,3,5,,2,002,"CARPENTER ST","SERRA AV",0.00,,Y,A,-,N,,,,,,,,,,N,3,0,1,2,A,-,09,21802,A,N,H,G,A,A,H,-,A,D,0,,Y,,,Y,,A,01,0,1,0,0,0,0,1,0,0,"- ","- ",,,MONTEREY,UNINCORPORATED,-121.91479995,36.565530109999997
6438224,2014,2014-07-01,9730,2014-02-14,0855,18766,,5,1,9,2700,0,2,4,,2,063,"BLANCO RD","DAVIS RD",1584.00,W,N,B,-,N,,,,,,,,,,Y,4,0,1,3,A,-,03,22350,,N,C,C,A,B,H,-,A,D,0,,,,,Y,,A,01,0,0,1,0,0,0,0,0,0,"- ","- ",36.670580000000001,-121.69211,MONTEREY,UNINCORPORATED,-121.68957555999999,36.669241120000002
6438238,2014,2016-03-05,9730,2014-02-21,0030,017020,,5,3,9,2700,0,1,2,,1,030,"RT 101","CHUALAR MAIN ST",2112.00,S,N,A,-,Y,MON,5,101,-,-,76.570,H,-,N,Y,4,0,1,1,A,-,08,22107,,N,E,I,A,A,H,-,D,D,1,,,,,Y,,A,01,0,0,1,0,0,0,0,0,0,"- ","- ",,,MONTEREY,UNINCORPORATED,-121.51330120999999,36.564815230000001
6438292,2014,2016-01-14,9730,2014-02-21,1205,18171,,5,1,9,2700,0,1,3,,1,066,"RT 183","PRESTON ST",20.00,E,N,A,-,Y,MON,5,183,-,-,9.410,H,-,N,Y,4,0,1,3,A,-,03,22350,,N,C,C,A,A,H,-,A,D,0,,,,,Y,,A,01,0,0,1,0,0,0,0,0,0,"- ","- ",,,MONTEREY,UNINCORPORATED,-121.75766052,36.765445499999998
6438296,2014,2016-03-01,9730,2014-02-17,1955,19700,,1,2,9,2700,0,2,4,,1,073,"ELKHORN RD","WERNER RD",150.00,N,N,A,-,N,,,,,,,,,,Y,4,0,1,2,A,-,08,22107,,N,D,C,A,A,H,-,D,D,0,,,,,Y,,A,07,0,0,1,0,0,0,0,0,0,"- ","- ",,,MONTEREY,UNINCORPORATED,-121.74715558,36.879387719999997
6438300,2014,2016-03-05,9730,2014-02-15,0415,19648,,6,3,9,2700,0,1,2,,1,070,"RT 101","CRAZY HORSE CANYON RD",1056.00,N,N,A,-,Y,MON,5,101,-,-,100.380,H,-,N,Y,4,0,1,1,A,-,08,22107,,N,E,I,A,A,H,-,D,D,5,,,,,Y,,A,01,0,0,1,0,0,0,0,0,0,"- ","- ",,,MONTEREY,UNINCORPORATED,-121.6346758,36.845486549999997