CASE_ID,ACCIDENT_YEAR,PROC_DATE,JURIS,COLLISION_DATE,COLLISION_TIME,OFFICER_ID,REPORTING_DISTRICT,DAY_OF_WEEK,CHP_SHIFT,POPULATION,CNTY_CITY_LOC,SPECIAL_COND,BEAT_TYPE,CHP_BEAT_TYPE,CITY_DIVISION_LAPD,CHP_BEAT_CLASS,BEAT_NUMBER,PRIMARY_RD,SECONDARY_RD,DISTANCE,DIRECTION,INTERSECTION,WEATHER_1,WEATHER_2,STATE_HWY_IND,CALTRANS_COUNTY,CALTRANS_DISTRICT,STATE_ROUTE,ROUTE_SUFFIX,POSTMILE_PREFIX,POSTMILE,LOCATION_TYPE,RAMP_INTERSECTION,SIDE_OF_HWY,TOW_AWAY,COLLISION_SEVERITY,NUMBER_KILLED,NUMBER_INJURED,PARTY_COUNT,PRIMARY_COLL_FACTOR,PCF_CODE_OF_VIOL,PCF_VIOL_CATEGORY,PCF_VIOLATION,PCF_VIOL_SUBSECTION,HIT_AND_RUN,TYPE_OF_COLLISION,MVIW,PED_ACTION,ROAD_SURFACE,ROAD_COND_1,ROAD_COND_2,LIGHTING,CONTROL_DEVICE,CHP_ROAD_TYPE,PEDESTRIAN_ACCIDENT,BICYCLE_ACCIDENT,MOTORCYCLE_ACCIDENT,TRUCK_ACCIDENT,NOT_PRIVATE_PROPERTY,ALCOHOL_INVOLVED,STWD_VEHTYPE_AT_FAULT,CHP_VEHTYPE_AT_FAULT,COUNT_SEVERE_INJ,COUNT_VISIBLE_INJ,COUNT_COMPLAINT_PAIN,COUNT_PED_KILLED,COUNT_PED_INJURED,COUNT_BICYCLIST_KILLED,COUNT_BICYCLIST_INJURED,COUNT_MC_KILLED,COUNT_MC_INJURED,PRIMARY_RAMP,SECONDARY_RAMP,LATITUDE,LONGITUDE,COUNTY,CITY,POINT_X,POINT_Y
6439450,2014,2016-03-05,9735,2014-03-10,0008,019263,,1,3,3,2704,0,1,2,,1,040,"RT 101","THORNE RD",100.00,W,N,A,-,Y,MON,5,101,-,-,54.960,R,1,N,Y,2,0,6,1,A,-,03,22350,,N,F,I,A,A,G,-,C,A,4,,,,,Y,,A,08,2,2,2,0,0,0,0,0,0,TO,"- ",36.203000000000003,-121.1521,MONTEREY,GREENFIELD,-121.25679135,36.341479200000002
6439451,2014,2014-07-02,9735,2014-03-11,1620,016696,,2,2,9,2700,0,3,5,,2,003,"METZ RD","SPRECKELS RD",5280.00,N,N,A,-,N,,,,,,,,,,Y,4,0,1,1,A,-,08,22107,,N,F,A,A,A,H,-,A,D,0,,,,,Y,,A,01,0,0,1,0,0,0,0,0,0,"- ","- ",36.279159999999997,-121.14856,MONTEREY,UNINCORPORATED,-121.14992909,36.28251169
6426106,2014,2014-06-27,2706,2014-03-21,1650,949,2706,5,5,4,2706,0,0,0,,0,001,"REESIDE AV","LIGHTHOUSE AV",64.00,E,N,A,-,N,,,,,,,,,,N,4,0,1,2,A,-,03,22350,,N,-,C,A,A,H,-,A,A,0,,,,,Y,,A,07,0,0,1,0,0,0,0,0,0,"- ","- ",,,MONTEREY,MONTEREY,-121.89822057000001,36.60973997
6429637,2014,2016-05-11,9730,2014-01-31,1840,019529,,5,2,9,2700,0,1,3,,1,022,"RT 1","PETER PAN RD",33.00,S,N,A,-,Y,MON,5,1,-,-,68.980,H,-,S,Y,3,0,1,1,A,-,01,23152,A,N,F,I,A,A,H,-,D,D,0,,,,,Y,Y,A,01,0,1,0,0,0,0,0,0,0,"- ","- ",,,MONTEREY,UNINCORPORATED,-121.93649408,36.497097019999998
6429638,2014,2016-03-05,9730,2014-01-29,1830,015160,,3,2,9,2700,0,1,3,,1,072,"RT 156","RT 183",1215.00,W,N,B,-,Y,MON,5,156,-,R,0.880,H,-,E,Y,4,0,1,1,A,-,01,23152,A,N,H,H,A,A,H,-,D,D,1,,,,,Y,Y,A,01,0,0,1,0,0,0,0,0,0,"- ","- ",,,MONTEREY,UNINCORPORATED,-121.75789718999999,36.757916399999999
6429836,2014,2014-07-01,2711,2014-02-18,1448,6111,2711,2,5,3,2711,0,0,0,,0,002,"PARDO DR","PARDO DR 1000 BLOCK",0.00,,N,A,-,N,,,,,,,,,,Y,4,0,1,3,A,-,08,22107,,N,C,E,A,A,H,-,A,D,0,,,,,Y,,A,01,0,0,1,0,0,0,0,0,0,"- ","- ",,,MONTEREY,SOLEDAD,,
6430136,2014,2014-06-28,9730,2014-02-22,2300,018786,,6,3,9,2700,0,3,5,,2,004,"GLORIA RD","CAMPHORA GLORIA RD",23760.00,E,N,A,-,N,,,,,,,,,,Y,4,0,1,1,A,-,03,22350,,N,F,A,A,A,H,-,D,D,0,,,,,Y,,A,07,0,0,1,0,0,0,0,0,0,"- ","- ",36.531489999999998,-121.30231000000001,MONTEREY,UNINCORPORATED,-121.30222942,36.531506419999999
6430189,2014,2014-06-27,2710,2014-02-21,2005,33762,2710,5,5,4,2710,0,0,0,,0,01A,"SALLE AV","NOCHE BUENA ST",30.00,E,N,A,-,N,,,,,,,,,,N,3,0,1,2,A,-,11,21955,,N,G,B,C,A,H,-,A,D,0,Y,,,,Y,Y,N,60,0,1,0,0,1,0,0,0,0,"- ","- ",,,MONTEREY,SEASIDE,,
6430207,2014,2015-01-26,2710,2014-02-06,1119,38385,2710,4,5,4,2710,0,0,0,,0,02B,"DEL MONTE BL","PLAYA AV",0.00,,Y,A,-,N,,,,,,,,,,Y,3,0,1,2,A,-,12,21453,A,N,D,C,A,A,H,-,A,A,0,,,,,Y,,A,01,0,1,0,0,0,0,0,0,0,"- ","- ",,,MONTEREY,SEASIDE,-121.84261988999999,36.618500009999998
6430380,2014,2014-06-21,2712,2014-03-25,1234,274,,2,5,3,2712,0,0,0,,0,001,"BLOCKREINDOLLAR AV","SUNRISE AV",0.00,,Y,B,-,N,,,,,,,,,,Y,3,0,1,2,A,-,"- ",,,N,G,B,D,A,H,-,A,A,0,Y,,,,Y,,A,01,0,1,0,0,1,0,0,0,0,"- ","- ",,,MONTEREY,MARINA,,
6430384,2014,2016-01-14,9730,2014-03-20,1638,018766,,4,2,4,2706,0,1,3,,2,062,"RT 1","FREMONT ST",165.00,S,N,A,-,Y,MON,5,1,-,R,78.150,H,-,N,Y,3,0,1,2,A,-,03,22350,,N,F,A,A,A,H,-,A,D,1,,,Y,,Y,,C,02,0,1,0,0,0,0,0,0,1,"- ","- ",36.597499999999997,-121.86787,MONTEREY,MONTEREY,-121.86799112999999,36.595276259999999
6430388,2014,2014-06-21,9730,2014-03-17,1320,017502,,1,1,9,2700,0,2,4,,1,023,"CARMEL VALLEY RD","VALLEY GREENS DR",1056.00,E,N,A,-,N,,,,,,,,,,Y,4,0,1,1,A,-,08,22107,,N,E,I,A,A,H,-,A,D,0,,,,,Y,,A,01,0,0,1,0,0,0,0,0,0,"- ","- ",,,MONTEREY,UNINCORPORATED,-121.8472713,36.533485370000001
6430392,2014,2016-01-14,9730,2014-03-14,0830,019837,,5,1,9,2700,0,1,3,,1,022,"RT 1","OCEAN AV",20.00,S,N,A,-,Y,MON,5,1,-,-,73.800,H,-,N,N,4,0,1,2,A,-,03,22350,,N,C,C,A,A,H,-,A,D,0,,,,,Y,,A,01,0,0,1,0,0,0,0,0,0,"- ","- ",36.55583,-121.91123,MONTEREY,UNINCORPORATED,-121.9111655,36.55597684
6430396,2014,2016-03-05,9730,2014-03-10,1505,018766,,1,2,9,2700,0,1,2,,1,070,"RT 101","CRAZY HORSE CANYON RD",220.00,S,N,A,-,Y,MON,5,101,-,-,98.340,H,-,S,Y,2,0,2,1,A,-,08,22107,,N,E,I,A,A,H,-,A,D,5,,,,,Y,,A,01,2,0,0,0,0,0,0,0,0,"- ","- ",36.818199999999997,-121.63345,MONTEREY,UNINCORPORATED,-121.63396960999999,36.817866789999997
6420636,2014,2014-06-24,2708,2014-02-11,1203,92283,SALIN,2,5,6,2708,0,0,0,,0,010,"NORTH SANBORN RD","JOHN ST",0.00,,Y,A,-,N,,,,,,,,,,N,4,0,1,2,A,-,12,21453,A,F,D,C,A,A,H,-,A,A,0,,,,,Y,,-,,0,0,1,0,0,0,0,0,0,"- ","- ",,,MONTEREY,SALINAS,-121.62772993,36.669300020000001
6420808,2014,2014-06-10,2708,2014-01-18,1603,YETTER,,6,5,6,2708,0,0,0,,0,005,"EAST LAUREL DR","GRANADA AV",0.00,,Y,A,-,N,,,,,,,,,,N,4,0,1,2,A,-,10,21950,A,N,G,B,B,A,H,-,A,D,0,Y,,,,Y,,-,,0,0,1,0,1,0,0,0,0,"- ","- ",,,MONTEREY,SALINAS,-121.64034988,36.696790030000003
6420884,2014,2014-06-25,9730,2014-03-02,2020,020057,,7,2,9,2700,0,3,5,,2,005,"SAN JUAN GRADE RD","STIRLING RD",800.00,N,N,A,-,N,,,,,,,,,,Y,4,0,1,2,A,-,21,22106,,N,D,C,A,A,H,-,D,D,0,,,,,Y,,A,01,0,0,1,0,0,0,0,0,0,"- ","- ",36.752519999999997,-121.62163,MONTEREY,UNINCORPORATED,-121.62194282999999,36.75238555
6420888,2014,2014-06-25,9730,2014-03-03,1630,019315,,1,2,9,2700,0,3,5,,2,006,"DAVIS RD","BLANCO RD",10.00,N,N,B,-,N,,,,,,,,,,N,4,0,1,2,A,-,21,22106,,N,C,C,A,A,H,-,A,A,0,,,,,Y,,A,01,0,0,1,0,0,0,0,0,0,"- ","- ",,,MONTEREY,UNINCORPORATED,-121.68508995000001,36.66682222
6420892,2014,2016-01-14,9730,2014-03-05,0755,018766,,3,1,4,2706,0,1,3,,2,062,"RT 1","SLOAT AV",100.00,S,N,B,-,Y,MON,5,1,-,R,77.550,R,1,S,N,4,0,1,2,A,-,03,22350,,F,C,C,A,A,H,-,A,D,1,,,,,Y,,A,01,0,0,1,0,0,0,0,0,0,"- ","- ",36.593200000000003,-121.87796,MONTEREY,MONTEREY,-121.87829444,36.593034770000003
6420896,2014,2014-06-25,9730,2014-03-07,1058,017184,2,5,1,9,2700,0,3,5,,2,001,"CARMEL RANCHO BL","CARMEL RANCHO SHOPPING CENTER II",0.00,,Y,A,-,N,,,,,,,,,,Y,3,0,1,2,A,-,09,21801,A,N,A,C,A,A,H,-,A,A,0,,,,,Y,,A,01,0,1,0,0,0,0,0,0,0,"- ","- ",,,MONTEREY,UNINCORPORATED,,
6420900,2014,2014-06-25,9730,2014-03-09,2000,019635,,7,2,9,2700,0,2,4,,1,073,"SAN MIGUEL CANYON RD","APRICOT LN",35.00,S,N,A,-,N,,,,,,,,,,Y,4,0,1,3,A,-,08,22107,,N,E,I,A,A,H,-,D,D,0,,,,,Y,,A,01,0,0,1,0,0,0,0,0,0,"- ","- ",36.853459999999998,-121.69136,MONTEREY,UNINCORPORATED,-121.69184426,36.853995570000002
6422455,2014,2014-04-24,2708,2014-03-14,1231,16483,,5,5,6,2708,0,0,0,,0,008,"MAIN ST","E ALISAL",240.00,S,N,A,-,N,,,,,,,,,,N,4,0,1,2,A,-,21,22106,,N,-,C,A,A,H,-,A,A,0,,,,,Y,,A,01,0,0,1,0,0,0,0,0,0,"- ","- ",,,MONTEREY,SALINAS,-121.65469256999999,36.673148699999999
6422564,2014,2016-04-07,9730,2014-04-01,2242,17785,,2,3,9,2700,0,1,2,,1,070,"RT 101","RALPH LN",215.00,S,N,C,-,Y,MON,5,101,-,-,93.060,H,-,N,Y,3,0,4,3,A,-,03,22350,,F,A,C,A,B,H,-,C,D,5,,,,,Y,,A,01,0,2,2,0,0,0,0,0,0,"- ","- ",36.75591,-121.66482999999999,MONTEREY,UNINCORPORATED,-121.66487978000001,36.755760090000003
6450820,2014,2014-07-17,9730,2014-04-12,1950,19635,,6,2,9,2700,0,3,5,,2,007,"PRUNEDALE NORTH RD","SAN MIGUEL CANYON RD",400.00,S,N,A,-,N,,,,,,,,,,Y,4,0,1,2,A,-,09,21801,A,N,D,C,A,A,H,-,C,D,0,,,,,Y,,D,22,0,0,1,0,0,0,0,0,0,"- ","- ",36.800280000000001,-121.66615,MONTEREY,UNINCORPORATED,-121.66627502999999,36.800590460000002
6450901,2014,2014-07-07,2712,2014-03-05,0419,687,2712,3,5,3,2712,0,0,0,,0,001,"IMJIN PKWY","ABRAMS DR",54.00,S,N,E,-,N,,,,,,,,,,Y,3,0,2,1,A,-,"- ",,,N,E,I,A,B,H,-,C,A,0,,,,,Y,,A,01,0,2,0,0,0,0,0,0,0,"- ","- ",,,MONTEREY,MARINA,-121.79350362,36.663578919999999
6430400,2014,2016-01-14,9730,2014-03-14,1525,019315,,5,2,9,2700,0,1,3,,1,074,"RT 1","TEMBLADERO SLOUGH BRIDGE",577.00,S,N,A,-,Y,MON,5,1,-,T,91.880,H,-,N,Y,2,0,2,2,A,-,09,21801,A,N,D,C,A,A,H,-,A,D,0,,,,,Y,,A,01,1,0,1,0,0,0,0,0,0,"- ","- ",,,MONTEREY,UNINCORPORATED,-121.76521695,36.766073159999998
6430401,2014,2016-01-14,9730,2014-03-12,1930,015297,,3,2,9,2700,0,1,3,,1,074,"RT 1","RT 183",0.00,,Y,A,-,Y,MON,5,1,-,T,92.213,I,5,S,Y,4,0,1,2,A,-,01,23152,E,N,C,C,A,A,H,-,C,D,0,,,,,Y,,A,01,0,0,1,0,0,0,0,0,0,"- ","- ",,,MONTEREY,UNINCORPORATED,-121.76542144,36.770802529999997
6430405,2014,2014-06-23,9730,2014-03-09,1620,017502,,7,2,9,2700,0,3,5,,2,002,"LAURELES GRADE","SOUTHVIEW LN",528.00,S,N,B,-,N,,,,,,,,,,N,3,0,1,1,A,-,08,22107,,N,F,A,A,A,H,-,A,D,0,,,Y,,Y,,C,02,0,1,0,0,0,0,0,0,1,"- ","- ",,,MONTEREY,UNINCORPORATED,-121.75842264000001,36.516064280000002
6430409,2014,2014-06-24,9730,2014-03-10,1805,020168,,1,2,9,2700,0,3,5,,2,007,"CASTROVILLE BL","ARCHER RD",0.00,,Y,A,-,N,,,,,,,,,,Y,4,0,1,2,A,-,09,21802,A,N,D,C,A,A,H,-,A,A,0,,,,,Y,,A,08,0,0,1,0,0,0,0,0,0,"- ","- ",36.796100000000003,-121.7038,MONTEREY,UNINCORPORATED,-121.70336992999999,36.796210090000002
6430413,2014,2014-06-23,9730,2014-03-03,0740,018171,,1,1,9,2700,0,3,5,,2,006,"BLACKIE RD","COMMERCIAL PKWY",10560.00,E,N,B,-,N,,,,,,,,,,Y,3,0,4,1,A,-,08,22107,,N,F,A,A,A,H,-,A,D,0,,,,,Y,,A,01,0,1,3,0,0,0,0,0,0,"- ","- ",,,MONTEREY,UNINCORPORATED,-121.71238135999999,36.771624899999999
6430791,2014,2015-09-04,9730,2014-04-01,0750,18350,,2,1,9,2700,0,3,5,,2,006,"DAVIS RD","RT 183",60.00,S,N,B,-,N,,,,,,,,,,Y,4,0,1,2,A,-,03,22350,,N,C,C,A,B,H,-,A,D,0,,,,,Y,,A,07,0,0,1,0,0,0,0,0,0,"- ","- ",36.684510000000003,-121.67469,MONTEREY,UNINCORPORATED,,
6432779,2014,2016-01-20,2706,2014-03-04,1833,896,2706,2,5,4,2706,0,0,0,,0,003,"RT 68","JOSSELYN CANYON RD",0.00,W,N,B,C,Y,MON,5,68,-,-,5.120,H,-,W,Y,4,0,1,2,A,-,03,22350,,N,C,C,A,B,H,-,D,D,0,,,,,Y,,A,01,0,0,1,0,0,0,0,0,0,"- ","- ",,,MONTEREY,MONTEREY,-121.85715626,36.583755799999999
6432810,2014,2014-07-08,2706,2014-03-06,0658,148,2706,4,5,4,2706,0,0,0,,0,003,"DEL MONTE AV","CASA VERDE",17.00,W,N,A,-,N,,,,,,,,,,N,4,0,1,2,A,-,12,21453,A,N,D,C,A,B,H,-,A,A,0,,,,,Y,,A,01,0,0,1,0,0,0,0,0,0,"- ","- ",,,MONTEREY,MONTEREY,-121.86665073,36.602057449999997
6432814,2014,2014-06-27,2706,2014-03-06,0811,148,2706,4,5,4,2706,0,0,0,,0,003,"CASA VERDE WY","DEL MONTE AV",85.00,N,N,B,-,N,,,,,,,,,,Y,3,0,1,1,A,-,21,22106,,N,E,I,A,A,H,-,A,D,0,,,,,Y,,A,01,0,1,0,0,0,0,0,0,0,"- ","- ",,,MONTEREY,MONTEREY,-121.86670348,36.60229811
6432818,2014,2014-06-27,2706,2014-03-06,0416,810,2706,4,5,4,2706,0,0,0,,0,001,"FREMONT ST","CASANOVA AV",449.00,W,N,C,-,N,,,,,,,,,,Y,4,0,1,2,A,-,06,21754,,N,B,C,A,B,H,-,C,D,0,,,,,Y,,A,01,0,0,1,0,0,0,0,0,0,"- ","- ",,,MONTEREY,MONTEREY,-121.85473416000001,36.597444750000001
6432894,2014,2014-06-30,2706,2014-03-28,0957,119,2706,5,5,4,2706,0,0,0,,0,003,"MARK THOMAS DR","JOSSELYN CANYON RD",17.00,E,N,A,-,N,,,,,,,,,,Y,4,0,1,1,A,-,08,22107,,N,E,I,A,A,H,-,A,D,0,,,,,Y,,A,01,0,0,1,0,0,0,0,0,0,"- ","- ",,,MONTEREY,MONTEREY,-121.87220247,36.593785400000002
6452749,2014,2014-07-19,2705,2014-03-14,0924,19719,2,5,5,3,2705,0,0,0,,0,003,"BROADWAY ST","CANAL ST",0.00,,Y,A,-,N,,,,,,,,,,N,4,0,1,2,A,-,21,22106,,F,G,B,B,A,H,-,A,D,0,Y,,,,Y,,A,07,0,0,1,0,1,0,0,0,0,"- ","- ",,,MONTEREY,"KING CITY",-121.13346996,36.208490079999997
6452851,2014,2014-07-09,9730,2014-04-14,1215,19569,,1,1,9,2700,0,2,4,,1,073,"HALL RD","LAS LOMAS DR",250.00,E,N,A,-,N,,,,,,,,,,Y,4,0,1,2,A,-,03,22350,,N,C,C,A,-,A,H,A,A,0,,,,,Y,,A,01,0,0,1,0,0,0,0,0,0,"- ","- ",36.865200000000002,-121.73323000000001,MONTEREY,UNINCORPORATED,-121.73293798,36.864919069999999
6452883,2014,2014-07-09,9730,2014-04-16,1855,18820,,3,2,9,2700,0,3,5,,2,007,"MORO RD","TUSTIN RD",1584.00,S,N,A,-,N,,,,,,,,,,Y,4,0,1,1,A,-,08,22107,,N,E,I,A,A,H,-,A,D,0,,,,,Y,,A,07,0,0,1,0,0,0,0,0,0,"- ","- ",37.680570000000003,-121.65158,MONTEREY,UNINCORPORATED,-121.64926,36.80827
6452884,2014,2016-04-07,9730,2014-04-16,1414,18766,,3,2,4,2706,0,1,3,,2,062,"RT 1","RT 218",848.00,S,N,A,-,Y,MON,5,1,-,-,79.180,H,-,N,Y,4,0,1,1,A,-,08,22107,,N,E,I,A,A,H,-,A,D,1,,,,,Y,,A,01,0,0,1,0,0,0,0,0,0,"- ","- ",36.609250000000003,-121.85923,MONTEREY,MONTEREY,-121.8610461,36.604024520000003
6452885,2014,2014-07-09,9730,2014-04-19,0705,16537,,6,1,9,2700,0,3,5,,2,002,"BORONDA RD","ALISO RD",1056.00,S,N,A,-,N,,,,,,,,,,Y,3,0,4,1,A,-,08,22107,,N,E,I,A,A,H,-,A,D,0,,,,,Y,,A,01,0,1,3,0,0,0,0,0,0,"- ","- ",36.490720000000003,-121.74733000000001,MONTEREY,UNINCORPORATED,-121.74735434,36.490568420000002
6452886,2014,2016-04-07,9730,2014-04-12,1255,19315,,6,1,9,2700,0,1,2,,1,070,"RT 101","ECHO VALLEY RD",528.00,N,N,B,-,Y,MON,5,101,-,-,98.790,H,-,S,Y,4,0,1,1,A,-,08,22107,,N,E,I,A,A,H,-,A,D,5,,,Y,,Y,,C,02,0,0,1,0,0,0,0,0,1,"- ","- ",36.819690000000001,-121.63088,MONTEREY,UNINCORPORATED,-121.62994427,36.822851890000003
6453122,2014,2014-08-01,9730,2014-04-25,1800,019529,,5,2,9,2700,0,2,4,,1,075,"SALINAS RD","RAILROAD AV",1200.00,N,N,A,-,N,,,,,,,,,,N,4,0,1,2,A,-,03,22350,,N,C,C,A,A,H,-,A,D,0,,,,,Y,,A,01,0,0,1,0,0,0,0,0,0,"- ","- ",,,MONTEREY,UNINCORPORATED,-121.74802242,36.898999910000001
6453448,2014,2014-07-15,2710,2014-04-06,1436,38390,SEASI,7,5,4,2710,0,0,0,,0,,"DEL MONTE BL","TIOGA AV",1000.00,W,N,A,-,N,,,,,,,,,,Y,4,0,1,2,A,-,08,22107,,N,C,E,A,A,H,-,A,D,0,,,,,Y,,-,,0,0,1,0,0,0,0,0,0,"- ","- ",,,MONTEREY,SEASIDE,-121.84557538,36.613368530000002
6453456,2014,2014-07-15,2710,2014-04-18,1505,38389,,5,5,4,2710,0,0,0,,0,02B,"GOODWIN ST","OLYMPIA AV",230.00,N,N,A,-,N,,,,,,,,,,N,3,0,1,2,A,-,11,21954,A,N,G,B,D,A,H,-,A,D,0,Y,,,,Y,,N,60,0,1,0,0,1,0,0,0,0,"- ","- ",,,MONTEREY,SEASIDE,-121.83953764,36.610701650000003
6453460,2014,2014-07-15,2710,2014-04-09,1500,34413,,3,5,4,2710,0,0,0,,0,011,"FREMONT BL","ECHO AV",27.00,N,N,A,-,N,,,,,,,,,,Y,4,0,2,3,A,-,03,22350,,N,C,C,A,A,H,-,A,A,0,,,,,Y,,-,,0,0,2,0,0,0,0,0,0,"- ","- ",,,MONTEREY,SEASIDE,-121.84298432,36.614068379999999
6453464,2014,2014-07-31,2710,2014-04-19,1246,38390,,6,5,4,2710,0,0,0,,0,02B,"FREMONT BL","PLAYA AV",79.00,S,N,A,-,N,,,,,,,,,,Y,4,0,1,2,A,-,01,23152,E,N,C,C,A,A,H,-,A,A,0,,,,,Y,,A,01,0,0,1,0,0,0,0,0,0,"- ","- ",,,MONTEREY,SEASIDE,-121.84127066000001,36.617798690000001
6454175,2014,2014-07-21,2706,2014-04-08,1856,181,2706,2,5,4,2706,0,0,0,,0,001,"FOAM ST","DAVID AV",62.00,S,N,A,-,N,,,,,,,,,,Y,4,0,2,3,A,-,01,23152,A,N,C,C,A,A,H,-,B,D,0,,,,,Y,,A,01,0,0,2,0,0,0,0,0,0,"- ","- ",,,MONTEREY,MONTEREY,-121.90347959,36.61707002
6454370,2014,2014-07-21,2706,2014-04-15,1502,301,2706,2,5,4,2706,0,0,0,,0,002,"MADISON ST","LARKIN ST",5.00,E,N,-,-,N,,,,,,,,,,N,4,0,1,2,A,-,10,21950,A,F,-,-,B,-,-,-,-,-,0,Y,,,,Y,,A,07,0,0,1,0,1,0,0,0,0,"- ","- ",,,MONTEREY,MONTEREY,-121.89986343,36.597376799999999
6454374,2014,2014-07-11,2706,2014-04-21,1019,939,2706,1,5,4,2706,0,0,0,,0,003,"RAMONA AV","DEL MONTE AV",0.00,,Y,A,-,N,,,,,,,,,,N,4,0,1,2,A,-,11,21950,B,N,D,G,A,A,G,-,A,A,0,,Y,,,Y,,L,04,0,0,1,0,0,0,1,0,0,"- ","- ",,,MONTEREY,MONTEREY,-121.86382997,36.603330069999998
6454378,2014,2014-07-11,2706,2014-04-14,1519,142,2706,1,5,4,2706,0,0,0,,0,002,"SOLEDAD DR","MUNRAS AV",446.00,E,N,A,-,N,,,,,,,,,,N,4,0,3,2,A,-,03,22350,,N,C,C,A,A,H,-,A,D,0,,,,,Y,,A,07,0,0,3,0,0,0,0,0,0,"- ","- ",,,MONTEREY,MONTEREY,-121.90062453,36.582646879999999
6455155,2014,2016-04-07,9730,2014-04-14,0755,17184,,1,1,4,2710,0,1,3,,2,062,"RT 1","RT 218",40.00,S,N,A,-,Y,MON,5,1,-,R,79.240,R,1,N,N,4,0,1,2,A,-,21,22106,,N,C,C,A,A,H,-,A,A,1,,,,,Y,,A,01,0,0,1,0,0,0,0,0,0,TO,"- ",,,MONTEREY,SEASIDE,-121.8592852,36.609160580000001
6455159,2014,2014-07-18,9730,2014-04-13,1050,19315,,7,1,9,2700,0,3,5,,2,007,"ELKHORN RD","HALL RD",528.00,S,N,A,-,N,,,,,,,,,,N,3,0,2,2,A,-,08,22107,,N,H,G,A,A,H,-,A,D,0,,Y,,,Y,,L,04,0,2,0,0,0,0,2,0,0,"- ","- ",36.86692,-121.74683,MONTEREY,UNINCORPORATED,-121.7453201,36.867953049999997
6455179,2014,2016-04-07,9730,2014-04-16,1630,20057,,3,2,9,2700,0,1,3,,2,062,"RT 1","LIGHTFIGHTER DR",200.00,S,N,A,-,Y,MON,5,1,-,R,82.850,H,-,S,Y,4,0,1,1,A,-,08,22107,,N,F,A,A,A,H,-,A,D,1,,,,,Y,,A,07,0,0,1,0,0,0,0,0,0,"- ","- ",36.64658,-121.81647,MONTEREY,UNINCORPORATED,-121.81594235,36.647042169999999
6455187,2014,2016-04-07,9730,2014-04-03,2145,19934,,4,2,9,2700,0,1,2,,1,070,"RT 101","SALA RD",1056.00,N,N,A,-,Y,MON,5,101,-,-,92.400,H,-,N,Y,3,0,2,1,A,-,01,23152,A,N,E,I,A,A,H,-,D,D,5,,,,,Y,Y,A,01,0,2,0,0,0,0,0,0,0,"- ","- ",36.745910000000002,-121.66117,MONTEREY,UNINCORPORATED,-121.66148806,36.746492289999999
6455191,2014,2014-07-18,9730,2014-04-09,1830,20057,,3,2,9,2700,0,2,4,,1,023,"CARMEL VALLEY RD","MEADOWS RD",0.00,,Y,A,-,N,,,,,,,,,,N,3,0,1,2,A,-,09,21801,A,N,H,G,A,A,H,-,A,D,0,,Y,,,Y,,A,01,0,1,0,0,0,0,1,0,0,"- ","- ",36.532119999999999,-121.84122000000001,MONTEREY,UNINCORPORATED,-121.84122996000001,36.532150029999997
6455195,2014,2014-07-18,9730,2014-04-13,0022,18966,,7,3,9,2700,0,3,5,,2,005,"NATIVIDAD RD","ROGGE RD",2.00,N,N,A,-,N,,,,,,,,,,Y,4,0,1,2,A,-,09,21801,A,N,D,C,A,A,H,-,D,A,0,,,,,Y,,A,01,0,0,1,0,0,0,0,0,0,"- ","- ",36.728459999999998,-121.61612,MONTEREY,UNINCORPORATED,-121.61612534,36.728254020000001
6455199,2014,2014-07-18,9730,2014-04-05,2110,20578,,6,2,9,2700,0,3,5,,2,003,"ROBLEY RD","CORRAL DE TIERRA",1056.00,W,N,A,-,N,,,,,,,,,,Y,4,0,4,1,A,-,03,22350,,N,E,I,A,A,H,-,D,D,0,,,,,Y,Y,A,01,0,0,4,0,0,0,0,0,0,"- ","- ",,,MONTEREY,UNINCORPORATED,-121.73461853000001,36.551966350000001
6457090,2014,2014-07-10,2706,2014-03-18,1538,229,2706,2,5,4,2706,0,0,0,,0,002,"DEL MONTE AV","FIGUEROA ST",39.00,E,N,B,-,N,,,,,,,,,,Y,4,0,1,3,A,-,03,22350,,N,C,C,A,-,H,-,C,-,0,,,,,Y,,A,07,0,0,1,0,0,0,0,0,0,"- ","- ",,,MONTEREY,MONTEREY,-121.88990995,36.600237960000001
6439452,2014,2016-03-05,9735,2014-03-04,1325,016696,,2,1,9,2700,0,1,2,,1,040,"RT 101","MAJOR FARMS RD",3168.00,S,N,A,-,Y,MON,5,101,-,-,57.890,H,-,S,Y,2,0,2,1,A,-,08,22107,,N,F,A,A,A,H,-,A,D,4,,,,,Y,,A,07,2,0,0,0,0,0,0,0,0,"- ","- ",36.373080000000002,-121.28824,MONTEREY,UNINCORPORATED,-121.29000693,36.374094579999998
6439520,2014,2014-07-01,9735,2014-03-23,1310,017681,,7,1,9,2700,0,2,4,,2,010,"ARROYO SECO RD","CEDAR AV",2640.00,S,N,A,-,N,,,,,,,,,,Y,4,0,1,1,A,-,08,22107,,N,F,A,A,A,H,-,A,D,0,,,,,Y,,A,07,0,0,1,0,0,0,0,0,0,"- ","- ",36.299590000000002,-121.31307,MONTEREY,UNINCORPORATED,-121.31331548999999,36.297533450000003