CASE_ID,ACCIDENT_YEAR,PROC_DATE,JURIS,COLLISION_DATE,COLLISION_TIME,OFFICER_ID,REPORTING_DISTRICT,DAY_OF_WEEK,CHP_SHIFT,POPULATION,CNTY_CITY_LOC,SPECIAL_COND,BEAT_TYPE,CHP_BEAT_TYPE,CITY_DIVISION_LAPD,CHP_BEAT_CLASS,BEAT_NUMBER,PRIMARY_RD,SECONDARY_RD,DISTANCE,DIRECTION,INTERSECTION,WEATHER_1,WEATHER_2,STATE_HWY_IND,CALTRANS_COUNTY,CALTRANS_DISTRICT,STATE_ROUTE,ROUTE_SUFFIX,POSTMILE_PREFIX,POSTMILE,LOCATION_TYPE,RAMP_INTERSECTION,SIDE_OF_HWY,TOW_AWAY,COLLISION_SEVERITY,NUMBER_KILLED,NUMBER_INJURED,PARTY_COUNT,PRIMARY_COLL_FACTOR,PCF_CODE_OF_VIOL,PCF_VIOL_CATEGORY,PCF_VIOLATION,PCF_VIOL_SUBSECTION,HIT_AND_RUN,TYPE_OF_COLLISION,MVIW,PED_ACTION,ROAD_SURFACE,ROAD_COND_1,ROAD_COND_2,LIGHTING,CONTROL_DEVICE,CHP_ROAD_TYPE,PEDESTRIAN_ACCIDENT,BICYCLE_ACCIDENT,MOTORCYCLE_ACCIDENT,TRUCK_ACCIDENT,NOT_PRIVATE_PROPERTY,ALCOHOL_INVOLVED,STWD_VEHTYPE_AT_FAULT,CHP_VEHTYPE_AT_FAULT,COUNT_SEVERE_INJ,COUNT_VISIBLE_INJ,COUNT_COMPLAINT_PAIN,COUNT_PED_KILLED,COUNT_PED_INJURED,COUNT_BICYCLIST_KILLED,COUNT_BICYCLIST_INJURED,COUNT_MC_KILLED,COUNT_MC_INJURED,PRIMARY_RAMP,SECONDARY_RAMP,LATITUDE,LONGITUDE,COUNTY,CITY,POINT_X,POINT_Y
6439859,2014,2014-06-30,2701,2014-03-22,1530,5543,CRML,6,5,2,2701,0,0,0,,0,00N,"EAST MISSION ST",6TH,111.00,N,N,B,-,N,,,,,,,,,,N,4,0,1,2,A,-,21,22106,,N,D,C,A,A,H,-,A,D,0,,,,,Y,,A,01,0,0,1,0,0,0,0,0,0,"- ","- ",,,MONTEREY,CARMEL,-121.92093,36.555964969999998
6440346,2014,2015-10-09,2712,2014-03-28,2011,719,,5,5,3,2712,0,0,0,,0,001,"CALIFORNIA AV","IMJIN PW",965.00,N,N,A,-,N,,,,,,,,,,Y,2,0,4,2,A,-,01,23153,A,N,A,C,A,A,H,-,C,D,0,,,,,Y,Y,A,01,1,1,2,0,0,0,0,0,0,"- ","- ",,,MONTEREY,MARINA,-121.79425461,36.667716159999998
6440348,2014,2014-06-23,9730,2014-03-24,0630,13024,,1,1,9,2700,0,3,5,,2,003,"CHUALAR RIVER RD","FOLETTA RD",400.00,W,N,E,-,N,,,,,,,,,,Y,4,0,1,2,A,-,05,21650,,N,A,C,A,A,H,-,D,D,0,,,,,Y,,A,01,0,0,1,0,0,0,0,0,0,"- ","- ",,,MONTEREY,UNINCORPORATED,-121.51731384999999,36.565059230000003
6440352,2014,2014-06-23,9730,2014-03-16,1705,019700,,7,2,9,2700,0,3,5,,2,003,"SAN BENANCIO RD","HARPER CANYON RD",180.00,N,N,A,-,N,,,,,,,,,,Y,2,0,2,2,A,-,05,21460,A,N,A,C,A,A,H,-,A,D,0,,,,,Y,,A,01,1,0,1,0,0,0,0,0,0,"- ","- ",,,MONTEREY,UNINCORPORATED,-121.70837331,36.569963690000002
6440356,2014,2014-06-23,9730,2014-03-21,2210,019700,,5,3,9,2700,0,3,5,,2,007,"TARPEY RD","SAN JUAN RD",2640.00,S,N,A,-,N,,,,,,,,,,Y,3,0,1,1,A,-,08,22107,,F,E,I,A,A,H,-,D,D,0,,,,,Y,,A,01,0,1,0,0,0,0,0,0,0,"- ","- ",,,MONTEREY,UNINCORPORATED,-121.67747856,36.867875720000001
6440386,2014,2016-03-05,9730,2014-03-22,1130,19315,,6,1,9,2700,0,1,2,,1,070,"RT 101","DUNBARTON RD",528.00,S,N,A,-,Y,MON,5,101,-,-,100.260,H,-,S,N,2,0,1,2,A,-,03,22350,,N,C,C,A,A,H,-,A,D,5,,,Y,,Y,,C,02,1,0,0,0,0,0,0,0,1,"- ","- ",,,MONTEREY,UNINCORPORATED,-121.63406605999999,36.843852769999998
6440390,2014,2016-01-14,9730,2014-03-18,1615,20168,,2,2,9,2700,0,1,3,,1,022,"RT 1","RT 68",528.00,S,N,A,-,Y,MON,5,1,-,R,78.020,H,-,S,Y,4,0,1,2,A,-,03,22350,,N,C,C,A,A,H,-,A,D,1,,,,,Y,,A,07,0,0,1,0,0,0,0,0,0,"- ","- ",36.57029,-121.91285000000001,MONTEREY,UNINCORPORATED,-121.87016088,36.594594610000001
6440394,2014,2016-01-14,9730,2014-03-25,1025,15160,,2,1,9,2700,0,1,3,,1,066,"RT 183","BLACKIE RD",10.00,N,N,A,-,Y,MON,5,183,-,R,8.620,H,-,S,Y,4,0,1,2,A,-,03,22350,,N,C,C,A,A,H,-,A,A,0,,,,,Y,,A,07,0,0,1,0,0,0,0,0,0,"- ","- ",,,MONTEREY,UNINCORPORATED,-121.74706177,36.757661179999999
6440416,2014,2016-01-15,9730,2014-03-25,1920,17020,,2,2,6,2708,0,1,2,,1,050,"RT 101","LAUREL DR",60.00,S,N,B,-,Y,MON,5,101,-,R,89.260,H,-,N,Y,4,0,5,2,A,-,08,22107,,N,D,C,A,B,H,-,A,D,1,,,,,Y,,A,01,0,0,5,0,0,0,0,0,0,"- ","- ",,,MONTEREY,SALINAS,-121.66434393999999,36.697756859999998
6432898,2014,2014-06-30,2706,2014-03-27,1000,119,2706,4,5,4,2706,0,0,0,,0,003,"AGUAJITO RD","MARK THOMAS DR",9.00,S,N,A,-,N,,,,,,,,,,Y,3,0,2,2,A,-,09,21801,A,N,D,C,A,A,H,-,A,A,0,,,,,Y,,A,07,0,1,1,0,0,0,0,0,0,"- ","- ",,,MONTEREY,MONTEREY,-121.88010420000001,36.591078809999999
6432902,2014,2014-06-30,2706,2014-03-28,1218,142,2706,5,5,4,2706,0,0,0,,0,003,"DEL MONTE","CAMINO AGUAJITO",55.00,E,N,A,-,N,,,,,,,,,,Y,4,0,3,3,A,-,03,22350,,N,C,C,A,A,H,-,A,D,0,,,,,Y,,A,08,0,0,3,0,0,0,0,0,0,"- ","- ",,,MONTEREY,MONTEREY,-121.88339259,36.599939999999997
6434358,2014,2016-04-07,2706,2014-04-16,1535,119,MPD,3,5,4,2706,0,0,0,,0,003,"RT 68","RT 1",1000.00,E,N,A,-,Y,MON,5,68,-,R,4.130,H,-,W,Y,4,0,6,5,A,-,01,23153,A,N,A,C,A,A,H,-,A,-,0,,,,,Y,,A,01,0,0,6,0,0,0,0,0,0,"- ","- ",,,MONTEREY,MONTEREY,-121.86706024999999,36.592550930000002
6435903,2014,2014-07-07,2708,2014-03-15,1050,84372,,6,5,6,2708,0,0,0,,0,268,"SALINAS ST","GABILAN ST",0.00,,Y,A,-,N,,,,,,,,,,Y,4,0,2,2,A,-,03,22350,,N,C,C,A,A,H,-,A,A,0,,,,,Y,,-,,0,0,2,0,0,0,0,0,0,"- ","- ",,,MONTEREY,SALINAS,-121.65642996,36.675460020000003
6436414,2014,2015-02-27,2708,2014-03-23,1822,30350,,7,5,6,2708,0,0,0,,0,010,"EAST MARKET ST","CARR AV",20.00,E,N,A,-,N,,,,,,,,,,Y,4,0,2,2,A,-,03,22350,,N,C,C,A,A,H,-,A,D,0,,,,,Y,,-,,0,0,2,0,0,0,0,0,0,"- ","- ",,,MONTEREY,SALINAS,-121.63542228999999,36.676913339999999
6436458,2014,2015-02-27,2708,2014-03-18,1840,51761,SALIN,2,5,6,2708,0,0,0,,0,,"NORTH MAIN ST","W LAMAR  AT E LAMAR",0.00,,Y,A,-,N,,,,,,,,,,N,4,0,2,2,-,-,"- ",,,N,B,C,A,A,H,-,A,A,0,,,,,Y,,-,"- ",0,0,2,0,0,0,0,0,0,"- ","- ",,,MONTEREY,SALINAS,,
6436466,2014,2015-02-27,2708,2014-03-18,1049,52823,,2,5,6,2708,0,0,0,,0,,"EAST LAUREL DR","NATIVIDAD RD",0.00,,Y,A,-,N,,,,,,,,,,N,3,0,1,2,A,-,12,21453,A,N,D,C,A,A,H,-,A,A,0,,,,,Y,,-,,0,1,0,0,0,0,0,0,0,"- ","- ",,,MONTEREY,SALINAS,-121.63828998,36.696330019999998
6436792,2014,2015-10-09,9730,2014-02-14,1645,19838,,5,2,9,2700,0,3,5,,2,007,"CARPENTERIA RD","CARR AV",0.00,,Y,A,-,N,,,,,,,,,,N,2,0,2,2,A,-,09,21802,A,N,D,C,A,A,H,-,A,A,0,,,,,Y,,A,01,1,0,1,0,0,0,0,0,0,"- ","- ",36.885449999999999,-121.64248000000001,MONTEREY,UNINCORPORATED,-121.64251996,36.885430100000001
6468489,2014,2014-06-17,2705,2014-01-18,1002,19719,1,6,5,3,2705,0,0,0,,0,003,"SAN ANTONIO DR","BEDFORD AV",0.00,,Y,A,-,N,,,,,,,,,,Y,4,0,2,2,A,-,09,21801,A,N,A,C,A,A,H,-,A,D,0,,,,,Y,,A,01,0,0,2,0,0,0,0,0,0,"- ","- ",,,MONTEREY,"KING CITY",-121.1399899,36.209340040000001
6469452,2014,2014-07-09,2710,2014-03-04,0455,37346,MNTY,2,5,4,2710,0,0,0,,0,01A,"BIRCH AV","FREMONT BL",0.00,,Y,C,-,N,,,,,,,,,,Y,4,0,1,4,A,-,08,22107,,N,B,E,A,B,H,-,C,D,0,,,Y,,Y,,C,02,0,0,1,0,0,0,0,0,1,"- ","- ",,,MONTEREY,SEASIDE,-121.84401991,36.612380109999997
6469460,2014,2014-07-09,2710,2014-03-15,2239,33762,,6,5,4,2710,0,0,0,,0,,"PARALTA AV","MILITARY AV",70.00,S,N,A,-,N,,,,,,,,,,Y,3,0,2,1,A,-,08,22107,,N,E,I,A,A,H,-,C,D,0,,,,,Y,,A,01,0,2,0,0,0,0,0,0,0,"- ","- ",,,MONTEREY,SEASIDE,-121.82167,36.621097679999998
6473362,2014,2016-04-07,9730,2014-04-21,0948,018766,,1,1,4,2710,0,1,3,,2,062,"RT 1","FREMONT BL",12.00,N,N,A,-,Y,MON,5,1,-,R,80.970,R,1,S,Y,4,0,4,3,A,-,03,22350,,N,C,C,A,A,H,-,A,A,1,,,Y,,Y,,C,02,0,0,4,0,0,0,0,0,1,"- ","- ",36.623890000000003,-121.84172,MONTEREY,SEASIDE,-121.83863040999999,36.627730540000002
6457152,2014,2016-04-07,9735,2014-04-11,1305,017681,,5,1,3,2705,0,1,2,,2,042,"RT 101","1ST ST",1584.00,N,N,A,-,Y,MON,5,101,-,R,40.070,H,-,S,Y,3,0,1,1,A,-,08,22107,,N,F,A,A,A,H,-,A,D,1,,,,,Y,,A,01,0,1,0,0,0,0,0,0,0,"- ","- ",36.201970000000003,-118.11963,MONTEREY,"KING CITY",-121.11795355,36.201862210000002
6457156,2014,2014-07-10,9735,2014-04-06,1435,018069,,7,2,9,2700,0,3,5,,2,003,"METZ RD","BLUEJAY LN",2640.00,S,N,A,-,N,,,,,,,,,,N,3,0,2,1,A,-,08,22107,,F,F,A,A,A,H,-,A,D,0,,,,,Y,,A,01,0,1,1,0,0,0,0,0,0,"- ","- ",36.401049999999998,-121.25490000000001,MONTEREY,UNINCORPORATED,-121.25284859999999,36.399798599999997
6459687,2014,2016-04-05,9730,2014-05-01,1720,020168,,4,2,9,2700,0,1,3,,1,066,"RT 183","WOOD ST",0.00,,Y,A,-,Y,MON,5,183,-,-,8.940,I,5,S,N,3,0,3,6,A,-,10,21952,,N,G,B,F,A,H,-,A,D,0,Y,,,,Y,,A,07,0,2,1,0,3,0,0,0,0,"- ","- ",36.760629999999999,-121.75139,MONTEREY,UNINCORPORATED,-121.75129200000001,36.760728909999997
6459711,2014,2016-04-07,9730,2014-05-04,1635,019529,,7,2,9,2700,0,1,3,,1,074,"RT 1","MOLERA RD",450.00,S,N,A,-,Y,MON,5,1,-,-,94.310,H,-,N,N,4,0,2,3,A,-,03,22350,,N,C,C,A,A,H,-,A,D,0,,,,,Y,,A,01,0,0,2,0,0,0,0,0,0,"- ","- ",,,MONTEREY,UNINCORPORATED,-121.77635538,36.77921912
6459719,2014,2016-04-09,9730,2014-05-03,0045,019635,,6,3,9,2700,0,1,3,,1,014,"RT 1","PFEIFFER RIDGE RD",1000.00,N,N,A,-,Y,MON,5,1,-,-,45.330,H,-,S,Y,3,0,1,1,A,-,01,23152,A,N,E,I,A,A,H,-,D,D,0,,,,,Y,Y,A,08,0,1,0,0,0,0,0,0,0,"- ","- ",36.241900000000001,-121.77065,MONTEREY,UNINCORPORATED,-121.77195574,36.238382739999999
6459723,2014,2016-04-07,9730,2014-05-04,0333,018966,,7,3,4,2710,0,1,3,,2,062,"RT 1","FREMONT BL",5280.00,N,N,A,-,Y,MON,5,1,-,R,81.750,H,-,S,Y,4,0,1,1,A,-,08,22107,,N,E,I,A,A,H,-,D,D,1,,,,,Y,,A,01,0,0,1,0,0,0,0,0,0,"- ","- ",36.636200000000002,-121.83118,MONTEREY,SEASIDE,-121.83004486,36.637479630000001
6459727,2014,2016-04-07,9730,2014-05-06,1025,018171,,2,1,9,2700,0,1,3,,1,022,"RT 1","3RD AV",0.00,,Y,A,-,Y,MON,5,1,-,-,74.060,I,5,S,Y,4,0,2,2,A,-,09,21801,A,N,D,C,A,A,H,-,A,D,0,,,,,Y,,A,07,0,0,2,0,0,0,0,0,0,"- ","- ",,,MONTEREY,UNINCORPORATED,-121.91167749,36.559612919999999
6459731,2014,2016-04-07,9730,2014-05-05,1555,015160,,1,2,9,2700,0,1,3,,1,074,"RT 1","JENSEN RD",900.00,N,N,A,-,Y,MON,5,1,-,-,100.090,H,-,N,Y,4,0,1,2,A,-,03,22350,,N,C,C,A,A,H,-,A,D,0,,,,,Y,,A,01,0,0,1,0,0,0,0,0,0,"- ","- ",,,MONTEREY,UNINCORPORATED,-121.77108402,36.856275949999997
6459735,2014,2014-07-24,9730,2014-05-04,1427,019239,,7,2,9,2700,0,3,5,,2,003,"RIVER RD","LAGUNA RD",1056.00,W,N,A,-,N,,,,,,,,,,Y,3,0,1,2,A,-,08,22107,,N,D,C,A,A,H,-,A,D,0,,,,,Y,,A,07,0,1,0,0,0,0,0,0,0,"- ","- ",,,MONTEREY,UNINCORPORATED,-121.62274956,36.596616040000001
6461602,2014,2014-07-10,9730,2014-04-18,1350,016537,,5,1,9,2700,0,3,5,,2,004,"SPENCE RD","OLD STAGE RD",2640.00,W,N,A,-,N,,,,,,,,,,Y,4,0,1,2,A,-,06,21750,,N,B,C,A,A,H,-,A,D,0,,,,,Y,,D,22,0,0,1,0,0,0,0,0,0,"- ","- ",36.62209,-121.55256,MONTEREY,UNINCORPORATED,-121.54699103,36.62542569
6461605,2014,2014-07-10,9730,2014-04-13,1105,016537,,7,1,9,2700,0,3,5,,2,004,"ALISAL RD","FUJI LN",2640.00,S,N,A,-,N,,,,,,,,,,Y,3,0,2,2,A,-,05,21650,,N,B,C,A,A,H,-,A,D,0,,,,,Y,,D,22,0,1,1,0,0,0,0,0,0,"- ","- ",36.635559999999998,-121.5568,MONTEREY,UNINCORPORATED,-121.55741845999999,36.635972840000001
6461610,2014,2016-04-07,9730,2014-04-12,1312,018171,,6,1,9,2700,0,1,3,,1,074,"RT 1","SPRINGFIELD RD",500.00,N,N,A,-,Y,MON,5,1,-,-,98.940,H,-,S,Y,3,0,1,2,A,-,03,22350,,N,C,C,A,A,H,-,A,D,0,,,,,Y,,A,07,0,1,0,0,0,0,0,0,0,"- ","- ",36.842289999999998,-121.77115999999999,MONTEREY,UNINCORPORATED,-121.77102542,36.839557329999998
6463932,2014,2016-04-07,9730,2014-04-09,1728,20057,,3,2,9,2700,0,1,3,,2,062,"RT 1","SOLEDAD DR",100.00,N,N,A,-,Y,MON,5,1,-,R,76.050,H,-,N,Y,4,0,3,4,A,-,03,22350,,N,C,C,A,A,H,-,A,D,1,,,,,Y,,A,01,0,0,3,0,0,0,0,0,0,FR,"- ",36.581960000000002,-121.89787,MONTEREY,UNINCORPORATED,-121.89887113,36.582014260000001
6463936,2014,2016-04-07,9730,2014-04-01,2240,19934,,2,3,9,2700,0,1,2,,1,070,"RT 101","RALPH LN",340.00,S,N,C,-,Y,MON,5,101,-,-,93.040,H,-,N,Y,4,0,1,2,A,-,03,22350,,N,C,C,A,B,H,-,D,D,5,,,,,Y,,A,01,0,0,1,0,0,0,0,0,0,"- ","- ",,,MONTEREY,UNINCORPORATED,-121.66479914,36.755470219999999
6463940,2014,2016-04-09,9730,2014-04-04,1030,19569,,5,1,9,2700,0,1,3,,1,022,"RT 1","ATHERTON DR",200.00,N,N,B,-,Y,MON,5,1,-,-,73.180,H,-,S,Y,4,0,1,3,A,-,03,22350,,N,C,C,A,B,H,-,A,D,0,,,,,Y,,A,01,0,0,1,0,0,0,0,0,0,"- ","- ",,,MONTEREY,UNINCORPORATED,-121.90972967,36.546929059999997
6464676,2014,2016-04-07,9730,2014-04-11,1020,017184,,5,1,4,2706,0,1,3,,2,062,"RT 1","RT 68",1056.00,S,N,B,-,Y,MON,5,1,-,-,74.940,H,-,S,Y,3,0,1,3,A,-,07,21658,A,F,E,I,A,A,H,-,A,D,1,,,,,Y,,-,99,0,1,0,0,0,0,0,0,0,"- ","- ",36.57799,-121.90801,MONTEREY,MONTEREY,-121.91306883999999,36.572033169999997
6464680,2014,2016-04-07,9730,2014-04-12,0610,19315,,6,1,9,2700,0,1,2,,1,070,"RT 101","SALA RD",1584.00,S,N,B,-,Y,MON,5,101,-,-,91.900,H,-,N,Y,4,0,2,3,A,-,03,22350,,N,C,C,A,A,H,-,D,D,5,,,,,Y,,A,01,0,0,2,0,0,0,0,0,0,"- ","- ",36.731459999999998,-121.65697,MONTEREY,UNINCORPORATED,-121.65885323000001,36.739539630000003
6464700,2014,2014-07-17,9730,2014-04-05,1805,19635,,6,2,9,2700,0,3,5,,2,007,"LAS LOMAS DR","SILL RD",1056.00,N,N,A,-,N,,,,,,,,,,Y,2,0,1,2,A,-,11,21954,A,N,G,B,D,A,H,-,A,D,0,Y,,,,Y,Y,N,60,1,0,0,0,1,0,0,0,0,"- ","- ",36.867840000000001,-121.73378,MONTEREY,UNINCORPORATED,-121.73385591,36.868254759999999
6464712,2014,2014-07-17,9730,2014-04-08,1950,20057,,2,2,9,2700,0,2,4,,1,023,"CARMEL VALLEY RD","ROBINSON CANYON RD",100.00,E,N,A,-,N,,,,,,,,,,Y,4,0,1,2,A,-,08,22107,,N,D,C,A,A,H,-,B,D,0,,,,,Y,,D,22,0,0,1,0,0,0,0,0,0,"- ","- ",36.52252,-121.8049,MONTEREY,UNINCORPORATED,-121.80828063,36.522925309999998
6464731,2014,2014-07-22,9730,2014-04-12,0910,17502,,6,1,9,2700,0,3,5,,2,003,"SAN BENANCIO RD","COVEY LN",4752.00,S,N,A,-,N,,,,,,,,,,N,3,0,1,1,A,-,08,22107,,N,H,A,A,A,A,-,A,D,0,,Y,,,Y,,L,04,0,1,0,0,0,0,1,0,0,"- ","- ",,,MONTEREY,UNINCORPORATED,-121.6734944,36.550834010000003
6464739,2014,2016-04-07,9730,2014-04-09,1815,15297,,3,2,9,2700,0,1,3,,1,074,"RT 1","STRUVE RD SOUTH",2640.00,N,N,B,-,Y,MON,5,1,-,-,98.850,H,-,S,Y,3,0,1,2,A,-,05,21650,,N,D,C,A,A,H,-,A,D,0,,,,,Y,,A,01,0,1,0,0,0,0,0,0,0,"- ","- ",36.82884,-121.7723,MONTEREY,UNINCORPORATED,-121.77099913000001,36.8382474
6464784,2014,2016-04-07,9730,2014-04-13,1700,20576,,7,2,9,2700,0,1,2,,1,070,"RT 101","CRAZY HORSE CANYON RD",4224.00,N,N,A,-,Y,MON,5,101,-,-,99.180,H,-,N,Y,4,0,1,2,A,-,03,22350,,N,C,C,A,A,H,-,A,D,5,,,,,Y,,A,01,0,0,1,0,0,0,0,0,0,"- ","- ",36.824739999999998,-121.62859,MONTEREY,UNINCORPORATED,-121.6283961,36.828364469999997
6473413,2014,2014-07-18,9730,2014-04-30,1804,017785,,3,2,9,2700,0,3,5,,2,006,"SAN JON RD","RT 183",2640.00,N,N,A,-,N,,,,,,,,,,Y,3,0,1,1,A,-,06,21750,,N,E,I,A,A,H,-,A,D,0,,,,,Y,,D,22,0,1,0,0,0,0,0,0,0,"- ","- ",36.708750000000002,-121.7004,MONTEREY,UNINCORPORATED,,
6473797,2014,2016-04-07,9730,2014-04-14,2007,019796,,1,2,4,2710,0,1,3,,2,062,"RT 1","1ST AV",350.00,W,N,B,-,Y,MON,5,1,-,R,82.452,R,2,S,Y,3,0,2,2,A,-,08,22107,,N,D,C,A,A,H,-,C,D,1,,,,,Y,,J,48,0,1,1,0,0,0,0,0,0,SO,"- ",36.647709999999996,-121.8133,MONTEREY,SEASIDE,-121.82149920000001,36.643965970000004
6474700,2014,2015-10-01,2706,2014-05-03,1318,229,2706,6,5,4,2706,0,0,0,,0,001,"FOAM ST","IRVING AV",0.00,,Y,A,-,N,,,,,,,,,,Y,3,0,3,2,A,-,08,22107,,N,D,C,A,A,H,-,A,A,0,,,,,Y,,A,01,0,3,0,0,0,0,0,0,0,"- ","- ",,,MONTEREY,MONTEREY,-121.90279996,36.616280029999999
6474704,2014,2014-07-11,2706,2014-04-24,0820,148,2706,4,5,4,2706,0,0,0,,0,003,"DEL MONTE AV","VIRGIN AV",55.00,E,N,A,-,N,,,,,,,,,,N,4,0,2,2,A,-,03,22350,,N,C,C,A,A,H,-,A,D,0,,,,,Y,,D,22,0,0,2,0,0,0,0,0,0,"- ","- ",,,MONTEREY,MONTEREY,-121.85968269,36.605283419999999
6474712,2014,2014-07-14,2706,2014-04-26,1651,395,2706,6,5,4,2706,0,0,0,,0,002,"MUNRAS AV","SOLEDAD DR",125.00,N,N,A,-,N,,,,,,,,,,Y,3,0,1,3,A,-,03,22350,,N,C,C,A,A,H,-,A,A,0,,,,,Y,,A,01,0,1,0,0,0,0,0,0,0,"- ","- ",,,MONTEREY,MONTEREY,-121.90164061999999,36.583654340000002
6474938,2014,2014-07-10,2706,2014-04-17,1900,851,2706,4,5,4,2706,0,0,0,,0,003,"NORTH FREMONT ST","DELA VINA AV",0.00,,Y,A,-,N,,,,,,,,,,Y,3,0,2,2,A,-,12,21453,A,N,D,C,A,-,H,-,A,A,0,,,,,Y,,A,01,0,1,1,0,0,0,0,0,0,"- ","- ",,,MONTEREY,MONTEREY,-121.85892987,36.596790009999999
6474946,2014,2014-07-10,2706,2014-04-24,1707,103,,4,5,4,2706,0,0,0,,0,,"FOAM ST","PRESCOTT AV",0.00,,Y,B,-,N,,,,,,,,,,Y,4,0,1,2,A,-,12,21453,A,N,D,C,A,A,H,-,A,A,0,,,,,Y,,A,07,0,0,1,0,0,0,0,0,0,"- ","- ",,,MONTEREY,MONTEREY,-121.90183992999999,36.615160099999997
6476956,2014,2014-07-11,9730,2014-04-25,1330,18171,,5,1,9,2700,0,3,5,,2,007,"SALINAS RD","FRUITLAND AV",300.00,W,N,C,-,N,,,,,,,,,,Y,4,0,1,3,A,-,03,22350,,N,C,C,A,B,H,-,A,D,0,,,,,Y,,A,01,0,0,1,0,0,0,0,0,0,"- ","- ",,,MONTEREY,UNINCORPORATED,-121.75347805,36.877644150000002
6476960,2014,2016-04-07,9730,2014-04-23,1145,12513,,3,1,6,2708,0,1,2,,1,050,"RT 101","BORONDA RD",3168.00,S,N,A,-,Y,MON,5,101,-,R,90.410,H,-,S,Y,4,0,1,1,A,-,08,22107,,N,E,I,A,A,H,-,A,D,1,,,,,Y,,A,01,0,0,1,0,0,0,0,0,0,"- ","- ",36.712339999999998,-121.663,MONTEREY,SALINAS,-121.66235897999999,36.713514170000003
6476961,2014,2014-07-15,9730,2014-04-26,2007,020576,,6,2,9,2700,0,2,4,,1,073,"SAN MIGUEL CANYON RD","PRUNEDALE NORTH RD",0.00,,Y,B,-,N,,,,,,,,,,N,4,0,1,2,A,-,12,21453,A,N,D,C,A,A,H,-,B,A,0,,,,,Y,,A,08,0,0,1,0,0,0,0,0,0,"- ","- ",36.80151,-121.66586,MONTEREY,UNINCORPORATED,-121.66584992999999,36.801540019999997
6476965,2014,2014-07-15,9730,2014-04-25,1835,019635,,5,2,9,2700,0,2,4,,1,073,"SAN MIGUEL CANYON","MORO RD",50.00,N,N,A,-,N,,,,,,,,,,Y,4,0,1,2,A,-,01,23152,A,F,C,C,A,A,H,-,A,A,0,,,,,Y,Y,A,01,0,0,1,0,0,0,0,0,0,"- ","- ",36.803489999999996,-121.66737000000001,MONTEREY,UNINCORPORATED,-121.66680508,36.802789109999999
6476969,2014,2014-07-15,9730,2014-04-25,2005,018966,,5,2,9,2700,0,3,5,,2,006,"RESERVATION RD","DAVIS RD",2640.00,E,N,B,-,N,,,,,,,,,,Y,4,0,1,1,A,-,08,22107,,N,E,I,A,B,H,-,D,D,0,,,,,Y,,A,01,0,0,1,0,0,0,0,0,0,"- ","- ",36.635539999999999,-121.70062,MONTEREY,UNINCORPORATED,-121.70118134000001,36.636161199999997
6440449,2014,2016-01-14,9730,2014-03-26,1640,15297,,3,2,9,2700,0,1,3,,1,074,"RT 1","DOLAN RD",528.00,S,N,B,-,Y,MON,5,1,-,-,96.000,H,-,N,Y,4,0,2,2,A,-,04,21703,,N,C,C,A,A,H,-,A,D,0,,,,,Y,,A,01,0,0,2,0,0,0,0,0,0,"- ","- ",36.802239999999998,-121.78361,MONTEREY,UNINCORPORATED,-121.78371484,36.802615250000002
6440453,2014,2016-01-14,9730,2014-03-27,1650,14800,,4,2,9,2700,0,1,2,,1,070,"RT 101","RALPH LN",150.00,S,N,A,-,Y,MON,5,101,-,-,93.070,H,-,S,Y,4,0,1,1,A,-,08,22107,,N,E,I,A,A,H,-,A,D,5,,,,,Y,,A,01,0,0,1,0,0,0,0,0,0,"- ","- ",,,MONTEREY,UNINCORPORATED,-121.66503453999999,36.755818380000001
6440765,2014,2015-09-04,9730,2014-04-01,0755,18350,,2,1,9,2700,0,3,5,,2,006,"DAVIS RD","RT 183",5.00,S,N,B,-,N,,,,,,,,,,Y,4,0,1,2,A,-,03,22350,,N,C,A,A,B,H,-,A,D,0,,,,,Y,,A,01,0,0,1,0,0,0,0,0,0,"- ","- ",36.684510000000003,-121.6747,MONTEREY,UNINCORPORATED,,
6440836,2014,2016-03-05,9730,2014-03-29,1507,017184,,6,2,4,2706,0,1,3,,1,068,"RT 68","MARK THOMAS DR",160.00,E,N,B,C,Y,MON,5,68,-,R,4.070,H,-,E,Y,3,0,2,1,A,-,03,22350,,N,E,I,A,B,H,-,A,D,0,,,,,Y,,A,01,0,1,1,0,0,0,0,0,0,"- ","- ",36.593690000000002,-121.86713,MONTEREY,MONTEREY,-121.86721231,36.593477989999997
6440840,2014,2016-01-14,9730,2014-03-29,0055,019529,,6,3,9,2700,0,1,3,,1,012,"RT 1","JULIA PFEIFFER BURNS STATE PARK",2640.00,S,N,A,-,Y,MON,5,1,-,-,35.340,H,-,S,Y,3,0,1,1,A,-,01,23152,A,N,F,A,A,A,H,-,D,D,0,,,,,Y,Y,A,07,0,1,0,0,0,0,0,0,0,"- ","- ",,,MONTEREY,UNINCORPORATED,-121.66567864,36.153387680000002
6440844,2014,2014-06-30,9730,2014-03-31,1330,017502,,1,1,9,2700,0,3,5,,2,006,"DAVIS RD","BLANCO RD",25.00,N,N,B,-,N,,,,,,,,,,N,4,0,1,2,A,-,21,22106,,N,C,C,A,A,H,-,A,D,0,,,,,Y,,A,01,0,0,1,0,0,0,0,0,0,"- ","- ",,,MONTEREY,UNINCORPORATED,-121.68505987,36.666855550000001