CASE_ID,ACCIDENT_YEAR,PROC_DATE,JURIS,COLLISION_DATE,COLLISION_TIME,OFFICER_ID,REPORTING_DISTRICT,DAY_OF_WEEK,CHP_SHIFT,POPULATION,CNTY_CITY_LOC,SPECIAL_COND,BEAT_TYPE,CHP_BEAT_TYPE,CITY_DIVISION_LAPD,CHP_BEAT_CLASS,BEAT_NUMBER,PRIMARY_RD,SECONDARY_RD,DISTANCE,DIRECTION,INTERSECTION,WEATHER_1,WEATHER_2,STATE_HWY_IND,CALTRANS_COUNTY,CALTRANS_DISTRICT,STATE_ROUTE,ROUTE_SUFFIX,POSTMILE_PREFIX,POSTMILE,LOCATION_TYPE,RAMP_INTERSECTION,SIDE_OF_HWY,TOW_AWAY,COLLISION_SEVERITY,NUMBER_KILLED,NUMBER_INJURED,PARTY_COUNT,PRIMARY_COLL_FACTOR,PCF_CODE_OF_VIOL,PCF_VIOL_CATEGORY,PCF_VIOLATION,PCF_VIOL_SUBSECTION,HIT_AND_RUN,TYPE_OF_COLLISION,MVIW,PED_ACTION,ROAD_SURFACE,ROAD_COND_1,ROAD_COND_2,LIGHTING,CONTROL_DEVICE,CHP_ROAD_TYPE,PEDESTRIAN_ACCIDENT,BICYCLE_ACCIDENT,MOTORCYCLE_ACCIDENT,TRUCK_ACCIDENT,NOT_PRIVATE_PROPERTY,ALCOHOL_INVOLVED,STWD_VEHTYPE_AT_FAULT,CHP_VEHTYPE_AT_FAULT,COUNT_SEVERE_INJ,COUNT_VISIBLE_INJ,COUNT_COMPLAINT_PAIN,COUNT_PED_KILLED,COUNT_PED_INJURED,COUNT_BICYCLIST_KILLED,COUNT_BICYCLIST_INJURED,COUNT_MC_KILLED,COUNT_MC_INJURED,PRIMARY_RAMP,SECONDARY_RAMP,LATITUDE,LONGITUDE,COUNTY,CITY,POINT_X,POINT_Y
6443349,2014,2014-08-04,9730,2014-04-05,1752,020578,,6,2,9,2700,0,3,5,,2,003,"LAURELES GRADE","LAURELES RIDGE",528.00,N,N,A,-,N,,,,,,,,,,Y,3,0,1,1,A,-,03,22350,,N,F,A,A,A,H,-,A,D,0,,,Y,,Y,,C,02,0,1,0,0,0,0,0,0,1,"- ","- ",,,MONTEREY,UNINCORPORATED,-121.74958755,36.53069326
6443353,2014,2016-04-07,9735,2014-04-01,1620,015466,,2,2,9,2700,0,1,2,,1,040,"RT 101","LOS COCHES RD",528.00,S,N,B,-,Y,MON,5,101,-,-,57.018,H,-,S,Y,4,0,1,1,A,-,08,22107,,N,E,I,A,B,H,-,A,A,4,,,,,Y,,A,01,0,0,1,0,0,0,0,0,0,"- ","- ",36.364930000000001,-121.27961000000001,MONTEREY,UNINCORPORATED,-121.27950128000001,36.36503836
6443357,2014,2016-04-07,9730,2014-04-05,0820,019315,,6,1,9,2700,0,1,2,,1,070,"SALA RD","RT 101",160.00,E,N,A,-,Y,MON,5,101,-,-,92.190,H,-,N,Y,3,0,1,1,A,-,03,22350,,N,E,I,A,A,H,-,A,D,5,,,,,Y,,A,01,0,1,0,0,0,0,0,0,0,"- ","- ",,,MONTEREY,UNINCORPORATED,-121.66038754,36.743570689999999
6443459,2014,2016-04-09,9730,2014-04-03,1400,018543,,4,2,9,2700,0,1,3,,1,022,"RT 1","CARMEL VALLEY RD",2640.00,N,N,A,-,Y,MON,5,1,-,-,73.420,H,-,N,N,4,0,1,2,A,-,03,22350,,N,C,C,A,A,-,-,A,D,0,,,,,Y,,A,01,0,0,1,0,0,0,0,0,0,"- ","- ",,,MONTEREY,UNINCORPORATED,-121.91028433,36.550325350000001
6443460,2014,2016-04-05,9730,2014-04-01,0810,015014,,2,1,9,2700,0,1,3,,1,068,"RT 68","CORRAL DE TIERRA RD",425.00,E,N,B,C,Y,MON,5,68,-,-,13.030,H,-,E,Y,4,0,2,2,A,-,03,22350,,N,C,C,A,B,H,-,A,D,0,,,,,Y,,D,22,0,0,2,0,0,0,0,0,0,"- ","- ",36.578650000000003,-121.72544000000001,MONTEREY,UNINCORPORATED,-121.72580671,36.578649259999999
6482123,2014,2014-07-26,9730,2014-05-08,0030,14800,,4,3,9,2700,0,3,5,,2,003,"ABBOTT RD","COREY RD",50.00,N,N,A,-,N,,,,,,,,,,Y,3,0,1,1,A,-,01,23152,A,N,F,A,A,A,H,-,D,D,0,,,,,Y,Y,D,22,0,1,0,0,0,0,0,0,0,"- ","- ",36.595759999999999,-121.60185,MONTEREY,UNINCORPORATED,-121.60159908,36.595626469999999
6482130,2014,2016-04-07,9730,2014-04-23,0753,18350,,3,1,4,2710,0,1,3,,2,062,"RT 1","LIGHTFIGHTER DR",528.00,N,N,A,-,Y,MON,5,1,-,R,82.990,H,-,S,N,4,0,1,2,A,-,03,22350,,N,C,C,A,A,H,-,A,D,1,,,,,Y,,D,22,0,0,1,0,0,0,0,0,0,"- ","- ",36.648490000000002,-121.81509,MONTEREY,SEASIDE,-121.81506673,36.64886576
6482131,2014,2014-07-29,9730,2014-05-08,1450,12332,,4,2,9,2700,0,2,4,,1,073,"ELKHORN RD","WERNER RD",156.00,S,N,A,-,N,,,,,,,,,,Y,4,0,2,2,A,-,09,21804,A,N,D,C,A,A,H,-,A,D,0,,,,,Y,,A,01,0,0,2,0,0,0,0,0,0,"- ","- ",,,MONTEREY,UNINCORPORATED,-121.74729148999999,36.878554289999997
6482134,2014,2014-07-21,9730,2014-04-24,1440,18350,,4,2,9,2700,0,3,5,,2,003,"SAN BENANCIO RD","COVEY LN",40.00,N,N,A,-,N,,,,,,,,,,N,4,0,1,2,A,-,08,22107,,N,B,C,A,A,H,-,A,D,0,,,,,Y,,D,22,0,0,1,0,0,0,0,0,0,"- ","- ",36.550719999999998,-121.68788000000001,MONTEREY,UNINCORPORATED,-121.68906131999999,36.551039179999997
6482139,2014,2014-07-29,9730,2014-05-07,1703,019770,,3,2,9,2700,0,2,4,,1,073,"SAN MIGUEL CANYON RD","CASTROVILLE BL",0.00,,Y,A,-,N,,,,,,,,,,Y,4,0,3,3,A,-,09,21802,A,N,D,C,A,A,H,-,A,A,0,,,,,Y,,A,01,0,0,3,0,0,0,0,0,0,"- ","- ",,,MONTEREY,UNINCORPORATED,-121.67190992,36.808400069999998
6482142,2014,2014-07-16,2708,2014-04-25,1815,019770,,5,5,6,2708,0,0,0,,0,,"ABBOTT ST","HARRIS RD",55.00,N,N,B,C,N,,,,,,,,,,Y,4,0,1,2,A,-,08,22107,,N,D,C,A,B,H,-,A,A,0,,,,Y,Y,,D,22,0,0,1,0,0,0,0,0,0,"- ","- ",36.645000000000003,-121.6125,MONTEREY,SALINAS,-121.61208903000001,36.644811390000001
6482146,2014,2014-07-29,9730,2014-05-05,0730,12513,,1,1,9,2700,0,2,4,,1,073,"SAN MIGUEL CANYON RD","LANGLEY CANYON RD",0.00,,Y,B,-,N,,,,,,,,,,Y,4,0,1,2,A,-,09,21802,A,N,D,C,A,A,H,-,A,D,0,,,,,Y,,D,22,0,0,1,0,0,0,0,0,0,"- ","- ",36.804589999999997,-121.66754,MONTEREY,UNINCORPORATED,-121.66777992,36.804480060000003
6482154,2014,2014-07-29,9730,2014-05-05,1140,018171,,1,1,9,2700,0,2,4,,1,023,"CARMEL VALLEY RD","PRADO DEL SOL",326.00,E,N,A,-,N,,,,,,,,,,Y,2,0,1,1,A,-,08,22107,,N,E,I,A,A,H,-,A,D,0,,,,,Y,,D,22,1,0,0,0,0,0,0,0,0,"- ","- ",,,MONTEREY,UNINCORPORATED,-121.84319066,36.532570210000003
6482625,2014,2016-04-07,9735,2014-04-11,0730,17257,,5,1,9,2700,0,1,2,,2,044,"RT 101","ALVARADO RD",10560.00,S,N,A,-,Y,MON,5,101,-,R,12.980,H,-,S,Y,4,0,1,1,A,-,08,22107,,N,E,I,A,-,A,H,A,A,1,,,,,Y,,A,01,0,0,1,0,0,0,0,0,0,"- ","- ",35.915089999999999,-120.8554,MONTEREY,UNINCORPORATED,-120.85723464,35.915810919999998
6482940,2014,2014-08-01,2703,2014-04-22,1545,2762,2703,2,5,2,2703,0,0,0,,0,ALL,"DAY ST","5TH ST",0.00,,Y,A,-,N,,,,,,,,,,N,4,0,1,2,A,-,12,22450,A,N,G,B,A,A,H,-,A,D,0,,Y,,,Y,,A,01,0,0,1,0,0,0,1,0,0,"- ","- ",,,MONTEREY,GONZALES,-121.4429099,36.509600079999998
6484809,2014,2014-08-06,2706,2014-05-15,1353,148,2706,4,5,4,2706,0,0,0,,0,001,"FOAM ST","HOFFMAN AV",0.00,,N,A,-,N,,,,,,,,,,Y,4,0,1,2,A,-,12,21453,A,N,D,C,A,A,H,-,A,A,0,,,,,Y,,A,01,0,0,1,0,0,0,0,0,0,"- ","- ",,,MONTEREY,MONTEREY,-121.90087991999999,36.61401008
6484829,2014,2014-08-06,2706,2014-05-12,1029,939,MPD,1,5,4,2706,0,0,0,,0,003,"NORTH FREMONT ST","CASA VERDE WY",23.00,W,N,A,-,N,,,,,,,,,,Y,4,0,1,2,A,-,09,21453,B,N,D,C,A,A,H,-,A,A,0,,,,,Y,,A,08,0,0,1,0,0,0,0,0,0,"- ","- ",,,MONTEREY,MONTEREY,-121.86276692,36.5961979
6486031,2014,2014-07-23,2706,2014-05-05,1222,181,2706,1,5,4,2706,0,0,0,,0,002,"WEBSTER ST","CASS ST",46.00,W,N,A,-,N,,,,,,,,,,N,4,0,1,2,A,-,03,22350,,N,C,C,A,A,H,-,A,D,0,,,,,Y,,A,01,0,0,1,0,0,0,0,0,0,"- ","- ",,,MONTEREY,MONTEREY,-121.89455982,36.595939190000003
6486035,2014,2014-07-23,2706,2014-05-03,1639,851,2706,6,5,4,2706,0,0,0,,0,001,"WAVE ST","DAVID AV",42.00,N,N,A,-,N,,,,,,,,,,N,4,0,1,2,A,-,03,22350,,N,C,C,A,A,H,-,A,-,0,,,,,Y,,A,01,0,0,1,0,0,0,0,0,0,"- ","- ",,,MONTEREY,MONTEREY,-121.90278000000001,36.617620000000002
6486039,2014,2014-07-23,2706,2014-05-06,1730,335,2706,2,5,4,2706,0,0,0,,0,003,"MARK THOMAS DR","SLOAT AV",0.00,,Y,A,-,N,,,,,,,,,,Y,4,0,1,2,A,-,09,21801,A,N,D,C,A,A,H,-,A,A,0,,,,,Y,,A,01,0,0,1,0,0,0,0,0,0,"- ","- ",,,MONTEREY,MONTEREY,-121.87712999,36.592810010000001
6486067,2014,2014-07-23,2706,2014-05-08,1340,148,2706,4,5,4,2706,0,0,0,,0,002,"PACIFIC ST","DEL MONTE AV",3.00,E,N,A,-,N,,,,,,,,,,N,4,0,1,2,A,-,10,21950,A,F,G,B,B,A,H,-,A,A,0,Y,,,,Y,,-,99,0,0,1,0,1,0,0,0,0,"- ","- ",,,MONTEREY,MONTEREY,-121.89549828,36.601148119999998
6486072,2014,2014-07-23,2701,2014-05-17,1719,5463,2701,6,5,2,2701,0,0,0,,0,ALL,"OCEAN AV",TORRES,0.00,,Y,A,-,N,,,,,,,,,,N,3,0,2,2,A,-,09,21802,A,N,D,C,A,A,H,-,A,A,0,,,,,Y,,A,01,0,1,1,0,0,0,0,0,0,"- ","- ",,,MONTEREY,CARMEL,-121.91906992,36.555100080000003
6486459,2014,2014-07-18,2708,2014-04-09,1539,18925,,3,5,6,2708,0,0,0,,0,006,"NORTH DAVIS RD","WESTRIDGE PKWY",300.00,N,N,A,-,N,,,,,,,,,,N,4,0,1,2,A,-,07,21658,A,N,B,C,A,A,H,-,A,A,0,,,,,Y,,-,,0,0,1,0,0,0,0,0,0,"- ","- ",,,MONTEREY,SALINAS,-121.66674085,36.704809660000002
6486463,2014,2014-07-26,2708,2014-04-08,0549,75334,,2,5,6,2708,0,0,0,,0,,"NORTH MAIN ST","EAST ROSSI ST",0.00,,Y,A,-,N,,,,,,,,,,N,4,0,3,4,A,-,12,21453,A,N,D,C,A,A,H,-,C,A,0,,,,,Y,,-,"- ",0,0,3,0,0,0,0,0,0,"- ","- ",,,MONTEREY,SALINAS,-121.65403997,36.681040109999998
6486495,2014,2015-03-18,9735,2014-05-18,1305,019965,,7,1,9,2700,0,3,5,,2,003,"METZ RD","ELM AV",9504.00,S,N,A,-,N,,,,,,,,,,Y,4,0,1,2,A,-,05,21650,,N,B,C,A,A,H,-,A,D,0,,,,Y,Y,,G,25,0,0,1,0,0,0,0,0,0,"- ","- ",36.319989999999997,-121.17881,MONTEREY,UNINCORPORATED,-121.18199011999999,36.320361470000002
6486499,2014,2015-03-18,9735,2014-05-17,2339,019263,,6,3,9,2700,0,1,2,,1,040,"RT 101","HUDSON RD",2640.00,S,N,A,-,Y,MON,5,101,-,-,55.440,H,-,N,Y,4,0,1,3,A,-,03,22350,,N,C,C,A,A,C,-,D,D,4,,,,,Y,,A,01,0,0,1,0,0,0,0,0,0,"- ","- ",36.3459,-121.26094999999999,MONTEREY,UNINCORPORATED,-121.26206965999999,36.346968410000002
6486905,2014,2016-04-05,9730,2014-05-02,1031,19239,,5,1,9,2700,0,1,3,,1,068,"RT 68","SAN BENANCIO RD",1012.00,E,N,A,-,Y,MON,5,68,-,-,13.520,H,-,W,Y,4,0,2,3,A,-,03,22350,,N,C,C,A,A,H,-,A,D,0,,,,,Y,,A,01,0,0,2,0,0,0,0,0,0,"- ","- ",36.580730000000003,-121.71925,MONTEREY,UNINCORPORATED,-121.71810813,36.581245670000001
6487146,2014,2016-04-07,2708,2014-04-25,0622,16483,,5,5,6,2708,0,0,0,,0,007,"SOUTH MAIN ST","SAN JOAQUIN ST",0.00,,Y,B,C,Y,MON,5,68,-,-,20.210,I,5,E,Y,4,0,1,2,A,-,12,21453,A,N,D,C,A,B,H,-,B,A,0,,,,,Y,,A,01,0,0,1,0,0,0,0,0,0,"- ","- ",,,MONTEREY,SALINAS,-121.65908906,36.65891757
6476973,2014,2014-07-15,9730,2014-04-22,0555,13024,,2,3,9,2700,0,3,5,,2,004,"ALISAL RD","HARTNELL RD",3696.00,N,N,B,-,N,,,,,,,,,,Y,3,0,1,1,A,-,08,22107,,N,F,A,A,A,H,-,B,D,0,,,,,Y,,A,01,0,1,0,0,0,0,0,0,0,"- ","- ",,,MONTEREY,UNINCORPORATED,-121.58411268,36.653631709999999
6476977,2014,2014-07-15,9730,2014-04-20,1430,018171,,7,2,9,2700,0,3,5,,2,003,"SYLVAN RD","SYLVAN PL",528.00,E,N,A,-,N,,,,,,,,,,Y,4,0,1,1,A,-,01,23152,A,N,F,A,A,A,H,-,A,D,0,,,,,Y,Y,A,01,0,0,1,0,0,0,0,0,0,"- ","- ",,,MONTEREY,UNINCORPORATED,-121.86774388000001,36.584080640000003
6476981,2014,2016-04-07,9730,2014-04-20,1920,019635,,7,2,9,2700,0,1,2,,1,070,"RT 101","BERTA CANYON RD",100.00,S,N,A,-,Y,MON,5,101,-,-,95.300,H,-,S,Y,4,0,1,1,A,-,08,22107,,N,E,I,A,A,H,-,B,D,5,,,,,Y,,A,07,0,0,1,0,0,0,0,0,0,"- ","- ",,,MONTEREY,UNINCORPORATED,-121.66808795,36.787488740000001
6476985,2014,2016-04-07,9730,2014-04-22,1944,014800,,2,2,6,2708,0,1,2,,1,050,"RT 101","EAST MARKET ST",1056.00,N,N,A,-,Y,MON,5,101,-,-,87.520,H,-,N,Y,3,0,1,2,A,-,07,21658,A,F,F,A,A,A,H,-,A,D,1,,,,,Y,,A,08,0,1,0,0,0,0,0,0,0,"- ","- ",,,MONTEREY,SALINAS,-121.64217951000001,36.68065936
6476989,2014,2014-07-15,9730,2014-04-14,1500,018171,,1,2,9,2700,0,3,5,,2,006,"BLACKIE RD","DEL MONTE AV",0.00,,Y,A,-,N,,,,,,,,,,Y,4,0,1,2,A,-,09,21802,A,N,D,C,A,A,H,-,A,D,0,,,,,Y,,A,01,0,0,1,0,0,0,0,0,0,"- ","- ",,,MONTEREY,UNINCORPORATED,-121.74413989999999,36.757960109999999
6476993,2014,2014-07-15,9730,2014-04-21,1649,014800,,1,2,9,2700,0,3,5,,2,006,"RESERVATION RD","INTER-GARRISON RD",100.00,E,N,A,-,N,,,,,,,,,,N,4,0,1,2,A,-,03,22350,,N,C,C,A,A,D,-,A,A,0,,,,,Y,,A,01,0,0,1,0,0,0,0,0,0,"- ","- ",,,MONTEREY,UNINCORPORATED,-121.74148619,36.659540560000003
6476997,2014,2016-04-07,9730,2014-04-21,1330,13024,,1,1,6,2708,0,1,2,,1,050,"RT 101","SANBORN RD",1056.00,N,N,A,-,Y,MON,5,101,-,-,86.340,H,-,S,N,4,0,1,2,A,-,01,23152,A,N,C,C,A,A,H,-,A,D,1,,,,,Y,Y,A,01,0,0,1,0,0,0,0,0,0,"- ","- ",,,MONTEREY,SALINAS,-121.63169626,36.667780229999998
6477001,2014,2016-04-09,9730,2014-04-28,0253,019796,,1,3,9,2700,0,1,3,,1,022,"RT 1","CARMEL VALLEY RD",0.00,,Y,A,-,Y,MON,5,1,-,-,72.921,I,5,S,Y,2,0,1,1,A,-,08,22107,,N,E,I,A,A,H,-,C,A,0,,,,,Y,,A,01,1,0,0,0,0,0,0,0,0,"- ","- ",36.543419999999998,-121.9085,MONTEREY,UNINCORPORATED,-121.90839304000001,36.543425849999998
6477005,2014,2016-04-09,9730,2014-04-28,1040,019569,,1,1,9,2700,0,1,3,,1,014,"RT 1","LITTLE SUR RIVER BR",3168.00,S,N,A,-,Y,MON,5,1,-,-,55.400,H,-,N,Y,3,0,1,2,A,-,03,22350,,N,C,C,A,A,H,-,A,D,0,,,Y,,Y,,C,02,0,1,0,0,0,0,0,0,1,"- ","- ",36.328020000000002,-121.89376,MONTEREY,UNINCORPORATED,-121.89418264,36.327263459999998
6477800,2014,2014-06-24,2708,2014-04-29,2135,14800,,2,5,6,2708,0,0,0,,0,,"WILLIAMS RD","OLD STAGE RD",0.00,,Y,A,-,N,,,,,,,,,,Y,4,0,2,1,A,-,03,22350,,N,E,I,A,A,H,-,D,A,0,,,,,Y,,A,01,0,0,2,0,0,0,0,0,0,"- ","- ",36.698480000000004,-121.5742,MONTEREY,SALINAS,-121.57420996,36.69844002
6482087,2014,2014-07-29,9730,2014-05-03,1800,019529,,6,2,9,2700,0,2,4,,1,023,"CARMEL VALLEY RD","BORONDA RD",750.00,E,N,A,-,N,,,,,,,,,,Y,3,0,1,1,A,-,08,22107,,N,E,I,A,A,H,-,A,D,0,,,,,Y,Y,D,22,0,1,0,0,0,0,0,0,0,"- ","- ",,,MONTEREY,UNINCORPORATED,-121.74500609,36.492783969999998
6487682,2014,2014-07-24,2706,2014-05-04,0949,627,2706,7,5,4,2706,0,0,0,,0,003,"NORTH FREMONT ST","CASANOVA AV",0.00,,Y,A,-,N,,,,,,,,,,N,3,0,1,2,A,-,12,21453,A,M,D,G,A,A,H,-,A,A,0,,Y,,,Y,Y,L,04,0,1,0,0,0,0,1,0,0,"- ","- ",,,MONTEREY,MONTEREY,-121.8532299,36.597670039999997
6487773,2014,2015-03-27,2706,2014-05-09,1614,949,MPD,5,5,4,2706,0,0,0,,0,001,"REESIDE AV","REC TRL",0.00,,Y,A,-,N,,,,,,,,,,N,4,0,1,2,A,-,10,21950,A,N,D,G,A,A,H,-,A,D,0,,Y,,,Y,,A,01,0,0,1,0,0,0,1,0,0,"- ","- ",,,MONTEREY,MONTEREY,,
6488082,2014,2015-10-23,2711,2014-04-25,0748,5617,2711,5,5,3,2711,0,0,0,,0,001,"ANDALUCIA DR","GRANADA ST",40.00,W,N,C,-,N,,,,,,,,,,N,4,0,1,2,A,-,21,22106,,N,C,C,A,B,G,-,A,D,0,,,,,Y,,A,07,0,0,1,0,0,0,0,0,0,"- ","- ",,,MONTEREY,SOLEDAD,-121.32183000000001,36.430619999999998
6488083,2014,2016-01-06,2711,2014-04-08,1802,6111,2711,2,5,3,2711,0,0,0,,0,002,"FRONT ST","EAST ST",0.00,,Y,A,-,N,,,,,,,,,,N,4,0,1,3,A,-,03,22350,,F,C,C,A,A,H,-,A,A,0,,,,,Y,,-,99,0,0,1,0,0,0,0,0,0,"- ","- ",,,MONTEREY,SOLEDAD,-121.32615991999999,36.424900020000003
6489860,2014,2016-04-07,9735,2014-05-28,1035,011881,,3,1,9,2700,0,1,2,,2,045,"RT 101","EAST GARRISON",693.00,N,N,-,-,Y,MON,5,101,-,R,2.280,H,-,S,Y,3,0,2,2,C,-,18,,,N,F,A,A,-,-,-,-,D,1,,,,Y,Y,,-,"- ",0,1,1,0,0,0,0,0,0,"- ","- ",,,MONTEREY,UNINCORPORATED,-120.7557316,35.817027439999997
6491773,2014,2014-08-01,2712,2014-04-21,0737,717,2712,1,5,3,2712,0,0,0,,0,001,"CARMEL AV","NICKLAS LN",14.00,E,N,A,-,N,,,,,,,,,,N,4,0,1,2,A,-,09,21802,A,N,B,C,A,A,H,-,A,D,0,,,,,Y,,A,08,0,0,1,0,0,0,0,0,0,"- ","- ",,,MONTEREY,MARINA,-121.79045888,36.678370440000002
6493977,2014,2014-07-28,2706,2014-05-12,1624,627,2706,1,5,4,2706,0,0,0,,0,001,"DAVID AV","FILMORE ST",0.00,,Y,A,-,N,,,,,,,,,,Y,3,0,1,2,A,-,21,22106,,N,D,C,A,A,H,-,A,A,0,,,,,Y,,A,01,0,1,0,0,0,0,0,0,0,"- ","- ",,,MONTEREY,MONTEREY,-121.91339997999999,36.612610109999999
6493997,2014,2015-10-01,2706,2014-05-03,1552,229,2706,6,5,4,2706,0,0,0,,0,001,"PACIFIC ST","ARTILLERY ST",0.00,,Y,A,-,N,,,,,,,,,,Y,2,0,1,1,A,-,01,23152,A,N,E,I,A,A,H,-,A,A,0,,,,,Y,Y,D,22,1,0,0,0,0,0,0,0,0,"- ","- ",,,MONTEREY,MONTEREY,-121.89512988,36.604760059999997
6494802,2014,2016-04-07,9730,2014-05-20,0745,018171,,2,1,9,2700,0,1,3,,1,022,"RT 1","CARPENTER ST",0.00,,Y,B,-,Y,MON,5,1,-,-,74.560,I,5,N,N,4,0,1,2,A,-,03,22350,,N,D,C,A,B,H,-,A,D,0,,,,,Y,,D,22,0,0,1,0,0,0,0,0,0,"- ","- ",,,MONTEREY,UNINCORPORATED,-121.91298834,36.566455650000002
6494806,2014,2016-04-05,9730,2014-05-15,1800,15297,,4,2,9,2700,0,1,3,,1,072,"RT 156","CASTROVILLE BL",0.00,,Y,A,-,Y,MON,5,156,-,R,1.820,I,5,W,Y,3,0,1,2,A,-,12,21453,A,N,D,C,A,A,H,-,A,A,0,,,,Y,Y,,G,25,0,1,0,0,0,0,0,0,0,"- ","- ",36.768479999999997,-121.74353000000001,MONTEREY,UNINCORPORATED,-121.74363087,36.768343459999997
6494818,2014,2016-04-07,9730,2014-05-15,1210,018171,,4,1,9,2700,0,1,3,,1,022,"RT 1","MESA DR",50.00,S,N,A,-,Y,MON,5,1,-,-,73.530,H,-,S,N,4,0,1,2,A,-,03,22350,,N,C,C,A,A,H,-,A,D,0,,,,,Y,,D,22,0,0,1,0,0,0,0,0,0,"- ","- ",,,MONTEREY,UNINCORPORATED,-121.9105091,36.551859479999997
6494826,2014,2014-07-29,9730,2014-05-16,1540,018886,,5,2,9,2700,0,3,5,,2,007,"CASTROVILLE BL","SAN MIGUEL CANYON RD",5.00,S,N,A,-,N,,,,,,,,,,N,4,0,1,2,A,-,03,22350,,N,C,C,A,A,H,-,A,D,0,,,Y,,Y,,D,22,0,0,1,0,0,0,0,0,1,"- ","- ",36.80829,-121.67187,MONTEREY,UNINCORPORATED,-121.67192534,36.808393959999997
6443466,2014,2016-03-05,9735,2014-03-25,1300,015466,,2,1,9,2700,0,1,3,,2,052,"RT 25","LEWIS CREEK RD",1584.00,N,N,A,-,Y,MON,5,25,-,-,0.870,H,-,N,Y,3,0,3,1,A,-,03,22350,,N,E,I,A,A,H,-,A,A,0,,,,,Y,,D,22,0,3,0,0,0,0,0,0,0,"- ","- ",36.313389999999998,-120.92863,MONTEREY,UNINCORPORATED,-120.83108759,36.196234779999997
6443484,2014,2016-04-07,9730,2014-04-01,1657,019512,,2,2,9,2700,0,1,3,,1,074,"RT 1","PORTERO RD",1056.00,S,N,C,-,Y,MON,5,1,-,-,94.990,H,-,N,Y,4,0,1,3,A,-,03,22350,,N,C,C,A,B,H,-,A,D,0,,,,,Y,,D,22,0,0,1,0,0,0,0,0,0,"- ","- ",,,MONTEREY,UNINCORPORATED,-121.78245216000001,36.7881918
6443492,2014,2014-07-15,9730,2014-04-07,1845,020057,,1,2,9,2700,0,3,5,,2,005,"HARRISON RD","MARTINES RD",1500.00,N,N,A,-,N,,,,,,,,,,Y,4,0,1,2,A,-,08,22107,,N,D,C,A,A,H,-,A,D,0,,,,,Y,,D,22,0,0,1,0,0,0,0,0,0,"- ","- ",36.755429999999997,-121.65582999999999,MONTEREY,UNINCORPORATED,-121.65599659,36.753036049999999
6443504,2014,2014-07-15,9730,2014-04-08,0754,12332,,2,1,9,2700,0,3,5,,2,007,"MAHER RD","TARPEY RD",2640.00,S,N,A,-,N,,,,,,,,,,Y,4,0,2,2,A,-,09,21804,A,N,D,C,A,A,H,-,A,D,0,,,,,Y,,D,22,0,0,2,0,0,0,0,0,0,"- ","- ",,,MONTEREY,UNINCORPORATED,-121.68188118,36.855386809999999
6443508,2014,2014-07-15,9730,2014-04-06,1756,020578,,7,2,9,2700,0,3,5,,2,006,"INNER GARRISON RD","RESERVATION RD",0.00,,Y,A,-,N,,,,,,,,,,N,4,0,2,2,A,-,03,22350,,N,D,C,A,A,H,-,A,A,0,,,,,Y,Y,D,22,0,0,2,0,0,0,0,0,0,"- ","- ",,,MONTEREY,UNINCORPORATED,-121.74177991000001,36.659680109999996
6444151,2014,2014-06-26,2708,2014-02-12,1625,19943,,3,5,6,2708,0,0,0,,0,003,"EL DORADO DR","HARDEN PKWY",10.00,S,N,A,-,N,,,,,,,,,,Y,4,0,1,2,A,-,12,22450,A,N,D,C,A,A,H,-,A,A,0,,,,,Y,,-,,0,0,1,0,0,0,0,0,0,"- ","- ",,,MONTEREY,SALINAS,-121.63599839,36.710693370000001
6444644,2014,2014-07-09,2708,2014-03-08,1745,15945,,6,5,6,2708,0,0,0,,0,,"BROOKS RD","WESTRIDGE PKWY",211.00,S,N,A,-,N,,,,,,,,,,Y,2,0,1,1,A,-,08,22107,,N,A,I,A,A,H,-,A,D,0,,,,,Y,,-,,1,0,0,0,0,0,0,0,0,"- ","- ",,,MONTEREY,SALINAS,-121.67125846,36.705235620000003
6444648,2014,2015-08-10,2708,2014-03-13,1806,15945,,4,5,6,2708,0,0,0,,0,,"EAST LAUREL DR","SANTA TERESA WY",0.00,,Y,A,-,N,,,,,,,,,,Y,3,0,2,2,A,-,09,21802,A,N,D,C,A,A,H,-,A,D,0,,,,,Y,,-,,0,1,1,0,0,0,0,0,0,"- ","- ",,,MONTEREY,SALINAS,-121.64502992,36.69781004
6444651,2014,2014-07-08,2706,2014-03-28,1316,142,2706,5,5,4,2706,0,0,0,,0,002,"FREMONT ST","CAMINO AGUAJITO",0.00,,Y,A,-,N,,,,,,,,,,Y,3,0,1,2,A,-,"- ",,,N,D,C,A,A,H,-,A,A,0,,,,,Y,,A,01,0,1,0,0,0,0,0,0,0,"- ","- ",,,MONTEREY,MONTEREY,-121.88249995,36.593760009999997
6444652,2014,2014-07-09,2708,2014-03-20,1637,08067,,4,5,6,2708,0,0,0,,0,010,"JOHN ST","S HEBBRON AV",300.00,W,N,A,-,N,,,,,,,,,,N,3,0,2,2,A,-,09,21804,A,N,D,C,A,A,H,-,A,A,0,,,,,Y,,-,,0,1,1,0,0,0,0,0,0,"- ","- ",,,MONTEREY,SALINAS,-121.63379698999999,36.670096239999999
6444656,2014,2015-08-10,2708,2014-03-23,1732,56413,SALIN,7,5,6,2708,0,0,0,,0,010,"E ALISAL ST","NORTH MADEIRA AV",0.00,,Y,A,-,N,,,,,,,,,,Y,2,0,2,3,A,-,10,21950,A,N,G,B,B,A,-,-,A,A,0,Y,,,,Y,,-,,1,1,0,0,2,0,0,0,0,"- ","- ",,,MONTEREY,SALINAS,-121.63844989,36.674010039999999