CASE_ID,ACCIDENT_YEAR,PROC_DATE,JURIS,COLLISION_DATE,COLLISION_TIME,OFFICER_ID,REPORTING_DISTRICT,DAY_OF_WEEK,CHP_SHIFT,POPULATION,CNTY_CITY_LOC,SPECIAL_COND,BEAT_TYPE,CHP_BEAT_TYPE,CITY_DIVISION_LAPD,CHP_BEAT_CLASS,BEAT_NUMBER,PRIMARY_RD,SECONDARY_RD,DISTANCE,DIRECTION,INTERSECTION,WEATHER_1,WEATHER_2,STATE_HWY_IND,CALTRANS_COUNTY,CALTRANS_DISTRICT,STATE_ROUTE,ROUTE_SUFFIX,POSTMILE_PREFIX,POSTMILE,LOCATION_TYPE,RAMP_INTERSECTION,SIDE_OF_HWY,TOW_AWAY,COLLISION_SEVERITY,NUMBER_KILLED,NUMBER_INJURED,PARTY_COUNT,PRIMARY_COLL_FACTOR,PCF_CODE_OF_VIOL,PCF_VIOL_CATEGORY,PCF_VIOLATION,PCF_VIOL_SUBSECTION,HIT_AND_RUN,TYPE_OF_COLLISION,MVIW,PED_ACTION,ROAD_SURFACE,ROAD_COND_1,ROAD_COND_2,LIGHTING,CONTROL_DEVICE,CHP_ROAD_TYPE,PEDESTRIAN_ACCIDENT,BICYCLE_ACCIDENT,MOTORCYCLE_ACCIDENT,TRUCK_ACCIDENT,NOT_PRIVATE_PROPERTY,ALCOHOL_INVOLVED,STWD_VEHTYPE_AT_FAULT,CHP_VEHTYPE_AT_FAULT,COUNT_SEVERE_INJ,COUNT_VISIBLE_INJ,COUNT_COMPLAINT_PAIN,COUNT_PED_KILLED,COUNT_PED_INJURED,COUNT_BICYCLIST_KILLED,COUNT_BICYCLIST_INJURED,COUNT_MC_KILLED,COUNT_MC_INJURED,PRIMARY_RAMP,SECONDARY_RAMP,LATITUDE,LONGITUDE,COUNTY,CITY,POINT_X,POINT_Y
6444660,2014,2016-01-14,2708,2014-03-29,2133,APARKER,WPC,6,5,6,2708,0,0,0,,0,007,"WEST SAN LUIS ST","WEST MARKET ST",0.00,,Y,C,-,Y,MON,5,183,-,-,1.210,I,6,N,,4,0,1,2,A,-,12,22450,,N,G,B,D,B,H,-,C,A,0,Y,,,,Y,,-,,0,0,1,0,1,0,0,0,0,"- ","- ",,,MONTEREY,SALINAS,-121.66388310000001,36.680536709999998
6494838,2014,2014-07-29,9730,2014-05-10,0930,019837,,6,1,9,2700,0,2,4,,1,073,"HALL RD","WILLOW RD",528.00,W,N,A,-,N,,,,,,,,,,Y,4,0,1,2,A,-,05,21460,A,N,A,C,A,A,H,-,A,D,0,,,,,Y,,A,01,0,0,1,0,0,0,0,0,0,"- ","- ",,,MONTEREY,UNINCORPORATED,-121.73684176,36.865892969999997
6494839,2014,2016-04-07,9730,2014-05-22,0735,18171,,4,1,9,2700,0,1,3,,1,022,"RT 1","ATHERTON DR",50.00,N,N,B,-,Y,MON,5,1,-,-,73.150,H,-,S,N,4,0,1,2,A,-,03,22350,,N,C,C,A,B,H,-,A,D,0,,,,,Y,,D,22,0,0,1,0,0,0,0,0,0,"- ","- ",,,MONTEREY,UNINCORPORATED,-121.90966116,36.54649397
6494842,2014,2014-06-27,9730,2014-04-24,0600,13024,,4,1,9,2700,0,3,5,,2,004,"OLD STAGE RD","ASSOCIATED LN",2112.00,N,N,A,-,N,,,,,,,,,,Y,4,0,1,2,A,-,05,21460,A,N,A,C,A,A,H,-,B,D,0,,,,,Y,,A,01,0,0,1,0,0,0,0,0,0,"- ","- ",,,MONTEREY,UNINCORPORATED,-121.47143728,36.52889845
6494850,2014,2014-07-29,9730,2014-05-13,0808,12332,,2,1,9,2700,0,2,4,,1,073,"SALINAS RD","ASSOCIATED LN",150.00,S,N,A,-,N,,,,,,,,,,Y,4,0,4,3,A,-,03,22350,,N,C,C,A,A,H,-,A,D,0,,,,,Y,,A,01,0,0,4,0,0,0,0,0,0,"- ","- ",,,MONTEREY,UNINCORPORATED,-121.74788836,36.897378699999997
6494851,2014,2016-04-09,9730,2014-05-22,0830,017803,,4,1,9,2700,0,1,3,,1,068,"RT 68","YORK RD",528.00,E,N,B,-,Y,MON,5,68,-,-,8.250,H,-,W,Y,4,0,2,3,A,-,03,22350,,N,C,C,A,A,H,-,A,D,0,,,,,Y,,D,22,0,0,2,0,0,0,0,0,0,"- ","- ",36.571269999999998,-121.8066,MONTEREY,UNINCORPORATED,-121.80660450000001,36.57115864
6494863,2014,2014-07-28,9730,2014-05-12,0030,018786,,1,3,9,2700,0,3,5,,2,004,"ALISAL RD","ZABALA RD",300.00,S,N,A,-,N,,,,,,,,,,Y,3,0,1,1,A,-,08,22107,,N,F,A,A,A,H,-,D,D,0,,,,,Y,,D,22,0,1,0,0,0,0,0,0,0,"- ","- ",36.640349999999998,-121.56976,MONTEREY,UNINCORPORATED,-121.57068714,36.641059679999998
6494866,2014,2016-04-07,9730,2014-05-13,1710,015297,,2,2,9,2700,0,3,5,,2,006,"DEL MONTE BL","RT 1",0.00,,Y,A,-,Y,MON,5,1,-,R,78.870,R,4,N,Y,4,0,2,2,A,-,09,21801,A,N,D,C,A,A,H,-,A,D,1,,,,,Y,,D,22,0,0,2,0,0,0,0,0,0,"- ","- ",36.723610000000001,-121.78868,MONTEREY,UNINCORPORATED,-121.86103265,36.604121829999997
6494867,2014,2016-04-05,9730,2014-05-13,0605,015160,,2,1,9,2700,0,1,3,,1,066,"RT 183","ESPINOSA RD",0.00,,Y,A,-,Y,MON,5,183,-,R,7.651,I,5,N,Y,4,0,1,2,A,-,09,21802,A,N,D,C,A,A,H,-,A,A,0,,,,,Y,,D,22,0,0,1,0,0,0,0,0,0,"- ","- ",,,MONTEREY,UNINCORPORATED,-121.74027044,36.74497538
6494871,2014,2014-07-29,9730,2014-05-16,0550,019127,,5,3,9,2700,0,3,5,,2,004,"OLD STAGE RD","SPENCE RD",15.00,S,N,A,-,N,,,,,,,,,,Y,4,0,1,2,A,-,03,22350,,N,C,C,A,A,H,-,B,D,0,,,,,Y,,A,01,0,0,1,0,0,0,0,0,0,"- ","- ",36.629840000000002,-121.53991000000001,MONTEREY,UNINCORPORATED,-121.53984305,36.629863690000001
6494875,2014,2016-04-07,9730,2014-05-20,0205,017785,,2,3,9,2700,0,3,5,,2,003,"OLD STAGE RD","RT 101",139.00,S,N,A,-,Y,MON,5,101,-,-,72.660,R,2,N,Y,3,0,2,2,A,-,05,21460,A,N,A,C,A,A,H,-,D,D,1,,,,Y,Y,,G,25,0,1,1,0,0,0,0,0,0,"- ","- ",36.521929999999998,-121.46396,MONTEREY,UNINCORPORATED,-121.46506595,36.523937609999997
6496449,2014,2015-03-21,2710,2014-05-14,2105,373,2710,3,5,4,2710,0,0,0,,0,01A,"FREMONT BL","SONOMA AV",0.00,,Y,-,-,N,,,,,,,,,,Y,4,0,2,2,D,-,00,,,N,-,-,A,-,-,-,-,-,0,,,Y,,Y,,-,"- ",0,0,2,0,0,0,0,0,2,"- ","- ",,,MONTEREY,SEASIDE,-121.84709986,36.606250119999999
6482103,2014,2014-07-21,9730,2014-04-30,1320,18350,,3,1,9,2700,0,2,4,,1,023,"CARMEL VALLEY RD","RANCHO FIESTA RD",2640.00,W,N,A,-,N,,,,,,,,,,N,4,0,1,2,A,-,05,21460,A,N,B,C,A,-,A,H,A,D,0,,,,,Y,,I,09,0,0,1,0,0,0,0,0,0,"- ","- ",,,MONTEREY,UNINCORPORATED,-121.78294974000001,36.517136440000002
6499755,2014,2016-04-05,9735,2014-05-11,1715,15466,,7,2,9,2700,0,1,3,,1,035,"RT 198","PEACH TREE RD",9504.00,E,N,A,-,Y,MON,5,198,-,-,15.900,H,-,W,Y,3,0,2,1,A,-,03,22350,,N,F,A,A,A,H,-,A,D,0,,,Y,,Y,,C,02,0,2,0,0,0,0,0,0,2,"- ","- ",36.19802,-120.80009,MONTEREY,UNINCORPORATED,-120.79977354,36.197780160000001
6499756,2014,2014-08-26,9735,2014-05-08,1505,18069,,4,2,9,2700,0,2,4,,1,021,"JOLON RD","MISSION RD",1056.00,N,N,A,-,N,,,,,,,,,,Y,3,0,1,1,A,-,08,22107,,N,E,A,A,A,H,-,A,D,0,,,,,Y,,D,22,0,1,0,0,0,0,0,0,0,"- ","- ",35.974379999999996,-121.17542,MONTEREY,UNINCORPORATED,-121.17573285,35.971859160000001
6499971,2014,2014-07-21,2708,2014-04-03,1132,52823,,4,5,6,2708,0,0,0,,0,,"ABBOTT ST","SUMMER ST",0.00,,Y,A,-,N,,,,,,,,,,N,3,0,1,2,A,-,09,21802,A,N,D,C,A,A,H,-,A,A,0,,,,,Y,,-,,0,1,0,0,0,0,0,0,0,"- ","- ",,,MONTEREY,SALINAS,-121.64759995,36.670700070000002
6503912,2014,2014-08-27,2703,2014-05-28,0746,4989,2703,3,5,2,2703,0,0,0,,0,ALL,"JERSEY DR","CHAROLAIS DR",0.00,,Y,A,-,N,,,,,,,,,,N,4,0,1,2,A,-,08,22107,,N,D,C,A,A,H,-,A,A,0,,,,,Y,,A,01,0,0,1,0,0,0,0,0,0,"- ","- ",,,MONTEREY,GONZALES,-121.43240994999999,36.508170110000002
6504762,2014,2014-07-25,2708,2014-04-21,1819,76998,,1,5,6,2708,0,0,0,,0,003,"BORONDA RD","INDEPENDENCE BL",0.00,,Y,B,-,N,,,,,,,,,,Y,4,0,1,2,A,-,03,22350,,F,C,C,A,A,H,-,A,A,0,,,,,Y,Y,-,,0,0,1,0,0,0,0,0,0,"- ","- ",,,MONTEREY,SALINAS,-121.61653999000001,36.714930070000001
6505011,2014,2016-04-05,9730,2014-05-10,2303,18966,,6,3,9,2700,0,1,3,,1,068,"RT 68","BOOTS RD",3168.00,W,N,A,-,Y,MON,5,68,-,-,9.290,H,-,E,Y,2,0,2,2,A,-,01,23152,A,N,A,C,A,A,H,-,D,D,0,,,,,Y,Y,A,01,1,0,1,0,0,0,0,0,0,"- ","- ",36.570099999999996,-121.78843000000001,MONTEREY,UNINCORPORATED,-121.78875126,36.57013808
6505012,2014,2016-04-05,9730,2014-05-12,0937,19127,,1,1,9,2700,0,1,3,,1,068,"RT 68","HITCHCOCK RD",528.00,W,N,A,-,Y,MON,5,68,-,-,19.090,H,-,W,Y,2,0,1,2,A,-,07,21658,A,N,H,G,A,A,H,-,A,D,0,,Y,,,Y,,L,04,1,0,0,0,0,0,1,0,0,"- ","- ",36.643900000000002,-121.66449,MONTEREY,UNINCORPORATED,-121.66480467,36.64317552
6505015,2014,2016-04-09,9730,2014-05-12,1605,19569,,1,2,9,2700,0,1,3,,1,014,"RT 1","NEPENTHE RESTAURANT",1056.00,N,N,A,-,Y,MON,5,1,-,-,44.110,H,-,N,Y,4,0,1,2,A,-,05,21650,,N,A,C,A,A,H,-,A,D,0,,,,,Y,,A,01,0,0,1,0,0,0,0,0,0,"- ","- ",,,MONTEREY,UNINCORPORATED,-121.75834042,36.22472964
6505043,2014,2016-04-07,9730,2014-05-12,1809,19981,,1,2,4,2706,0,1,3,,2,062,"RT 1","AGUAJITO RD",500.00,N,N,A,-,Y,MON,5,1,-,R,77.550,H,-,N,Y,4,0,1,1,A,-,08,22107,,N,F,A,A,A,H,-,A,D,1,,,,,Y,,A,01,0,0,1,0,0,0,0,0,0,"- ","- ",,,MONTEREY,MONTEREY,-121.87813813,36.59287526
6505044,2014,2016-04-09,9730,2014-05-05,2155,18820,,1,2,9,2700,0,1,3,,1,012,"RT 1","MAXINE SH VIADCUT BR 44-254",2640.00,S,N,B,C,Y,MON,5,1,-,-,57.090,H,-,S,Y,2,0,1,1,A,-,08,22107,,N,E,I,A,B,H,-,D,D,0,,,,,Y,,A,01,1,0,0,0,0,0,0,0,0,"- ","- ",36.343910000000001,-121.89189,MONTEREY,UNINCORPORATED,-121.8919325,36.343261900000002
6505047,2014,2014-08-08,9730,2014-05-11,1611,19239,,7,2,9,2700,0,3,5,,2,002,"LAURELES GRADE RD","RINCONADA DR",2640.00,S,N,A,-,N,,,,,,,,,,Y,4,0,1,1,A,-,08,22107,,N,E,I,A,A,H,-,A,D,0,,,Y,,Y,,C,02,0,0,1,0,0,0,0,0,1,"- ","- ",,,MONTEREY,UNINCORPORATED,-121.74939888,36.531877399999999
6505048,2014,2014-08-08,9730,2014-05-10,1555,20576,,6,2,9,2700,0,2,4,,1,073,"HALL RD","JOHNSON RD",1000.00,E,N,A,-,N,,,,,,,,,,Y,4,0,1,2,A,-,03,22350,,N,C,C,A,A,H,-,A,D,0,,,,,Y,,A,01,0,0,1,0,0,0,0,0,0,"- ","- ",36.860550000000003,-121.70456,MONTEREY,UNINCORPORATED,-121.7039736,36.860472520000002
6505051,2014,2015-12-30,9730,2014-05-03,0800,18886,,6,1,9,2700,0,3,5,,2,003,"FOLETTA RD","ALTA ST",105.00,W,N,B,-,N,,,,,,,,,,Y,4,0,2,1,A,-,08,22107,,N,E,I,A,A,H,-,A,D,0,,,,,Y,,A,01,0,0,2,0,0,0,0,0,0,"- ","- ",,,MONTEREY,UNINCORPORATED,-121.46621349999999,36.523414330000001
6505052,2014,2016-04-07,9730,2014-05-11,1938,19315,,7,2,9,2700,0,1,3,,1,074,"RT 1","JETTY RD",717.00,N,N,A,-,Y,MON,5,1,-,-,97.140,H,-,S,Y,3,0,3,2,A,-,01,23152,A,N,A,C,A,A,H,-,A,D,0,,,,,Y,Y,A,01,0,1,2,0,0,0,0,0,0,"- ","- ",,,MONTEREY,UNINCORPORATED,-121.78596308,36.819084099999998
6505055,2014,2016-04-09,9730,2014-05-14,1550,17785,,3,2,9,2700,0,3,5,,2,003,"FOLETTA RD","ALTA ST",15.00,W,N,A,-,Y,MON,5,101,-,-,72.790,R,4,S,N,4,0,1,2,A,-,21,22106,,N,C,C,A,A,H,-,A,A,1,,,,,Y,,A,01,0,0,1,0,0,0,0,0,0,"- ","- ",36.52346,-121.46593,MONTEREY,UNINCORPORATED,-121.46699442000001,36.524635029999999
6505056,2014,2016-04-07,9730,2014-05-14,1150,17803,,3,1,9,2700,0,1,3,,1,022,"RT 1","ATHERTON DR",10.00,S,N,A,-,Y,MON,5,1,-,-,73.130,H,-,N,Y,4,0,1,1,A,-,08,22107,,N,E,I,A,A,H,-,A,D,0,,,,,Y,,A,01,0,0,1,0,0,0,0,0,0,"- ","- ",,,MONTEREY,UNINCORPORATED,-121.9096155,36.546204029999998
6505059,2014,2016-04-07,9730,2014-05-16,1614,17184,,5,2,9,2700,0,1,3,,1,022,"RT 1","FLANDERS DR",0.00,,Y,A,-,Y,MON,5,1,-,-,73.590,I,5,N,Y,4,0,1,2,A,-,03,22350,,N,D,C,A,A,H,-,A,D,0,,,Y,,Y,,C,02,0,0,1,0,0,0,0,0,1,"- ","- ",36.557810000000003,-121.91119999999999,MONTEREY,UNINCORPORATED,-121.91065208000001,36.552764629999999
6505060,2014,2014-08-07,9730,2014-05-14,1720,19770,,3,2,9,2700,0,2,4,,1,073,"SAN MIGUEL CANYON RD","WOODLAND HILLS LN",528.00,N,N,A,-,N,,,,,,,,,,Y,3,0,1,1,A,-,01,23152,A,N,F,A,A,A,H,-,A,D,0,,,,,Y,Y,A,01,0,1,0,0,0,0,0,0,0,"- ","- ",,,MONTEREY,UNINCORPORATED,-121.69005799,36.848030010000002
6505063,2014,2014-08-07,9730,2014-05-14,2215,18820,,3,3,9,2700,0,3,5,,2,002,"PALO COLORADO RD","RT 1",1056.00,E,N,A,-,N,,,,,,,,,,N,3,0,1,1,A,-,01,23152,A,N,E,I,A,A,H,-,D,D,0,,,,,Y,Y,A,07,0,1,0,0,0,0,0,0,0,"- ","- ",36.400019999999998,-121.90218,MONTEREY,UNINCORPORATED,,
6505064,2014,2016-03-30,9730,2014-05-21,1800,15297,,3,2,9,2700,0,1,3,,1,066,"MERRITT ST","MONTEREY ST",30.00,S,N,B,-,Y,MON,5,183,-,R,8.740,H,-,S,N,4,0,1,2,A,-,03,22350,,N,C,C,A,A,H,-,A,D,0,,,,,Y,,A,07,0,0,1,0,0,0,0,0,0,"- ","- ",36.758609999999997,-121.74854000000001,MONTEREY,UNINCORPORATED,-121.74856481,36.758736919999997
6505067,2014,2014-08-07,9730,2014-05-20,1635,17785,,2,2,9,2700,0,3,5,,2,003,"RIVER RD","CAMPHORA RD",90.00,S,N,A,-,N,,,,,,,,,,Y,3,0,1,1,A,-,03,22350,,N,E,I,A,A,H,-,A,D,0,,,,,Y,Y,A,01,0,1,0,0,0,0,0,0,0,"- ","- ",36.427129999999998,-121.40271,MONTEREY,UNINCORPORATED,-121.40255605999999,36.426812429999998
6505068,2014,2016-04-09,9730,2014-05-11,1726,19981,,7,2,9,2700,0,1,3,,1,012,"RT 1","REDWOOD GULCH",3696.00,N,N,A,-,Y,MON,5,1,-,-,6.200,H,-,N,Y,2,0,1,1,A,-,08,22107,,N,E,I,A,A,H,-,A,D,0,,,,,Y,,A,07,1,0,0,0,0,0,0,0,0,"- ","- ",,,MONTEREY,UNINCORPORATED,-121.39998045999999,35.839700809999997
6505389,2014,2016-04-07,9735,2014-05-11,1530,16696,,7,2,9,2700,0,1,2,,1,041,"RT 101","CENTRAL AV",250.00,S,N,A,-,Y,MON,5,101,-,-,45.700,H,-,N,Y,2,0,1,1,A,-,08,22107,,N,F,A,A,A,H,-,A,D,5,,,,,Y,,A,01,1,0,0,0,0,0,0,0,0,"- ","- ",,,MONTEREY,UNINCORPORATED,-121.17419888000001,36.233075929999998
6505390,2014,2016-04-07,9735,2014-05-21,1545,15466,,3,2,9,2700,0,1,2,,2,044,"RT 101","JOLON RD",1056.00,S,N,-,-,Y,MON,5,101,-,R,9.330,R,2,N,Y,3,0,2,1,A,-,08,22107,,N,E,I,A,-,-,-,-,D,1,,,,,Y,,A,01,0,2,0,0,0,0,0,0,0,NF,"- ",35.872839999999997,-120.83172999999999,MONTEREY,UNINCORPORATED,-120.83070567,35.871011330000002
6505393,2014,2014-07-25,9735,2014-05-23,2120,19263,,5,2,9,2700,0,3,5,,2,002,"INTERLAKE RD","BRYSON HESPERIA RD",3168.00,E,N,-,-,N,,,,,,,,,,Y,4,0,1,1,-,-,"- ",,,N,E,I,A,-,-,-,-,D,0,,,,,Y,,-,"- ",0,0,1,0,0,0,0,0,0,"- ","- ",35.84319,-121.04582000000001,MONTEREY,UNINCORPORATED,-121.02858535999999,35.834813009999998
6505786,2014,2016-04-09,9730,2014-05-29,1440,18171,,4,2,9,2700,0,1,3,,1,012,"RT 1","JULIA PFEIFFER BURNS STATE PARK",528.00,S,N,A,-,Y,MON,5,1,-,-,35.740,H,-,N,N,2,0,2,2,A,-,08,22107,,N,D,C,A,A,H,-,A,D,0,,,Y,,Y,,A,07,1,0,1,0,0,0,0,0,2,"- ","- ",,,MONTEREY,UNINCORPORATED,-121.67047599,36.157398110000003
6505789,2014,2016-04-05,9730,2014-05-24,0015,19796,,6,3,9,2700,0,1,3,,1,024,"RT 68","SFB MORSE DR",330.00,W,N,A,-,Y,MON,5,68,-,-,2.200,H,-,W,Y,3,0,4,1,A,-,08,22107,,N,F,A,A,A,H,-,D,D,0,,,,,Y,Y,A,01,0,1,3,0,0,0,0,0,0,"- ","- ",36.599020000000003,-121.92627,MONTEREY,UNINCORPORATED,-121.92577815999999,36.598742870000002
6505790,2014,2014-07-30,9730,2014-05-23,1810,19635,,5,2,9,2700,0,3,5,,2,007,"TARPEY RD","SAN JUAN RD",6.00,S,N,A,-,N,,,,,,,,,,N,4,0,2,2,A,-,03,22350,,N,B,C,A,A,H,-,A,A,0,,,Y,,Y,,A,01,0,0,2,0,0,0,0,0,2,"- ","- ",36.867980000000003,-121.66914,MONTEREY,UNINCORPORATED,-121.66879922,36.868094229999997
6505793,2014,2016-04-07,9735,2014-05-27,0145,19894,,2,3,9,2700,0,1,2,,1,041,"RT 101","JOLON RD",1056.00,S,N,A,-,Y,MON,5,101,-,R,41.780,H,-,S,Y,2,0,3,1,A,-,08,22107,,N,E,I,A,A,H,-,D,D,5,,,,,Y,,A,01,1,0,2,0,0,0,0,0,0,"- ","- ",36.200000000000003,-121.14296,MONTEREY,UNINCORPORATED,-121.14520387,36.198178210000002
6506096,2014,2016-04-05,9730,2014-05-30,1640,19315,,5,2,9,2700,0,1,3,,1,068,"RT 68","LAURELES GRADE RD",1584.00,W,N,A,-,Y,MON,5,68,-,-,10.920,H,-,E,N,4,0,1,2,A,-,03,22350,,N,C,C,A,A,H,-,A,D,0,,,,,Y,,D,22,0,0,1,0,0,0,0,0,0,"- ","- ",36.570489999999999,-121.76421999999999,MONTEREY,UNINCORPORATED,-121.76104522999999,36.570367140000002
6506100,2014,2016-04-05,9730,2014-05-26,1215,17502,,1,1,9,2700,0,1,3,,1,068,"RT 68","LAURELES GRADE",200.00,W,N,A,-,Y,MON,5,68,-,-,11.180,H,-,E,Y,4,0,2,2,A,-,03,22350,,N,C,C,A,A,H,-,A,D,0,,,,,Y,,A,01,0,0,2,0,0,0,0,0,0,"- ","- ",,,MONTEREY,UNINCORPORATED,-121.7564022,36.569801380000001
6506104,2014,2014-08-01,9730,2014-05-25,1156,17502,,7,1,9,2700,0,3,5,,2,002,"LAURELES GRADE","RINCONADA DR",2112.00,S,N,A,-,N,,,,,,,,,,Y,3,0,1,1,A,-,08,22107,,N,E,I,A,A,H,-,A,D,0,,,Y,,Y,,C,02,0,1,0,0,0,0,0,0,1,"- ","- ",,,MONTEREY,UNINCORPORATED,-121.74988937000001,36.5331805
6444664,2014,2014-07-08,2708,2014-03-31,0813,52823,,1,5,6,2708,0,0,0,,0,,"EAST LAUREL DR","MARYAL DR",66.00,W,N,B,-,N,,,,,,,,,,N,4,0,2,3,A,-,03,22350,,N,C,C,A,A,H,-,A,A,0,,,,,Y,,-,,0,0,2,0,0,0,0,0,0,"- ","- ",,,MONTEREY,SALINAS,-121.64709754,36.69827678
6444668,2014,2014-07-09,2708,2014-03-01,0541,22985,,6,5,6,2708,0,0,0,,0,003,"E BORONDA","HEMINGWAY DR",30.00,E,N,C,-,N,,,,,,,,,,,4,0,1,1,A,-,08,22107,,N,A,I,A,B,H,-,C,D,0,,,,,Y,,-,,0,0,1,0,0,0,0,0,0,"- ","- ",,,MONTEREY,SALINAS,-121.60964918000001,36.71217197
6444672,2014,2014-07-09,2708,2014-03-06,1901,07904,,4,5,6,2708,0,0,0,,0,002,"MCKINNON ST","WESTMINSTER DR",0.00,,Y,A,-,N,,,,,,,,,,N,3,0,1,2,A,-,09,21804,A,N,D,G,A,A,H,-,C,D,0,,Y,,,Y,,L,04,0,1,0,0,0,0,1,0,0,"- ","- ",,,MONTEREY,SALINAS,-121.64485997,36.709840040000003
6444674,2014,2014-07-09,2706,2014-03-28,1301,119,1706,5,5,4,2706,0,0,0,,0,001,"HAWTHORNE ST",MCCLELLAN,0.00,,Y,A,-,N,,,,,,,,,,Y,3,0,2,2,A,-,09,21802,A,N,D,C,A,A,H,-,A,A,0,,,,,Y,,A,01,0,1,1,0,0,0,0,0,0,"- ","- ",,,MONTEREY,MONTEREY,-121.90168996,36.612040049999997
6444678,2014,2014-07-09,2706,2014-03-23,0148,949,2706,7,5,4,2706,0,0,0,,0,002,"ALVARADO ST","FRANKLIN ST",15.00,S,N,A,-,N,,,,,,,,,,N,4,0,1,2,A,-,03,22350,,N,C,C,A,A,H,-,C,A,0,,,,,Y,,-,99,0,0,1,0,0,0,0,0,0,"- ","- ",,,MONTEREY,MONTEREY,-121.89433175000001,36.599929889999999
6444679,2014,2014-07-09,2708,2014-03-13,1756,SHOYTE,,4,5,6,2708,0,0,0,,0,009,"ABBOTT ST","EAST ROMIE LN",528.00,N,N,A,-,N,,,,,,,,,,N,3,0,1,2,A,-,"- ",,,M,C,C,A,A,H,-,A,D,0,,,,,Y,,-,,0,1,0,0,0,0,0,0,0,"- ","- ",,,MONTEREY,SALINAS,-121.63998417000001,36.660113330000001
6444683,2014,2014-07-09,2708,2014-03-11,1618,17883,,2,5,6,2708,0,0,0,,0,,ALAMEDA,KATHERINE,60.00,E,N,A,-,N,,,,,,,,,,N,4,0,1,2,A,-,05,21650,1,N,D,G,A,A,H,-,A,D,0,,Y,,,Y,,L,04,0,0,1,0,0,0,1,0,0,"- ","- ",,,MONTEREY,SALINAS,-121.64877083,36.65986779
6444687,2014,2014-07-09,2708,2014-03-11,0745,18355,2708,2,5,6,2708,0,0,0,,0,010,"E ALISAL","WOOD ST",200.00,W,N,A,-,N,,,,,,,,,,N,4,0,1,2,A,-,05,21650,1,N,D,G,A,A,H,-,A,D,0,,Y,,,Y,,-,,0,0,1,0,0,0,1,0,0,"- ","- ",,,MONTEREY,SALINAS,-121.63607635,36.673771199999997
6444691,2014,2014-07-09,2708,2014-03-10,1930,79081,,1,5,6,2708,0,0,0,,0,006,"N DAVIS","W LAUREL",0.00,,Y,A,-,N,,,,,,,,,,N,3,0,1,2,A,-,12,21453,A,N,B,G,A,A,H,-,B,A,0,,Y,,,Y,,L,04,0,1,0,0,0,0,1,0,0,"- ","- ",,,MONTEREY,SALINAS,-121.66808987,36.697910100000001
6444695,2014,2014-07-09,2708,2014-03-09,1019,75334,,7,5,6,2708,0,0,0,,0,,"NORTH MAIN ST","EAST LAUREL DR",20.00,S,N,A,-,N,,,,,,,,,,,4,0,1,3,A,-,01,23152,A,N,C,C,A,A,H,-,A,A,0,,,,,Y,Y,-,,0,0,1,0,0,0,0,0,0,"- ","- ",,,MONTEREY,SALINAS,-121.65180139,36.699265490000002
6444699,2014,2014-07-09,2708,2014-03-15,1740,13967,,6,5,6,2708,0,0,0,,0,008,"E ALISAL ST","PAJARO ST",0.00,,Y,A,-,N,,,,,,,,,,Y,4,0,1,2,A,-,12,21453,A,N,D,D,A,A,H,-,A,A,0,,,,,Y,Y,-,,0,0,1,0,0,0,0,0,0,"- ","- ",,,MONTEREY,SALINAS,-121.65255986,36.674120000000002
6444703,2014,2015-08-10,2708,2014-03-15,1608,37663,,6,5,6,2708,0,0,0,,0,011,"JOSEPHINE ST","C ST",112.00,N,N,A,-,N,,,,,,,,,,N,4,0,1,2,A,-,11,21956,A,N,A,B,D,A,H,-,A,D,0,Y,,,,Y,,N,60,0,0,1,0,1,0,0,0,0,"- ","- ",,,MONTEREY,SALINAS,-121.60782729,36.687776749999998
6496924,2014,2014-07-29,2706,2014-05-31,1331,119,2706,6,5,4,2706,0,0,0,,0,003,"CASA VERDE WY","ENCINA AV",144.00,S,N,A,-,N,,,,,,,,,,Y,4,0,1,2,A,-,09,21804,A,N,D,C,A,A,H,-,A,D,0,,,,,Y,,A,01,0,0,1,0,0,0,0,0,0,"- ","- ",,,MONTEREY,MONTEREY,-121.86522788000001,36.599556399999997
6497209,2014,2014-07-28,2706,2014-05-10,1758,557,2706,6,5,4,2706,0,0,0,,0,001,"PACIFIC ST","JEFFERSON ST",0.00,,Y,A,-,N,,,,,,,,,,N,4,0,1,2,A,-,10,21950,A,N,G,B,B,A,H,-,A,A,0,Y,,,,Y,,A,08,0,0,1,0,1,0,0,0,0,"- ","- ",,,MONTEREY,MONTEREY,-121.89639987,36.59836001
6497213,2014,2014-08-13,2706,2014-05-14,1130,229,2706,3,5,4,2706,0,0,0,,0,002,BLOCKTYLER,"FRANKLIN ST",143.00,S,N,A,-,N,,,,,,,,,,N,4,0,1,2,A,-,03,22350,,N,C,E,A,A,H,-,A,D,0,,,,,Y,,A,01,0,0,1,0,0,0,0,0,0,"- ","- ",,,MONTEREY,MONTEREY,,
6497217,2014,2014-07-28,2706,2014-05-13,0918,627,2706,2,5,4,2706,0,0,0,,0,002,"MAR VISTA DR","SOLEDAD PL",996.00,W,N,A,-,N,,,,,,,,,,Y,3,0,1,1,A,-,21,22106,,N,A,I,A,A,H,-,A,D,0,,,,,Y,,A,01,0,1,0,0,0,0,0,0,0,"- ","- ",,,MONTEREY,MONTEREY,-121.91181625,36.584669060000003