CASE_ID,ACCIDENT_YEAR,PROC_DATE,JURIS,COLLISION_DATE,COLLISION_TIME,OFFICER_ID,REPORTING_DISTRICT,DAY_OF_WEEK,CHP_SHIFT,POPULATION,CNTY_CITY_LOC,SPECIAL_COND,BEAT_TYPE,CHP_BEAT_TYPE,CITY_DIVISION_LAPD,CHP_BEAT_CLASS,BEAT_NUMBER,PRIMARY_RD,SECONDARY_RD,DISTANCE,DIRECTION,INTERSECTION,WEATHER_1,WEATHER_2,STATE_HWY_IND,CALTRANS_COUNTY,CALTRANS_DISTRICT,STATE_ROUTE,ROUTE_SUFFIX,POSTMILE_PREFIX,POSTMILE,LOCATION_TYPE,RAMP_INTERSECTION,SIDE_OF_HWY,TOW_AWAY,COLLISION_SEVERITY,NUMBER_KILLED,NUMBER_INJURED,PARTY_COUNT,PRIMARY_COLL_FACTOR,PCF_CODE_OF_VIOL,PCF_VIOL_CATEGORY,PCF_VIOLATION,PCF_VIOL_SUBSECTION,HIT_AND_RUN,TYPE_OF_COLLISION,MVIW,PED_ACTION,ROAD_SURFACE,ROAD_COND_1,ROAD_COND_2,LIGHTING,CONTROL_DEVICE,CHP_ROAD_TYPE,PEDESTRIAN_ACCIDENT,BICYCLE_ACCIDENT,MOTORCYCLE_ACCIDENT,TRUCK_ACCIDENT,NOT_PRIVATE_PROPERTY,ALCOHOL_INVOLVED,STWD_VEHTYPE_AT_FAULT,CHP_VEHTYPE_AT_FAULT,COUNT_SEVERE_INJ,COUNT_VISIBLE_INJ,COUNT_COMPLAINT_PAIN,COUNT_PED_KILLED,COUNT_PED_INJURED,COUNT_BICYCLIST_KILLED,COUNT_BICYCLIST_INJURED,COUNT_MC_KILLED,COUNT_MC_INJURED,PRIMARY_RAMP,SECONDARY_RAMP,LATITUDE,LONGITUDE,COUNTY,CITY,POINT_X,POINT_Y
6497221,2014,2014-07-28,2706,2014-05-23,0055,335,2706,5,5,4,2706,0,0,0,,0,003,"DEL MONTE AV","ENGLISH AV",28.00,W,N,A,-,N,,,,,,,,,,Y,2,0,1,1,A,-,01,23152,A,N,E,I,A,A,H,-,C,D,0,,,Y,,Y,Y,C,02,1,0,0,0,0,0,0,0,1,"- ","- ",,,MONTEREY,MONTEREY,-121.86079874000001,36.604776559999998
6498727,2014,2014-08-01,2706,2014-05-04,1812,201,2706,7,5,4,2706,0,0,0,,0,002,"ALVARADO ST","FRANKLIN ST",120.00,N,N,A,-,N,,,,,,,,,,N,4,0,1,1,C,-,18,,,N,F,I,A,A,H,-,A,D,0,,Y,,,Y,,-,"- ",0,0,1,0,0,0,1,0,0,"- ","- ",,,MONTEREY,MONTEREY,-121.89424825,36.600294580000003
6515032,2014,2016-01-14,2708,2014-02-26,1521,52823,,3,5,6,2708,0,0,0,,0,,"WEST MARKET ST","STATION PL",0.00,,Y,C,-,Y,MON,5,183,-,-,0.850,I,5,N,Y,4,0,1,2,A,-,09,21802,A,N,D,C,A,B,H,-,A,A,0,,,,,Y,,-,,0,0,1,0,0,0,0,0,0,"- ","- ",,,MONTEREY,SALINAS,-121.65857564,36.678528540000002
6515607,2014,2014-08-05,2708,2014-05-04,2200,49014,,7,5,6,2708,0,0,0,,0,,"NORTH DAVIS RD",WESTRIDGE,1056.00,N,N,A,-,N,,,,,,,,,,Y,4,0,1,2,A,-,09,21801,A,N,D,C,A,A,H,-,C,D,0,,,,,Y,Y,-,,0,0,1,0,0,0,0,0,0,"- ","- ",,,MONTEREY,SALINAS,-121.66593693999999,36.706777289999998
6515672,2014,2014-08-21,2708,2014-05-21,1831,54370,,3,5,6,2708,0,0,0,,0,008,"EAST MARKET ST","SIMAS ST",0.00,,Y,A,-,N,,,,,,,,,,Y,4,0,1,2,A,-,09,21801,A,N,A,C,A,A,H,-,A,A,0,,,,,Y,,-,,0,0,1,0,0,0,0,0,0,"- ","- ",,,MONTEREY,SALINAS,-121.64493993000001,36.678960060000001
6515676,2014,2014-08-05,2708,2014-05-29,1919,18925,,4,5,6,2708,0,0,0,,0,004,"CONSTITUTION BL","INDEPENDENCE BL",0.00,,Y,A,-,N,,,,,,,,,,Y,3,0,1,2,A,-,09,21801,A,N,D,C,A,A,H,-,A,A,0,,,,,Y,,-,,0,1,0,0,0,0,0,0,0,"- ","- ",,,MONTEREY,SALINAS,-121.62147999,36.70041011
6515680,2014,2014-08-05,2708,2014-05-18,0100,93614,,7,5,6,2708,0,0,0,,0,008,"SHERWOOD DR","CALLE CEBU",700.00,N,N,A,-,N,,,,,,,,,,Y,2,0,1,2,A,-,09,21804,A,N,D,C,A,A,H,-,C,D,0,,,,,Y,,A,01,1,0,0,0,0,0,0,0,0,"- ","- ",,,MONTEREY,SALINAS,-121.65013555,36.682060540000002
6516111,2014,2014-08-12,2706,2014-06-12,1754,949,MPD,4,5,4,2706,0,0,0,,0,001,"PRESCOTT AV","FOAM ST",43.00,W,N,A,-,N,,,,,,,,,,N,4,0,1,2,A,-,01,23153,A,N,C,C,A,A,H,-,A,A,0,,,,,Y,Y,A,01,0,0,1,0,0,0,0,0,0,"- ","- ",,,MONTEREY,MONTEREY,-121.9019625,36.615095150000002
6506108,2014,2014-08-01,9730,2014-05-31,0230,20621,,6,3,9,2700,0,2,4,,1,073,"SAN MIGUEL CANYON RD","POND DEROSA LN",300.00,N,N,A,-,N,,,,,,,,,,Y,3,0,1,1,A,-,01,23152,A,N,F,A,A,A,H,-,D,D,0,,,,,Y,Y,A,01,0,1,0,0,0,0,0,0,0,"- ","- ",36.817410000000002,-121.67309,MONTEREY,UNINCORPORATED,-121.67315304,36.817390469999999
6506159,2014,2014-08-01,9730,2014-05-26,1300,20057,,1,1,9,2700,0,3,5,,2,007,"MCDOUGALL ST","PRESTON ST",0.00,,Y,A,-,N,,,,,,,,,,N,3,0,1,2,A,-,12,22450,A,N,H,G,A,A,H,-,A,A,0,,Y,,,Y,,L,04,0,1,0,0,0,0,1,0,0,"- ","- ",36.766689999999997,-121.75742,MONTEREY,UNINCORPORATED,-121.75746995999999,36.766650060000003
6506243,2014,2014-07-21,2708,2014-04-29,1241,82582,,2,5,6,2708,0,0,0,,0,,ALISAL,GRIFFIN,0.00,,Y,A,-,N,,,,,,,,,,Y,3,0,1,2,A,-,09,21801,A,N,B,C,A,A,H,-,A,A,0,,,,,Y,,-,,0,1,0,0,0,0,0,0,0,"- ","- ",,,MONTEREY,SALINAS,-121.64123986,36.6742901
6506244,2014,2015-10-01,2708,2014-04-19,1100,79223,,6,5,6,2708,0,0,0,,0,,"EAST MARKET ST","FRONT ST",0.00,,Y,A,-,N,,,,,,,,,,Y,4,0,1,2,A,-,12,21453,A,N,D,C,A,A,H,-,A,A,0,,,,,Y,,-,,0,0,1,0,0,0,0,0,0,"- ","- ",,,MONTEREY,SALINAS,-121.6529199,36.677790010000002
6506247,2014,2014-07-21,2708,2014-04-29,0048,07462,,2,5,6,2708,0,0,0,,0,,"PEREZ ST","EAST BOLIVAR",93.00,N,N,A,-,N,,,,,,,,,,Y,4,0,1,2,A,-,01,23152,A,N,A,E,A,A,H,-,C,D,0,,,,,Y,Y,-,,0,0,1,0,0,0,0,0,0,"- ","- ",,,MONTEREY,SALINAS,-121.6545,36.725295490000001
6506248,2014,2014-07-21,2708,2014-04-18,2221,22985,,5,5,6,2708,0,0,0,,0,005,"EAST LAUREL",NATIVIDAD,0.00,,Y,A,-,N,,,,,,,,,,N,4,0,1,2,A,-,21,22106,,N,C,C,A,A,H,-,C,A,0,,,,,Y,,-,"- ",0,0,1,0,0,0,0,0,0,"- ","- ",,,MONTEREY,SALINAS,-121.63828998,36.696330019999998
6506251,2014,2015-10-01,2708,2014-04-28,0752,30731,2708,1,5,6,2708,0,0,0,,0,2L7,"IVERSON ST","WEST ACACIA ST",100.00,N,N,A,-,N,,,,,,,,,,N,4,0,1,2,A,-,11,21954,A,N,G,B,D,A,H,-,A,D,0,Y,,,,Y,,N,60,0,0,1,0,1,0,0,0,0,"- ","- ",,,MONTEREY,SALINAS,-121.66475192999999,36.66681312
6506255,2014,2014-07-21,2708,2014-04-11,1550,15945,,5,5,6,2708,0,0,0,,0,,"SHERWOOD DR","MARKET WY",0.00,,Y,A,-,N,,,,,,,,,,N,4,0,2,2,A,-,03,22350,,N,C,C,A,A,H,-,A,A,0,,,,,Y,,-,,0,0,2,0,0,0,0,0,0,"- ","- ",,,MONTEREY,SALINAS,-121.65001993,36.678350080000001
6506259,2014,2014-07-21,2708,2014-04-10,0514,03581,,4,5,6,2708,0,0,0,,0,006,"WEST ROSSI ST","MARTELLA ST",0.00,,Y,A,-,N,,,,,,,,,,N,2,0,1,2,A,-,11,21954,A,N,G,B,D,A,H,-,D,D,0,Y,,,,Y,,N,60,1,0,0,0,1,0,0,0,0,"- ","- ",,,MONTEREY,SALINAS,-121.65507995,36.681520040000002
6506263,2014,2014-07-21,2708,2014-04-09,1029,82581,,3,5,6,2708,0,0,0,,0,,"GRIFFIN ST","EAST ALISAL ST",0.00,,Y,A,-,N,,,,,,,,,,N,3,0,1,2,A,-,10,21950,A,N,G,B,B,A,H,-,A,A,0,Y,,,,Y,,-,,0,1,0,0,1,0,0,0,0,"- ","- ",,,MONTEREY,SALINAS,-121.64123986,36.6742901
6506267,2014,2014-07-21,2708,2014-04-08,2041,08067,,2,5,6,2708,0,0,0,,0,010,"NORTH SANBORN RD","EAST MARKET ST",48.00,N,N,A,-,N,,,,,,,,,,N,2,0,1,2,A,-,11,21954,A,N,A,B,D,A,H,-,C,A,0,Y,,,,Y,Y,N,60,1,0,0,0,1,0,0,0,0,"- ","- ",,,MONTEREY,SALINAS,-121.62701884000001,36.676572319999998
6506271,2014,2014-07-21,2708,2014-04-08,1816,18925,,2,5,6,2708,0,0,0,,0,005,"CHAPARRAL ST","NORTH MAIN ST",0.00,,Y,A,-,N,,,,,,,,,,N,3,0,1,2,A,-,05,21650,,N,D,G,A,A,H,-,A,D,0,,Y,,,Y,,L,04,0,1,0,0,0,0,1,0,0,"- ","- ",,,MONTEREY,SALINAS,-121.65291994,36.704030060000001
6506275,2014,2014-07-21,2708,2014-04-07,1937,74426,,1,5,6,2708,0,0,0,,0,005,"NATIVIDAD RD","EAST LAUREL DR",40.00,N,N,A,-,N,,,,,,,,,,Y,4,0,1,2,A,-,03,22350,,N,C,C,A,A,H,-,B,A,0,,,,,Y,,-,,0,0,1,0,0,0,0,0,0,"- ","- ",,,MONTEREY,SALINAS,-121.63816863,36.696380220000002
6506276,2014,2014-07-21,2707,2014-04-05,1301,1967,2707,6,5,3,2707,0,0,0,,0,001,"FOREST AV","SPRUCE AV",0.00,E,N,A,-,N,,,,,,,,,,N,4,0,1,2,A,-,09,21800,A,N,D,C,A,A,G,-,A,A,0,,,,,Y,,A,07,0,0,1,0,0,0,0,0,0,"- ","- ",,,MONTEREY,"PACIFIC GROVE",-121.91922996,36.617860049999997
6506279,2014,2014-07-21,2708,2014-04-07,1521,74426,,1,5,6,2708,0,0,0,,0,005,"NATIVIDAD RD","SORRENTINI DR",0.00,,Y,A,-,N,,,,,,,,,,Y,3,0,3,3,A,-,03,22350,,N,C,C,A,A,H,-,A,A,0,,,,,Y,,-,,0,2,1,0,0,0,0,0,0,"- ","- ",,,MONTEREY,SALINAS,-121.64048987,36.69446001
6506283,2014,2014-07-21,2708,2014-04-30,1722,76997,,3,5,6,2708,0,0,0,,0,,"EAST MARKET ST","CROSS AV",0.00,,Y,A,-,N,,,,,,,,,,Y,4,0,1,3,A,-,09,21802,A,N,D,C,A,A,H,-,A,A,0,,,,,Y,,-,,0,0,1,0,0,0,0,0,0,"- ","- ",,,MONTEREY,SALINAS,-121.6141999,36.67409009
6506287,2014,2014-07-30,2708,2014-04-30,1605,15963,,3,5,6,2708,0,0,0,,0,005,"POLK ST","TYLER ST",216.00,W,N,A,-,N,,,,,,,,,,,3,0,1,2,A,-,05,21650,,N,B,C,A,A,H,-,A,D,0,,,,,Y,,-,"- ",0,1,0,0,0,0,0,0,0,"- ","- ",,,MONTEREY,SALINAS,-121.65915378,36.693186580000003
6506291,2014,2014-07-21,2708,2014-04-15,1631,71595,,2,5,6,2708,0,0,0,,0,003,"BORONDA RD","INDEPENDENCE BL",420.00,W,N,A,-,N,,,,,,,,,,Y,4,0,1,2,A,-,04,21703,,N,C,C,A,A,H,-,A,A,0,,,,,Y,,-,,0,0,1,0,0,0,0,0,0,"- ","- ",,,MONTEREY,SALINAS,-121.61794669,36.715142899999996
6506295,2014,2014-07-21,2708,2014-04-15,0608,84535,SALIN,2,5,6,2708,0,0,0,,0,012,"SOUTH SANBORN RD","JOHN ST",0.00,,Y,A,-,N,,,,,,,,,,Y,4,0,1,2,A,-,09,21801,A,N,A,C,A,A,H,-,A,A,0,,,,,Y,,-,,0,0,1,0,0,0,0,0,0,"- ","- ",,,MONTEREY,SALINAS,-121.62772993,36.669300020000001
6506299,2014,2014-07-21,2708,2014-04-13,2037,69054,,7,5,6,2708,0,0,0,,0,003,CALAVERAS,UKIAH,0.00,,Y,A,-,N,,,,,,,,,,N,2,0,1,2,A,-,11,21956,,N,G,B,E,A,H,-,C,D,0,Y,,,,Y,,N,60,1,0,0,0,1,0,0,0,0,"- ","- ",,,MONTEREY,SALINAS,-121.63499989,36.707960110000002
6506303,2014,2014-07-21,2708,2014-04-13,1223,82582,,7,5,6,2708,0,0,0,,0,006,"WEST LAUREL DR","NORTH DAVIS RD",79.00,E,N,A,-,N,,,,,,,,,,N,4,0,1,2,A,-,03,22350,,N,C,C,A,A,H,-,A,A,0,,,,,Y,,-,,0,0,1,0,0,0,0,0,0,"- ","- ",,,MONTEREY,SALINAS,-121.66782086000001,36.697898680000002
6506307,2014,2014-07-21,2708,2014-04-13,1023,15963,,7,5,6,2708,0,0,0,,0,011,"NORTH SANBORN RD","BORONDA RD",442.00,S,N,B,-,N,,,,,,,,,,Y,3,0,3,2,A,-,09,21804,A,N,D,C,A,A,H,-,A,A,0,,,,,Y,,-,,0,1,2,0,0,0,0,0,0,"- ","- ",,,MONTEREY,SALINAS,-121.59701607,36.694315099999997
6506311,2014,2014-07-21,2708,2014-04-18,1142,19943,,5,5,6,2708,0,0,0,,0,005,"EAST BERNAL RD","ROSARITA DR",0.00,,Y,A,-,N,,,,,,,,,,Y,3,0,1,2,A,-,09,21801,A,F,H,J,A,A,H,-,A,A,0,,,,,Y,,A,01,0,1,0,0,0,0,0,0,0,"- ","- ",,,MONTEREY,SALINAS,-121.64563991,36.691160060000001
6506315,2014,2015-10-01,2708,2014-04-18,0917,79223,,5,5,6,2708,0,0,0,,0,,"CIRCLE DR","NORTH SANBORN RD",0.00,,Y,A,-,N,,,,,,,,,,N,4,0,1,2,A,-,10,21950,A,N,G,B,B,A,H,-,A,A,0,Y,,,,Y,,-,,0,0,1,0,1,0,0,0,0,"- ","- ",,,MONTEREY,SALINAS,-121.62525994000001,36.67901002
6506319,2014,2015-10-01,2708,2014-04-15,2011,56413,SALIN,2,5,6,2708,0,0,0,,0,002,"EAST BORONDA","DARTMOUTH WY",300.00,W,N,A,-,N,,,,,,,,,,N,4,0,1,3,A,-,04,21703,,N,C,C,A,A,H,-,C,A,0,,,,,Y,,-,,0,0,1,0,0,0,0,0,0,"- ","- ",,,MONTEREY,SALINAS,-121.64958273000001,36.718412870000002
6506331,2014,2014-07-18,2708,2014-04-25,1401,92283,SALIN,5,5,6,2708,0,0,0,,0,012,"NORTH SANBORN RD",EUCALYPTUS,0.00,,Y,B,-,N,,,,,,,,,,Y,4,0,1,2,A,-,"- ",,,N,C,C,A,A,H,-,A,D,0,,,,,Y,,-,,0,0,1,0,0,0,0,0,0,"- ","- ",,,MONTEREY,SALINAS,-121.62437994,36.680230020000003
6506335,2014,2014-07-26,2708,2014-04-25,1036,75334,,5,5,6,2708,0,0,0,,0,,"NORTH MAIN ST","WEST LAUREL DR",0.00,,Y,B,-,N,,,,,,,,,,N,4,0,1,2,A,-,12,21453,A,N,D,C,A,B,H,-,A,A,0,,,,,Y,,-,"- ",0,0,1,0,0,0,0,0,0,"- ","- ",,,MONTEREY,SALINAS,-121.65202986,36.699320010000001
6506339,2014,2014-07-26,2708,2014-04-25,0214,30510,,5,5,6,2708,0,0,0,,0,003,"EL DORADO DR","HARDEN PKWY",0.00,,Y,A,-,N,,,,,,,,,,Y,3,0,3,1,A,-,01,23152,B,F,A,I,A,A,H,-,C,A,0,,,,,Y,Y,-,,0,3,0,0,0,0,0,0,0,"- ","- ",,,MONTEREY,SALINAS,-121.6359899,36.710720109999997
6506343,2014,2014-07-18,2708,2014-04-23,0911,89573,,3,5,6,2708,0,0,0,,0,010,"EAST MARKET ST","CARR AV",100.00,E,N,A,-,N,,,,,,,,,,,4,0,1,3,A,-,03,22350,,N,C,C,A,A,H,-,A,A,0,,,,,Y,,-,,0,0,1,0,0,0,0,0,0,"- ","- ",,,MONTEREY,SALINAS,-121.63515145,36.676886699999997
6506347,2014,2014-07-18,2708,2014-04-22,0749,18355,270E,2,5,6,2708,0,0,0,,0,005,"NORTH MAIN ST",ROCHEX,0.00,,Y,A,-,N,,,,,,,,,,Y,2,0,1,3,A,-,09,21801,A,N,D,C,A,A,H,-,A,D,0,,,,,Y,,-,,1,0,0,0,0,0,0,0,0,"- ","- ",,,MONTEREY,SALINAS,-121.65223989,36.700540029999999
6506352,2014,2014-07-18,2708,2014-04-16,1711,71595,,3,5,6,2708,0,0,0,,0,001,"E LAMAR ST","NORTH MAIN ST",50.00,E,N,A,-,N,,,,,,,,,,N,4,0,2,2,A,-,09,21804,A,N,D,C,A,A,H,-,A,A,0,,,,,Y,,-,,0,0,2,0,0,0,0,0,0,"- ","- ",,,MONTEREY,SALINAS,-121.65623936,36.723649999999999
6506356,2014,2014-07-18,2708,2014-04-25,1705,54370,,5,5,6,2708,0,0,0,,0,009,"ABBOTT ST","LOS PALOS DR",0.00,,Y,A,-,N,,,,,,,,,,N,4,0,1,2,A,-,10,21950,A,N,G,B,B,A,H,-,A,A,0,Y,,,,Y,,-,,0,0,1,0,1,0,0,0,0,"- ","- ",,,MONTEREY,SALINAS,-121.64169995,36.66238001
6506364,2014,2014-08-02,2708,2014-04-04,0627,55086,,5,5,6,2708,0,0,0,,0,012,"WILLIAMS RD","EAST LAUREL DR",0.00,,Y,C,-,N,,,,,,,,,,N,4,0,1,2,A,-,09,21802,A,N,D,C,A,B,H,-,A,A,0,,,,,Y,,-,,0,0,1,0,0,0,0,0,0,"- ","- ",,,MONTEREY,SALINAS,-121.61439994,36.675450009999999
6506368,2014,2015-03-07,2708,2014-04-03,2034,56413,SALIN,4,5,6,2708,0,0,0,,0,010,"EAST LAUREL DR","ST EDWARDS",0.00,,Y,A,-,N,,,,,,,,,,Y,1,1,1,2,A,-,01,23152,A,N,A,C,A,A,H,-,C,D,0,,,,,Y,Y,-,,0,1,0,0,0,0,0,0,0,"- ","- ",,,MONTEREY,SALINAS,-121.62309998000001,36.686330009999999
6506372,2014,2014-07-18,2708,2014-04-03,0807,18355,2708,4,5,6,2708,0,0,0,,0,012,"S SANDBORN",MCGOWAN,0.00,,Y,A,-,N,,,,,,,,,,Y,3,0,3,2,A,-,09,21801,A,N,D,C,A,A,H,-,A,D,0,,,,,Y,,-,,0,2,1,0,0,0,0,0,0,"- ","- ",,,MONTEREY,SALINAS,,
6506376,2014,2014-07-18,2708,2014-04-01,0926,75791,,2,5,6,2708,0,0,0,,0,,"W ALISAL ST","LINCOLN AV",60.00,W,N,A,-,N,,,,,,,,,,N,4,0,1,2,A,-,"- ",,,F,C,C,A,B,H,-,A,A,0,,,,,Y,,A,,0,0,1,0,0,0,0,0,0,"- ","- ",,,MONTEREY,SALINAS,-121.65705203,36.673493809999997
6506380,2014,2014-07-26,2708,2014-04-19,1149,19943,,6,5,6,2708,0,0,0,,0,005,"EAST LAUREL DR","MARYAL DR",0.00,,Y,A,-,N,,,,,,,,,,N,4,0,1,2,A,-,12,21453,A,N,D,C,A,A,H,-,A,A,0,,,,,Y,,-,"- ",0,0,1,0,0,0,0,0,0,"- ","- ",,,MONTEREY,SALINAS,-121.64687991,36.698230100000004
6506384,2014,2014-07-18,2708,2014-04-21,1620,75791,,1,5,6,2708,0,0,0,,0,,"PEREZ ST","PEREZ CIR",90.00,S,N,B,-,N,,,,,,,,,,N,4,0,1,2,A,-,09,21804,A,N,D,G,A,A,H,-,A,D,0,,Y,,,Y,,L,04,0,0,1,0,0,0,1,0,0,"- ","- ",,,MONTEREY,SALINAS,-121.65449233,36.72656276
6506388,2014,2014-07-18,2708,2014-04-21,1556,84535,SALIN,1,5,6,2708,0,0,0,,0,008,"E MARKET","SALINAS ST",0.00,,Y,A,-,N,,,,,,,,,,Y,4,0,1,2,A,-,03,22350,,N,C,C,A,A,H,-,A,A,0,,,,,Y,,-,,0,0,1,0,0,0,0,0,0,"- ","- ",,,MONTEREY,SALINAS,-121.65593990000001,36.677610010000002
6506392,2014,2014-07-18,2708,2014-04-20,2137,76998,,7,5,6,2708,0,0,0,,0,012,"SOUTH SANBORN RD","FAIRVIEW AV",0.00,,Y,A,-,N,,,,,,,,,,Y,4,0,1,2,A,-,03,22350,,N,C,C,A,A,H,-,C,-,0,,,,,Y,,-,,0,0,1,0,0,0,0,0,0,"- ","- ",,,MONTEREY,SALINAS,-121.62791994,36.66709006
6506396,2014,2014-07-18,2708,2014-04-20,1440,84535,SALIN,7,5,6,2708,0,0,0,,0,004,"EAST BORONDA RD",CONSTITUTION,317.00,W,N,A,-,N,,,,,,,,,,,4,0,3,3,A,-,03,22350,,N,C,C,A,A,H,-,A,D,0,,,,,Y,,-,,0,0,3,0,0,0,0,0,0,"- ","- ",,,MONTEREY,SALINAS,-121.60347736999999,36.705264589999999
6506400,2014,2014-07-18,2708,2014-04-29,1950,76998,WPC,2,5,6,2708,0,0,0,,0,012,"FREEDOM PKWY","TUSCANY BL",0.00,,Y,A,-,N,,,,,,,,,,Y,4,0,1,2,A,-,09,21802,A,N,A,C,A,A,H,-,B,A,0,,,,,Y,Y,-,,0,0,1,0,0,0,0,0,0,"- ","- ",,,MONTEREY,SALINAS,-121.59472986,36.683360100000002
6506579,2014,2016-04-05,9730,2014-04-27,1145,018171,,7,1,9,2700,0,1,3,,1,066,"RT 183","ESPINOSA RD",3696.00,S,N,A,-,Y,MON,5,183,-,R,6.950,H,-,N,Y,4,0,1,1,C,-,18,,,N,E,I,A,A,H,-,A,D,0,,,,,Y,,-,"- ",0,0,1,0,0,0,0,0,0,"- ","- ",,,MONTEREY,UNINCORPORATED,-121.73674458000001,36.734980419999999
6508597,2014,2016-04-07,9735,2014-05-02,1705,18069,,5,2,9,2700,0,1,2,,2,045,"RT 101","E GARRISON RD",528.00,N,N,A,-,Y,MON,5,101,-,R,2.250,H,-,N,Y,4,0,1,1,A,-,08,22107,,N,E,J,A,A,H,-,A,D,1,,,,,Y,,A,07,0,0,1,0,0,0,0,0,0,"- ","- ",35.801299999999998,-120.74504,MONTEREY,UNINCORPORATED,-120.75536542,35.816833080000002
6509306,2014,2016-04-05,9730,2014-06-03,2000,17785,,2,2,9,2700,0,1,3,,1,068,"RT 68","TORERO DR",0.00,,Y,A,-,Y,MON,5,68,-,-,14.690,I,5,W,Y,2,0,3,2,A,-,09,21802,A,N,D,C,A,A,H,-,A,A,0,,,,,Y,,A,01,1,2,0,0,0,0,0,0,0,"- ","- ",36.593640000000001,-121.70455,MONTEREY,UNINCORPORATED,-121.70464774,36.593525829999997
6511559,2014,2014-08-01,2706,2014-05-20,0700,627,2706,2,5,4,2706,0,0,0,,0,001,"PRESCOTT AV","FILMORE ST",157.00,,N,B,-,N,,,,,,,,,,Y,4,0,1,1,C,-,18,,,N,C,I,A,A,H,-,A,D,0,,,,,Y,,-,"- ",0,0,1,0,0,0,0,0,0,"- ","- ",,,MONTEREY,MONTEREY,-121.91117998999999,36.610020110000001
6511563,2014,2014-07-31,2708,2014-05-27,0324,23226,,2,5,6,2708,0,0,0,,0,005,"POLK ST","TYLER ST",300.00,N,N,A,-,N,,,,,,,,,,Y,2,0,1,4,A,-,01,23152,A,N,C,E,A,A,H,-,C,D,0,,,,,Y,Y,-,,1,0,0,0,0,0,0,0,0,"- ","- ",,,MONTEREY,SALINAS,-121.65843,36.693089999999998
6511628,2013,2014-06-20,2708,2013-12-14,1839,54372,TARS,6,5,6,2708,0,0,0,,0,2X5,"EAST BERNAL DR","NORTH MAIN ST",0.00,,Y,A,-,N,,,,,,,,,,Y,4,0,1,2,A,-,03,22350,,M,A,C,A,A,H,-,C,A,0,,,,,Y,,-,"- ",0,0,1,0,0,0,0,0,0,"- ","- ",,,MONTEREY,SALINAS,-121.65252289999999,36.689954899999996
6516115,2014,2014-08-11,2706,2014-06-04,1822,234,2706,3,5,4,2706,0,0,0,,0,003,"FREMONT ST","CASANOVA AV",428.00,E,N,A,-,N,,,,,,,,,,Y,4,0,1,3,A,-,03,22350,,N,C,C,A,A,H,-,A,D,0,,,,,Y,,A,07,0,0,1,0,0,0,0,0,0,"- ","- ",,,MONTEREY,MONTEREY,-121.85190458,36.598148700000003
6518166,2014,2014-07-08,2708,2014-03-17,1400,52823,,1,5,6,2708,0,0,0,,0,,"EAST ALVIN DR","LINWOOD DR",0.00,,Y,A,-,N,,,,,,,,,,N,4,0,1,2,A,-,09,21802,A,N,A,C,A,A,H,-,A,A,0,,,,,Y,,-,,0,0,1,0,0,0,0,0,0,"- ","- ",,,MONTEREY,SALINAS,-121.64033992,36.705910080000002
6518679,2014,2014-07-30,2706,2014-05-16,1538,119,2706,5,5,4,2706,0,0,0,,0,002,"DEL MONTE AV","WASHINGTON ST",5.00,E,N,A,-,N,,,,,,,,,,N,4,0,1,2,A,-,21,22106,,N,D,G,A,A,H,-,A,A,0,,Y,,,Y,,A,01,0,0,1,0,0,0,1,0,0,"- ","- ",,,MONTEREY,MONTEREY,-121.89232496,36.600653549999997
6518683,2014,2014-07-30,2706,2014-05-20,2107,505,2706,2,5,4,2706,0,0,0,,0,002,"WASHINGTON ST","BONIFACIO PL",113.00,S,N,A,-,N,,,,,,,,,,Y,4,0,1,2,A,-,"- ",,,N,C,A,A,A,H,-,C,D,0,,,,,Y,,A,01,0,0,1,0,0,0,0,0,0,"- ","- ",,,MONTEREY,MONTEREY,-121.89290407,36.598403869999999
6518687,2014,2014-07-30,2706,2014-05-23,1200,119,MPD,5,5,4,2706,0,0,0,,0,002,"ABREGO ST","FREMONT ST",40.00,N,N,A,-,N,,,,,,,,,,N,4,0,1,2,A,-,08,22107,,N,B,C,A,A,H,-,A,D,0,,,,,Y,,A,08,0,0,1,0,0,0,0,0,0,"- ","- ",,,MONTEREY,MONTEREY,-121.89216784,36.595359459999997
6519320,2014,2015-03-27,2711,2014-05-25,2222,8972,SLPD,7,5,3,2711,0,0,0,,0,001,"WEST ST","GABILAN DR",0.00,,Y,A,-,N,,,,,,,,,,Y,4,0,2,2,A,-,08,22107,,N,D,D,A,A,H,-,C,A,0,,,,,Y,,A,07,0,0,2,0,0,0,0,0,0,"- ","- ",,,MONTEREY,SOLEDAD,-121.32727987,36.435980059999999
6519340,2014,2015-03-27,2711,2014-05-09,1224,0645,SLPD,5,5,3,2711,0,0,0,,0,002,"FRONT ST","EAST ST",59.00,N,N,A,-,N,,,,,,,,,,Y,4,0,1,2,A,-,00,23103,,N,E,I,A,A,H,-,C,A,0,,,,,Y,Y,A,01,0,0,1,0,0,0,0,0,0,"- ","- ",,,MONTEREY,SOLEDAD,-121.32634586,36.42495667
6519441,2014,2014-07-31,2708,2014-05-05,1338,19943,,1,5,6,2708,0,0,0,,0,010,"NORTH MADEIRA AV","HILL CIR",800.00,W,N,A,-,N,,,,,,,,,,Y,4,0,1,2,A,-,09,21804,A,N,-,C,A,A,H,-,A,D,0,,,,,Y,,-,,0,0,1,0,0,0,0,0,0,"- ","- ",,,MONTEREY,SALINAS,-121.62597045,36.682935380000004
6519442,2014,2014-08-06,2706,2014-05-29,1728,395,2706,4,5,4,2706,0,0,0,,0,002,"SOLEDAD DR","MUNRAS AV",42.00,S,N,A,-,N,,,,,,,,,,N,4,0,2,2,A,-,"- ",,,N,C,-,A,-,H,-,A,A,0,,,,,Y,,A,01,0,0,2,0,0,0,0,0,0,"- ","- ",,,MONTEREY,MONTEREY,-121.90174596,36.583290310000002