CASE_ID,ACCIDENT_YEAR,PROC_DATE,JURIS,COLLISION_DATE,COLLISION_TIME,OFFICER_ID,REPORTING_DISTRICT,DAY_OF_WEEK,CHP_SHIFT,POPULATION,CNTY_CITY_LOC,SPECIAL_COND,BEAT_TYPE,CHP_BEAT_TYPE,CITY_DIVISION_LAPD,CHP_BEAT_CLASS,BEAT_NUMBER,PRIMARY_RD,SECONDARY_RD,DISTANCE,DIRECTION,INTERSECTION,WEATHER_1,WEATHER_2,STATE_HWY_IND,CALTRANS_COUNTY,CALTRANS_DISTRICT,STATE_ROUTE,ROUTE_SUFFIX,POSTMILE_PREFIX,POSTMILE,LOCATION_TYPE,RAMP_INTERSECTION,SIDE_OF_HWY,TOW_AWAY,COLLISION_SEVERITY,NUMBER_KILLED,NUMBER_INJURED,PARTY_COUNT,PRIMARY_COLL_FACTOR,PCF_CODE_OF_VIOL,PCF_VIOL_CATEGORY,PCF_VIOLATION,PCF_VIOL_SUBSECTION,HIT_AND_RUN,TYPE_OF_COLLISION,MVIW,PED_ACTION,ROAD_SURFACE,ROAD_COND_1,ROAD_COND_2,LIGHTING,CONTROL_DEVICE,CHP_ROAD_TYPE,PEDESTRIAN_ACCIDENT,BICYCLE_ACCIDENT,MOTORCYCLE_ACCIDENT,TRUCK_ACCIDENT,NOT_PRIVATE_PROPERTY,ALCOHOL_INVOLVED,STWD_VEHTYPE_AT_FAULT,CHP_VEHTYPE_AT_FAULT,COUNT_SEVERE_INJ,COUNT_VISIBLE_INJ,COUNT_COMPLAINT_PAIN,COUNT_PED_KILLED,COUNT_PED_INJURED,COUNT_BICYCLIST_KILLED,COUNT_BICYCLIST_INJURED,COUNT_MC_KILLED,COUNT_MC_INJURED,PRIMARY_RAMP,SECONDARY_RAMP,LATITUDE,LONGITUDE,COUNTY,CITY,POINT_X,POINT_Y
6519445,2014,2016-04-07,2708,2014-05-04,1308,19253,SALIN,7,5,6,2708,0,0,0,,0,008,"EAST MARKET ST","MERCED ST",0.00,,Y,A,-,Y,MON,5,101,-,-,87.440,R,4,S,Y,3,0,2,2,A,-,09,21802,A,N,-,C,A,A,H,-,A,A,0,,,,,Y,,-,,0,1,1,0,0,0,0,0,0,"- ","- ",,,MONTEREY,SALINAS,-121.64190374,36.679598660000003
6519446,2014,2014-08-01,2706,2014-05-27,2218,590,2706,2,5,4,2706,0,0,0,,0,002,"GLENWOOD CIR","GLENWOOD CIR 500",106.00,N,N,A,-,N,,,,,,,,,,Y,3,0,1,2,A,-,05,21460,A,F,D,C,A,A,H,-,C,D,0,,,Y,,Y,,-,99,0,1,0,0,0,0,0,0,1,"- ","- ",,,MONTEREY,MONTEREY,,
6519449,2014,2014-07-31,2708,2014-05-06,1239,75791,,2,5,6,2708,0,0,0,,0,009,"E ACACIA ST","PAJARO ST",175.00,W,N,A,-,N,,,,,,,,,,Y,3,0,1,2,A,-,08,22107,,N,F,E,A,A,H,-,A,D,0,,,,,Y,Y,-,,0,1,0,0,0,0,0,0,0,"- ","- ",,,MONTEREY,SALINAS,-121.6551956,36.663806909999998
6444707,2014,2014-07-09,2708,2014-03-15,0153,22985,,6,5,6,2708,0,0,0,,0,,"WILLIAMS RD","GRANDHAVEN ST",94.00,N,N,A,-,N,,,,,,,,,,Y,3,0,3,1,D,-,00,,,M,E,I,A,A,H,-,C,D,0,,,,,Y,,-,"- ",0,3,0,0,0,0,0,0,0,"- ","- ",,,MONTEREY,SALINAS,-121.61171065000001,36.676981810000001
6444708,2014,2014-07-09,2708,2014-03-17,1729,54370,,1,5,6,2708,0,0,0,,0,012,"JOHN ST","E ALISAL ST",0.00,,Y,A,-,N,,,,,,,,,,N,4,0,1,2,A,-,03,22350,,N,C,C,A,A,H,-,A,A,0,,,,,Y,,-,,0,0,1,0,0,0,0,0,0,"- ","- ",,,MONTEREY,SALINAS,-121.61989998,36.672160040000001
6444712,2014,2014-07-09,2708,2014-03-20,0753,52823,,4,5,6,2708,0,0,0,,0,,"TOWT ST","PASEO GRANDE",3.00,W,N,A,-,N,,,,,,,,,,N,4,0,1,2,A,-,10,21950,A,F,G,B,B,A,H,-,A,A,0,Y,,,,Y,,-,,0,0,1,0,1,0,0,0,0,"- ","- ",,,MONTEREY,SALINAS,-121.60233842,36.68806532
6444716,2014,2016-01-14,2708,2014-03-20,1230,18355,2708,4,5,6,2708,0,0,0,,0,006,"NORTH MAIN ST",CASENTINI,300.00,S,N,A,-,Y,MON,5,183,-,-,0.150,H,-,N,Y,4,0,1,4,A,-,03,22350,,N,C,C,A,A,H,-,A,A,0,,,,,Y,,-,,0,0,1,0,0,0,0,0,0,"- ","- ",,,MONTEREY,SALINAS,-121.65281365,36.685010779999999
6444720,2014,2014-07-09,2708,2014-03-20,1208,18355,2708,4,5,6,2708,0,0,0,,0,002,"NORTH MAIN ST","ALVIN DR",0.00,,Y,A,-,N,,,,,,,,,,N,4,0,1,2,A,-,03,22350,,F,C,C,A,A,H,-,A,A,0,,,,,Y,,-,,0,0,1,0,0,0,0,0,0,"- ","- ",,,MONTEREY,SALINAS,-121.65366994,36.707870040000003
6444815,2014,2015-02-04,2708,2014-02-27,1434,07904,,4,5,6,2708,0,0,0,,0,001,"MADRID ST","NORTH MAIN ST",584.00,W,N,A,-,N,,,,,,,,,,Y,4,0,1,2,A,-,08,22102,,N,D,C,A,A,H,-,A,D,0,,,,,Y,,-,,0,0,1,0,0,0,0,0,0,"- ","- ",,,MONTEREY,SALINAS,-121.65665792999999,36.713017870000002
6446709,2014,2014-07-16,2704,2014-02-16,1949,1158,2704,7,5,3,2704,0,0,0,,0,003,"TYLER AV","HEIDI DR",407.00,E,N,A,-,N,,,,,,,,,,Y,4,0,1,2,A,-,01,23152,A,N,B,C,A,A,H,-,C,D,0,,,,,Y,Y,A,01,0,0,1,0,0,0,0,0,0,"- ","- ",,,MONTEREY,GREENFIELD,-121.24040148,36.314642939999999
6529281,2014,2015-04-22,9730,2014-06-21,1525,19837,,6,2,9,2700,0,1,3,,1,074,"RT 1","JENSEN RD",100.00,N,N,A,-,Y,MON,5,1,-,-,99.940,H,-,S,Y,4,0,1,2,A,-,03,22350,,N,C,C,A,A,H,-,A,D,0,,,,,Y,,A,01,0,0,1,0,0,0,0,0,0,"- ","- ",36.855080000000001,-121.77118,MONTEREY,UNINCORPORATED,-121.77111678,36.854111860000003
6529283,2014,2015-04-22,9730,2014-06-15,1305,17184,,7,1,9,2700,0,1,3,,1,014,"RT 1","LITTLE SUR RIVER BR",2112.00,S,N,B,-,Y,MON,5,1,-,-,55.700,H,-,S,N,3,0,1,2,A,-,11,21954,A,N,G,B,D,A,H,-,A,D,0,Y,,,,Y,,N,60,0,1,0,0,1,0,0,0,0,"- ","- ",36.331890000000001,-121.89087000000001,MONTEREY,UNINCORPORATED,-121.89153691,36.330999319999997
6529285,2014,2016-04-07,9730,2014-06-20,1730,19529,,5,2,3,2712,0,1,3,,2,062,"RT 1","LIGHTFIGHTER DR",3700.00,N,N,A,-,Y,MON,5,1,-,R,83.590,H,-,N,Y,4,0,1,2,A,-,03,22350,,N,C,C,A,A,H,-,A,D,1,,,,,Y,,A,01,0,0,1,0,0,0,0,0,0,"- ","- ",,,MONTEREY,MARINA,-121.81651612,36.657083980000003
6529287,2014,2015-04-22,9730,2014-06-14,1201,17184,,6,1,9,2700,0,1,3,,1,012,"RT 1","MPM 30.00",420.00,S,N,A,-,Y,MON,5,1,-,-,29.920,H,-,N,Y,4,0,2,2,A,-,05,21460,A,N,B,C,A,A,H,-,A,D,0,,,,,Y,,A,07,0,0,2,0,0,0,0,0,0,"- ","- ",36.089280000000002,-121.61778,MONTEREY,UNINCORPORATED,-121.61765877000001,36.087994930000001
6529289,2014,2015-04-22,9730,2014-06-19,1735,19512,,4,2,9,2700,0,1,3,,1,074,"RT 1","JENSEN RD",1056.00,N,N,A,-,Y,MON,5,1,-,-,100.120,H,-,S,Y,4,0,1,4,A,-,03,22350,,N,C,C,A,A,H,-,A,D,0,,,,,Y,,A,07,0,0,1,0,0,0,0,0,0,"- ","- ",36.86083,-121.77117,MONTEREY,UNINCORPORATED,-121.77110605999999,36.856707849999999
6519450,2014,2014-08-01,2706,2014-05-25,2212,234,2706,7,5,4,2706,0,0,0,,0,001,LIGHTHOUSE,"FOAM ST",520.00,S,N,A,-,N,,,,,,,,,,Y,4,0,1,1,A,-,03,22350,,N,E,I,A,A,H,-,C,D,0,,,,,Y,,A,01,0,0,1,0,0,0,0,0,0,"- ","- ",,,MONTEREY,MONTEREY,-121.89457,36.606688269999999
6519453,2014,2015-10-01,2708,2014-05-29,1343,66372,,4,5,6,2708,0,0,0,,0,,HARKINS,BURTON,130.00,E,N,A,-,N,,,,,,,,,,Y,4,0,1,2,A,-,08,22102,,N,D,C,A,A,H,-,A,A,0,,,,,Y,,-,,0,0,1,0,0,0,0,0,0,"- ","- ",,,MONTEREY,SALINAS,-121.62857447,36.650841970000002
6519454,2014,2016-04-05,2706,2014-05-26,1820,148,2706,1,5,4,2706,0,0,0,,0,003,"RT 68",YORK,528.00,W,N,A,-,Y,MON,5,68,-,-,6.980,H,-,W,Y,3,0,1,1,A,-,08,22107,,N,H,I,A,A,H,-,A,D,0,,,,,Y,,A,01,0,1,0,0,0,0,0,0,0,"- ","- ",,,MONTEREY,MONTEREY,-121.82623494000001,36.579308949999998
6519457,2014,2014-07-31,2708,2014-05-23,1607,15945,,5,5,6,2708,0,0,0,,0,,"NORTH DAVIS RD","LARKIN AV",25.00,S,N,A,-,N,,,,,,,,,,Y,4,0,2,3,A,-,03,22350,,N,C,C,A,A,H,-,A,A,0,,,,,Y,,-,,0,0,2,0,0,0,0,0,0,"- ","- ",,,MONTEREY,SALINAS,-121.66840000000001,36.69367132
6519458,2014,2014-07-31,2706,2014-05-17,1436,148,2706,6,5,4,2706,0,0,0,,0,003,"CASANOVA AV","NORTH FREMONT ST",4.00,S,N,A,-,N,,,,,,,,,,N,4,0,1,2,A,-,21,22106,,N,H,G,A,A,H,-,A,D,0,,Y,,,Y,,A,01,0,0,1,0,0,0,1,0,0,"- ","- ",,,MONTEREY,MONTEREY,-121.85321963,36.597662870000001
6519461,2014,2014-07-31,2708,2014-05-02,2000,51484,SPD,5,5,6,2708,0,0,0,,0,005,"EAST LAUREL DR","GRANADA AV",0.00,,Y,A,-,N,,,,,,,,,,Y,4,0,1,2,A,-,09,21800,A,N,D,C,A,A,H,-,B,D,0,,,,,Y,,-,,0,0,1,0,0,0,0,0,0,"- ","- ",,,MONTEREY,SALINAS,-121.64034988,36.696790030000003
6519462,2014,2014-07-31,2708,2014-05-14,2235,51484,SPD,3,5,6,2708,0,0,0,,0,005,"NORTH MAIN ST","EAST LAUREL DR",300.00,S,N,A,-,N,,,,,,,,,,N,3,0,1,2,A,-,11,21956,A,N,G,B,D,A,H,-,C,D,0,Y,,,,Y,,N,60,0,1,0,0,1,0,0,0,0,"- ","- ",,,MONTEREY,SALINAS,-121.65168189000001,36.698502310000002
6519465,2014,2014-07-31,2708,2014-05-06,1619,52823,,2,5,6,2708,0,0,0,,0,,"NORTH DAVIS RD","POST DR",0.00,,Y,A,-,N,,,,,,,,,,N,4,0,1,2,A,-,04,21703,,N,C,C,A,A,H,-,A,A,0,,,,,Y,,-,,0,0,1,0,0,0,0,0,0,"- ","- ",,,MONTEREY,SALINAS,-121.66875994999999,36.696070050000003
6519466,2014,2014-07-31,2708,2014-05-25,1343,53260,,7,5,6,2708,0,0,0,,0,012,"FREEDOM PKWY","TOWT ST",0.00,,Y,A,-,N,,,,,,,,,,N,3,0,2,2,A,-,09,21801,A,N,D,C,A,A,H,-,A,D,0,,,,,Y,,-,,0,1,1,0,0,0,0,0,0,"- ","- ",,,MONTEREY,SALINAS,-121.59982986,36.689200069999998
6519469,2014,2016-04-07,2708,2014-05-02,1618,58964,SPD,5,5,6,2708,0,0,0,,0,,"JOHN ST","GRIFFIN ST",200.00,E,N,A,-,Y,MON,5,68,-,-,21.950,H,-,E,N,4,0,3,3,A,-,03,22350,,N,C,C,A,A,H,-,A,D,0,,,,,Y,,-,,0,0,3,0,0,0,0,0,0,"- ","- ",,,MONTEREY,SALINAS,-121.640545,36.671128789999997
6519470,2014,2014-07-31,2708,2014-05-16,1603,74426,,5,5,6,2708,0,0,0,,0,005,"NORTH MAIN ST","LAUREL DR",800.00,E,N,A,-,N,,,,,,,,,,N,4,0,1,2,A,-,03,22350,,N,C,C,A,A,H,-,A,D,0,,,,,Y,,-,,0,0,1,0,0,0,0,0,0,"- ","- ",,,MONTEREY,SALINAS,-121.65193904,36.697130870000002
6519473,2014,2014-07-31,2708,2014-05-07,1108,52823,,3,5,6,2708,0,0,0,,0,,"NORTH MAIN ST","WEST ROSSI ST",0.00,,Y,B,-,N,,,,,,,,,,N,2,0,1,2,A,-,10,21950,A,N,G,B,B,A,H,-,A,A,0,Y,,,,Y,,-,,1,0,0,0,1,0,0,0,0,"- ","- ",,,MONTEREY,SALINAS,-121.65408995,36.680890079999998
6519477,2014,2014-07-31,2708,2014-05-04,1602,31967,SALIN,7,5,6,2708,0,0,0,,0,008,"STATION PL","PALMER ST",200.00,E,N,A,-,N,,,,,,,,,,Y,2,0,1,1,A,-,03,22350,,N,A,I,A,A,H,-,A,D,0,,,,,Y,,-,,1,0,0,0,0,0,0,0,0,"- ","- ",,,MONTEREY,SALINAS,,
6519481,2014,2014-07-31,2708,2014-05-16,2141,74426,,5,5,6,2708,0,0,0,,0,005,"SHERWOOD DR","EAST BERNAL DR",0.00,,Y,A,-,N,,,,,,,,,,N,2,0,1,2,A,-,12,21453,A,F,-,G,A,A,H,-,C,A,0,,Y,,,Y,Y,L,04,1,0,0,0,0,0,1,0,0,"- ","- ",,,MONTEREY,SALINAS,-121.64345993000001,36.692240089999999
6519485,2014,2014-07-31,2708,2014-05-07,1441,19253,,3,5,6,2708,0,0,0,,0,005,"EAST BERNAL DR","ROSARITA DR",0.00,,Y,B,-,N,,,,,,,,,,,3,0,1,2,A,-,09,21802,A,N,D,C,A,A,H,-,A,A,0,,,,,Y,,-,,0,1,0,0,0,0,0,0,0,"- ","- ",,,MONTEREY,SALINAS,-121.64563991,36.691160060000001
6519489,2014,2014-07-31,2708,2014-05-31,1926,74425,,6,5,6,2708,0,0,0,,0,005,"NORTH MAIN ST","IRIS DR",528.00,N,N,B,-,N,,,,,,,,,,Y,4,0,1,1,A,-,08,22107,,N,E,I,A,A,H,-,A,D,0,,,,,Y,,-,,0,0,1,0,0,0,0,0,0,"- ","- ",,,MONTEREY,SALINAS,-121.65212719,36.694617700000002
6519493,2014,2014-07-31,2708,2014-05-25,1947,51761,SALIN,7,5,6,2708,0,0,0,,0,,"NORTH MAIN ST","IRIS DR",240.00,S,N,A,-,N,,,,,,,,,,N,3,0,1,2,A,-,08,22100,A,N,D,G,A,A,H,-,A,D,0,,Y,,,Y,,-,,0,1,0,0,0,0,1,0,0,"- ","- ",,,MONTEREY,SALINAS,-121.65229309,36.692512059999999
6519497,2014,2014-07-31,2708,2014-05-22,1753,18925,,4,5,6,2708,0,0,0,,0,011,"RANCHERO DR","EBANO PL",0.00,,Y,A,-,N,,,,,,,,,,Y,3,0,1,2,A,-,11,21954,A,N,D,B,D,A,H,-,A,D,0,Y,,,,Y,,N,60,0,1,0,0,1,0,0,0,0,"- ","- ",,,MONTEREY,SALINAS,-121.61495995,36.694770089999999
6519501,2014,2014-07-31,2708,2014-05-25,0652,49532,SALIN,7,5,6,2708,0,0,0,,0,003,"KENT ST",ARCADIA,75.00,S,N,B,-,N,,,,,,,,,,Y,3,0,1,2,A,-,01,23152,A,M,E,I,A,A,H,-,A,D,0,,,,,Y,Y,-,,0,1,0,0,0,0,0,0,0,"- ","- ",,,MONTEREY,SALINAS,-121.62890908,36.713312029999997
6519505,2014,2014-07-31,2708,2014-05-29,1102,82582,,4,5,6,2708,0,0,0,,0,,"W ALISAL ST","SALINAS ST",0.00,,Y,A,-,N,,,,,,,,,,Y,3,0,1,2,A,-,09,21801,A,N,B,C,A,A,H,-,A,A,0,,,,,Y,,-,,0,1,0,0,0,0,0,0,0,"- ","- ",,,MONTEREY,SALINAS,-121.65602994,36.673620020000001
6519509,2014,2014-07-31,2708,2014-05-29,1012,52823,,4,5,6,2708,0,0,0,,0,,"NATIVIDAD RD","W ALVIN DR",90.00,N,N,A,-,N,,,,,,,,,,Y,2,0,1,2,A,-,07,21658,A,N,C,C,A,A,H,-,A,D,0,,,,,Y,,-,,1,0,0,0,0,0,0,0,0,"- ","- ",,,MONTEREY,SALINAS,-121.63121742,36.703432579999998
6519513,2014,2015-10-01,2708,2014-05-10,1251,79223,,6,5,6,2708,0,0,0,,0,,"BORANDA RD","NATIVIDAD RD",400.00,W,N,A,-,N,,,,,,,,,,N,4,0,2,2,A,-,08,22101,D,N,D,C,A,A,H,-,A,D,0,,,,,Y,,-,,0,0,2,0,0,0,0,0,0,"- ","- ",,,MONTEREY,SALINAS,-121.6248676,36.715713049999998
6520110,2014,2014-07-08,2708,2014-03-31,1649,52823,,1,5,6,2708,0,0,0,,0,,"SALINAS ST","W GABILAN ST",20.00,N,N,C,-,N,,,,,,,,,,N,4,0,1,2,A,-,04,21703,,N,C,C,A,B,H,-,A,A,0,,,,,Y,,-,,0,0,1,0,0,0,0,0,0,"- ","- ",,,MONTEREY,SALINAS,-121.65644202,36.67551409
6523720,2014,2014-08-08,2708,2014-06-01,1126,37663,2,7,5,6,2708,0,0,0,,0,001,"VALLEJO ST","LINWOOD DR",380.00,E,N,A,-,N,,,,,,,,,,N,4,0,2,3,A,-,21,22106,,N,D,E,A,A,H,-,A,D,0,,,,,Y,,-,,0,0,2,0,0,0,0,0,0,"- ","- ",,,MONTEREY,SALINAS,-121.64257962000001,36.698016420000002
6511632,2013,2014-06-20,2708,2013-12-08,1900,31977,,7,5,6,2708,0,0,0,,0,2X12,"GARNER AV","1ST AV",50.00,W,N,-,-,N,,,,,,,,,,Y,3,0,1,3,A,-,01,23153,B,N,D,C,A,A,H,-,C,C,0,,,,,Y,Y,-,"- ",0,1,0,0,0,0,0,0,0,"- ","- ",,,MONTEREY,SALINAS,-121.60995800000001,36.680179000000003
6541615,2014,2014-09-03,2712,2014-07-30,1153,274,,3,5,3,2712,0,0,0,,0,001,"IMJIN PW","ABRAMS DR",0.00,,Y,A,-,N,,,,,,,,,,Y,3,0,1,1,A,-,01,23152,A,M,F,I,A,A,H,-,A,A,0,,,,,Y,Y,A,07,0,1,0,0,0,0,0,0,0,"- ","- ",,,MONTEREY,MARINA,-121.79360991999999,36.663700009999999
6542120,2014,2014-08-26,2706,2014-06-18,1909,851,,3,5,4,2706,0,0,0,,0,002,"SOLEDAD PL","MAR VISTA DR",249.00,E,N,A,-,N,,,,,,,,,,Y,3,0,1,1,A,-,03,22350,,N,E,I,A,A,G,-,A,D,0,,,,,Y,,A,01,0,1,0,0,0,0,0,0,0,"- ","- ",,,MONTEREY,MONTEREY,-121.90909342,36.586046410000002
6542124,2014,2014-08-26,2706,2014-06-24,1910,335,2706,2,5,4,2706,0,0,0,,0,002,"MUNRAS AV","SOLEDAD DR",15.00,S,N,A,-,N,,,,,,,,,,N,4,0,1,2,A,-,03,22350,,N,C,C,A,-,H,-,A,D,0,,,,,Y,,A,01,0,0,1,0,0,0,0,0,0,"- ","- ",,,MONTEREY,MONTEREY,-121.90188712,36.583325070000001
6542128,2014,2014-08-26,2706,2014-06-18,1703,208,2706,3,5,4,2706,0,0,0,,0,001,"VAN BUREN ST","FRANKLIN ST",8.00,N,N,A,-,N,,,,,,,,,,N,3,0,2,2,A,-,08,22107,,N,G,B,B,A,H,-,A,A,0,Y,Y,,,Y,,L,04,0,1,1,0,1,0,1,0,0,"- ","- ",,,MONTEREY,MONTEREY,-121.89742391999999,36.600591420000001
6542132,2014,2014-08-26,2706,2014-06-20,1725,301,2706,5,5,4,2706,0,0,0,,0,003,"NORTH FREMONT ST","RAMONA AV",140.00,W,N,B,-,N,,,,,,,,,,N,4,0,2,2,A,-,03,22350,,N,C,C,A,A,H,-,A,A,0,,,,,Y,,A,08,0,0,2,0,0,0,0,0,0,"- ","- ",,,MONTEREY,MONTEREY,-121.85672820000001,36.59713636
6542136,2014,2014-08-26,2706,2014-06-26,1728,103,2706,4,5,4,2706,0,0,0,,0,002,"SOLEDAD DR","MAR VISTA DR",0.00,,Y,A,-,N,,,,,,,,,,Y,4,0,1,2,A,-,09,21801,,N,A,C,A,A,H,-,A,D,0,,,Y,,Y,,D,22,0,0,1,0,0,0,0,0,1,"- ","- ",,,MONTEREY,MONTEREY,-121.90990995999999,36.588780079999999
6543369,2014,2015-10-01,9735,2014-06-28,1200,18338,,6,1,9,2700,0,1,3,,2,030,"METZ RD","ELM AV",3696.00,S,N,-,-,N,,,,,,,,,,Y,3,0,1,1,-,-,"- ",,,N,F,A,A,-,-,-,-,D,0,,,,,Y,,-,"- ",0,1,0,0,0,0,0,0,0,"- ","- ",36.334310000000002,-121.18979,MONTEREY,UNINCORPORATED,-121.19009212,36.334634090000002
6543389,2014,2014-08-18,9730,2014-06-11,1015,15160,,3,1,9,2700,0,2,4,,1,073,"SAN MIGUEL CANYON RD","DAMASCUS DR",480.00,S,N,B,-,N,,,,,,,,,,Y,4,0,1,1,A,-,08,22107,,N,E,I,A,A,H,-,A,D,0,,,,,Y,,A,01,0,0,1,0,0,0,0,0,0,"- ","- ",,,MONTEREY,UNINCORPORATED,-121.68972521000001,36.844753779999998
6543393,2014,2016-04-09,9730,2014-06-20,0700,17184,,5,1,9,2700,0,1,3,,1,022,"RT 1","YANKEE POINT DR",528.00,N,N,B,-,Y,MON,5,1,-,-,68.390,H,-,S,Y,3,0,1,1,A,-,08,22107,,M,E,I,A,A,H,-,A,D,0,,,,,Y,,A,01,0,1,0,0,0,0,0,0,0,"- ","- ",36.48856,-121.9378,MONTEREY,UNINCORPORATED,-121.93793024999999,36.488847730000003
6543397,2014,2016-04-05,9730,2014-06-27,1312,17502,,5,1,9,2700,0,1,3,,1,068,"RT 68","SAN BENANCIO RD",450.00,W,N,A,-,Y,MON,5,68,-,-,13.240,H,-,E,N,4,0,3,2,A,-,03,22350,,N,C,C,A,A,H,-,A,D,0,,,,,Y,,A,01,0,0,3,0,0,0,0,0,0,"- ","- ",,,MONTEREY,UNINCORPORATED,-121.72219715999999,36.579200710000002
6543401,2014,2014-08-18,9730,2014-06-24,1405,18171,,2,2,9,2700,0,2,4,,2,063,"BLANCO RD","DAVIS RD",100.00,E,N,A,-,N,,,,,,,,,,N,4,0,1,2,A,-,03,22350,,N,C,C,A,A,H,-,A,A,0,,,,,Y,,A,01,0,0,1,0,0,0,0,0,0,"- ","- ",,,MONTEREY,UNINCORPORATED,-121.68484417000001,36.66663312
6543405,2014,2016-04-07,9730,2014-06-29,1000,19635,,7,1,9,2700,0,1,3,,1,022,"RT 1","CARMEL VALLEY RD",0.00,,Y,A,-,Y,MON,5,1,-,-,72.921,I,5,N,Y,4,0,2,2,-,-,"- ",,,N,D,C,A,A,H,-,A,A,0,,,,,Y,,-,"- ",0,0,2,0,0,0,0,0,0,"- ","- ",36.54363,-121.90779000000001,MONTEREY,UNINCORPORATED,-121.90839304000001,36.543425849999998
6543409,2014,2016-04-07,9730,2014-06-24,1635,18886,,2,2,4,2706,0,1,3,,2,062,"RT 1","MUNRAS AV",0.00,,Y,A,-,Y,MON,5,1,-,R,75.778,H,-,N,Y,4,0,1,2,A,-,03,22350,,N,C,C,A,A,H,-,A,D,1,,,,,Y,,A,01,0,0,1,0,0,0,0,0,0,"- ","- ",,,MONTEREY,MONTEREY,-121.90324476000001,36.580642089999998
6543413,2014,2016-04-07,9730,2014-06-27,1638,18786,,5,2,9,2700,0,1,2,,1,030,"RT 101","MAIN ST",800.00,N,N,A,-,Y,MON,5,101,-,-,77.120,H,-,S,Y,3,0,1,1,A,-,08,22107,,N,E,I,A,A,H,-,A,D,1,,,,,Y,,A,01,0,1,0,0,0,0,0,0,0,"- ","- ",36.571179999999998,-121.5202,MONTEREY,UNINCORPORATED,-121.5197533,36.570962559999998
6545072,2014,2014-08-20,2712,2014-06-27,1506,274,,5,5,3,2712,0,0,0,,0,001,"IMJIN PKWY","IMJIN RD",75.00,W,N,A,-,N,,,,,,,,,,Y,4,0,1,1,A,-,04,21703,,N,E,I,A,A,E,-,A,A,0,,,Y,,Y,,C,02,0,0,1,0,0,0,0,0,1,"- ","- ",,,MONTEREY,MARINA,-121.79161012,36.661810940000002
6545076,2014,2014-08-20,2712,2014-06-26,1343,274,,4,5,3,2712,0,0,0,,0,001,"DEL MONTE BL","RESERVATION RD",0.00,,Y,A,-,N,,,,,,,,,,Y,3,0,2,3,A,-,12,21453,A,N,D,D,A,A,H,-,A,A,0,,,,,Y,,B,07,0,1,1,0,0,0,0,0,0,"- ","- ",,,MONTEREY,MARINA,-121.79972999,36.687700100000001
6546007,2014,2014-07-21,9730,2014-02-22,1950,018966,,6,2,9,2700,0,2,4,,2,063,"BLANCO RD","DAVIS RD",20.00,W,N,A,-,N,,,,,,,,,,N,4,0,1,2,A,-,03,22350,,N,C,C,A,A,H,-,E,A,0,,,,,Y,,A,01,0,0,1,0,0,0,0,0,0,"- ","- ",36.667059999999999,-121.68559,MONTEREY,UNINCORPORATED,-121.68517109,36.666824439999999
6547101,2014,2016-04-07,9730,2014-06-26,2043,020065,,4,2,6,2708,0,1,2,,1,050,"RT 101","MARKET ST",350.00,S,N,A,-,Y,MON,5,101,-,-,87.230,H,-,S,Y,3,0,1,2,A,-,01,23152,A,M,C,C,A,A,H,-,D,D,1,,,,,Y,Y,A,01,0,1,0,0,0,0,0,0,0,"- ","- ",36.676639999999999,-121.64122,MONTEREY,SALINAS,-121.64125104999999,36.676609220000003
6547105,2014,2016-04-07,9730,2014-06-26,1930,018312,,4,2,4,2706,0,1,3,,2,062,"RT 1","RT 218",500.00,S,N,A,-,Y,MON,5,1,-,R,79.250,H,-,N,Y,4,0,3,2,A,-,07,21658,A,N,D,C,A,A,H,-,A,D,1,,,,,Y,,A,01,0,0,3,0,0,0,0,0,0,"- ","- ",36.607660000000003,-121.86056000000001,MONTEREY,MONTEREY,-121.85916926,36.609250889999998
6547109,2014,2014-08-13,9730,2014-06-28,2205,019770,,6,3,9,2700,0,3,5,,2,006,"RESERVATION RD","DAVIS RD",3432.00,W,N,B,-,N,,,,,,,,,,Y,3,0,1,1,A,-,01,23152,A,N,E,I,A,A,H,-,D,D,0,,,,,Y,Y,A,01,0,1,0,0,0,0,0,0,0,"- ","- ",36.644840000000002,-121.7169,MONTEREY,UNINCORPORATED,-121.70768,36.638280000000002
6547113,2014,2014-08-13,9730,2014-06-29,0045,020600,,7,3,9,2700,0,3,5,,2,007,"CASTROVILLE BL","RT 156",4224.00,N,N,A,-,N,,,,,,,,,,Y,3,0,1,1,A,-,01,23152,A,N,E,I,A,A,H,-,D,D,0,,,,,Y,Y,A,01,0,1,0,0,0,0,0,0,0,"- ","- ",,,MONTEREY,UNINCORPORATED,-121.73687073000001,36.778242749999997
6547117,2014,2014-08-13,9730,2014-06-25,2049,019512,,3,2,9,2700,0,2,4,,1,073,"SAN MIGUEL CANYON RD","HALL RD",376.00,S,N,B,-,N,,,,,,,,,,Y,3,0,2,2,A,-,08,22107,,N,D,C,A,A,H,-,B,D,0,,,,,Y,,A,01,0,2,0,0,0,0,0,0,0,"- ","- ",36.858609999999999,-121.69499,MONTEREY,UNINCORPORATED,-121.69482637,36.858331659999997
6523964,2014,2014-08-05,2708,2014-05-03,0006,49532,SALIN,6,5,6,2708,0,0,0,,0,006,"SHERWOOD DR","CALLE CEBU",18.00,S,N,A,-,N,,,,,,,,,,N,4,0,1,2,A,-,"- ",,,F,C,C,A,A,H,-,C,A,0,,,,,Y,Y,-,,0,0,1,0,0,0,0,0,0,"- ","- ",,,MONTEREY,SALINAS,-121.65035918,36.68015132
6523968,2014,2015-03-23,2708,2014-05-10,0832,27645,,6,5,6,2708,0,0,0,,0,,"NORTH MAIN ST","WEST BERNAL",0.00,,Y,A,-,N,,,,,,,,,,N,1,1,0,2,A,-,10,21950,A,N,G,B,B,A,H,-,A,A,0,Y,,,,Y,,-,,0,0,0,1,0,0,0,0,0,"- ","- ",,,MONTEREY,SALINAS,-121.65245985999999,36.689970080000002