CASE_ID,ACCIDENT_YEAR,PROC_DATE,JURIS,COLLISION_DATE,COLLISION_TIME,OFFICER_ID,REPORTING_DISTRICT,DAY_OF_WEEK,CHP_SHIFT,POPULATION,CNTY_CITY_LOC,SPECIAL_COND,BEAT_TYPE,CHP_BEAT_TYPE,CITY_DIVISION_LAPD,CHP_BEAT_CLASS,BEAT_NUMBER,PRIMARY_RD,SECONDARY_RD,DISTANCE,DIRECTION,INTERSECTION,WEATHER_1,WEATHER_2,STATE_HWY_IND,CALTRANS_COUNTY,CALTRANS_DISTRICT,STATE_ROUTE,ROUTE_SUFFIX,POSTMILE_PREFIX,POSTMILE,LOCATION_TYPE,RAMP_INTERSECTION,SIDE_OF_HWY,TOW_AWAY,COLLISION_SEVERITY,NUMBER_KILLED,NUMBER_INJURED,PARTY_COUNT,PRIMARY_COLL_FACTOR,PCF_CODE_OF_VIOL,PCF_VIOL_CATEGORY,PCF_VIOLATION,PCF_VIOL_SUBSECTION,HIT_AND_RUN,TYPE_OF_COLLISION,MVIW,PED_ACTION,ROAD_SURFACE,ROAD_COND_1,ROAD_COND_2,LIGHTING,CONTROL_DEVICE,CHP_ROAD_TYPE,PEDESTRIAN_ACCIDENT,BICYCLE_ACCIDENT,MOTORCYCLE_ACCIDENT,TRUCK_ACCIDENT,NOT_PRIVATE_PROPERTY,ALCOHOL_INVOLVED,STWD_VEHTYPE_AT_FAULT,CHP_VEHTYPE_AT_FAULT,COUNT_SEVERE_INJ,COUNT_VISIBLE_INJ,COUNT_COMPLAINT_PAIN,COUNT_PED_KILLED,COUNT_PED_INJURED,COUNT_BICYCLIST_KILLED,COUNT_BICYCLIST_INJURED,COUNT_MC_KILLED,COUNT_MC_INJURED,PRIMARY_RAMP,SECONDARY_RAMP,LATITUDE,LONGITUDE,COUNTY,CITY,POINT_X,POINT_Y
6523972,2014,2014-08-05,2708,2014-05-19,0800,58964,SPD,1,5,6,2708,0,0,0,,0,,"MONTEREY ST","EAST GABILAN",0.00,,Y,A,-,N,,,,,,,,,,Y,4,0,2,2,A,-,09,21801,A,F,A,C,A,A,H,-,A,A,0,,,,,Y,,-,,0,0,2,0,0,0,0,0,0,"- ","- ",,,MONTEREY,SALINAS,-121.65408999,36.67581002
6523980,2014,2014-08-05,2708,2014-05-13,1252,52823,,2,5,6,2708,0,0,0,,0,,"EAST MARKET ST","MERCED ST",0.00,,Y,A,-,N,,,,,,,,,,N,4,0,1,3,A,-,09,21802,A,N,D,C,A,A,H,-,A,A,0,,,,,Y,,-,,0,0,1,0,0,0,0,0,0,"- ","- ",,,MONTEREY,SALINAS,-121.64231989,36.678110060000002
6559331,2014,2016-05-02,9730,2014-07-02,1655,020168,,3,2,9,2700,0,1,3,,1,074,"RT 1","JENSEN RD",528.00,S,N,A,-,Y,MON,5,1,-,-,99.820,H,-,S,Y,3,0,3,4,A,-,03,22350,,N,C,C,A,A,H,-,A,D,0,,,,Y,Y,,F,26,0,2,1,0,0,0,0,0,0,"- ","- ",36.85257,-121.7711,MONTEREY,UNINCORPORATED,-121.77112557,36.852360920000002
6559666,2014,2016-04-07,2708,2014-04-09,2037,59156,,3,5,6,2708,0,0,0,,0,009,"JOHN ST","WORK ST",0.00,,Y,A,-,Y,MON,5,68,-,-,21.810,I,5,E,Y,4,0,1,2,A,-,12,21453,A,F,D,C,A,A,H,-,C,A,0,,,,,Y,Y,-,,0,0,1,0,0,0,0,0,0,"- ","- ",,,MONTEREY,SALINAS,-121.64284007000001,36.67065341
6559929,2014,2014-08-22,2701,2014-07-01,1020,5460,2701,2,5,2,2701,0,0,0,,0,00S,"10TH AV","SAN CARLOS ST",66.00,E,N,A,-,N,,,,,,,,,,Y,4,0,1,1,A,-,08,22107,,N,E,I,A,A,H,-,A,A,0,,,,,Y,,A,01,0,0,1,0,0,0,0,0,0,"- ","- ",,,MONTEREY,CARMEL,-121.92159533,36.550074940000002
6560004,2014,2016-05-02,9730,2014-07-01,1605,018171,,2,2,4,2706,0,1,3,,2,062,"RT 1","RT 68",500.00,N,N,A,-,Y,MON,5,1,-,R,75.230,H,-,S,N,4,0,1,3,A,-,03,22350,,N,C,C,A,A,H,-,A,D,1,,,,,Y,,A,01,0,0,1,0,0,0,0,0,0,"- ","- ",,,MONTEREY,MONTEREY,-121.91130372000001,36.575943700000003
6560009,2014,2016-05-02,9730,2014-07-01,0830,018886,,2,1,9,2700,0,1,3,,1,012,"RT 1","MILE POST MARKER 11",528.00,N,N,B,-,Y,MON,5,1,-,-,11.100,H,-,N,Y,3,0,1,1,A,-,08,22107,,N,E,I,A,A,H,-,A,D,0,,,,,Y,,A,01,0,1,0,0,0,0,0,0,0,"- ","- ",,,MONTEREY,UNINCORPORATED,-121.45861323,35.885498550000001
6560013,2014,2016-05-09,9730,2014-07-06,1148,018179,,7,1,9,2700,0,1,2,,1,070,"RT 101","CRAZY HORSE CANYON RD",2640.00,N,N,A,-,Y,MON,5,101,-,-,98.880,H,-,N,Y,2,0,1,1,A,-,08,22107,,N,E,I,A,A,H,-,A,D,5,,,Y,,Y,,C,02,1,0,0,0,0,0,0,0,1,"- ","- ",,,MONTEREY,UNINCORPORATED,-121.62905895,36.824032989999999
6560025,2014,2016-05-02,9730,2014-07-05,1236,019127,,6,1,9,2700,0,1,3,,1,074,"RT 1","SPRINGFIELD RD",100.00,S,N,A,-,Y,MON,5,1,-,-,98.830,H,-,S,Y,4,0,1,4,A,-,03,22350,,N,C,C,A,A,H,-,A,D,0,,,,,Y,,A,07,0,0,1,0,0,0,0,0,0,"- ","- ",36.83811,-121.771,MONTEREY,UNINCORPORATED,-121.77100040000001,36.837956120000001
6560031,2014,2014-08-20,9730,2014-07-04,0240,014800,,5,3,9,2700,0,3,5,,2,006,"RESERVATION RD","HILLTOWN RD",100.00,S,N,A,-,N,,,,,,,,,,Y,2,0,1,1,A,-,01,23152,A,N,E,I,A,A,H,-,D,D,0,,,,,Y,Y,A,08,1,0,0,0,0,0,0,0,0,"- ","- ",,,MONTEREY,UNINCORPORATED,-121.68252026,36.625577059999998
6529291,2014,2015-04-22,9730,2014-06-13,2320,19529,,5,3,9,2700,0,1,3,,1,024,"RT 68","SKYLINE FOREST DR",975.00,E,N,A,-,Y,MON,5,68,-,-,3.550,H,-,W,Y,3,0,1,2,A,-,01,23152,A,N,A,C,A,A,H,-,D,D,0,,,,,Y,Y,A,01,0,1,0,0,0,0,0,0,0,"- ","- ",,,MONTEREY,UNINCORPORATED,-121.91882298,36.583379919999999
6529293,2014,2015-10-30,9730,2014-06-16,0955,18886,,1,1,9,2700,0,2,4,,1,023,"CARMEL VALLEY RD","CARMEL RANCHO BL",0.00,,Y,B,-,N,,,,,,,,,,N,4,0,1,2,A,-,03,22350,,N,C,C,A,A,H,-,A,D,0,,,,,Y,,A,01,0,0,1,0,0,0,0,0,0,"- ","- ",,,MONTEREY,UNINCORPORATED,-121.90493997,36.543700010000002
6529297,2014,2015-04-22,9730,2014-06-23,0725,17184,,1,1,4,2706,0,1,3,,2,062,"RT 1","CASA VERDE WY",528.00,N,N,B,-,Y,MON,5,1,-,R,78.590,H,-,S,Y,2,0,2,1,A,-,08,22107,,N,E,I,A,A,H,-,A,D,1,,,,,Y,,M,47,1,1,0,0,0,0,0,0,0,TO,"- ",36.600760000000001,-121.86329000000001,MONTEREY,MONTEREY,-121.86336661999999,36.600476759999999
6529299,2014,2015-03-18,9730,2014-06-15,2230,20576,,7,3,9,2700,0,1,2,,1,050,"RT 101","AIRPORT BL",3960.00,S,N,B,-,Y,MON,5,101,-,-,84.870,H,-,N,Y,3,0,1,1,A,-,08,22107,,N,E,I,A,A,H,-,D,D,5,,,,,Y,,A,07,0,1,0,0,0,0,0,0,0,"- ","- ",36.651110000000003,-121.6172,MONTEREY,UNINCORPORATED,-121.61673914000001,36.650440799999998
6529303,2014,2015-03-18,9730,2014-06-15,2117,19770,,7,2,9,2700,0,1,2,,1,050,"RT 101","GOULD RD",645.00,S,N,A,-,Y,MON,5,101,-,-,82.450,H,-,N,Y,4,0,2,1,A,-,08,22107,,N,F,A,A,A,C,-,D,D,5,,,,,Y,,A,07,0,0,2,0,0,0,0,0,0,"- ","- ",36.626890000000003,-121.5853,MONTEREY,UNINCORPORATED,-121.58561106000001,36.626932840000002
6529307,2014,2015-03-18,9730,2014-06-16,1510,14584,,1,2,9,2700,0,1,2,,1,050,"RT 101","HARTNELL RD",30.00,N,N,A,-,Y,MON,5,101,-,-,82.060,H,-,N,Y,4,0,1,2,A,-,09,21802,A,M,D,C,A,A,H,-,A,D,5,,,,,Y,,A,07,0,0,1,0,0,0,0,0,0,"- ","- ",,,MONTEREY,UNINCORPORATED,-121.58071769999999,36.622841649999998
6529311,2014,2015-04-23,9730,2014-06-17,1605,17785,,2,2,9,2700,0,1,3,,1,068,"RT 68","CYPRESS CHURCH DR",528.00,E,N,A,-,Y,MON,5,68,-,-,13.050,H,-,W,Y,3,0,2,3,A,-,03,22350,,M,C,C,A,A,H,-,A,A,0,,,,,Y,,A,01,0,1,1,0,0,0,0,0,0,"- ","- ",36.578749999999999,-121.72524,MONTEREY,UNINCORPORATED,-121.72546996,36.578688460000002
6529335,2014,2014-08-09,9730,2014-06-21,1900,19770,,6,2,9,2700,0,3,5,,2,004,"OLD STAGE RD","ESPERANZA RD",2640.00,N,N,A,-,N,,,,,,,,,,Y,4,0,2,2,A,-,08,22107,,N,D,C,A,A,H,-,A,D,0,,,,,Y,,A,01,0,0,2,0,0,0,0,0,0,"- ","- ",36.610790000000001,-121.51835,MONTEREY,UNINCORPORATED,-121.51824679000001,36.610780679999998
6529339,2014,2014-08-09,9730,2014-06-21,1135,17502,,6,1,9,2700,0,3,5,,2,002,"LAURELES GRADE","MIRAMONTE RD",300.00,S,N,A,-,N,,,,,,,,,,N,4,0,1,2,A,-,09,21804,A,N,B,C,A,A,H,-,A,D,0,,,Y,,Y,,A,01,0,0,1,0,0,0,0,0,1,"- ","- ",,,MONTEREY,UNINCORPORATED,-121.75275247,36.506561779999998
6529343,2014,2014-08-09,9730,2014-06-18,1648,18820,,3,2,9,2700,0,3,5,,2,007,"CASTROVILLE BL","MANZANITA CIR",2112.00,W,N,A,-,N,,,,,,,,,,Y,3,0,2,1,A,-,08,22107,,N,F,A,A,A,H,-,A,D,0,,,,,Y,,A,07,0,1,1,0,0,0,0,0,0,"- ","- ",36.80068,-121.68722,MONTEREY,UNINCORPORATED,-121.68584921,36.801392489999998
6529834,2014,2014-08-29,2703,2014-06-19,0837,4989,2703,4,5,2,2703,0,0,0,,0,ALL,"CENTER ST","4TH ST",54.00,N,N,A,-,N,,,,,,,,,,N,3,0,1,2,A,-,03,22350,,N,G,B,D,A,H,-,A,A,0,Y,,,,Y,,A,01,0,1,0,0,1,0,0,0,0,"- ","- ",,,MONTEREY,GONZALES,-121.44305962999999,36.508235149999997
6560035,2014,2014-08-21,9730,2014-07-02,1423,017851,,3,2,9,2700,0,2,4,,1,023,"CARMEL VALLEY RD","CAMP STEPHANI RD",3168.00,E,N,A,-,N,,,,,,,,,,N,4,0,1,2,A,-,03,22350,,N,C,C,A,A,H,-,A,D,0,,,Y,,Y,,C,02,0,0,1,0,0,0,0,0,1,"- ","- ",,,MONTEREY,UNINCORPORATED,-121.7134757,36.465600080000002
6560039,2014,2016-05-09,9730,2014-07-01,1714,018886,,2,2,9,2700,0,1,3,,1,068,"RT 68","LAURELES GRADE",4224.00,E,N,A,-,Y,MON,5,68,-,-,12.020,H,-,E,Y,4,0,1,2,A,-,08,22107,,M,E,I,A,A,H,-,A,D,0,,,,,Y,Y,A,01,0,0,1,0,0,0,0,0,0,"- ","- ",,,MONTEREY,UNINCORPORATED,-121.74165139,36.572172879999997
6560258,2014,2014-08-21,2712,2014-07-06,1800,730,2712,7,5,3,2712,0,0,0,,0,001,"DEL MONTE BL","RESERVATION RD",0.00,,Y,A,-,N,,,,,,,,,,N,4,0,1,2,D,-,00,,,N,C,C,A,A,H,-,A,-,0,,,,,Y,,-,"- ",0,0,1,0,0,0,0,0,0,"- ","- ",,,MONTEREY,MARINA,-121.79972999,36.687700100000001
6560262,2014,2014-08-21,2712,2014-07-05,1654,731,2712,6,5,3,2712,0,0,0,,0,001,"DUNES DR","RESERVATION RD",583.00,N,N,A,-,N,,,,,,,,,,Y,2,0,1,1,A,-,03,22350,,N,E,I,A,A,H,-,A,D,0,,,Y,,Y,Y,C,02,1,0,0,0,0,0,0,0,1,"- ","- ",,,MONTEREY,MARINA,-121.80567517999999,36.69889877
6560266,2014,2014-08-21,2712,2014-07-08,1744,274,,2,5,3,2712,0,0,0,,0,001,"RESERVATION RD","RESERVATION 267",7.00,W,N,B,-,N,,,,,,,,,,N,4,0,1,2,A,-,11,21950,B,N,G,B,B,A,H,-,A,A,0,Y,,,,Y,,N,60,0,0,1,0,1,0,0,0,0,"- ","- ",,,MONTEREY,MARINA,,
6561639,2014,2014-08-28,2706,2014-07-06,1535,148,2706,7,5,4,2706,0,0,0,,0,002,"FRANKLIN ST","FIGUEROA ST",37.00,W,N,A,-,N,,,,,,,,,,Y,4,0,1,2,A,-,08,22100,A,N,B,-,A,A,H,-,A,A,0,,,,,Y,,A,01,0,0,1,0,0,0,0,0,0,"- ","- ",,,MONTEREY,MONTEREY,-121.89032323000001,36.599311470000004
6561643,2014,2014-08-28,2706,2014-07-03,1554,119,2706,4,5,4,2706,0,0,0,,0,001,"PRESCOTT AV","TAYLOR ST",0.00,,Y,A,-,N,,,,,,,,,,Y,4,0,1,2,A,-,12,21453,A,N,D,C,A,A,H,-,A,A,0,,,,,Y,,A,08,0,0,1,0,0,0,0,0,0,"- ","- ",,,MONTEREY,MONTEREY,-121.91549999,36.607640019999998
6561647,2014,2014-08-28,2706,2014-07-05,1225,119,2706,6,5,4,2706,0,0,0,,0,003,"DEL MONTE AV","CUNNINGHAM RD",10.00,W,N,A,-,N,,,,,,,,,,N,4,0,1,2,A,-,03,22350,,N,C,C,A,A,H,-,A,D,0,,,,,Y,,A,01,0,0,1,0,0,0,0,0,0,"- ","- ",,,MONTEREY,MONTEREY,-121.87415230000001,36.600011240000001
6561651,2014,2015-12-03,2706,2014-07-12,1343,229,2706,6,5,4,2706,0,0,0,,0,001,LIGHTHOUSE,TYLER,72.00,N,N,A,-,N,,,,,,,,,,Y,4,0,2,2,A,-,03,22350,,N,-,C,A,A,H,-,A,A,0,,,,,Y,,A,01,0,0,2,0,0,0,0,0,0,"- ","- ",,,MONTEREY,MONTEREY,-121.89308903,36.601790989999998
6564173,2014,2016-04-07,9730,2014-05-22,2212,019512,,4,3,9,2700,0,1,3,,1,022,"RT 1","MESA DR",735.00,S,N,B,-,Y,MON,5,1,-,-,73.400,H,-,N,Y,4,0,2,2,A,-,"- ",,,N,D,C,A,A,H,-,D,D,0,,,,,Y,,J,48,0,0,2,0,0,0,0,0,0,"- ","- ",36.550820000000002,-121.91034000000001,MONTEREY,UNINCORPORATED,-121.91023984,36.550046649999999
6564410,2014,2014-08-22,9730,2014-07-08,0535,18766,,2,3,9,2700,0,2,4,,2,063,"BLANCO RD","COOPER RD",40.00,E,N,B,-,N,,,,,,,,,,Y,4,0,1,2,A,-,08,22100,B,N,B,C,A,B,H,-,B,D,0,,,Y,,Y,,A,01,0,0,1,0,0,0,0,0,1,"- ","- ",36.678750000000001,-121.73480000000001,MONTEREY,UNINCORPORATED,-121.73488356999999,36.678700710000001
6564414,2014,2014-08-22,9730,2014-07-08,1420,18171,,2,2,9,2700,0,2,4,,2,063,"BLANCO RD","ARMSTRONG RD",1056.00,W,N,A,-,N,,,,,,,,,,N,4,0,2,2,A,-,03,22350,,N,C,C,A,A,H,-,A,D,0,,,,,Y,,A,01,0,0,2,0,0,0,0,0,0,"- ","- ",,,MONTEREY,UNINCORPORATED,-121.71152105,36.678706859999998
6547246,2014,2016-04-07,9730,2014-06-27,1815,019770,,5,2,9,2700,0,1,2,,1,070,"RT 101","DUNBARTON RD",375.00,S,N,B,-,Y,MON,5,101,-,-,99.680,H,-,S,Y,4,0,1,3,A,-,03,22350,,N,C,C,A,A,H,-,A,A,5,,,,,Y,,D,22,0,0,1,0,0,0,0,0,0,"- ","- ",36.844180000000001,-121.63428999999999,MONTEREY,UNINCORPORATED,-121.63035275,36.83560147
6547250,2014,2016-04-07,9730,2014-06-22,0100,018786,,7,3,9,2700,0,1,2,,1,070,"RT 101","SAN MIGUEL CANYON RD",1000.00,S,N,A,-,Y,MON,5,101,-,-,95.950,H,-,S,N,4,0,3,2,A,-,03,22350,,M,C,C,A,A,H,-,D,D,5,,,,,Y,,D,22,0,0,3,0,0,0,0,0,0,"- ","- ",36.797930000000001,-121.66513,MONTEREY,UNINCORPORATED,-121.66582554999999,36.79707046
6547252,2014,2016-04-05,9730,2014-06-24,1530,018886,,2,2,9,2700,0,1,3,,1,024,"RT 68","SKYLINE FOREST DR",528.00,E,N,A,-,Y,MON,5,68,-,-,3.470,H,-,E,N,4,0,1,2,A,-,03,22350,,N,C,C,A,A,H,-,A,D,0,,,,,Y,,A,07,0,0,1,0,0,0,0,0,0,"- ","- ",,,MONTEREY,UNINCORPORATED,-121.91894718,36.584528229999997
6547254,2014,2016-04-07,9730,2014-06-23,1646,019981,,1,2,4,2706,0,1,3,,2,062,"RT 1","DEL MONTE AV",2640.00,S,N,A,-,Y,MON,5,1,-,R,78.390,H,-,N,N,4,0,1,2,A,-,03,22350,,N,C,C,A,A,H,-,A,D,1,,,,,Y,,D,22,0,0,1,0,0,0,0,0,0,"- ","- ",,,MONTEREY,MONTEREY,-121.86521934,36.597956920000001
6549282,2014,2016-04-07,9735,2014-06-29,2220,19330,,7,3,3,2705,0,1,2,,2,042,"RT 101","1ST ST",1056.00,N,N,-,-,Y,MON,5,101,-,R,40.000,H,-,N,Y,3,0,2,1,A,-,08,22107,,N,F,A,A,-,-,-,-,D,1,,,,,Y,,A,01,0,1,1,0,0,0,0,0,0,"- ","- ",36.20205,-121.11696000000001,MONTEREY,"KING CITY",-121.11676279,36.201934289999997
6549362,2014,2014-08-14,2708,2014-06-15,1456,69054,,7,5,6,2708,0,0,0,,0,00B,"EAST BORONDA RD","NATIVIDAD RD",300.00,W,N,B,-,N,,,,,,,,,,N,4,0,2,3,A,-,03,22350,,M,C,C,A,A,H,-,A,A,0,,,,,Y,Y,-,,0,0,2,0,0,0,0,0,0,"- ","- ",,,MONTEREY,SALINAS,-121.6245299,36.7156746
6549366,2014,2014-08-14,2708,2014-06-16,0635,23293,WPC,1,5,6,2708,0,0,0,,0,011,"NORTH SANBORN RD","GARNER AV",528.00,N,N,A,-,N,,,,,,,,,,Y,2,0,1,2,A,-,09,21801,A,N,F,C,A,A,H,-,A,D,0,,,,,Y,,-,,1,0,0,0,0,0,0,0,0,"- ","- ",,,MONTEREY,SALINAS,-121.61366117999999,36.687037949999997
6549370,2014,2014-08-14,2708,2014-06-16,1455,10122,WPC,1,5,6,2708,0,0,0,,0,008,"E ALISAL ST","PAJARO ST",0.00,,Y,A,-,N,,,,,,,,,,,3,0,1,2,A,-,12,21453,A,N,D,C,A,A,H,-,A,A,0,,,,,Y,Y,-,,0,1,0,0,0,0,0,0,0,"- ","- ",,,MONTEREY,SALINAS,-121.65255986,36.674120000000002
6549374,2014,2014-08-14,2708,2014-06-17,2041,07661,,2,5,6,2708,0,0,0,,0,002,"NORTH MAIN ST","E ALVIN",0.00,,Y,A,-,N,,,,,,,,,,Y,3,0,1,2,A,-,05,21650,1,N,D,G,A,A,H,-,C,A,0,,Y,,,Y,,L,04,0,1,0,0,0,0,1,0,0,"- ","- ",,,MONTEREY,SALINAS,-121.65346988,36.707900080000002
6549378,2014,2014-08-14,2708,2014-06-20,1959,82326,,5,5,6,2708,0,0,0,,0,008,"MAIN ST","W MARKET",0.00,,Y,A,-,N,,,,,,,,,,Y,2,0,2,2,A,-,12,21453,A,N,D,C,A,A,H,-,A,A,0,,,,,Y,,-,,1,1,0,0,0,0,0,0,0,"- ","- ",,,MONTEREY,SALINAS,-121.65593990000001,36.677610010000002
6549382,2014,2014-08-14,2708,2014-06-20,2150,12507,,5,5,6,2708,0,0,0,,0,001,"NORTH MAIN ST","SAN JUAN GRADE RD",0.00,,Y,A,-,N,,,,,,,,,,N,4,0,1,2,A,-,04,21703,,N,C,C,A,A,H,-,C,A,0,,,,,Y,,-,,0,0,1,0,0,0,0,0,0,"- ","- ",,,MONTEREY,SALINAS,-121.65524994,36.716960090000001
6549386,2014,2015-10-01,2708,2014-06-23,2109,18925,,1,5,6,2708,0,0,0,,0,005,"LUPIN DR","GARDENIA DR",0.00,,Y,A,-,N,,,,,,,,,,N,2,0,1,2,A,-,08,22107,,N,D,G,A,A,H,-,C,D,0,,Y,,,Y,,L,04,1,0,0,0,0,0,1,0,0,"- ","- ",,,MONTEREY,SALINAS,-121.65396988000001,36.68998002
6530933,2014,2014-08-08,2704,2014-06-06,1746,0633,,5,5,3,2704,0,0,0,,0,004,"5TH ST","MAPLE AV",221.00,S,N,A,-,N,,,,,,,,,,Y,2,0,1,2,A,-,11,21954,A,N,G,B,D,A,H,-,A,D,0,Y,,,,Y,Y,N,60,1,0,0,0,1,0,0,0,0,"- ","- ",,,MONTEREY,GREENFIELD,-121.23748752,36.321178310000001
6531242,2014,2016-04-07,9735,2014-06-11,1110,016696,,3,1,9,2700,0,1,2,,1,040,"RT 101","MAJOR FARMS RD",5280.00,S,N,-,-,Y,MON,5,101,-,-,57.620,H,-,S,Y,4,0,1,1,A,-,08,22107,,N,F,A,A,-,-,-,-,D,4,,,,,Y,,A,08,0,0,1,0,0,0,0,0,0,"- ","- ",36.371389999999998,-121.2867,MONTEREY,UNINCORPORATED,-121.28674024999999,36.371309359999998
6531808,2014,2016-04-07,9730,2014-06-18,1230,14584,,3,1,9,2700,0,1,2,,1,050,"RT 101","MARKET ST",528.00,N,N,A,-,Y,MON,5,101,-,-,87.420,H,-,S,Y,4,0,1,2,C,-,18,,,N,C,C,A,A,H,-,A,D,1,,,,Y,Y,,-,"- ",0,0,1,0,0,0,0,0,0,"- ","- ",,,MONTEREY,UNINCORPORATED,-121.64179998,36.679324979999997
6531813,2014,2015-10-01,9730,2014-06-18,1345,018886,,3,1,9,2700,1,2,4,,1,023,"CARMEL VALLEY RD","PASO HONDO",528.00,E,N,A,-,N,,,,,,,,,,Y,4,0,1,2,A,-,09,21804,A,N,D,C,A,A,H,-,A,D,0,,,,,Y,,A,01,0,0,1,0,0,0,0,0,0,"- ","- ",,,MONTEREY,UNINCORPORATED,-121.73047,36.478760000000001
6531820,2014,2014-08-12,9730,2014-06-12,1812,17020,,4,2,9,2700,0,3,5,,2,004,"ALISAL RD","HARTNELL RD",0.00,,Y,A,-,N,,,,,,,,,,Y,4,0,2,2,A,-,09,21802,A,N,D,C,A,A,H,-,A,A,0,,,,,Y,,A,01,0,0,2,0,0,0,0,0,0,"- ","- ",,,MONTEREY,UNINCORPORATED,-121.57676995,36.645380090000003
6531822,2014,2014-08-13,9730,2014-06-13,2305,020621,,5,3,9,2700,0,2,4,,1,073,"HALL RD","LAS LOMAS DR",150.00,E,N,A,-,N,,,,,,,,,,Y,3,0,1,2,A,-,01,23152,A,N,C,E,A,A,G,-,C,D,0,,,,Y,Y,Y,A,01,0,1,0,0,0,0,0,0,0,"- ","- ",36.86506,-121.73309,MONTEREY,UNINCORPORATED,-121.73323479,36.865055439999999
6531824,2014,2014-08-12,9730,2014-06-14,0620,17502,,6,1,9,2700,0,3,5,,2,003,"RIVER RD","RT 68",2640.00,S,N,A,-,N,,,,,,,,,,N,4,0,1,2,A,-,03,22350,,N,C,C,A,A,H,-,A,D,0,,,,,Y,,D,22,0,0,1,0,0,0,0,0,0,"- ","- ",,,MONTEREY,UNINCORPORATED,,
6533098,2014,2014-07-25,2707,2014-04-07,1649,2108,,1,5,3,2707,0,0,0,,0,001,"SUNSET DR","PICO AV",887.00,N,N,A,-,N,,,,,,,,,,Y,4,0,2,2,A,-,03,22350,,N,C,E,A,A,H,-,A,D,0,,,,,Y,,A,01,0,0,2,0,0,0,0,0,0,"- ","- ",,,MONTEREY,"PACIFIC GROVE",-121.93898987,36.625849090000003
6533112,2014,2015-10-01,2704,2014-05-20,1805,5546,2704,2,5,3,2704,0,0,0,,0,003,"ELM AV","13TH ST",200.00,E,N,A,-,N,,,,,,,,,,Y,3,0,1,1,A,-,01,23152,A,N,B,I,A,A,H,-,A,D,0,,,,,Y,Y,A,01,0,1,0,0,0,0,0,0,0,"- ","- ",,,MONTEREY,GREENFIELD,-121.25505198,36.309922870000001
6533828,2014,2014-08-14,9730,2014-06-14,1235,17502,,6,1,9,2700,0,2,4,,1,023,"CARMEL VALLEY RD","CACHAGUA RD",7920.00,E,N,A,-,N,,,,,,,,,,N,4,0,1,1,A,-,08,22107,,N,F,A,A,A,H,-,A,D,0,,,Y,,Y,,C,02,0,0,1,0,0,0,0,0,1,"- ","- ",,,MONTEREY,UNINCORPORATED,-121.65637862,36.443022339999999
6533836,2014,2014-08-14,9730,2014-06-16,1655,19770,,1,2,9,2700,0,3,5,,2,007,"WERNER RD","ELKHORN RD",210.00,W,N,A,-,N,,,,,,,,,,N,4,0,1,2,A,-,09,21804,A,N,D,C,A,A,H,-,A,D,0,,,Y,,Y,,A,07,0,0,1,0,0,0,0,0,1,"- ","- ",36.878900000000002,-121.74803,MONTEREY,UNINCORPORATED,-121.74793038999999,36.87885284
6533840,2014,2014-08-14,9730,2014-06-13,2356,19770,,5,3,9,2700,0,3,5,,2,004,"IVERSON RD","JOHNSON CANYON RD",10560.00,N,N,A,-,N,,,,,,,,,,Y,4,0,1,1,A,-,08,22107,,N,F,A,A,A,H,-,D,D,0,,,,,Y,,A,01,0,0,1,0,0,0,0,0,0,"- ","- ",36.547550000000001,-121.43676000000001,MONTEREY,UNINCORPORATED,-121.41802,36.526470000000003
6564418,2014,2014-08-22,9730,2014-07-06,1420,12332,,7,2,9,2700,0,2,4,,1,073,"SALINAS RD","JONATHAN ST",160.00,S,N,A,-,N,,,,,,,,,,N,2,0,1,2,A,-,09,21804,A,N,D,C,A,A,H,-,A,D,0,,,,,Y,,A,01,1,0,0,0,0,0,0,0,0,"- ","- ",,,MONTEREY,UNINCORPORATED,-121.74813444,36.900381369999998
6564422,2014,2016-05-02,9730,2014-07-06,1500,19569,,7,2,9,2700,0,1,3,,1,014,"RT 1","KIRK CREEK CAMPGROUND",1056.00,S,N,A,-,Y,MON,5,1,-,-,18.810,H,-,N,Y,3,0,1,2,A,-,11,21954,A,N,G,B,D,A,H,-,A,D,0,Y,,,,Y,,N,60,0,1,0,0,1,0,0,0,0,"- ","- ",,,MONTEREY,UNINCORPORATED,-121.49359839,35.98742738
6564426,2014,2014-08-22,9730,2014-07-06,0120,20233,,7,3,9,2700,0,2,4,,2,063,"BLANCO RD","DAVIS RD",22.00,S,N,B,-,N,,,,,,,,,,Y,3,0,1,1,A,-,01,23152,A,N,E,I,A,A,H,-,C,A,0,,,,,Y,Y,A,01,0,1,0,0,0,0,0,0,0,"- ","- ",,,MONTEREY,UNINCORPORATED,-121.68505675999999,36.666757410000002
6564430,2014,2014-08-22,9730,2014-07-09,0518,19512,,3,3,9,2700,0,2,4,,2,063,"BLANCO RD","ALISAL ST",10.00,W,N,B,-,N,,,,,,,,,,Y,4,0,2,2,A,-,03,22350,,N,C,C,A,B,H,-,C,A,0,,,,,Y,,A,01,0,0,2,0,0,0,0,0,0,"- ","- ",36.664259999999999,-121.67868,MONTEREY,UNINCORPORATED,-121.67819058000001,36.664102159999999