CASE_ID,ACCIDENT_YEAR,PROC_DATE,JURIS,COLLISION_DATE,COLLISION_TIME,OFFICER_ID,REPORTING_DISTRICT,DAY_OF_WEEK,CHP_SHIFT,POPULATION,CNTY_CITY_LOC,SPECIAL_COND,BEAT_TYPE,CHP_BEAT_TYPE,CITY_DIVISION_LAPD,CHP_BEAT_CLASS,BEAT_NUMBER,PRIMARY_RD,SECONDARY_RD,DISTANCE,DIRECTION,INTERSECTION,WEATHER_1,WEATHER_2,STATE_HWY_IND,CALTRANS_COUNTY,CALTRANS_DISTRICT,STATE_ROUTE,ROUTE_SUFFIX,POSTMILE_PREFIX,POSTMILE,LOCATION_TYPE,RAMP_INTERSECTION,SIDE_OF_HWY,TOW_AWAY,COLLISION_SEVERITY,NUMBER_KILLED,NUMBER_INJURED,PARTY_COUNT,PRIMARY_COLL_FACTOR,PCF_CODE_OF_VIOL,PCF_VIOL_CATEGORY,PCF_VIOLATION,PCF_VIOL_SUBSECTION,HIT_AND_RUN,TYPE_OF_COLLISION,MVIW,PED_ACTION,ROAD_SURFACE,ROAD_COND_1,ROAD_COND_2,LIGHTING,CONTROL_DEVICE,CHP_ROAD_TYPE,PEDESTRIAN_ACCIDENT,BICYCLE_ACCIDENT,MOTORCYCLE_ACCIDENT,TRUCK_ACCIDENT,NOT_PRIVATE_PROPERTY,ALCOHOL_INVOLVED,STWD_VEHTYPE_AT_FAULT,CHP_VEHTYPE_AT_FAULT,COUNT_SEVERE_INJ,COUNT_VISIBLE_INJ,COUNT_COMPLAINT_PAIN,COUNT_PED_KILLED,COUNT_PED_INJURED,COUNT_BICYCLIST_KILLED,COUNT_BICYCLIST_INJURED,COUNT_MC_KILLED,COUNT_MC_INJURED,PRIMARY_RAMP,SECONDARY_RAMP,LATITUDE,LONGITUDE,COUNTY,CITY,POINT_X,POINT_Y
6564441,2014,2016-05-02,9730,2014-07-11,0650,19837,,5,1,9,2700,0,3,5,,2,007,"SALINAS RD","RT 1",60.00,E,N,B,-,Y,MON,5,1,-,T,101.031,I,6,S,Y,4,0,1,1,A,-,08,22107,,N,E,I,A,B,H,-,B,D,0,,,,,Y,,A,01,0,0,1,0,0,0,0,0,0,"- ","- ",36.869709999999998,-121.76998,MONTEREY,UNINCORPORATED,-121.7701187,36.869726960000001
6564445,2014,2016-05-02,9730,2014-07-08,1830,15297,,2,2,9,2700,0,1,3,,1,074,"RT 1","SPRINGFIELD RD",2112.00,N,N,B,-,Y,MON,5,1,-,-,99.250,H,-,S,N,4,0,1,2,A,-,03,22350,,N,C,C,A,A,H,-,A,D,0,,,,,Y,,A,01,0,0,1,0,0,0,0,0,0,"- ","- ",36.84469,-121.77119,MONTEREY,UNINCORPORATED,-121.77111995999999,36.844067010000003
6564469,2014,2016-05-02,9730,2014-07-10,1630,20578,,4,2,4,2706,0,1,3,,2,062,"RT 1","IRIS CANYON RD",100.00,N,N,A,-,Y,MON,5,1,-,R,76.520,H,-,N,N,4,0,1,2,A,-,03,22350,,N,C,C,A,A,H,-,A,D,1,,,,,Y,,A,08,0,0,1,0,0,0,0,0,0,"- ","- ",,,MONTEREY,MONTEREY,-121.89067206,36.583220169999997
6564473,2014,2015-12-03,9730,2014-07-09,1425,18886,,3,2,9,2700,0,2,4,,1,023,"CARMEL VALLEY RD","CANADA WY",528.00,E,N,A,-,N,,,,,,,,,,Y,4,0,2,3,A,-,03,22350,,N,C,C,A,A,H,-,A,D,0,,,,,Y,,A,01,0,0,2,0,0,0,0,0,0,"- ","- ",,,MONTEREY,UNINCORPORATED,-121.86340997000001,36.539483590000003
6564477,2014,2016-05-02,9730,2014-07-10,0845,18171,,4,1,4,2706,0,1,3,,2,062,"RT 1","CASA VERDE WY",50.00,N,N,A,-,Y,MON,5,1,-,R,78.490,H,-,S,N,4,0,1,2,A,-,03,22350,,N,C,C,A,A,H,-,A,D,1,,,,,Y,,A,07,0,0,1,0,0,0,0,0,0,"- ","- ",,,MONTEREY,MONTEREY,-121.86438861000001,36.599301599999997
6566243,2014,2016-05-09,9735,2014-07-07,0510,018069,,1,3,9,2700,0,1,2,,1,040,"RT 101","LOS COCHES RD",0.00,,Y,E,-,Y,MON,5,101,-,-,57.090,H,-,N,Y,4,0,1,3,A,-,09,21804,A,N,D,C,A,A,H,-,B,D,4,,,,Y,Y,,G,25,0,0,1,0,0,0,0,0,0,"- ","- ",36.366149999999998,-121.27986,MONTEREY,UNINCORPORATED,-121.28010338,36.365990940000003
6568405,2014,2014-08-06,2706,2014-06-28,1159,250,2706,6,5,4,2706,0,0,0,,0,002,"PEARL ST","FIGUEROA ST",39.00,E,N,A,-,N,,,,,,,,,,N,4,0,1,2,A,-,17,22517,,N,B,G,A,A,H,-,A,D,0,,Y,,,Y,,A,01,0,0,1,0,0,0,1,0,0,"- ","- ",,,MONTEREY,MONTEREY,-121.89029868,36.597993590000002
6549390,2014,2014-08-14,2708,2014-06-25,1525,52823,,3,5,6,2708,0,0,0,,0,,"GAVIOTA DR","CACHUMA CT",0.00,,Y,A,-,N,,,,,,,,,,N,4,0,1,2,A,-,09,21800,A,N,D,C,A,A,H,-,A,D,0,,,,,Y,,-,,0,0,1,0,0,0,0,0,0,"- ","- ",,,MONTEREY,SALINAS,-121.60069998,36.688240020000002
6549394,2014,2014-08-14,2708,2014-06-04,1234,18355,2708,3,5,6,2708,0,0,0,,0,008,SALINAS,"SAN LUIS",0.00,,Y,A,-,N,,,,,,,,,,N,3,0,1,2,A,-,10,21950,A,N,G,B,B,A,H,-,A,A,0,Y,,,,Y,,-,,0,1,0,0,1,0,0,0,0,"- ","- ",,,MONTEREY,SALINAS,-121.65565992000001,36.671810069999999
6549398,2014,2014-08-14,2708,2014-06-08,1304,75791,,7,5,6,2708,0,0,0,,0,,"NORTH SANBORN RD","EAST LAUREL DR",46.00,S,N,A,-,N,,,,,,,,,,Y,4,0,3,4,A,-,07,21658,A,N,C,C,A,A,H,-,A,A,0,,,,,Y,,-,,0,0,3,0,0,0,0,0,0,"- ","- ",,,MONTEREY,SALINAS,-121.62101066,36.682870039999997
6549402,2014,2016-04-07,2708,2014-06-09,1422,19253,SALIN,1,5,6,2708,0,0,0,,0,008,"JOHN ST","SPRING ST",500.00,E,N,A,-,Y,MON,5,68,-,-,21.710,H,-,W,Y,3,0,1,2,A,-,03,22350,,N,C,C,A,A,H,-,A,A,0,,,,,Y,,-,,0,1,0,0,0,0,0,0,0,"- ","- ",,,MONTEREY,SALINAS,-121.64443417,36.670162220000002
6549406,2014,2014-08-14,2708,2014-06-10,1002,18365,2708,2,5,6,2708,0,0,0,,0,004,CONSTITUTION,"LAS CASITAS",0.00,,Y,A,-,N,,,,,,,,,,Y,4,0,1,2,A,-,04,21703,,N,C,C,A,A,H,-,A,D,0,,,,,Y,,-,,0,0,1,0,0,0,0,0,0,"- ","- ",,,MONTEREY,SALINAS,-121.61258991,36.698780040000003
6549410,2014,2015-10-01,2708,2014-06-10,2126,15945,,2,5,6,2708,0,0,0,,0,,"ALISAL ST","MAIN ST",0.00,,Y,A,-,N,,,,,,,,,,N,3,0,1,2,A,-,10,21950,C,N,G,B,B,A,H,-,C,A,0,Y,,,,Y,,-,,0,1,0,0,1,0,0,0,0,"- ","- ",,,MONTEREY,SALINAS,-121.65481995,36.673800010000001
6549414,2014,2014-08-14,2708,2014-06-11,0724,49532,SALIN,3,5,6,2708,0,0,0,,0,010,"JOHN ST","S SANDBORN",0.00,,Y,B,-,N,,,,,,,,,,Y,3,0,2,2,A,-,09,21801,A,N,D,C,A,A,H,-,A,A,0,,,,,Y,,-,,0,2,0,0,0,0,0,0,0,"- ","- ",,,MONTEREY,SALINAS,,
6549418,2014,2014-08-14,2708,2014-06-20,1753,15702,,5,5,6,2708,0,0,0,,0,005,"NATIVIDAD RD","SORENTINI DR",621.00,N,N,A,-,N,,,,,,,,,,N,4,0,1,2,A,-,03,22350,,N,C,C,A,A,H,-,A,A,0,,,,,Y,,-,,0,0,1,0,0,0,0,0,0,"- ","- ",,,MONTEREY,SALINAS,-121.63895377,36.695634069999997
6549422,2014,2014-08-14,2708,2014-06-04,2227,84535," WPC",3,5,6,2708,0,0,0,,0,002,TOWT,OREGON,0.00,,Y,A,-,N,,,,,,,,,,Y,4,0,3,2,A,-,12,22450,A,N,A,C,A,A,H,-,C,D,0,,,,,Y,,-,,0,0,3,0,0,0,0,0,0,"- ","- ",,,MONTEREY,SALINAS,-121.61888996,36.678540089999998
6549425,2014,2014-08-14,2708,2014-06-26,1540,54370,,4,5,6,2708,0,0,0,,0,008,"W ALISAL ST","SALINAS ST",0.00,,Y,A,-,N,,,,,,,,,,Y,4,0,1,2,A,-,09,21804,B,N,D,C,A,A,H,-,A,A,0,,,,,Y,,-,,0,0,1,0,0,0,0,0,0,"- ","- ",,,MONTEREY,SALINAS,-121.65602994,36.673620020000001
6549429,2014,2016-03-30,2708,2014-06-27,0917,75334,,5,5,6,2708,0,0,0,,0,,"W ROSSI","NORTH MAIN ST",0.00,,Y,A,-,Y,MON,5,183,-,-,0.430,I,6,S,N,4,0,1,2,A,-,03,22350,,F,C,C,A,A,H,-,A,A,0,,,,,Y,,-,,0,0,1,0,0,0,0,0,0,"- ","- ",,,MONTEREY,SALINAS,-121.6540832,36.680812289999999
6549433,2014,2014-08-14,2708,2014-06-27,1800,76997,708,5,5,6,2708,0,0,0,,0,012,"EAST LAUREL DR","1ST ST",0.00,,Y,A,-,N,,,,,,,,,,Y,4,0,1,2,A,-,12,22450,,F,D,C,A,A,H,-,A,A,0,,,,,Y,Y,-,,0,0,1,0,0,0,0,0,0,"- ","- ",,,MONTEREY,SALINAS,-121.61554993,36.676760020000003
6569512,2014,2016-05-02,9730,2014-07-12,1215,017502,,6,1,9,2700,0,1,3,,1,022,"RT 1","CARPENTER RD",20.00,S,N,A,-,Y,MON,5,1,-,-,74.550,H,-,N,N,4,0,2,2,A,-,21,22106,,N,C,C,A,A,H,-,A,D,0,,,,,Y,,D,22,0,0,2,0,0,0,0,0,0,"- ","- ",,,MONTEREY,UNINCORPORATED,-121.91296318000001,36.566305710000002
6569513,2014,2014-08-27,9730,2014-07-03,1730,018820,,4,2,9,2700,0,2,4,,1,073,"SALINAS RD","ELKHORN RD",52.00,E,N,A,-,N,,,,,,,,,,N,4,0,1,4,A,-,05,21460,A,M,E,I,A,A,H,-,A,A,0,,,,,Y,,D,22,0,0,1,0,0,0,0,0,0,"- ","- ",,,MONTEREY,UNINCORPORATED,-121.74688,36.883049999999997
6569514,2014,2016-05-09,9730,2014-07-15,0424,19512,,2,3,9,2700,0,1,2,,1,070,"RT 101","DUNBARTON RD",35.00,S,N,B,-,Y,MON,5,101,-,-,100.380,H,-,S,Y,4,0,1,2,A,-,01,23152,A,N,D,C,A,A,H,-,D,D,5,,,,Y,Y,Y,A,01,0,0,1,0,0,0,0,0,0,"- ","- ",,,MONTEREY,UNINCORPORATED,-121.6348794,36.845533549999999
6571266,2014,2014-08-27,9730,2014-07-14,2059,019512,,1,2,9,2700,0,2,4,,1,073,"HALL RD","LAS LOMAS DR",0.00,,Y,B,-,N,,,,,,,,,,N,4,0,1,2,A,-,12,21453,A,N,B,C,A,A,H,-,C,A,0,,,,,Y,,A,01,0,0,1,0,0,0,0,0,0,"- ","- ",,,MONTEREY,UNINCORPORATED,-121.73367985,36.86526001
6571267,2014,2016-05-09,9730,2014-07-10,0750,13024,,4,1,6,2708,0,1,2,,1,050,"RT 101","JOHN ST",200.00,S,N,B,-,Y,MON,5,101,-,-,86.550,R,1,N,N,4,0,1,2,A,-,03,22350,,N,C,C,A,A,H,-,A,D,1,,,,,Y,,A,01,0,0,1,0,0,0,0,0,0,TO,"- ",,,MONTEREY,SALINAS,-121.63501952999999,36.668892229999997
6571268,2014,2016-05-09,9730,2014-07-12,0114,019635,,6,3,6,2708,0,1,2,,1,050,"RT 101","LAUREL DR",1584.00,N,N,A,-,Y,MON,5,101,-,-,89.570,H,-,N,Y,2,0,1,1,A,-,01,23152,A,N,F,A,A,A,H,-,C,D,1,,,,,Y,Y,A,01,1,0,0,0,0,0,0,0,0,"- ","- ",36.701070000000001,-121.666,MONTEREY,SALINAS,-121.6662075,36.704113470000003
6571269,2014,2016-05-02,9730,2014-07-11,1030,019569,,5,1,9,2700,0,1,3,,1,014,"RT 1","POINT 16",20.00,N,N,A,-,Y,MON,5,1,-,-,22.490,H,-,N,Y,3,0,1,1,C,-,18,,,N,H,H,A,A,H,-,A,D,0,,,Y,,Y,,-,"- ",0,1,0,0,0,0,0,0,1,"- ","- ",,,MONTEREY,UNINCORPORATED,-121.5401066,36.019729150000003
6571270,2014,2014-08-27,9730,2014-07-11,0935,019837,,5,1,9,2700,0,2,4,,1,073,"ELKHORN RD","HALL RD",0.00,,Y,A,-,N,,,,,,,,,,Y,4,0,1,2,A,-,09,21802,A,N,D,C,A,A,H,-,A,A,0,,,,,Y,,A,01,0,0,1,0,0,0,0,0,0,"- ","- ",36.868400000000001,-121.74353000000001,MONTEREY,UNINCORPORATED,-121.74368986,36.868560090000003
6571271,2014,2014-08-27,9730,2014-07-14,1705,017785,,1,2,9,2700,0,3,5,,2,003,"FRONT ST","MORANDA RD",1056.00,N,N,A,-,N,,,,,,,,,,Y,4,0,1,1,A,-,08,22107,,N,E,I,A,A,H,-,A,D,0,,,,,Y,,A,01,0,0,1,0,0,0,0,0,0,"- ","- ",36.433920000000001,-121.34047,MONTEREY,UNINCORPORATED,-121.33637,36.431339999999999
6571272,2014,2015-12-03,9730,2014-07-14,1645,017785,,1,2,9,2700,0,3,5,,2,003,"OLD STAGE RD","ALTA ST",40.00,N,N,A,-,N,,,,,,,,,,Y,4,0,1,2,A,-,03,22350,,M,C,C,A,A,H,-,A,A,0,,,,,Y,,A,01,0,0,1,0,0,0,0,0,0,"- ","- ",,,MONTEREY,UNINCORPORATED,-121.46339055999999,36.521598419999997
6571273,2014,2014-08-27,9730,2014-07-12,1540,019635,,6,2,9,2700,0,2,4,,1,075,"SAN JUAN RD","MURPHY RD",1056.00,E,N,A,-,N,,,,,,,,,,N,4,0,2,2,A,-,03,22350,,N,C,C,A,A,H,-,A,D,0,,,,,Y,,A,01,0,0,2,0,0,0,0,0,0,"- ","- ",36.892580000000002,-121.67149999999999,MONTEREY,UNINCORPORATED,-121.67362181,36.894288150000001
6533861,2014,2014-08-18,9730,2014-06-07,1330,016537,,6,1,9,2700,0,3,5,,2,003,"GONZALES RIVER RD","SHORT RD",1584.00,E,N,A,-,N,,,,,,,,,,Y,4,0,1,1,A,-,08,22107,,N,E,I,A,A,H,-,A,D,0,,,,,Y,,A,01,0,0,1,0,0,0,0,0,0,"- ","- ",36.489350000000002,-121.46413,MONTEREY,UNINCORPORATED,-121.46379662,36.489311979999997
6533865,2014,2014-08-18,9730,2014-06-17,0630,13024,,2,1,9,2700,0,3,5,,2,004,"CAMPHORA GLORIA RD","RT 101",2640.00,E,N,A,-,N,,,,,,,,,,Y,4,0,1,2,A,-,06,21750,,N,B,C,A,A,H,-,A,D,0,,,,,Y,,A,01,0,0,1,0,0,0,0,0,0,"- ","- ",,,MONTEREY,UNINCORPORATED,-121.36279999999999,36.449060000000003
6533869,2014,2014-08-18,9730,2014-06-18,1230,019635,,3,1,9,2700,0,2,4,,1,023,"CARMEL VALLEY RD","RIO RD",528.00,E,N,A,-,N,,,,,,,,,,Y,3,0,1,1,A,-,08,22107,,N,E,I,A,A,H,-,A,D,0,,,,,Y,,A,01,0,1,0,0,0,0,0,0,0,"- ","- ",36.542900000000003,-121.89046999999999,MONTEREY,UNINCORPORATED,-121.89006430000001,36.542417880000002
6535527,2014,2015-04-22,9730,2014-06-10,0525,18766,,2,3,9,2700,0,1,3,,1,074,"RT 1","MOLERA RD",988.00,N,N,B,-,Y,MON,5,1,-,R,90.580,H,-,N,Y,4,0,2,2,A,-,03,22350,,N,C,C,A,B,H,-,D,D,1,,,,,Y,,D,22,0,0,2,0,0,0,0,0,0,"- ","- ",36.78248,-121.77988999999999,MONTEREY,UNINCORPORATED,-121.76932183,36.747999839999999
6535542,2014,2014-08-09,9730,2014-06-05,1530,17785,,4,2,9,2700,0,3,5,,2,002,"CACHAGUA RD","CARMEL VALLEY RD",20064.00,S,N,A,-,N,,,,,,,,,,Y,3,0,1,1,A,-,08,22107,,N,E,I,A,A,H,-,A,D,0,,,,,Y,,D,22,0,1,0,0,0,0,0,0,0,"- ","- ",36.418999999999997,-121.67712,MONTEREY,UNINCORPORATED,-121.67754909,36.419600610000003
6535554,2014,2015-04-22,9730,2014-06-04,0750,18171,,3,1,4,2710,0,1,3,,2,062,"RT 1","LIGHTFIGHTER DR",1056.00,S,N,A,-,Y,MON,5,1,-,R,82.690,H,-,S,N,4,0,1,2,A,-,03,22350,,N,C,C,A,A,H,-,A,D,1,,,,,Y,,D,22,0,0,1,0,0,0,0,0,0,"- ","- ",36.641620000000003,-121.82422,MONTEREY,SEASIDE,-121.81789483999999,36.645378809999997
6535561,2014,2014-08-06,9730,2014-05-30,1330,020233,,5,1,9,2700,0,2,4,,1,073,"SAN MIGUEL CANYON RD","STRAWBERRY RD",1056.00,N,N,A,-,N,,,,,,,,,,Y,4,0,1,2,A,-,05,21460,A,N,B,C,A,A,H,-,A,D,0,,,,Y,Y,,A,01,0,0,1,0,0,0,0,0,0,"- ","- ",36.83831,-121.68387,MONTEREY,UNINCORPORATED,-121.67967932000001,36.83296086
6535565,2014,2014-08-01,9730,2014-06-06,1600,18786,,5,2,9,2700,0,3,5,,2,003,"CHUALAR RIVER RD","FOLETTA RD",15.00,W,N,A,-,N,,,,,,,,,,N,4,0,1,2,A,-,21,22106,,N,C,C,A,A,H,-,A,A,0,,,,,Y,,A,01,0,0,1,0,0,0,0,0,0,"- ","- ",36.565519999999999,-121.5164,MONTEREY,UNINCORPORATED,-121.51640507,36.565820039999998
6535573,2014,2015-04-23,9730,2014-06-07,1015,17502,,6,1,9,2700,0,1,3,,1,068,"RT 68","CORRAL DE TIERRA RD",200.00,W,N,A,-,Y,MON,5,68,-,-,12.910,H,-,E,Y,4,0,3,3,A,-,03,22350,,N,C,C,A,A,H,-,A,D,0,,,,,Y,,I,12,0,0,3,0,0,0,0,0,0,"- ","- ",,,MONTEREY,UNINCORPORATED,-121.72788159,36.578471290000003
6535574,2014,2015-04-22,9730,2014-06-02,0856,15638,,1,1,9,2700,0,1,3,,1,074,"RT 1","STRUVE RD",103.00,N,N,B,-,Y,MON,5,1,-,-,98.370,H,-,N,Y,2,0,4,5,A,-,09,21801,A,N,H,G,A,A,H,-,A,D,0,,Y,,,Y,,D,22,2,2,0,0,0,0,4,0,0,"- ","- ",,,MONTEREY,UNINCORPORATED,-121.77098345,36.831263749999998
6535884,2014,2015-12-11,9730,2014-05-31,2042,20057,,6,2,9,2700,0,3,5,,2,006,"ESPINOSA RD","RT 101",5280.00,W,N,A,-,N,,,,,,,,,,Y,4,0,1,3,A,-,03,22350,,N,C,C,A,A,H,-,A,D,0,,,,,Y,,A,01,0,0,1,0,0,0,0,0,0,"- ","- ",36.738869999999999,-121.67232,MONTEREY,UNINCORPORATED,-121.67425932,36.73951083
6549437,2014,2014-08-14,2708,2014-06-28,2247,22985,,6,5,6,2708,0,0,0,,0,012,"NORTH SANBORN RD","ACOSTA ST",0.00,,Y,A,-,N,,,,,,,,,,Y,4,0,1,2,A,-,12,21453,A,N,D,C,A,A,H,-,C,A,0,,,,,Y,,-,,0,0,1,0,0,0,0,0,0,"- ","- ",,,MONTEREY,SALINAS,-121.61983986,36.683550050000001
6549438,2014,2015-10-01,2708,2014-06-03,1658,71595,,2,5,6,2708,0,0,0,,0,002,"W ALVIN","N 1ST",0.00,,Y,A,-,N,,,,,,,,,,Y,4,0,2,3,A,-,09,21801,A,M,B,C,A,A,H,-,A,A,0,,,,,Y,,-,,0,0,2,0,0,0,0,0,0,"- ","- ",,,MONTEREY,SALINAS,-121.65602996,36.7075101
6549812,2014,2014-08-15,2710,2014-06-16,1504,32771,,1,5,4,2710,0,0,0,,0,,"FREMONT BL","SAN PABLO AV",0.00,,Y,A,-,N,,,,,,,,,,Y,4,0,2,2,A,-,09,21801,A,N,A,C,A,A,H,-,A,D,0,,,,,Y,,-,,0,0,2,0,0,0,0,0,0,"- ","- ",,,MONTEREY,SEASIDE,-121.84270999,36.61492002
6549820,2014,2014-08-15,2710,2014-06-12,1730,R.MILLER,SEASI,4,5,4,2710,0,0,0,,0,,"KIMBALL AV","FREMONT BL",7.00,E,N,A,-,N,,,,,,,,,,N,3,0,1,1,B,-,22,,,N,F,A,A,A,H,-,A,D,0,,,,,Y,,-,,0,1,0,0,0,0,0,0,0,"- ","- ",,,MONTEREY,SEASIDE,-121.85012732,36.599814029999997
6549840,2014,2014-08-21,2710,2014-06-21,2304,38385,2710,6,5,4,2710,0,0,0,,0,01B,"DEL MONTE BL","BROADWAY AV",0.00,,Y,A,-,N,,,,,,,,,,Y,4,0,1,2,A,-,01,23152,A,N,A,C,A,A,H,-,C,A,0,,,,,Y,Y,D,22,0,0,1,0,0,0,0,0,0,"- ","- ",,,MONTEREY,SEASIDE,-121.85272995,36.60939011
6550980,2014,2016-05-03,9730,2014-07-01,1700,020168,,2,2,9,2700,0,1,3,,1,072,"RT 156","MONTE DEL LAGO",300.00,W,N,A,-,Y,MON,5,156,-,-,1.210,H,-,E,N,4,0,2,2,A,-,03,22350,,N,C,C,A,A,H,-,A,D,1,,,,,Y,,D,22,0,0,2,0,0,0,0,0,0,"- ","- ",36.77167,-121.73201,MONTEREY,UNINCORPORATED,-121.73549217999999,36.770701899999999
6550992,2014,2016-05-02,9730,2014-07-03,1655,020257,,4,2,9,2700,0,1,3,,1,022,"RT 1","HOLMAN HWY",250.00,S,N,A,-,Y,MON,5,1,-,-,75.180,H,-,S,Y,4,0,1,2,A,-,03,22350,,N,C,C,A,A,H,-,A,D,1,,,,,Y,,D,22,0,0,1,0,0,0,0,0,0,"- ","- ",36.573239999999998,-121.91304,MONTEREY,UNINCORPORATED,-121.91204306,36.575315920000001
6551004,2014,2016-05-02,9730,2014-07-05,1840,020621,,6,2,9,2700,0,1,3,,1,022,"RT 1","GRANITE CANYON BR",6336.00,S,N,B,-,Y,MON,5,1,-,-,63.150,H,-,S,Y,3,0,1,3,A,-,11,21954,A,N,G,B,D,A,H,-,A,D,0,Y,,,,Y,,N,60,0,1,0,0,1,0,0,0,0,"- ","- ",36.419670000000004,-121.91304,MONTEREY,UNINCORPORATED,-121.91307293,36.419285289999998
6551031,2014,2014-08-14,9730,2014-07-01,1143,12513,,2,1,9,2700,0,3,5,,2,006,"ESPINOSA RD","RODGERS RD",1584.00,E,N,B,-,N,,,,,,,,,,Y,3,0,1,2,A,-,03,22350,,N,C,C,A,A,H,-,A,D,0,,,,Y,Y,,A,01,0,1,0,0,0,0,0,0,0,"- ","- ",36.74006,-121.68792000000001,MONTEREY,UNINCORPORATED,-121.6862873,36.742884660000001
6551835,2014,2016-06-18,9730,2014-11-17,1735,15297,,1,2,9,2700,0,1,3,,1,074,"RT 1","STRUVE RD SOUTH",1056.00,S,N,A,-,Y,MON,5,1,-,-,97.400,H,-,N,N,4,0,1,2,A,-,03,22350,,N,C,C,A,A,H,-,C,D,0,,,,,Y,,A,01,0,0,1,0,0,0,0,0,0,"- ","- ",36.819859999999998,-121.78578,MONTEREY,UNINCORPORATED,-121.78325411,36.821988709999999
6553993,2014,2014-08-08,2708,2014-05-16,1714,97158,,5,5,6,2708,0,0,0,,0,021,"BARDIN RD","COUNTRYSIDE DR",0.00,,Y,A,-,N,,,,,,,,,,N,4,0,1,2,A,-,09,21801,A,N,D,C,A,A,H,-,A,A,0,,,,,Y,,-,,0,0,1,0,0,0,0,0,0,"- ","- ",,,MONTEREY,SALINAS,-121.60466993,36.676980069999999
6572608,2014,2016-05-09,9730,2014-07-15,1900,017785,,2,2,9,2700,0,1,2,,1,030,"RT 101","CAMPHORA GLORIA RD",875.00,S,N,A,-,Y,MON,5,101,-,-,64.460,H,-,N,Y,3,0,3,2,A,-,17,23114,A,N,E,J,A,A,H,-,A,D,1,,,,Y,Y,,G,25,0,1,2,0,0,0,0,0,0,"- ","- ",36.447369999999999,-121.36069000000001,MONTEREY,UNINCORPORATED,-121.36074468,36.44729796
6572612,2014,2014-08-26,2708,2014-07-03,1830,,,4,5,6,2708,0,0,0,,0,,"SOUTH SANBORN RD","TERVEN AV",147.00,S,N,B,-,N,,,,,,,,,,Y,4,0,1,3,A,-,07,21658,A,F,D,C,A,A,H,-,A,D,0,,,,Y,Y,,D,22,0,0,1,0,0,0,0,0,0,"- ","- ",,,MONTEREY,SALINAS,-121.63015157,36.663957410000002
6572616,2014,2016-05-09,9730,2014-07-19,1545,017502,,6,2,9,2700,0,1,3,,1,068,"RT 68","CORRAL DE TIERRA RD",10.00,E,N,A,-,Y,MON,5,68,-,-,12.960,H,-,W,N,4,0,1,2,A,-,21,22106,,N,C,C,A,A,H,-,A,D,0,,,Y,,Y,,D,22,0,0,1,0,0,0,0,0,1,"- ","- ",,,MONTEREY,UNINCORPORATED,-121.72702105,36.578507899999998
6572632,2014,2014-08-25,9730,2014-07-14,2024,019934,,1,2,9,2700,0,2,4,,1,073,"SAN MIGUEL CANYON RD","LANGLEY CANYON RD",0.00,,Y,B,-,N,,,,,,,,,,Y,3,0,1,3,A,-,01,23152,A,N,A,E,A,A,H,-,D,D,0,,,,,Y,Y,A,07,0,1,0,0,0,0,0,0,0,"- ","- ",36.804740000000002,-121.66759,MONTEREY,UNINCORPORATED,-121.66777992,36.804480060000003
6572669,2014,2014-08-26,9730,2014-07-18,1744,019770,,5,2,9,2700,0,2,4,,1,073,"HALL RD","LAS LOMAS DR",1637.00,E,N,A,-,N,,,,,,,,,,Y,4,0,1,3,A,-,03,22350,,N,C,C,A,A,H,-,A,A,0,,,,,Y,,A,08,0,0,1,0,0,0,0,0,0,"- ","- ",36.864089999999997,-121.72832,MONTEREY,UNINCORPORATED,-121.7283834,36.864131540000002
6572673,2014,2014-08-26,9730,2014-07-18,1520,019837,,5,2,9,2700,0,2,4,,1,073,"SAN MIGUEL CANYON RD","MORO RD",20.00,E,N,A,-,N,,,,,,,,,,Y,4,0,1,4,A,-,03,22350,,M,C,C,A,A,H,-,A,A,0,,,,,Y,,D,22,0,0,1,0,0,0,0,0,0,"- ","- ",36.802630000000001,-121.66634999999999,MONTEREY,UNINCORPORATED,-121.66668503,36.802622800000002
6572832,2014,2016-05-09,9730,2014-07-19,1524,019239,,6,2,9,2700,0,1,2,,1,070,"RT 101","SAN JUAN RD",50.00,S,N,A,-,Y,MON,5,101,-,-,101.110,H,-,S,N,4,0,1,2,A,-,03,22350,,N,C,C,A,A,D,-,A,D,5,,,,,Y,,A,01,0,0,1,0,0,0,0,0,0,"- ","- ",,,MONTEREY,UNINCORPORATED,-121.63270291000001,36.855254440000003
6572836,2014,2016-05-09,9730,2014-07-18,1842,020600,,5,2,9,2700,0,1,3,,1,068,"RT 68","SAN BENANCIO RD",1056.00,W,N,A,-,Y,MON,5,68,-,-,13.130,H,-,E,Y,4,0,1,2,A,-,03,22350,,N,C,C,A,A,H,-,A,A,0,,,,,Y,,A,01,0,0,1,0,0,0,0,0,0,"- ","- ",36.578780000000002,-121.72416,MONTEREY,UNINCORPORATED,-121.7240807,36.578850590000002
6572876,2014,2014-09-02,9730,2014-07-17,2245,020578,,4,3,9,2700,0,3,5,,2,002,"PINE HILLS DR","OUTLOOK DR",1056.00,E,N,A,-,N,,,,,,,,,,Y,4,0,2,1,A,-,08,22107,,N,E,I,A,A,H,-,D,D,0,,,,,Y,,A,01,0,0,2,0,0,0,0,0,0,"- ","- ",36.560119999999998,-121.89384,MONTEREY,UNINCORPORATED,-121.89521498000001,36.559408070000003