CASE_ID,ACCIDENT_YEAR,PROC_DATE,JURIS,COLLISION_DATE,COLLISION_TIME,OFFICER_ID,REPORTING_DISTRICT,DAY_OF_WEEK,CHP_SHIFT,POPULATION,CNTY_CITY_LOC,SPECIAL_COND,BEAT_TYPE,CHP_BEAT_TYPE,CITY_DIVISION_LAPD,CHP_BEAT_CLASS,BEAT_NUMBER,PRIMARY_RD,SECONDARY_RD,DISTANCE,DIRECTION,INTERSECTION,WEATHER_1,WEATHER_2,STATE_HWY_IND,CALTRANS_COUNTY,CALTRANS_DISTRICT,STATE_ROUTE,ROUTE_SUFFIX,POSTMILE_PREFIX,POSTMILE,LOCATION_TYPE,RAMP_INTERSECTION,SIDE_OF_HWY,TOW_AWAY,COLLISION_SEVERITY,NUMBER_KILLED,NUMBER_INJURED,PARTY_COUNT,PRIMARY_COLL_FACTOR,PCF_CODE_OF_VIOL,PCF_VIOL_CATEGORY,PCF_VIOLATION,PCF_VIOL_SUBSECTION,HIT_AND_RUN,TYPE_OF_COLLISION,MVIW,PED_ACTION,ROAD_SURFACE,ROAD_COND_1,ROAD_COND_2,LIGHTING,CONTROL_DEVICE,CHP_ROAD_TYPE,PEDESTRIAN_ACCIDENT,BICYCLE_ACCIDENT,MOTORCYCLE_ACCIDENT,TRUCK_ACCIDENT,NOT_PRIVATE_PROPERTY,ALCOHOL_INVOLVED,STWD_VEHTYPE_AT_FAULT,CHP_VEHTYPE_AT_FAULT,COUNT_SEVERE_INJ,COUNT_VISIBLE_INJ,COUNT_COMPLAINT_PAIN,COUNT_PED_KILLED,COUNT_PED_INJURED,COUNT_BICYCLIST_KILLED,COUNT_BICYCLIST_INJURED,COUNT_MC_KILLED,COUNT_MC_INJURED,PRIMARY_RAMP,SECONDARY_RAMP,LATITUDE,LONGITUDE,COUNTY,CITY,POINT_X,POINT_Y
6572880,2014,2016-05-02,9730,2014-07-17,1200,018886,,4,1,9,2700,0,1,3,,1,022,"RT 1","SAN LUIS AV",50.00,S,N,A,-,Y,MON,5,1,-,-,74.590,H,-,S,Y,4,0,1,2,A,-,08,22107,,N,D,C,A,A,H,-,A,D,0,,,,,Y,,A,01,0,0,1,0,0,0,0,0,0,"- ","- ",,,MONTEREY,UNINCORPORATED,-121.91300107000001,36.566852429999997
6573181,2014,2014-08-28,2712,2014-07-11,1729,300,,5,5,3,2712,0,0,0,,0,001,"IMJIN PW","IMJIN RD",1373.00,N,N,A,-,N,,,,,,,,,,N,4,0,2,4,A,-,03,22350,,N,C,C,A,A,H,-,A,A,0,,,,,Y,,A,01,0,0,2,0,0,0,0,0,0,"- ","- ",,,MONTEREY,MARINA,-121.79442173,36.664514449999999
6576675,2014,2014-08-14,2706,2014-07-20,1523,939,MPD,7,5,4,2706,0,0,0,,0,003,AGUAJITO,"MARK THOMAS DR",0.00,,Y,A,-,N,,,,,,,,,,Y,4,0,1,2,A,-,09,21801,A,N,D,C,A,A,H,-,A,A,0,,,Y,,Y,,A,01,0,0,1,0,0,0,0,0,1,"- ","- ",,,MONTEREY,MONTEREY,-121.88011985999999,36.591100070000003
6576711,2014,2014-08-16,2706,2014-07-26,1502,142,,6,5,4,2706,0,0,0,,0,,"LIGHTHOUSE AV","TYLER ST",0.00,,Y,A,-,N,,,,,,,,,,N,4,0,2,2,A,-,01,23153,A,N,C,C,A,A,H,-,A,D,0,,,,,Y,Y,A,01,0,0,2,0,0,0,0,0,0,"- ","- ",,,MONTEREY,MONTEREY,-121.89298998,36.601610059999999
6576715,2014,2014-08-14,2706,2014-07-16,2108,142,,3,5,4,2706,0,0,0,,0,,"OLIVIER ST","SCOTT ST",419.00,N,N,A,-,N,,,,,,,,,,N,4,0,1,2,A,-,21,22106,,N,G,B,E,A,H,-,C,D,0,Y,,,,Y,,A,07,0,0,1,0,1,0,0,0,0,"- ","- ",,,MONTEREY,MONTEREY,-121.89413999999999,36.603720000000003
6576719,2014,2014-08-14,2706,2014-07-23,1019,119,MPD,3,5,4,2706,0,0,0,,0,002,SKYLINE,"FOREST RIDGE RD",30.00,S,N,A,-,N,,,,,,,,,,N,4,0,1,2,A,-,03,22350,,N,C,C,A,A,H,-,A,D,0,,,,,Y,,A,01,0,0,1,0,0,0,0,0,0,"- ","- ",,,MONTEREY,MONTEREY,-121.91750528,36.5916785
6578328,2014,2014-08-19,9730,2014-07-21,0935,020144,,1,1,9,2700,0,3,5,,2,003,"SPRECKELS BL","HATTON AV",0.00,,Y,B,-,N,,,,,,,,,,Y,4,0,1,3,A,-,09,21801,A,N,D,C,A,A,H,-,A,D,0,,,,,Y,,A,01,0,0,1,0,0,0,0,0,0,"- ","- ",36.62236,-121.64726,MONTEREY,UNINCORPORATED,-121.64722998000001,36.62240001
6578332,2014,2016-05-09,9730,2014-07-21,1539,019239,,1,2,9,2700,0,1,2,,1,030,"RT 101","5TH ST",2640.00,S,N,A,-,Y,MON,5,101,-,-,70.360,H,-,N,Y,4,0,1,3,A,-,07,21658,A,N,B,C,A,A,-,-,A,D,1,,,,Y,Y,,A,01,0,0,1,0,0,0,0,0,0,"- ","- ",,,MONTEREY,UNINCORPORATED,-121.43407179,36.506644680000001
6578359,2014,2014-08-19,9730,2014-07-25,1815,019635,,5,2,9,2700,0,2,4,,1,075,"SAN JUAN RD","AROMAS RD",2112.00,W,N,A,-,N,,,,,,,,,,Y,3,0,1,2,A,-,03,22350,,N,C,C,A,A,H,-,A,D,0,,,,,Y,,A,01,0,1,0,0,0,0,0,0,0,"- ","- ",36.88796,-121.66652999999999,MONTEREY,UNINCORPORATED,-121.66580810000001,36.887330509999998
6578371,2014,2014-08-19,9730,2014-07-27,0555,016537,,7,3,9,2700,0,3,5,,2,004,"OLD STAGE RD","IVERSON RD",4752.00,S,N,A,-,N,,,,,,,,,,Y,4,0,2,1,A,-,08,22107,,N,E,I,A,A,H,-,A,D,0,,,,,Y,,D,22,0,0,2,0,0,0,0,0,0,"- ","- ",36.544980000000002,-121.4689,MONTEREY,UNINCORPORATED,-121.46971434,36.545899890000001
6578379,2014,2016-05-02,9730,2014-07-22,2114,019934,,2,2,9,2700,0,1,3,,1,074,"RT 1","STRUVE RD",2112.00,S,N,A,-,Y,MON,5,1,-,-,97.950,H,-,N,Y,3,0,2,2,A,-,08,22107,,N,B,E,A,A,H,-,D,D,0,,,,,Y,,D,22,0,1,1,0,0,0,0,0,0,"- ","- ",36.829189999999997,-121.77178000000001,MONTEREY,UNINCORPORATED,-121.77508846000001,36.826354790000003
6578391,2014,2016-05-09,9730,2014-07-22,0530,020391,,2,3,9,2700,0,1,2,,1,030,"RT 101","CAMPHORA GLORIA RD",2640.00,S,N,A,-,Y,MON,5,101,-,-,64.130,H,-,N,Y,4,0,1,4,A,-,03,22350,,N,C,C,A,A,H,-,A,D,1,,,,,Y,,A,01,0,0,1,0,0,0,0,0,0,"- ","- ",36.439779999999999,-121.34975,MONTEREY,UNINCORPORATED,-121.35624988000001,36.444264529999998
6578399,2014,2014-08-19,9730,2014-07-22,0518,020621,,2,3,9,2700,0,3,5,,2,003,"HARRIS RD","ABBOTT ST",3696.00,W,N,A,-,N,,,,,,,,,,Y,2,0,3,2,A,-,05,21460,A,N,A,C,A,A,H,-,B,D,0,,,,,Y,,E,22,1,0,2,0,0,0,0,0,0,"- ","- ",36.630369999999999,-121.62506,MONTEREY,UNINCORPORATED,-121.61941392999999,36.636532199999998
6579416,2014,2016-05-09,9735,2014-07-19,1455,017681,,6,2,9,2700,0,1,2,,1,041,"RT 101","JOLON RD",50.00,S,N,A,-,Y,MON,5,101,-,-,41.940,H,-,N,Y,3,0,1,1,A,-,01,23152,A,N,E,I,A,A,H,-,A,D,5,,,,,Y,Y,A,01,0,1,0,0,0,0,0,0,0,"- ","- ",,,MONTEREY,UNINCORPORATED,-121.1365145,36.204444260000002
6535888,2014,2016-04-07,9730,2014-05-25,1010,20391,,7,1,9,2700,0,1,2,,1,070,"RT 101","SAN MIGUEL CANYON RD",420.00,S,N,A,-,Y,MON,5,101,-,-,96.060,H,-,S,N,3,0,1,1,A,-,03,22350,,N,F,A,A,A,H,-,A,D,5,,,Y,,Y,,C,02,0,1,0,0,0,0,0,0,1,"- ","- ",36.798110000000001,-121.66531000000001,MONTEREY,UNINCORPORATED,-121.6650479,36.798525259999998
6535916,2014,2016-04-09,9730,2014-05-18,1545,20057,,7,2,9,2700,0,1,3,,1,014,"RT 1","HURRICANE POINT",2000.00,N,N,A,-,Y,MON,5,1,-,-,58.700,H,-,N,N,4,0,1,2,A,-,21,22106,,N,G,B,F,A,H,-,A,D,0,Y,,,,Y,,A,01,0,0,1,0,1,0,0,0,0,"- ","- ",36.358899999999998,-121.90052,MONTEREY,UNINCORPORATED,-121.90050809,36.36148807
6536387,2014,2016-03-30,2710,2014-05-28,2104,33466,,3,5,4,2710,0,0,0,,0,,"FREMONT BL","CANYON DEL REY",0.00,,Y,A,-,Y,MON,5,218,-,-,0.000,I,6,E,Y,3,0,1,1,A,-,03,22350,,N,A,I,A,A,H,-,C,D,0,,,,,Y,,-,,0,1,0,0,0,0,0,0,0,"- ","- ",,,MONTEREY,SEASIDE,-121.85078925000001,36.598905809999998
6536818,2014,2014-08-12,9730,2014-06-11,1530,14584,,3,2,9,2700,0,3,5,,2,003,"RIVER RD","GONZALES RIVER RD",3168.00,N,N,A,-,N,,,,,,,,,,Y,3,0,1,2,A,-,08,22107,,N,F,C,A,A,H,-,A,D,0,,,,,Y,,M,46,0,1,0,0,0,0,0,0,0,"- ","- ",,,MONTEREY,UNINCORPORATED,-121.47463999999999,36.480919999999998
6536900,2014,2015-10-01,2706,2014-06-16,1721,229,2706,1,5,4,2706,0,0,0,,0,002,"DEL MONTE AV","FIGUEROA ST",0.00,,Y,A,-,N,,,,,,,,,,N,4,0,1,2,A,-,03,22350,,N,C,C,A,A,H,-,A,A,0,,,Y,,Y,,A,08,0,0,1,0,0,0,0,0,1,"- ","- ",,,MONTEREY,MONTEREY,-121.8900399,36.600260069999997
6536904,2014,2014-08-21,2706,2014-06-16,1501,627,MPD,1,5,4,2706,0,0,0,,0,002,"FREMONT ST","IRIS CANYON RD",0.00,,Y,A,-,N,,,,,,,,,,Y,4,0,1,2,A,-,09,21801,A,N,D,C,A,A,H,-,A,D,0,,,,,Y,,A,01,0,0,1,0,0,0,0,0,0,"- ","- ",,,MONTEREY,MONTEREY,-121.8872099,36.594720109999997
6537041,2014,2014-08-20,9730,2014-06-13,1435,17502,,5,2,9,2700,0,2,4,,1,023,"CARMEL VALLEY RD","LAURELES GRADE",300.00,E,N,A,-,N,,,,,,,,,,Y,3,0,2,2,A,-,03,22350,,N,C,C,A,A,H,-,A,D,0,,,,,Y,,A,01,0,1,1,0,0,0,0,0,0,"- ","- ",,,MONTEREY,UNINCORPORATED,-121.75576907999999,36.500398850000003
6537045,2014,2014-08-20,9730,2014-06-13,1525,18179,,5,2,9,2700,0,2,4,,1,073,"HALL RD","LAS LOMAS DR",528.00,E,N,A,-,N,,,,,,,,,,Y,4,0,1,3,A,-,03,22350,,N,C,C,A,A,H,-,A,D,0,,,,,Y,,A,01,0,0,1,0,0,0,0,0,0,"- ","- ",,,MONTEREY,UNINCORPORATED,-121.73209858,36.864561430000002
6537049,2014,2014-08-20,9730,2014-06-13,0755,18179,,5,1,9,2700,0,2,4,,1,073,"SAN MIGUEL CANYON RD","HALL RD",150.00,S,N,A,-,N,,,,,,,,,,Y,4,0,1,3,A,-,03,22350,,N,C,C,A,A,H,-,A,A,0,,,,,Y,,A,01,0,0,1,0,0,0,0,0,0,"- ","- ",,,MONTEREY,UNINCORPORATED,-121.69505401000001,36.858924969999997
6537053,2014,2016-04-09,9730,2014-06-11,1720,20168,,3,2,9,2700,0,1,3,,1,012,"RT 1","COAST RD",17424.00,N,N,B,-,Y,MON,5,1,-,-,54.500,H,-,S,N,3,0,1,2,A,-,21,22106,,N,G,B,E,A,H,-,A,D,0,Y,,,,Y,,A,01,0,1,0,0,1,0,0,0,0,"- ","- ",36.30968,-121.88621000000001,MONTEREY,UNINCORPORATED,-121.89070110999999,36.314903800000003
6537057,2014,2014-08-20,9730,2014-06-02,1700,17785,,1,2,9,2700,0,3,5,,2,006,"DAVIS RD","AMBROSE DR",125.00,S,N,A,-,N,,,,,,,,,,N,4,0,1,2,A,-,03,22350,,N,C,C,A,A,H,-,A,D,0,,,,,Y,,A,01,0,0,1,0,0,0,0,0,0,"- ","- ",36.668979999999998,-121.68322000000001,MONTEREY,UNINCORPORATED,-121.68324655000001,36.668964469999999
6571274,2014,2016-05-02,9730,2014-07-13,0110,020576,,7,3,9,2700,0,1,3,,1,014,"RT 1","S HIGUERA CREEK BRIDGE",5280.00,N,N,B,-,Y,MON,5,1,-,-,49.000,H,-,N,Y,3,0,1,1,A,-,08,22107,,N,E,I,A,A,H,-,D,D,0,,,,,Y,,A,01,0,1,0,0,0,0,0,0,0,"- ","- ",,,MONTEREY,UNINCORPORATED,-121.81318392999999,36.27287887
6587761,2014,2014-09-03,2705,2014-06-04,1430,22747,03,3,5,3,2705,0,0,0,,0,001,"3RD ST","ELLIS ST",14.00,N,N,A,-,N,,,,,,,,,,N,4,0,2,2,A,-,03,22350,,N,C,C,A,A,H,-,A,A,0,,,,,Y,,A,01,0,0,2,0,0,0,0,0,0,"- ","- ",,,MONTEREY,"KING CITY",-121.12775617,36.214662079999997
6588503,2014,2014-08-21,2705,2014-04-30,2058,22892,01,3,5,3,2705,0,0,0,,0,003,"BROADWAY ST","MILDRED AV",15.00,E,N,A,-,N,,,,,,,,,,N,4,0,1,2,A,-,04,21703,,N,C,C,A,A,H,-,-,A,0,,,,,Y,,A,01,0,0,1,0,0,0,0,0,0,"- ","- ",,,MONTEREY,"KING CITY",-121.13194231,36.209677659999997
6588588,2014,2014-08-27,9730,2014-07-31,1555,015160,,4,2,9,2700,0,3,5,,2,007,"CASTROVILLE BL","MANZANITA CIR",268.00,W,N,A,-,N,,,,,,,,,,Y,2,0,3,3,A,-,03,22350,,N,C,C,A,A,D,-,A,D,0,,,,,Y,,D,22,1,1,1,0,0,0,0,0,0,"- ","- ",,,MONTEREY,UNINCORPORATED,-121.68018239,36.803585390000002
6588592,2014,2016-05-09,9730,2014-08-02,1500,13024,,6,2,9,2700,0,1,2,,1,050,"RT 101","AIRPORT BL",6336.00,S,N,A,-,Y,MON,5,101,-,-,85.310,H,-,N,Y,3,0,1,2,A,-,01,23152,A,N,D,C,A,A,H,-,A,D,5,,,,Y,Y,Y,A,07,0,1,0,0,0,0,0,0,0,"- ","- ",,,MONTEREY,UNINCORPORATED,-121.62026494,36.656517659999999
6588612,2014,2014-09-10,9730,2014-08-04,0645,018179,,1,1,9,2700,0,2,4,,1,073,"SAN MIGUEL CANYON RD","CASTROVILLE BL",0.00,,Y,B,-,N,,,,,,,,,,Y,4,0,1,2,A,-,08,22107,,F,D,C,A,A,H,-,A,D,0,,,,,Y,,A,01,0,0,1,0,0,0,0,0,0,"- ","- ",,,MONTEREY,UNINCORPORATED,-121.67190992,36.808400069999998
6588624,2014,2014-08-27,9730,2014-07-30,1738,018820,,3,2,9,2700,0,3,5,,2,006,"ESPINOSA RD","CHRISTENSEN RD",2112.00,W,N,A,-,N,,,,,,,,,,N,4,0,1,2,A,-,08,22107,,N,D,D,A,A,H,-,A,D,0,,,,,Y,,D,22,0,0,1,0,0,0,0,0,0,"- ","- ",,,MONTEREY,UNINCORPORATED,-121.66509141,36.736942550000002
6588636,2014,2016-05-09,9730,2014-07-29,1400,13024,,2,2,9,2700,0,1,2,,1,030,"RT 101","MAIN ST",2640.00,S,N,A,G,Y,MON,5,101,-,-,76.470,H,-,S,Y,3,0,1,1,A,-,08,22107,,N,F,A,A,A,H,-,A,D,1,,,,,Y,,D,22,0,1,0,0,0,0,0,0,0,"- ","- ",,,MONTEREY,UNINCORPORATED,-121.51244989,36.56344636
6588657,2014,2014-09-10,9730,2014-08-06,1645,018820,,3,2,9,2700,0,2,4,,1,073,"SAN MIGUEL CANYON RD","NORTHWOOD PL",230.00,S,N,B,-,N,,,,,,,,,,N,4,0,2,2,A,-,03,22350,,N,C,C,A,A,H,-,A,D,0,,,,,Y,,D,22,0,0,2,0,0,0,0,0,0,"- ","- ",36.81183,-121.67350999999999,MONTEREY,UNINCORPORATED,-121.67365597,36.812049180000002
6588673,2014,2016-05-03,9730,2014-07-28,1230,14584,,1,1,9,2700,0,1,3,,1,072,"RT 156","PRUNEDALE NORTH RD",0.00,E,N,A,-,Y,MON,5,156,-,T,5.150,H,-,W,Y,4,0,1,5,A,-,03,22350,,N,C,C,A,A,H,-,A,A,0,,,,,Y,,A,01,0,0,1,0,0,0,0,0,0,"- ","- ",,,MONTEREY,UNINCORPORATED,-121.66879652,36.789161919999998
6588721,2014,2016-05-03,9730,2014-08-06,1750,017785,,3,2,9,2700,0,1,3,,1,066,"RT 183","ESPINOSA RD",0.00,,Y,A,-,Y,MON,5,183,-,R,7.651,I,5,N,Y,3,0,4,2,A,-,09,21802,A,N,D,C,A,A,H,-,A,A,0,,,,,Y,,A,01,0,1,3,0,0,0,0,0,0,"- ","- ",36.745849999999997,-121.74051,MONTEREY,UNINCORPORATED,-121.74027044,36.74497538
6537061,2014,2016-04-07,9730,2014-06-03,0755,18171,,2,1,4,2706,0,1,3,,2,062,"RT 1","CASA VERDE WY",200.00,N,N,A,-,Y,MON,5,1,-,R,78.520,H,-,S,N,4,0,2,2,A,-,03,22350,,N,C,C,A,A,H,-,A,D,1,,,,,Y,,A,01,0,0,2,0,0,0,0,0,0,"- ","- ",,,MONTEREY,MONTEREY,-121.86408202,36.599654149999999
6537065,2014,2016-04-07,9730,2014-06-03,1710,20168,,2,2,4,2706,0,1,3,,2,062,"RT 1","CASA VERDE WY",528.00,S,N,A,-,Y,MON,5,1,-,R,78.360,H,-,N,N,4,0,1,1,A,-,08,22107,,N,F,A,A,A,H,-,A,D,1,,,Y,,Y,,C,02,0,0,1,0,0,0,0,0,1,"- ","- ",36.59695,-121.86619,MONTEREY,MONTEREY,-121.86553698,36.59759064
6537069,2014,2014-08-20,9730,2014-06-02,2126,17020,,1,2,9,2700,0,3,5,,2,003,"FOLETTA RD","CHUALAR RIVER RD",4224.00,S,N,A,-,N,,,,,,,,,,Y,2,0,1,1,A,-,08,22107,,F,E,I,A,A,H,-,D,D,0,,,,,Y,,A,01,1,0,0,0,0,0,0,0,0,"- ","- ",36.55442,-121.50394,MONTEREY,UNINCORPORATED,-121.50676171000001,36.557234520000002
6537073,2014,2014-08-20,9730,2014-06-04,1200,15638,,3,1,9,2700,0,3,5,,2,006,"NASHUA RD","COOPER RD",8448.00,W,N,B,-,N,,,,,,,,,,Y,4,0,1,2,A,-,06,21750,,N,B,C,A,A,H,-,A,D,0,,,,,Y,,A,08,0,0,1,0,0,0,0,0,0,"- ","- ",36.723770000000002,-121.74630000000001,MONTEREY,UNINCORPORATED,-121.74479995999999,36.722543450000003
6537077,2014,2014-08-20,9730,2014-06-05,1749,19512,,4,2,9,2700,0,2,4,,1,073,"SAN MIGUEL CANYON RD","ECHO VALLEY RD",0.00,,Y,B,-,N,,,,,,,,,,Y,3,0,1,2,A,-,09,21802,A,N,D,C,A,A,H,-,A,A,0,,,,,Y,,A,01,0,1,0,0,0,0,0,0,0,"- ","- ",36.821849999999998,-121.6737,MONTEREY,UNINCORPORATED,-121.67346996000001,36.821660080000001
6537081,2014,2014-08-20,9730,2014-06-01,0140,19239,,7,3,9,2700,0,3,5,,2,007,"MAHER RD","ROYAL OAK PARK RD",70.00,S,N,A,-,N,,,,,,,,,,Y,2,0,1,1,A,-,01,23152,F,N,E,I,A,A,H,-,D,D,0,,,,,Y,Y,A,01,1,0,0,0,0,0,0,0,0,"- ","- ",,,MONTEREY,UNINCORPORATED,-121.67225498000001,36.838408880000003
6537085,2014,2014-08-20,9730,2014-06-01,0409,20600,,7,3,9,2700,0,3,5,,2,006,"DAVIS RD","AMBROSE DR",1056.00,N,N,B,-,N,,,,,,,,,,Y,3,0,1,1,A,-,01,23152,A,N,E,I,A,A,H,-,C,D,0,,,,,Y,Y,A,07,0,1,0,0,0,0,0,0,0,"- ","- ",,,MONTEREY,UNINCORPORATED,-121.68096989,36.671640680000003
6537109,2014,2014-08-20,9730,2014-06-09,0920,19837,,1,1,9,2700,0,3,5,,2,006,"DAVIS RD","HITCHCOCK RD",528.00,W,N,A,-,N,,,,,,,,,,Y,4,0,2,3,A,-,03,22350,,N,C,C,A,A,H,-,A,D,0,,,,,Y,,A,01,0,0,2,0,0,0,0,0,0,"- ","- ",36.655290000000001,-121.69493,MONTEREY,UNINCORPORATED,-121.69298981999999,36.65749873
6537192,2014,2016-04-07,9730,2014-06-11,1015,12513,,3,1,6,2708,0,1,2,,1,050,"RT 101","MARKET ST",1584.00,N,N,B,-,Y,MON,5,101,-,-,87.620,H,-,N,Y,4,0,1,2,A,-,07,21658,A,N,B,C,A,A,H,-,A,D,1,,,,,Y,,A,01,0,0,1,0,0,0,0,0,0,"- ","- ",36.679659999999998,-121.64127999999999,MONTEREY,SALINAS,-121.6432081,36.681874219999997
6537196,2014,2014-08-25,9730,2014-06-10,1455,015160,,2,2,9,2700,0,3,5,,2,007,"AROMAS RD","SAN JUAN RD",5.00,N,N,A,-,N,,,,,,,,,,N,4,0,1,2,A,-,21,22106,,N,C,C,A,A,H,-,A,A,0,,,,,Y,,A,01,0,0,1,0,0,0,0,0,0,"- ","- ",,,MONTEREY,UNINCORPORATED,-121.66189,36.882570000000001
6537200,2014,2014-08-25,9730,2014-06-09,1450,019635,,1,2,9,2700,0,3,5,,2,005,"SAN JUAN GRADE RD","CRAZY HORSE CANYON RD",10560.00,N,N,A,-,N,,,,,,,,,,Y,2,0,1,1,A,-,01,23152,A,N,E,I,A,A,H,-,A,D,0,,,,,Y,Y,A,01,1,0,0,0,0,0,0,0,0,"- ","- ",36.798479999999998,-121.58174,MONTEREY,UNINCORPORATED,-121.58220648,36.794794070000002
6588725,2014,2016-05-09,9730,2014-08-05,1720,017785,,2,2,9,2700,0,1,3,,1,068,"RT 68","PASADERA DR",3696.00,W,N,A,-,Y,MON,5,68,-,-,9.280,H,-,W,N,4,0,1,2,A,-,03,22350,,N,C,C,A,A,H,-,A,D,0,,,,,Y,,A,08,0,0,1,0,0,0,0,0,0,"- ","- ",36.569569999999999,-121.78662,MONTEREY,UNINCORPORATED,-121.78892235000001,36.570148320000001
6588766,2014,2014-09-11,9730,2014-08-04,1730,019635,,1,2,9,2700,0,3,5,,2,007,"TRAFTON RD","SALINAS RD",4752.00,W,N,A,-,N,,,,,,,,,,N,3,0,2,1,A,-,08,22107,,N,E,I,A,A,H,-,A,D,0,,,,,Y,,A,01,0,1,1,0,0,0,0,0,0,"- ","- ",36.882510000000003,-121.76403999999999,MONTEREY,UNINCORPORATED,-121.76257397000001,36.882775350000003
6588801,2014,2016-05-02,9730,2014-07-28,1310,019837,,1,1,9,2700,0,1,3,,1,074,"RT 1","JENSEN RD",40.00,S,N,A,-,Y,MON,5,1,-,-,99.910,H,-,S,N,4,0,1,2,A,-,03,22350,,N,C,C,A,A,H,-,A,D,0,,,,,Y,,A,01,0,0,1,0,0,0,0,0,0,"- ","- ",,,MONTEREY,UNINCORPORATED,-121.77111873,36.853679870000001
6588857,2014,2016-05-09,9730,2014-07-31,1725,020057,,4,2,9,2700,0,1,2,,1,030,"RT 101","5TH ST",450.00,,N,A,-,Y,MON,5,101,-,-,70.940,H,-,S,Y,4,0,1,1,C,-,18,,,N,E,J,A,A,B,-,A,D,1,,,,,Y,,-,"- ",0,0,1,0,0,0,0,0,0,"- ","- ",36.514519999999997,-121.43841,MONTEREY,UNINCORPORATED,-121.43839034,36.514430040000001
6588861,2014,2014-09-02,9730,2014-07-31,1535,14584,,4,2,9,2700,0,2,4,,2,063,"BLANCO RD","DAVIS RD",3168.00,W,N,A,-,N,,,,,,,,,,Y,3,0,1,1,A,-,03,22350,,N,F,A,A,A,H,-,A,D,0,,,Y,,Y,,C,02,0,1,0,0,0,0,0,0,1,"- ","- ",,,MONTEREY,UNINCORPORATED,-121.69400944,36.671726990000003
6588865,2014,2014-09-02,9730,2014-07-21,0210,020391,,1,3,9,2700,0,3,5,,2,006,"DAVIS RD","LEMOS AV",650.00,N,N,A,-,N,,,,,,,,,,Y,3,0,1,2,A,-,03,22350,,N,C,C,A,A,H,-,C,D,0,,,,,Y,,A,01,0,1,0,0,0,0,0,0,0,"- ","- ",36.675199999999997,-121.67788,MONTEREY,UNINCORPORATED,-121.67736875,36.675828539999998
6590102,2014,2014-09-05,9735,2014-07-24,1910,019330,,4,2,9,2700,0,3,5,,2,001,"PINE AV","13TH ST",0.00,,Y,-,-,N,,,,,,,,,,Y,4,0,1,2,A,-,09,21802,A,N,D,C,A,A,H,-,A,D,0,,,,Y,Y,,A,01,0,0,1,0,0,0,0,0,0,"- ","- ",36.324829999999999,-121.26791,MONTEREY,UNINCORPORATED,-121.91594994,36.618040069999999
6591230,2014,2014-08-19,2708,2014-07-02,0516,93614,,3,5,6,2708,0,0,0,,0,011,"RIDER AV","DEL MONTE AV",0.00,,Y,A,-,N,,,,,,,,,,N,3,0,2,2,A,-,03,22350,,F,C,C,A,A,H,-,C,D,0,,,,,Y,,A,01,0,1,1,0,0,0,0,0,0,"- ","- ",,,MONTEREY,SALINAS,-121.61349998999999,36.691750059999997
6591231,2014,2014-08-19,2708,2014-07-02,1805,54370,,3,5,6,2708,0,0,0,,0,012,"EAST LAUREL DR","1ST AV",0.00,,Y,A,-,N,,,,,,,,,,N,4,0,3,2,A,-,09,21802,,N,D,C,A,A,H,-,A,D,0,,,,,Y,,-,,0,0,3,0,0,0,0,0,0,"- ","- ",,,MONTEREY,SALINAS,-121.61554993,36.676760020000003
6591232,2014,2014-08-19,2708,2014-07-03,2129,97158,,4,5,6,2708,0,0,0,,0,011,"WILLIAMS RD","WIREN ST",0.00,,Y,A,-,N,,,,,,,,,,N,4,0,1,2,A,-,11,21954,A,N,G,B,D,A,H,-,C,D,0,Y,,,,Y,,N,60,0,0,1,0,1,0,0,0,0,"- ","- ",,,MONTEREY,SALINAS,-121.60512995000001,36.68074008
6591233,2014,2014-08-18,2708,2014-07-04,2000,31977,,5,5,6,2708,0,0,0,,0,002,"W ALVIN DR","CHEROKEE DR",100.00,W,N,A,-,N,,,,,,,,,,Y,3,0,1,1,A,-,08,22107,,N,E,J,A,A,H,-,B,D,0,,,,,Y,,-,,0,1,0,0,0,0,0,0,0,"- ","- ",,,MONTEREY,SALINAS,-121.66019,36.707639999999998
6591234,2014,2014-08-18,2708,2014-07-06,0609,49532,SALIN,7,5,6,2708,0,0,0,,0,004,"EAST LAUREL DR","NATIVIDAD RD",400.00,E,N,B,-,N,,,,,,,,,,Y,3,0,2,1,A,-,01,23152,A,N,E,I,A,A,H,-,A,A,0,,,,,Y,Y,-,,0,2,0,0,0,0,0,0,0,"- ","- ",,,MONTEREY,SALINAS,-121.63698595,36.696006300000001
6591235,2014,2014-08-19,2708,2014-07-06,1409,15963,,7,5,6,2708,0,0,0,,0,011,GARNER,"SIEBER ST",45.00,W,N,A,-,N,,,,,,,,,,Y,3,0,5,3,A,-,01,23152,A,F,A,C,A,A,H,-,A,A,0,,,,,Y,Y,-,,0,4,1,0,0,0,0,0,0,"- ","- ",,,MONTEREY,SALINAS,-121.61564876,36.686840859999997
6591236,2014,2015-10-01,2708,2014-07-06,1944,08067,,7,5,6,2708,0,0,0,,0,010,"E ALISAL ST","N HEBBRON AV",136.00,W,N,A,-,N,,,,,,,,,,Y,2,0,2,2,A,-,08,22107,,N,C,C,A,A,H,-,A,A,0,,,,,Y,Y,-,,1,0,1,0,0,0,0,0,0,"- ","- ",,,MONTEREY,SALINAS,-121.63271073,36.67342309