CASE_ID,ACCIDENT_YEAR,PROC_DATE,JURIS,COLLISION_DATE,COLLISION_TIME,OFFICER_ID,REPORTING_DISTRICT,DAY_OF_WEEK,CHP_SHIFT,POPULATION,CNTY_CITY_LOC,SPECIAL_COND,BEAT_TYPE,CHP_BEAT_TYPE,CITY_DIVISION_LAPD,CHP_BEAT_CLASS,BEAT_NUMBER,PRIMARY_RD,SECONDARY_RD,DISTANCE,DIRECTION,INTERSECTION,WEATHER_1,WEATHER_2,STATE_HWY_IND,CALTRANS_COUNTY,CALTRANS_DISTRICT,STATE_ROUTE,ROUTE_SUFFIX,POSTMILE_PREFIX,POSTMILE,LOCATION_TYPE,RAMP_INTERSECTION,SIDE_OF_HWY,TOW_AWAY,COLLISION_SEVERITY,NUMBER_KILLED,NUMBER_INJURED,PARTY_COUNT,PRIMARY_COLL_FACTOR,PCF_CODE_OF_VIOL,PCF_VIOL_CATEGORY,PCF_VIOLATION,PCF_VIOL_SUBSECTION,HIT_AND_RUN,TYPE_OF_COLLISION,MVIW,PED_ACTION,ROAD_SURFACE,ROAD_COND_1,ROAD_COND_2,LIGHTING,CONTROL_DEVICE,CHP_ROAD_TYPE,PEDESTRIAN_ACCIDENT,BICYCLE_ACCIDENT,MOTORCYCLE_ACCIDENT,TRUCK_ACCIDENT,NOT_PRIVATE_PROPERTY,ALCOHOL_INVOLVED,STWD_VEHTYPE_AT_FAULT,CHP_VEHTYPE_AT_FAULT,COUNT_SEVERE_INJ,COUNT_VISIBLE_INJ,COUNT_COMPLAINT_PAIN,COUNT_PED_KILLED,COUNT_PED_INJURED,COUNT_BICYCLIST_KILLED,COUNT_BICYCLIST_INJURED,COUNT_MC_KILLED,COUNT_MC_INJURED,PRIMARY_RAMP,SECONDARY_RAMP,LATITUDE,LONGITUDE,COUNTY,CITY,POINT_X,POINT_Y
6591237,2014,2014-08-19,2708,2014-07-08,1232,66372,,2,5,6,2708,0,0,0,,0,,PAQJARO,CHESTNUT,0.00,,Y,A,-,N,,,,,,,,,,Y,4,0,1,2,A,-,09,21802,A,N,D,C,A,A,H,-,A,A,0,,,,,Y,,-,,0,0,1,0,0,0,0,0,0,"- ","- ",,,MONTEREY,SALINAS,,
6591238,2014,2014-09-22,2708,2014-07-27,1743,76956,,7,5,6,2708,0,0,0,,0,006,"ROSSI ST","DAVIS DR",0.00,,Y,A,-,N,,,,,,,,,,Y,4,0,2,2,A,-,12,21453,A,N,D,C,A,A,H,-,A,A,0,,,,,Y,,-,"- ",0,0,2,0,0,0,0,0,0,"- ","- ",,,MONTEREY,SALINAS,-121.67192991,36.68842008
6591239,2014,2015-12-03,2708,2014-07-29,1348,52823,,2,5,6,2708,0,0,0,,0,,"S WOOD","SAN BENITO ST",0.00,,Y,A,-,N,,,,,,,,,,N,4,0,2,2,A,-,09,21801,A,N,A,C,A,A,H,-,A,D,0,,,,,Y,,-,,0,0,2,0,0,0,0,0,0,"- ","- ",,,MONTEREY,SALINAS,-121.63554994,36.672860059999998
6591240,2014,2014-08-19,2708,2014-07-31,1640,31110,,4,5,6,2708,0,0,0,,0,,"EAST MARKET ST","NORTH MADEIRA AV",0.00,,Y,A,-,N,,,,,,,,,,Y,3,0,1,2,A,-,09,21801,A,N,A,C,A,A,-,-,A,A,0,,,,,Y,,-,,0,1,0,0,0,0,0,0,0,"- ","- ",,,MONTEREY,SALINAS,-121.63797984999999,36.677180069999999
6592161,2014,2015-10-01,2708,2014-07-18,0018,07903,EAST,5,5,6,2708,0,0,0,,0,011,"LAS CASITAS DR","RANCHERO DR",200.00,E,N,A,-,N,,,,,,,,,,Y,3,0,1,2,A,-,08,22107,,F,A,I,A,A,H,-,C,D,0,,,,,Y,,-,,0,1,0,0,0,0,0,0,0,"- ","- ",,,MONTEREY,SALINAS,-121.61373895,36.695665900000002
6592165,2014,2014-08-29,2708,2014-07-16,2134,25182,,3,5,6,2708,0,0,0,,0,008,"NORTH MAIN ST","WEST MARKET ST",0.00,,Y,A,-,N,,,,,,,,,,N,3,0,1,2,A,-,09,21803,A,N,G,G,A,A,H,-,A,A,0,,Y,,,Y,,-,,0,1,0,0,0,0,1,0,0,"- ","- ",,,MONTEREY,SALINAS,-121.65593990000001,36.677610010000002
6592169,2014,2014-09-19,2708,2014-07-22,1659,30350,,2,5,6,2708,0,0,0,,0,012,"CROSS AV","MIAMI ST",0.00,,Y,A,-,N,,,,,,,,,,Y,3,0,3,4,A,-,09,21801,A,F,D,C,A,A,H,-,A,D,0,,,,,Y,Y,-,,0,1,2,0,0,0,0,0,0,"- ","- ",,,MONTEREY,SALINAS,-121.60916991000001,36.67695011
6592173,2014,2014-09-19,2708,2014-07-21,1849,15945,,1,5,6,2708,0,0,0,,0,,"EAST MARKET ST","PEACH ST",0.00,,Y,A,-,N,,,,,,,,,,Y,4,0,1,2,A,-,12,22450,A,F,D,C,A,A,H,-,A,A,0,,,,,Y,,-,,0,0,1,0,0,0,0,0,0,"- ","- ",,,MONTEREY,SALINAS,-121.64756987,36.678700110000001
6592181,2014,2014-08-29,2708,2014-07-22,2100,55086,,2,5,6,2708,0,0,0,,0,010,"EAST MARKET","NORTH HEBBRON",0.00,,Y,A,-,N,,,,,,,,,,N,4,0,1,2,A,-,10,21950,A,N,G,B,B,A,H,-,C,A,0,Y,,,,Y,,-,,0,0,1,0,1,0,0,0,0,"- ","- ",,,MONTEREY,SALINAS,-121.63171997000001,36.676550030000001
6592185,2014,2014-08-29,2708,2014-07-25,2145,30350,,5,5,6,2708,0,0,0,,0,,"NORTH SAN BORN RD","GARNER AV",200.00,N,N,A,-,N,,,,,,,,,,Y,4,0,2,4,A,-,03,22350,,F,C,C,A,A,H,-,A,D,0,,,,,Y,,-,,0,0,2,0,0,0,0,0,0,"- ","- ",,,MONTEREY,SALINAS,-121.61457984,36.686523620000003
6592189,2014,2014-08-29,2708,2014-07-21,1729,76997,,1,5,6,2708,0,0,0,,0,010,"SHASTA WY","JOHN ST",0.00,,Y,A,-,N,,,,,,,,,,Y,4,0,1,2,A,-,03,22350,,F,C,C,A,A,H,-,A,A,0,,,,,Y,,-,,0,0,1,0,0,0,0,0,0,"- ","- ",,,MONTEREY,SALINAS,-121.6291999,36.669440049999999
6592193,2014,2014-08-29,2708,2014-07-08,1645,54370,,2,5,6,2708,0,0,0,,0,006,"NORTH MAIN ST","CASENTINI ST",500.00,N,N,A,-,N,,,,,,,,,,N,3,0,1,2,A,-,09,21802,A,N,D,C,A,A,H,-,A,D,0,,,,,Y,,-,,0,1,0,0,0,0,0,0,0,"- ","- ",,,MONTEREY,SALINAS,-121.65283361,36.685654049999997
6592197,2014,2014-08-29,2708,2014-07-31,1534,27345,,4,5,6,2708,0,0,0,,0,,"NAPA WY","VENTURA WY",50.00,W,N,A,-,N,,,,,,,,,,N,4,0,1,2,A,-,09,21804,A,N,D,G,A,A,H,-,A,D,0,,Y,,,Y,,L,04,0,0,1,0,0,0,1,0,0,"- ","- ",,,MONTEREY,SALINAS,-121.63615231999999,36.707452269999997
6592201,2014,2014-08-29,2708,2014-07-11,1932,76998,,5,5,6,2708,0,0,0,,0,012,"WILLIAMS RD","GRANDHAVEN ST",80.00,S,N,A,-,N,,,,,,,,,,Y,4,0,1,2,A,-,09,21801,A,M,-,C,A,A,H,-,A,A,0,,,,,Y,Y,-,,0,0,1,0,0,0,0,0,0,"- ","- ",,,MONTEREY,SALINAS,-121.61219342,36.676703840000002
6592205,2014,2014-08-29,2708,2014-07-11,1750,31977,,5,5,6,2708,0,0,0,,0,006,"NORTH MAIN ST",CASENTINI,300.00,N,N,A,-,N,,,,,,,,,,Y,3,0,1,2,A,-,04,21703,,N,C,C,A,A,H,-,A,A,0,,,,,Y,,-,,0,1,0,0,0,0,0,0,0,"- ","- ",,,MONTEREY,SALINAS,-121.65277956,36.68510766
6592209,2014,2014-08-29,2708,2014-07-24,2045,97158,,4,5,6,2708,0,0,0,,0,012,"GRANDHAVEN ST","1ST AV",0.00,,Y,A,-,N,,,,,,,,,,Y,4,0,2,2,A,-,09,21800,A,N,D,C,A,A,H,-,C,D,0,,,,,Y,,-,,0,0,2,0,0,0,0,0,0,"- ","- ",,,MONTEREY,SALINAS,-121.61311986,36.678159999999998
6592213,2014,2014-08-29,2708,2014-07-12,2143,97158,,6,5,6,2708,0,0,0,,0,012,"MCGOWAN DR","MCGOWAN CIR",0.00,,Y,B,-,N,,,,,,,,,,N,2,0,1,2,A,-,09,21804,A,F,D,G,A,A,H,-,C,D,0,,Y,,,Y,Y,L,04,1,0,0,0,0,0,1,0,0,"- ","- ",,,MONTEREY,SALINAS,-121.62601986,36.670540080000002
6592215,2014,2014-09-08,2707,2014-07-31,1430,1983,2701,4,5,3,2707,0,0,0,,0,001,"SINEX AV","19TH ST",0.00,,Y,A,-,N,,,,,,,,,,N,4,0,1,2,A,-,11,21954,A,N,G,B,C,A,H,-,A,D,0,Y,,,,Y,,N,60,0,0,1,0,1,0,0,0,0,"- ","- ",,,MONTEREY,"PACIFIC GROVE",-121.92269998,36.615730030000002
6592217,2014,2014-08-29,2708,2014-07-26,1130,19253,SALIN,6,5,6,2708,0,0,0,,0,008,"EAST ALISAL ST","FRONT ST",0.00,,Y,A,-,N,,,,,,,,,,N,3,0,1,2,A,-,08,22100,A,N,D,G,A,A,H,-,A,A,0,,Y,,,Y,,-,,0,1,0,0,0,0,1,0,0,"- ","- ",,,MONTEREY,SALINAS,-121.64915999,36.674640099999998
6592219,2014,2014-09-02,2707,2014-07-23,1550,2091,2707,3,5,3,2707,0,0,0,,0,002,"OCEAN VIEW BL","17TH ST",12.00,E,N,A,-,N,,,,,,,,,,N,2,0,2,3,A,-,11,21950,B,N,G,B,D,A,H,-,A,D,0,Y,,,,Y,,N,60,1,1,0,0,2,0,0,0,0,"- ","- ",,,MONTEREY,"PACIFIC GROVE",-121.91751916,36.624498199999998
6592221,2014,2014-08-29,2708,2014-07-14,1221,53260,,1,5,6,2708,0,0,0,,0,012,"WILLIAMS RD","EAST MARKET ST",547.00,S,N,A,-,N,,,,,,,,,,Y,2,0,1,2,A,-,05,21651,B,N,A,C,A,A,H,-,A,D,0,,,,,Y,,-,,1,0,0,0,0,0,0,0,0,"- ","- ",,,MONTEREY,SALINAS,-121.61657863000001,36.674207189999997
6592225,2014,2015-12-03,2708,2014-07-17,2134,18925,,4,5,6,2708,0,0,0,,0,005,"IRIS DR","LUPIN DR",0.00,,Y,A,-,N,,,,,,,,,,N,4,0,1,2,A,-,"- ",,,N,D,G,A,A,H,-,C,D,0,,Y,,,Y,,L,04,0,0,1,0,0,0,1,0,0,"- ","- ",,,MONTEREY,SALINAS,-121.65373999000001,36.693240009999997
6580429,2014,2014-08-26,2708,2014-07-17,0910,,,4,5,6,2708,0,0,0,,0,,"DAVIS RD","LAUREL DR",30.00,S,N,A,-,N,,,,,,,,,,N,4,0,1,2,A,-,03,22350,,N,C,C,A,A,H,-,A,A,0,,,,,Y,,A,01,0,0,1,0,0,0,0,0,0,"- ","- ",,,MONTEREY,SALINAS,-121.66817207,36.697860759999998
6580840,2014,2014-09-03,2704,2014-07-09,1751,0413,2704,3,5,3,2704,0,0,0,,0,004,"6TH ST","ELM AV",142.00,N,N,A,-,N,,,,,,,,,,Y,4,0,1,2,A,-,"- ",,,F,F,E,A,-,A,H,A,D,0,,,,,Y,Y,A,01,0,0,1,0,0,0,0,0,0,"- ","- ",,,MONTEREY,GREENFIELD,-121.2379182,36.319908560000002
6580841,2014,2014-08-07,2706,2014-06-30,1456,627,2706,1,5,4,2706,0,0,0,,0,002,"DEL MONTE AV","AGUAJITO RD",0.00,,Y,A,-,N,,,,,,,,,,Y,4,0,2,2,A,-,09,21801,A,N,D,C,A,A,H,-,A,A,0,,,,,Y,,A,07,0,0,2,0,0,0,0,0,0,"- ","- ",,,MONTEREY,MONTEREY,,
6581211,2014,2016-05-04,9735,2014-07-05,1125,019894,,6,1,9,2700,0,1,3,,2,052,"RT 25","COALINGA RD",10560.00,N,N,A,-,Y,SBT,5,25,-,-,11.370,H,-,N,Y,2,0,2,2,A,-,05,21650,,N,B,C,A,A,H,-,A,D,0,,,Y,,Y,,C,02,2,0,0,0,0,0,0,0,2,"- ","- ",36.427959999999999,-121.02157,MONTEREY,UNINCORPORATED,-121.01809735000001,36.426216590000003
6581213,2014,2014-08-28,2703,2014-07-22,0630,0337,2703,2,5,2,2703,0,0,0,,0,,"ALTA ST","4TH ST",3.00,S,N,A,-,N,,,,,,,,,,Y,4,0,1,2,A,-,00,20001,A,F,C,C,A,A,H,-,B,D,0,,,,,Y,,A,01,0,0,1,0,0,0,0,0,0,"- ","- ",,,MONTEREY,GONZALES,-121.44488278,36.50659418
6581223,2014,2016-05-09,9735,2014-07-28,0631,015466,,1,1,9,2700,0,1,2,,2,044,"RT 101","ALVARADO RD",8976.00,S,N,B,-,Y,MON,5,101,-,-,13.770,H,-,S,Y,4,0,1,1,A,-,08,22107,,N,E,I,A,A,H,-,B,D,1,,,,,Y,,A,01,0,0,1,0,0,0,0,0,0,"- ","- ",35.92286,-120.86588,MONTEREY,UNINCORPORATED,-120.84228342,35.900614539999999
6581997,2014,2016-05-02,9730,2014-08-20,0535,18171,,3,3,9,2700,0,1,3,,1,074,"RT 1","STRUVE RD",405.00,N,N,B,-,Y,MON,5,1,-,-,97.680,H,-,N,Y,3,0,2,2,A,-,05,21460,A,N,F,A,A,A,H,-,D,D,0,,,,Y,Y,,D,22,0,1,1,0,0,0,0,0,0,"- ","- ",36.832059999999998,-121.77093000000001,MONTEREY,UNINCORPORATED,-121.77879852,36.823881849999999
6582026,2014,2016-05-09,9735,2014-08-11,1045,016696,,1,1,9,2700,0,1,2,,1,040,"RT 101","LOS COCHES RD",0.00,,Y,-,-,Y,MON,5,101,-,-,57.090,H,-,S,Y,3,0,1,2,A,-,09,21804,A,N,D,C,A,-,-,-,-,D,4,,,,,Y,,D,22,0,1,0,0,0,0,0,0,0,"- ","- ",36.365900000000003,-121.28064999999999,MONTEREY,UNINCORPORATED,-121.28031101000001,36.365835449999999
6582034,2014,2014-09-17,9735,2014-08-28,0150,019263,,4,3,9,2700,0,3,5,,2,004,"INDIAN VALLEY RD","HARE CANYON RD",15312.00,E,N,-,-,N,,,,,,,,,,Y,3,0,1,1,A,-,08,22107,,N,E,I,A,-,-,-,-,D,0,,,,,Y,,D,22,0,1,0,0,0,0,0,0,0,"- ","- ",35.942430000000002,-120.69995,MONTEREY,UNINCORPORATED,-120.66942985,35.942462540000001
6582043,2014,2016-05-09,9730,2014-08-18,1729,019770,,1,2,9,2700,0,3,5,,2,005,"HUNTER LN","RT 68",5.00,E,N,B,-,Y,MON,5,68,-,-,19.389,I,6,E,N,4,0,1,2,A,-,21,22106,,N,C,C,A,A,H,-,A,A,0,,,,,Y,,D,22,0,0,1,0,0,0,0,0,0,"- ","- ",36.647489999999998,-121.66271999999999,MONTEREY,UNINCORPORATED,-121.66303249000001,36.647339680000002
6582051,2014,2014-09-19,9730,2014-08-15,1657,020576,,5,2,9,2700,0,3,5,,2,004,"OLD STAGE RD","SPENCE RD",1056.00,S,N,A,-,N,,,,,,,,,,Y,3,0,3,3,A,-,08,22107,,F,D,C,A,A,H,-,A,D,0,,,,Y,Y,,F,21,0,3,0,0,0,0,0,0,0,"- ","- ",36.628740000000001,-121.53677999999999,MONTEREY,UNINCORPORATED,-121.53658453,36.628731930000001
6537211,2014,2014-10-10,2706,2014-05-09,1458,119,MPD,5,5,4,2706,0,0,0,,0,002,"DON DAHVEE LN","IRIS CANYON RD",59.00,W,N,A,-,N,,,,,,,,,,Y,1,1,0,1,A,-,08,22107,,N,E,I,A,A,H,-,A,D,0,,,,,Y,,A,01,0,0,0,0,0,0,0,0,0,"- ","- ",,,MONTEREY,MONTEREY,-121.8919878,36.585692219999999
6537806,2014,2014-07-24,2710,2014-05-07,1439,32771,,3,5,4,2710,0,0,0,,0,001,"FREMONT BL","ELM AV",0.00,,Y,A,-,N,,,,,,,,,,N,4,0,1,2,A,-,11,21950,B,N,G,B,-,A,H,-,A,D,0,Y,,,,Y,,N,60,0,0,1,0,1,0,0,0,0,"- ","- ",,,MONTEREY,SEASIDE,-121.84641990999999,36.607680049999999
6537810,2014,2014-07-28,2710,2014-05-28,1258,34127,,3,5,4,2710,0,0,0,,0,002,"BROADWAY AV","SAN LUCAS",0.00,,Y,A,-,N,,,,,,,,,,Y,3,0,2,2,-,-,"- ",,,N,B,C,A,A,H,-,A,D,0,,,,,Y,,-,"- ",0,1,1,0,0,0,0,0,0,"- ","- ",,,MONTEREY,SEASIDE,-121.84024995,36.609080069999997
6537814,2014,2014-07-24,2710,2014-05-30,0802,38390,SEASI,5,5,4,2710,0,0,0,,0,,"FREMONT BL","MONTEREY RD",0.00,,Y,B,-,N,,,,,,,,,,Y,4,0,1,2,A,-,12,21453,A,N,D,C,A,A,H,-,A,A,0,,,,,Y,,-,,0,0,1,0,0,0,0,0,0,"- ","- ",,,MONTEREY,SEASIDE,-121.8412299,36.62375007
6538428,2014,2014-09-05,2712,2014-06-27,1511,687,2712,5,5,3,2712,0,0,0,,0,001,"IMJIN PW","RESERVATION RD",0.00,,Y,A,-,N,,,,,,,,,,Y,4,0,2,2,A,-,12,21453,A,N,D,C,A,A,H,-,C,A,0,,,,,Y,,A,01,0,0,2,0,0,0,0,0,0,"- ","- ",,,MONTEREY,MARINA,-121.76659991,36.671430030000003
6538436,2014,2014-08-12,2712,2014-06-29,1626,730,2712,7,5,3,2712,0,0,0,,0,001,"IMJIN RD","IMJIN PW",661.00,S,N,A,-,N,,,,,,,,,,Y,3,0,1,1,A,-,08,22107,,N,F,-,A,A,H,-,A,D,0,,,,,Y,,A,07,0,1,0,0,0,0,0,0,0,"- ","- ",,,MONTEREY,MARINA,-121.7931857,36.66083897
6538482,2014,2014-08-13,2706,2014-06-29,2229,103,2706,7,5,4,2706,0,0,0,,0,002,"ABREGO ST","FREMONT ST",236.00,S,N,B,-,N,,,,,,,,,,N,4,0,1,2,A,-,09,21801,A,N,D,G,A,A,H,-,D,D,0,,Y,,,Y,,A,01,0,0,1,0,0,0,1,0,0,"- ","- ",,,MONTEREY,MONTEREY,-121.89228401,36.59460705
6538486,2014,2014-08-13,2706,2014-06-28,2141,635,MPD,6,5,4,2706,0,0,0,,0,003,"DEL MONTE AV","PARK AV",0.00,,Y,A,-,N,,,,,,,,,,N,2,0,1,1,D,-,00,,,N,E,I,A,A,H,-,C,D,0,,Y,,,Y,,-,"- ",1,0,0,0,0,0,1,0,0,"- ","- ",,,MONTEREY,MONTEREY,-121.88228992000001,36.59993008
6538494,2014,2014-08-13,2706,2014-06-27,1543,557,2706,5,5,4,2706,0,0,0,,0,001,LIGHTHOUSE,"PRIVATE BOLIO RD",2023.00,S,N,A,-,N,,,,,,,,,,Y,4,0,1,2,A,-,03,22350,,N,C,C,A,A,H,-,A,A,0,,,,,Y,,A,01,0,0,1,0,0,0,0,0,0,"- ","- ",,,MONTEREY,MONTEREY,-121.89451464,36.604195740000002
6538896,2014,2014-08-09,2712,2014-06-17,1408,274,,2,5,3,2712,0,0,0,,0,001,"PALM AV","DEL MONTE BL",0.00,,Y,A,-,N,,,,,,,,,,N,4,0,2,2,A,-,12,21453,A,N,D,D,A,A,H,-,A,A,0,,,,,Y,,A,01,0,0,2,0,0,0,0,0,0,"- ","- ",,,MONTEREY,MARINA,-121.80367993999999,36.683450039999997
6539143,2014,2014-07-25,9730,2014-05-20,2146,19512,,2,2,9,2700,0,2,4,,1,073,"RAILROAD AV","ALLISON RD",0.00,,Y,B,-,N,,,,,,,,,,Y,4,0,1,1,A,-,03,22350,,N,E,I,A,A,H,-,C,D,0,,,,,Y,,A,01,0,0,1,0,0,0,0,0,0,"- ","- ",,,MONTEREY,UNINCORPORATED,-121.73572986000001,36.898450050000001
6540408,2014,2016-04-07,9735,2014-06-08,0915,016696,,7,1,9,2700,0,1,2,,1,040,"RT 101","MAJOR FARMS RD",1584.00,S,N,A,-,Y,MON,5,101,-,-,57.870,H,-,S,Y,4,0,1,2,A,-,03,22350,,N,C,C,A,A,H,-,A,D,4,,,,,Y,,D,22,0,0,1,0,0,0,0,0,0,"- ","- ",36.373849999999997,-121.28977999999999,MONTEREY,UNINCORPORATED,-121.28976815999999,36.37388584
6592229,2014,2014-08-29,2708,2014-07-25,0556,80573,,5,5,6,2708,0,0,0,,0,010,"CIRCLE DR","ST MICHAEL WY",0.00,,Y,A,-,N,,,,,,,,,,Y,3,0,1,3,A,-,09,21800,A,N,D,C,A,A,H,-,B,D,0,,,,,Y,,-,,0,1,0,0,0,0,0,0,0,"- ","- ",,,MONTEREY,SALINAS,-121.62981997999999,36.681669999999997
6592233,2014,2014-08-29,2708,2014-07-30,1712,74426,,3,5,6,2708,0,0,0,,0,005,"NATIVIDAD RD","PACHECO ST",20.00,N,N,A,-,N,,,,,,,,,,N,4,0,1,3,A,-,03,22350,,F,B,C,A,A,H,-,A,D,0,,,,,Y,,-,,0,0,1,0,0,0,0,0,0,"- ","- ",,,MONTEREY,SALINAS,-121.63660692000001,36.69808261
6592237,2014,2014-09-05,2708,2014-07-31,1623,PARKER,,4,5,6,2708,0,0,0,,0,009,"MAPLE ST","PAJARO ST",0.00,,Y,A,-,N,,,,,,,,,,Y,4,0,1,2,A,-,12,22450,,N,D,C,A,A,H,-,A,D,0,,,,,Y,,-,"- ",0,0,1,0,0,0,0,0,0,"- ","- ",,,MONTEREY,SALINAS,-121.65312996999999,36.667890049999997
6592278,2014,2014-09-02,2708,2014-07-23,1251,52823,,3,5,6,2708,0,0,0,,0,,"N MADERA AV","TERRACE ST",66.00,N,N,A,-,N,,,,,,,,,,N,4,0,1,2,A,-,21,22106,,F,D,G,A,A,H,-,A,D,0,,Y,,,Y,,-,,0,0,1,0,0,0,1,0,0,"- ","- ",,,MONTEREY,SALINAS,-121.63762232000001,36.67909994
6592329,2014,2014-09-02,2706,2014-07-28,1820,635,MPD,1,5,4,2706,0,0,0,,0,002,"MUNRAS AV","SOLEDAD DR",29.00,N,N,A,-,N,,,,,,,,,,Y,3,0,1,2,A,-,03,22350,,N,C,C,A,A,H,-,A,D,0,,,,,Y,,A,01,0,1,0,0,0,0,0,0,0,"- ","- ",,,MONTEREY,MONTEREY,-121.90181002,36.583428730000001
6592407,2014,2014-09-04,2712,2014-08-02,1122,537,2712,6,5,3,2712,0,0,0,,0,001,"RESERVATION RD","LAKE DR",21.00,N,N,A,-,N,,,,,,,,,,Y,4,0,1,1,A,-,03,22350,,N,E,-,A,A,H,-,A,A,0,,,Y,,Y,,C,02,0,0,1,0,0,0,0,0,1,"- ","- ",,,MONTEREY,MARINA,,
6592634,2014,2015-12-03,2708,2014-08-04,1615,07661,,1,5,6,2708,0,0,0,,0,008,"E ALISAL","MONTEREY ST",75.00,E,N,A,-,N,,,,,,,,,,Y,4,0,1,3,A,-,03,22350,,N,C,C,A,A,H,-,A,A,0,,,,,Y,,-,,0,0,1,0,0,0,0,0,0,"- ","- ",,,MONTEREY,SALINAS,-121.65343758,36.673993340000003
6592996,2014,2016-05-02,9730,2014-08-13,1730,015297,,3,2,9,2700,0,1,3,,1,074,"RT 1","RT 183",1056.00,N,N,B,-,Y,MON,5,1,-,-,93.820,H,-,N,N,4,0,1,2,A,-,03,22350,,N,C,C,A,A,H,-,A,D,0,,,,,Y,,A,01,0,0,1,0,0,0,0,0,0,"- ","- ",36.773809999999997,-121.76911,MONTEREY,UNINCORPORATED,-121.76853613999999,36.773323670000003
6593000,2014,2016-05-02,9730,2014-08-10,1255,019315,,7,1,9,2700,0,1,3,,1,074,"RT 1","RT 183",500.00,S,N,A,-,Y,MON,5,1,-,T,90.710,H,-,N,N,4,0,1,2,A,-,03,22350,,N,C,C,A,A,H,-,A,D,1,,,,,Y,,A,08,0,0,1,0,0,0,0,0,0,"- ","- ",36.769919999999999,-121.7649,MONTEREY,UNINCORPORATED,-121.76792713,36.749625289999997
6593004,2014,2014-09-04,9730,2014-08-07,1640,018171,,4,2,9,2700,0,1,3,,1,022,"OCEAN AV","HATTON AV",0.00,,Y,A,-,N,,,,,,,,,,N,4,0,1,2,A,-,09,21802,A,N,D,C,A,A,H,-,A,D,0,,,,,Y,,A,07,0,0,1,0,0,0,0,0,0,"- ","- ",,,MONTEREY,UNINCORPORATED,-121.91221991,36.555860070000001
6593012,2014,2014-09-04,9730,2014-08-09,0137,019127,,6,3,9,2700,0,3,5,,2,007,"STRAWBERRY RD","ELKHORN RD",1584.00,E,N,A,-,N,,,,,,,,,,Y,3,0,1,1,A,-,01,23152,A,N,E,I,A,A,H,-,D,D,0,,,,,Y,Y,A,01,0,1,0,0,0,0,0,0,0,"- ","- ",36.827359999999999,-121.72947000000001,MONTEREY,UNINCORPORATED,-121.72882851,36.827154790000002
6593036,2014,2014-09-04,9730,2014-08-03,1720,019529,,7,2,9,2700,0,2,4,,2,063,"RESERVATION RD","BLANCO RD",0.00,,Y,A,-,N,,,,,,,,,,Y,4,0,1,1,A,-,08,22107,,N,A,I,A,A,H,-,A,A,0,,,,,Y,,A,07,0,0,1,0,0,0,0,0,0,"- ","- ",,,MONTEREY,UNINCORPORATED,-121.75668992,36.666930090000001
6582055,2014,2014-09-16,9730,2014-08-23,0610,019239,,6,1,9,2700,0,3,5,,2,003,"RIVER RD","PARKER RD",6864.00,S,N,A,-,N,,,,,,,,,,Y,3,0,2,2,A,-,08,22107,,N,A,C,A,A,H,-,B,D,0,,,,,Y,,A,01,0,1,1,0,0,0,0,0,0,"- ","- ",,,MONTEREY,UNINCORPORATED,-121.58760873999999,36.575905830000004
6582063,2014,2014-09-16,9730,2014-08-23,0223,019806,,6,3,9,2700,0,3,5,,2,007,"PRESTON ST","GEIL ST",0.00,,Y,A,-,N,,,,,,,,,,Y,3,0,2,2,A,-,01,23152,A,N,D,C,A,A,H,-,C,A,0,,,,,Y,Y,A,01,0,1,1,0,0,0,0,0,0,"- ","- ",,,MONTEREY,UNINCORPORATED,-121.7557999,36.768070000000002
6582079,2014,2014-09-16,9730,2014-08-24,1010,018179,,7,1,9,2700,0,2,4,,1,073,"LAS LOMAS DR","HALL RD",20.00,N,N,A,-,N,,,,,,,,,,Y,4,0,1,2,A,-,01,23152,A,N,D,C,A,A,H,-,A,A,0,,,,,Y,Y,D,22,0,0,1,0,0,0,0,0,0,"- ","- ",,,MONTEREY,UNINCORPORATED,-121.73365745,36.865311869999999
6582323,2014,2016-05-02,9730,2014-07-24,1158,15638,,4,1,9,2700,0,1,3,,1,074,"RT 1","DOLAN RD",0.00,,Y,A,-,Y,MON,5,1,-,-,96.101,I,5,N,Y,3,0,1,2,A,-,09,21802,A,N,D,C,A,A,H,-,A,A,0,,,,,Y,,A,01,0,1,0,0,0,0,0,0,0,"- ","- ",36.80462,-121.78364999999999,MONTEREY,UNINCORPORATED,-121.78379808,36.804086460000001
6582327,2014,2016-05-09,9730,2014-07-24,1109,18766,,4,1,9,2700,0,1,2,,1,030,"RT 101",CHUALAR,3696.00,N,N,A,-,Y,MON,5,101,-,-,77.670,H,-,N,Y,2,0,1,1,A,-,08,22107,,N,E,I,A,A,H,-,A,D,1,,,,,Y,,A,01,1,0,0,0,0,0,0,0,0,"- ","- ",36.573889999999999,-121.52245000000001,MONTEREY,UNINCORPORATED,-121.52614251,36.576951370000003
6582331,2014,2016-05-02,9730,2014-07-20,1811,20600,,7,2,9,2700,0,1,3,,1,074,"RT 1","POTRERO RD",1056.00,S,N,B,-,Y,MON,5,1,-,-,94.990,H,-,S,N,2,0,2,2,A,-,"- ",,,N,D,C,A,A,H,-,A,D,0,,,Y,,Y,,C,02,1,1,0,0,0,0,0,0,2,"- ","- ",36.787640000000003,-121.78234,MONTEREY,UNINCORPORATED,-121.78246966,36.78818338
6582335,2014,2016-05-04,9730,2014-07-26,2105,18786,,6,2,9,2700,0,1,2,,1,030,"RT 101","GLORIA RD",2600.00,S,N,A,-,Y,MON,5,101,-,-,69.860,H,-,S,Y,3,0,1,1,A,-,08,22107,,N,E,I,A,A,H,-,D,D,1,,,,,Y,,A,01,0,1,0,0,0,0,0,0,0,"- ","- ",36.488250000000001,-121.42310999999999,MONTEREY,UNINCORPORATED,-121.43084531,36.499893020000002