CASE_ID,ACCIDENT_YEAR,PROC_DATE,JURIS,COLLISION_DATE,COLLISION_TIME,OFFICER_ID,REPORTING_DISTRICT,DAY_OF_WEEK,CHP_SHIFT,POPULATION,CNTY_CITY_LOC,SPECIAL_COND,BEAT_TYPE,CHP_BEAT_TYPE,CITY_DIVISION_LAPD,CHP_BEAT_CLASS,BEAT_NUMBER,PRIMARY_RD,SECONDARY_RD,DISTANCE,DIRECTION,INTERSECTION,WEATHER_1,WEATHER_2,STATE_HWY_IND,CALTRANS_COUNTY,CALTRANS_DISTRICT,STATE_ROUTE,ROUTE_SUFFIX,POSTMILE_PREFIX,POSTMILE,LOCATION_TYPE,RAMP_INTERSECTION,SIDE_OF_HWY,TOW_AWAY,COLLISION_SEVERITY,NUMBER_KILLED,NUMBER_INJURED,PARTY_COUNT,PRIMARY_COLL_FACTOR,PCF_CODE_OF_VIOL,PCF_VIOL_CATEGORY,PCF_VIOLATION,PCF_VIOL_SUBSECTION,HIT_AND_RUN,TYPE_OF_COLLISION,MVIW,PED_ACTION,ROAD_SURFACE,ROAD_COND_1,ROAD_COND_2,LIGHTING,CONTROL_DEVICE,CHP_ROAD_TYPE,PEDESTRIAN_ACCIDENT,BICYCLE_ACCIDENT,MOTORCYCLE_ACCIDENT,TRUCK_ACCIDENT,NOT_PRIVATE_PROPERTY,ALCOHOL_INVOLVED,STWD_VEHTYPE_AT_FAULT,CHP_VEHTYPE_AT_FAULT,COUNT_SEVERE_INJ,COUNT_VISIBLE_INJ,COUNT_COMPLAINT_PAIN,COUNT_PED_KILLED,COUNT_PED_INJURED,COUNT_BICYCLIST_KILLED,COUNT_BICYCLIST_INJURED,COUNT_MC_KILLED,COUNT_MC_INJURED,PRIMARY_RAMP,SECONDARY_RAMP,LATITUDE,LONGITUDE,COUNTY,CITY,POINT_X,POINT_Y
6582339,2014,2016-05-09,9730,2014-07-26,2355,19700,,6,3,9,2700,0,1,2,,1,030,"RT 101","SOLEDAD PRISON RD",1056.00,N,N,A,-,Y,MON,5,101,-,-,66.600,H,-,S,Y,4,0,1,1,A,-,08,22107,,N,F,A,A,A,H,-,D,D,1,,,,,Y,,A,01,0,0,1,0,0,0,0,0,0,"- ","- ",36.45384,-121.37022,MONTEREY,UNINCORPORATED,-121.390775,36.466419279999997
6582343,2014,2016-05-02,9730,2014-07-26,1845,19981,,6,2,9,2700,0,1,3,,1,022,"RT 1","ATHERTON DR",528.00,N,N,A,-,Y,MON,5,1,-,-,37.240,H,-,S,Y,4,0,1,3,A,-,03,22350,,N,C,C,A,A,H,-,A,D,0,,,,,Y,,A,07,0,0,1,0,0,0,0,0,0,"- ","- ",,,MONTEREY,UNINCORPORATED,-121.68796322999999,36.171964090000003
6582363,2014,2014-08-18,9730,2014-07-25,2000,20600,,5,2,9,2700,0,2,4,,1,023,"CARMEL VALLEY RD","SCARLETT RD",20.00,E,N,A,-,N,,,,,,,,,,Y,4,0,4,2,A,-,03,22350,,N,C,C,A,A,H,-,B,D,0,,,,,Y,,A,08,0,0,4,0,0,0,0,0,0,"- ","- ",36.518009999999997,-121.78427000000001,MONTEREY,UNINCORPORATED,-121.79363621,36.52396632
6582388,2014,2014-08-18,9730,2014-07-21,0700,19239,,1,1,9,2700,0,3,5,,2,006,"DAVIS RD","BLANCO RD",10.00,N,N,B,-,N,,,,,,,,,,N,4,0,1,2,A,-,03,22350,,N,C,C,A,A,H,-,A,D,0,,,,,Y,,A,01,0,0,1,0,0,0,0,0,0,"- ","- ",,,MONTEREY,UNINCORPORATED,-121.68508995000001,36.66682222
6593040,2014,2014-09-04,9730,2014-08-02,2500,019837,,6,4,9,2700,0,3,5,,2,007,"SAN JUAN GRADE RD","CRAZY HORSE CANYON RD",4224.00,N,N,A,-,N,,,,,,,,,,Y,4,0,1,1,A,-,08,22107,,N,E,I,A,A,H,-,A,D,0,,,,,Y,Y,A,01,0,0,1,0,0,0,0,0,0,"- ","- ",,,MONTEREY,UNINCORPORATED,-121.5936908,36.780697410000002
6593384,2014,2016-04-05,9730,2014-06-07,0945,18283,,6,1,9,2700,0,1,3,,1,068,"RT 68","CORRAL DE TIERRA RD",50.00,E,N,A,-,Y,MON,5,68,-,-,12.960,H,-,W,N,4,0,1,2,D,-,00,,,N,C,C,A,A,H,-,A,A,0,,,,,Y,,-,"- ",0,0,1,0,0,0,0,0,0,"- ","- ",,,MONTEREY,UNINCORPORATED,-121.72702105,36.578507899999998
6593427,2014,2016-05-03,2710,2014-07-23,1430,32771,,3,5,4,2710,0,0,0,,0,,"RT 218","HARCOURT AV",0.00,,Y,A,-,Y,MON,5,218,-,L,0.490,I,5,E,Y,4,0,1,3,A,-,03,22350,,N,C,C,A,A,H,-,A,D,0,,,,,Y,,-,,0,0,1,0,0,0,0,0,0,"- ","- ",,,MONTEREY,SEASIDE,-121.85459081,36.604206249999997
6593530,2014,2014-09-03,2706,2014-07-26,1923,229,2706,6,5,4,2706,0,0,0,,0,003,"DEL MONTE AV","RAMONA AV",27.00,W,N,A,-,N,,,,,,,,,,Y,4,0,1,2,A,-,08,22107,,F,-,C,A,A,H,-,A,A,0,,,,,Y,,D,22,0,0,1,0,0,0,0,0,0,"- ","- ",,,MONTEREY,MONTEREY,-121.86391023,36.603293690000001
6593804,2014,2015-05-01,2706,2014-08-16,0122,896,MPD,6,5,4,2706,0,0,0,,0,002,"FRANKLIN ST","TYLER ST",150.00,E,N,A,-,N,,,,,,,,,,Y,3,0,1,2,A,-,01,23152,A,M,B,E,A,A,H,-,C,D,0,,,,,Y,Y,A,01,0,1,0,0,0,0,0,0,0,"- ","- ",,,MONTEREY,MONTEREY,-121.89294794,36.599762759999997
6595764,2014,2015-11-30,2706,2014-08-10,0840,229,2706,7,5,4,2706,0,0,0,,0,002,"GLENWOOD CIR","GLENWOOD CIR 500",4.00,E,N,A,-,N,,,,,,,,,,Y,4,0,2,2,A,-,08,22107,,N,D,C,A,A,H,-,A,D,0,,,,,Y,,A,01,0,0,2,0,0,0,0,0,0,"- ","- ",,,MONTEREY,MONTEREY,,
6595768,2014,2015-12-03,2706,2014-08-10,1446,229,2706,7,5,4,2706,0,0,0,,0,002,"MUNRAS AV","WEBSTER ST",58.00,S,N,A,-,N,,,,,,,,,,N,4,0,1,2,A,-,03,22350,,N,C,C,A,A,H,-,A,A,0,,,,,Y,,A,01,0,0,1,0,0,0,0,0,0,"- ","- ",,,MONTEREY,MONTEREY,-121.89359917,36.596238059999997
6595776,2014,2014-09-08,2706,2014-08-05,1110,939,MPD,2,5,4,2706,0,0,0,,0,002,"HARTNELL ST","WEBSTER ST",219.00,W,N,A,-,N,,,,,,,,,,N,4,0,1,2,A,-,11,21955,,N,G,B,D,A,H,-,A,D,0,Y,,,,Y,,N,60,0,0,1,0,1,0,0,0,0,"- ","- ",,,MONTEREY,MONTEREY,-121.89559332,36.596101320000002
6595787,2014,2015-12-03,2706,2014-08-12,1216,229,2706,2,5,4,2706,0,0,0,,0,002,"CASS ST",MUNRAS,12.00,N,N,A,-,N,,,,,,,,,,N,4,0,1,2,A,-,03,22350,,N,C,C,A,A,H,-,A,A,0,,,,,Y,,A,01,0,0,1,0,0,0,0,0,0,"- ","- ",,,MONTEREY,MONTEREY,-121.89774274,36.588902900000001
6595791,2014,2014-09-09,2706,2014-08-08,1153,119,,5,5,4,2706,0,0,0,,0,,"DEL MONTE AV","SLOAT AV",0.00,,Y,A,-,N,,,,,,,,,,N,4,0,1,2,A,-,09,21801,A,N,D,C,A,A,A,-,A,A,0,,,,,Y,,A,01,0,0,1,0,0,0,0,0,0,"- ","- ",,,MONTEREY,MONTEREY,-121.87887996000001,36.599860020000001
6596119,2014,2014-09-11,2706,2014-08-08,1727,635,MPD,5,5,4,2706,0,0,0,,0,003,"DELMONTE AV","HANNON AV",99.00,W,N,A,-,N,,,,,,,,,,Y,4,0,1,2,A,-,03,22350,,N,C,C,A,A,H,-,A,D,0,,,,,Y,,A,01,0,0,1,0,0,0,0,0,0,"- ","- ",,,MONTEREY,MONTEREY,-121.86269351999999,36.603845919999998
6596123,2014,2014-09-11,2706,2014-08-15,1535,119,MPD,5,5,4,2706,0,0,0,,0,001,"PACIFIC ST","DEL MONTE AV",75.00,N,N,A,-,N,,,,,,,,,,N,4,0,2,2,A,-,03,22350,,N,C,C,A,A,H,-,A,D,0,,,,,Y,,A,01,0,0,2,0,0,0,0,0,0,"- ","- ",,,MONTEREY,MONTEREY,-121.89545692,36.601343110000002
6600803,2014,2014-09-09,9730,2014-08-14,1414,14584,,4,2,9,2700,0,3,5,,2,007,"WALKER VALLEY RD","BAYVIEW RD",0.00,,Y,A,-,N,,,,,,,,,,Y,3,0,1,2,A,-,09,21803,A,N,D,C,A,A,H,-,A,-,0,,,,,Y,,D,22,0,1,0,0,0,0,0,0,0,"- ","- ",,,MONTEREY,UNINCORPORATED,-121.71327993,36.807510110000003
6600842,2014,2014-09-09,9730,2014-08-20,0810,14584,,3,1,9,2700,0,3,5,,2,003,"ALTA ST","FOLETTA RD",0.00,,Y,A,-,N,,,,,,,,,,Y,4,0,1,2,A,-,09,21802,A,N,D,C,A,A,H,-,A,D,0,,,,,Y,,A,01,0,0,1,0,0,0,0,0,0,"- ","- ",,,MONTEREY,UNINCORPORATED,-121.46593996,36.523600090000002
6600862,2014,2014-09-09,9730,2014-08-14,1435,18171,,4,2,9,2700,0,2,4,,2,063,"BLANCO RD","HITCHCOCK RD",100.00,E,N,A,-,N,,,,,,,,,,Y,3,0,1,2,A,-,08,22107,,N,E,I,A,A,H,-,A,D,0,,,,,Y,,A,07,0,1,0,0,0,0,0,0,0,"- ","- ",,,MONTEREY,UNINCORPORATED,-121.70139188,36.676030189999999
6600869,2014,2016-05-02,9730,2014-08-09,1130,13024,,6,1,9,2700,0,1,3,,2,062,"RT 1","TIOGA AV",146.00,N,N,B,-,Y,MON,5,1,-,R,87.050,H,-,S,Y,4,0,5,3,A,-,03,22350,,N,C,C,A,A,H,-,A,D,1,,,,,Y,,E,22,0,0,5,0,0,0,0,0,0,"- ","- ",,,MONTEREY,UNINCORPORATED,-121.80091133000001,36.704152960000002
6600873,2014,2014-09-09,9730,2014-08-15,1739,19770,,5,2,9,2700,0,3,5,,2,005,"CRAZY HORSE CANYON RD","SAN JUAN GRADE RD",10.00,W,N,A,-,N,,,,,,,,,,Y,4,0,1,2,A,-,03,22350,,N,C,C,A,A,H,-,A,A,0,,,,,Y,,D,22,0,0,1,0,0,0,0,0,0,"- ","- ",36.773530000000001,-121.60335000000001,MONTEREY,UNINCORPORATED,-121.60337269,36.773517390000002
6600877,2014,2016-05-09,9730,2014-08-19,2036,19512,,2,2,9,2700,0,1,2,,1,070,"RT 101","MALLORY CANYON RD",200.00,S,N,B,-,Y,MON,5,101,-,-,97.770,H,-,N,Y,4,0,2,2,A,-,09,21804,A,N,C,C,A,A,D,-,D,D,5,,,,,Y,,D,22,0,0,2,0,0,0,0,0,0,"- ","- ",36.811680000000003,-121.64309,MONTEREY,UNINCORPORATED,-121.64163469,36.81321938
6601492,2014,2014-09-09,9730,2014-08-11,1450,018312,,1,2,9,2700,0,1,2,,1,070,"RT 101","SAN JUAN RD",0.00,,Y,A,-,Y,,,,,,,,,,Y,4,0,3,2,A,-,09,21802,A,N,D,C,A,A,H,-,A,D,0,,,,,Y,,A,01,0,0,3,0,0,0,0,0,0,"- ","- ",,,MONTEREY,UNINCORPORATED,,
6601496,2014,2015-12-03,9730,2014-08-17,0645,018886,,7,1,9,2700,0,2,4,,1,073,"HALL RD","SILL RD",750.00,W,N,A,-,N,,,,,,,,,,Y,4,0,1,1,A,-,01,23152,A,N,E,I,A,A,H,-,A,D,0,,,,,Y,Y,A,01,0,0,1,0,0,0,0,0,0,"- ","- ",,,MONTEREY,UNINCORPORATED,-121.72509418999999,36.86410592
6601500,2014,2016-05-09,9730,2014-08-19,1630,015297,,2,2,9,2700,0,1,3,,2,062,"RT 1","IMJIN PKWY",1056.00,N,N,A,-,Y,MON,5,1,-,-,84.680,H,-,N,N,4,0,1,2,A,-,03,22350,,M,C,C,A,A,H,-,A,D,1,,,,,Y,,-,99,0,0,1,0,0,0,0,0,0,"- ","- ",36.674460000000003,-121.80918,MONTEREY,UNINCORPORATED,-121.81606512,36.66253227
6601504,2014,2014-09-09,9730,2014-08-17,1244,018179,,7,1,9,2700,0,2,4,,1,073,"SAN MIGUEL CANYON RD","CASTROVILLE BL",0.00,,Y,A,-,N,,,,,,,,,,Y,3,0,1,2,A,-,09,21801,A,N,D,C,A,A,H,-,A,D,0,,,Y,,Y,,A,01,0,1,0,0,0,0,0,0,1,"- ","- ",,,MONTEREY,UNINCORPORATED,-121.67190992,36.808400069999998
6601508,2014,2014-09-09,9730,2014-08-17,1348,017184,,7,1,9,2700,0,2,4,,1,073,"SAN MIGUEL CANYON RD","CASTROVILLE BL",30.00,N,N,A,-,N,,,,,,,,,,Y,4,0,4,3,A,-,03,22350,,N,C,C,A,A,H,-,A,A,0,,,,,Y,,A,01,0,0,4,0,0,0,0,0,0,"- ","- ",,,MONTEREY,UNINCORPORATED,-121.67197964,36.80846047
6582392,2014,2014-08-18,9730,2014-07-20,1509,19239,,7,2,9,2700,0,3,5,,2,007,"ELKHORN RD","WAUGH RD",5808.00,S,N,A,-,N,,,,,,,,,,Y,3,0,2,1,A,-,08,22107,,N,E,I,A,A,H,-,A,D,0,,,,,Y,,A,01,0,2,0,0,0,0,0,0,0,"- ","- ",,,MONTEREY,UNINCORPORATED,-121.74940506,36.846796599999998
6582396,2014,2014-08-18,9730,2014-07-20,1630,18786,,7,2,9,2700,0,3,5,,2,004,"CHUALAR CANYON RD","JACKS RD",2640.00,E,N,A,-,N,,,,,,,,,,Y,3,0,1,1,A,-,01,23152,A,N,E,I,A,A,H,-,A,D,0,,,,,Y,Y,A,01,0,1,0,0,0,0,0,0,0,"- ","- ",36.591380000000001,-121.4491,MONTEREY,UNINCORPORATED,-121.44900885,36.591405309999999
6582400,2014,2014-08-18,9730,2014-07-20,0320,19127,,7,3,9,2700,0,2,4,,1,075,"SAN JUAN RD","RT 101",1056.00,W,N,A,-,N,,,,,,,,,,Y,4,0,1,1,A,-,08,22107,,N,E,I,A,A,D,-,B,D,0,,,,,Y,,A,01,0,0,1,0,0,0,0,0,0,"- ","- ",36.854810000000001,-121.63585999999999,MONTEREY,UNINCORPORATED,,
6583407,2014,2015-10-01,2706,2014-07-05,0214,229,2706,6,5,4,2706,0,0,0,,0,003,"DEL MONTE AV",ENGLISH,0.00,,Y,E,-,N,,,,,,,,,,Y,3,0,1,1,A,-,01,23152,A,N,-,I,A,A,H,-,C,A,0,,,,,Y,Y,A,01,0,1,0,0,0,0,0,0,0,"- ","- ",,,MONTEREY,MONTEREY,-121.86071986,36.604820089999997
6584496,2014,2014-09-08,2706,2014-08-04,1140,939,MPD,1,5,4,2706,0,0,0,,0,001,"DEL MONTE","CAMINO AGUAJITO",20.00,W,N,A,-,N,,,,,,,,,,Y,4,0,1,2,A,-,03,22350,,N,C,C,A,A,H,-,A,D,0,,,,,Y,,A,07,0,0,1,0,0,0,0,0,0,"- ","- ",,,MONTEREY,MONTEREY,-121.88364815,36.599939999999997
6584692,2014,2014-08-22,2708,2014-06-16,1857,59034,,1,5,6,2708,0,0,0,,0,005,"E ALVIN",LINWOOD,0.00,,Y,A,-,N,,,,,,,,,,Y,3,0,2,2,A,-,09,21801,A,N,D,C,A,A,H,-,A,A,0,,,,,Y,,-,,0,1,1,0,0,0,0,0,0,"- ","- ",,,MONTEREY,SALINAS,-121.64033992,36.705910080000002
6585159,2014,2015-04-18,2707,2014-07-17,1700,1983,2707,4,5,3,2707,0,0,0,,0,002,"OCEAN VIEW BL","JEWELL AV",87.00,N,N,A,-,N,,,,,,,,,,N,4,0,1,2,A,-,03,22350,,N,C,C,A,A,H,-,A,D,0,,,,,Y,,A,01,0,0,1,0,0,0,0,0,0,"- ","- ",,,MONTEREY,"PACIFIC GROVE",-121.91750168999999,36.624732710000004
6616084,2014,2014-09-29,9730,2014-08-18,2035,014800,,1,2,9,2700,0,3,5,,2,007,"CASTROVILLE BL","ELKHORN RD",1056.00,E,N,A,-,N,,,,,,,,,,Y,2,0,1,1,A,-,01,23152,A,N,E,I,A,A,H,-,D,D,0,,,,,Y,Y,D,22,1,0,0,0,0,0,0,0,0,"- ","- ",,,MONTEREY,UNINCORPORATED,-121.71686002,36.795074769999999
6616091,2014,2014-09-25,2707,2014-08-20,0110,1762,2707,3,5,3,2707,0,0,0,,0,002,"LIGHTHOUSE AV","DEL MONTE BL",200.00,W,N,A,-,N,,,,,,,,,,Y,4,0,1,2,A,-,08,22107,,N,C,E,A,A,H,-,C,D,0,,,,,Y,,I,11,0,0,1,0,0,0,0,0,0,"- ","- ",,,MONTEREY,"PACIFIC GROVE",-121.92628367,36.625191270000002
6616108,2014,2014-09-25,9730,2014-08-26,0650,12332,,2,1,9,2700,0,2,4,,1,075,"SAN JUAN RD","AROMAS RD",74.00,E,N,A,-,N,,,,,,,,,,Y,3,0,2,2,A,-,07,21658,A,N,C,C,A,A,H,-,A,D,0,,,,Y,Y,,G,27,0,1,1,0,0,0,0,0,0,"- ","- ",,,MONTEREY,UNINCORPORATED,-121.66189,36.882570000000001
6616120,2014,2016-05-02,9730,2014-08-28,1733,019934,,4,2,9,2700,0,1,3,,1,074,"RT 1","STRUVE RD",528.00,S,N,A,-,Y,MON,5,1,-,-,97.500,H,-,N,Y,4,0,1,2,A,-,03,22350,,N,C,C,A,A,H,-,A,D,0,,,,,Y,,I,09,0,0,1,0,0,0,0,0,0,"- ","- ",36.823050000000002,-121.78055999999999,MONTEREY,UNINCORPORATED,-121.78165997000001,36.822663009999999
6616132,2014,2014-09-29,9730,2014-08-29,1535,018179,,5,2,9,2700,0,2,4,,1,073,"SAN MIGUEL CANYON RD","PRUNEDALE NORTH RD",20.00,S,N,A,-,N,,,,,,,,,,N,4,0,2,2,A,-,03,22350,,N,C,C,A,A,H,-,A,D,0,,,,,Y,,D,22,0,0,2,0,0,0,0,0,0,"- ","- ",,,MONTEREY,UNINCORPORATED,-121.66581551,36.801492570000001
6596127,2014,2014-09-11,2706,2014-08-13,1038,181,,3,5,4,2706,0,0,0,,0,001,"MCCLELLAN AV","FOAM ST",0.00,,Y,A,-,N,,,,,,,,,,Y,4,0,1,2,A,-,09,21802,A,N,D,C,A,A,H,-,A,D,0,,,,,Y,,A,01,0,0,1,0,0,0,0,0,0,"- ","- ",,,MONTEREY,MONTEREY,-121.89997992000001,36.612970019999999
6597640,2014,2014-09-08,2706,2014-08-07,0431,310,2706,4,5,4,2706,0,0,0,,0,001,"MADISON ST","PACIFIC ST",73.00,W,N,A,-,N,,,,,,,,,,Y,2,0,1,1,A,-,08,22107,,N,-,I,A,A,H,-,C,D,0,,,,,Y,,A,07,1,0,0,0,0,0,0,0,0,"- ","- ",,,MONTEREY,MONTEREY,-121.89733716000001,36.596869750000003
6598376,2014,2014-09-24,9735,2014-08-12,0545,015466,,2,3,9,2700,0,2,4,,1,021,"JOLON RD","NACIMIENTO LAKE DR",8976.00,W,N,-,-,N,,,,,,,,,,Y,3,0,3,2,A,-,03,22350,,N,C,C,A,-,H,-,A,D,0,,,,,Y,,A,01,0,1,2,0,0,0,0,0,0,"- ","- ",35.871310000000001,-120.86783,MONTEREY,UNINCORPORATED,-120.86665422999999,35.871076000000002
6598384,2014,2014-09-17,9735,2014-08-02,0640,017292,,6,1,9,2700,0,2,4,,1,021,"JOLON RD","NEW PLEYTO RD",1.50,E,N,A,-,N,,,,,,,,,,Y,4,0,2,1,A,-,08,22107,,N,F,A,A,A,H,-,A,D,0,,,,Y,Y,,G,27,0,0,2,0,0,0,0,0,0,"- ","- ",35.900570000000002,-120.95984,MONTEREY,UNINCORPORATED,-120.98394505,35.90505915
6629246,2014,2014-11-12,2701,2014-09-13,1133,5543,CRML,6,5,2,2701,0,0,0,,0,00N,"CAMINO DEL MONTE AV",2ND,261.00,N,N,A,-,N,,,,,,,,,,N,4,0,1,2,A,-,03,22350,,N,B,C,A,A,H,-,A,A,0,,,Y,,Y,,C,02,0,0,1,0,0,0,0,0,1,"- ","- ",,,MONTEREY,CARMEL,,
6630076,2014,2014-09-25,2708,2014-05-27,0711,42636,,2,5,6,2708,0,0,0,,0,003,"NATIVIDAD RD","ARCADIA WY",0.00,,Y,B,-,N,,,,,,,,,,N,3,0,1,2,A,-,10,21950,A,F,G,B,B,A,H,-,A,A,0,Y,,,,Y,,-,,0,1,0,0,1,0,0,0,0,"- ","- ",,,MONTEREY,SALINAS,-121.62431991,36.713540029999997
6630745,2014,2014-11-05,2706,2014-09-05,1505,635,MPD,5,5,4,2706,0,0,0,,0,002,"MADISON ST","PACIFIC ST",0.00,,Y,A,-,N,,,,,,,,,,N,4,0,1,3,A,-,03,22350,,N,C,C,A,A,H,-,A,A,0,,,,,Y,,A,01,0,0,1,0,0,0,0,0,0,"- ","- ",,,MONTEREY,MONTEREY,-121.89709996000001,36.59681003
6632124,2014,2014-10-10,2712,2014-09-04,1628,274,,4,5,3,2712,0,0,0,,0,001,"DEL MONTE BL","RESERVATION RD",0.00,,Y,A,-,N,,,,,,,,,,Y,3,0,2,3,A,-,01,23152,E,N,D,D,A,A,H,-,A,A,0,,,,,Y,,A,07,0,1,1,0,0,0,0,0,0,"- ","- ",,,MONTEREY,MARINA,-121.79972999,36.687700100000001
6632128,2014,2014-10-10,2712,2014-09-05,1626,300,2712,5,5,3,2712,0,0,0,,0,001,"IMJIN PW","2ND AV",40.00,E,N,A,-,N,,,,,,,,,,N,4,0,2,2,A,-,21,22106,,N,C,C,A,A,H,-,A,A,0,,,,,Y,,A,01,0,0,2,0,0,0,0,0,0,"- ","- ",,,MONTEREY,MARINA,-121.80869957,36.667728390000001
6632136,2014,2014-10-09,2712,2014-09-16,0745,274,,2,5,3,2712,0,0,0,,0,001,"CALIFORNIA AV","CARMEL AV",4.00,N,N,A,-,N,,,,,,,,,,N,3,0,1,2,A,-,10,21950,A,N,G,B,B,A,H,-,A,A,0,Y,,,,Y,,A,07,0,1,0,0,1,0,0,0,0,"- ","- ",,,MONTEREY,MARINA,-121.78750297000001,36.676969419999999
6632144,2014,2014-10-10,2712,2014-09-17,1736,274,,3,5,3,2712,0,0,0,,0,001,"IMJIN PW","ABRAMS DR",290.00,N,N,A,-,N,,,,,,,,,,N,4,0,1,3,A,-,04,21703,,N,C,C,A,A,H,-,A,A,0,,,,,Y,,A,01,0,0,1,0,0,0,0,0,0,"- ","- ",,,MONTEREY,MARINA,-121.79422644,36.664322980000001
6632276,2014,2014-10-09,2706,2014-09-10,1129,148,2706,3,5,4,2706,0,0,0,,0,002,"CALLE PRINCIPAL","FRANKLIN ST",165.00,N,N,A,-,N,,,,,,,,,,N,4,0,1,2,A,-,03,22350,,N,C,C,A,A,H,-,A,A,0,,,,,Y,,A,01,0,0,1,0,0,0,0,0,0,"- ","- ",,,MONTEREY,MONTEREY,-121.89485544,36.60049532
6616159,2014,2016-05-02,9730,2014-08-27,1740,020168,,3,2,4,2706,0,1,3,,2,062,"RT 1","AGUAJITO RD",20.00,N,N,A,-,Y,MON,5,1,-,R,77.560,H,-,N,Y,4,0,1,2,A,-,03,22350,,N,C,C,A,A,H,-,A,D,1,,,,,Y,,A,08,0,0,1,0,0,0,0,0,0,"- ","- ",36.591740000000001,-121.88014,MONTEREY,MONTEREY,-121.87797068,36.592930629999998
6616502,2014,2016-05-02,9730,2014-08-26,1510,012079,,2,2,9,2700,0,1,3,,1,014,"RT 1","ROCKY CREEK VIADUCT",25.00,N,N,A,-,Y,MON,5,1,-,-,60.150,H,-,S,N,4,0,1,1,A,-,08,22107,,N,E,I,A,A,H,-,A,D,0,,,Y,,Y,,C,02,0,0,1,0,0,0,0,0,1,"- ","- ",,,MONTEREY,UNINCORPORATED,-121.9020046,36.379699860000002
6616506,2014,2014-09-18,9730,2014-08-27,1647,018946,,3,2,9,2700,0,2,4,,2,063,"BLANCO RD","COOPER RD",300.00,E,N,A,-,N,,,,,,,,,,Y,4,0,1,2,A,-,03,22350,,N,C,C,A,A,H,-,A,D,0,,,,,Y,,A,01,0,0,1,0,0,0,0,0,0,"- ","- ",,,MONTEREY,UNINCORPORATED,-121.73399678,36.678705309999998
6616510,2014,2016-05-02,9730,2014-08-29,1120,017184,,5,1,9,2700,0,1,3,,1,022,"RT 1","SAN JOSE CREEK BRIDGE",300.00,S,N,B,-,Y,MON,5,1,-,-,71.120,H,-,S,Y,4,0,1,2,A,-,08,22107,,N,D,C,A,A,H,-,A,D,0,,,,,Y,,A,01,0,0,1,0,0,0,0,0,0,"- ","- ",36.522219999999997,-121.92766,MONTEREY,UNINCORPORATED,-121.92764265,36.522131330000001
6616514,2014,2016-05-02,9730,2014-08-25,1730,020168,,1,2,9,2700,0,1,3,,2,062,"RT 1","RT 68",300.00,N,N,A,-,Y,MON,5,1,-,-,75.200,H,-,S,Y,4,0,1,2,A,-,03,22350,,N,C,C,A,A,H,-,A,D,1,,,,,Y,,A,08,0,0,1,0,0,0,0,0,0,"- ","- ",36.57694,-121.9101,MONTEREY,UNINCORPORATED,-121.91182918,36.575520210000001
6616518,2014,2016-05-09,9730,2014-08-28,0550,13024,,4,3,9,2700,0,3,5,,2,004,"MORANDA RD","RT 101",40.00,S,N,A,-,Y,MON,5,101,-,-,62.830,R,4,N,Y,4,0,1,2,A,-,03,22350,,N,A,C,A,A,H,-,B,D,1,,,,,Y,,A,07,0,0,1,0,0,0,0,0,0,"- ","- ",,,MONTEREY,UNINCORPORATED,-121.33795952,36.43330203
6616522,2014,2014-09-18,9730,2014-08-25,1806,019934,,1,2,9,2700,0,2,4,,1,073,"SALINAS RD","WERNER RD",528.00,N,N,A,-,N,,,,,,,,,,Y,4,0,2,2,A,-,08,22107,,N,C,C,A,A,H,-,A,D,0,,,,,Y,,A,01,0,0,2,0,0,0,0,0,0,"- ","- ",36.881959999999999,-121.74699,MONTEREY,UNINCORPORATED,-121.74966895,36.878678370000003
6616526,2014,2016-05-02,9730,2014-08-28,0800,015160,,4,1,3,2712,0,1,3,,2,062,"RT 1","IMJIN PKWY",4224.00,S,N,A,-,Y,MON,5,1,-,R,82.090,H,-,N,Y,4,0,2,1,A,-,08,22107,,N,F,A,A,A,H,-,A,D,1,,,,,Y,,A,01,0,0,2,0,0,0,0,0,0,"- ","- ",,,MONTEREY,MARINA,-121.82528334,36.640187879999999
6616530,2014,2016-05-02,9730,2014-08-29,1652,020576,,5,2,4,2706,0,1,3,,2,062,"RT 1","DEL MONTE AV",30.00,N,N,B,-,Y,MON,5,1,-,R,78.940,H,-,N,Y,4,0,1,1,A,-,08,22107,,N,E,I,A,A,H,-,A,D,1,,,,,Y,,A,01,0,0,1,0,0,0,0,0,0,"- ","- ",36.60463,-121.86096999999999,MONTEREY,MONTEREY,-121.86093459,36.605170010000002
6616534,2014,2016-05-09,9730,2014-08-30,0735,017502,,6,1,9,2700,0,1,3,,1,068,"RT 68","LAURELES GRADE",1584.00,W,N,A,-,Y,MON,5,68,-,-,10.920,H,-,W,Y,3,0,3,2,A,-,09,21801,A,N,A,C,A,A,H,-,A,D,0,,,,,Y,,A,01,0,2,1,0,0,0,0,0,0,"- ","- ",,,MONTEREY,UNINCORPORATED,-121.76104127000001,36.57036694
6616538,2014,2014-11-14,9730,2014-08-29,1335,017502,,5,1,9,2700,0,3,5,,2,002,"LAURELES GRADE","LAURELES RIDGE RD",800.00,N,N,A,-,N,,,,,,,,,,N,3,0,1,1,A,-,03,22350,,N,F,A,A,A,H,-,A,D,0,,,Y,,Y,,C,02,0,1,0,0,0,0,0,0,1,"- ","- ",,,MONTEREY,UNINCORPORATED,-121.74926136000001,36.531381850000002