CASE_ID,ACCIDENT_YEAR,PROC_DATE,JURIS,COLLISION_DATE,COLLISION_TIME,OFFICER_ID,REPORTING_DISTRICT,DAY_OF_WEEK,CHP_SHIFT,POPULATION,CNTY_CITY_LOC,SPECIAL_COND,BEAT_TYPE,CHP_BEAT_TYPE,CITY_DIVISION_LAPD,CHP_BEAT_CLASS,BEAT_NUMBER,PRIMARY_RD,SECONDARY_RD,DISTANCE,DIRECTION,INTERSECTION,WEATHER_1,WEATHER_2,STATE_HWY_IND,CALTRANS_COUNTY,CALTRANS_DISTRICT,STATE_ROUTE,ROUTE_SUFFIX,POSTMILE_PREFIX,POSTMILE,LOCATION_TYPE,RAMP_INTERSECTION,SIDE_OF_HWY,TOW_AWAY,COLLISION_SEVERITY,NUMBER_KILLED,NUMBER_INJURED,PARTY_COUNT,PRIMARY_COLL_FACTOR,PCF_CODE_OF_VIOL,PCF_VIOL_CATEGORY,PCF_VIOLATION,PCF_VIOL_SUBSECTION,HIT_AND_RUN,TYPE_OF_COLLISION,MVIW,PED_ACTION,ROAD_SURFACE,ROAD_COND_1,ROAD_COND_2,LIGHTING,CONTROL_DEVICE,CHP_ROAD_TYPE,PEDESTRIAN_ACCIDENT,BICYCLE_ACCIDENT,MOTORCYCLE_ACCIDENT,TRUCK_ACCIDENT,NOT_PRIVATE_PROPERTY,ALCOHOL_INVOLVED,STWD_VEHTYPE_AT_FAULT,CHP_VEHTYPE_AT_FAULT,COUNT_SEVERE_INJ,COUNT_VISIBLE_INJ,COUNT_COMPLAINT_PAIN,COUNT_PED_KILLED,COUNT_PED_INJURED,COUNT_BICYCLIST_KILLED,COUNT_BICYCLIST_INJURED,COUNT_MC_KILLED,COUNT_MC_INJURED,PRIMARY_RAMP,SECONDARY_RAMP,LATITUDE,LONGITUDE,COUNTY,CITY,POINT_X,POINT_Y
6616542,2014,2016-05-02,9730,2014-08-29,1135,018171,,5,1,9,2700,0,1,3,,1,022,"RT 1","RT 68",50.00,S,N,A,-,Y,MON,5,1,-,-,75.140,H,-,N,Y,4,0,1,2,A,-,03,22350,,N,C,C,A,A,H,-,A,D,1,,,,,Y,,A,01,0,0,1,0,0,0,0,0,0,"- ","- ",,,MONTEREY,UNINCORPORATED,-121.91222375,36.574692290000002
6616546,2014,2014-09-18,9730,2014-08-30,1550,018886,,6,2,9,2700,0,3,5,,2,006,"ESPINOZA RD","FOXWOOD LN",100.00,W,N,A,-,N,,,,,,,,,,N,4,0,1,3,A,-,03,22350,,N,C,C,A,A,H,-,A,D,0,,,,,Y,,D,22,0,0,1,0,0,0,0,0,0,"- ","- ",,,MONTEREY,UNINCORPORATED,-121.69004094,36.743933609999999
6616550,2014,2014-09-18,9730,2014-08-30,2201,019981,,6,3,9,2700,0,2,4,,1,023,"CARMEL VALLEY RD","COUNTRY RD",2640.00,E,N,A,-,N,,,,,,,,,,Y,3,0,1,1,A,-,03,22350,,N,E,I,A,A,H,-,D,D,0,,,,,Y,Y,A,07,0,1,0,0,0,0,0,0,0,"- ","- ",,,MONTEREY,UNINCORPORATED,-121.6569823,36.443137569999998
6616554,2014,2016-05-02,9730,2014-08-31,1422,018966,,7,2,9,2700,0,1,3,,1,074,"RT 1","SPRINGFIELD RD",1000.00,N,N,A,-,Y,MON,5,1,-,-,99.040,H,-,S,Y,4,0,2,4,A,-,03,22350,,N,C,C,A,A,H,-,A,D,0,,,,,Y,,A,01,0,0,2,0,0,0,0,0,0,"- ","- ",36.842039999999997,-121.77097999999999,MONTEREY,UNINCORPORATED,-121.77105591999999,36.841012059999997
6616558,2014,2016-05-02,9730,2014-08-31,2015,020621,,7,2,3,2712,0,1,3,,2,062,"RT 1","FREMONT BL",3696.00,N,N,A,-,Y,MON,5,1,-,R,81.440,H,-,N,Y,4,0,2,2,A,-,03,22350,,N,C,C,A,A,H,-,D,D,1,,,,,Y,,A,01,0,0,2,0,0,0,0,0,0,"- ","- ",36.639940000000003,-121.82553,MONTEREY,MARINA,-121.83296314,36.633692930000002
6617525,2014,2014-09-18,2706,2014-08-24,0223,301,MPD,7,5,4,2706,0,0,0,,0,002,"ALVARADO ST","PEARL ST",76.00,N,N,A,-,N,,,,,,,,,,Y,4,0,1,2,A,-,21,22106,,F,C,E,A,A,H,-,C,D,0,,,,,Y,,-,99,0,0,1,0,0,0,0,0,0,"- ","- ",,,MONTEREY,MONTEREY,-121.89488566999999,36.597944159999997
6617545,2014,2014-09-15,2706,2014-08-21,2007,107,2706,4,5,4,2706,0,0,0,,0,001,"PACIFIC ST","SCOTT ST",15.00,E,N,A,-,N,,,,,,,,,,N,4,0,1,2,A,-,10,21950,A,N,G,B,B,A,H,-,C,A,0,Y,,,,Y,,A,01,0,0,1,0,1,0,0,0,0,"- ","- ",,,MONTEREY,MONTEREY,-121.89537,36.603180000000002
6617565,2014,2014-09-15,2706,2014-08-22,1929,107,,5,5,4,2706,0,0,0,,0,003,"NORTH FREMONT ST","CASANOVA AV",115.00,W,N,A,-,N,,,,,,,,,,N,4,0,1,2,A,-,07,21658,A,N,B,C,A,A,H,-,D,D,0,,,Y,,Y,,A,01,0,0,1,0,0,0,0,0,1,"- ","- ",,,MONTEREY,MONTEREY,-121.8536153,36.597612490000003
6617590,2014,2014-09-18,2706,2014-08-23,1956,557,2706,6,5,4,2706,0,0,0,,0,002,MUNRAS,"SOLEDAD DR",0.00,,Y,B,-,N,,,,,,,,,,Y,4,0,2,4,A,-,08,22100,B,N,F,C,A,A,H,-,C,A,0,,,,,Y,,A,07,0,0,2,0,0,0,0,0,0,"- ","- ",,,MONTEREY,MONTEREY,-121.90185992000001,36.583360050000003
6618001,2014,2016-05-09,2708,2014-08-08,0926,75635,SALIN,5,5,6,2708,0,0,0,,0,,"WEST LAUREL DR","RT 101",10.00,W,N,A,-,Y,MON,5,101,-,R,89.070,R,4,N,N,4,0,1,2,A,-,21,22106,,N,C,C,A,A,H,-,A,A,0,,,,,Y,,-,,0,0,1,0,0,0,0,0,0,"- ",NF,,,MONTEREY,SALINAS,-121.66305262,36.695081569999999
6618002,2014,2014-09-22,2708,2014-08-30,1541,31110,,6,5,6,2708,0,0,0,,0,,"SOUTH SANBORN RD","JOHN ST",100.00,S,N,A,-,N,,,,,,,,,,Y,4,0,1,2,A,-,01,23152,B,N,C,C,A,A,H,-,A,A,0,,,,,Y,Y,-,,0,0,1,0,0,0,0,0,0,"- ","- ",,,MONTEREY,SALINAS,-121.62774892,36.669025699999999
6618003,2014,2014-09-22,2708,2014-08-17,1737,56294,,7,5,6,2708,0,0,0,,0,009,"SOUTH MAIN ST","E ACACIA",75.00,S,N,A,-,N,,,,,,,,,,Y,4,0,1,2,A,-,09,21804,B,N,D,C,A,A,H,-,A,A,0,,,,,Y,,-,,0,0,1,0,0,0,0,0,0,"- ","- ",,,MONTEREY,SALINAS,-121.65723796,36.664043759999998
6618005,2014,2014-09-22,2708,2014-08-08,1829,30349,SALIN,5,5,6,2708,0,0,0,,0,,"BORONDA RD","CONSTITUTION BL",1320.00,W,N,A,-,N,,,,,,,,,,Y,4,0,3,2,A,-,05,21460,A,N,B,C,A,A,H,-,A,D,0,,,,,Y,,-,,0,0,3,0,0,0,0,0,0,"- ","- ",,,MONTEREY,SALINAS,-121.60395849,36.707982100000002
6618007,2014,2015-11-30,2708,2014-08-17,2011,59156,SALIN,7,5,6,2708,0,0,0,,0,006,"NORTH DAVIS RD","WEST LAUREL DR",1056.00,N,N,A,-,N,,,,,,,,,,Y,2,0,1,2,A,-,11,21956,A,N,G,B,E,A,H,-,C,D,0,Y,,,,Y,Y,N,60,1,0,0,0,1,0,0,0,0,"- ","- ",,,MONTEREY,SALINAS,-121.66712422000001,36.700690190000003
6618009,2014,2014-09-22,2708,2014-08-06,1300,37663,,3,5,6,2708,0,0,0,,0,012,"BARDIN RD","CROSS AV",0.00,,Y,A,-,N,,,,,,,,,,N,4,0,1,2,A,-,09,21801,A,N,D,C,A,A,H,-,A,A,0,,,,,Y,,-,,0,0,1,0,0,0,0,0,0,"- ","- ",,,MONTEREY,SALINAS,-121.60613993,36.67867012
6618010,2014,2014-09-22,2708,2014-08-31,0846,69305,,7,5,6,2708,0,0,0,,0,007,"SOUTH MAIN ST","ROMIE LN",0.00,,Y,A,-,N,,,,,,,,,,Y,4,0,2,2,A,-,09,21801,A,N,A,C,A,A,A,-,A,A,0,,,,,Y,,-,,0,0,2,0,0,0,0,0,0,"- ","- ",,,MONTEREY,SALINAS,-121.65773987,36.662630110000002
6618011,2014,2014-09-22,2708,2014-08-13,2135,59034,,3,5,6,2708,0,0,0,,0,002,"NORTH MAIN ST","HARDEN PKWY",0.00,,Y,A,-,N,,,,,,,,,,Y,4,0,1,2,A,-,01,23152,A,F,D,C,A,A,H,-,C,A,0,,,,,Y,Y,-,,0,0,1,0,0,0,0,0,0,"- ","- ",,,MONTEREY,SALINAS,-121.65452995,36.713290010000001
6618013,2014,2014-09-22,2708,2014-08-06,1937,31977,,3,5,6,2708,0,0,0,,0,002,"NORTH MAIN ST","CHEROKEE DR",0.00,,Y,A,-,N,,,,,,,,,,Y,3,0,1,2,A,-,09,21804,,N,D,C,A,A,H,-,A,D,0,,,,,Y,,-,,0,1,0,0,0,0,0,0,0,"- ","- ",,,MONTEREY,SALINAS,-121.65437996,36.711640060000001
6618015,2014,2014-09-22,2708,2014-08-12,0535,80573,,2,5,6,2708,0,0,0,,0,010,"EAST LAUREL DR","NORTH SANBORN RD",600.00,W,N,A,-,N,,,,,,,,,,Y,2,0,1,2,A,-,11,21956,A,N,G,B,E,A,H,-,C,D,0,Y,,,,Y,,N,60,1,0,0,0,1,0,0,0,0,"- ","- ",,,MONTEREY,SALINAS,-121.62188980000001,36.684373669999999
6618017,2014,2014-09-27,2708,2014-08-02,2137,34725,,6,5,6,2708,0,0,0,,0,008,"NORTH MAIN ST","ROSSI ST",50.00,N,N,A,-,N,,,,,,,,,,Y,4,0,2,2,A,-,04,21703,,N,C,C,A,A,H,-,C,A,0,,,,,Y,,-,,0,0,2,0,0,0,0,0,0,"- ","- ",,,MONTEREY,SALINAS,-121.65404578,36.681022660000004
6618019,2014,2014-09-22,2708,2014-08-10,2144,69054,,7,5,6,2708,0,0,0,,0,003,BORONDA,"EL DORADO",300.00,E,N,A,-,N,,,,,,,,,,Y,3,0,3,2,A,-,08,22107,,N,A,C,A,A,H,-,C,D,0,,,,,Y,,-,,0,2,1,0,0,0,0,0,0,"- ","- ",,,MONTEREY,SALINAS,-121.63233439,36.715973220000002
6618021,2014,2014-09-22,2708,2014-08-08,0806,07904,,5,5,6,2708,0,0,0,,0,002,"EAST ALVIN DR","WHEELER DR",0.00,,Y,B,-,N,,,,,,,,,,Y,4,0,1,2,A,-,09,21801,A,N,A,C,A,A,H,-,A,D,0,,,,,Y,,-,,0,0,1,0,0,0,0,0,0,"- ","- ",,,MONTEREY,SALINAS,-121.65197000000001,36.708080029999998
6618022,2014,2014-09-22,2708,2014-08-30,0933,31974,,6,5,6,2708,0,0,0,,0,,"JOHN ST","ABBOTT ST",30.00,E,N,A,-,N,,,,,,,,,,Y,3,0,1,2,A,-,03,22350,,N,C,C,A,A,H,-,A,A,0,,,,,Y,,-,,0,1,0,0,0,0,0,0,0,"- ","- ",,,MONTEREY,SALINAS,-121.64677322999999,36.669456760000003
6618023,2014,2016-05-04,2708,2014-08-12,1912,56294,,2,5,6,2708,0,0,0,,0,009,"JOHN ST","RT 101",0.00,,Y,A,-,Y,MON,5,68,-,-,21.930,I,5,W,Y,4,0,2,2,A,-,09,21802,A,N,D,C,A,A,H,-,A,A,0,,,,,Y,,-,,0,0,2,0,0,0,0,0,0,"- ",SF,,,MONTEREY,SALINAS,-121.64088076,36.67110023
6632346,2014,2014-10-14,2706,2014-09-08,1859,635,MPD,1,5,4,2706,0,0,0,,0,002,"SOLEDAD DR","PACIFIC ST",0.00,,Y,A,-,N,,,,,,,,,,Y,4,0,1,2,A,-,09,21801,A,N,D,C,A,A,H,-,A,A,0,,,,,Y,,A,01,0,0,1,0,0,0,0,0,0,"- ","- ",,,MONTEREY,MONTEREY,-121.90286998000001,36.58425003
6636086,2014,2014-11-04,9730,2014-09-09,0625,015160,,2,1,9,2700,0,2,4,,1,075,"SAN JUAN RD","ALLISON RD",528.00,E,N,B,-,N,,,,,,,,,,N,3,0,2,3,A,-,09,21804,A,N,D,C,A,A,H,-,B,D,0,,,Y,,Y,,C,06,0,1,1,0,0,0,0,0,2,"- ","- ",,,MONTEREY,UNINCORPORATED,-121.73439393,36.90422512
6636131,2014,2014-10-14,9735,2014-08-29,0928,017681,,5,1,9,2700,0,2,4,,1,011,"ARROYO SECO RD","ELM AV",13200.00,W,N,A,-,N,,,,,,,,,,Y,3,0,1,1,A,-,08,22107,,N,E,I,A,A,H,-,A,D,0,,,,,Y,,D,22,0,1,0,0,0,0,0,0,0,"- ","- ",,,MONTEREY,UNINCORPORATED,-121.36023194000001,36.265947490000002
6636133,2014,2014-11-04,9730,2014-09-09,1958,019512,,2,2,9,2700,0,2,4,,1,073,"JOHNSON RD","HALL RD",1584.00,S,N,A,-,N,,,,,,,,,,Y,3,0,2,2,A,-,01,23152,A,N,B,C,A,A,H,-,D,D,0,,,,,Y,Y,D,22,0,1,1,0,0,0,0,0,0,"- ","- ",36.858649999999997,-121.70771999999999,MONTEREY,UNINCORPORATED,-121.70692963,36.857365979999997
6636134,2014,2016-05-09,9730,2014-09-13,1345,018171,,6,1,9,2700,0,1,3,,1,022,"RT 1","GRANITE CREEK BRIDGE",1056.00,S,N,A,-,Y,MON,5,1,-,-,64.150,H,-,N,Y,4,0,2,2,A,-,03,22350,,N,C,C,A,A,H,-,A,D,0,,,,,Y,,D,22,0,0,2,0,0,0,0,0,0,"- ","- ",,,MONTEREY,UNINCORPORATED,-121.91769392,36.43260188
6636141,2014,2014-11-05,9730,2014-09-10,0700,14584,,3,1,9,2700,0,3,5,,2,006,"DAVIS RD","MARKET ST",50.00,N,N,A,-,N,,,,,,,,,,N,4,0,1,2,A,-,03,22350,,N,C,C,A,A,H,-,A,D,0,,,,,Y,,A,01,0,0,1,0,0,0,0,0,0,"- ","- ",,,MONTEREY,UNINCORPORATED,-121.67452435,36.684869849999998
6636142,2014,2014-11-13,9730,2014-09-12,1315,017502,,5,1,9,2700,0,2,4,,2,063,"BLANCO RD","COOPER RD",2640.00,W,N,A,-,N,,,,,,,,,,Y,4,0,1,2,A,-,03,22350,,N,C,C,A,A,H,-,A,D,0,,,,,Y,,A,01,0,0,1,0,0,0,0,0,0,"- ","- ",,,MONTEREY,UNINCORPORATED,-121.7439949,36.678362190000001
6636157,2014,2016-05-02,9730,2014-09-09,0537,018312,,2,3,9,2700,0,1,2,,1,030,"RT 101","OLD STAGE RD",1056.00,S,N,A,-,Y,MON,5,101,-,-,72.410,H,-,N,Y,4,0,2,3,A,-,03,22350,,N,C,C,A,A,H,-,D,D,1,,,,,Y,,A,01,0,0,2,0,0,0,0,0,0,"- ","- ",,,MONTEREY,UNINCORPORATED,-121.46087231,36.523125899999997
6636318,2014,2014-10-27,2712,2014-09-23,0859,274,,2,5,3,2712,0,0,0,,0,001,"IMJIN PKWY","ABRAMS DR",520.00,W,N,A,-,N,,,,,,,,,,Y,4,0,1,2,A,-,03,22350,,N,C,C,A,A,D,-,A,A,0,,,,,Y,,A,01,0,0,1,0,0,0,0,0,0,"- ","- ",,,MONTEREY,MARINA,-121.79473358,36.664804820000001
6636904,2014,2014-11-06,9735,2014-09-14,2250,019965,,7,3,9,2700,0,3,5,,2,001,"MESA VERDE RD","1ST ST",528.00,S,N,-,-,N,,,,,,,,,,Y,4,0,1,1,A,-,08,22107,,N,E,J,A,-,-,-,-,D,0,,,,,Y,,A,01,0,0,1,0,0,0,0,0,0,"- ","- ",36.199660000000002,-121.11230999999999,MONTEREY,UNINCORPORATED,-121.11150071,36.199347469999999
6636908,2014,2016-05-09,9735,2014-09-18,1128,017681,,4,1,3,2704,0,1,2,,1,040,"RT 101","S GREENFIELD",3168.00,S,N,B,-,Y,MON,5,101,-,-,52.060,H,-,N,Y,3,0,1,1,A,-,08,22107,,N,E,I,A,A,H,-,A,D,3,,,,,Y,,A,07,0,1,0,0,0,0,0,0,0,"- ","- ",36.311630000000001,-121.23275,MONTEREY,GREENFIELD,-121.22741187,36.307422610000003
6636916,2014,2014-10-29,9735,2014-09-07,0205,019894,,7,3,9,2700,0,3,5,,2,004,"CHOLAME RD","PARKFIELD CEMETERY RD",16896.00,S,N,A,-,N,,,,,,,,,,Y,2,0,1,1,C,-,18,,,N,A,H,A,A,H,-,D,D,0,,,Y,,Y,,-,"- ",1,0,0,0,0,0,0,0,1,"- ","- ",35.840649999999997,-120.30110000000001,MONTEREY,UNINCORPORATED,-120.3810491,35.840703150000003
6601512,2014,2014-09-09,9730,2014-08-15,0550,019635,,5,3,9,2700,0,2,4,,1,073,"WILLOW RD","HALL RD",0.00,,Y,B,F,N,,,,,,,,,,N,4,0,1,2,A,-,09,21802,A,N,D,C,A,B,H,-,B,A,0,,,,,Y,,A,08,0,0,1,0,0,0,0,0,0,"- ","- ",36.86515,-121.73488999999999,MONTEREY,UNINCORPORATED,-121.73505991,36.865670090000002
6601516,2014,2016-05-09,9730,2014-08-14,1612,020057,,4,2,9,2700,0,1,3,,1,068,"RT 68","SAN BENANCIO RD",313.00,W,N,A,-,Y,MON,5,68,-,-,13.270,H,-,W,Y,2,0,1,2,A,-,08,22107,,N,C,C,A,A,H,-,A,D,0,,,Y,,Y,,C,02,1,0,0,0,0,0,0,0,1,"- ","- ",36.579230000000003,-121.72229,MONTEREY,UNINCORPORATED,-121.72170752,36.579350599999998
6601520,2014,2016-05-02,9730,2014-08-17,0655,13024,,7,1,9,2700,0,1,3,,2,062,"RT 1","TIOGA AV",1056.00,N,N,B,-,Y,MON,5,1,-,R,80.290,H,-,S,Y,4,0,1,1,A,-,08,22107,,N,E,I,A,A,H,-,A,D,1,,,,,Y,,A,07,0,0,1,0,0,0,0,0,0,"- ","- ",,,MONTEREY,UNINCORPORATED,-121.84695626,36.62046084
6601521,2014,2014-09-10,9730,2014-08-15,0015,01784,,5,3,9,2700,0,3,5,,2,002,"JOSSELYN CANYON RD","MARK THOMAS DR",2112.00,E,N,B,-,N,,,,,,,,,,Y,4,0,1,1,A,-,01,23152,A,N,E,I,A,A,H,-,D,A,0,,,,,Y,Y,A,01,0,0,1,0,0,0,0,0,0,"- ","- ",,,MONTEREY,UNINCORPORATED,-121.87079672,36.589147490000002
6601525,2014,2016-05-02,9730,2014-08-14,1615,020168,,4,2,9,2700,0,1,3,,1,022,"RT 1","POINT LOBOS",30.00,S,N,A,-,Y,MON,5,1,-,-,70.410,H,-,N,N,4,0,1,2,A,-,03,22350,,N,C,C,A,A,H,-,A,D,0,,,,,Y,,A,01,0,0,1,0,0,0,0,0,0,"- ","- ",36.515860000000004,-121.93680999999999,MONTEREY,UNINCORPORATED,-121.93682389999999,36.515872700000003
6601529,2014,2016-05-02,9730,2014-08-07,1555,012079,,4,2,9,2700,0,1,3,,1,014,"RT 1","ANDREW MOLERA STATE PK",1056.00,S,N,A,-,Y,MON,5,1,-,-,50.980,H,-,N,Y,4,0,1,1,A,-,08,22107,,N,E,I,A,A,H,-,A,D,0,,,,,Y,,-,99,0,0,1,0,0,0,0,0,0,"- ","- ",,,MONTEREY,UNINCORPORATED,-121.84154307999999,36.286676980000003
6601533,2014,2016-05-09,9730,2014-08-09,1230,019837,,6,1,9,2700,0,1,3,,1,068,"RT 68","SAN BENANCIO RD",140.00,E,N,A,-,Y,MON,5,68,-,-,13.360,H,-,W,Y,4,0,1,4,A,-,03,22350,,N,C,C,A,A,H,-,A,A,0,,,,,Y,,A,07,0,0,1,0,0,0,0,0,0,"- ","- ",36.86168,-121.65170000000001,MONTEREY,UNINCORPORATED,-121.72034410000001,36.579992740000002
6601537,2014,2014-09-11,9730,2014-08-20,0745,18350,,3,1,9,2700,0,2,4,,2,063,"BLANCO RD","HITCHCOCK RD",3168.00,E,N,B,-,N,,,,,,,,,,Y,4,0,2,3,A,-,03,22350,,N,C,C,A,A,H,-,A,-,0,,,,,Y,,A,01,0,0,2,0,0,0,0,0,0,"- ","- ",,,MONTEREY,UNINCORPORATED,-121.69290323,36.671103100000003
6601541,2014,2016-05-02,9730,2014-08-20,0536,012079,,3,3,9,2700,0,1,3,,1,074,"RT 1","STRUVE RD",415.00,N,N,B,-,Y,MON,5,1,-,-,98.430,H,-,S,Y,4,0,2,3,A,-,03,22350,,F,C,C,A,A,H,-,D,D,0,,,,,Y,,A,01,0,0,2,0,0,0,0,0,0,"- ","- ",,,MONTEREY,UNINCORPORATED,-121.77099281,36.832136380000001
6601545,2014,2016-05-09,9730,2014-08-10,0535,019837,,7,3,9,2700,0,1,2,,1,070,"RT 101","PRUNEDALE SOUTH RD",528.00,S,N,A,-,Y,MON,5,101,-,-,95.220,H,-,S,Y,3,0,1,1,A,-,01,23152,A,N,E,I,A,A,H,-,A,D,5,,,,,Y,Y,A,01,0,1,0,0,0,0,0,0,0,"- ","- ",,,MONTEREY,UNINCORPORATED,-121.66831397,36.786347450000001
6601549,2014,2014-09-11,9730,2014-08-09,0645,019837,,6,1,9,2700,0,3,5,,2,007,"CARPENTERIA RD","SAN JUAN RD",528.00,N,N,A,-,N,,,,,,,,,,Y,3,0,1,1,A,-,08,22107,,N,E,I,A,A,H,-,B,D,0,,,,,Y,,A,01,0,1,0,0,0,0,0,0,0,"- ","- ",,,MONTEREY,UNINCORPORATED,-121.65226353,36.861286810000003
6618025,2014,2014-09-22,2708,2014-08-06,2130,55086,,3,5,6,2708,0,0,0,,0,012,"N SANBORN",GARNER,0.00,,Y,A,-,N,,,,,,,,,,N,3,0,1,2,A,-,10,21950,A,F,G,B,B,A,H,-,C,A,0,Y,,,,Y,,-,99,0,1,0,0,1,0,0,0,0,"- ","- ",,,MONTEREY,SALINAS,-121.61513994000001,36.686210070000001
6618027,2014,2014-09-22,2708,2014-08-10,1351,49014,,7,5,6,2708,0,0,0,,0,,"BORONDA RD","NATIVIDAD RD",528.00,E,N,A,-,N,,,,,,,,,,Y,4,0,1,4,A,-,03,22350,,N,C,C,A,A,H,-,A,D,0,,,,,Y,,-,,0,0,1,0,0,0,0,0,0,"- ","- ",,,MONTEREY,SALINAS,-121.62172605000001,36.715406969999997
6618029,2014,2014-09-22,2708,2014-08-09,1701,49014,,6,5,6,2708,0,0,0,,0,,"NORTH DAVIS RD","BRONDA CROSSING PL",528.00,N,N,A,-,N,,,,,,,,,,Y,4,0,2,2,A,-,03,22350,,N,C,C,A,A,H,-,A,A,0,,,,,Y,,-,,0,0,2,0,0,0,0,0,0,"- ","- ",,,MONTEREY,SALINAS,-121.66567888,36.72115075
6618031,2014,2014-09-22,2708,2014-08-21,2120,97152,,4,5,6,2708,0,0,0,,0,011,"NORTH SANBORN RD","DEL MONTE AV",200.00,S,N,A,-,N,,,,,,,,,,Y,4,0,1,2,A,-,01,23152,A,N,C,C,A,A,H,-,C,D,0,,,,,Y,Y,-,,0,0,1,0,0,0,0,0,0,"- ","- ",,,MONTEREY,SALINAS,-121.61137318,36.688338440000003
6618035,2014,2014-09-22,2708,2014-08-22,1757,76992,,5,5,6,2708,0,0,0,,0,,"JOHN ST","MEADOW DR",0.00,,Y,B,-,N,,,,,,,,,,Y,4,0,2,2,A,-,01,23152,A,N,D,C,A,A,H,-,A,A,0,,,,,Y,Y,-,,0,0,2,0,0,0,0,0,0,"- ","- ",,,MONTEREY,SALINAS,-121.63528993,36.670310030000003
6618039,2014,2014-09-22,2708,2014-08-18,0907,52823,,1,5,6,2708,0,0,0,,0,,"E ALISAL","PAJARO ST",0.00,,Y,B,-,N,,,,,,,,,,N,4,0,1,2,A,-,12,21453,A,N,D,C,A,A,H,-,A,A,0,,,,,Y,,-,,0,0,1,0,0,0,0,0,0,"- ","- ",,,MONTEREY,SALINAS,-121.65255986,36.674120000000002
6618043,2014,2014-09-22,2708,2014-08-20,0449,96860,,3,5,6,2708,0,0,0,,0,009,"SOUTH SANBORN RD","ABBOTT ST",140.00,E,N,A,-,N,,,,,,,,,,Y,4,0,1,2,A,-,03,22350,,N,C,C,A,A,H,-,C,D,0,,,,,Y,,-,,0,0,1,0,0,0,0,0,0,"- ","- ",,,MONTEREY,SALINAS,-121.63561411000001,36.657588830000002
6618047,2014,2015-10-06,2708,2014-08-18,0621,30510,,1,5,6,2708,0,0,0,,0,001,"NORTH MAIN ST","RUSSELL RD",200.00,S,N,B,-,N,,,,,,,,,,N,4,0,1,2,A,-,03,22350,,N,C,C,A,A,H,-,A,A,0,,,,,Y,,-,"- ",0,0,1,0,0,0,0,0,0,"- ","- ",,,MONTEREY,SALINAS,-121.65625,36.733882280000003
6618051,2014,2014-09-22,2708,2014-08-21,1515,52823,,4,5,6,2708,0,0,0,,0,,"NORTH MAIN ST","SANTA CLARA ST",0.00,,Y,A,-,N,,,,,,,,,,N,4,0,1,2,A,-,03,22350,,N,D,G,A,A,H,-,A,D,0,,Y,,,Y,,L,04,0,0,1,0,0,0,1,0,0,"- ","- ",,,MONTEREY,SALINAS,-121.65240991,36.68797009
6618055,2014,2014-09-22,2708,2014-08-20,1026,18355,2708,3,5,6,2708,0,0,0,,0,009,"ABBOTT ST","MALARIN ST",0.00,,Y,A,-,N,,,,,,,,,,Y,4,0,1,2,A,-,12,21453,A,N,D,C,A,A,H,-,A,A,0,,,,,Y,,-,,0,0,1,0,0,0,0,0,0,"- ","- ",,,MONTEREY,SALINAS,-121.64169995,36.66238001
6618059,2014,2014-09-19,2708,2014-08-27,0755,52823,,3,5,6,2708,0,0,0,,0,,"SAN JUAN GRADE RD","RUSSELL RD",0.00,,Y,A,-,N,,,,,,,,,,N,4,0,1,2,A,-,09,21801,B,N,A,G,A,A,H,-,A,A,0,,Y,,,Y,,L,04,0,0,1,0,0,0,1,0,0,"- ","- ",,,MONTEREY,SALINAS,-121.6410899,36.730160060000003
6618063,2014,2016-05-03,2708,2014-08-28,0910,18355,2708,4,5,6,2708,0,0,0,,0,006,"NORTH MAIN ST",ROSSI,100.00,S,N,A,-,Y,MON,5,183,-,-,0.410,H,-,S,N,3,0,1,2,A,-,09,21801,A,N,D,C,A,A,H,-,A,D,0,,,,,Y,,-,,0,1,0,0,0,0,0,0,0,"- ","- ",,,MONTEREY,SALINAS,-121.65397849,36.681089450000002
6636928,2014,2016-05-04,9730,2014-09-12,1135,020417,,5,1,9,2700,0,1,2,,1,030,"RT 101","ESPERANZA RD",3168.00,S,N,A,-,Y,MON,5,101,-,-,78.240,H,-,N,N,4,0,1,2,A,-,08,22107,,N,D,C,A,A,H,-,A,D,5,,,,,Y,,A,01,0,0,1,0,0,0,0,0,0,"- ","- ",36.582630000000002,-121.532,MONTEREY,UNINCORPORATED,-121.53267812999999,36.583307019999999
6636952,2014,2014-10-29,9730,2014-09-13,2140,018786,,6,2,9,2700,0,3,5,,2,004,"FANOE RD","ASSOCIATED LN",50.00,S,N,A,-,N,,,,,,,,,,Y,3,0,1,1,A,-,01,23152,A,M,E,I,A,A,H,-,D,D,0,,,,,Y,Y,A,07,0,1,0,0,0,0,0,0,0,"- ","- ",36.531489999999998,-121.44804999999999,MONTEREY,UNINCORPORATED,-121.44851,36.531500000000001
6636956,2014,2014-10-29,9730,2014-09-12,1940,020233,,5,2,9,2700,0,3,5,,2,007,"ELKHORN RD","WALKER VALLEY RD",1056.00,N,N,B,-,N,,,,,,,,,,Y,2,0,1,1,A,-,01,23152,A,N,F,A,A,A,H,-,D,D,0,,,,,Y,Y,A,01,1,0,0,0,0,0,0,0,0,"- ","- ",,,MONTEREY,UNINCORPORATED,-121.72395151000001,36.81560502
6636960,2014,2014-10-29,9730,2014-09-11,0555,015638,,4,3,9,2700,0,2,4,,1,073,"SALINAS RD","TRAFTON RD",0.00,,Y,E,-,N,,,,,,,,,,Y,4,0,1,2,A,-,07,21658,A,N,B,C,A,A,H,-,D,D,0,,,,,Y,,A,07,0,0,1,0,0,0,0,0,0,"- ","- ",,,MONTEREY,UNINCORPORATED,-121.74710997,36.886790009999999