CASE_ID,ACCIDENT_YEAR,PROC_DATE,JURIS,COLLISION_DATE,COLLISION_TIME,OFFICER_ID,REPORTING_DISTRICT,DAY_OF_WEEK,CHP_SHIFT,POPULATION,CNTY_CITY_LOC,SPECIAL_COND,BEAT_TYPE,CHP_BEAT_TYPE,CITY_DIVISION_LAPD,CHP_BEAT_CLASS,BEAT_NUMBER,PRIMARY_RD,SECONDARY_RD,DISTANCE,DIRECTION,INTERSECTION,WEATHER_1,WEATHER_2,STATE_HWY_IND,CALTRANS_COUNTY,CALTRANS_DISTRICT,STATE_ROUTE,ROUTE_SUFFIX,POSTMILE_PREFIX,POSTMILE,LOCATION_TYPE,RAMP_INTERSECTION,SIDE_OF_HWY,TOW_AWAY,COLLISION_SEVERITY,NUMBER_KILLED,NUMBER_INJURED,PARTY_COUNT,PRIMARY_COLL_FACTOR,PCF_CODE_OF_VIOL,PCF_VIOL_CATEGORY,PCF_VIOLATION,PCF_VIOL_SUBSECTION,HIT_AND_RUN,TYPE_OF_COLLISION,MVIW,PED_ACTION,ROAD_SURFACE,ROAD_COND_1,ROAD_COND_2,LIGHTING,CONTROL_DEVICE,CHP_ROAD_TYPE,PEDESTRIAN_ACCIDENT,BICYCLE_ACCIDENT,MOTORCYCLE_ACCIDENT,TRUCK_ACCIDENT,NOT_PRIVATE_PROPERTY,ALCOHOL_INVOLVED,STWD_VEHTYPE_AT_FAULT,CHP_VEHTYPE_AT_FAULT,COUNT_SEVERE_INJ,COUNT_VISIBLE_INJ,COUNT_COMPLAINT_PAIN,COUNT_PED_KILLED,COUNT_PED_INJURED,COUNT_BICYCLIST_KILLED,COUNT_BICYCLIST_INJURED,COUNT_MC_KILLED,COUNT_MC_INJURED,PRIMARY_RAMP,SECONDARY_RAMP,LATITUDE,LONGITUDE,COUNTY,CITY,POINT_X,POINT_Y
6636997,2014,2016-05-09,2707,2014-08-18,1630,1275,,1,5,3,2707,0,0,0,,0,001,"FOREST AV","DAVID AV",315.00,N,N,A,-,Y,MON,5,68,-,-,1.290,H,-,W,N,4,0,1,1,B,-,22,,,N,F,G,A,A,H,-,A,D,0,,Y,,,Y,,-,"- ",0,0,1,0,0,0,1,0,0,"- ","- ",,,MONTEREY,"PACIFIC GROVE",-121.92241341,36.607710590000003
6637037,2014,2014-10-06,2707,2014-08-20,0958,1622,2707,3,5,3,2707,0,0,0,,0,002,"17 MILE DR","LIGHTHOUSE AV",82.00,E,N,A,-,N,,,,,,,,,,N,3,0,1,1,A,-,12,22450,A,N,H,J,A,A,H,-,A,-,0,,Y,,,Y,,L,04,0,1,0,0,0,0,1,0,0,"- ","- ",,,MONTEREY,"PACIFIC GROVE",,
6637839,2014,2014-10-29,2706,2014-09-22,1132,939,MPD,1,5,4,2706,0,0,0,,0,001,"PRESCOTT AV","FOAM ST",0.00,,Y,A,-,N,,,,,,,,,,Y,2,0,3,2,A,-,12,21453,A,N,D,C,A,A,H,-,A,A,0,,,,,Y,,D,22,1,0,2,0,0,0,0,0,0,"- ","- ",,,MONTEREY,MONTEREY,-121.90183992999999,36.615160099999997
6641905,2014,2014-10-13,2710,2014-08-23,1439,37797,,6,5,4,2710,0,0,0,,0,02B,"FREMONT BL","CHARLES AV",0.00,,Y,A,-,N,,,,,,,,,,N,3,0,3,2,A,-,03,22350,,F,C,C,A,A,H,-,A,A,0,,,,,Y,,A,01,0,1,2,0,0,0,0,0,0,"- ","- ",,,MONTEREY,SEASIDE,-121.84999994,36.600060030000002
6642276,2014,2014-10-06,9730,2014-09-05,1825,019127,,5,2,9,2700,0,2,4,,1,073,"SALINAS RD","JONATHAN ST",25.00,N,N,A,-,N,,,,,,,,,,Y,4,0,3,2,A,-,03,22350,,N,C,C,A,A,H,-,B,D,0,,,,,Y,Y,A,01,0,0,3,0,0,0,0,0,0,"- ","- ",36.900959999999998,-121.74821,MONTEREY,UNINCORPORATED,-121.74817466,36.90088858
6642280,2014,2014-10-06,9730,2014-09-03,1750,017785,,3,2,9,2700,0,3,5,,2,004,"ENCINAL RD","OLD STAGE RD",6864.00,E,N,A,-,N,,,,,,,,,,Y,3,0,1,1,A,-,08,22107,,N,E,I,A,A,H,-,A,D,0,,,,,Y,,A,01,0,1,0,0,0,0,0,0,0,"- ","- ",36.6203,-121.5082,MONTEREY,UNINCORPORATED,-121.50847837000001,36.620169570000002
6642284,2014,2014-10-06,9730,2014-09-03,1424,12513,,3,2,9,2700,0,3,5,,2,005,"PESANTE RD","POLLOCK LN",950.00,W,N,A,-,N,,,,,,,,,,N,4,0,1,2,A,-,09,21804,A,N,D,C,A,A,H,-,A,D,0,,,,,Y,,A,01,0,0,1,0,0,0,0,0,0,"- ","- ",36.776409999999998,-121.66549000000001,MONTEREY,UNINCORPORATED,-121.66633003,36.776331540000001
6642288,2014,2014-10-06,9730,2014-09-03,1427,012332,,3,2,9,2700,0,3,5,,2,005,"CAMINO REAL","MESSICK RD",528.00,N,N,A,-,N,,,,,,,,,,N,2,0,1,2,A,-,11,21954,A,N,G,B,D,A,H,-,A,D,0,Y,,,,Y,,N,60,1,0,0,0,1,0,0,0,0,"- ","- ",,,MONTEREY,UNINCORPORATED,,
6642292,2014,2014-10-06,9730,2014-09-07,1737,019512,,7,2,9,2700,0,3,5,,2,005,"SAN JUAN GRADE RD","CRAZY HORSE CANYON RD",36960.00,N,N,A,-,N,,,,,,,,,,Y,4,0,2,1,A,-,08,22107,,N,E,I,A,A,H,-,A,D,0,,,,,Y,,A,01,0,0,2,0,0,0,0,0,0,"- ","- ",36.80124,-121.58020999999999,MONTEREY,UNINCORPORATED,-121.57496999999999,36.81794
6642296,2014,2016-05-09,9730,2014-09-07,2104,019512,,7,2,9,2700,0,1,2,,1,070,"RT 101","BERTA CANYON RD",180.00,S,N,A,-,Y,MON,5,101,-,-,95.290,H,-,N,Y,3,0,5,6,A,-,03,22350,,M,C,C,A,A,H,-,D,D,5,,,,,Y,,A,01,0,1,4,0,0,0,0,0,0,"- ","- ",36.787320000000001,-121.66795999999999,MONTEREY,UNINCORPORATED,-121.66795801000001,36.787334899999998
6642300,2014,2014-10-06,9730,2014-09-08,1420,13024,,1,2,9,2700,0,3,5,,2,003,"RIVER RD","LOS PALMAS PKWY",528.00,S,N,A,-,N,,,,,,,,,,Y,4,0,1,2,A,-,03,22350,,N,C,C,A,A,H,-,A,D,0,,,,,Y,,A,01,0,0,1,0,0,0,0,0,0,"- ","- ",,,MONTEREY,UNINCORPORATED,-121.64291715,36.606571969999997
6642304,2014,2014-10-06,9730,2014-09-08,0650,13024,,1,1,9,2700,0,3,5,,2,004,"OLD STAGE RD","SPENCE RD",300.00,S,N,A,-,N,,,,,,,,,,Y,4,0,1,1,A,-,08,22107,,N,-,-,A,A,H,-,B,D,0,,,,,Y,,A,01,0,0,1,0,0,0,0,0,0,"- ","- ",,,MONTEREY,UNINCORPORATED,-121.53895093,36.629553850000001
6642308,2014,2016-05-02,9730,2014-09-07,1345,018171,,7,1,9,2700,0,1,3,,1,014,"RT 1","ROCKY POINT RD",100.00,S,N,A,-,Y,MON,5,1,-,-,61.900,H,-,N,Y,4,0,3,2,A,-,03,22350,,N,C,C,A,A,H,-,A,A,0,,,,,Y,,A,07,0,0,3,0,0,0,0,0,0,"- ","- ",,,MONTEREY,UNINCORPORATED,-121.90904157999999,36.402903790000003
6642312,2014,2016-05-02,9730,2014-09-07,0140,019315,,7,3,3,2712,0,1,3,,2,062,"RT 1","RESERVATION RD",40.00,N,N,A,-,Y,MON,5,1,-,R,86.520,H,-,S,Y,4,0,1,1,A,-,08,22107,,N,E,I,A,A,H,-,D,D,1,,,,,Y,,A,01,0,0,1,0,0,0,0,0,0,"- ","- ",,,MONTEREY,MARINA,-121.80487925,36.697204300000003
6642316,2014,2016-05-09,9730,2014-09-14,0225,019127,,7,3,6,2708,0,1,2,,1,050,"RT 101","NORTH MAIN ST",300.00,N,N,A,-,Y,MON,5,101,-,R,88.460,R,2,N,Y,2,0,1,1,A,-,01,23152,A,N,F,A,A,A,H,-,C,D,1,,,Y,,Y,Y,C,02,1,0,0,0,0,0,0,0,1,"- ","- ",36.688099999999999,-121.65282999999999,MONTEREY,SALINAS,-121.65557233,36.688860499999997
6642341,2014,2014-10-06,2708,2014-07-21,0012,00001,,1,5,6,2708,0,0,0,,0,,"MYRTLE ST","CIRCLE DR",0.00,,Y,B,-,N,,,,,,,,,,Y,3,0,1,1,A,-,01,23152,A,N,E,I,A,A,H,-,C,D,0,,,,,Y,Y,A,01,0,1,0,0,0,0,0,0,0,"- ","- ",36.679090000000002,-121.62345000000001,MONTEREY,SALINAS,-121.62321991,36.679040039999997
6642349,2014,2016-05-09,9730,2014-07-06,1130,18283,,7,1,9,2700,0,1,2,,1,070,"RT 101","DUNBARTON RD",77.00,S,N,A,-,Y,MON,5,101,-,-,101.380,H,-,N,N,4,0,1,3,A,-,04,21703,,N,C,C,A,A,H,-,A,D,0,,,,,Y,,A,01,0,0,1,0,0,0,0,0,0,"- ","- ",36.84478,-121.6343,MONTEREY,UNINCORPORATED,-121.6343,36.84478
6644887,2014,2014-10-10,9730,2014-09-06,0435,020621,,6,3,9,2700,0,3,5,,2,003,"AVENIDA PRINCIPAL","CUESTA VERDE",0.00,,Y,A,-,N,,,,,,,,,,Y,3,0,1,2,A,-,09,21802,A,N,D,C,A,A,H,-,C,A,0,,,,,Y,,A,01,0,1,0,0,0,0,0,0,0,"- ","- ",36.566339999999997,-121.73734,MONTEREY,UNINCORPORATED,-121.73729991,36.566310059999999
6644935,2014,2016-05-09,9730,2014-09-05,1406,018966,,5,2,9,2700,0,1,2,,1,070,"RT 101","MALLORY CANYON RD",200.00,S,N,A,-,Y,MON,5,101,-,-,97.770,H,-,N,Y,4,0,1,3,A,-,03,22350,,N,C,C,A,A,H,-,A,D,5,,,,,Y,,A,07,0,0,1,0,0,0,0,0,0,"- ","- ",36.812930000000001,-121.64165,MONTEREY,UNINCORPORATED,-121.64163469,36.81321938
6644939,2014,2016-05-02,9730,2014-09-05,1806,019981,,5,2,3,2712,0,1,3,,2,062,"RT 1","IMJIN PKWY",528.00,S,N,A,-,Y,MON,5,1,-,R,82.790,H,-,S,Y,3,0,1,1,A,-,08,22107,,N,E,I,A,A,H,-,A,D,1,,,,,Y,,A,01,0,1,0,0,0,0,0,0,0,"- ","- ",,,MONTEREY,MARINA,-121.81659619,36.64632065
6644987,2014,2014-10-07,2710,2014-08-05,1853,38145,,2,5,4,2710,0,0,0,,0,002,"FREMONT BL","SAN PABLO AV",96.00,N,N,A,-,N,,,,,,,,,,N,4,0,1,2,A,-,08,22107,,N,B,C,A,A,H,-,A,D,0,,,,,Y,,-,,0,0,1,0,0,0,0,0,0,"- ","- ",,,MONTEREY,SEASIDE,-121.84258882,36.615164989999997
6644991,2014,2014-10-07,2710,2014-08-19,1616,38390,SEASI,2,5,4,2710,0,0,0,,0,02A,"DEL MONTE BL","LIGHTPOST 4301",6.00,N,N,A,-,N,,,,,,,,,,N,3,0,1,1,A,-,03,22350,,N,E,I,A,A,H,-,A,D,0,,,,,Y,,-,,0,1,0,0,0,0,0,0,0,"- ","- ",,,MONTEREY,SEASIDE,,
6645005,2014,2016-05-02,9730,2014-08-27,0730,18350,,3,1,4,2710,0,1,3,,2,062,"RT 1","FREMONT BL",3168.00,N,N,A,-,Y,MON,5,1,-,R,81.350,H,-,S,Y,2,0,2,4,A,-,08,22107,,N,C,C,A,A,H,-,A,D,1,,,Y,,Y,,C,02,1,1,0,0,0,0,0,0,2,"- ","- ",36.635260000000002,-121.8318,MONTEREY,SEASIDE,-121.83425201,36.6327262
6646496,2014,2014-11-07,2708,2014-09-16,1505,,,2,5,6,2708,0,0,0,,0,,"SHERWOOD DR","CALLE CEBU",200.00,S,N,A,-,N,,,,,,,,,,N,4,0,1,3,A,-,03,22350,,N,C,C,A,A,H,-,A,A,0,,,,,Y,,D,22,0,0,1,0,0,0,0,0,0,"- ","- ",,,MONTEREY,SALINAS,-121.65024981000001,36.679659139999998
6646508,2014,2016-05-09,9730,2014-09-12,0523,020233,,5,3,9,2700,0,1,2,,1,030,"RT 101","RT 146",830.00,N,N,E,-,Y,MON,5,101,-,-,61.740,H,-,N,Y,3,0,1,2,A,-,03,22350,,N,B,C,A,A,H,-,D,D,1,,,,Y,Y,,A,01,0,1,0,0,0,0,0,0,0,"- ","- ",36.421340000000001,-121.32529,MONTEREY,UNINCORPORATED,-121.32533466,36.421438729999998
6646512,2014,2016-05-09,9730,2014-09-12,0520,020333,,5,3,9,2700,0,1,2,,1,030,"RT 101","RT 146",1056.00,N,N,E,-,Y,MON,5,101,-,-,61.780,H,-,S,Y,4,0,2,1,A,-,08,22107,,N,E,I,A,A,H,-,D,D,1,,,,Y,Y,,G,25,0,0,2,0,0,0,0,0,0,"- ","- ",36.421340000000001,-121.32529,MONTEREY,UNINCORPORATED,-121.32590642,36.42171304
6646519,2014,2014-10-16,9730,2014-09-14,1628,20057,,7,2,9,2700,0,3,5,,2,005,"RUSSELL RD","NORTH MAIN ST",1320.00,E,N,A,-,N,,,,,,,,,,Y,4,0,1,2,A,-,08,22100,B,N,D,C,A,A,H,-,A,D,0,,,,,Y,,D,22,0,0,1,0,0,0,0,0,0,"- ","- ",36.733150000000002,-121.65168,MONTEREY,UNINCORPORATED,-121.65245183,36.733035260000001
6646528,2014,2014-10-28,9730,2014-09-16,1905,017785,,2,2,9,2700,0,3,5,,2,004,"ALISAL RD","HARTNELL RD",2112.00,N,N,A,-,N,,,,,,,,,,Y,3,0,3,2,A,-,03,22350,,N,C,C,A,A,H,-,A,D,0,,,,Y,Y,,D,22,0,2,1,0,0,0,0,0,0,"- ","- ",36.652250000000002,-121.58286,MONTEREY,UNINCORPORATED,-121.58096448000001,36.650095950000001
6646531,2014,2016-05-09,9730,2014-09-12,0515,20621,,5,3,3,2711,0,1,2,,1,030,"RT 101","RT 146",1056.00,N,N,B,-,Y,MON,5,101,-,-,61.780,H,-,N,Y,4,0,1,1,A,-,03,22350,,N,E,I,A,A,H,-,D,D,1,,,,,Y,,D,22,0,0,1,0,0,0,0,0,0,"- ","- ",36.421959999999999,-121.32593,MONTEREY,SOLEDAD,-121.32576211999999,36.421913230000001
6618067,2014,2014-09-19,2708,2014-08-23,1404,69305,,6,5,6,2708,0,0,0,,0,007,"SOUTH MAIN ST","STEPHANIE DR",0.00,,Y,A,-,N,,,,,,,,,,Y,3,0,3,2,A,-,09,21801,A,N,A,C,A,A,H,-,A,D,0,,,,,Y,,-,,0,3,0,0,0,0,0,0,0,"- ","- ",,,MONTEREY,SALINAS,-121.6608099,36.653860020000003
6618071,2014,2014-09-19,2708,2014-08-25,0747,52823,,1,5,6,2708,0,0,0,,0,,"SAN VINCENTE AV","COLLEGE DR",0.00,,Y,B,-,N,,,,,,,,,,N,4,0,1,2,A,-,09,21802,A,N,D,C,A,A,H,-,A,A,0,,,,,Y,,-,,0,0,1,0,0,0,0,0,0,"- ","- ",,,MONTEREY,SALINAS,-121.66840987,36.670000010000003
6618075,2014,2014-09-22,2708,2014-08-23,0710,98282,,6,5,6,2708,0,0,0,,0,008,"E ALISAL","PAJARO ST",0.00,,Y,A,-,N,,,,,,,,,,Y,4,0,1,2,A,-,12,21453,A,N,D,C,A,A,H,-,A,A,0,,,,,Y,,-,,0,0,1,0,0,0,0,0,0,"- ","- ",,,MONTEREY,SALINAS,-121.65255986,36.674120000000002
6618079,2014,2014-09-22,2708,2014-08-23,1247,75334,,6,5,6,2708,0,0,0,,0,,"NORTH MAIN ST","CHEROKEE DR",325.00,N,N,A,-,N,,,,,,,,,,Y,3,0,5,2,A,-,01,23152,A,N,A,C,A,A,H,-,A,D,0,,,,,Y,,-,,0,2,3,0,0,0,0,0,0,"- ","- ",,,MONTEREY,SALINAS,-121.65455745,36.712521330000001
6620965,2014,2015-01-09,2706,2014-09-03,1457,201,2706,3,5,4,2706,0,0,0,,0,002,"CAMINO EL ESTERO","FRANKLIN ST",0.00,,Y,A,-,N,,,,,,,,,,N,4,0,1,2,A,-,"- ",,,N,C,C,A,A,H,-,A,A,0,,,,,Y,,A,01,0,0,1,0,0,0,0,0,0,"- ","- ",,,MONTEREY,MONTEREY,-121.88749991,36.598890089999998
6625848,2014,2014-09-24,2712,2014-08-27,0758,300,,3,5,3,2712,0,0,0,,0,001,"IMJIN PKWY","3RD AV",0.00,,Y,A,-,N,,,,,,,,,,Y,4,0,1,2,A,-,09,21801,A,N,D,C,A,A,H,-,A,A,0,,,,,Y,,A,01,0,0,1,0,0,0,0,0,0,"- ","- ",,,MONTEREY,MARINA,-121.80454999,36.666480059999998
6627008,2014,2016-05-09,2706,2014-09-11,0625,590,2706,4,5,4,2706,0,0,0,,0,003,"RT 68","RAGSDALE DR",49.00,W,N,D,-,Y,MON,5,68,-,-,7.070,H,-,W,Y,3,0,1,2,A,-,09,21453,B,N,D,C,A,A,H,-,A,A,0,,,,,Y,,D,22,0,1,0,0,0,0,0,0,0,"- ","- ",,,MONTEREY,MONTEREY,-121.82527005999999,36.57804745
6658336,2014,2014-12-19,2706,2014-10-10,2223,107,,5,5,4,2706,0,0,0,,0,002,"MADISON ST","VAN BUREN CIR",0.00,,Y,A,-,N,,,,,,,,,,Y,4,0,3,2,A,-,01,23153,A,N,-,C,A,A,H,-,C,A,0,,,,,Y,Y,A,07,0,0,3,0,0,0,0,0,0,"- ","- ",,,MONTEREY,MONTEREY,-121.89868989999999,36.597150040000002
6658722,2014,2014-10-28,2709,2014-09-16,1800,512,2709,2,5,1,2709,0,0,0,,0,ALL,"CALIFORNIA AV","PLAYA AV",0.00,,Y,A,-,N,,,,,,,,,,N,4,0,1,2,B,-,22,,,N,G,B,C,A,H,-,A,A,0,Y,,,,Y,,N,60,0,0,1,0,1,0,0,0,0,"- ","- ",,,MONTEREY,"SAND CITY",-121.84341999999999,36.618930089999999
6658965,2014,2014-12-26,9735,2014-10-02,2025,18069,,4,2,9,2700,0,3,5,,2,001,"LOS COCHES RD","THORNE RD",13728.00,N,N,A,-,N,,,,,,,,,,Y,3,0,2,1,A,-,08,22107,,N,E,I,A,A,H,-,C,D,0,,,,,Y,,-,"- ",0,1,1,0,0,0,0,0,0,"- ","- ",36.356659999999998,-121.30183,MONTEREY,UNINCORPORATED,-121.30410825,36.356718180000001
6659099,2014,2014-10-24,2706,2014-09-24,1941,103,,3,5,4,2706,0,0,0,,0,,FRANKLIN,"PACIFIC ST",0.00,,Y,B,-,N,,,,,,,,,,Y,4,0,1,2,A,-,12,21453,A,N,D,C,A,A,H,-,C,A,0,,,,,Y,,A,01,0,0,1,0,0,0,0,0,0,"- ","- ",,,MONTEREY,MONTEREY,-121.89580997,36.60019011
6659103,2014,2014-10-24,2706,2014-09-29,1409,201,2706,1,5,4,2706,0,0,0,,0,003,"N FREMONT","CASANOVA AV",40.00,W,N,A,-,N,,,,,,,,,,Y,3,0,2,2,A,-,03,22350,,N,C,C,A,A,H,-,A,A,0,,,,,Y,,A,01,0,1,1,0,0,0,0,0,0,"- ","- ",,,MONTEREY,MONTEREY,-121.85336402,36.597650000000002
6601553,2014,2016-05-02,9730,2014-08-09,2030,019981,,6,2,9,2700,0,1,3,,1,014,"RT 1","LITTLE SUR RIVER BR",1056.00,S,N,A,-,Y,MON,5,1,-,-,55.900,H,-,N,Y,3,0,2,1,A,-,03,22350,,N,E,I,A,A,H,-,D,D,0,,,,,Y,,A,01,0,2,0,0,0,0,0,0,0,"- ","- ",,,MONTEREY,UNINCORPORATED,-121.88866005,36.331817819999998
6602054,2014,2014-09-08,2706,2014-06-30,1636,229,2706,1,5,4,2706,0,0,0,,0,002,"SOLEDAD DR","VIA ESPERANZA",0.00,,Y,A,-,N,,,,,,,,,,Y,4,0,1,2,A,-,08,22107,,N,D,C,A,A,H,-,A,A,0,,,,,Y,,A,07,0,0,1,0,0,0,0,0,0,"- ","- ",,,MONTEREY,MONTEREY,-121.90437987999999,36.585370109999999
6603250,2014,2014-09-03,2701,2014-08-19,1301,5460,2701,2,5,2,2701,0,0,0,,0,00N,"4TH AV","CARPENTER ST",0.00,,Y,B,-,N,,,,,,,,,,Y,4,0,1,2,A,-,09,21802,A,N,D,C,A,A,H,-,A,A,0,,,,,Y,,A,01,0,0,1,0,0,0,0,0,0,"- ","- ",,,MONTEREY,CARMEL,-121.91558986,36.558170089999997
6604114,2014,2014-09-10,2706,2014-08-08,1009,148,2706,5,5,4,2706,0,0,0,,0,002,"SKYLINE DR","SKYLINE FOREST DR",0.00,,Y,B,-,N,,,,,,,,,,Y,4,0,1,1,A,-,08,22107,,N,E,-,A,A,H,-,A,D,0,,,,,Y,,A,01,0,0,1,0,0,0,0,0,0,"- ","- ",,,MONTEREY,MONTEREY,-121.91470997,36.586400070000003
6604118,2014,2014-09-10,2706,2014-08-06,1533,031,,3,5,4,2706,0,0,0,,0,001,"FRANKLIN ST","MONROE ST",0.00,,Y,A,-,N,,,,,,,,,,N,4,0,1,2,A,-,21,22106,,F,C,C,A,A,H,-,A,A,0,,,,,Y,,A,01,0,0,1,0,0,0,0,0,0,"- ","- ",,,MONTEREY,MONTEREY,-121.90095988,36.601420070000003
6604142,2014,2014-09-10,2706,2014-08-04,1350,229,2706,1,5,4,2706,0,0,0,,0,001,"MADISON ST","LARKIN ST",0.00,,Y,A,-,N,,,,,,,,,,Y,4,0,2,2,A,-,12,22450,A,N,D,C,A,A,C,-,A,A,0,,,,,Y,,A,01,0,0,2,0,0,0,0,0,0,"- ","- ",,,MONTEREY,MONTEREY,-121.89987999,36.597380090000001
6605964,2014,2015-05-07,2706,2014-08-14,1053,031,,4,5,4,2706,0,0,0,,0,003,"DEL MONTE AV","ENGLISH AV",0.00,,N,A,-,N,,,,,,,,,,N,4,0,1,2,A,-,03,22350,,N,C,C,A,A,H,-,A,A,0,,,,,Y,,A,01,0,0,1,0,0,0,0,0,0,"- ","- ",,,MONTEREY,MONTEREY,-121.86071986,36.604820089999997
6606259,2014,2015-12-29,9730,2014-03-08,0057,18946,,6,3,9,2700,0,3,5,,2,002,"ESQUILINE RD","CARMEL VALLEY RD",300.00,S,N,B,-,N,,,,,,,,,,N,1,1,0,2,A,-,01,23152,A,N,G,B,E,A,H,-,D,D,0,Y,,,,Y,Y,A,07,0,0,0,1,0,0,0,0,0,"- ","- ",,,MONTEREY,UNINCORPORATED,-121.72844391,36.477025060000003
6606320,2014,2014-10-15,9730,2014-07-22,2255,17785,,2,3,9,2700,0,1,2,,1,030,"RT 101","MAIN ST",2112.00,N,N,A,-,Y,MON,5,101,-,-,77.390,H,-,N,Y,1,1,0,1,A,-,01,23152,A,N,E,I,A,A,H,-,C,D,1,,,,,Y,Y,A,01,0,0,0,0,0,0,0,0,0,"- ","- ",36.573909999999998,-121.52275,MONTEREY,UNINCORPORATED,-121.52278235999999,36.57396542
6606370,2015,2016-02-05,2708,2015-12-22,1854,08323,,2,5,6,2708,0,0,0,,0,011,"NORTH SANBORN RD","KILBRETH AV",0.00,,Y,A,-,N,,,,,,,,,,N,1,1,0,2,A,-,06,21951,,F,G,B,B,A,H,-,D,D,0,Y,,,,Y,,-,,0,0,0,1,0,0,0,0,0,"- ","- ",,,MONTEREY,SALINAS,-121.60658989,36.691140009999998
6607267,2014,2014-09-08,2706,2014-08-19,1348,181,2706,2,5,4,2706,0,0,0,,0,002,"WEBSTER ST","MUNRAS AV",54.00,W,N,A,-,N,,,,,,,,,,N,4,0,1,2,A,-,03,22350,,N,C,C,A,A,H,-,A,D,0,,,,,Y,,A,07,0,0,1,0,0,0,0,0,0,"- ","- ",,,MONTEREY,MONTEREY,-121.89386637,36.596291809999997
6608075,2014,2014-09-08,2712,2014-08-27,0727,274,,3,5,3,2712,0,0,0,,0,001,"IMJIN PW","IMJIN RD",0.00,,Y,A,-,N,,,,,,,,,,N,4,0,1,2,A,-,02,22400,A,N,C,C,A,A,D,-,A,A,0,,,,,Y,,A,07,0,0,1,0,0,0,0,0,0,"- ","- ",,,MONTEREY,MARINA,-121.79136991,36.661740090000002
6646536,2014,2016-05-09,9730,2014-09-20,1154,18966,,6,1,9,2700,0,1,2,,1,070,"RT 101","RT 156",100.00,N,N,A,-,Y,MON,5,101,-,-,95.630,H,-,S,N,4,0,3,2,A,-,03,22350,,N,C,C,A,A,H,-,A,D,5,,,,Y,Y,,G,27,0,0,3,0,0,0,0,0,0,"- ","- ",36.79419,-121.66670999999999,MONTEREY,UNINCORPORATED,-121.66706385000001,36.792417350000001
6646540,2014,2014-10-16,9730,2014-09-20,0650,20417,,6,1,9,2700,0,3,5,,2,007,"STRUVE RD","GIBERSON RD",240.00,S,N,B,-,N,,,,,,,,,,N,4,0,1,2,A,-,03,22350,,N,B,C,A,B,E,-,B,D,0,,,,,Y,,A,01,0,0,1,0,0,0,0,0,0,"- ","- ",36.826369999999997,-121.78001,MONTEREY,UNINCORPORATED,-121.77998316,36.826350679999997
6646552,2014,2014-11-14,9730,2014-09-23,2100,017785,,2,2,9,2700,0,2,4,,1,075,"SAN JUAN RD","DUNBARTON RD",0.00,,Y,F,-,N,,,,,,,,,,Y,3,0,2,2,A,-,09,21802,A,N,D,C,A,B,H,-,C,A,0,,,,Y,Y,,G,27,0,2,0,0,0,0,0,0,0,"- ","- ",36.855029999999999,-121.63969,MONTEREY,UNINCORPORATED,-121.63917993,36.854740049999997
6646893,2014,2016-05-09,9730,2014-09-23,2038,18820,,2,2,9,2700,0,1,2,,1,070,"RT 101","PRUNEDALE SOUTH RD",125.00,N,N,B,C,Y,MON,5,101,-,-,95.340,H,-,S,Y,3,0,1,1,A,-,01,23152,A,N,E,I,A,B,H,-,C,D,5,,,,,Y,Y,D,22,0,1,0,0,0,0,0,0,0,"- ","- ",36.788710000000002,-121.66795999999999,MONTEREY,UNINCORPORATED,-121.66796923,36.788056060000002
6646905,2014,2016-05-04,9730,2014-09-24,0545,13024,,3,3,9,2700,0,1,2,,1,030,"RT 101","FRONT ST",1056.00,N,N,A,-,Y,MON,5,101,-,-,62.960,H,-,N,Y,3,0,1,4,A,-,03,22350,,N,C,C,A,A,H,-,D,D,1,,,,,Y,,A,07,0,1,0,0,0,0,0,0,0,"- ","- ",,,MONTEREY,UNINCORPORATED,-121.33933531,36.434779659999997
6646909,2014,2016-05-02,9730,2014-09-20,2210,020057,,6,3,9,2700,0,1,3,,1,022,"RT 1","AURORA DEL MAR",1848.00,S,N,B,-,Y,MON,5,1,-,-,67.450,H,-,S,Y,3,0,1,3,A,-,05,21460,A,F,A,C,A,A,H,-,D,D,0,,,,,Y,,A,01,0,1,0,0,0,0,0,0,0,"- ","- ",36.477870000000003,-121.93622999999999,MONTEREY,UNINCORPORATED,-121.9357811,36.475179699999998
6646921,2014,2014-10-15,9730,2014-09-25,0840,13024,,4,1,9,2700,0,2,4,,1,023,"CARMEL VALLEY RD","VILLAGE DR",200.00,W,N,C,-,N,,,,,,,,,,Y,4,0,1,2,A,-,09,21804,A,N,D,C,A,B,H,-,A,D,0,,,,,Y,,A,01,0,0,1,0,0,0,0,0,0,"- ","- ",,,MONTEREY,UNINCORPORATED,-121.73344677,36.479974630000001
6647203,2014,2014-10-20,9730,2014-09-17,1355,015638,,3,1,9,2700,0,3,5,,2,007,"SALINAS RD","ELKHORN RD",20.00,S,N,A,-,N,,,,,,,,,,N,4,0,2,2,A,-,03,22350,,N,C,C,A,A,B,D,A,D,0,,,,,Y,,A,01,0,0,2,0,0,0,0,0,0,"- ","- ",36.881790000000002,-121.7496,MONTEREY,UNINCORPORATED,-121.74688922999999,36.882995559999998
6647204,2014,2016-05-03,9730,2014-09-15,1540,018886,,1,2,9,2700,0,1,3,,1,066,"RT 183","SPEEGLE ST",100.00,S,N,A,-,Y,MON,5,183,-,-,9.510,H,-,S,N,4,0,1,2,A,-,21,22106,,N,B,C,A,A,H,-,A,D,0,,,,,Y,,A,01,0,0,1,0,0,0,0,0,0,"- ","- ",,,MONTEREY,UNINCORPORATED,-121.75900796000001,36.766430489999998