CASE_ID,ACCIDENT_YEAR,PROC_DATE,JURIS,COLLISION_DATE,COLLISION_TIME,OFFICER_ID,REPORTING_DISTRICT,DAY_OF_WEEK,CHP_SHIFT,POPULATION,CNTY_CITY_LOC,SPECIAL_COND,BEAT_TYPE,CHP_BEAT_TYPE,CITY_DIVISION_LAPD,CHP_BEAT_CLASS,BEAT_NUMBER,PRIMARY_RD,SECONDARY_RD,DISTANCE,DIRECTION,INTERSECTION,WEATHER_1,WEATHER_2,STATE_HWY_IND,CALTRANS_COUNTY,CALTRANS_DISTRICT,STATE_ROUTE,ROUTE_SUFFIX,POSTMILE_PREFIX,POSTMILE,LOCATION_TYPE,RAMP_INTERSECTION,SIDE_OF_HWY,TOW_AWAY,COLLISION_SEVERITY,NUMBER_KILLED,NUMBER_INJURED,PARTY_COUNT,PRIMARY_COLL_FACTOR,PCF_CODE_OF_VIOL,PCF_VIOL_CATEGORY,PCF_VIOLATION,PCF_VIOL_SUBSECTION,HIT_AND_RUN,TYPE_OF_COLLISION,MVIW,PED_ACTION,ROAD_SURFACE,ROAD_COND_1,ROAD_COND_2,LIGHTING,CONTROL_DEVICE,CHP_ROAD_TYPE,PEDESTRIAN_ACCIDENT,BICYCLE_ACCIDENT,MOTORCYCLE_ACCIDENT,TRUCK_ACCIDENT,NOT_PRIVATE_PROPERTY,ALCOHOL_INVOLVED,STWD_VEHTYPE_AT_FAULT,CHP_VEHTYPE_AT_FAULT,COUNT_SEVERE_INJ,COUNT_VISIBLE_INJ,COUNT_COMPLAINT_PAIN,COUNT_PED_KILLED,COUNT_PED_INJURED,COUNT_BICYCLIST_KILLED,COUNT_BICYCLIST_INJURED,COUNT_MC_KILLED,COUNT_MC_INJURED,PRIMARY_RAMP,SECONDARY_RAMP,LATITUDE,LONGITUDE,COUNTY,CITY,POINT_X,POINT_Y
6647208,2014,2014-10-20,9730,2014-09-12,0630,017502,,5,1,9,2700,0,2,4,,2,063,"BLANCO RD","RESEARCH DR",800.00,E,N,B,-,N,,,,,,,,,,Y,4,0,1,2,A,-,07,21658,A,N,B,C,A,A,H,-,A,D,0,,,,,Y,,A,01,0,0,1,0,0,0,0,0,0,"- ","- ",36.671019999999999,-121.75382,MONTEREY,UNINCORPORATED,-121.75359195999999,36.671137389999998
6647235,2014,2014-10-20,9730,2014-09-12,0555,018179,,5,3,9,2700,0,2,4,,1,073,"SAN MIGUEL CANYON RD","CASTROVILLE BL",0.00,,Y,B,-,N,,,,,,,,,,Y,4,0,1,2,A,-,08,22107,,N,D,C,A,A,H,-,E,D,0,,,,,Y,,A,01,0,0,1,0,0,0,0,0,0,"- ","- ",,,MONTEREY,UNINCORPORATED,-121.67190992,36.808400069999998
6647239,2014,2016-05-02,9730,2014-09-19,0200,020065,,5,3,4,2706,0,1,3,,2,062,"RT 1","AGUAJITO RD",424.00,S,N,A,-,Y,MON,5,1,-,R,78.244,R,2,N,Y,3,0,1,1,A,-,01,23152,A,N,E,I,A,A,H,-,C,D,1,,,,,Y,Y,A,01,0,1,0,0,0,0,0,0,0,"- ","- ",36.59281,-121.88120000000001,MONTEREY,MONTEREY,-121.86676869999999,36.596200060000001
6647243,2014,2014-10-20,9730,2014-09-14,1347,018966,,7,1,9,2700,0,3,5,,2,003,"NACIONAL AV","3RD ST",40.00,N,N,A,-,N,,,,,,,,,,Y,4,0,1,2,A,-,01,23152,E,N,E,I,A,A,H,-,A,D,0,,,,,Y,,A,01,0,0,1,0,0,0,0,0,0,"- ","- ",36.62576,-121.64843999999999,MONTEREY,UNINCORPORATED,-121.64944128,36.626269180000001
6647247,2014,2016-05-09,9730,2014-09-19,2125,020391,,5,2,6,2708,0,1,2,,1,050,"RT 101","NORTH MAIN ST",75.00,S,N,A,-,Y,MON,5,101,-,-,87.920,R,2,S,Y,3,0,1,1,C,-,18,,,N,E,I,A,A,H,-,D,D,1,,,,,Y,,-,"- ",0,1,0,0,0,0,0,0,0,"- ","- ",36.686529999999998,-122.65273000000001,MONTEREY,SALINAS,-121.64773288000001,36.68434809
6647251,2014,2014-10-20,9730,2014-09-19,1445,020598,,5,2,9,2700,0,3,5,,2,007,"MAHER RD","LITTLE HILL LN",300.00,N,N,A,-,N,,,,,,,,,,Y,2,0,1,1,A,-,08,22107,,N,E,I,A,A,H,-,A,D,0,,,,,Y,,A,01,1,0,0,0,0,0,0,0,0,"- ","- ",36.854700000000001,-121.68138,MONTEREY,UNINCORPORATED,-121.68134374,36.854490259999999
6647255,2014,2014-10-20,9730,2014-09-17,1822,019934,,3,2,9,2700,0,3,5,,2,002,"VIEJO RD","SOLEDAD DR",2112.00,S,N,A,-,N,,,,,,,,,,Y,3,0,1,1,A,-,03,22350,,N,E,I,A,A,H,-,A,D,0,,,,,Y,,A,01,0,1,0,0,0,0,0,0,0,"- ","- ",,,MONTEREY,UNINCORPORATED,-121.90547119999999,36.578861619999998
6647259,2014,2014-10-20,9730,2014-09-23,1748,019934,,2,2,9,2700,0,3,5,,2,007,"CASTROVILLE BL","PARADISE RD",87.00,E,N,A,-,N,,,,,,,,,,Y,4,0,1,1,A,-,01,23152,A,N,E,I,A,A,H,-,A,D,0,,,,,Y,Y,A,01,0,0,1,0,0,0,0,0,0,"- ","- ",36.799630000000001,-121.69793,MONTEREY,UNINCORPORATED,-121.69827904,36.799329839999999
6647263,2014,2014-10-20,9730,2014-09-23,0750,015638,,2,1,9,2700,0,3,5,,2,007,"GEIL ST","PAJARO ST",0.00,,Y,A,-,N,,,,,,,,,,N,4,0,1,2,A,-,09,21802,A,N,D,C,A,A,H,-,A,A,0,,,,,Y,,A,01,0,0,1,0,0,0,0,0,0,"- ","- ",,,MONTEREY,UNINCORPORATED,-121.75126994,36.764740060000001
6647267,2014,2014-10-20,9730,2014-09-23,1555,14584,,2,2,9,2700,0,2,4,,1,075,"SAN JUAN RD","MURPHY RD",275.00,E,N,A,-,N,,,,,,,,,,Y,3,0,1,1,A,-,01,23152,A,N,E,C,A,A,H,-,A,D,0,,,,,Y,Y,A,01,0,1,0,0,0,0,0,0,0,"- ","- ",,,MONTEREY,UNINCORPORATED,-121.67541081,36.895881369999998
6647271,2014,2016-05-02,9730,2014-09-23,0755,18350,,2,1,4,2706,0,1,3,,2,062,"RT 1","DEL MONTE BL",50.00,S,N,A,-,Y,MON,5,1,-,R,78.880,H,-,S,Y,4,0,1,2,A,-,03,22350,,N,C,C,A,A,H,-,A,D,1,,,,,Y,,A,01,0,0,1,0,0,0,0,0,0,"- ","- ",36.60425,-121.86125,MONTEREY,MONTEREY,-121.86128377,36.604239219999997
6647275,2014,2016-05-09,9730,2014-09-24,1455,14584,,3,2,9,2700,0,1,3,,1,068,"RT 68","YORK RD",528.00,E,N,A,-,Y,MON,5,68,-,-,8.250,H,-,W,N,4,0,1,2,A,-,03,22350,,N,C,C,A,A,H,-,A,A,0,,,,,Y,,A,01,0,0,1,0,0,0,0,0,0,"- ","- ",,,MONTEREY,UNINCORPORATED,-121.80660450000001,36.57115864
6647279,2014,2014-10-20,9730,2014-09-25,1815,018820,,4,2,9,2700,0,2,4,,2,063,"NORTH DAVIS RD","AMBROSE DR",62.00,N,N,A,-,N,,,,,,,,,,N,3,0,1,2,A,-,03,22350,,N,C,C,A,A,H,-,A,D,0,,,,,Y,,A,01,0,1,0,0,0,0,0,0,0,"- ","- ",36.669420000000002,-121.68279,MONTEREY,UNINCORPORATED,-121.68289081,36.66939069
6659107,2014,2014-10-24,2706,2014-09-28,2215,590,MONTE,7,5,4,2706,0,0,0,,0,002,LIGHTHOUSE,"DEL MONTE",29.00,N,N,A,-,N,,,,,,,,,,N,4,0,1,2,A,-,01,23153,B,N,C,C,A,A,H,-,C,A,0,,,,,Y,Y,A,07,0,0,1,0,0,0,0,0,0,"- ","- ",,,MONTEREY,MONTEREY,-121.8923925,36.600727499999998
6659295,2014,2016-01-15,2711,2014-09-16,0758,5617,2711,2,5,3,2711,0,0,0,,0,001,GRANADA,"GABILAN DR",12.00,W,N,A,-,N,,,,,,,,,,N,4,0,1,2,C,-,18,,,N,G,B,B,A,H,-,A,A,0,Y,,,,Y,,-,"- ",0,0,1,0,1,0,0,0,0,"- ","- ",,,MONTEREY,SOLEDAD,-121.32012,36.435169999999999
6659299,2014,2014-11-12,2711,2014-09-18,1842,8972,SLPD,4,5,3,2711,0,0,0,,0,001,"MARKET ST","KIDDER ST",0.00,,Y,A,-,N,,,,,,,,,,Y,3,0,1,2,A,-,12,22450,A,N,D,C,A,A,H,-,A,A,0,,,,,Y,Y,A,01,0,1,0,0,0,0,0,0,0,"- ","- ",,,MONTEREY,SOLEDAD,-121.32514998000001,36.427610049999998
6659358,2014,2014-10-15,9730,2014-08-30,2355,020233,,6,3,9,2700,0,3,5,,2,005,"CRAZY HORSE CANYON RD","SAN JUAN GRADE RD",125.00,E,N,B,-,N,,,,,,,,,,Y,3,0,1,1,A,-,08,22107,,N,E,I,A,A,H,-,D,A,0,,,,,Y,,A,01,0,1,0,0,0,0,0,0,0,"- ","- ",36.773319999999998,-121.60334,MONTEREY,UNINCORPORATED,-121.60312098,36.773212890000003
6659604,2014,2014-10-24,2711,2014-09-19,1143,2119,2711,5,5,3,2711,0,0,0,,0,002,"FRONT ST","NESTLES RD",0.00,,Y,A,-,N,,,,,,,,,,Y,4,0,3,2,A,-,12,21453,A,N,A,C,A,A,H,-,A,A,0,,,,,Y,Y,A,01,0,0,3,0,0,0,0,0,0,"- ","- ",,,MONTEREY,SOLEDAD,-121.32273999,36.420340080000003
6659648,2014,2016-05-03,9730,2014-09-28,1615,018786,,7,2,9,2700,0,1,3,,1,066,"RT 183","COOPER RD",2112.00,N,N,A,-,Y,MON,5,183,-,-,5.550,H,-,N,Y,3,0,1,2,A,-,01,23152,A,N,B,E,A,A,H,-,A,D,0,,,,,Y,Y,A,01,0,1,0,0,0,0,0,0,0,"- ","- ",36.718789999999998,-121.72235000000001,MONTEREY,UNINCORPORATED,-121.72229975,36.718811789999997
6659660,2014,2016-05-09,9730,2014-09-25,1750,018946,,4,2,9,2700,0,1,3,,1,068,"RT 68","B RD",0.00,,Y,A,-,Y,MON,5,68,-,-,11.270,I,5,W,Y,3,0,2,2,A,-,09,21804,A,N,D,C,A,A,H,-,A,A,0,,,,Y,Y,,F,55,0,1,1,0,0,0,0,0,0,"- ","- ",,,MONTEREY,UNINCORPORATED,-121.75479288,36.569573089999999
6659664,2014,2014-11-14,9730,2014-09-25,0551,13024,,4,3,9,2700,0,3,5,,2,003,"HARRIS RD","ABBOTT ST",6336.00,W,N,B,C,N,,,,,,,,,,Y,3,0,1,3,A,-,09,21801,A,N,D,C,A,B,H,-,D,D,0,,,,,Y,,M,46,0,1,0,0,0,0,0,0,0,"- ","- ",,,MONTEREY,UNINCORPORATED,-121.62470767000001,36.630667099999997
6659672,2014,2014-11-14,9730,2014-09-30,0830,017851,,2,1,9,2700,0,3,5,,2,006,"RESERVATION RD","PANZIERA RD",528.00,S,N,A,-,N,,,,,,,,,,Y,3,0,1,2,A,-,05,21650,,F,B,C,A,A,H,-,A,D,0,,,,,Y,,D,22,0,1,0,0,0,0,0,0,0,"- ","- ",,,MONTEREY,UNINCORPORATED,-121.72533473,36.652555460000002
6659822,2014,2016-05-04,2710,2014-09-15,1245,00001,,1,5,4,2710,0,0,0,,0,,"MONTEREY RD","FREMONT BL",9.00,S,N,A,-,Y,MON,5,1,-,R,80.970,R,4,S,N,4,0,1,2,A,-,12,21453,A,N,D,G,A,A,H,-,A,A,0,,Y,,,Y,,L,04,0,0,1,0,0,0,1,0,0,"- ","- ",,,MONTEREY,SEASIDE,-121.83863040999999,36.627730540000002
6659844,2014,2014-10-23,2708,2014-09-23,1342,52823,,2,5,6,2708,0,0,0,,0,,"NATIVIDAD RD","PACHECO ST",0.00,,Y,A,-,N,,,,,,,,,,N,4,0,1,2,A,-,10,21950,A,N,G,B,B,A,H,-,A,D,0,Y,,,,Y,,-,,0,0,1,0,1,0,0,0,0,"- ","- ",,,MONTEREY,SALINAS,-121.63664993,36.69804001
6659848,2014,2014-10-23,2708,2014-09-23,1445,18355,2708,2,5,6,2708,0,0,0,,0,005,"NORTH MAIN ST","IRIS DR",0.00,,Y,A,-,N,,,,,,,,,,Y,3,0,3,2,A,-,12,21453,A,N,A,C,A,A,H,-,A,A,0,,,,,Y,,-,,0,1,2,0,0,0,0,0,0,"- ","- ",,,MONTEREY,SALINAS,-121.65223997,36.693170029999997
6608079,2014,2014-09-08,2712,2014-08-09,2041,687,2712,6,5,3,2712,0,0,0,,0,001,"DEL MONTE","PALM AV",259.00,S,N,A,-,N,,,,,,,,,,N,3,0,1,2,A,-,08,22107,,N,C,G,A,A,H,-,C,D,0,,Y,,,Y,,L,04,0,1,0,0,0,0,1,0,0,"- ","- ",,,MONTEREY,MARINA,-121.80386,36.68327
6609205,2014,2014-09-12,2711,2014-08-24,1746,0645,2711,7,5,3,2711,0,0,0,,0,002,"MONTEREY ST","PINE ST",0.00,,Y,A,-,N,,,,,,,,,,N,3,0,1,2,A,-,03,22350,,N,G,B,D,A,H,-,A,D,0,Y,,,,Y,,-,,0,1,0,0,1,0,0,0,0,"- ","- ",,,MONTEREY,SOLEDAD,-121.32094997999999,36.423220010000001
6612241,2014,2016-05-09,9730,2014-08-22,2020,20576,,5,2,9,2700,0,1,2,,1,070,"RT 101","BERTA CANYON RD",1584.00,S,N,B,-,Y,MON,5,101,-,-,95.020,H,-,N,Y,4,0,1,1,A,-,08,22107,,N,E,I,A,A,H,-,D,D,5,,,,,Y,,A,07,0,0,1,0,0,0,0,0,0,"- ","- ",36.782850000000003,-121.66889999999999,MONTEREY,UNINCORPORATED,-121.66877378,36.783498270000003
6612245,2014,2016-05-09,9730,2014-08-20,1818,18946,,3,2,9,2700,0,1,3,,1,068,"RT 68","PASADERA DR",0.00,,Y,A,-,Y,MON,5,68,-,-,9.890,H,-,W,Y,3,0,2,2,A,-,12,21453,A,N,A,C,A,A,H,-,A,A,0,,,,,Y,,A,01,0,1,1,0,0,0,0,0,0,"- ","- ",,,MONTEREY,UNINCORPORATED,-121.77877623000001,36.567603490000003
6612273,2014,2016-05-09,9730,2014-08-17,2312,20576,,7,3,9,2700,0,1,2,,1,030,"RT 101","CAMPHORA GLORIA RD",2640.00,S,N,B,-,Y,MON,5,101,-,-,64.130,H,-,N,Y,3,0,2,1,A,-,08,22107,,N,E,I,A,A,H,-,C,D,1,,,,,Y,,A,01,0,1,1,0,0,0,0,0,0,"- ","- ",36.444130000000001,-121.35599000000001,MONTEREY,UNINCORPORATED,-121.35624988000001,36.444264529999998
6612285,2014,2015-12-03,9730,2014-08-24,0925,19315,,7,1,9,2700,0,3,5,,2,007,"CASTROVILLE BL","CIELO AZUL",1056.00,N,N,A,-,N,,,,,,,,,,Y,4,0,1,2,C,-,18,,,N,H,A,F,A,H,-,A,D,0,Y,,,,Y,,-,"- ",0,0,1,0,1,0,0,0,0,"- ","- ",,,MONTEREY,UNINCORPORATED,-121.73987706,36.775385139999997
6612289,2014,2014-09-17,9730,2014-08-24,1343,19239,,7,1,9,2700,0,2,4,,1,075,"SAN JUAN RD","AROMAS RD",0.00,,Y,A,-,N,,,,,,,,,,Y,4,0,3,2,A,-,09,21802,A,N,D,C,A,A,H,-,A,A,0,,,,,Y,,A,01,0,0,3,0,0,0,0,0,0,"- ","- ",,,MONTEREY,UNINCORPORATED,-121.66188996,36.882570110000003
6612293,2014,2016-05-02,9730,2014-08-23,1335,17184,,6,1,4,2710,0,1,3,,2,062,"RT 1","LIGHT FIGHTER DR",4224.00,S,N,A,-,Y,MON,5,1,-,R,82.090,H,-,S,N,4,0,3,2,A,-,03,22350,,N,C,C,A,A,H,-,A,D,1,,,,,Y,,A,07,0,0,3,0,0,0,0,0,0,"- ","- ",36.637140000000002,-121.83027,MONTEREY,SEASIDE,-121.82645869,36.6410999
6612297,2014,2016-05-02,9730,2014-08-23,1624,17184,,6,2,1,2709,0,1,3,,2,062,"RT 1","TIOGA AV",528.00,N,N,A,-,Y,MON,5,1,-,R,80.190,H,-,S,Y,3,0,1,2,A,-,03,22350,,N,C,C,A,A,H,-,A,D,1,,,Y,,Y,,C,02,0,1,0,0,0,0,0,0,1,"- ","- ",36.619079999999997,-121.84798000000001,MONTEREY,"SAND CITY",-121.84786902,36.619144089999999
6612301,2014,2016-05-02,9730,2014-08-06,1752,20065,,3,2,9,2700,0,1,3,,1,074,"RT 1","POTRERO RD",0.00,,Y,B,-,Y,MON,5,1,-,-,95.190,I,5,S,Y,2,0,1,2,A,-,01,23152,F,N,D,C,A,A,H,-,A,D,0,,,Y,,Y,Y,C,02,1,0,0,0,0,0,0,0,1,"- ","- ",36.790909999999997,-121.78362,MONTEREY,UNINCORPORATED,-121.78361618,36.791011509999997
6612421,2014,2014-09-16,2704,2014-08-03,1003,7178,2704,7,5,3,2704,0,0,0,,0,002,"WALNUT AV","3RD ST",600.00,W,N,A,-,N,,,,,,,,,,Y,4,0,2,2,A,-,12,22450,A,N,D,C,A,A,H,-,A,D,0,,,Y,,Y,,C,02,0,0,2,0,0,0,0,0,2,"- ","- ",,,MONTEREY,GREENFIELD,-121.24094441,36.331024810000002
6659852,2014,2014-10-23,2708,2014-09-24,0741,18355,2708,3,5,6,2708,0,0,0,,0,012,"E LAUREL",TOWT,425.00,W,N,B,-,N,,,,,,,,,,Y,4,0,1,2,A,-,09,21804,A,N,D,C,A,A,H,-,A,D,0,,,,,Y,,-,,0,0,1,0,0,0,0,0,0,"- ","- ",,,MONTEREY,SALINAS,-121.61850024,36.680157090000002
6659856,2014,2014-10-23,2708,2014-09-25,0918,18355,2700,4,5,6,2708,0,0,0,,0,005,"E LAUREL",GRANADA,500.00,W,N,C,-,N,,,,,,,,,,Y,4,0,1,3,A,-,08,22107,,N,C,E,A,B,H,-,A,D,0,,,,,Y,,-,,0,0,1,0,0,0,0,0,0,"- ","- ",,,MONTEREY,SALINAS,-121.64200783,36.697107080000002
6659860,2014,2016-05-09,2708,2014-09-26,1920,59156,SALEN,5,5,6,2708,0,0,0,,0,009,"JOHN ST","WORK ST",0.00,,Y,A,-,Y,MON,5,68,-,-,21.810,I,5,W,Y,3,0,2,3,A,-,12,21453,A,N,A,C,A,A,H,-,C,A,0,,,,,Y,,-,,0,1,1,0,0,0,0,0,0,"- ","- ",,,MONTEREY,SALINAS,-121.64284007000001,36.67065341
6659864,2014,2014-10-23,2708,2014-09-22,0342,97158,,1,5,6,2708,0,0,0,,0,012,"DEL MONTE AV","WILLIAMS RD",240.00,E,N,A,-,N,,,,,,,,,,Y,4,0,2,3,A,-,01,23152,A,N,C,E,A,A,H,-,C,D,0,,,,,Y,Y,-,,0,0,2,0,0,0,0,0,0,"- ","- ",,,MONTEREY,SALINAS,-121.60381760999999,36.68066761
6659865,2014,2014-11-14,9730,2014-09-27,2225,019700,,6,3,9,2700,0,3,5,,2,005,"SAN JUAN GRADE RD","ROGGE RD",528.00,N,N,A,-,N,,,,,,,,,,Y,3,0,1,1,A,-,01,23152,A,N,E,I,A,A,H,-,C,D,0,,,,,Y,Y,D,22,0,1,0,0,0,0,0,0,0,"- ","- ",,,MONTEREY,UNINCORPORATED,-121.63611511000001,36.735972429999997
6659868,2014,2014-10-23,2708,2014-09-27,2310,25182,,6,5,6,2708,0,0,0,,0,005,"CHAPARRAL ST","SONORA WY",200.00,E,N,A,-,N,,,,,,,,,,Y,4,0,1,3,A,-,01,23152,A,N,C,E,A,A,H,-,C,D,0,,,,,Y,Y,-,,0,0,1,0,0,0,0,0,0,"- ","- ",,,MONTEREY,SALINAS,-121.64093763,36.70173638
6659869,2014,2016-05-02,9730,2014-09-28,1330,019529,,7,1,9,2700,0,1,3,,1,022,"RT 1","MORSE DR",550.00,S,N,A,-,Y,MON,5,1,-,-,73.490,H,-,N,Y,4,0,3,2,A,-,03,22350,,N,C,C,A,A,H,-,A,D,0,,,,,Y,,D,22,0,0,3,0,0,0,0,0,0,"- ","- ",,,MONTEREY,UNINCORPORATED,-121.91042844,36.551302159999999
6659903,2014,2014-10-23,2708,2014-09-22,2043,74426,,1,5,6,2708,0,0,0,,0,005,"NATIVIDAD RD","CHAPARRAL ST",231.00,S,N,A,-,N,,,,,,,,,,Y,4,0,1,3,A,-,07,21658,A,F,B,I,A,A,H,-,D,D,0,,,,,Y,Y,-,99,0,0,1,0,0,0,0,0,0,"- ","- ",,,MONTEREY,SALINAS,-121.63502167,36.69964057
6659907,2014,2014-10-23,2708,2014-09-21,1405,75085,,7,5,6,2708,0,0,0,,0,008,"E ALISAL ST","MONTEREY ST",0.00,,Y,B,-,N,,,,,,,,,,Y,4,0,1,2,A,-,08,22100,A,N,D,C,A,A,H,-,A,A,0,,,,,Y,,-,,0,0,1,0,0,0,0,0,0,"- ","- ",,,MONTEREY,SALINAS,-121.65368991,36.67396007
6659911,2014,2015-12-03,2708,2014-09-19,2235,31967,,5,5,6,2708,0,0,0,,0,012,"DE LA TORRE","ROY DIAZ",0.00,,Y,A,-,N,,,,,,,,,,N,4,0,1,2,A,-,03,22350,,F,A,D,A,A,H,-,C,A,0,,,,,Y,Y,-,99,0,0,1,0,0,0,0,0,0,"- ","- ",,,MONTEREY,SALINAS,-121.62117991,36.66155011
6660021,2014,2014-10-23,2708,2014-09-23,0643,55086,,2,5,6,2708,0,0,0,,0,012,"BARDIN RD","SYCAMORE RD",0.00,,Y,A,-,N,,,,,,,,,,Y,3,0,1,4,A,-,07,21658,A,N,B,C,A,A,H,-,A,A,0,,,,,Y,,-,,0,1,0,0,0,0,0,0,0,"- ","- ",,,MONTEREY,SALINAS,-121.60240994,36.674420099999999
6660081,2014,2014-11-04,2708,2014-09-13,1043,53260,,6,5,6,2708,0,0,0,,0,012,"DEL MONTE AV","SILVERWOOD PL",120.00,W,N,A,-,N,,,,,,,,,,N,3,0,1,2,A,-,11,21954,A,N,D,B,D,A,H,-,A,D,0,Y,,,,Y,,N,60,0,1,0,0,1,0,0,0,0,"- ","- ",,,MONTEREY,SALINAS,-121.6030277,36.680188370000003
6660085,2014,2014-10-23,2708,2014-09-13,1524,31974,,6,5,6,2708,0,0,0,,0,,"MAIN ST","JOHN ST",0.00,,Y,A,-,N,,,,,,,,,,Y,3,0,3,1,A,-,12,21453,A,N,A,I,A,A,H,-,A,A,0,,,,,Y,,-,,0,3,0,0,0,0,0,0,0,"- ","- ",,,MONTEREY,SALINAS,-121.65476986,36.67107008
6660089,2014,2014-10-23,2708,2014-09-11,1842,18925,,4,5,6,2708,0,0,0,,0,005,"NATIVIDAD RD","SORRENTINI DR",230.00,N,N,A,-,N,,,,,,,,,,N,4,0,1,2,A,-,03,22350,,N,C,C,A,A,H,-,A,D,0,,,,,Y,Y,-,,0,0,1,0,0,0,0,0,0,"- ","- ",,,MONTEREY,SALINAS,-121.63991822,36.694892699999997
6660093,2014,2014-10-23,2708,2014-09-12,1702,31967,,5,5,6,2708,0,0,0,,0,012,"EAST LAUREL DR","SANBORN RD",500.00,N,N,A,-,N,,,,,,,,,,Y,4,0,1,2,A,-,09,21804,A,N,A,C,A,A,H,-,A,D,0,,,,,Y,,-,,0,0,1,0,0,0,0,0,0,"- ","- ",,,MONTEREY,SALINAS,-121.62172442000001,36.6841334
6660097,2014,2014-11-04,2708,2014-09-16,1639,18355,2708,2,5,6,2708,0,0,0,,0,011,"N SANBORN",BUCKHORN,0.00,,Y,A,-,N,,,,,,,,,,Y,3,0,2,3,A,-,03,22350,,N,C,C,A,A,H,-,A,D,0,,Y,,,Y,,-,,0,1,1,0,0,0,1,0,0,"- ","- ",,,MONTEREY,SALINAS,-121.59850991,36.693200079999997
6660101,2014,2014-10-23,2708,2014-09-17,1259,18355,2708,3,5,6,2708,0,0,0,,0,007,HOMESTEAD,"TALBOT ST",0.00,,Y,A,-,N,,,,,,,,,,Y,4,0,1,3,A,-,09,21802,A,N,A,C,A,A,H,-,A,D,0,,,,,Y,,-,,0,0,1,0,0,0,0,0,0,"- ","- ",,,MONTEREY,SALINAS,-121.66421991999999,36.671630020000002
6660105,2014,2014-10-23,2708,2014-09-18,1932,18925,,4,5,6,2708,0,0,0,,0,003,"BORONDA RD","NATIVIDAD RD",400.00,W,N,A,-,N,,,,,,,,,,Y,4,0,1,3,A,-,03,22350,,N,C,C,A,A,H,-,C,A,0,,,,,Y,,-,,0,0,1,0,0,0,0,0,0,"- ","- ",,,MONTEREY,SALINAS,-121.6248676,36.715713049999998
6660109,2014,2014-10-23,2708,2014-09-18,2019,30349,SALIN,4,5,6,2708,0,0,0,,0,005,"WEST LAUREL DR","MONROE ST",0.00,,Y,A,-,N,,,,,,,,,,N,4,0,1,2,A,-,11,21950,B,N,G,B,D,A,H,-,C,D,0,Y,,,,Y,,N,60,0,0,1,0,1,0,0,0,0,"- ","- ",,,MONTEREY,SALINAS,-121.66142995,36.698140100000003
6660113,2014,2014-10-23,2708,2014-09-28,1918,69054,,7,5,6,2708,0,0,0,,0,005,TYLER,"E LAUREL",0.00,,Y,A,-,N,,,,,,,,,,N,3,0,1,2,A,-,14,21201,D,N,A,G,A,A,H,-,C,A,0,,Y,,,Y,,L,04,0,1,0,0,0,0,1,0,0,"- ","- ",,,MONTEREY,SALINAS,-121.65942995,36.698380049999997
6660117,2014,2014-11-12,2708,2014-09-30,0942,82582,,2,5,6,2708,0,0,0,,0,,SHERWOOD,"CALLE CEBU",0.00,,Y,A,-,N,,,,,,,,,,N,4,0,1,2,A,-,05,21651,B,N,B,G,A,A,H,-,A,A,0,,Y,,,Y,,L,04,0,0,1,0,0,0,1,0,0,"- ","- ",,,MONTEREY,SALINAS,-121.65036996000001,36.680200069999998
6660121,2014,2014-10-23,2708,2014-09-07,0017,98282,,7,5,6,2708,0,0,0,,0,008,"EAST MARKET ST","NORTH MAIN ST",0.00,,Y,A,-,N,,,,,,,,,,Y,3,0,1,2,A,-,12,21453,A,F,D,C,A,A,H,-,C,A,0,,,,,Y,,-,,0,1,0,0,0,0,0,0,0,"- ","- ",,,MONTEREY,SALINAS,-121.65593990000001,36.677610010000002
6660125,2014,2015-12-03,2708,2014-09-08,1110,52823,,1,5,6,2708,0,0,0,,0,,"FREEDOM BL","NORTH SANBORN RD",0.00,,Y,A,-,N,,,,,,,,,,N,4,0,1,2,A,-,09,21801,A,N,A,C,A,A,H,-,A,A,0,,,,,Y,,-,,0,0,1,0,0,0,0,0,0,"- ","- ",,,MONTEREY,SALINAS,-121.60134986,36.692130040000002
6660129,2014,2014-10-23,2708,2014-09-08,1139,52823,,1,5,6,2708,0,0,0,,0,,"WEST ROSSI ST","RICO ST",0.00,,Y,B,-,N,,,,,,,,,,N,4,0,1,2,A,-,09,21801,A,N,-,C,A,A,H,-,A,A,0,,,,,Y,,-,,0,0,1,0,0,0,0,0,0,"- ","- ",,,MONTEREY,SALINAS,-121.66150992999999,36.683930099999998
6660133,2014,2014-11-12,2708,2014-09-28,0602,77573,,7,5,6,2708,0,0,0,,0,008,"SHERWOOD DR","MARKET WY",0.00,,Y,A,-,N,,,,,,,,,,Y,4,0,2,1,A,-,05,21651,A,N,H,J,A,A,H,-,C,A,0,,,,,Y,,-,,0,0,2,0,0,0,0,0,0,"- ","- ",,,MONTEREY,SALINAS,-121.65001993,36.678350080000001
6660137,2014,2016-05-09,2708,2014-09-10,1301,66372,SPD,3,5,6,2708,0,0,0,,0,,"SOUTH MAIN ST",ACACIA,125.00,S,N,A,-,Y,MON,5,68,-,-,20.590,H,-,W,N,4,0,1,2,A,-,10,21952,,N,G,B,F,A,H,-,A,A,0,Y,,,,Y,,-,,0,0,1,0,1,0,0,0,0,"- ","- ",,,MONTEREY,SALINAS,-121.65721385000001,36.664269830000002
6660141,2014,2014-11-20,2708,2014-09-10,1408,31977,,3,5,6,2708,0,0,0,,0,005,"IRIS DR","10TH AV",200.00,E,N,A,-,N,,,,,,,,,,N,3,0,2,3,A,-,21,22106,,N,D,C,A,A,H,-,A,D,0,,,,,Y,,-,,0,1,1,0,0,0,0,0,0,"- ","- ",,,MONTEREY,SALINAS,,