CASE_ID,ACCIDENT_YEAR,PROC_DATE,JURIS,COLLISION_DATE,COLLISION_TIME,OFFICER_ID,REPORTING_DISTRICT,DAY_OF_WEEK,CHP_SHIFT,POPULATION,CNTY_CITY_LOC,SPECIAL_COND,BEAT_TYPE,CHP_BEAT_TYPE,CITY_DIVISION_LAPD,CHP_BEAT_CLASS,BEAT_NUMBER,PRIMARY_RD,SECONDARY_RD,DISTANCE,DIRECTION,INTERSECTION,WEATHER_1,WEATHER_2,STATE_HWY_IND,CALTRANS_COUNTY,CALTRANS_DISTRICT,STATE_ROUTE,ROUTE_SUFFIX,POSTMILE_PREFIX,POSTMILE,LOCATION_TYPE,RAMP_INTERSECTION,SIDE_OF_HWY,TOW_AWAY,COLLISION_SEVERITY,NUMBER_KILLED,NUMBER_INJURED,PARTY_COUNT,PRIMARY_COLL_FACTOR,PCF_CODE_OF_VIOL,PCF_VIOL_CATEGORY,PCF_VIOLATION,PCF_VIOL_SUBSECTION,HIT_AND_RUN,TYPE_OF_COLLISION,MVIW,PED_ACTION,ROAD_SURFACE,ROAD_COND_1,ROAD_COND_2,LIGHTING,CONTROL_DEVICE,CHP_ROAD_TYPE,PEDESTRIAN_ACCIDENT,BICYCLE_ACCIDENT,MOTORCYCLE_ACCIDENT,TRUCK_ACCIDENT,NOT_PRIVATE_PROPERTY,ALCOHOL_INVOLVED,STWD_VEHTYPE_AT_FAULT,CHP_VEHTYPE_AT_FAULT,COUNT_SEVERE_INJ,COUNT_VISIBLE_INJ,COUNT_COMPLAINT_PAIN,COUNT_PED_KILLED,COUNT_PED_INJURED,COUNT_BICYCLIST_KILLED,COUNT_BICYCLIST_INJURED,COUNT_MC_KILLED,COUNT_MC_INJURED,PRIMARY_RAMP,SECONDARY_RAMP,LATITUDE,LONGITUDE,COUNTY,CITY,POINT_X,POINT_Y
6660154,2014,2014-10-23,2706,2014-09-23,1157,627,2706,2,5,4,2706,0,0,0,,0,001,"BLOCKWAVE ST","PRESCOTT AV",144.00,S,N,A,-,N,,,,,,,,,,N,3,0,1,2,A,-,11,21954,A,N,D,B,D,A,H,-,A,D,0,Y,,,,Y,,N,60,0,1,0,0,1,0,0,0,0,"- ","- ",,,MONTEREY,MONTEREY,,
6660230,2014,2015-11-30,2706,2014-09-29,0946,229,2706,1,5,4,2706,0,0,0,,0,002,"CAMINO AGUAJITO","3RD ST",0.00,,Y,A,-,N,,,,,,,,,,N,3,0,1,2,A,-,09,21800,B,N,-,C,A,A,H,-,A,A,0,,,Y,,Y,,C,02,0,1,0,0,0,0,0,0,1,"- ","- ",,,MONTEREY,MONTEREY,-121.88271985,36.597400069999999
6661654,2014,2016-05-09,2708,2014-09-16,0759,30731,,2,5,6,2708,0,0,0,,0,2L9,"SOUTH MAIN ST","WEST ACACIA ST",0.00,,Y,A,-,Y,MON,5,68,-,-,20.610,I,5,E,N,3,0,1,2,A,-,03,22350,,N,C,C,A,A,H,-,A,A,0,,,,,Y,,-,,0,1,0,0,0,0,0,0,0,"- ","- ",,,MONTEREY,SALINAS,-121.65711278000001,36.664545760000003
6661658,2014,2015-04-02,2708,2014-09-16,1238,18355,2708,2,5,6,2708,0,0,0,,0,012,WILLIAMS,"DEL MONTE",100.00,S,N,A,-,N,,,,,,,,,,N,3,0,1,2,A,-,12,22450,A,N,D,G,A,A,H,-,A,D,0,,Y,,,Y,,-,,0,1,0,0,0,0,1,0,0,"- ","- ",,,MONTEREY,SALINAS,-121.60458099,36.681044270000001
6661662,2014,2014-11-06,2708,2014-09-24,1947,30350,,3,5,6,2708,0,0,0,,0,012,"WILLIAMS RD","EAST LAUREL DR",100.00,N,N,A,-,N,,,,,,,,,,N,2,0,1,2,A,-,11,21954,A,N,G,B,D,A,H,-,C,D,0,Y,,,,Y,Y,N,60,1,0,0,0,1,0,0,0,0,"- ","- ",,,MONTEREY,SALINAS,-121.61412154,36.675608619999998
6661666,2014,2014-11-06,2708,2014-09-03,1820,30350,,3,5,6,2708,0,0,0,,0,012,"NORTH SANBORN RD","EUCALYPTUS DR",100.00,N,N,A,-,N,,,,,,,,,,Y,4,0,1,2,A,-,03,22350,,N,C,C,A,A,H,-,A,D,0,,,,,Y,,-,,0,0,1,0,0,0,0,0,0,"- ","- ",,,MONTEREY,SALINAS,-121.62420582999999,36.680466199999998
6661954,2014,2014-10-23,2708,2014-08-30,1949,75791,,6,5,6,2708,0,0,0,,0,,"NORTH MAIN ST","WEST LAUREL DR",330.00,N,N,A,-,N,,,,,,,,,,N,4,0,1,2,A,-,03,22350,,N,C,C,A,A,H,-,B,A,0,,,,,Y,,-,,0,0,1,0,0,0,0,0,0,"- ","- ",,,MONTEREY,SALINAS,-121.65218686999999,36.700217690000002
6663277,2014,2014-12-16,9730,2014-11-30,0002,20916,,7,3,6,2708,0,2,S,,2,901,"SOUTH SANBORN RD","JOHN ST",0.00,,Y,A,-,N,,,,,,,,,,Y,4,0,2,2,A,-,12,21453,A,N,D,C,A,A,H,-,C,A,0,,,,,Y,,J,48,0,0,2,0,0,0,0,0,0,"- ","- ",36.669220000000003,-121.62774,MONTEREY,SALINAS,-121.62772993,36.669300020000001
6664484,2014,2016-05-09,9730,2014-09-29,1920,020621,,1,2,9,2700,0,1,2,,1,070,"RT 101","TUSTIN RD",1056.00,N,N,A,-,Y,MON,5,101,-,-,97.090,H,-,S,Y,4,0,1,2,A,-,01,23152,A,F,C,C,A,A,H,-,D,D,5,,,Y,,Y,Y,A,01,0,0,1,0,0,0,0,0,1,"- ","- ",,,MONTEREY,UNINCORPORATED,-121.64944327000001,36.805929810000002
6664492,2014,2014-10-21,9730,2014-09-30,0645,13024,,2,1,9,2700,0,3,5,,2,004,"OLD STAGE RD","SPENCE RD",0.00,,Y,A,-,N,,,,,,,,,,Y,4,0,1,2,A,-,09,21802,A,N,D,C,A,A,H,-,B,A,0,,,,,Y,,A,07,0,0,1,0,0,0,0,0,0,"- ","- ",,,MONTEREY,UNINCORPORATED,-121.53988993999999,36.629880010000001
6664504,2014,2016-05-09,9730,2014-09-26,1034,018966,,5,1,9,2700,0,1,3,,1,068,"RT 68","SECA PL",60.00,E,N,A,-,Y,MON,5,68,-,-,11.280,H,-,W,N,4,0,1,2,A,-,03,22350,,N,C,C,A,A,H,-,A,A,0,,,,,Y,,A,07,0,0,1,0,0,0,0,0,0,"- ","- ",,,MONTEREY,UNINCORPORATED,-121.75461287,36.56955902
6664508,2014,2016-05-09,9730,2014-09-27,1830,020621,,6,2,9,2700,0,1,3,,1,068,"RT 68","CORRAL DE TIERRA RD",15.00,E,N,A,-,Y,MON,5,68,-,-,12.960,H,-,W,N,4,0,1,2,A,-,03,22350,,N,C,C,A,A,H,-,A,A,0,,,,,Y,,A,07,0,0,1,0,0,0,0,0,0,"- ","- ",,,MONTEREY,UNINCORPORATED,-121.72702105,36.578507899999998
6664512,2014,2016-05-09,9730,2014-09-26,2255,020233,,5,3,9,2700,0,1,3,,1,068,"RT 68","TORERO DR",528.00,E,N,B,-,Y,MON,5,68,-,-,14.790,H,-,E,Y,4,0,1,1,A,-,08,22107,,N,F,A,A,A,H,-,D,D,0,,,,,Y,,A,01,0,0,1,0,0,0,0,0,0,"- ","- ",,,MONTEREY,UNINCORPORATED,-121.70324598000001,36.594421240000003
6664516,2014,2016-05-02,9730,2014-09-30,1540,017851,,2,2,9,2700,0,1,3,,1,074,"RT 1","MOLERA RD",0.00,,Y,A,-,Y,MON,5,1,-,-,9.440,I,5,S,Y,3,0,1,2,A,-,01,23152,E,N,A,C,A,A,H,-,A,D,0,,,,,Y,,A,01,0,1,0,0,0,0,0,0,0,"- ","- ",,,MONTEREY,UNINCORPORATED,-121.43772263,35.86937906
6664520,2014,2016-05-02,9730,2014-09-27,1310,019127,,6,1,9,2700,0,1,3,,1,074,"RT 1","SPRINGFIELD RD",1056.00,N,N,A,-,Y,MON,5,1,-,-,99.050,H,-,S,Y,3,0,5,3,A,-,03,22350,,N,C,C,A,A,H,-,A,D,0,,,,,Y,,A,01,0,1,4,0,0,0,0,0,0,"- ","- ",36.8399,-121.77103,MONTEREY,UNINCORPORATED,-121.77105897,36.841157539999998
6664524,2014,2016-05-09,9730,2014-09-27,0310,020233,,6,3,9,2700,0,1,3,,1,068,"RT 68","YORK RD",1267.00,E,N,B,-,Y,MON,5,68,-,-,8.390,H,-,W,Y,3,0,1,1,A,-,01,23152,A,N,E,I,A,A,H,-,D,D,0,,,,,Y,Y,A,01,0,1,0,0,0,0,0,0,0,"- ","- ",36.570680000000003,-121.8038,MONTEREY,UNINCORPORATED,-121.80420731,36.570698409999999
6664544,2014,2016-05-02,9730,2014-09-28,0820,019529,,7,1,4,2706,0,1,3,,2,062,"RT 1","RT 68",700.00,N,N,A,-,Y,MON,5,1,-,-,78.310,H,-,S,Y,4,0,1,1,A,-,08,22107,,N,E,I,A,A,H,-,A,D,1,,,,,Y,,A,07,0,0,1,0,0,0,0,0,0,"- ","- ",,,MONTEREY,MONTEREY,-121.8693763,36.594849979999999
6665386,2014,2016-05-02,9730,2014-09-29,0745,18350,,1,1,9,2700,0,1,2,,1,030,"OLD STAGE RD","RT 101",0.00,,Y,A,-,Y,MON,5,101,-,-,71.900,R,4,N,N,4,0,1,2,A,-,09,21802,A,N,D,C,A,A,H,-,A,A,1,,,,,Y,,A,01,0,0,1,0,0,0,0,0,0,"- ",FR,36.525219999999997,-121.46589,MONTEREY,UNINCORPORATED,-121.45214178000001,36.522121890000001
6665390,2014,2014-11-14,9730,2014-09-30,0845,015160,,2,1,9,2700,0,3,5,,2,007,"CASTROVILLE BL","DOLAN RD",125.00,S,N,A,-,N,,,,,,,,,,N,4,0,1,1,A,-,08,22107,,N,E,I,A,A,H,-,A,D,0,,,Y,,Y,,C,02,0,0,1,0,0,0,0,0,1,"- ","- ",,,MONTEREY,UNINCORPORATED,-121.72477278,36.796286360000003
6665394,2014,2014-11-06,9730,2014-09-12,1745,020391,,5,2,9,2700,0,3,5,,2,003,"RIVER RD","RANCHITO DR",0.00,,Y,A,-,N,,,,,,,,,,Y,3,0,1,2,A,-,03,22350,,F,C,C,A,A,H,-,A,D,0,,,,,Y,,A,01,0,1,0,0,0,0,0,0,0,"- ","- ",36.603940000000001,-122.63769000000001,MONTEREY,UNINCORPORATED,-121.63768,36.603910079999999
6647947,2014,2015-11-30,2706,2014-09-24,1434,229,2706,3,5,4,2706,0,0,0,,0,001,"LIGHTHOUSE AV","DRAKE AV",24.00,N,N,A,-,N,,,,,,,,,,N,4,0,1,2,A,-,03,22350,,N,C,C,A,A,H,-,B,A,0,,,,,Y,,D,22,0,0,1,0,0,0,0,0,0,"- ","- ",,,MONTEREY,MONTEREY,-121.89998549000001,36.611504799999999
6649203,2014,2016-05-02,9735,2014-09-16,0445,019965,,2,3,9,2700,0,1,2,,1,040,"RT 101","ARROYO SECO RD",2112.00,S,N,-,-,Y,MON,5,101,-,-,60.000,H,-,S,Y,3,0,1,1,A,-,08,22107,,N,F,A,A,-,-,-,-,D,4,,,,,Y,,A,01,0,1,0,0,0,0,0,0,0,"- ","- ",36.397820000000003,-121.31259,MONTEREY,UNINCORPORATED,-121.31310395,36.39811709
6649271,2014,2014-10-15,9735,2014-09-23,1125,016696,,2,1,9,2700,0,3,5,,2,001,"FORT ROMIE RD","RIVER RD",1584.00,S,N,A,-,N,,,,,,,,,,Y,3,0,2,1,A,-,08,22107,,N,F,I,A,A,H,-,A,D,0,,,,,Y,,A,07,0,2,0,0,0,0,0,0,0,"- ","- ",36.411969999999997,-121.39081,MONTEREY,UNINCORPORATED,-121.38672063999999,36.411229710000001
6653592,2014,2016-01-15,9735,2014-09-30,0630,016696,,2,1,9,2700,0,3,5,,2,001,"CENTRAL AV","RT 101",2640.00,W,N,-,-,N,,,,,,,,,,Y,4,0,1,2,A,-,05,21650,,N,B,C,A,A,H,-,A,D,0,,,,Y,Y,,G,25,0,0,1,0,0,0,0,0,0,"- ","- ",36.235469999999999,-121.17901000000001,MONTEREY,UNINCORPORATED,-121.18140548,36.237488829999997
6657629,2014,2014-12-16,2706,2014-10-04,1855,107,,6,5,4,2706,0,0,0,,0,001,"FRANKLIN ST","WATSON ST",20.00,W,N,A,-,N,,,,,,,,,,Y,4,0,4,2,A,-,09,21802,A,N,D,C,A,A,H,-,A,A,0,,,,,Y,,A,01,0,0,4,0,0,0,0,0,0,"- ","- ",,,MONTEREY,MONTEREY,-121.89984545999999,36.601165279999996
6689016,2014,2016-06-18,9730,2014-10-12,1328,019569,,7,1,9,2700,0,1,3,,1,014,"RT 1","SYCAMORE CANYON RD",60.00,S,N,A,-,Y,MON,5,1,-,-,45.630,H,-,N,Y,4,0,1,2,A,-,03,22350,,N,C,C,A,A,H,-,A,D,0,,,,,Y,,A,01,0,0,1,0,0,0,0,0,0,"- ","- ",,,MONTEREY,UNINCORPORATED,-121.77689590999999,36.240132449999997
6689020,2014,2016-06-18,9730,2014-10-12,1229,019569,,7,1,9,2700,0,1,3,,1,014,"RT 1","SYCAMORE CANYON RD",2640.00,S,N,A,-,Y,MON,5,1,-,-,45.140,H,-,N,Y,4,0,1,1,A,-,08,22107,,N,F,A,A,A,H,-,A,D,0,,,Y,,Y,,C,02,0,0,1,0,0,0,0,0,1,"- ","- ",,,MONTEREY,UNINCORPORATED,-121.76932850999999,36.236527850000002
6689027,2014,2014-12-22,9730,2014-10-08,2035,017785,,3,2,9,2700,0,3,5,,2,004,"OLD STAGE RD","SPENCE RD",1056.00,S,N,A,-,N,,,,,,,,,,Y,3,0,1,1,A,-,01,23152,A,N,E,I,A,A,H,-,D,D,0,,,,,Y,Y,A,01,0,1,0,0,0,0,0,0,0,"- ","- ",36.628630000000001,-121.53607,MONTEREY,UNINCORPORATED,-121.53658453,36.628731930000001
6689035,2014,2014-12-22,9730,2014-10-12,1008,019127,,7,1,9,2700,0,3,5,,2,003,"LAURELES GRADE RD","CAMINO ESCONDIDO RD",4224.00,S,N,A,-,N,,,,,,,,,,Y,4,0,1,1,A,-,08,22107,,N,E,I,A,A,H,-,A,D,0,,,Y,,Y,,C,02,0,0,1,0,0,0,0,0,1,"- ","- ",36.528230000000001,-121.75246,MONTEREY,UNINCORPORATED,,
6689039,2014,2014-12-22,9730,2014-10-11,2155,020417,,6,2,9,2700,0,3,5,,2,007,"COUNTRYSIDE CT","PRUNEDALE NORTH RD",30.00,W,N,A,-,N,,,,,,,,,,Y,3,0,1,1,A,-,01,23152,A,N,E,I,A,A,H,-,C,D,0,,,,,Y,Y,A,07,0,1,0,0,0,0,0,0,0,"- ","- ",36.795259999999999,-121.66758,MONTEREY,UNINCORPORATED,-121.66751886,36.795351699999998
6690948,2014,2015-01-23,9735,2014-10-21,1800,19263,,2,2,9,2700,0,3,5,,2,001,"ARROYO SECO RD","SYCAMORE FLATS RD",2112.00,E,N,A,-,N,,,,,,,,,,Y,2,0,1,1,A,-,08,22107,,N,F,A,A,A,H,-,A,D,0,,,Y,,Y,,C,02,1,0,0,0,0,0,0,0,1,"- ","- ",36.267539999999997,-121.37782,MONTEREY,UNINCORPORATED,-121.38195331999999,36.269555629999999
6673316,2014,2014-12-11,2708,2014-10-10,1210,46743,,5,5,6,2708,0,0,0,,0,012,"AIRPORT BL","MOFFETT ST",15.00,W,N,A,-,N,,,,,,,,,,N,4,0,1,2,A,-,03,22350,,N,C,C,A,A,H,-,A,A,0,,,,,Y,,A,01,0,0,1,0,0,0,0,0,0,"- ","- ",,,MONTEREY,SALINAS,-121.62057307000001,36.663407769999999
6673340,2014,2014-12-09,2708,2014-10-13,1947,15072,,1,5,6,2708,0,0,0,,0,,"EAST BORONDA RD","SAN JUAN GRADE RD",0.00,,Y,B,-,N,,,,,,,,,,Y,3,0,3,3,A,-,12,21453,A,N,D,C,A,A,H,-,C,A,0,,,,,Y,,-,,0,1,2,0,0,0,0,0,0,"- ","- ",,,MONTEREY,SALINAS,-121.65117988999999,36.719790109999998
6674360,2014,2015-01-07,9735,2014-10-11,1500,018069,,6,2,9,2700,0,1,3,,1,035,"RT 198","GRIFFIN RD",1056.00,W,N,A,-,Y,,,198,,,,,,,Y,4,0,2,1,A,-,08,22107,,N,E,I,A,A,H,-,A,D,0,,,,,Y,,A,01,0,0,2,0,0,0,0,0,0,"- ","- ",36.19697,-120.7167,MONTEREY,UNINCORPORATED,-120.71668841,36.196945980000002
6674980,2014,2016-06-18,9730,2014-10-11,1426,019569,,6,2,9,2700,0,1,3,,1,014,"RT 1","GARRAPATA RIDGE RD",2640.00,S,N,A,-,Y,MON,5,1,-,-,62.980,H,-,S,Y,3,0,1,2,A,-,09,21804,A,N,D,C,A,A,H,-,A,D,0,,,Y,,Y,,D,22,0,1,0,0,0,0,0,0,1,"- ","- ",36.402979999999999,-121.90928,MONTEREY,UNINCORPORATED,-121.91394486999999,36.416874919999998
6674996,2014,2014-12-10,9730,2014-10-08,1805,015297,,3,2,9,2700,0,1,3,,1,072,"RT 156","CASTROVILLE BL",55.00,E,N,A,-,Y,,,,,,,,,,Y,4,0,2,2,A,-,03,22350,,N,C,C,A,A,H,-,A,A,0,,,,,Y,,D,22,0,0,2,0,0,0,0,0,0,"- ","- ",,,MONTEREY,UNINCORPORATED,-121.74295514000001,36.768525140000001
6675000,2014,2016-05-04,9730,2014-09-24,1325,18350,,3,1,6,2708,0,1,2,,1,050,"RT 101","MARKET ST",1056.00,N,N,A,-,Y,MON,5,101,-,-,87.520,H,-,N,Y,3,0,1,2,A,-,07,21658,A,F,E,A,A,A,H,-,A,D,1,,,,Y,Y,,G,25,0,1,0,0,0,0,0,0,0,"- ","- ",,,MONTEREY,SALINAS,-121.64217951000001,36.68065936
6675040,2014,2015-01-06,9730,2014-10-08,1630,12332,,3,2,9,2700,0,3,5,,2,007,"MURPHY HILL RD","MURPHY RD",1584.00,E,N,A,-,N,,,,,,,,,,Y,3,0,1,1,A,-,08,22107,,N,E,I,A,B,H,-,A,D,0,,,,,Y,,D,22,0,1,0,0,0,0,0,0,0,"- ","- ",,,MONTEREY,UNINCORPORATED,-121.67068200999999,36.897070020000001
6677491,2014,2015-06-01,2712,2014-10-08,1818,730,2712,3,5,3,2712,0,0,0,,0,001,"IMJIN PW","4TH AV",13.00,W,N,A,-,N,,,,,,,,,,Y,4,0,1,1,A,-,03,22350,,N,A,I,A,A,H,-,B,D,0,,,,,Y,,A,01,0,0,1,0,0,0,0,0,0,"- ","- ",,,MONTEREY,MARINA,-121.8005828,36.66653067
6679739,2014,2016-05-03,9730,2014-09-24,0803,18350,,3,1,9,2700,0,1,3,,1,072,"RT 156","MCGUFFIE RD",50.00,W,N,B,-,Y,MON,5,156,-,T,4.760,H,-,W,Y,4,0,1,2,A,-,01,23152,E,N,C,C,A,A,H,-,A,D,0,,,,,Y,,A,01,0,0,1,0,0,0,0,0,0,"- ","- ",36.78866,-121.67523,MONTEREY,UNINCORPORATED,-121.67565955000001,36.7885955
6679940,2014,2014-12-22,9730,2014-10-13,2248,20578,,1,3,6,2708,0,3,5,,2,005,"OLD STAGE RD","WILLIAMS RD",5280.00,S,N,A,-,N,,,,,,,,,,Y,3,0,4,1,A,-,08,22107,,N,E,I,A,A,H,-,D,D,0,,,,,Y,,A,07,0,1,3,0,0,0,0,0,0,"- ","- ",36.684469999999997,-121.56183,MONTEREY,SALINAS,-121.56431455000001,36.686739000000003
6680077,2014,2014-12-23,9730,2014-10-11,1736,020576,,6,2,9,2700,0,2,4,,2,063,"DAVIS RD","MARKET ST",1584.00,S,N,A,-,N,,,,,,,,,,Y,2,0,2,2,A,-,05,21651,A,N,A,D,A,A,H,-,A,D,0,,,,,Y,,A,01,1,0,1,0,0,0,0,0,0,"- ","- ",36.679830000000003,-121.67466,MONTEREY,UNINCORPORATED,-121.67466,36.684609999999999
6665398,2014,2016-05-09,9730,2014-09-17,1610,18350,,3,2,4,2706,0,1,3,,2,062,"RT 1","CAMINO AGUAJITO",70.00,N,N,A,-,Y,MON,5,1,-,R,80.790,R,1,S,N,4,0,4,2,A,-,21,22106,,N,C,C,A,A,H,-,A,D,1,,,,,Y,,A,01,0,0,4,0,0,0,0,0,0,"- ","- ",,,MONTEREY,MONTEREY,-121.84044631,36.625197790000001
6665402,2014,2016-05-09,9730,2014-09-09,0900,18350,,2,1,9,2700,0,1,3,,1,068,"RT 68","TORO CREEK BRIDGE",45.00,E,N,A,-,Y,MON,5,68,-,-,13.770,H,-,W,Y,4,0,2,3,A,-,03,22350,,N,C,C,A,A,H,-,A,D,0,,,,,Y,,A,07,0,0,2,0,0,0,0,0,0,"- ","- ",36.581560000000003,-121.71765000000001,MONTEREY,UNINCORPORATED,-121.71449377,36.583181379999999
6666212,2014,2014-12-15,2712,2014-10-13,2122,719,,1,5,3,2712,0,0,0,,0,001,"IMJIN PKWY","ABRAMS DR",365.00,E,N,A,-,N,,,,,,,,,,Y,2,0,2,2,A,-,01,23152,E,N,A,C,A,A,H,-,C,D,0,,,,,Y,Y,A,01,1,0,1,0,0,0,0,0,0,"- ","- ",,,MONTEREY,MARINA,-121.79287743,36.662889319999998
6666272,2014,2014-12-12,2706,2014-10-09,2319,310,,4,5,4,2706,0,0,0,,0,002,"PACIFIC ST","ALAMEDA AV",236.00,N,N,A,-,N,,,,,,,,,,Y,3,0,1,1,A,-,01,23152,A,N,E,I,A,A,H,-,D,D,0,,,,,Y,Y,A,01,0,1,0,0,0,0,0,0,0,"- ","- ",,,MONTEREY,MONTEREY,-121.90028261,36.589375080000003
6667349,2014,2014-12-12,2706,2014-10-01,1449,627,MPD,3,5,4,2706,0,0,0,,0,003,"RT 68","OLMSTED RD",1272.00,E,N,A,-,Y,,,,,,,,,,Y,4,0,2,3,A,-,03,22350,,N,C,C,A,A,H,-,A,D,0,,,,,Y,,D,22,0,0,2,0,0,0,0,0,0,"- ","- ",,,MONTEREY,MONTEREY,,
6668712,2014,2014-12-30,9730,2014-10-07,1735,17785,,2,2,9,2700,0,2,4,,2,063,"BLANCO RD","COOPER RD",620.00,W,N,A,-,N,,,,,,,,,,Y,3,0,1,2,A,-,08,22107,,F,D,C,A,A,H,-,A,D,0,,,,,Y,,D,22,0,1,0,0,0,0,0,0,0,"- ","- ",36.678629999999998,-121.73728,MONTEREY,UNINCORPORATED,-121.73713427,36.678670519999997
6668715,2014,2014-12-11,9730,2014-10-03,1755,020417,,5,2,9,2700,0,2,4,,1,073,"SAN MIGUEL CANYON RD","PRUNEDALE NORTH RD",35.00,S,N,A,-,N,,,,,,,,,,Y,4,0,2,2,A,-,03,22350,,N,C,C,A,A,H,-,A,A,0,,,,,Y,,D,22,0,0,2,0,0,0,0,0,0,"- ","- ",36.80142,-121.66574,MONTEREY,UNINCORPORATED,-121.66578964,36.801456999999999
6668881,2014,2014-12-11,9730,2014-10-03,1255,018966,,5,1,9,2700,0,3,5,,2,005,"REESE CIR","COUNTRY MEADOWS RD",50.00,W,N,A,-,N,,,,,,,,,,N,3,0,1,2,A,-,03,22350,,N,A,G,A,A,H,-,A,A,0,,Y,,,Y,,L,04,0,1,0,0,0,0,1,0,0,"- ","- ",36.76784,-121.66573,MONTEREY,UNINCORPORATED,-121.66595890000001,36.767642780000003
6668883,2014,2016-06-18,9730,2014-10-06,1415,015160,,1,2,3,2712,0,1,3,,2,062,"RT 1","8TH ST",300.00,S,N,A,-,Y,MON,5,1,-,R,83.830,H,-,N,Y,4,0,1,2,A,-,08,22107,,N,B,C,A,A,H,-,A,D,1,,,,,Y,,D,22,0,0,1,0,0,0,0,0,0,"- ","- ",,,MONTEREY,MARINA,-121.81627833,36.660518709999998
6668885,2014,2014-12-11,9730,2014-10-07,0005,017803,,2,3,9,2700,0,1,2,,1,030,"RT 101","SOMAVIA RD",100.00,N,N,B,-,Y,,,101,,,,,,,Y,4,0,1,2,A,-,07,21658,A,N,C,C,A,A,H,-,D,D,0,,,,Y,Y,,A,01,0,0,1,0,0,0,0,0,0,"- ","- ",36.596409999999999,-121.54618000000001,MONTEREY,UNINCORPORATED,-121.54621521,36.596373589999999
6669203,2014,2015-01-09,2703,2014-10-17,1807,9221,2703,5,5,2,2703,0,0,0,,0,ALL,"BLOCKSECOND ST","CENTER ST",0.00,,Y,A,-,N,,,,,,,,,,N,3,0,1,2,C,-,18,,,N,G,B,D,A,H,-,A,A,0,Y,,,,Y,,-,"- ",0,1,0,0,1,0,0,0,0,"- ","- ",,,MONTEREY,GONZALES,,
6670126,2014,2014-12-17,9730,2014-10-07,1430,015160,,2,2,9,2700,0,3,5,,2,006,"BLACKIE RD","COMMERCIAL PKY",4224.00,E,N,A,-,N,,,,,,,,,,Y,4,0,1,1,A,-,08,22107,,N,E,J,A,A,H,-,A,D,0,,,,,Y,,A,01,0,0,1,0,0,0,0,0,0,"- ","- ",,,MONTEREY,UNINCORPORATED,-121.72917145,36.764536139999997
6690960,2014,2014-12-30,9735,2014-10-19,1827,19330,,7,2,9,2700,0,3,5,,2,003,"METZ RD","SPRECKELS RD",3696.00,S,N,A,-,N,,,,,,,,,,Y,2,0,1,1,A,-,01,23152,A,N,F,A,A,A,H,-,A,D,0,,,,,Y,Y,A,01,1,0,0,0,0,0,0,0,0,"- ","- ",36.258600000000001,-121.13949,MONTEREY,UNINCORPORATED,-121.1403073,36.259395140000002
6691025,2014,2014-11-18,2707,2014-09-13,1250,1445,,6,5,3,2707,0,0,0,,0,002,"CENTRAL AV","9TH ST",39.00,W,N,A,-,N,,,,,,,,,,N,3,0,1,2,A,-,03,22350,,N,C,C,A,A,H,-,A,D,0,,Y,,,Y,,L,04,0,1,0,0,0,0,1,0,0,"- ","- ",,,MONTEREY,"PACIFIC GROVE",-121.91154458,36.620657370000004
6691542,2014,2016-06-18,9730,2014-10-23,0745,019569,,4,1,4,2706,0,1,3,,2,062,"RT 1","CASA VERDE WY",1584.00,N,N,A,-,Y,MON,5,1,-,R,78.780,H,-,S,N,4,0,1,2,A,-,03,22350,,N,C,C,A,A,H,-,A,D,1,,,,,Y,,D,22,0,0,1,0,0,0,0,0,0,"- ","- ",,,MONTEREY,MONTEREY,-121.86165018,36.602811789999997
6691546,2014,2014-12-09,9730,2014-10-24,0715,018886,,5,1,9,2700,0,1,2,,1,050,"RT 101","HARTNELL RD",50.00,N,N,A,-,Y,,,,,,,,,,N,4,0,1,2,A,-,07,21658,A,N,C,C,A,A,H,-,A,D,0,,,,,Y,,D,22,0,0,1,0,0,0,0,0,0,"- ","- ",,,MONTEREY,UNINCORPORATED,-121.58078544999999,36.622652969999997
6691566,2014,2014-11-19,9730,2014-10-18,1214,018886,,6,1,9,2700,0,1,2,,1,050,"RT 101","SPENCE RD",100.00,N,N,A,-,Y,,,,,,,,,,Y,3,0,1,2,A,-,08,22107,,N,B,C,A,A,H,-,A,D,0,,,,Y,Y,,A,07,0,1,0,0,0,0,0,0,0,"- ","- ",,,MONTEREY,UNINCORPORATED,-121.56737185,36.612875070000001
6691762,2014,2014-11-20,2708,2014-08-29,1822,05044,,5,5,6,2708,0,0,0,,0,008,"E SAN LUIS","FRONT ST",0.00,,Y,A,-,N,,,,,,,,,,N,2,0,1,2,A,-,09,21804,A,N,-,G,A,A,H,-,A,A,0,,Y,,,Y,,L,04,1,0,0,0,0,0,1,0,0,"- ","- ",,,MONTEREY,SALINAS,-121.64873999,36.672790020000001
6691806,2014,2014-11-20,2708,2014-08-29,1537,15945,,5,5,6,2708,0,0,0,,0,,"JOHN ST","SPRING ST",0.00,,Y,A,-,N,,,,,,,,,,Y,2,0,1,2,A,-,09,21801,A,N,D,C,A,A,H,-,A,D,0,,,,,Y,,-,,1,0,0,0,0,0,0,0,0,"- ","- ",,,MONTEREY,SALINAS,-121.64577995,36.669750059999998