CASE_ID,ACCIDENT_YEAR,PROC_DATE,JURIS,COLLISION_DATE,COLLISION_TIME,OFFICER_ID,REPORTING_DISTRICT,DAY_OF_WEEK,CHP_SHIFT,POPULATION,CNTY_CITY_LOC,SPECIAL_COND,BEAT_TYPE,CHP_BEAT_TYPE,CITY_DIVISION_LAPD,CHP_BEAT_CLASS,BEAT_NUMBER,PRIMARY_RD,SECONDARY_RD,DISTANCE,DIRECTION,INTERSECTION,WEATHER_1,WEATHER_2,STATE_HWY_IND,CALTRANS_COUNTY,CALTRANS_DISTRICT,STATE_ROUTE,ROUTE_SUFFIX,POSTMILE_PREFIX,POSTMILE,LOCATION_TYPE,RAMP_INTERSECTION,SIDE_OF_HWY,TOW_AWAY,COLLISION_SEVERITY,NUMBER_KILLED,NUMBER_INJURED,PARTY_COUNT,PRIMARY_COLL_FACTOR,PCF_CODE_OF_VIOL,PCF_VIOL_CATEGORY,PCF_VIOLATION,PCF_VIOL_SUBSECTION,HIT_AND_RUN,TYPE_OF_COLLISION,MVIW,PED_ACTION,ROAD_SURFACE,ROAD_COND_1,ROAD_COND_2,LIGHTING,CONTROL_DEVICE,CHP_ROAD_TYPE,PEDESTRIAN_ACCIDENT,BICYCLE_ACCIDENT,MOTORCYCLE_ACCIDENT,TRUCK_ACCIDENT,NOT_PRIVATE_PROPERTY,ALCOHOL_INVOLVED,STWD_VEHTYPE_AT_FAULT,CHP_VEHTYPE_AT_FAULT,COUNT_SEVERE_INJ,COUNT_VISIBLE_INJ,COUNT_COMPLAINT_PAIN,COUNT_PED_KILLED,COUNT_PED_INJURED,COUNT_BICYCLIST_KILLED,COUNT_BICYCLIST_INJURED,COUNT_MC_KILLED,COUNT_MC_INJURED,PRIMARY_RAMP,SECONDARY_RAMP,LATITUDE,LONGITUDE,COUNTY,CITY,POINT_X,POINT_Y
6691810,2014,2014-11-20,2708,2014-08-08,2250,53268,,5,5,6,2708,0,0,0,,0,001,"NORTH MAIN ST","E BOLIVAR ST",125.00,S,N,A,-,N,,,,,,,,,,N,3,0,1,2,A,-,08,22107,,N,D,G,A,A,H,-,C,D,0,,Y,,,Y,,L,04,0,1,0,0,0,0,1,0,0,"- ","- ",,,MONTEREY,SALINAS,-121.65637981,36.724706689999998
6691814,2014,2014-11-20,2708,2014-08-10,2157,15702,,7,5,6,2708,0,0,0,,0,005,"EAST LAUREL DR","LINWOOD DR",0.00,,Y,A,-,N,,,,,,,,,,Y,4,0,1,2,A,-,09,21801,A,N,D,C,A,A,H,-,C,A,0,,,,,Y,,-,,0,0,1,0,0,0,0,0,0,"- ","- ",,,MONTEREY,SALINAS,-121.64404992,36.697580070000001
6691818,2014,2014-11-24,2708,2014-08-17,1731,18925,,7,5,6,2708,0,0,0,,0,005,"TAPADERO ST","DORORO DR",100.00,S,N,A,-,N,,,,,,,,,,Y,3,0,1,2,A,-,03,22350,,N,D,G,A,A,H,-,A,D,0,,Y,,,Y,,-,,0,1,0,0,0,0,1,0,0,"- ","- ",,,MONTEREY,SALINAS,-121.64977781,36.70017738
6691888,2014,2016-04-07,2708,2014-06-24,1058,18355,,2,5,6,2708,0,0,0,,0,,"JOHN ST","GRIFFIN ST",40.00,E,N,A,-,Y,MON,5,101,-,-,86.950,R,4,S,Y,2,0,1,2,A,-,09,21804,A,N,D,C,A,A,H,-,A,D,0,,,,,Y,,-,,1,0,0,0,0,0,0,0,0,"- ","- ",,,MONTEREY,SALINAS,-121.64043237999999,36.672603090000003
6695932,2014,2015-10-30,2711,2014-10-20,1759,6189,2711,1,5,3,2711,0,0,0,,0,001,"NORTH ST","SOLEDAD ST",21.00,N,N,A,-,N,,,,,,,,,,N,4,0,1,2,A,-,21,22106,,N,D,C,A,A,H,-,A,A,0,,,,,Y,,A,01,0,0,1,0,0,0,0,0,0,"- ","- ",,,MONTEREY,SOLEDAD,-121.32521563,36.429346160000001
6670130,2014,2014-12-17,9730,2014-10-12,1150,016537,,7,1,9,2700,0,3,5,,2,003,"RIVER RD","CHUALAR RIVER RD",8976.00,S,N,A,-,N,,,,,,,,,,N,4,0,1,1,A,-,08,22107,,N,F,I,A,A,H,-,A,D,0,,,Y,,Y,,C,02,0,0,1,0,0,0,0,0,1,"- ","- ",36.534649999999999,-121.54084,MONTEREY,UNINCORPORATED,-121.54048102,36.534502600000003
6670134,2014,2014-12-17,9730,2014-10-04,2110,020065,,6,2,9,2700,0,3,5,,2,003,"RIVER RD","GONZALES RIVER RD",1320.00,W,N,A,-,N,,,,,,,,,,Y,3,0,4,1,A,-,08,22107,,F,F,I,A,A,H,-,D,D,0,,,,,Y,,A,01,0,4,0,0,0,0,0,0,0,"- ","- ",36.478679999999997,-121.4787,MONTEREY,UNINCORPORATED,-121.47826567,36.478780579999999
6670138,2014,2014-12-17,9730,2014-10-05,1115,019315,,7,1,9,2700,0,2,4,,2,063,"BLANCO RD","RESEARCH RD",1584.00,E,N,A,-,N,,,,,,,,,,Y,4,0,3,2,A,-,06,21750,,N,D,C,A,A,H,-,A,D,0,,,,,Y,,A,01,0,0,3,0,0,0,0,0,0,"- ","- ",,,MONTEREY,UNINCORPORATED,-121.75222420999999,36.672988170000004
6670251,2014,2014-12-17,9730,2014-10-06,1625,20057,,1,2,9,2700,0,1,3,,1,068,"RT 68","PASADERA DR",1056.00,E,N,A,-,Y,,,68,,,,,,,Y,4,0,1,2,A,-,03,22350,,N,C,C,A,A,H,-,A,D,0,,,,,Y,,A,01,0,0,1,0,0,0,0,0,0,"- ","- ",36.56906,-121.77363,MONTEREY,UNINCORPORATED,-121.7736891,36.569139589999999
6670255,2014,2014-12-17,9730,2014-10-04,1930,18786,,6,2,9,2700,0,1,2,,1,030,"RT 101","CAMPHORA GLORIA RD",5280.00,N,N,A,-,Y,,,101,,,,,,,Y,3,0,1,1,A,-,01,23152,A,N,E,I,A,A,H,-,D,D,0,,,,,Y,Y,A,01,0,1,0,0,0,0,0,0,0,"- ","- ",36.456009999999999,-121.37338,MONTEREY,UNINCORPORATED,-121.37342017,36.455936370000003
6670309,2014,2015-12-03,2708,2014-07-17,1746,18925,,4,5,6,2708,0,0,0,,0,005,"LAUREL DR","GRANADA AV",0.00,,Y,A,-,N,,,,,,,,,,N,4,0,1,2,A,-,09,21801,A,N,D,C,A,A,H,-,A,D,0,,,,,Y,,-,,0,0,1,0,0,0,0,0,0,"- ","- ",,,MONTEREY,SALINAS,-121.64034988,36.696790030000003
6670311,2014,2014-12-17,9730,2014-10-03,2020,19806,,5,2,9,2700,0,1,3,,1,066,"RT 183","MCFADDEN RD",2601.00,S,N,A,-,Y,,,,,,,,,,Y,3,0,1,2,A,-,01,23152,A,N,B,C,A,A,H,-,D,D,0,,,,,Y,Y,A,01,0,1,0,0,0,0,0,0,0,"- ","- ",,,MONTEREY,UNINCORPORATED,,
6670315,2014,2014-12-17,9730,2014-10-03,2115,18786,,5,2,9,2700,0,1,2,,1,070,"RT 101","BORONDA RD",250.00,N,N,A,-,Y,,,101,,,,,,,Y,3,0,1,2,A,-,03,22350,,N,C,C,A,A,H,-,D,D,0,,,,,Y,,A,01,0,1,0,0,0,0,0,0,0,FR,"- ",36.722859999999997,-121.65862,MONTEREY,UNINCORPORATED,-121.65942131,36.723072799999997
6670319,2014,2014-12-17,9730,2014-10-03,1600,19569,,5,2,9,2700,0,3,5,,2,002,"LAURELES GRADE","RINCONADA DR",1584.00,S,N,A,-,N,,,,,,,,,,Y,3,0,1,1,A,-,08,22107,,N,E,I,A,A,H,-,A,D,0,,,Y,,Y,,C,02,0,1,0,0,0,0,0,0,1,"- ","- ",36.53445,-121.74993000000001,MONTEREY,UNINCORPORATED,-121.75,36.534588720000002
6704494,2014,2015-01-28,9735,2014-11-04,1030,16696,,2,1,9,2700,0,3,5,,2,003,"METZ RD","ELM AV",5280.00,S,N,A,-,N,,,,,,,,,,Y,4,0,1,1,A,-,08,22107,,N,E,I,A,A,H,-,A,D,0,,,,,Y,,A,01,0,0,1,0,0,0,0,0,0,"- ","- ",36.32273,-121.18237000000001,MONTEREY,UNINCORPORATED,-121.18698852,36.331108550000003
6705033,2014,2015-01-08,2701,2014-11-11,1347,5460,2701,2,5,2,2701,0,0,0,,0,00S,"RIO RD","LADERA DR",335.00,E,N,B,-,N,,,,,,,,,,Y,4,0,1,2,A,-,09,21804,A,N,D,C,A,A,H,-,A,A,0,,,,,Y,,A,01,0,0,1,0,0,0,0,0,0,"- ","- ",,,MONTEREY,CARMEL,-121.91666813000001,36.541800209999998
6705646,2014,2014-12-02,2712,2014-10-29,2216,612,2712,3,5,3,2712,0,0,0,,0,001,"IMJIN PW","PRESTON DR",60.00,N,N,A,-,N,,,,,,,,,,N,4,0,1,2,A,-,01,23152,A,N,C,C,A,A,D,-,C,A,0,,,,,Y,Y,A,01,0,0,1,0,0,0,0,0,0,"- ","- ",,,MONTEREY,MARINA,-121.77033784,36.668320209999997
6681435,2014,2015-04-15,9735,2014-10-10,0715,017257,,5,1,9,2700,0,2,4,,1,021,"JOLON RD","HEINSEN RD",1056.00,N,N,-,-,N,,,,,,,,,,Y,4,0,1,1,-,-,"- ",,,N,E,I,A,-,-,-,-,D,0,,,,,Y,,-,"- ",0,0,1,0,0,0,0,0,0,"- ","- ",35.890920000000001,-120.92932999999999,MONTEREY,UNINCORPORATED,-120.9256006,35.888999810000001
6681464,2014,2014-12-23,2706,2014-10-13,1901,103,,1,5,4,2706,0,0,0,,0,,"SOLEDAD DR","PACIFIC ST",0.00,,Y,B,-,N,,,,,,,,,,Y,4,0,1,2,A,-,09,21801,A,N,D,C,A,A,H,-,C,A,0,,,,,Y,,D,22,0,0,1,0,0,0,0,0,0,"- ","- ",,,MONTEREY,MONTEREY,-121.90286998000001,36.58425003
6681552,2014,2014-12-29,2706,2014-10-15,1041,939,MPD,3,5,4,2706,0,0,0,,0,003,"DEL MONTE AV","PALO VERDE AV",0.00,,Y,A,-,N,,,,,,,,,,N,3,0,1,2,A,-,09,21802,A,N,D,C,A,A,H,-,A,A,0,,,,,Y,,A,07,0,1,0,0,0,0,0,0,0,"- ","- ",,,MONTEREY,MONTEREY,-121.86937987,36.600840040000001
6681556,2014,2014-12-29,2706,2014-10-20,1618,031,2706,1,5,4,2706,0,0,0,,0,002,"CAMINO EL ESTERO","ANTHONY ST",0.00,,Y,A,-,N,,,,,,,,,,N,4,0,1,2,A,-,09,21802,A,N,D,C,A,A,H,-,A,D,0,,,,,Y,,A,07,0,0,1,0,0,0,0,0,0,"- ","- ",,,MONTEREY,MONTEREY,-121.88766989,36.598170019999998
6681588,2014,2016-02-16,2706,2014-10-14,0742,229,2706,2,5,4,2706,0,0,0,,0,002,"DEL MONTE AV","FIGUEROA ST",82.00,E,N,A,-,N,,,,,,,,,,Y,4,0,2,3,A,-,03,22350,,N,C,C,A,A,H,-,A,A,0,,,,,Y,,A,01,0,0,2,0,0,0,0,0,0,"- ","- ",,,MONTEREY,MONTEREY,-121.88976656,36.600213660000001
6681596,2014,2014-12-29,2706,2014-10-24,0746,505,2706,5,5,4,2706,0,0,0,,0,001,"TAYLOR ST","PRESCOTT AV",245.00,S,N,A,-,N,,,,,,,,,,N,4,0,2,2,A,-,03,22350,,N,C,C,A,A,H,-,B,D,0,,,,,Y,,A,07,0,0,2,0,0,0,0,0,0,"- ","- ",,,MONTEREY,MONTEREY,-121.91501801,36.607090370000002
6682061,2014,2014-12-22,2703,2014-10-24,0823,4989,2703,5,5,2,2703,0,0,0,,0,ALL,"5TH ST","GABILAN CT",0.00,,Y,A,-,N,,,,,,,,,,N,4,0,1,2,A,-,12,22450,A,N,G,G,A,A,H,-,A,A,0,,Y,,,Y,,A,08,0,0,1,0,0,0,1,0,0,"- ","- ",,,MONTEREY,GONZALES,-121.43975996,36.51183004
6683513,2014,2015-01-23,9735,2014-10-15,0805,016696,,3,1,9,2700,0,1,2,,1,041,"RT 101","HOBSON AV",0.00,,Y,-,-,Y,,,101,,,,,,,Y,2,0,1,2,A,-,03,22350,,N,C,C,A,-,-,-,-,D,0,,,,Y,Y,,D,22,1,0,0,0,0,0,0,0,0,"- ","- ",36.276110000000003,-121.18525,MONTEREY,UNINCORPORATED,-121.18534737,36.276045230000001
6688827,2014,2014-12-24,9730,2014-10-07,0750,13024,,2,1,9,2700,0,1,3,,1,068,"RT 68","SAN BENANCIO RD",528.00,E,N,A,-,Y,,,,,,,,,,Y,4,0,1,4,A,-,03,22350,,N,C,C,A,A,H,-,A,D,0,,,Y,,Y,,A,01,0,0,1,0,0,0,0,0,1,"- ","- ",,,MONTEREY,UNINCORPORATED,,
6688843,2014,2016-06-18,9730,2014-10-12,1300,018179,,7,1,9,2700,0,1,3,,1,074,"RT 1","JENSEN RD",2640.00,N,N,A,-,Y,MON,5,1,-,R,100.420,H,-,S,Y,4,0,1,3,A,-,03,22350,,N,C,C,A,A,H,-,A,D,0,,,,,Y,,A,01,0,0,1,0,0,0,0,0,0,"- ","- ",,,MONTEREY,UNINCORPORATED,-121.77109498999999,36.862642780000002
6688847,2014,2016-06-18,9730,2014-10-15,0805,18350,,3,1,9,2700,0,1,3,,2,062,"RT 1","MONTEREY RD",20.00,N,N,C,-,Y,MON,5,1,-,R,79.040,R,2,S,N,4,0,1,2,A,-,21,22106,,M,C,C,A,B,H,-,A,A,1,,,,,Y,,A,01,0,0,1,0,0,0,0,0,0,TO,"- ",,,MONTEREY,UNINCORPORATED,-121.86106654,36.606712229999999
6688851,2014,2016-06-18,9730,2014-10-05,0905,017184,,7,1,9,2700,0,1,3,,1,022,"RT 1","CARMEL RIVER BRIDGE",1056.00,S,N,A,-,Y,MON,5,1,-,-,72.080,H,-,S,Y,2,0,1,2,D,-,00,,,N,C,C,A,A,H,-,A,D,0,,,Y,,Y,,-,"- ",1,0,0,0,0,0,0,0,1,"- ","- ",36.53228,-121.91609,MONTEREY,UNINCORPORATED,-121.915612,36.53293781
6697634,2014,2015-05-19,2712,2014-09-27,1911,690,2712,6,5,3,2712,0,0,0,,0,001,"RESERVATION RD","MBEST DR",18.00,W,N,A,-,N,,,,,,,,,,Y,4,0,2,2,A,-,12,21453,A,N,B,C,A,A,H,-,A,A,0,,,,,Y,,A,01,0,0,2,0,0,0,0,0,0,"- ","- ",,,MONTEREY,MARINA,-121.76130272,36.669205329999997
6700699,2014,2014-12-08,2712,2014-10-24,1509,537,2712,5,5,3,2712,0,0,0,,0,001,"BEACH RD","DEL MONTE BL",0.00,,Y,A,-,N,,,,,,,,,,Y,4,0,1,2,A,-,12,22450,A,N,D,C,A,A,H,-,A,A,0,,,,,Y,,D,22,0,0,1,0,0,0,0,0,0,"- ","- ",,,MONTEREY,MARINA,-121.79746986000001,36.693640070000001
6700703,2014,2015-01-08,2712,2014-11-05,1148,274,,3,5,3,2712,0,0,0,,0,001,"IMJIN PW","IMJIN RD",122.00,E,N,A,-,N,,,,,,,,,,Y,3,0,1,2,A,-,03,22350,,N,B,C,A,A,D,-,A,A,0,,,Y,,Y,,C,02,0,1,0,0,0,0,0,0,1,"- ","- ",,,MONTEREY,MARINA,-121.79096367,36.661670890000003
6700886,2014,2014-12-04,2706,2014-10-30,1311,896,MPD,4,5,4,2706,0,0,0,,0,002,"ABREGO ST","FREMONT ST",0.00,,Y,B,-,N,,,,,,,,,,Y,4,0,1,2,A,-,09,21801,A,N,A,C,A,A,H,-,A,A,0,,,,,Y,,A,01,0,0,1,0,0,0,0,0,0,"- ","- ",,,MONTEREY,MONTEREY,-121.89217993,36.595250049999997
6702114,2014,2014-12-03,9730,2014-10-18,0043,020598,,6,3,6,2708,0,1,2,,1,050,"RT 101","LAUREL DR",1000.00,N,N,A,-,Y,,,101,,,,,,,Y,3,0,3,1,A,-,08,22107,,N,E,I,A,A,H,-,D,D,0,,,,,Y,,A,07,0,3,0,0,0,0,0,0,0,"- ","- ",36.702350000000003,-121.66612000000001,MONTEREY,SALINAS,-121.66620227999999,36.702339170000002
6702118,2014,2014-12-03,9730,2014-10-18,1100,017502,,6,1,9,2700,0,3,5,,2,002,"LAURELES GRADE RD","RINCONADA DR",4224.00,S,N,A,-,N,,,,,,,,,,Y,4,0,2,1,A,-,08,22107,,N,F,A,A,A,H,-,A,D,0,,,,,Y,,A,01,0,0,2,0,0,0,0,0,0,"- ","- ",,,MONTEREY,UNINCORPORATED,-121.75250434,36.528931470000003
6702546,2014,2016-02-17,9730,2014-10-23,1655,17851,,4,2,9,2700,0,3,5,,2,007,"TRAFTON RD","RT 1",2112.00,E,N,A,-,N,,,,,,,,,,Y,4,0,3,2,A,-,05,21650,,N,A,C,A,A,H,-,A,D,0,,,,,Y,,A,01,0,0,3,0,0,0,0,0,0,"- ","- ",,,MONTEREY,UNINCORPORATED,-121.77088999999999,36.876519999999999
6702548,2014,2014-12-05,9730,2014-10-17,1926,20578,,5,2,9,2700,0,2,4,,1,023,"CARMEL VALLEY RD","LOMA DEL REY",528.00,E,N,A,-,N,,,,,,,,,,N,4,0,1,1,A,-,08,22107,,N,E,I,A,A,H,-,D,D,0,,,,,Y,,A,07,0,0,1,0,0,0,0,0,0,"- ","- ",36.525289999999998,-121.81464,MONTEREY,UNINCORPORATED,-121.81528951999999,36.525679760000003
6702550,2014,2014-12-04,9730,2014-10-23,0655,19569,,4,1,9,2700,0,2,4,,2,063,"BLANCO RD","ARMSTRONG RD",528.00,W,N,A,-,N,,,,,,,,,,N,4,0,1,2,A,-,03,22350,,N,C,C,A,A,H,-,B,D,0,,,,,Y,,A,01,0,0,1,0,0,0,0,0,0,"- ","- ",,,MONTEREY,UNINCORPORATED,-121.70972018000001,36.678700259999999
6702554,2014,2014-12-04,9730,2014-10-29,1530,20896,,3,2,9,2700,0,1,2,,1,050,"RT 101","AIRPORT BL",5280.00,S,N,A,-,Y,,,101,,,,,,,Y,3,0,1,1,A,-,08,22107,,N,E,I,A,A,H,-,A,D,0,,,,,Y,,A,01,0,1,0,0,0,0,0,0,0,"- ","- ",36.648359999999997,-121.61544000000001,MONTEREY,UNINCORPORATED,-121.61535927,36.648435329999998
6702558,2014,2016-06-18,9730,2014-10-19,0028,20576,,7,3,4,2706,0,1,3,,2,062,"RT 1","CASA VERDE WY",2640.00,N,N,A,-,Y,MON,5,1,-,R,78.980,H,-,S,N,3,0,1,1,A,-,01,23152,A,N,E,I,A,A,H,-,D,D,1,,,,,Y,Y,A,01,0,1,0,0,0,0,0,0,0,"- ","- ",36.604430000000001,-121.86123000000001,MONTEREY,MONTEREY,-121.86116955,36.605796339999998
6718069,2014,2016-01-13,9735,2014-12-09,1846,019800,,2,2,9,2700,0,1,2,,1,041,"RT 101","BROADWAY ST",1574.00,N,N,A,-,Y,MON,5,101,-,R,41.480,H,-,N,Y,1,1,0,1,A,-,08,22107,,N,E,I,A,A,H,-,C,D,5,,,,,Y,Y,D,22,0,0,0,0,0,0,0,0,0,"- ","- ",36.202829999999999,-121.14184,MONTEREY,UNINCORPORATED,-121.14211038000001,36.202561379999999
6707504,2014,2014-12-24,9730,2014-10-27,1004,18171,,1,1,9,2700,0,1,3,,1,068,"RT 68","YORK RD",528.00,E,N,A,-,Y,,,,,,,,,,Y,4,0,1,2,A,-,03,22350,,N,C,C,A,A,H,-,A,D,0,,,,,Y,,D,22,0,0,1,0,0,0,0,0,0,"- ","- ",,,MONTEREY,UNINCORPORATED,,
6707520,2014,2016-06-18,9730,2014-10-19,0515,20391,,7,3,9,2700,0,1,3,,1,074,"RT 1","JENSEN RD",230.00,S,N,A,-,Y,MON,5,1,-,-,99.880,H,-,S,Y,4,0,1,2,A,-,01,23152,A,N,B,C,A,A,H,-,D,D,0,,,,,Y,Y,A,01,0,0,1,0,0,0,0,0,0,"- ","- ",36.852939999999997,-121.77101,MONTEREY,UNINCORPORATED,-121.77112104,36.853234059999998
6707527,2014,2014-11-24,9730,2014-10-25,0844,014800,,6,1,6,2708,0,1,2,,1,050,"RT 101","WEST LAUREL DR",1584.00,S,N,C,-,Y,,,101,,,,,,,Y,3,0,2,1,A,-,08,22107,,N,F,A,A,B,H,-,A,D,0,,,,,Y,Y,D,22,0,1,1,0,0,0,0,0,0,FR,"- ",36.695729999999998,-121.66388000000001,MONTEREY,SALINAS,-121.66370485,36.695817089999998
6707559,2014,2014-11-24,9730,2014-10-25,0719,014800,,6,1,6,2708,0,1,2,,1,050,"RT 101","EAST MARKET ST",1056.00,N,N,C,-,Y,,,101,,,,,,,Y,4,0,1,1,A,-,03,22350,,N,E,I,A,B,H,-,A,D,0,,,,,Y,,D,22,0,0,1,0,0,0,0,0,0,FR,"- ",36.680160000000001,-121.64178,MONTEREY,SALINAS,-121.64187889999999,36.68012409
6707563,2014,2014-11-24,9730,2014-10-25,1143,018966,,6,1,9,2700,0,1,2,,1,070,"RT 101","RT 156",90.00,N,N,B,-,Y,,,101,,,,,,,Y,4,0,1,2,A,-,03,22350,,N,D,C,A,B,H,-,A,D,0,,,,,Y,,D,22,0,0,1,0,0,0,0,0,0,"- ","- ",36.789810000000003,-121.66763,MONTEREY,UNINCORPORATED,-121.66759996,36.789803650000003
6707694,2014,2014-11-24,9730,2014-10-28,0120,020233,,2,3,9,2700,0,3,5,,2,004,"OLD STAGE RD","ESPERANZA RD",5280.00,S,N,B,-,N,,,,,,,,,,Y,3,0,4,1,A,-,01,23152,A,N,E,I,A,A,H,-,D,D,0,,,,,Y,Y,A,01,0,2,2,0,0,0,0,0,0,"- ","- ",36.592269999999999,-121.50395,MONTEREY,UNINCORPORATED,-121.50402637000001,36.592289579999999
6707697,2014,2014-11-25,9730,2014-10-25,1820,020576,,6,2,9,2700,0,1,3,,1,068,"RT 68","CORRAL DE TIERRA RD",2112.00,W,N,A,-,Y,,,68,,,,,,,Y,4,0,1,2,A,-,09,21801,A,N,D,C,A,A,D,-,A,D,0,,,,,Y,,A,01,0,0,1,0,0,0,0,0,0,"- ","- ",36.575229999999998,-121.73408000000001,MONTEREY,UNINCORPORATED,-121.73409074,36.575246710000002
6707698,2014,2014-11-24,9730,2014-10-28,0700,12332,,2,1,9,2700,0,2,4,,1,073,"SALINAS RD","LEWIS RD",528.00,S,N,A,-,N,,,,,,,,,,Y,4,0,2,2,A,-,05,21650,,N,A,-,A,A,H,-,A,D,0,,,,,Y,,A,07,0,0,2,0,0,0,0,0,0,"- ","- ",,,MONTEREY,UNINCORPORATED,-121.74724670000001,36.889540670000002
6707701,2014,2016-06-18,9730,2014-10-26,1520,017184,,7,2,9,2700,0,1,3,,1,014,"RT 1","GRIMES CANYON",0.00,,Y,A,-,Y,MON,5,1,-,-,42.010,H,-,N,Y,3,0,1,1,A,-,08,22107,,N,F,A,A,A,H,-,A,D,0,,,Y,,Y,,C,02,0,1,0,0,0,0,0,0,1,"- ","- ",,,MONTEREY,UNINCORPORATED,-121.73610429999999,36.20857736
6707705,2014,2014-11-25,9730,2014-10-28,0805,18350,,2,1,9,2700,0,1,3,,1,068,"RT 68","PORTOLA DR",2112.00,W,N,A,-,Y,,,68,,,,,,,N,4,0,1,2,A,-,03,22350,,N,C,C,A,A,H,-,A,D,0,,,,,Y,,A,01,0,0,1,0,0,0,0,0,0,"- ","- ",36.602989999999998,-121.69637,MONTEREY,UNINCORPORATED,-121.69617319,36.602855429999998
6707709,2014,2014-11-25,9730,2014-10-23,1050,13024,,4,1,9,2700,0,1,3,,1,068,"RT 68","LAURELES GRADE",528.00,W,N,A,-,Y,,,,,,,,,,Y,3,0,2,2,C,-,18,,,N,C,C,A,A,H,-,A,D,0,,,,,Y,,-,"- ",0,1,1,0,0,0,0,0,0,"- ","- ",,,MONTEREY,UNINCORPORATED,,
6707713,2014,2014-11-25,9730,2014-10-25,0922,018171,,6,1,9,2700,0,1,3,,1,024,"RT 68","SCENIC DR",50.00,W,N,A,-,Y,,,,,,,,,,Y,3,0,2,2,A,-,03,22350,,N,A,C,A,B,H,-,A,D,0,,,,,Y,,A,01,0,1,1,0,0,0,0,0,0,"- ","- ",,,MONTEREY,UNINCORPORATED,,
6707754,2014,2015-03-12,9730,2014-10-29,1410,017851,,3,2,9,2700,0,2,4,,1,073,"SAN MIGUEL CANYON RD","ECHO VALLEY RD",0.00,,Y,A,-,N,,,,,,,,,,Y,1,1,1,2,A,-,09,21802,A,N,D,C,A,A,H,-,A,A,0,,,,,Y,,A,01,0,1,0,0,0,0,0,0,0,"- ","- ",,,MONTEREY,UNINCORPORATED,-121.67346996000001,36.821660080000001
6707918,2014,2015-01-08,9735,2014-11-11,1638,017952,,2,2,9,2700,0,1,2,,2,045,"RT 101","BRADLEY RD",1584.00,S,N,A,-,Y,,,101,,,,,,,Y,4,0,1,1,C,-,18,,,N,H,H,A,A,H,-,B,D,0,,,,,Y,,-,"- ",0,0,1,0,0,0,0,0,0,"- ","- ",35.862050000000004,-120.81098,MONTEREY,UNINCORPORATED,-120.81098962999999,35.862021660000003
6707936,2014,2016-06-18,9730,2014-10-31,1430,17184,,5,2,9,2700,0,1,3,,1,012,"RT 1","ESALIN INSTITUTE",0.00,,Y,B,C,Y,MON,5,1,-,-,32.400,H,-,N,Y,3,0,5,4,A,-,09,21801,A,N,A,C,A,B,H,-,A,A,0,,,,,Y,,A,01,0,3,2,0,0,0,0,0,0,"- ","- ",36.123539999999998,-121.63533,MONTEREY,UNINCORPORATED,-121.63211061,36.121615839999997
6707952,2014,2015-01-06,9730,2014-10-28,1500,18350,,2,2,9,2700,0,3,5,,2,003,"CORRAL DE TIERRA RD","CALERA CANYON",15.00,E,N,A,-,N,,,,,,,,,,N,3,0,1,1,A,-,01,23152,A,N,E,I,A,A,H,-,A,A,0,,,,,Y,Y,D,22,0,1,0,0,0,0,0,0,0,"- ","- ",36.729529999999997,-121.78578,MONTEREY,UNINCORPORATED,-121.7325678,36.549656779999999
6707964,2014,2015-01-09,9730,2014-11-01,1920,020576,,6,2,9,2700,0,2,4,,1,075,"SAN JUAN RD","AROMAS RD",1056.00,N,N,B,-,N,,,,,,,,,,Y,3,0,1,1,A,-,01,23152,A,N,E,I,A,B,H,-,D,D,0,,,,,Y,Y,E,22,0,1,0,0,0,0,0,0,0,"- ","- ",36.883369999999999,-121.66221,MONTEREY,UNINCORPORATED,-121.66347027,36.885119349999997
6707972,2014,2015-01-06,9730,2014-10-30,1330,13024,,4,1,9,2700,0,1,2,,1,030,"RT 101","5TH ST",20.00,N,N,A,-,Y,,,,,,,,,,N,4,0,1,2,A,-,03,22350,,N,C,C,A,A,D,-,A,D,0,,,,Y,Y,,G,25,0,0,1,0,0,0,0,0,0,"- ","- ",,,MONTEREY,UNINCORPORATED,-121.43776651,36.513240609999997
6707983,2014,2015-01-02,9730,2014-10-31,1540,19837,,5,2,9,2700,0,1,3,,1,024,"RT 68","SKYLINE FOREST DR",300.00,E,N,B,C,Y,,,68,,,,,,,Y,4,0,1,2,A,-,03,22350,,N,A,C,A,B,H,-,A,D,0,,,,,Y,,A,01,0,0,1,0,0,0,0,0,0,"- ","- ",36.585259999999998,-121.91866,MONTEREY,UNINCORPORATED,-121.91866204999999,36.585260730000002
6707984,2014,2015-01-27,9730,2014-11-01,0443,020065,,6,3,6,2708,0,1,2,,1,050,"RT 101","BORONDA RD",3170.00,S,N,B,C,Y,,,101,,,,,,,Y,4,0,1,2,A,-,07,21658,A,N,B,C,A,B,H,-,D,D,0,,,,,Y,,A,01,0,0,1,0,0,0,0,0,0,"- ","- ",36.714469999999999,-121.66139,MONTEREY,SALINAS,-121.66169767,36.714561930000002
6707992,2014,2015-01-06,9730,2014-10-31,1400,19837,,5,2,9,2700,0,1,3,,1,024,"RT 68","SCENIC DR",220.00,W,N,A,-,Y,,,68,,,,,,,Y,3,0,4,2,A,-,03,22350,,N,A,C,A,B,H,-,A,D,0,,,,,Y,,D,22,0,1,3,0,0,0,0,0,0,"- ","- ",36.589210000000001,-121.92254,MONTEREY,UNINCORPORATED,-121.92256654000001,36.589180339999999