CASE_ID,ACCIDENT_YEAR,PROC_DATE,JURIS,COLLISION_DATE,COLLISION_TIME,OFFICER_ID,REPORTING_DISTRICT,DAY_OF_WEEK,CHP_SHIFT,POPULATION,CNTY_CITY_LOC,SPECIAL_COND,BEAT_TYPE,CHP_BEAT_TYPE,CITY_DIVISION_LAPD,CHP_BEAT_CLASS,BEAT_NUMBER,PRIMARY_RD,SECONDARY_RD,DISTANCE,DIRECTION,INTERSECTION,WEATHER_1,WEATHER_2,STATE_HWY_IND,CALTRANS_COUNTY,CALTRANS_DISTRICT,STATE_ROUTE,ROUTE_SUFFIX,POSTMILE_PREFIX,POSTMILE,LOCATION_TYPE,RAMP_INTERSECTION,SIDE_OF_HWY,TOW_AWAY,COLLISION_SEVERITY,NUMBER_KILLED,NUMBER_INJURED,PARTY_COUNT,PRIMARY_COLL_FACTOR,PCF_CODE_OF_VIOL,PCF_VIOL_CATEGORY,PCF_VIOLATION,PCF_VIOL_SUBSECTION,HIT_AND_RUN,TYPE_OF_COLLISION,MVIW,PED_ACTION,ROAD_SURFACE,ROAD_COND_1,ROAD_COND_2,LIGHTING,CONTROL_DEVICE,CHP_ROAD_TYPE,PEDESTRIAN_ACCIDENT,BICYCLE_ACCIDENT,MOTORCYCLE_ACCIDENT,TRUCK_ACCIDENT,NOT_PRIVATE_PROPERTY,ALCOHOL_INVOLVED,STWD_VEHTYPE_AT_FAULT,CHP_VEHTYPE_AT_FAULT,COUNT_SEVERE_INJ,COUNT_VISIBLE_INJ,COUNT_COMPLAINT_PAIN,COUNT_PED_KILLED,COUNT_PED_INJURED,COUNT_BICYCLIST_KILLED,COUNT_BICYCLIST_INJURED,COUNT_MC_KILLED,COUNT_MC_INJURED,PRIMARY_RAMP,SECONDARY_RAMP,LATITUDE,LONGITUDE,COUNTY,CITY,POINT_X,POINT_Y
6707995,2014,2014-12-30,9730,2014-10-25,0815,18666,,6,1,6,2708,0,1,2,,1,070,"RT 101","BORONDA RD",30.00,N,N,C,-,Y,,,101,,,,,,,Y,4,0,2,2,A,-,03,22350,,N,A,C,A,B,H,-,A,D,0,,,,Y,Y,,A,01,0,0,2,0,0,0,0,0,0,"- ","- ",36.72204,-121.65994999999999,MONTEREY,SALINAS,-121.66000463,36.722054440000001
6708031,2014,2016-06-18,9730,2014-11-01,1720,020576,,6,2,4,2710,0,1,3,,2,062,"RT 1","FREMONT BL",2640.00,N,N,A,-,Y,MON,5,1,-,R,81.240,H,-,N,Y,4,0,1,2,A,-,07,21658,A,M,E,I,A,A,H,-,A,D,1,,,,,Y,,-,,0,0,1,0,0,0,0,0,0,"- ","- ",36.630830000000003,-121.83548999999999,MONTEREY,SEASIDE,-121.83540274000001,36.631122179999998
6708035,2014,2015-01-12,9730,2014-11-02,1900,020391,,7,2,9,2700,0,1,3,,1,066,"RT 183","COOPER RD",1056.00,N,N,A,-,Y,,,,,,,,,,Y,4,0,2,2,A,-,03,22350,,N,C,C,A,A,H,-,D,D,0,,,,,Y,,A,01,0,0,2,0,0,0,0,0,0,"- ","- ",36.71575,-122.71948999999999,MONTEREY,UNINCORPORATED,,
6708039,2014,2015-01-12,9730,2014-11-03,1539,015638,,1,2,9,2700,0,1,2,,1,030,"RT 101","SOLEDAD PRISON RD",528.00,N,N,A,-,Y,,,101,,,,,,,Y,4,0,1,2,A,-,03,22350,,N,C,C,A,A,H,-,A,D,0,,,,,Y,,A,07,0,0,1,0,0,0,0,0,0,"- ","- ",36.465319999999998,-121.38921999999999,MONTEREY,UNINCORPORATED,-121.38911145,36.465527549999997
6708040,2014,2015-01-09,2706,2014-11-14,0019,107,2706,5,5,4,2706,0,0,0,,0,001,"LIGHTHOUSE AV","PRESCOTT AV",0.00,,Y,A,-,N,,,,,,,,,,Y,3,0,1,2,A,-,01,23153,A,N,B,G,A,A,H,-,C,D,0,,Y,,,Y,Y,A,01,0,1,0,0,0,0,1,0,0,"- ","- ",,,MONTEREY,MONTEREY,-121.90268997,36.614710039999999
6708043,2014,2016-06-18,9730,2014-11-01,0840,020916,,6,1,4,2706,0,1,3,,2,062,"RT 1","RT 218",1056.00,S,N,B,C,Y,MON,5,1,-,R,79.140,H,-,S,Y,4,0,1,2,A,-,08,22107,,N,D,C,A,B,H,-,A,D,1,,,,,Y,,A,01,0,0,1,0,0,0,0,0,0,"- ","- ",36.608510000000003,-121.86020000000001,MONTEREY,MONTEREY,-121.8605376,36.608142020000003
6708047,2014,2016-06-18,9730,2014-11-01,0227,020576,,6,3,3,2712,0,1,3,,2,062,"RT 1","IMJIN PKWY",700.00,S,N,C,-,Y,MON,5,1,-,R,84.710,H,-,N,Y,4,0,1,1,A,-,03,22350,,N,F,A,A,B,H,-,D,D,1,,,,,Y,Y,A,07,0,0,1,0,0,0,0,0,0,"- ","- ",36.667850000000001,-121.81379,MONTEREY,MARINA,-121.81109511,36.672407020000001
6708072,2014,2015-01-12,9730,2014-11-01,1921,019796,,6,2,9,2700,0,3,5,,2,007,"LEWIS RD","LEWIS RD 250",1056.00,S,N,A,-,N,,,,,,,,,,Y,4,0,1,1,A,-,01,23152,A,N,E,I,A,A,H,-,D,D,0,,,,,Y,Y,A,01,0,0,1,0,0,0,0,0,0,"- ","- ",36.886920000000003,-121.73524,MONTEREY,UNINCORPORATED,,
6708083,2014,2014-12-26,9730,2014-10-31,1335,18886,,5,1,6,2708,0,1,2,,1,050,"RT 101","BORONDA RD",10.00,S,N,C,-,Y,,,,,,,,,,N,4,0,1,2,A,-,03,22350,,N,C,C,A,B,H,-,A,D,0,,,,,Y,,A,01,0,0,1,0,0,0,0,0,0,TO,"- ",,,MONTEREY,SALINAS,-121.65997765,36.721993230000002
6708087,2014,2014-12-26,9730,2014-10-31,1455,18966,,5,2,9,2700,0,1,3,,1,074,"RT 1","SALINAS RD",3168.00,N,N,C,-,Y,,,1,,,,,,,Y,4,0,1,1,A,-,08,22107,,N,E,I,A,B,H,-,A,D,0,,,,,Y,,A,01,0,0,1,0,0,0,0,0,0,"- ","- ",36.878999999999998,-121.77141,MONTEREY,UNINCORPORATED,-121.7714366,36.878994179999999
6708091,2014,2014-12-26,9730,2014-10-30,2259,19512,,4,3,9,2700,0,1,2,,1,030,"RT 101","MAIN ST",11088.00,S,N,B,-,Y,,,101,,,,,,,Y,4,0,1,1,A,-,08,22107,,N,E,I,A,A,H,-,D,D,0,,,,,Y,,A,01,0,0,1,0,0,0,0,0,0,"- ","- ",36.541600000000003,-121.48775999999999,MONTEREY,UNINCORPORATED,-121.4877242,36.541642639999999
6708095,2014,2016-06-18,9730,2014-10-28,1902,18946,,2,2,3,2712,0,1,3,,2,062,"RT 1","DEL MONTE BL",528.00,S,N,A,-,Y,MON,5,1,-,R,78.780,H,-,S,Y,3,0,1,2,A,-,07,21658,A,N,D,C,A,A,H,-,D,D,1,,,,,Y,,A,01,0,1,0,0,0,0,0,0,0,"- ","- ",,,MONTEREY,MARINA,-121.86165018,36.602811789999997
6708131,2014,2014-12-26,9730,2014-10-26,1603,18966,,7,2,9,2700,0,2,4,,1,073,"ELKHORN RD","HUDSON LANDING RD",200.00,N,N,A,-,N,,,,,,,,,,Y,4,0,5,2,A,-,01,23152,A,N,A,C,A,A,H,-,A,D,0,,,,,Y,Y,A,01,0,0,5,0,0,0,0,0,0,"- ","- ",36.874760000000002,-121.74538,MONTEREY,UNINCORPORATED,-121.74654047,36.87591329
6708135,2014,2016-02-17,9730,2014-10-29,0020,17785,,3,3,9,2700,0,3,5,,2,006,"SAN BENANCIO RD","RT 68",1056.00,S,N,A,-,N,,,,,,,,,,N,4,0,1,1,C,-,18,,,N,H,H,A,A,H,-,A,D,0,,,Y,,Y,,-,"- ",0,0,1,0,0,0,0,0,1,"- ","- ",36.576659999999997,-121.7174,MONTEREY,UNINCORPORATED,,
6718106,2014,2015-02-09,2708,2014-12-26,1222,18355,,5,5,6,2708,0,0,0,,0,,"E LAKE ST","SOLEDAD ST",30.00,E,N,A,-,N,,,,,,,,,,Y,1,1,0,2,A,-,03,22350,,N,G,B,F,A,H,-,A,D,0,Y,,,,Y,Y,-,,0,0,0,1,0,0,0,0,0,"- ","- ",,,MONTEREY,SALINAS,-121.65247943,36.679825180000002
6718153,2014,2015-12-18,9730,2014-09-25,2500,19934,,4,4,9,2700,0,1,3,,1,014,"RT 1","COAST RD",7392.00,S,N,A,-,Y,MON,5,1,-,-,49.760,H,-,S,Y,1,1,0,1,A,-,08,22107,,N,E,I,A,A,H,-,D,D,0,,,,,Y,Y,A,01,0,0,0,0,0,0,0,0,0,"- ","- ",36.275449999999999,-121.82341,MONTEREY,UNINCORPORATED,-121.82491214,36.275996509999999
6718534,2015,2015-08-26,9730,2015-05-17,1855,20916,,7,2,9,2700,0,1,3,,1,012,"RT 1","MPM 1 MON 36",1056.00,S,N,A,-,Y,MON,5,1,-,-,35.800,H,-,N,Y,1,1,0,2,C,-,18,,,N,G,B,F,A,H,-,A,D,0,Y,,,,Y,,-,"- ",0,0,0,1,0,0,0,0,0,"- ","- ",36.158090000000001,-121.67041,MONTEREY,UNINCORPORATED,-121.6703993,36.158289940000003
6718608,2017,2019-04-08,2708,2017-12-10,1735,16258,SALIN,7,5,6,2708,0,0,0,,0,005,"EAST LAUREL DR","TERRA DR",0.00,,Y,A,-,N,,,,,,,,,,N,1,1,0,2,A,-,10,21950,A,N,G,B,B,A,H,-,C,D,0,Y,,,,Y,,A,01,0,0,0,1,0,0,0,0,0,"- ","- ",,,MONTEREY,SALINAS,-121.64881986,36.698650100000002
6720269,2014,2014-12-10,2708,2014-08-27,1513,52823,,3,5,6,2708,0,0,0,,0,,"NORTH DAVIS RD","WEST LAUREL DR",50.00,S,N,A,-,N,,,,,,,,,,N,3,0,1,2,A,-,11,21954,A,N,G,B,D,A,H,-,A,D,0,Y,,,,Y,,N,60,0,1,0,0,1,0,0,0,0,"- ","- ",,,MONTEREY,SALINAS,-121.66822679000001,36.697827930000003
6720323,2014,2014-12-24,2708,2014-10-26,0803,23293,,7,5,6,2708,0,0,0,,0,002,"CHEROKEE DR","TULANE ST",66.00,N,N,A,-,N,,,,,,,,,,N,2,0,1,3,A,-,11,21950,B,N,G,B,E,A,H,-,A,D,0,Y,,,,Y,,N,60,1,0,0,0,1,0,0,0,0,"- ","- ",,,MONTEREY,SALINAS,-121.66404086,36.700598309999997
6720324,2014,2016-02-16,2708,2014-10-02,0534,07903,EAST,4,5,6,2708,0,0,0,,0,011,"GARNER AV","SANBORN RD",2.00,W,N,A,-,N,,,,,,,,,,,2,0,1,2,A,-,11,21954,A,F,G,B,D,A,H,-,B,A,0,Y,,,,Y,Y,N,60,1,0,0,0,1,0,0,0,0,"- ","- ",,,MONTEREY,SALINAS,-121.61514366999999,36.686214630000002
6720327,2014,2014-12-29,2708,2014-10-28,0812,52823,,2,5,6,2708,0,0,0,,0,,"RUSSELL RD","NORTH MAIN ST",345.00,E,N,A,-,N,,,,,,,,,,N,4,0,1,2,A,-,03,22350,,N,C,C,A,A,H,-,A,D,0,,,,,Y,,-,,0,0,1,0,0,0,0,0,0,"- ","- ",,,MONTEREY,SALINAS,-121.65509821000001,36.734118770000002
6720328,2014,2014-12-29,2708,2014-10-02,0229,76966,,4,5,6,2708,0,0,0,,0,008,"NORTH MAIN ST","MARKET ST",0.00,,Y,A,-,N,,,,,,,,,,,3,0,1,2,A,-,03,22350,,F,G,B,B,A,H,-,B,D,0,Y,Y,,,Y,Y,L,04,0,1,0,0,1,0,0,0,0,"- ","- ",,,MONTEREY,SALINAS,-121.65593990000001,36.677610010000002
6720331,2014,2014-12-29,2708,2014-10-12,1533,58964,SPD,7,5,6,2708,0,0,0,,0,,"NORTH MAIN ST","MASSA ST",150.00,N,N,A,-,N,,,,,,,,,,Y,4,0,1,2,A,-,21,22106,,N,D,C,A,A,H,-,A,D,0,,,,,Y,,A,01,0,0,1,0,0,0,0,0,0,"- ","- ",,,MONTEREY,SALINAS,-121.65634018999999,36.726172009999999
6720335,2014,2014-12-29,2708,2014-10-31,1747,06235,,5,5,6,2708,0,0,0,,0,002,"BORONDA RD","MCKINNON ST",90.00,W,N,C,-,N,,,,,,,,,,N,4,0,1,2,A,-,03,22350,,N,C,C,A,B,H,-,C,A,0,,,,,Y,,-,,0,0,1,0,0,0,0,0,0,"- ","- ",,,MONTEREY,SALINAS,-121.64396214,36.717114350000003
6720339,2014,2014-12-29,2708,2014-10-13,1546,97158,,1,5,6,2708,0,0,0,,0,005,"EAST BERNAL DR","NORTH MAIN ST",200.00,E,N,A,-,N,,,,,,,,,,Y,4,0,2,2,A,-,03,22350,,N,C,C,A,A,H,-,A,D,0,,,,,Y,,-,,0,0,2,0,0,0,0,0,0,"- ","- ",,,MONTEREY,SALINAS,-121.6515989,36.689938220000002
6708139,2014,2016-02-17,9730,2014-10-31,2335,18786,,5,3,9,2700,0,3,5,,2,003,"LAURELES GRADE","RT 68",5808.00,S,N,C,-,N,,,,,,,,,,Y,3,0,1,1,A,-,03,22350,,N,E,I,A,B,H,-,D,D,0,,,,,Y,,A,01,0,1,0,0,0,0,0,0,0,"- ","- ",,,MONTEREY,UNINCORPORATED,,
6708143,2014,2014-12-26,9730,2014-11-03,0655,13024,,1,1,9,2700,0,3,5,,2,004,"GLORIA RD","SAN BENITO COUNTY LINE",6336.00,W,N,A,-,N,,,,,,,,,,Y,2,0,1,1,A,-,08,22107,,N,F,A,A,A,H,-,A,D,0,,,,,Y,,A,07,1,0,0,0,0,0,0,0,0,"- ","- ",,,MONTEREY,UNINCORPORATED,,
6708147,2014,2014-12-26,9730,2014-10-29,1330,13024,,3,1,9,2700,0,3,5,,2,004,"JOHNSON CYN RD","FANOE RD",350.00,E,N,A,-,N,,,,,,,,,,Y,3,0,1,1,A,-,03,22350,,N,E,J,A,A,C,-,A,D,0,,,Y,,Y,,C,02,0,1,0,0,0,0,0,0,1,"- ","- ",,,MONTEREY,UNINCORPORATED,,
6708155,2014,2014-12-26,2706,2014-10-29,1123,320,2706,3,5,4,2706,0,0,0,,0,001,"FOAM ST","PRESCOTT AV",0.00,,Y,A,-,N,,,,,,,,,,Y,3,0,3,2,A,-,12,21453,A,N,D,C,A,A,H,-,A,A,0,,,,,Y,,A,01,0,1,2,0,0,0,0,0,0,"- ","- ",,,MONTEREY,MONTEREY,-121.90183992999999,36.615160099999997
6713595,2014,2015-01-12,2712,2014-11-13,1608,274,,4,5,3,2712,0,0,0,,0,001,IMJIN,"MARINA HEIGHTS DR",225.00,N,N,A,-,N,,,,,,,,,,Y,4,0,1,4,A,-,04,21703,,N,C,C,A,A,D,-,A,A,0,,,,,Y,,A,07,0,0,1,0,0,0,0,0,0,"- ","- ",,,MONTEREY,MARINA,-121.78325309,36.6630118
6713774,2014,2014-12-31,2708,2014-10-02,0802,52823,,4,5,6,2708,0,0,0,,0,,"SALINAS ST","WEST SAN LUIS ST",180.00,N,N,A,-,N,,,,,,,,,,N,4,0,1,2,A,-,07,21658,A,M,B,C,A,A,H,-,A,D,0,,,,,Y,,-,,0,0,1,0,0,0,0,0,0,"- ","- ",,,MONTEREY,SALINAS,-121.65575939999999,36.672297980000003
6713798,2014,2014-12-30,2708,2014-10-05,1033,27345,,7,5,6,2708,0,0,0,,0,,"EAST LAUREL DR","ST EDWARDS",0.00,,Y,A,-,N,,,,,,,,,,Y,4,0,3,2,A,-,09,21801,A,N,D,C,A,A,H,-,A,D,0,,,,,Y,Y,-,,0,0,3,0,0,0,0,0,0,"- ","- ",,,MONTEREY,SALINAS,-121.62309998000001,36.686330009999999
6713806,2014,2016-03-04,2708,2014-10-10,1139,58964,,5,5,6,2708,0,0,0,,0,,"BORONDA RD","RT 101",200.00,W,N,A,-,N,,,,,,,,,,Y,4,0,1,2,A,-,03,22350,,N,-,C,A,A,H,-,A,A,0,,,,,Y,,D,22,0,0,1,0,0,0,0,0,0,"- ",SO,,,MONTEREY,SALINAS,-121.66064480999999,36.722102399999997
6713822,2014,2014-12-24,2708,2014-10-14,1451,52823,,2,5,6,2708,0,0,0,,0,,"LINCOLN AV","WEST MARKET ST",0.00,,Y,A,-,Y,,,,,,,,,,Y,4,0,1,4,A,-,03,22350,,N,D,C,A,A,H,-,A,A,0,,,,,Y,,-,,0,0,1,0,0,0,0,0,0,"- ","- ",,,MONTEREY,SALINAS,-121.65749993999999,36.67818003
6713826,2014,2014-12-24,2708,2014-10-04,1754,97158,,6,5,6,2708,0,0,0,,0,001,"EAST BORONDA RD","RT 101",0.00,,Y,A,-,Y,,,,,,,,,,Y,3,0,1,2,A,-,12,21453,A,N,D,C,A,A,H,-,A,A,0,,,,,Y,,-,,0,1,0,0,0,0,0,0,0,"- ","- ",,,MONTEREY,SALINAS,-121.65996993,36.722020110000003
6713834,2014,2014-12-24,2708,2014-10-20,1454,19253,,1,5,6,2708,0,0,0,,0,008,"CALIFORNIA ST","EAST SAN LUIS ST",0.00,,Y,A,-,N,,,,,,,,,,Y,3,0,1,2,A,-,09,21802,A,N,D,C,A,A,H,-,A,A,0,,,,,Y,,-,,0,1,0,0,0,0,0,0,0,"- ","- ",,,MONTEREY,SALINAS,-121.64989995000001,36.672630120000001
6713837,2014,2016-05-03,2708,2014-09-28,1626,59156,,7,5,6,2708,0,0,0,,0,006,"MAIN ST","MENKE ST",0.00,,Y,B,-,Y,MON,5,183,-,-,0.340,I,5,S,Y,2,0,1,1,A,-,"- ",,,N,H,A,A,A,H,-,A,D,0,,,,,Y,,-,,1,0,0,0,0,0,0,0,0,"- ","- ",,,MONTEREY,SALINAS,-121.65360444,36.682060219999997
6720345,2014,2014-12-04,2708,2014-09-17,1626,49986,,3,5,6,2708,0,0,0,,0,009,"EAST BLANCO RD","LA MESA WY",100.00,E,N,A,-,N,,,,,,,,,,Y,3,0,1,1,A,-,03,22350,,N,E,I,A,A,H,-,A,A,0,,,,,Y,,-,,0,1,0,0,0,0,0,0,0,"- ","- ",,,MONTEREY,SALINAS,-121.64672278,36.652552790000001
6720348,2014,2016-02-17,2708,2014-10-08,0842,79223,,3,5,6,2708,0,0,0,,0,,"BORONDA RD",MCKINNON,1000.00,E,N,B,-,N,,,,,,,,,,N,4,0,1,3,A,-,03,22350,,F,C,C,A,A,H,-,A,A,0,,,,,Y,,-,99,0,0,1,0,0,0,0,0,0,"- ","- ",,,MONTEREY,SALINAS,-121.64031052999999,36.716545310000001
6720352,2014,2014-12-29,2708,2014-10-19,0233,23293,,7,5,6,2708,0,0,0,,0,011,"EAST BORONDA RD","NORTH SANBORN RD",0.00,,Y,A,-,N,,,,,,,,,,Y,3,0,1,2,A,-,12,22450,A,F,D,C,A,A,H,-,C,A,0,,,,,Y,,-,,0,1,0,0,0,0,0,0,0,"- ","- ",,,MONTEREY,SALINAS,-121.59578992,36.695020110000002
6720356,2014,2016-02-16,2708,2014-10-15,1259,52823,,3,5,6,2708,0,0,0,,0,,"NORTH MAIN ST","E MENKE ST",113.00,N,N,A,-,N,,,,,,,,,,N,4,0,1,2,A,-,08,22100,A,F,B,C,A,A,H,-,A,D,0,,,,,Y,,-,99,0,0,1,0,0,0,0,0,0,"- ","- ",,,MONTEREY,SALINAS,-121.65350100000001,36.682475250000003
6720359,2014,2014-12-29,2708,2014-10-03,1849,53268,,5,5,6,2708,0,0,0,,0,006,"NORTH DAVIS RD","WESTRIDGE PKWY",120.00,S,N,A,-,N,,,,,,,,,,N,3,0,1,2,A,-,05,21650,1,N,B,G,A,A,H,-,A,D,0,,Y,,,Y,,L,04,0,1,0,0,0,0,1,0,0,"- ","- ",,,MONTEREY,SALINAS,-121.66694464,36.703670539999997
6720360,2014,2014-12-29,2708,2014-10-14,0715,52823,,2,5,6,2708,0,0,0,,0,,"WILLIAMS RD","DEL MONTE AV",0.00,,Y,B,-,N,,,,,,,,,,N,3,0,1,2,A,-,11,21456,B,F,G,B,B,A,H,-,A,A,0,Y,,,,Y,,N,60,0,1,0,0,1,0,0,0,0,"- ","- ",,,MONTEREY,SALINAS,-121.60429995,36.68120004
6720387,2014,2014-12-29,2708,2014-10-28,1610,30349,SPD,2,5,6,2708,0,0,0,,0,,"LITTLE RIVER DR","CASTLETON ST",338.00,N,N,A,-,N,,,,,,,,,,N,4,0,1,2,A,-,08,22103,,N,D,C,A,-,H,-,A,D,0,,,,,Y,,-,,0,0,1,0,0,0,0,0,0,"- ","- ",,,MONTEREY,SALINAS,-121.62207865000001,36.703094980000003
6720399,2014,2016-02-16,2708,2014-10-07,1428,52823,,2,5,6,2708,0,0,0,,0,,"CONSTITUTION BL","EAST LAUREL DR",250.00,N,N,A,-,N,,,,,,,,,,N,4,0,1,3,A,-,01,23152,A,N,C,C,A,A,H,-,A,D,0,,,,,Y,,-,,0,0,1,0,0,0,0,0,0,"- ","- ",,,MONTEREY,SALINAS,-121.63171717,36.694983720000003
6720509,2014,2015-01-14,2706,2014-11-18,2233,310,,2,5,4,2706,0,0,0,,0,001,"HAWTHORNE ST","DAVID AV",0.00,,Y,A,-,N,,,,,,,,,,Y,4,0,1,2,A,-,09,21801,A,N,A,C,A,A,H,-,A,A,0,,,Y,,Y,,D,22,0,0,1,0,0,0,0,0,1,"- ","- ",,,MONTEREY,MONTEREY,-121.90538995,36.616380040000003
6720712,2014,2015-01-13,2706,2014-11-23,1129,148,2706,7,5,4,2706,0,0,0,,0,003,"DEL MONTE AV","NAVY GATE",150.00,E,N,A,-,N,,,,,,,,,,Y,4,0,1,1,D,-,00,,,N,E,I,A,A,H,-,A,D,0,,,,,Y,,-,"- ",0,0,1,0,0,0,0,0,0,"- ","- ",,,MONTEREY,MONTEREY,,
6720716,2014,2015-01-13,2706,2014-11-03,1727,714,2706,1,5,4,2706,0,0,0,,0,002,"FIGUEROA ST","WHARF 2",0.00,,Y,A,-,N,,,,,,,,,,N,4,0,1,2,A,-,09,21803,A,N,D,G,A,A,H,-,B,A,0,,Y,,,Y,,L,04,0,0,1,0,0,0,1,0,0,"- ","- ",,,MONTEREY,MONTEREY,,
6720826,2014,2015-06-04,2708,2014-10-22,1402,5048,,3,5,6,2708,0,0,0,,0,012,"E ALISAL ST","TOWT ST",0.00,,Y,A,-,N,,,,,,,,,,Y,4,0,1,2,A,-,09,21801,A,N,A,C,A,A,H,-,A,A,0,,,,,Y,,-,,0,0,1,0,0,0,0,0,0,"- ","- ",,,MONTEREY,SALINAS,-121.62322996,36.672460110000003
6713838,2014,2014-12-30,2708,2014-10-14,2018,30349,SALIN,2,5,6,2708,0,0,0,,0,,"PACIFIC AV","BERMUDA WY",4.00,N,N,A,-,N,,,,,,,,,,Y,4,0,1,2,A,-,09,21804,A,N,D,G,A,A,H,-,C,D,0,,Y,,,Y,,L,04,0,0,1,0,0,0,1,0,0,"- ","- ",,,MONTEREY,SALINAS,-121.60954943,36.691556939999998
6714085,2014,2014-12-30,2708,2014-10-04,0845,99504,SLNAS,6,5,6,2708,0,0,0,,0,009,"SOUTH MAIN ST","EAST ROMIE LN",0.00,,Y,A,-,N,,,,,,,,,,N,4,0,1,2,A,-,05,21650,1,F,B,G,A,A,H,-,A,A,0,,Y,,,Y,,L,04,0,0,1,0,0,0,1,0,0,"- ","- ",,,MONTEREY,SALINAS,-121.65773987,36.662630110000002
6714089,2014,2016-02-16,2708,2014-10-21,1759,59156,SALIN,2,5,6,2708,0,0,0,,0,008,"W ALISAL","SALINAS ST",84.00,E,N,A,-,N,,,,,,,,,,N,4,0,1,2,A,-,03,22350,,N,C,C,A,A,H,-,A,A,0,,,,,Y,,-,,0,0,1,0,0,0,0,0,0,"- ","- ",,,MONTEREY,SALINAS,-121.65574657000001,36.673653629999997
6714093,2014,2016-02-16,2708,2014-10-14,2151,31967,,2,5,6,2708,0,0,0,,0,003,"EAST BORONDA RD","NATIVIDAD RD",0.00,,Y,A,-,N,,,,,,,,,,Y,3,0,2,2,A,-,"- ",,,N,C,C,A,A,H,-,-,A,0,,,,,Y,,-,,0,1,1,0,0,0,0,0,0,"- ","- ",,,MONTEREY,SALINAS,-121.62351989,36.715540019999999
6714097,2014,2016-02-16,2708,2014-10-19,0245,30510,,7,5,6,2708,0,0,0,,0,002,"EAST LAUREL DR","N MAIN",0.00,,Y,A,-,N,,,,,,,,,,Y,4,0,1,2,A,-,12,21453,A,N,D,C,A,A,H,-,C,A,0,,,,,Y,Y,-,,0,0,1,0,0,0,0,0,0,"- ","- ",,,MONTEREY,SALINAS,-121.65181,36.699320090000001
6714109,2014,2014-12-30,2708,2014-10-28,1325,18355,2708,2,5,6,2708,0,0,0,,0,005,"NORTH MAIN ST",CHAPARRAL,0.00,,Y,A,-,N,,,,,,,,,,N,3,0,1,2,A,-,11,21950,B,N,G,B,B,A,H,-,A,D,0,Y,,,,Y,,N,60,0,1,0,0,1,0,0,0,0,"- ","- ",,,MONTEREY,SALINAS,-121.65291994,36.704030060000001
6714113,2014,2014-12-31,2708,2014-10-25,1134,97158,,6,5,6,2708,0,0,0,,0,005,"WEST LAUREL DR","MONROE ST",50.00,W,N,B,-,N,,,,,,,,,,Y,4,0,1,2,A,-,09,21804,A,N,D,C,A,B,H,-,A,A,0,,,,,Y,,-,,0,0,1,0,0,0,0,0,0,"- ","- ",,,MONTEREY,SALINAS,-121.66159852,36.698118729999997
6714125,2014,2014-12-31,2708,2014-10-27,0805,52823,,1,5,6,2708,0,0,0,,0,,"EAST ALVIN DR","EL DORADO DR",75.00,W,N,A,-,N,,,,,,,,,,N,4,0,3,3,A,-,03,22350,,N,C,C,A,A,H,-,A,D,0,,,,,Y,,-,,0,0,3,0,0,0,0,0,0,"- ","- ",,,MONTEREY,SALINAS,-121.63802606,36.705356569999999
6714129,2014,2014-12-30,2708,2014-10-31,2235,84535,SALIN,5,5,6,2708,0,0,0,,0,011,"RIDER AV","GARNER AV",250.00,N,N,B,C,N,,,,,,,,,,N,4,0,1,2,A,-,11,21950,B,F,G,B,D,B,H,-,C,D,0,Y,,,,Y,Y,N,60,0,0,1,0,1,0,0,0,0,"- ","- ",,,MONTEREY,SALINAS,-121.61708895,36.689691070000002
6714406,2014,2015-01-05,2708,2014-10-05,1709,31110,SALIN,7,5,6,2708,0,0,0,,0,,"RIKER TER","ALISAL ST",20.00,N,N,A,-,N,,,,,,,,,,N,4,0,1,2,A,-,12,22450,A,N,E,I,A,A,H,-,A,D,0,,Y,,,Y,,L,04,0,0,1,0,0,0,0,0,0,"- ","- ",,,MONTEREY,SALINAS,-121.66114277,36.67301397
6714410,2014,2015-01-06,2708,2014-10-12,1845,97158,,7,5,6,2708,0,0,0,,0,001,"NATIVIDAD RD","ROGGE RD",1200.00,S,N,A,-,N,,,,,,,,,,N,4,0,1,3,A,-,03,22350,,N,C,C,A,A,H,-,A,D,0,,,,,Y,,-,,0,0,1,0,0,0,0,0,0,"- ","- ",,,MONTEREY,SALINAS,-121.61882086,36.72576565
6714414,2014,2015-01-06,2708,2014-10-20,1208,15702,,1,5,6,2708,0,0,0,,0,,"ABBOTT ST","MAPLE ST",80.00,S,N,A,-,N,,,,,,,,,,Y,3,0,2,2,A,-,03,22350,,N,C,C,A,A,H,-,A,D,0,,,,,Y,,-,,0,1,1,0,0,0,0,0,0,"- ","- ",,,MONTEREY,SALINAS,-121.64535891,36.667411889999997
6714429,2014,2015-01-06,2708,2014-10-19,1726,31977,,7,5,6,2708,0,0,0,,0,003,"BORONDA RD","EL DORADO DR",0.00,,Y,A,-,N,,,,,,,,,,N,4,0,1,2,A,-,04,21703,,N,C,C,A,A,H,-,A,D,0,,,,,Y,,-,,0,0,1,0,0,0,0,0,0,"- ","- ",,,MONTEREY,SALINAS,-121.63334996,36.715870010000003
6714433,2014,2015-01-06,2708,2014-10-26,1857,76998,,7,5,6,2708,0,0,0,,0,005,"BERNAL DR","ROSARITA DR",0.00,,Y,A,-,N,,,,,,,,,,Y,3,0,4,2,A,-,09,21802,A,N,D,C,A,A,H,-,C,A,0,,,,,Y,,-,,0,1,3,0,0,0,0,0,0,"- ","- ",,,MONTEREY,SALINAS,-121.64563991,36.691160060000001
6714437,2014,2015-01-05,2708,2014-10-20,1937,71595,,1,5,6,2708,0,0,0,,0,003,"NANTUCKET BL","DECLARATION ST",0.00,,Y,A,-,N,,,,,,,,,,N,3,0,1,2,D,-,00,,,N,G,G,A,A,H,-,C,A,0,,Y,,,Y,,-,"- ",0,1,0,0,0,0,1,0,0,"- ","- ",,,MONTEREY,SALINAS,-121.60655991,36.706670010000003