CASE_ID,ACCIDENT_YEAR,PROC_DATE,JURIS,COLLISION_DATE,COLLISION_TIME,OFFICER_ID,REPORTING_DISTRICT,DAY_OF_WEEK,CHP_SHIFT,POPULATION,CNTY_CITY_LOC,SPECIAL_COND,BEAT_TYPE,CHP_BEAT_TYPE,CITY_DIVISION_LAPD,CHP_BEAT_CLASS,BEAT_NUMBER,PRIMARY_RD,SECONDARY_RD,DISTANCE,DIRECTION,INTERSECTION,WEATHER_1,WEATHER_2,STATE_HWY_IND,CALTRANS_COUNTY,CALTRANS_DISTRICT,STATE_ROUTE,ROUTE_SUFFIX,POSTMILE_PREFIX,POSTMILE,LOCATION_TYPE,RAMP_INTERSECTION,SIDE_OF_HWY,TOW_AWAY,COLLISION_SEVERITY,NUMBER_KILLED,NUMBER_INJURED,PARTY_COUNT,PRIMARY_COLL_FACTOR,PCF_CODE_OF_VIOL,PCF_VIOL_CATEGORY,PCF_VIOLATION,PCF_VIOL_SUBSECTION,HIT_AND_RUN,TYPE_OF_COLLISION,MVIW,PED_ACTION,ROAD_SURFACE,ROAD_COND_1,ROAD_COND_2,LIGHTING,CONTROL_DEVICE,CHP_ROAD_TYPE,PEDESTRIAN_ACCIDENT,BICYCLE_ACCIDENT,MOTORCYCLE_ACCIDENT,TRUCK_ACCIDENT,NOT_PRIVATE_PROPERTY,ALCOHOL_INVOLVED,STWD_VEHTYPE_AT_FAULT,CHP_VEHTYPE_AT_FAULT,COUNT_SEVERE_INJ,COUNT_VISIBLE_INJ,COUNT_COMPLAINT_PAIN,COUNT_PED_KILLED,COUNT_PED_INJURED,COUNT_BICYCLIST_KILLED,COUNT_BICYCLIST_INJURED,COUNT_MC_KILLED,COUNT_MC_INJURED,PRIMARY_RAMP,SECONDARY_RAMP,LATITUDE,LONGITUDE,COUNTY,CITY,POINT_X,POINT_Y
6714441,2014,2015-01-06,2708,2014-10-14,1803,30349,SALIN,2,5,6,2708,0,0,0,,0,,"LAS CASITAS DR","RANCHERO DR",0.00,,Y,A,-,N,,,,,,,,,,N,4,0,1,2,A,-,09,21801,A,N,D,C,A,A,H,-,A,D,0,,,,,Y,,-,,0,0,1,0,0,0,0,0,0,"- ","- ",,,MONTEREY,SALINAS,-121.61378994,36.695120029999998
6714445,2014,2015-01-06,2708,2014-10-21,0651,93614,,2,5,6,2708,0,0,0,,0,012,"ALISAL ST","ALISAL RD",0.00,,Y,A,-,N,,,,,,,,,,Y,4,0,1,2,A,-,09,21802,A,N,D,C,A,A,H,-,A,A,0,,,,,Y,,-,,0,0,1,0,0,0,0,0,0,"- ","- ",,,MONTEREY,SALINAS,-121.60112986999999,36.672960070000002
6714449,2014,2015-01-06,2708,2014-10-17,1936,76998,,5,5,6,2708,0,0,0,,0,010,"JOHN ST","SANBORN RD",0.00,,Y,A,-,N,,,,,,,,,,Y,4,0,1,2,A,-,09,21801,A,N,D,C,A,A,H,-,C,A,0,,,,,Y,,-,,0,0,1,0,0,0,0,0,0,"- ","- ",,,MONTEREY,SALINAS,-121.62772993,36.669300020000001
6714453,2014,2015-01-05,2708,2014-10-09,1904,76997,2708,4,5,6,2708,0,0,0,,0,011,"LA MANCHA WY","LA MANCHA CIR",0.00,,Y,A,-,N,,,,,,,,,,N,3,0,1,2,A,-,10,21950,A,N,G,B,D,A,H,-,A,A,0,Y,,,,Y,,-,,0,1,0,0,1,0,0,0,0,"- ","- ",,,MONTEREY,SALINAS,-121.60689996000001,36.69242002
6714457,2014,2015-01-06,2708,2014-10-02,2009,31977,,4,5,6,2708,0,0,0,,0,001,"BORONDA RD","RT 101",0.00,,Y,A,-,Y,,,,,,,,,,Y,3,0,4,2,A,-,12,21453,A,N,D,C,A,A,H,-,C,A,0,,,,,Y,,-,,0,2,2,0,0,0,0,0,0,"- ","- ",,,MONTEREY,SALINAS,-121.65996993,36.722020110000003
6714461,2014,2015-01-05,2708,2014-10-05,1318,89573,,7,5,6,2708,0,0,0,,0,,"SCONBERG PKWY","MONTE BELLA BL",0.00,,Y,A,-,N,,,,,,,,,,Y,2,0,2,1,A,-,03,22350,,N,A,I,A,A,H,-,A,A,0,,,,,Y,Y,-,,2,0,0,0,0,0,0,0,0,"- ","- ",,,MONTEREY,SALINAS,-121.59813995,36.673760029999997
6714465,2014,2015-01-06,2708,2014-10-13,1906,54370,SALIN,1,5,6,2708,0,0,0,,0,008,"MARKET ST","SHERWOOD DR",0.00,,Y,A,-,N,,,,,,,,,,Y,4,0,1,2,A,-,09,21453,C,M,D,C,A,A,H,-,A,A,0,,,,,Y,,-,,0,0,1,0,0,0,0,0,0,"- ","- ",,,MONTEREY,SALINAS,-121.65001993,36.678350080000001
6714466,2014,2016-02-16,2708,2014-10-05,1909,59156,,7,5,6,2708,0,0,0,,0,005,"TYLER ST","LAUREL DR",12.00,S,N,A,-,N,,,,,,,,,,Y,4,0,1,2,A,-,01,23153,A,N,C,C,A,A,H,-,C,A,0,,,,,Y,Y,-,,0,0,1,0,0,0,0,0,0,"- ","- ",,,MONTEREY,SALINAS,-121.65942223,36.698347630000001
6714469,2014,2015-01-06,2708,2014-10-21,1230,52823,,2,5,6,2708,0,0,0,,0,,"ROMIE LN","PAJARO ST",0.00,,Y,A,-,N,,,,,,,,,,Y,3,0,3,3,A,-,12,21453,A,N,D,C,A,A,H,-,A,A,0,,,,,Y,,-,,0,3,0,0,0,0,0,0,0,"- ","- ",,,MONTEREY,SALINAS,-121.65522,36.662040009999998
6714470,2014,2016-03-04,2708,2014-10-01,1918,15702,,3,5,6,2708,0,0,0,,0,001,"BORONDA RD","NORTH MAIN ST",240.00,W,N,A,-,N,,,,,,,,,,N,4,0,1,2,A,-,08,22100,A,N,B,C,A,A,H,-,C,A,0,,,,,Y,,A,01,0,0,1,0,0,0,0,0,0,"- ","- ",,,MONTEREY,SALINAS,-121.65704003,36.721717099999999
6714473,2014,2015-01-06,2708,2014-10-17,1040,05044,,5,5,6,2708,0,0,0,,0,008,LINCOLN,"CENTRAL AV",0.00,,Y,A,-,N,,,,,,,,,,N,4,0,1,2,A,-,12,21453,A,N,D,C,A,A,H,-,A,A,0,,,,,Y,,-,,0,0,1,0,0,0,0,0,0,"- ","- ",,,MONTEREY,SALINAS,-121.65755996999999,36.6766401
6714474,2014,2015-01-14,2708,2014-10-01,1217,52823,,3,5,6,2708,0,0,0,,0,,"NORTH MAIN ST","CASENTINI AV",460.00,W,N,A,-,N,,,,,,,,,,Y,2,0,1,2,A,-,09,21804,A,N,D,C,A,A,H,-,A,A,0,,,,,Y,,-,,1,0,0,0,0,0,0,0,0,"- ","- ",,,MONTEREY,SALINAS,-121.65328510000001,36.683080820000001
6714477,2014,2015-01-06,2708,2014-10-15,1521,52823,,3,5,6,2708,0,0,0,,0,,"FREEDOM PKWY","TUSCANY BL",0.00,,Y,A,-,N,,,,,,,,,,N,3,0,2,2,A,-,09,21802,A,N,D,C,A,A,H,-,A,A,0,,,,,Y,,-,,0,1,1,0,0,0,0,0,0,"- ","- ",,,MONTEREY,SALINAS,-121.59472986,36.683360100000002
6714478,2014,2015-01-05,2708,2014-10-21,2045,08067,,2,5,6,2708,0,0,0,,0,010,"KERN ST","ROOSEVELT ST",72.00,N,N,A,-,N,,,,,,,,,,N,2,0,1,2,A,-,11,21954,A,N,G,B,D,A,H,-,D,D,0,Y,,,,Y,Y,N,60,1,0,0,0,1,0,0,0,0,"- ","- ",,,MONTEREY,SALINAS,-121.64029875999999,36.676016199999999
6714524,2014,2015-01-13,2703,2014-11-20,0716,4989,2703,4,5,2,2703,0,0,0,,0,ALL,"CABERNET DR","ZINFANDEL DR",0.00,E,N,B,-,N,,,,,,,,,,N,4,0,2,2,A,-,08,22107,,N,B,C,A,B,H,-,A,D,0,,,,,Y,,I,20,0,0,2,0,0,0,0,0,0,"- ","- ",,,MONTEREY,GONZALES,-121.44445999,36.520870039999998
6730890,2014,2015-01-28,2706,2014-11-26,2314,810,2706,3,5,4,2706,0,0,0,,0,003,"FREMONT ST","DELA VINA AV",193.00,W,N,A,-,N,,,,,,,,,,Y,4,0,1,2,A,-,08,22107,,N,B,C,A,A,H,-,-,D,0,,,,,Y,,A,01,0,0,1,0,0,0,0,0,0,"- ","- ",,,MONTEREY,MONTEREY,-121.85957578999999,36.596689910000002
6730947,2014,2015-01-16,2706,2014-11-22,1652,714,2706,6,5,4,2706,0,0,0,,0,002,"SKYLINE FOREST","SKYLINE DR",0.00,,Y,B,-,N,,,,,,,,,,Y,4,0,1,2,A,-,03,22350,,N,C,C,A,B,H,-,D,A,0,,,,,Y,,A,01,0,0,1,0,0,0,0,0,0,"- ","- ",,,MONTEREY,MONTEREY,-121.91748990000001,36.591760030000003
6730951,2014,2015-01-16,2706,2014-11-09,1646,635,,7,5,4,2706,0,0,0,,0,,"SOLEDAD DR","SOLEDAD PL",357.00,E,N,A,-,N,,,,,,,,,,N,3,0,1,1,A,-,07,21658,A,N,E,I,A,A,H,-,A,D,0,,,,,Y,,A,01,0,1,0,0,0,0,0,0,0,"- ","- ",,,MONTEREY,MONTEREY,-121.90715360999999,36.586451709999999
6731762,2014,2015-01-22,2708,2014-11-28,1730,59034,,5,5,6,2708,0,0,0,,0,002,"NORTH MAIN ST",HARDEN,100.00,N,N,A,-,N,,,,,,,,,,Y,4,0,4,3,A,-,04,21703,,N,C,C,A,A,H,-,C,A,0,,,,,Y,,-,,0,0,4,0,0,0,0,0,0,"- ","- ",,,MONTEREY,SALINAS,-121.65457913,36.713561859999999
6731763,2014,2015-01-26,2708,2014-11-26,1058,76992,,3,5,6,2708,0,0,0,,0,,"NORTH MADEIRA AV","ROOSEVELT ST",0.00,,Y,A,-,N,,,,,,,,,,Y,3,0,4,3,A,-,12,22450,,N,A,C,A,A,H,-,A,A,0,,,,,Y,,-,,0,4,0,0,0,0,0,0,0,"- ","- ",,,MONTEREY,SALINAS,-121.63822986,36.675590020000001
6731767,2014,2015-08-13,2708,2014-11-30,0246,79081,,7,5,6,2708,0,0,0,,0,008,"E ALISAL","MONTEREY ST",18.00,W,N,B,-,N,,,,,,,,,,Y,2,0,1,1,A,-,01,23152,A,M,-,I,A,A,H,-,C,A,0,,,,,Y,Y,-,,1,0,0,0,0,0,0,0,0,"- ","- ",,,MONTEREY,SALINAS,-121.65375064,36.673952280000002
6688855,2014,2014-12-24,9730,2014-10-05,1340,019837,,7,1,9,2700,0,1,2,,1,070,"RT 101","DUNBARTON RD",400.00,S,N,A,-,Y,,,,,,,,,,N,4,0,1,1,C,-,18,,,N,E,H,A,A,H,-,A,D,0,,,,,Y,,-,"- ",0,0,1,0,0,0,0,0,0,"- ","- ",,,MONTEREY,UNINCORPORATED,-121.63412096,36.844230789999997
6688859,2014,2014-12-24,9730,2014-10-05,1800,019529,,7,2,9,2700,0,1,3,,1,072,"RT 156","MONTE DEL LAGO",350.00,W,N,A,-,Y,,,,,,,,,,Y,4,0,1,2,A,-,03,22350,,N,C,C,A,A,H,-,A,D,0,,,,,Y,,A,07,0,0,1,0,0,0,0,0,0,"- ","- ",,,MONTEREY,UNINCORPORATED,-121.73366,36.771239999999999
6688863,2014,2014-12-24,9730,2014-10-05,2119,019981,,7,2,6,2708,0,1,2,,1,050,"RT 101","SHERWOOD DR",1690.00,S,N,A,-,Y,,,101,,,,,,,Y,3,0,1,1,A,-,08,22107,,N,E,I,A,A,H,-,C,D,0,,,,,Y,,A,01,0,1,0,0,0,0,0,0,0,"- ","- ",36.682279999999999,-121.6439,MONTEREY,SALINAS,-121.64393276,36.682237010000001
6688867,2014,2014-12-24,9730,2014-10-07,0245,018312,,2,3,9,2700,0,1,3,,1,066,"RT 183","DAVIS RD",1056.00,N,N,E,-,Y,,,183,,,,,,,Y,4,0,2,3,A,-,08,22107,,F,G,B,F,A,H,-,D,D,0,Y,,,,Y,,A,01,0,0,2,0,1,0,0,0,0,"- ","- ",36.685420000000001,-121.67925,MONTEREY,UNINCORPORATED,-121.67922858999999,36.685519679999999
6748046,2014,2016-06-18,9730,2014-11-21,0745,017502,,5,1,9,2700,0,3,5,,2,002,"RIO RD","RT 1",15.00,W,N,A,-,Y,MON,5,1,-,-,72.614,I,6,S,N,4,0,1,2,A,-,21,22106,,N,C,C,A,A,H,-,A,A,0,,,,,Y,,A,07,0,0,1,0,0,0,0,0,0,"- ","- ",,,MONTEREY,UNINCORPORATED,-121.91024271000001,36.539410400000001
6748050,2014,2015-01-26,9730,2014-11-26,1600,018171,,3,2,9,2700,0,1,3,,1,068,"RT 68","CORRAL DE TIERRA",2640.00,W,N,A,-,Y,,,,,,,,,,Y,4,0,1,2,A,-,03,22350,,N,C,C,A,A,H,-,A,D,0,,,,,Y,,A,01,0,0,1,0,0,0,0,0,0,"- ","- ",,,MONTEREY,UNINCORPORATED,,
6748054,2014,2016-07-11,9730,2014-11-26,1755,015297,,3,2,9,2700,0,1,3,,1,066,"RT 183","PALM ST",9.00,N,N,A,-,Y,,,183,,,,,,,N,4,0,1,2,D,-,00,,,N,C,C,A,A,H,-,C,D,0,,,,,Y,,-,"- ",0,0,1,0,0,0,0,0,0,"- ","- ",36.759070000000001,-121.74923,MONTEREY,UNINCORPORATED,-121.74916188,36.759164980000001
6748058,2014,2016-06-18,9730,2014-11-19,1130,018350,,3,1,9,2700,0,1,3,,1,074,"RT 1","POTRERO RD",2112.00,S,N,B,-,Y,MON,5,1,-,-,94.790,H,-,N,N,4,0,1,2,A,-,03,22350,,N,C,C,A,B,H,-,A,D,0,,,,,Y,,A,01,0,0,1,0,0,0,0,0,0,"- ","- ",36.787739999999999,-121.78227,MONTEREY,UNINCORPORATED,-121.78129070999999,36.785369600000003
6748062,2014,2015-01-26,9730,2014-11-25,2044,019512,,2,2,9,2700,0,1,2,,1,070,"RT 101","VIERRA CANYON RD",275.00,S,N,A,-,Y,,,101,,,,,,,Y,3,0,4,3,A,-,03,22350,,N,C,C,A,A,D,-,C,A,0,,,,,Y,,A,07,0,2,2,0,0,0,0,0,0,"- ","- ",36.790559999999999,-121.66733000000001,MONTEREY,UNINCORPORATED,-121.66727160000001,36.790548989999998
6748066,2014,2016-06-18,9730,2014-11-27,1245,019569,,4,1,9,2700,0,1,3,,1,014,"RT 1","HURRICANE POINT",1056.00,S,N,A,-,Y,MON,5,1,-,-,58.120,H,-,S,Y,3,0,2,2,D,-,00,,,N,B,C,A,A,H,-,A,D,0,,,Y,,Y,,-,"- ",0,2,0,0,0,0,0,0,1,"- ","- ",,,MONTEREY,UNINCORPORATED,-121.90160521999999,36.354480430000002
6748070,2014,2015-01-26,9730,2014-11-29,0149,019981,,6,3,6,2708,0,1,2,,1,050,"RT 101","MAIN ST",10.00,S,N,B,-,Y,,,,,,,,,,Y,3,0,1,1,A,-,01,23152,A,N,E,I,A,A,H,-,C,D,0,,,,,Y,Y,A,01,0,1,0,0,0,0,0,0,0,TO,"- ",,,MONTEREY,SALINAS,-121.65317143999999,36.687404970000003
6748074,2014,2016-06-18,9730,2014-11-30,1105,017502,,7,1,4,2710,0,1,3,,2,062,"RT 1","RT 218",20.00,N,N,B,-,Y,MON,5,1,-,R,79.390,H,-,S,Y,4,0,2,2,A,-,03,22350,,N,C,C,A,B,H,-,A,D,1,,,,,Y,,A,01,0,0,2,0,0,0,0,0,0,"- ","- ",,,MONTEREY,SEASIDE,-121.85747698999999,36.610599860000001
6731770,2014,2016-02-16,2708,2014-11-11,1800,52823,,2,5,6,2708,0,0,0,,0,,"NORTH MADEIRA AV","NORTH SANBORN RD",0.00,,Y,A,-,N,,,,,,,,,,N,3,0,1,2,A,-,05,21650,1,N,D,G,A,A,H,-,C,A,0,,Y,,,Y,,L,04,0,1,0,0,0,0,1,0,0,"- ","- ",,,MONTEREY,SALINAS,-121.62214991,36.682260049999996
6731774,2014,2015-01-22,2708,2014-11-04,0236,25182,,2,5,6,2708,0,0,0,,0,004,"CONSTITUTION BL","FREEDOM PKWY",400.00,N,N,A,-,N,,,,,,,,,,,4,0,1,1,A,-,08,22107,,N,E,I,A,A,H,-,C,D,0,,,,,Y,,-,,0,0,1,0,0,0,0,0,0,"- ","- ",,,MONTEREY,SALINAS,-121.60904662,36.701671169999997
6731778,2014,2015-01-22,2708,2014-11-21,1938,30349,SALIN,5,5,6,2708,0,0,0,,0,,"WILLIAMS RD","EAST BORONDA RD",528.00,N,N,A,-,N,,,,,,,,,,N,4,0,1,2,A,-,11,21954,A,N,G,B,E,A,H,-,D,D,0,Y,,,,Y,,N,60,0,0,1,0,1,0,0,0,0,"- ","- ",,,MONTEREY,SALINAS,-121.58924711,36.689834820000002
6731782,2014,2015-01-22,2708,2014-11-03,1745,76956,,1,5,6,2708,0,0,0,,0,008,"FRONT ST","E ALISAL ST",120.00,N,N,A,-,N,,,,,,,,,,Y,3,0,1,1,A,-,08,22107,,N,E,I,A,A,H,-,C,A,0,,,,,Y,,-,,0,1,0,0,0,0,0,0,0,"- ","- ",,,MONTEREY,SALINAS,-121.64929857,36.674946970000001
6731787,2014,2015-01-26,2708,2014-11-26,2020,76998,,3,5,6,2708,0,0,0,,0,012,"WILLIAMS RD","QUILLA ST",0.00,,Y,A,-,N,,,,,,,,,,N,4,0,1,2,A,-,09,21801,A,N,C,C,A,A,H,-,C,A,0,,,,,Y,,-,,0,0,1,0,0,0,0,0,0,"- ","- ",,,MONTEREY,SALINAS,-121.61806989999999,36.673350020000001
6731791,2014,2015-01-26,2708,2014-11-23,1811,76997,SALIN,7,5,6,2708,0,0,0,,0,011,"NORTH SANBORN RD","BORONDA RD",450.00,S,N,A,-,N,,,,,,,,,,N,3,0,1,2,A,-,09,21800,A,N,B,C,A,A,H,-,C,A,0,,,,,Y,,-,,0,1,0,0,0,0,0,0,0,"- ","- ",,,MONTEREY,SALINAS,-121.59703535,36.694299540000003
6731795,2014,2015-01-21,2708,2014-11-28,2130,97158,,5,5,6,2708,0,0,0,,0,004,"INDEPENDENCE BL","EAST BORONDA RD",200.00,S,N,B,-,N,,,,,,,,,,Y,4,0,1,2,A,-,09,21801,A,N,D,C,A,A,H,-,C,D,0,,,,,Y,,-,,0,0,1,0,0,0,0,0,0,"- ","- ",,,MONTEREY,SALINAS,-121.61676113,36.714410530000002
6731799,2014,2016-02-17,2708,2014-11-07,1839,31967,,5,5,6,2708,0,0,0,,0,002,"NORTH MAIN","HARDEN PKWY",500.00,,N,B,-,N,,,,,,,,,,N,4,0,1,2,A,-,09,21804,,M,B,B,B,A,H,-,C,D,0,Y,,,,Y,,-,,0,0,1,0,1,0,0,0,0,"- ","- ",,,MONTEREY,SALINAS,-121.65452995,36.713290010000001
6731803,2014,2015-01-28,2708,2014-11-29,1327,08323,,6,5,6,2708,0,0,0,,0,006,"NORTH DAVIS RD","POST DR",0.00,,Y,B,-,N,,,,,,,,,,Y,4,0,2,2,A,-,12,21453,A,N,D,C,A,A,H,-,A,A,0,,,,,Y,,-,"- ",0,0,2,0,0,0,0,0,0,"- ","- ",,,MONTEREY,SALINAS,-121.66875994999999,36.696070050000003
6731807,2014,2015-01-21,2708,2014-11-25,1412,52823,TARS,2,5,6,2708,0,0,0,,0,,"EAST BORONDA RD","MCKINNON ST",565.00,E,N,B,-,N,,,,,,,,,,Y,4,0,2,2,A,-,05,21650,,N,A,C,A,A,H,-,A,D,0,,,,,Y,Y,-,,0,0,2,0,0,0,0,0,0,"- ","- ",,,MONTEREY,SALINAS,-121.6417682,36.716771059999999
6731811,2014,2015-01-21,2708,2014-11-30,1727,30349,SALIN,7,5,6,2708,0,0,0,,0,,"NORTH MAIN ST","CHEROKEE DR",300.00,S,N,A,-,N,,,,,,,,,,Y,4,0,1,4,A,-,03,22350,,N,C,C,A,A,H,-,C,A,0,,,,,Y,,-,,0,0,1,0,0,0,0,0,0,"- ","- ",,,MONTEREY,SALINAS,-121.65423158999999,36.710824539999997
6731815,2014,2015-01-21,2708,2014-11-19,1116,18355,2708,3,5,6,2708,0,0,0,,0,012,ALISAL,SCONBERG,0.00,,Y,B,-,N,,,,,,,,,,,4,0,1,2,A,-,09,21802,A,N,D,C,A,A,H,-,A,D,0,,,,,Y,,-,,0,0,1,0,0,0,0,0,0,"- ","- ",,,MONTEREY,SALINAS,-121.60071992,36.672480059999998
6726332,2014,2015-01-06,2706,2014-10-29,1027,714,2706,3,5,4,2706,0,0,0,,0,002,"VIA LAVANDERA","COSTANOAN DR",0.00,,Y,A,-,N,,,,,,,,,,Y,3,0,1,2,A,-,09,21802,A,N,A,C,A,A,H,-,A,A,0,,,,,Y,,A,01,0,1,0,0,0,0,0,0,0,"- ","- ",,,MONTEREY,MONTEREY,-121.88285992,36.593020080000002
6726662,2014,2015-01-15,2706,2014-11-05,1205,320,2706,3,5,4,2706,0,0,0,,0,003,"10TH ST","PARK AV",56.00,W,N,A,-,N,,,,,,,,,,N,3,0,1,2,A,-,11,21954,A,N,G,B,D,A,H,-,A,D,0,Y,,,,Y,,N,60,0,1,0,0,1,0,0,0,0,"- ","- ",,,MONTEREY,MONTEREY,-121.88087489,36.593607990000002
6726882,2014,2015-01-16,9730,2014-11-09,1225,020916,,7,1,9,2700,0,1,2,,1,030,"RT 101","OLD STAGE RD",2640.00,N,N,A,-,Y,,,101,,,,,,,Y,4,0,1,5,A,-,03,22350,,N,C,C,A,A,H,-,A,D,0,,,,,Y,,D,22,0,0,1,0,0,0,0,0,0,"- ","- ",36.528399999999998,-121.47127,MONTEREY,UNINCORPORATED,-121.47129473,36.528370150000001
6726886,2014,2015-01-28,9730,2014-11-14,0715,020903,,5,1,9,2700,0,1,3,,1,066,"RT 183","SAN JON RD",0.00,,Y,E,-,Y,,,,,,,,,,Y,3,0,1,2,A,-,09,21802,A,N,D,C,A,A,H,-,A,A,0,,,,Y,Y,,G,25,0,1,0,0,0,0,0,0,0,"- ","- ",,,MONTEREY,UNINCORPORATED,,
6726891,2014,2016-06-18,9730,2014-11-10,1337,019100,,1,1,9,2700,0,1,3,,1,074,"RT 1","RT 183",120.00,N,N,A,-,Y,MON,5,1,-,R,92.240,H,-,N,Y,4,0,2,2,A,-,08,22100,B,N,D,C,A,A,H,-,A,D,0,,,,Y,Y,,A,01,0,0,2,0,0,0,0,0,0,"- ","- ",36.77102,-121.76537999999999,MONTEREY,UNINCORPORATED,-121.76509812,36.769191569999997
6726922,2014,2015-01-26,9730,2014-11-09,1000,016537,,7,1,9,2700,0,1,2,,1,030,"RT 101","MAIN ST",3696.00,S,N,A,-,Y,,,,,,,,,,Y,4,0,1,2,A,-,08,22107,,N,B,C,A,A,H,-,A,D,0,,,,Y,Y,,G,25,0,0,1,0,0,0,0,0,0,"- ","- ",36.561329999999998,-121.25099,MONTEREY,UNINCORPORATED,-121.51033465,36.561342889999999
6726943,2014,2015-01-16,9730,2014-11-11,1815,017785,,2,2,9,2700,0,1,2,,1,050,"RT 101","SPENCE RD",4224.00,N,N,A,-,Y,,,101,,,,,,,Y,3,0,1,1,A,-,08,22107,,N,E,I,A,A,H,-,C,A,0,,,,,Y,,D,22,0,1,0,0,0,0,0,0,0,"- ","- ",36.619959999999999,-121.57683,MONTEREY,UNINCORPORATED,-121.57679536000001,36.620007520000001
6727924,2014,2015-01-15,9730,2014-11-13,0840,020896,,4,1,9,2700,0,1,2,,1,050,"RT 101","GOULD RD",100.00,N,N,B,C,Y,,,,,,,,,,Y,3,0,1,2,A,-,09,21801,A,N,D,C,A,A,H,-,A,D,0,,,,,Y,,A,01,0,1,0,0,0,0,0,0,0,"- ","- ",,,MONTEREY,UNINCORPORATED,-121.58781218,36.627824820000001
6727928,2014,2015-01-15,9730,2014-11-07,1800,019770,,5,2,9,2700,0,1,3,,1,066,"RT 183","OAK ST",335.00,N,N,B,E,Y,,,183,,,,,,,N,4,0,2,3,A,-,21,22106,,N,C,C,A,A,H,-,C,A,0,,,,,Y,,A,08,0,0,2,0,0,0,0,0,0,"- ","- ",36.758130000000001,-121.74791,MONTEREY,UNINCORPORATED,-121.74784456,36.758221429999999
6727952,2014,2015-01-15,9730,2014-11-18,1420,018350,,2,2,9,2700,0,2,4,,2,063,"DAVIS RD","CENTRAL AV",0.00,,Y,B,-,N,,,,,,,,,,Y,3,0,1,2,A,-,09,21801,A,N,D,C,A,A,H,-,A,D,0,,,,,Y,,A,01,0,1,0,0,0,0,0,0,0,"- ","- ",36.676479999999998,-121.6767,MONTEREY,UNINCORPORATED,-121.67692987,36.676300040000001
6727955,2014,2016-06-18,9730,2014-11-04,1320,019569,,2,1,9,2700,0,1,3,,1,014,"RT 1","ROCKY CREEK BR",60.00,N,N,A,-,Y,MON,5,1,-,-,60.060,H,-,N,Y,2,0,2,2,A,-,05,21460,A,N,D,C,A,A,H,-,A,D,0,,,Y,,Y,,C,02,2,0,0,0,0,0,0,0,1,"- ","- ",,,MONTEREY,UNINCORPORATED,-121.90294621,36.378736680000003
6727956,2014,2015-01-15,9730,2014-11-13,2018,015297,,4,2,9,2700,0,1,2,,1,070,"RT 101","DUNBARTON RD",528.00,N,N,B,-,Y,,,101,,,,,,,N,4,0,2,3,A,-,03,22350,,F,C,C,A,A,D,-,D,D,0,,,,,Y,,A,01,0,0,2,0,0,0,0,0,0,"- ","- ",36.842599999999997,-121.63361999999999,MONTEREY,UNINCORPORATED,-121.63352394,36.842644739999997
6731819,2014,2015-01-21,2708,2014-11-19,1030,18355,2708,3,5,6,2708,0,0,0,,0,007,"ACACIA ST","SOUTH MAIN ST",0.00,,Y,B,-,Y,,,,,,,,,,N,4,0,1,2,A,-,12,21453,A,N,D,G,A,A,H,-,A,A,0,,Y,,,Y,,L,04,0,0,1,0,0,0,1,0,0,"- ","- ",,,MONTEREY,SALINAS,-121.65715998,36.66424001
6731823,2014,2015-01-21,2708,2014-11-04,1913,74426,,2,5,6,2708,0,0,0,,0,005,"IRIS DR","HEATHER DR",0.00,,Y,A,-,N,,,,,,,,,,Y,3,0,2,2,A,-,01,23153,A,N,A,C,A,A,H,-,C,D,0,,,,,Y,Y,-,,0,1,1,0,0,0,0,0,0,"- ","- ",,,MONTEREY,SALINAS,-121.65634992,36.693330109999998
6731827,2014,2015-01-21,2708,2014-11-22,0455,98282,,6,5,6,2708,0,0,0,,0,006,"NORTH DAVIS RD","LAUREL DR",200.00,S,N,A,-,N,,,,,,,,,,Y,3,0,1,1,A,-,01,23152,A,N,E,I,A,A,H,-,C,A,0,,,,,Y,Y,-,,0,1,0,0,0,0,0,0,0,"- ","- ",,,MONTEREY,SALINAS,-121.66851748000001,36.697498160000002
6731831,2014,2015-01-21,2708,2014-11-07,1938,31974,,5,5,6,2708,0,0,0,,0,,"NORTH DAVIS RD",LARKIN,54.00,S,N,E,-,N,,,,,,,,,,Y,4,0,1,1,A,-,"- ",,,N,F,I,A,A,H,-,C,A,0,,,,,Y,,-,,0,0,1,0,0,0,0,0,0,"- ","- ",,,MONTEREY,SALINAS,-121.66841429999999,36.693592799999998
6731835,2014,2015-01-21,2708,2014-11-13,1915,74426,,4,5,6,2708,0,0,0,,0,005,"NATIVIDAD RD","EAST LAUREL DR",30.00,S,N,B,-,N,,,,,,,,,,N,4,0,1,2,A,-,09,21803,A,F,B,C,A,A,H,-,C,A,0,,,,,Y,,-,,0,0,1,0,0,0,0,0,0,"- ","- ",,,MONTEREY,SALINAS,-121.63835093,36.696263780000002
6731839,2014,2016-02-16,2708,2014-11-03,0217,07903,EAST,1,5,6,2708,0,0,0,,0,010,"E ALISAL ST","KINGS ST",18.00,E,N,A,-,N,,,,,,,,,,,3,0,1,1,A,-,05,21460,A,N,A,I,A,A,H,-,C,D,0,,,,,Y,,-,,0,1,0,0,0,0,0,0,0,"- ","- ",,,MONTEREY,SALINAS,-121.63945902,36.674104300000003
6732494,2014,2016-03-29,9730,2014-10-12,1425,18886,,7,2,9,2700,0,1,3,,1,066,"RT 183","TEMBLADERA BRIDGE",88.00,S,N,A,-,Y,,,,,,,,,,Y,2,0,6,2,A,-,05,21460,A,N,A,C,A,A,H,-,A,D,0,,,,,Y,Y,A,07,5,1,0,0,0,0,0,0,0,"- ","- ",,,MONTEREY,UNINCORPORATED,,