CASE_ID,ACCIDENT_YEAR,PROC_DATE,JURIS,COLLISION_DATE,COLLISION_TIME,OFFICER_ID,REPORTING_DISTRICT,DAY_OF_WEEK,CHP_SHIFT,POPULATION,CNTY_CITY_LOC,SPECIAL_COND,BEAT_TYPE,CHP_BEAT_TYPE,CITY_DIVISION_LAPD,CHP_BEAT_CLASS,BEAT_NUMBER,PRIMARY_RD,SECONDARY_RD,DISTANCE,DIRECTION,INTERSECTION,WEATHER_1,WEATHER_2,STATE_HWY_IND,CALTRANS_COUNTY,CALTRANS_DISTRICT,STATE_ROUTE,ROUTE_SUFFIX,POSTMILE_PREFIX,POSTMILE,LOCATION_TYPE,RAMP_INTERSECTION,SIDE_OF_HWY,TOW_AWAY,COLLISION_SEVERITY,NUMBER_KILLED,NUMBER_INJURED,PARTY_COUNT,PRIMARY_COLL_FACTOR,PCF_CODE_OF_VIOL,PCF_VIOL_CATEGORY,PCF_VIOLATION,PCF_VIOL_SUBSECTION,HIT_AND_RUN,TYPE_OF_COLLISION,MVIW,PED_ACTION,ROAD_SURFACE,ROAD_COND_1,ROAD_COND_2,LIGHTING,CONTROL_DEVICE,CHP_ROAD_TYPE,PEDESTRIAN_ACCIDENT,BICYCLE_ACCIDENT,MOTORCYCLE_ACCIDENT,TRUCK_ACCIDENT,NOT_PRIVATE_PROPERTY,ALCOHOL_INVOLVED,STWD_VEHTYPE_AT_FAULT,CHP_VEHTYPE_AT_FAULT,COUNT_SEVERE_INJ,COUNT_VISIBLE_INJ,COUNT_COMPLAINT_PAIN,COUNT_PED_KILLED,COUNT_PED_INJURED,COUNT_BICYCLIST_KILLED,COUNT_BICYCLIST_INJURED,COUNT_MC_KILLED,COUNT_MC_INJURED,PRIMARY_RAMP,SECONDARY_RAMP,LATITUDE,LONGITUDE,COUNTY,CITY,POINT_X,POINT_Y
6732557,2014,2015-01-02,2706,2014-10-13,1641,148,2706,1,5,4,2706,0,0,0,,0,003,"DEL MONTE AV","HANNON AV",25.00,E,N,A,-,N,,,,,,,,,,Y,4,0,1,2,A,-,09,21804,A,N,D,C,A,A,H,-,A,D,0,,,,,Y,,A,01,0,0,1,0,0,0,0,0,0,"- ","- ",,,MONTEREY,MONTEREY,-121.86232672,36.604015019999999
6732623,2014,2015-01-30,2706,2014-12-02,1603,939,,2,5,4,2706,0,0,0,,0,,"DEL MONTE AV","SLOAT AV",20.00,W,N,C,-,N,,,,,,,,,,N,4,0,1,2,A,-,01,23152,E,N,C,C,A,B,H,-,A,A,0,,,,,Y,,A,01,0,0,1,0,0,0,0,0,0,"- ","- ",,,MONTEREY,MONTEREY,-121.87894813,36.599861359999998
6732765,2014,2015-01-20,2707,2014-11-08,1023,2011,2707,6,5,3,2707,0,0,0,,0,002,"GRAND AV","LAUREL AV",0.00,N,N,A,-,N,,,,,,,,,,N,2,0,1,2,A,-,17,22517,,N,H,E,A,A,H,-,A,D,0,,Y,,,Y,,A,01,1,0,0,0,0,0,1,0,0,"- ","- ",,,MONTEREY,"PACIFIC GROVE",-121.91771989999999,36.61962012
6733739,2014,2015-01-30,2706,2014-12-01,1202,103,2706,1,5,4,2706,0,0,0,,0,003,"RT 68","OLMSTED RD",503.00,E,N,C,-,Y,,,,,,,,,,Y,3,0,1,4,A,-,03,22350,,N,C,C,A,B,H,-,A,D,0,,,,,Y,,D,22,0,1,0,0,0,0,0,0,0,"- ","- ",,,MONTEREY,MONTEREY,,
6735256,2014,2015-05-05,2706,2014-12-31,1416,142,2706,3,5,4,2706,0,0,0,,0,001,"FRANKLIN ST","VAN BUREN ST",0.00,,Y,A,-,N,,,,,,,,,,Y,4,0,2,2,A,-,12,21453,A,N,D,C,A,A,H,-,A,A,0,,,,,Y,,D,22,0,0,2,0,0,0,0,0,0,"- ","- ",,,MONTEREY,MONTEREY,-121.89742987,36.600570089999998
6748215,2014,2015-02-03,9730,2014-12-05,1725,019700,,5,2,9,2700,0,1,3,,1,068,"RT 68","YORK RD",500.00,E,N,C,-,Y,,,68,,,,,,,N,4,0,5,2,A,-,03,22350,,N,C,C,A,B,H,-,C,D,0,,,,,Y,,A,01,0,0,5,0,0,0,0,0,0,"- ","- ",36.570990000000002,-121.80547,MONTEREY,UNINCORPORATED,-121.8054791,36.570942580000001
6748219,2014,2015-02-03,9730,2014-12-07,1010,018920,,7,1,9,2700,0,1,2,,1,070,"RT 101","BLACKIE RD",150.00,N,N,B,-,Y,,,,,,,,,,Y,3,0,1,1,A,-,08,22107,,N,E,I,A,A,H,-,A,D,0,,,,,Y,,A,01,0,1,0,0,0,0,0,0,0,"- ","- ",,,MONTEREY,UNINCORPORATED,-121.66933572000001,36.773241560000002
6748223,2014,2016-06-18,9730,2014-12-01,1610,018350,,1,2,9,2700,0,1,3,,2,062,"RT 1","RT 68",200.00,N,N,A,-,Y,MON,5,1,-,-,75.320,R,1,S,Y,4,0,3,3,A,-,03,22350,,N,C,C,A,A,H,-,A,A,1,,,,,Y,,A,07,0,0,3,0,0,0,0,0,0,TO,"- ",36.575809999999997,-121.91172,MONTEREY,UNINCORPORATED,-121.91032842,36.57657339
6748227,2014,2015-02-03,9730,2014-12-02,0704,12332,,2,1,9,2700,0,1,2,,1,070,"RT 101","SALA RD",100.00,S,N,C,-,Y,,,,,,,,,,Y,3,0,1,1,A,-,08,22107,,N,E,I,A,B,H,-,D,D,0,,,,,Y,,A,01,0,1,0,0,0,0,0,0,0,"- ","- ",,,MONTEREY,UNINCORPORATED,-121.66027957,36.743416119999999
6748348,2014,2015-01-30,2706,2014-12-10,1753,851,2706,3,5,4,2706,0,0,0,,0,001,"LIGHTHOUSE AV","HOFFMAN AV",12.00,S,N,B,-,N,,,,,,,,,,N,4,0,1,2,A,-,03,22350,,N,C,C,A,A,H,-,C,A,0,,,,,Y,,A,07,0,0,1,0,0,0,0,0,0,"- ","- ",,,MONTEREY,MONTEREY,-121.90168693,36.61353278
6748352,2014,2015-01-30,2706,2014-12-02,2059,335,2706,2,5,4,2706,0,0,0,,0,001,"DAVID AV","CYPRESS ST",126.00,W,N,B,-,N,,,,,,,,,,Y,4,0,1,2,A,-,08,22107,,N,B,E,A,B,H,-,C,D,0,,,,,Y,,A,01,0,0,1,0,0,0,0,0,0,"- ","- ",,,MONTEREY,MONTEREY,-121.91303908,36.612783049999997
6748372,2014,2016-02-16,9730,2014-12-01,1240,20896,,1,1,9,2700,0,3,5,,2,006,"ESPINOSA RD","RT 183",1584.00,E,N,B,C,N,,,,,,,,,,Y,4,0,1,1,A,-,08,22107,,N,E,I,A,B,H,-,A,D,0,,,,,Y,,A,01,0,0,1,0,0,0,0,0,0,"- ","- ",36.742269999999998,-121.73295,MONTEREY,UNINCORPORATED,,
6748390,2014,2015-02-02,2706,2014-12-12,1816,851,,5,5,4,2706,0,0,0,,0,002,"MUNRAS AV","VIA ARBOLES",15.00,S,N,B,-,N,,,,,,,,,,Y,4,0,1,2,A,-,03,22350,,N,C,C,A,B,H,-,C,D,0,,,,,Y,,A,07,0,0,1,0,0,0,0,0,0,"- ","- ",,,MONTEREY,MONTEREY,-121.90026044,36.586012230000001
6748508,2014,2016-06-18,9730,2014-12-04,0750,20514,,4,1,9,2700,0,3,5,,2,007,"SALINAS RD","RT 1",30.00,E,N,E,-,Y,MON,5,1,-,T,101.040,I,6,N,Y,4,0,1,1,A,-,03,22350,,N,E,I,A,B,H,-,A,D,0,,,,,Y,,A,01,0,0,1,0,0,0,0,0,0,"- ","- ",36.869689999999999,-121.76925,MONTEREY,UNINCORPORATED,-121.77007132,36.869873069999997
6751291,2014,2015-01-20,2707,2014-10-06,1505,1622,2707,1,5,3,2707,0,0,0,,0,002,"LIGHTHOUSE AV","FOUNTAIN AV",30.00,E,N,A,-,N,,,,,,,,,,Y,4,0,1,3,A,-,21,22106,,N,C,C,A,A,H,-,A,D,0,,,,,Y,,A,01,0,0,1,0,0,0,0,0,0,"- ","- ",,,MONTEREY,"PACIFIC GROVE",-121.91655923,36.620512040000001
6752151,2014,2015-01-23,9730,2014-11-26,2142,19512,,3,2,9,2700,0,1,2,,1,070,"RT 101","CRAZY HORSE CANYON RD",1478.00,S,N,A,-,Y,,,101,,,,,,,Y,3,0,1,2,A,-,"- ",,,N,C,D,A,A,H,-,D,D,0,,,,,Y,,J,43,0,1,0,0,0,0,0,0,0,"- ","- ",36.816099999999999,-121.63735,MONTEREY,UNINCORPORATED,-121.63732175,36.816047060000002
6754416,2014,2016-06-18,9730,2014-12-19,1940,19315,,5,2,9,2700,0,3,5,,2,007,"MOSS LANDING RD","PIERI CT",0.00,,Y,B,-,Y,MON,5,1,-,-,95.260,H,-,S,Y,4,0,1,2,A,-,09,21801,A,N,A,C,A,B,H,-,D,D,0,,,,,Y,,A,01,0,0,1,0,0,0,0,0,0,"- ","- ",,,MONTEREY,UNINCORPORATED,-121.78372194000001,36.7920072
6727991,2014,2015-01-15,9730,2014-11-04,1520,13024,,2,2,6,2708,0,1,2,,1,050,"RT 101","SANBORN RD",20.00,S,N,A,-,Y,,,,,,,,,,Y,4,0,1,2,A,-,07,21658,A,N,C,C,A,A,H,-,A,D,0,,,,,Y,,A,07,0,0,1,0,0,0,0,0,0,"- ","- ",,,MONTEREY,SALINAS,-121.62813146000001,36.666531810000002
6727995,2014,2015-01-15,9730,2014-11-02,1945,020233,,7,2,9,2700,0,2,4,,1,073,"SALINAS RD","ELKHORN RD",166.00,N,N,A,-,N,,,,,,,,,,Y,4,0,1,2,A,-,08,22107,,N,C,C,A,A,H,-,D,D,0,,,,,Y,Y,A,01,0,0,1,0,0,0,0,0,0,"- ","- ",36.883000000000003,-121.74672,MONTEREY,UNINCORPORATED,-121.74690801,36.883505479999997
6727999,2014,2015-01-15,9730,2014-11-06,1900,020168,,4,2,9,2700,0,3,5,,2,006,"BLACKIE RD","COMMERCIAL PKWY",20.00,W,N,A,-,N,,,,,,,,,,N,4,0,1,2,A,-,01,23152,A,N,C,C,A,A,H,-,C,D,0,,,,,Y,Y,A,01,0,0,1,0,0,0,0,0,0,"- ","- ",36.759120000000003,-121.74196999999999,MONTEREY,UNINCORPORATED,-121.74192035999999,36.759222889999997
6730861,2014,2015-07-16,2703,2014-12-08,1753,2762,2703,1,5,2,2703,0,0,0,,0,ALL,"FANOE RD","BURGUNDY WY",13.00,N,N,A,-,N,,,,,,,,,,Y,4,0,2,3,A,-,12,22450,A,N,D,C,A,A,H,-,C,A,0,,,,,Y,Y,D,22,0,0,2,0,0,0,0,0,0,"- ","- ",,,MONTEREY,GONZALES,-121.44298827,36.523197469999999
6765419,2014,2015-02-02,9730,2014-12-14,0250,020391,,7,3,9,2700,0,3,5,,2,007,"JENSEN RD","BLUFF RD",825.00,N,N,A,-,N,,,,,,,,,,Y,4,0,1,1,A,-,01,23152,A,N,F,I,A,A,H,-,D,D,0,,,,,Y,Y,A,01,0,0,1,0,0,0,0,0,0,"- ","- ",36.853810000000003,-121.78165,MONTEREY,UNINCORPORATED,-121.78136067,36.853122089999999
6765423,2014,2015-02-02,9730,2014-12-08,0740,018920,,1,1,9,2700,0,3,5,,2,007,"ECHO VALLEY RD","MAHER RD",45.00,W,N,B,-,N,,,,,,,,,,Y,4,0,1,2,A,-,09,21801,A,N,D,C,A,A,H,-,A,D,0,,,,,Y,,A,01,0,0,1,0,0,0,0,0,0,"- ","- ",,,MONTEREY,UNINCORPORATED,-121.66527451,36.82472774
6765496,2014,2015-01-29,2703,2014-12-13,0556,0098,2703,6,5,2,2703,0,0,0,,0,ALL,"PUENTE DEL MONTE AV","GONZALES RIVER RD",0.00,N,N,B,E,N,,,,,,,,,,Y,4,0,1,2,A,-,08,22107,,N,G,B,D,B,H,-,C,D,0,Y,,,,Y,,A,01,0,0,1,0,1,0,0,0,0,"- ","- ",,,MONTEREY,GONZALES,-121.44636991,36.500630059999999
6767335,2014,2015-02-03,9730,2014-12-18,1250,12332,,4,1,9,2700,0,2,4,,1,073,"SAN MIGUEL CANYON RD","MORO RD",0.00,,Y,A,-,N,,,,,,,,,,N,3,0,1,2,A,-,09,21801,A,N,A,G,A,A,H,-,A,A,0,,Y,,,Y,,A,01,0,1,0,0,0,0,1,0,0,"- ","- ",,,MONTEREY,UNINCORPORATED,-121.66671997,36.802670059999997
6767339,2014,2015-02-03,9730,2014-12-19,1530,18886,,5,2,9,2700,0,3,5,,2,005,"OLD NATIVIDAD RD","NATIVIDAD RD",5280.00,E,N,B,-,N,,,,,,,,,,Y,4,0,2,2,A,-,05,21650,,N,A,C,A,B,H,-,A,D,0,,,,,Y,,A,01,0,0,2,0,0,0,0,0,0,"- ","- ",,,MONTEREY,UNINCORPORATED,-121.59171774000001,36.734332270000003
6767343,2014,2015-02-03,9730,2014-12-17,1100,14584,,3,1,9,2700,0,1,3,,1,068,"RT 68","LAGUNA PL",1056.00,E,N,B,-,Y,,,,,,,,,,Y,4,0,1,1,A,-,08,22107,,N,E,J,A,A,D,-,A,D,0,,,,,Y,,A,01,0,0,1,0,0,0,0,0,0,"- ","- ",,,MONTEREY,UNINCORPORATED,,
6767347,2014,2015-02-03,9730,2014-12-03,1520,15160,,3,2,9,2700,0,1,3,,1,066,"RT 183","COOPER ST",2640.00,S,N,B,-,Y,,,,,,,,,,Y,4,0,1,3,A,-,01,23152,E,F,B,C,A,B,H,-,B,D,0,,,,,Y,,A,01,0,0,1,0,0,0,0,0,0,"- ","- ",,,MONTEREY,UNINCORPORATED,,
6767351,2014,2015-02-03,9730,2014-12-17,1900,20916,,3,2,9,2700,0,1,2,,1,050,"RT 101","BORONDA RD",1584.00,S,N,C,-,Y,,,,,,,,,,Y,4,0,1,2,A,-,07,21658,A,M,E,I,A,B,H,-,C,D,0,,,,,Y,,A,01,0,0,1,0,0,0,0,0,0,"- ","- ",36.719439999999999,-121.66061999999999,MONTEREY,UNINCORPORATED,-121.66111436,36.717767080000002
6767355,2014,2015-02-03,2701,2014-12-29,1741,5460,2701,1,5,2,2701,0,0,0,,0,00N,"CARPENTER ST","2ND AV",0.00,,Y,A,-,N,,,,,,,,,,Y,4,0,1,2,A,-,12,22450,A,N,D,C,A,A,H,-,C,A,0,,,,,Y,,A,07,0,0,1,0,0,0,0,0,0,"- ","- ",,,MONTEREY,CARMEL,-121.91562988,36.560600020000003
6767359,2014,2015-02-03,9730,2014-12-15,1747,02576,,1,2,9,2700,0,2,4,,2,063,"BLANCO RD","RESEARCH DR",2640.00,N,N,B,-,N,,,,,,,,,,Y,3,0,2,2,A,-,01,23152,A,F,B,C,A,B,H,-,D,D,0,,,,,Y,Y,A,01,0,2,0,0,0,0,0,0,0,"- ","- ",36.675199999999997,-121.75046,MONTEREY,UNINCORPORATED,-121.75015576,36.675351640000002
6768860,2015,2017-01-04,9730,2015-04-19,2148,020903,,7,2,9,2700,0,1,2,,1,030,"RT 101","SOLEDAD PRISON RD",2112.00,S,N,A,-,Y,MON,5,101,-,-,66.000,H,-,N,Y,4,0,1,1,A,-,08,22107,,N,E,I,A,A,H,-,D,D,1,,,,,Y,,D,22,0,0,1,0,0,0,0,0,0,"- ","- ",36.461759999999998,-121.38252,MONTEREY,UNINCORPORATED,-121.38220491,36.461270900000002
6769282,2015,2015-09-10,2708,2015-03-27,0630,07903,,5,5,6,2708,0,0,0,,0,012,"DEL MONTE AV","WILLIAMS RD",0.00,,Y,-,-,N,,,,,,,,,,N,3,0,1,2,A,-,11,21456,B,N,A,B,B,A,H,-,B,A,0,Y,,,,Y,,N,60,0,1,0,0,1,0,0,0,0,"- ","- ",,,MONTEREY,SALINAS,-121.60429995,36.68120004
6770632,2014,2015-02-11,9730,2014-12-17,1101,18766,,3,1,9,2700,0,1,3,,1,068,"RT 68","LAGUNA SECA COUNTY PARK",0.00,,Y,B,-,Y,,,,,,,,,,Y,4,0,1,2,A,-,09,21801,A,N,D,C,A,A,H,-,A,D,0,,,,,Y,,D,22,0,0,1,0,0,0,0,0,0,"- ","- ",,,MONTEREY,UNINCORPORATED,,
6770636,2014,2015-02-11,9730,2014-12-11,0800,18766,,4,1,9,2700,0,3,5,,2,007,"CASTROVILLE BL","RT 156",250.00,N,N,B,-,Y,,,,,,,,,,Y,4,0,1,4,A,-,03,22350,,F,C,C,A,A,H,-,A,D,0,,,,,Y,,D,22,0,0,1,0,0,0,0,0,0,"- ","- ",,,MONTEREY,UNINCORPORATED,-121.7434458,36.76910805
6771813,2014,2015-02-11,9730,2014-12-23,1600,020578,,2,2,9,2700,0,1,3,,1,068,"RT 68","SAN BENANCIO RD",20.00,W,N,A,-,Y,,,68,,,,,,,N,4,0,2,2,A,-,03,22350,,N,C,C,A,A,H,-,A,A,0,,,,,Y,,D,22,0,0,2,0,0,0,0,0,0,"- ","- ",36.579700000000003,-121.7208,MONTEREY,UNINCORPORATED,-121.72081536,36.579730810000001
6771814,2014,2015-02-11,9730,2014-12-27,1600,019529,,6,2,9,2700,0,1,3,,1,022,"RT 1","POINT LOBOS",1700.00,N,N,A,-,Y,,,,,,,,,,Y,4,0,2,2,A,-,03,22350,,N,C,C,A,A,H,-,A,D,0,,,,,Y,,D,22,0,0,2,0,0,0,0,0,0,"- ","- ",,,MONTEREY,UNINCORPORATED,,
6771821,2014,2015-02-11,9730,2014-12-10,1010,18350,,3,1,9,2700,0,2,4,,2,063,"BLANCO RD","COOPER RD",1056.00,E,N,A,-,N,,,,,,,,,,Y,4,0,3,2,A,-,08,22107,,N,D,C,A,A,H,-,A,D,0,,,,,Y,,D,22,0,0,3,0,0,0,0,0,0,"- ","- ",36.678660000000001,-121.73072000000001,MONTEREY,UNINCORPORATED,-121.73141825,36.678715560000001
6772106,2014,2015-02-05,9730,2014-12-29,2107,20576,,1,2,9,2700,0,1,3,,1,024,"RT 68","SKYLINE FOREST DR",1056.00,W,N,B,-,Y,,,68,,,,,,,Y,3,0,1,1,A,-,08,22107,,N,E,I,A,A,H,-,D,D,0,,,,,Y,,A,01,0,1,0,0,0,0,0,0,0,"- ","- ",36.588679999999997,-121.92052,MONTEREY,UNINCORPORATED,-121.92062429000001,36.588553349999998
6772107,2014,2015-02-05,9730,2014-12-20,1245,18886,,6,1,6,2708,0,1,2,,1,050,"RT 101","BORONDA RD",200.00,S,N,B,-,Y,,,,,,,,,,N,4,0,2,4,A,-,03,22350,,M,C,C,A,A,H,-,A,D,0,,,,,Y,,A,01,0,0,2,0,0,0,0,0,0,TO,"- ",,,MONTEREY,SALINAS,-121.66011880000001,36.721483839999998
6772108,2014,2015-02-05,9730,2014-12-23,1523,20144,,2,2,2,2703,0,1,2,,1,030,"RT 101","5TH ST",300.00,N,N,A,-,Y,,,101,,,,,,,Y,3,0,1,1,A,-,08,22107,,N,E,I,A,A,H,-,A,D,0,,,,,Y,,A,01,0,1,0,0,0,0,0,0,0,"- ","- ",36.51417,-121.43847,MONTEREY,GONZALES,-121.43830016,36.514260149999998
6738398,2014,2015-01-20,2712,2014-11-14,1219,300,,5,5,3,2712,0,0,0,,0,001,"RESERVATION RD","DEL MONTE BL",10.00,W,N,A,-,N,,,,,,,,,,N,3,0,1,3,D,-,00,,,N,H,B,B,A,H,-,A,A,0,Y,,,,Y,,-,"- ",0,1,0,0,1,0,0,0,0,"- ","- ",,,MONTEREY,MARINA,-121.79975655,36.687717249999999
6738946,2014,2015-01-23,2712,2014-11-29,1028,730,2912,6,5,3,2712,0,0,0,,0,001,"DEL MONTE BL","BEACH RD",0.00,,Y,B,-,N,,,,,,,,,,Y,4,0,1,2,A,-,12,22450,A,N,D,C,A,A,H,-,A,A,0,,,,,Y,,A,01,0,0,1,0,0,0,0,0,0,"- ","- ",,,MONTEREY,MARINA,-121.79746986000001,36.693640070000001
6740038,2015,2015-10-01,9730,2015-05-06,2105,19512,,3,2,9,2700,0,3,5,,2,007,"CASTROVILLE BL","PARADISE RD",3168.00,E,N,A,-,N,,,,,,,,,,Y,1,1,2,1,A,-,01,23152,A,N,E,I,A,A,H,-,D,D,0,,,,,Y,Y,A,01,2,0,0,0,0,0,0,0,0,"- ","- ",36.808540000000001,-121.68753,MONTEREY,UNINCORPORATED,-121.68807304000001,36.800462170000003
6742330,2014,2015-02-06,9735,2014-12-15,1115,017681,,1,1,9,2700,0,1,2,,1,041,"RT 101","CENTRAL AV",140.00,N,N,-,-,Y,,,101,,,,,,,Y,4,0,2,2,A,-,07,21658,A,F,B,C,A,-,-,-,-,D,0,,,,,Y,,-,"- ",0,0,2,0,0,0,0,0,0,"- ","- ",36.202829999999999,-121.15594,MONTEREY,UNINCORPORATED,-121.15587523000001,36.202880690000001
6744291,2014,2015-01-20,2712,2014-11-28,2007,687,2712,5,5,3,2712,0,0,0,,0,001,"RESERVATION RD","LAKE DR",100.00,E,N,A,-,N,,,,,,,,,,Y,3,0,1,1,A,-,01,23152,B,N,E,I,A,A,H,-,C,D,0,,,,,Y,Y,A,01,0,1,0,0,0,0,0,0,0,"- ","- ",,,MONTEREY,MARINA,,
6744761,2014,2016-06-18,9730,2014-11-21,1155,018171,,5,1,1,2709,0,1,3,,2,062,"RT 1","FREMONT BL",100.00,S,N,A,-,Y,MON,5,1,-,R,80.250,H,-,N,N,4,0,1,2,A,-,03,22350,,M,C,C,A,A,D,-,A,D,1,,,,,Y,,A,01,0,0,1,0,0,0,0,0,0,"- ","- ",,,MONTEREY,"SAND CITY",-121.84710353,36.619768839999999
6745055,2014,2015-01-26,9730,2014-11-22,2135,020168,,6,2,9,2700,0,2,4,,1,023,"CARMEL VALLEY RD","LOMA DEL REY",350.00,E,N,A,-,N,,,,,,,,,,Y,4,0,1,1,A,-,08,22107,,N,E,I,A,B,H,-,D,D,0,,,,,Y,,A,01,0,0,1,0,0,0,0,0,0,"- ","- ",36.526409999999998,-121.81634,MONTEREY,UNINCORPORATED,-121.81577322,36.525973090000001
6745108,2014,2015-01-23,9730,2014-11-17,1700,015297,,1,2,9,2700,0,3,5,,2,007,"STENDER AV","SALINAS RD",528.00,S,N,A,-,N,,,,,,,,,,N,4,0,1,2,A,-,21,22106,,N,D,C,A,A,H,-,A,D,0,,,,,Y,,A,01,0,0,1,0,0,0,0,0,0,"- ","- ",36.902410000000003,-121.74703,MONTEREY,UNINCORPORATED,-121.74667846,36.902387840000003
6745112,2014,2015-01-23,9730,2014-11-09,1420,018966,,7,2,9,2700,0,3,5,,2,007,"BERRY RD","WILLOW RD",300.00,W,N,A,-,N,,,,,,,,,,N,3,0,1,1,C,-,18,,,N,H,A,A,A,H,-,A,D,0,,,,,Y,,-,"- ",0,1,0,0,0,0,0,0,0,"- ","- ",36.86307,-121.7367,MONTEREY,UNINCORPORATED,-121.73627379,36.863140190000003
6745116,2014,2015-01-23,9730,2014-11-20,1840,015297,,4,2,9,2700,0,2,4,,2,063,"BLANCO RD","RESEARCH DR",528.00,E,N,B,C,N,,,,,,,,,,Y,4,0,2,2,A,-,09,21801,A,N,D,C,A,B,H,-,D,D,0,,,,,Y,,A,07,0,0,2,0,0,0,0,0,0,"- ","- ",36.674190000000003,-121.75143,MONTEREY,UNINCORPORATED,-121.7540673,36.670495680000002
6745120,2014,2015-01-23,9730,2014-11-14,1640,019127,,5,2,9,2700,0,3,5,,2,003,"SAN BENANCIO RD","DEER RUN LN",2112.00,N,N,B,C,N,,,,,,,,,,Y,4,0,1,1,A,-,08,22107,,N,E,I,A,A,H,-,B,D,0,,,,,Y,,A,01,0,0,1,0,0,0,0,0,0,"- ","- ",36.560090000000002,-121.06997,MONTEREY,UNINCORPORATED,-121.69925447999999,36.559612350000002
6772109,2014,2015-02-05,9730,2014-12-19,1935,20903,,5,2,9,2700,0,1,2,,1,070,"RT 101","DUNBARTON RD",1584.00,N,N,B,-,Y,,,,,,,,,,Y,3,0,1,1,C,-,18,,,N,E,I,A,B,H,-,D,D,0,,,,,Y,,-,"- ",0,1,0,0,0,0,0,0,0,"- ","- ",,,MONTEREY,UNINCORPORATED,-121.63604678,36.849420930000001
6772110,2014,2016-06-18,9730,2014-12-21,1805,19529,,7,2,9,2700,0,1,3,,2,062,"RT 1","DEL MONTE BL N",750.00,S,N,A,-,Y,MON,5,1,-,R,88.500,H,-,N,Y,4,0,1,2,A,-,03,22350,,N,C,C,A,A,H,-,D,D,1,,,,,Y,,A,07,0,0,1,0,0,0,0,0,0,"- ","- ",,,MONTEREY,UNINCORPORATED,-121.79074058,36.723421690000002
6772118,2014,2015-02-05,9730,2014-12-31,1823,19806,,3,2,9,2700,0,3,5,,2,005,"CRAZY HORSE CYN RD","OLD STAGE RD",0.00,,Y,A,-,N,,,,,,,,,,Y,4,0,1,1,A,-,12,22450,A,N,E,I,A,A,H,-,B,A,0,,,,,Y,,A,01,0,0,1,0,0,0,0,0,0,"- ","- ",,,MONTEREY,UNINCORPORATED,-121.60007998,36.770180029999999
6772119,2014,2015-02-05,9730,2014-12-27,1200,15160,,6,1,9,2700,0,3,5,,2,007,"BLUFF RD","TRAFTON RD",0.00,,Y,A,-,N,,,,,,,,,,N,3,0,1,1,A,-,08,22107,,N,F,A,A,A,B,-,A,D,0,,Y,,,Y,,L,04,0,1,0,0,0,0,1,0,0,"- ","- ",,,MONTEREY,UNINCORPORATED,-121.79638987,36.856280009999999
6772622,2015,2015-02-18,2712,2015-01-06,1521,274,,2,5,3,2712,0,0,0,,0,001,"DEL MONTE BL","PALM AV",102.00,N,N,A,-,N,,,,,,,,,,N,3,0,1,2,A,-,09,21804,A,N,G,B,F,A,H,-,A,A,0,Y,,,Y,Y,,G,89,0,1,0,0,1,0,0,0,0,"- ","- ",,,MONTEREY,MARINA,-121.80346652999999,36.683671289999999
6773647,2014,2016-03-14,2712,2014-12-12,1948,668,2712,5,5,3,2712,0,0,0,,0,001,"BEACH RD","RESERVATION RD",268.00,W,N,C,-,N,,,,,,,,,,N,3,0,2,3,D,-,00,,,N,A,B,D,B,H,-,C,A,0,Y,,,,Y,,-,"- ",0,2,0,0,2,0,0,0,0,"- ","- ",,,MONTEREY,MARINA,-121.80176,36.694920000000003
6773722,2014,2015-02-10,2706,2014-12-30,1503,250,2706,2,5,4,2706,0,0,0,,0,001,"WHARF 1 LOT","DEL MONTE AV",350.00,N,N,A,G,N,,,,,,,,,,N,4,0,1,2,A,-,11,21954,A,N,G,B,D,A,H,-,A,D,0,Y,,,,Y,,N,60,0,0,1,0,1,0,0,0,0,"- ","- ",,,MONTEREY,MONTEREY,,
6776318,2014,2015-02-11,2708,2014-12-19,1730,30350,,5,5,6,2708,0,0,0,,0,010,"EAST MARKET ST","NORTH MADEIRA AV",0.00,,Y,A,-,N,,,,,,,,,,N,2,0,1,6,A,-,09,21453,B,N,D,B,E,A,H,-,C,A,0,Y,,,,Y,,-,,1,0,0,0,1,0,0,0,0,"- ","- ",,,MONTEREY,SALINAS,-121.63797984999999,36.677180069999999
6776594,2014,2015-07-17,2708,2014-12-23,1731,30349,SALIN,2,5,6,2708,0,0,0,,0,,"EAST BORONDA RD","RIDER AV",0.00,,Y,A,-,N,,,,,,,,,,Y,4,0,1,2,A,-,09,21801,A,N,D,C,A,A,H,-,C,D,0,,,,,Y,,-,"- ",0,0,1,0,0,0,0,0,0,"- ","- ",,,MONTEREY,SALINAS,-121.60016989,36.700200029999998
6776842,2014,2015-02-13,2708,2014-12-11,1854,76998,,4,5,6,2708,0,0,0,,0,012,"SOUTH SANBORN RD","JOHN ST",0.00,,Y,C,-,N,,,,,,,,,,N,3,0,1,2,A,-,09,21801,A,N,-,C,A,B,H,-,C,A,0,,,,,Y,,-,,0,1,0,0,0,0,0,0,0,"- ","- ",,,MONTEREY,SALINAS,-121.62772993,36.669300020000001
6776843,2014,2016-02-17,2708,2014-12-11,1816,59156,SALIN,4,5,6,2708,0,0,0,,0,008,"EAST MARKET ST","GRIFFIN ST",0.00,,Y,C,-,N,,,,,,,,,,N,4,0,1,2,A,-,10,21950,A,N,D,B,B,B,H,-,C,A,0,Y,,,,Y,,-,,0,0,1,0,1,0,0,0,0,"- ","- ",,,MONTEREY,SALINAS,-121.64493993000001,36.678960060000001