CASE_ID,ACCIDENT_YEAR,PROC_DATE,JURIS,COLLISION_DATE,COLLISION_TIME,OFFICER_ID,REPORTING_DISTRICT,DAY_OF_WEEK,CHP_SHIFT,POPULATION,CNTY_CITY_LOC,SPECIAL_COND,BEAT_TYPE,CHP_BEAT_TYPE,CITY_DIVISION_LAPD,CHP_BEAT_CLASS,BEAT_NUMBER,PRIMARY_RD,SECONDARY_RD,DISTANCE,DIRECTION,INTERSECTION,WEATHER_1,WEATHER_2,STATE_HWY_IND,CALTRANS_COUNTY,CALTRANS_DISTRICT,STATE_ROUTE,ROUTE_SUFFIX,POSTMILE_PREFIX,POSTMILE,LOCATION_TYPE,RAMP_INTERSECTION,SIDE_OF_HWY,TOW_AWAY,COLLISION_SEVERITY,NUMBER_KILLED,NUMBER_INJURED,PARTY_COUNT,PRIMARY_COLL_FACTOR,PCF_CODE_OF_VIOL,PCF_VIOL_CATEGORY,PCF_VIOLATION,PCF_VIOL_SUBSECTION,HIT_AND_RUN,TYPE_OF_COLLISION,MVIW,PED_ACTION,ROAD_SURFACE,ROAD_COND_1,ROAD_COND_2,LIGHTING,CONTROL_DEVICE,CHP_ROAD_TYPE,PEDESTRIAN_ACCIDENT,BICYCLE_ACCIDENT,MOTORCYCLE_ACCIDENT,TRUCK_ACCIDENT,NOT_PRIVATE_PROPERTY,ALCOHOL_INVOLVED,STWD_VEHTYPE_AT_FAULT,CHP_VEHTYPE_AT_FAULT,COUNT_SEVERE_INJ,COUNT_VISIBLE_INJ,COUNT_COMPLAINT_PAIN,COUNT_PED_KILLED,COUNT_PED_INJURED,COUNT_BICYCLIST_KILLED,COUNT_BICYCLIST_INJURED,COUNT_MC_KILLED,COUNT_MC_INJURED,PRIMARY_RAMP,SECONDARY_RAMP,LATITUDE,LONGITUDE,COUNTY,CITY,POINT_X,POINT_Y
6776844,2014,2016-02-16,2708,2014-12-08,0639,49532,SALIN,1,5,6,2708,0,0,0,,0,011,"TOWT ST","DEL MONTE",5.00,S,N,A,-,N,,,,,,,,,,N,3,0,1,2,A,-,10,21950,A,N,G,B,B,A,H,-,A,A,0,Y,,,,Y,,-,,0,1,0,0,1,0,0,0,0,"- ","- ",,,MONTEREY,SALINAS,-121.60766416,36.685062350000003
6754417,2014,2016-06-18,9730,2014-12-15,1135,18766,,1,1,9,2700,0,1,3,,1,074,"RT 1","STRUVE RD N",1056.00,S,N,B,C,Y,MON,5,1,-,-,98.150,H,-,S,Y,4,0,1,2,A,-,08,22107,,N,B,C,A,B,H,-,A,D,0,,,,,Y,,D,22,0,0,1,0,0,0,0,0,0,"- ","- ",36.827100000000002,-121.7741,MONTEREY,UNINCORPORATED,-121.77264217,36.828448350000002
6758407,2014,2016-03-25,9730,2014-12-16,0656,12332,,2,1,9,2700,0,3,5,,2,007,"CASTROVILLE BL","ARCHER RD",2112.00,W,N,A,-,N,,,,,,,,,,Y,2,0,2,2,A,-,05,21460,A,N,A,C,A,B,H,-,A,D,0,,,,,Y,,A,01,1,0,1,0,0,0,0,0,0,"- ","- ",,,MONTEREY,UNINCORPORATED,-121.71020592000001,36.794517110000001
6758500,2014,2015-02-02,9730,2014-12-10,0745,20419,,3,1,9,2700,0,3,5,,2,003,"RESERVATION RD","PORTOLA DR",1500.00,W,N,B,-,N,,,,,,,,,,Y,3,0,1,3,A,-,05,21650,,N,A,C,A,A,H,-,A,D,0,,,,,Y,,A,08,0,1,0,0,0,0,0,0,0,"- ","- ",36.63682,-121.68707000000001,MONTEREY,UNINCORPORATED,-121.68758201999999,36.626947819999998
6758590,2014,2015-01-22,2711,2014-11-15,1504,2119,2711,6,5,3,2711,0,0,0,,0,002,"OAK ST","FRONT ST",162.00,E,N,A,-,N,,,,,,,,,,Y,4,0,1,2,A,-,00,12500,A,N,H,G,A,A,H,-,B,D,0,,Y,,,Y,Y,D,22,0,0,1,0,0,0,1,0,0,"- ","- ",,,MONTEREY,SOLEDAD,-121.32409440000001,36.4241198
6759032,2014,2015-02-03,2706,2014-12-06,0034,896,MPD,6,5,4,2706,0,0,0,,0,002,"AGUAJITO RD","FREMONT ST",0.00,,Y,B,-,N,,,,,,,,,,Y,4,0,1,2,A,-,05,21650,,N,A,C,A,B,H,-,C,A,0,,,,,Y,,A,01,0,0,1,0,0,0,0,0,0,"- ","- ",,,MONTEREY,MONTEREY,-121.88251997,36.593640020000002
6763284,2014,2016-06-18,9730,2014-12-01,1755,15297,,1,2,9,2700,0,1,3,,1,074,"RT 1","RT 183",528.00,N,N,B,-,Y,MON,5,1,-,R,92.310,H,-,N,Y,4,0,5,2,A,-,04,21703,,N,C,C,A,A,H,-,D,D,0,,,,,Y,,A,07,0,0,5,0,0,0,0,0,0,"- ","- ",36.775669999999998,-121.77188,MONTEREY,UNINCORPORATED,-121.76516949000001,36.770086810000002
6763331,2014,2015-02-03,9730,2014-12-08,1600,20576,,1,2,9,2700,0,1,3,,1,068,"RT 68","CORRAL DE TIERRA RD",300.00,W,N,A,-,Y,,,68,,,,,,,Y,4,0,1,2,A,-,03,22350,,N,C,C,A,A,H,-,A,A,0,,,,,Y,,A,01,0,0,1,0,0,0,0,0,0,"- ","- ",36.578400000000002,-121.72789,MONTEREY,UNINCORPORATED,-121.72789210000001,36.578470979999999
6763335,2014,2016-06-18,9730,2014-12-05,0852,18920,,5,1,9,2700,0,1,3,,2,062,"RT 1","RESERVATION RD",1584.00,S,N,B,-,Y,MON,5,1,-,R,86.180,H,-,S,Y,4,0,1,1,A,-,08,22107,,N,F,A,A,B,H,-,A,D,1,,,,,Y,,A,01,0,0,1,0,0,0,0,0,0,"- ","- ",36.694360000000003,-121.80603000000001,MONTEREY,UNINCORPORATED,-121.80744222,36.692724589999997
6763339,2014,2015-02-03,9730,2014-12-08,0843,20576,,1,1,9,2700,0,1,2,,1,030,"RT 101","MAIN ST",3960.00,S,N,B,-,Y,,,101,,,,,,,Y,4,0,1,2,A,-,03,22350,,N,C,C,A,A,D,-,A,D,0,,,,,Y,,A,01,0,0,1,0,0,0,0,0,0,"- ","- ",36.561570000000003,-121.51025,MONTEREY,UNINCORPORATED,-121.51026629,36.5615527
6763343,2014,2015-02-02,9730,2014-12-09,1105,18886,,2,1,6,2708,0,1,2,,1,050,"RT 101","SANBORN RD",250.00,N,N,A,-,Y,,,,,,,,,,Y,3,0,2,1,A,-,03,22350,,N,E,I,A,A,H,-,A,D,0,,,Y,,Y,,C,02,0,1,1,0,0,0,0,0,2,TO,"- ",,,MONTEREY,SALINAS,-121.62893304000001,36.666896549999997
6763347,2014,2015-02-02,9730,2014-12-09,2000,20903,,2,2,9,2700,0,1,2,,1,070,"RT 101","RT 156",57.00,N,N,A,-,Y,,,101,,,,,,,Y,2,0,1,1,A,-,01,23152,A,N,E,I,A,A,H,-,D,D,0,,,Y,,Y,Y,C,02,1,0,0,0,0,0,0,0,1,"- ","- ",36.79007,-121.66728000000001,MONTEREY,UNINCORPORATED,-121.66736392,36.790093370000001
6745369,2014,2016-06-18,9730,2014-11-07,1955,20598,,5,2,9,2700,0,2,4,,1,023,"CARMEL VALLEY RD","RT 1",50.00,E,N,A,-,Y,MON,5,1,-,-,72.921,I,6,N,Y,4,0,2,3,A,-,03,22350,,N,C,C,A,A,H,-,C,A,0,,,,,Y,,D,22,0,0,2,0,0,0,0,0,0,"- ","- ",36.543660000000003,-121.90773,MONTEREY,UNINCORPORATED,-121.90839304000001,36.543425849999998
6745370,2014,2015-01-23,9730,2014-11-17,1720,19770,,1,2,9,2700,0,2,4,,2,063,"BLANCO RD","DAVIS RD",300.00,W,N,B,-,N,,,,,,,,,,Y,4,0,1,2,A,-,03,22350,,N,C,C,A,A,H,-,D,A,0,,,,,Y,,A,01,0,0,1,0,0,0,0,0,0,"- ","- ",36.667290000000001,-121.68612,MONTEREY,UNINCORPORATED,-121.68600026,36.667205129999999
6745372,2014,2016-06-18,9730,2014-11-14,2145,19770,,5,2,9,2700,0,1,3,,1,074,"RT 1","POTRERO RD",1584.00,S,N,B,-,Y,MON,5,1,-,R,94.890,H,-,N,Y,3,0,2,3,A,-,01,23152,A,N,B,C,A,A,H,-,D,D,0,,,,,Y,Y,A,07,0,2,0,0,0,0,0,0,0,"- ","- ",36.786790000000003,-121.7818,MONTEREY,UNINCORPORATED,-121.78326375,36.797691010000001
6745374,2014,2015-01-23,9730,2014-11-14,1745,20576,,5,2,9,2700,0,3,5,,2,005,"HARRISON RD","ESPINOSA RD",10.00,N,N,B,-,N,,,,,,,,,,N,4,0,1,2,A,-,01,23152,A,N,C,C,A,A,H,-,C,A,0,,,,,Y,Y,D,22,0,0,1,0,0,0,0,0,0,"- ","- ",36.734479999999998,-121.65621,MONTEREY,UNINCORPORATED,-121.65620810999999,36.734457429999999
6745376,2014,2015-01-23,9730,2014-11-21,0720,19529,,5,1,9,2700,0,1,3,,1,072,"RT 156","CASTROVILLE BL",350.00,E,N,A,-,Y,,,,,,,,,,Y,4,0,1,4,A,-,03,22350,,N,C,C,A,A,H,-,A,D,0,,,,,Y,,A,01,0,0,1,0,0,0,0,0,0,"- ","- ",,,MONTEREY,UNINCORPORATED,-121.74201718,36.768820740000002
6745379,2014,2015-01-26,9730,2014-11-12,1458,13024,,3,2,9,2700,0,1,2,,1,030,"RT 101","MAIN ST",1584.00,N,N,A,-,Y,,,,,,,,,,N,4,0,1,2,A,-,07,21658,A,N,C,C,A,A,H,-,A,D,0,,,,Y,Y,,A,01,0,0,1,0,0,0,0,0,0,"- ","- ",,,MONTEREY,UNINCORPORATED,-121.52153455,36.572675519999997
6745383,2014,2015-01-23,9730,2014-11-11,1735,020057,,2,2,9,2700,0,1,3,,1,068,"RT 68","PASADERA DR",750.00,E,N,A,-,Y,,,68,,,,,,,Y,4,0,2,3,A,-,03,22350,,N,C,C,A,A,H,-,B,D,0,,,,,Y,,D,22,0,0,2,0,0,0,0,0,0,"- ","- ",36.56767,-121.77818000000001,MONTEREY,UNINCORPORATED,-121.77817933,36.5676633
6745390,2014,2015-01-23,9730,2014-11-22,2130,019239,1,6,2,9,2700,0,3,5,,2,001,"SAN MIGUEL CANYON RD","CASTROVILLE BL",0.00,,Y,E,-,N,,,,,,,,,,Y,4,0,1,1,A,-,01,23152,A,N,E,I,A,B,H,-,D,D,0,,,,,Y,Y,D,22,0,0,1,0,0,0,0,0,0,"- ","- ",,,MONTEREY,UNINCORPORATED,-121.67190992,36.808400069999998
6746088,2014,2015-02-02,2708,2014-12-02,0659,98282,,2,5,6,2708,0,0,0,,0,009,"ABBOTT ST","BLANCO RD",160.00,W,N,B,C,N,,,,,,,,,,N,4,0,1,2,A,-,07,21658,A,N,D,C,A,B,D,-,A,A,0,,,,,Y,,-,,0,0,1,0,0,0,0,0,0,"- ","- ",,,MONTEREY,SALINAS,-121.63631488,36.657466380000002
6746092,2014,2015-02-02,2708,2014-12-02,1801,08067,,2,5,6,2708,0,0,0,,0,010,"E ALISAL ST","FILICE ST",10.00,W,N,A,-,N,,,,,,,,,,N,3,0,1,2,A,-,10,21950,A,N,B,B,B,A,H,-,C,D,0,Y,,,,Y,,-,,0,1,0,0,1,0,0,0,0,"- ","- ",,,MONTEREY,SALINAS,-121.63041384,36.673193439999999
6746096,2014,2015-02-02,2708,2014-12-05,1749,54370,,5,5,6,2708,0,0,0,,0,002,"NORTH MAIN ST","NAVAJO DR",186.00,S,N,A,-,N,,,,,,,,,,N,4,0,1,2,A,-,11,21954,A,N,G,B,D,B,H,-,C,D,0,Y,,,,Y,Y,N,60,0,0,1,0,1,0,0,0,0,"- ","- ",,,MONTEREY,SALINAS,-121.65314635,36.705195969999998
6776845,2014,2016-02-16,2708,2014-12-29,1402,52823,,1,5,6,2708,0,0,0,,0,,"MONTEREY ST","EAST GABILAN ST",0.00,,Y,A,-,N,,,,,,,,,,N,4,0,2,2,A,-,12,21453,A,N,D,C,A,A,H,-,A,A,0,,,,,Y,,-,,0,0,2,0,0,0,0,0,0,"- ","- ",,,MONTEREY,SALINAS,-121.65408999,36.67581002
6776846,2014,2015-02-13,2708,2014-12-25,0148,56473,,4,5,6,2708,0,0,0,,0,007,"WEST ST","PARK ST",0.00,,Y,A,-,N,,,,,,,,,,N,3,0,1,2,A,-,05,21650,,F,D,G,A,A,H,-,C,D,0,,Y,,,Y,Y,L,04,0,1,0,0,0,0,1,0,0,"- ","- ",,,MONTEREY,SALINAS,-121.66323996,36.677660009999997
6776847,2014,2015-02-13,2708,2014-12-20,1451,06235,,6,5,6,2708,0,0,0,,0,012,"SOUTH SANBORN RD","JOHN ST",100.00,S,N,B,-,N,,,,,,,,,,Y,3,0,1,2,A,-,11,21954,A,N,G,B,D,A,H,-,A,D,0,Y,,,,Y,,N,60,0,1,0,0,1,0,0,0,0,"- ","- ",,,MONTEREY,SALINAS,-121.62774892,36.669025699999999
6776848,2014,2016-02-17,2708,2014-12-16,1532,15963,,2,5,6,2708,0,0,0,,0,002,"NORTH MAIN ST","WEST CURTIS ST",480.00,N,N,B,-,N,,,,,,,,,,N,4,0,1,2,A,-,10,21952,,N,G,B,F,A,H,-,A,D,0,Y,,,,Y,,-,,0,0,1,0,1,0,0,0,0,"- ","- ",,,MONTEREY,SALINAS,-121.65273935,36.703093180000003
6776849,2014,2015-02-13,2708,2014-12-04,1532,18355,2708,4,5,6,2708,0,0,0,,0,008,SHERWOOD,CHERRY,0.00,,Y,A,-,N,,,,,,,,,,Y,4,0,2,2,A,-,09,21802,,N,D,C,A,A,H,-,A,D,0,,,,,Y,,-,,0,0,2,0,0,0,0,0,0,"- ","- ",,,MONTEREY,SALINAS,-121.65012996,36.679070029999998
6776850,2014,2015-02-13,2708,2014-12-15,2001,30350,,1,5,6,2708,0,0,0,,0,011,"FREEDOM PKWY","TORONA WY",0.00,,Y,C,-,N,,,,,,,,,,Y,3,0,2,2,A,-,09,21801,A,F,D,C,A,B,H,-,C,D,0,,,,,Y,,-,,0,1,1,0,0,0,0,0,0,"- ","- ",,,MONTEREY,SALINAS,-121.59809988000001,36.687110089999997
6776851,2014,2015-02-13,2708,2014-12-12,1730,06235,,5,5,6,2708,0,0,0,,0,005,"EAST ALVIN DR","LINWOOD DR",0.00,,Y,B,-,N,,,,,,,,,,N,4,0,1,2,A,-,10,21950,A,N,G,-,C,A,H,-,C,D,0,Y,,,,Y,,-,,0,0,1,0,1,0,0,0,0,"- ","- ",,,MONTEREY,SALINAS,-121.64033992,36.705910080000002
6776852,2014,2015-02-13,2708,2014-12-16,1714,15945,,2,5,6,2708,0,0,0,,0,,"CALIFORNIA ST","JOHN ST",0.00,,Y,C,-,Y,,,,,,,,,,N,3,0,1,2,A,-,10,21950,A,N,D,B,B,B,H,-,C,A,0,Y,,,,Y,,-,,0,1,0,0,1,0,0,0,0,"- ","- ",,,MONTEREY,SALINAS,-121.64994996999999,36.670000080000001
6776853,2014,2015-02-13,2708,2014-12-17,0705,84535,SALIN,3,5,6,2708,0,0,0,,0,011,"BUCKHORN DR","SAGE WY",0.00,,Y,A,-,N,,,,,,,,,,N,3,0,1,2,A,-,11,21954,A,N,G,B,D,A,H,-,A,D,0,Y,,,,Y,,N,60,0,1,0,0,1,0,0,0,0,"- ","- ",,,MONTEREY,SALINAS,-121.59975986000001,36.694670080000002
6776854,2014,2015-02-13,2708,2014-12-27,2258,76998,,6,5,6,2708,0,0,0,,0,012,"TOWT ST","EAST LAUREL DR",156.00,S,N,A,-,N,,,,,,,,,,Y,2,0,2,5,D,-,00,,,N,A,E,A,A,H,-,C,A,0,,,,,Y,Y,-,"- ",1,1,0,0,0,0,0,0,0,"- ","- ",,,MONTEREY,SALINAS,-121.61810517000001,36.678953409999998
6776856,2014,2016-02-16,2708,2014-12-25,1206,15963,,4,5,6,2708,0,0,0,,0,004,"EAST BORONDA","HEMINGWAY DR",0.00,,Y,A,-,N,,,,,,,,,,Y,3,0,2,2,A,-,03,22350,,N,C,C,A,A,H,-,A,A,0,,,,,Y,,-,,0,1,1,0,0,0,0,0,0,"- ","- ",,,MONTEREY,SALINAS,-121.60973995000001,36.712210079999998
6776857,2014,2015-02-13,2708,2014-12-18,2209,12507,,4,5,6,2708,0,0,0,,0,001,"NORTH DAVIS RD","AUTO CENTER CIR",500.00,E,N,A,-,N,,,,,,,,,,Y,3,0,1,2,A,-,08,22100,B,N,D,C,A,A,H,-,C,D,0,,,,,Y,,-,,0,1,0,0,0,0,0,0,0,"- ","- ",,,MONTEREY,SALINAS,-121.66388000000001,36.722200000000001
6746104,2014,2015-02-02,2708,2014-12-01,0844,18355,2708,1,5,6,2708,0,0,0,,0,005,"KIP DR","ALVIN DR",0.00,,Y,B,-,N,,,,,,,,,,N,3,0,1,2,A,-,05,21650,1,N,D,G,A,A,H,-,A,D,0,,Y,,,Y,,L,04,0,1,0,0,0,0,1,0,0,"- ","- ",,,MONTEREY,SALINAS,-121.64404986,36.706790099999999
6746145,2014,2015-12-03,2708,2014-09-25,1233,52823,,4,5,6,2708,0,0,0,,0,,"NORTH SANBORN RD","MADEIRA AV",0.00,,Y,A,-,N,,,,,,,,,,Y,2,0,1,2,A,-,12,21453,A,N,A,C,A,A,H,-,A,A,0,,,,,Y,,-,,1,0,0,0,0,0,0,0,0,"- ","- ",,,MONTEREY,SALINAS,-121.62214991,36.682260049999996
6746154,2014,2016-02-16,2708,2014-10-28,1715,71595,,2,5,6,2708,0,0,0,,0,005,"NORTH MAIN ST","BERNAL DR",350.00,N,N,A,-,N,,,,,,,,,,N,4,0,1,2,A,-,09,21801,A,N,D,G,A,A,H,-,A,A,0,,Y,,,Y,,L,04,0,0,1,0,0,0,1,0,0,"- ","- ",,,MONTEREY,SALINAS,-121.65240086,36.690930360000003
6747850,2014,2015-01-06,9730,2014-10-25,2300,020576,,6,3,9,2700,0,3,5,,2,004,"OLD STAGE RD","ESPERANZA RD",2112.00,S,N,A,-,N,,,,,,,,,,Y,4,0,1,1,A,-,08,22107,,M,E,I,A,A,H,-,C,D,0,,,,,Y,,D,22,0,0,1,0,0,0,0,0,0,"- ","- ",36.599609999999998,-121.50955,MONTEREY,UNINCORPORATED,-121.50970350999999,36.599691409999998
6747854,2014,2016-02-17,9730,2014-11-18,1210,20896,,2,1,9,2700,0,3,5,,2,006,"ESPINOSA RD","RT 183",6864.00,E,N,A,-,N,,,,,,,,,,Y,3,0,1,2,A,-,09,21804,A,F,D,C,A,A,H,-,A,D,0,,,,,Y,,-,99,0,1,0,0,0,0,0,0,0,"- ","- ",36.74794,-121.71859000000001,MONTEREY,UNINCORPORATED,,
6747858,2014,2015-01-28,9730,2014-11-09,1135,20916,,7,1,9,2700,0,1,2,,1,030,"RT 101 N","OLD STAGE RD",7392.00,N,N,A,-,Y,,,101,,,,,,,Y,4,0,1,3,A,-,03,22350,,N,C,C,A,A,H,-,A,D,0,,,,,Y,,D,22,0,0,1,0,0,0,0,0,0,"- ","- ",36.53754,-121.48233999999999,MONTEREY,UNINCORPORATED,-121.48236223000001,36.537513150000002
6747862,2014,2015-01-28,9730,2014-11-28,0315,019770,,5,3,9,2700,0,1,2,,1,070,"RT 101","CRAZY HORSE CANYON RD",450.00,N,N,B,-,Y,,,101,,,,,,,Y,4,0,1,1,A,-,01,23152,A,N,E,I,A,A,D,-,D,A,0,,,,Y,Y,,F,27,0,0,1,0,0,0,0,0,0,"- ","- ",36.819249999999997,-121.63122,MONTEREY,UNINCORPORATED,-121.63126549,36.819292140000002
6747866,2014,2015-02-02,9730,2014-12-06,1704,019700,,6,2,9,2700,0,2,4,,1,073,"SALINAS RD","LEWIS RD",20.00,N,N,A,-,N,,,,,,,,,,N,4,0,1,2,A,-,03,22350,,N,C,C,A,A,H,-,D,A,0,,,,,Y,,A,07,0,0,1,0,0,0,0,0,0,"- ","- ",,,MONTEREY,UNINCORPORATED,-121.7473253,36.891044780000001
6747870,2014,2015-01-28,9730,2014-11-16,2010,20065,,7,2,6,2708,0,1,2,,1,050,"RT 101 N","LAUREL DR",1320.00,S,N,A,-,Y,,,101,,,,,,,N,4,0,1,2,A,-,03,22350,,M,C,C,A,A,H,-,D,D,0,,,,,Y,,A,01,0,0,1,0,0,0,0,0,0,"- ","- ",36.694360000000003,-121.66253,MONTEREY,SALINAS,-121.66254141,36.694351330000003
6747881,2014,2015-01-28,9730,2014-11-19,1432,015638,,3,2,9,2700,0,3,5,,2,005,"CRAZY HORSE CANYON RD","DUMP RD",1056.00,S,N,C,-,N,,,,,,,,,,Y,4,0,1,1,A,-,03,22350,,N,E,I,A,B,H,-,A,D,0,,,,Y,Y,,G,27,0,0,1,0,0,0,0,0,0,"- ","- ",36.800440000000002,-121.61563,MONTEREY,UNINCORPORATED,,
6747885,2014,2015-02-02,9730,2014-12-02,1528,020419,,2,2,9,2700,0,1,3,,1,068,"RT 68","RT 1",200.00,E,N,C,-,Y,,,,,,,,,,Y,4,0,1,2,A,-,03,22350,,N,D,C,A,B,H,-,A,D,0,,,,,Y,,A,07,0,0,1,0,0,0,0,0,0,TO,"- ",36.594479999999997,-121.86812,MONTEREY,UNINCORPORATED,-121.91241572,36.574355070000003
6747889,2014,2015-02-02,9730,2014-12-02,1340,020419,,2,1,9,2700,0,2,4,,1,023,"CARMEL VALLEY RD","PANETTA RD",1584.00,W,N,C,-,N,,,,,,,,,,Y,3,0,1,2,A,-,03,22350,,N,A,C,A,B,H,-,A,D,0,,,,,Y,,D,22,0,1,0,0,0,0,0,0,0,"- ","- ",36.490369999999999,-121.74451999999999,MONTEREY,UNINCORPORATED,-121.74304546,36.489720910000003
6776858,2014,2015-02-13,2708,2014-12-21,0000,07903,EAST,7,5,6,2708,0,0,0,,0,010,"EAST MARKET ST","N HEBBRON AV",0.00,,Y,A,-,N,,,,,,,,,,Y,4,0,1,2,A,-,12,21453,A,M,A,D,A,A,H,-,C,A,0,,,,,Y,,-,,0,0,1,0,0,0,0,0,0,"- ","- ",,,MONTEREY,SALINAS,-121.63171997000001,36.676550030000001
6776859,2014,2016-02-16,2708,2014-12-30,1628,59156,SALIN,2,5,6,2708,0,0,0,,0,009,"EAST ROMIE LN","CALIFORNIA ST",618.00,E,N,A,-,N,,,,,,,,,,Y,4,0,5,2,A,-,09,21801,A,N,A,C,A,A,H,-,A,D,0,,,,,Y,,-,,0,0,5,0,0,0,0,0,0,"- ","- ",,,MONTEREY,SALINAS,-121.65090481,36.661060550000002
6778046,2014,2015-01-29,2708,2014-10-06,1436,52823,,1,5,6,2708,0,0,0,,0,,"PAJARO ST","CHESTNUT ST",100.00,N,N,A,-,N,,,,,,,,,,N,3,0,1,2,A,-,17,22517,,N,D,G,A,A,H,-,A,D,0,,Y,,,Y,,-,,0,1,0,0,0,0,1,0,0,"- ","- ",,,MONTEREY,SALINAS,-121.65333674,36.667304250000001
6778047,2014,2016-02-16,2708,2014-10-29,1143,52823,,3,5,6,2708,0,0,0,,0,,"SAN JUAN GRADE RD","EAST BORONDA RD",0.00,,Y,A,-,N,,,,,,,,,,N,4,0,2,2,A,-,12,21453,A,N,A,C,A,A,H,-,A,A,0,,,,,Y,Y,-,,0,0,2,0,0,0,0,0,0,"- ","- ",,,MONTEREY,SALINAS,-121.65117988999999,36.719790109999998
6792529,2015,2016-02-17,2709,2015-01-19,1830,2505,2709,1,5,1,2709,0,0,0,,0,ALL,"PLAYA AV","CALIFORNIA AV",27.00,E,N,A,-,N,,,,,,,,,,N,4,0,2,2,A,-,21,22106,,N,C,C,A,A,H,-,C,D,0,,,,,Y,,A,01,0,0,2,0,0,0,0,0,0,"- ","- ",,,MONTEREY,"SAND CITY",-121.84335602,36.61887668
6792979,2015,2015-02-20,2701,2015-01-16,1640,5460,2701,5,5,2,2701,0,0,0,,0,00S,"MONTE VERDE ST","8TH AV",0.00,,Y,A,-,N,,,,,,,,,,Y,4,0,2,2,A,-,12,22450,A,N,D,C,A,A,H,-,A,A,0,,,,,Y,,A,08,0,0,2,0,0,0,0,0,0,"- ","- ",,,MONTEREY,CARMEL,-121.9243999,36.552590109999997
6793404,2015,2015-02-20,9730,2015-01-09,1640,020896,,5,2,9,2700,0,3,5,,2,007,"LANGLEY CANYON RD","SAN MIGUEL CANYON RD",528.00,N,N,A,-,N,,,,,,,,,,Y,4,0,1,2,A,-,05,21460,A,N,A,C,A,A,H,-,A,D,0,,,,,Y,,D,22,0,0,1,0,0,0,0,0,0,"- ","- ",36.805030000000002,-121.66659,MONTEREY,UNINCORPORATED,-121.66618579999999,36.805157340000001
6793420,2015,2015-02-26,9730,2015-01-14,1155,014800,,3,1,9,2700,0,2,4,,1,073,"ELKHORN RD","WERNER RD",0.00,,Y,A,-,N,,,,,,,,,,Y,4,0,1,1,A,-,03,22350,,N,F,A,A,A,H,-,A,A,0,,,,Y,Y,,F,26,0,0,1,0,0,0,0,0,0,"- ","- ",36.878489999999999,-121.74719,MONTEREY,UNINCORPORATED,-121.74722986,36.878980040000002
6793424,2015,2016-09-16,9730,2015-01-14,1445,017785,,3,2,4,2706,0,1,3,,2,062,"RT 1","RT 68",1584.00,N,N,A,-,Y,MON,5,1,-,R,78.420,H,-,S,Y,3,0,3,3,A,-,03,22350,,N,C,C,A,A,H,-,A,D,1,,,,,Y,,A,01,0,1,2,0,0,0,0,0,0,"- ","- ",,,MONTEREY,MONTEREY,-121.86511393000001,36.598467599999999
6793493,2015,2015-02-26,9730,2015-01-13,1605,14800,,2,2,9,2700,0,2,4,,1,073,"SAN MIGUEL CANYON RD","HALL RD",300.00,S,N,A,-,N,,,,,,,,,,Y,3,0,2,4,A,-,01,23152,A,N,C,C,A,A,H,-,A,A,0,,,,,Y,Y,A,08,0,1,1,0,0,0,0,0,0,"- ","- ",36.857680000000002,-121.69456,MONTEREY,UNINCORPORATED,-121.69490324,36.858531110000001
6793524,2015,2016-10-03,9730,2015-01-01,1400,019569,,4,2,9,2700,0,1,3,,1,024,"RT 68","SFB MORSE DR",0.00,,Y,A,-,Y,MON,5,68,-,-,1.150,I,5,E,Y,3,0,3,3,A,-,12,21453,A,N,A,C,A,A,H,-,A,A,0,,,,,Y,,A,01,0,1,2,0,0,0,0,0,0,"- ","- ",36.59836,-121.92542,MONTEREY,UNINCORPORATED,-121.92254134,36.609985389999999
6763351,2014,2016-06-18,9730,2014-12-11,1400,17502,,4,2,1,2709,0,1,3,,2,062,"RT 1","TIOGA AV",1056.00,S,N,C,-,Y,MON,5,1,-,R,79.890,H,-,N,Y,4,0,2,1,A,-,08,22107,,N,E,I,A,B,H,-,A,D,1,,,,,Y,,A,01,0,0,2,0,0,0,0,0,0,"- ","- ",36.614960000000004,-121.85118,MONTEREY,"SAND CITY",-121.85079813999999,36.615367429999999
6763355,2014,2015-02-02,9730,2014-12-11,1610,15297,,4,2,9,2700,0,1,2,,1,070,"RT 101","CRAZY HORSE CANYON RD",2640.00,N,N,B,C,Y,,,101,,,,,,,Y,4,0,1,2,A,-,03,22350,,N,A,C,A,B,H,-,A,D,0,,,,,Y,,A,07,0,0,1,0,0,0,0,0,0,"- ","- ",36.829270000000001,-121.62909999999999,MONTEREY,UNINCORPORATED,-121.62909476999999,36.829273100000002
6763359,2014,2016-06-18,9730,2014-12-12,1945,20598,,5,2,3,2712,0,1,3,,2,062,"RT 1","RESERVATION RD",1000.00,S,N,C,-,Y,MON,5,1,-,R,86.290,H,-,S,Y,3,0,1,1,A,-,08,22107,,N,F,I,A,B,H,-,D,D,1,,,,,Y,,A,01,0,1,0,0,0,0,0,0,0,"- ","- ",36.692869999999999,-121.80716,MONTEREY,MARINA,-121.80661587,36.694175989999998