CASE_ID,ACCIDENT_YEAR,PROC_DATE,JURIS,COLLISION_DATE,COLLISION_TIME,OFFICER_ID,REPORTING_DISTRICT,DAY_OF_WEEK,CHP_SHIFT,POPULATION,CNTY_CITY_LOC,SPECIAL_COND,BEAT_TYPE,CHP_BEAT_TYPE,CITY_DIVISION_LAPD,CHP_BEAT_CLASS,BEAT_NUMBER,PRIMARY_RD,SECONDARY_RD,DISTANCE,DIRECTION,INTERSECTION,WEATHER_1,WEATHER_2,STATE_HWY_IND,CALTRANS_COUNTY,CALTRANS_DISTRICT,STATE_ROUTE,ROUTE_SUFFIX,POSTMILE_PREFIX,POSTMILE,LOCATION_TYPE,RAMP_INTERSECTION,SIDE_OF_HWY,TOW_AWAY,COLLISION_SEVERITY,NUMBER_KILLED,NUMBER_INJURED,PARTY_COUNT,PRIMARY_COLL_FACTOR,PCF_CODE_OF_VIOL,PCF_VIOL_CATEGORY,PCF_VIOLATION,PCF_VIOL_SUBSECTION,HIT_AND_RUN,TYPE_OF_COLLISION,MVIW,PED_ACTION,ROAD_SURFACE,ROAD_COND_1,ROAD_COND_2,LIGHTING,CONTROL_DEVICE,CHP_ROAD_TYPE,PEDESTRIAN_ACCIDENT,BICYCLE_ACCIDENT,MOTORCYCLE_ACCIDENT,TRUCK_ACCIDENT,NOT_PRIVATE_PROPERTY,ALCOHOL_INVOLVED,STWD_VEHTYPE_AT_FAULT,CHP_VEHTYPE_AT_FAULT,COUNT_SEVERE_INJ,COUNT_VISIBLE_INJ,COUNT_COMPLAINT_PAIN,COUNT_PED_KILLED,COUNT_PED_INJURED,COUNT_BICYCLIST_KILLED,COUNT_BICYCLIST_INJURED,COUNT_MC_KILLED,COUNT_MC_INJURED,PRIMARY_RAMP,SECONDARY_RAMP,LATITUDE,LONGITUDE,COUNTY,CITY,POINT_X,POINT_Y
6763658,2014,2016-02-18,9730,2014-11-16,1425,018966,,7,2,9,2700,0,3,5,,2,007,"DOLAN RD","RT 1",500.00,E,N,A,-,N,,,,,,,,,,Y,4,0,1,2,A,-,08,22100,B,N,B,C,A,A,H,-,A,D,0,,,,,Y,,A,07,0,0,1,0,0,0,0,0,0,"- ","- ",36.803640000000001,-121.7821,MONTEREY,UNINCORPORATED,-121.78217193,36.803700460000002
6779130,2015,2016-10-19,9735,2015-01-06,1249,18069,,2,1,9,2700,0,1,2,,2,045,"RT 101","BRADLEY RD",3168.00,S,N,A,-,Y,MON,5,101,-,R,0.560,H,-,N,Y,4,0,2,2,A,-,03,22350,,N,E,C,A,A,H,-,A,D,1,,,,Y,Y,,D,22,0,0,2,0,0,0,0,0,0,"- ","- ",35.854039999999998,-120.78429,MONTEREY,UNINCORPORATED,-120.73869682999999,35.796740839999998
6779134,2015,2016-10-19,9735,2015-01-07,0715,016696,,3,1,9,2700,0,1,2,,1,040,"RT 101","ARROYO SECO RD",2640.00,S,N,-,-,Y,MON,5,101,-,-,59.900,H,-,N,Y,4,0,2,1,A,-,08,22107,,N,E,I,A,-,-,-,-,D,4,,,,Y,Y,,F,55,0,0,2,0,0,0,0,0,0,"- ","- ",36.39564,-121.3113,MONTEREY,UNINCORPORATED,-121.31202632,36.396958740000002
6779324,2014,2015-02-11,9735,2014-12-31,2200,19486,,3,3,9,2700,0,3,5,,2,004,"SARGENT CANYON RD","PANCHO RICO RD",1056.00,S,N,-,-,N,,,,,,,,,,Y,4,0,1,1,A,-,08,22107,,N,E,I,A,-,-,-,-,D,0,,,,,Y,,A,01,0,0,1,0,0,0,0,0,0,"- ","- ",36.019710000000003,-120.88757,MONTEREY,UNINCORPORATED,,
6780470,2014,2015-01-26,2707,2014-10-06,1603,2901,2707,1,5,3,2707,0,0,0,,0,001,"SUNSET DR","CONGRESS AV",490.00,E,N,A,-,Y,,,,,,,,,,N,4,0,1,2,A,-,10,21950,A,N,G,B,D,A,H,-,A,D,0,Y,,,,Y,,N,60,0,0,1,0,1,0,0,0,0,"- ","- ",,,MONTEREY,"PACIFIC GROVE",-121.92555367999999,36.612628399999998
6780688,2014,2015-01-30,9735,2014-12-31,2000,19894,,3,2,9,2700,0,3,5,,2,001,"LOS COCHES RD","THORNE RD",12144.00,N,N,A,-,N,,,,,,,,,,Y,4,0,1,1,A,-,03,22350,,N,F,A,A,A,H,-,D,D,0,,,,,Y,,J,48,0,0,1,0,0,0,0,0,0,"- ","- ",36.356450000000002,-121.30149,MONTEREY,UNINCORPORATED,-121.30099591,36.35451466
6781099,2014,2015-02-10,9730,2014-12-04,1706,19806,,4,2,9,2700,0,3,5,,2,005,"RUSSELL RD","VAN BUREN AV",13.00,W,N,B,-,N,,,,,,,,,,N,3,0,1,2,A,-,11,21456,B,N,G,B,B,A,H,-,C,A,0,Y,,,,Y,,N,60,0,1,0,0,1,0,0,0,0,"- ","- ",36.732289999999999,-121.64821000000001,MONTEREY,UNINCORPORATED,-121.64809175000001,36.732142099999997
6781304,2015,2016-10-19,9730,2015-01-04,0635,018920,,7,1,9,2700,0,1,2,,1,070,"RT 101","SAN MIGUEL CANYON RD",528.00,N,N,A,-,Y,MON,5,101,-,-,96.240,H,-,S,Y,2,0,2,1,A,-,01,23152,A,N,E,I,A,A,H,-,D,D,5,,,,,Y,Y,A,01,1,1,0,0,0,0,0,0,0,"- ","- ",36.801049999999996,-121.6622,MONTEREY,UNINCORPORATED,-121.66362104,36.800031009999998
6793525,2015,2016-09-16,9730,2015-01-20,1800,019529,,2,2,4,2706,0,1,3,,2,062,"RT 1","AGUAJITO RD",300.00,S,N,A,-,Y,MON,5,1,-,R,77.320,H,-,N,N,4,0,1,2,A,-,07,21658,A,F,C,C,A,A,H,-,D,D,1,,,,,Y,,A,07,0,0,1,0,0,0,0,0,0,"- ","- ",,,MONTEREY,MONTEREY,-121.88105055,36.590544909999998
6793526,2015,2016-09-16,9730,2015-01-15,1430,017785,,4,2,9,2700,0,1,3,,1,074,"RT 1","RT 183",220.00,N,N,A,-,Y,MON,5,1,-,T,92.250,H,-,N,Y,2,0,1,1,A,-,01,23152,A,M,E,I,A,A,H,-,A,D,0,,,,,Y,Y,A,01,1,0,0,0,0,0,0,0,0,"- ","- ",,,MONTEREY,UNINCORPORATED,-121.76567274,36.77121794
6793527,2015,2016-09-13,9730,2015-01-13,0839,014800,,2,1,9,2700,0,1,3,,1,072,"RT 156","VIERRA CANYON RD",0.00,,Y,A,-,Y,MON,5,156,-,T,5.426,I,5,W,Y,4,0,1,2,A,-,09,21801,A,N,A,C,A,A,H,-,A,A,0,,,,,Y,,A,01,0,0,1,0,0,0,0,0,0,"- ","- ",36.79204,-121.66513999999999,MONTEREY,UNINCORPORATED,-121.66503587,36.791812110000002
6793565,2015,2015-02-23,9730,2015-01-16,1710,20916,,5,2,9,2700,0,3,5,,2,006,"DAVIS RD","FOSTER RD",232.00,N,N,A,-,N,,,,,,,,,,Y,4,0,1,1,A,-,01,23152,E,N,E,I,A,A,D,-,D,D,0,,,,,Y,,A,07,0,0,1,0,0,0,0,0,0,"- ","- ",36.652349999999998,-121.69732999999999,MONTEREY,UNINCORPORATED,-121.69755273,36.652135700000002
6793567,2015,2015-02-23,9730,2015-01-14,1030,13024,,3,1,9,2700,0,2,4,,2,063,"BLANCO RD","RESERVATION RD",30.00,E,N,A,-,N,,,,,,,,,,Y,3,0,1,1,A,-,03,22350,,N,F,A,A,A,H,-,A,D,0,,,Y,,Y,,C,02,0,1,0,0,0,0,0,0,1,TO,"- ",,,MONTEREY,UNINCORPORATED,-121.75663975000001,36.66700179
6793568,2015,2015-02-23,9730,2015-01-02,2315,20621,,5,3,9,2700,0,3,5,,2,004,"OLD STAGE RD","ZABALA RD",528.00,S,N,A,-,N,,,,,,,,,,Y,3,0,2,1,A,-,08,22107,,N,E,I,A,A,H,-,D,D,0,,,,,Y,,A,01,0,2,0,0,0,0,0,0,0,"- ","- ",36.664909999999999,-121.54985000000001,MONTEREY,UNINCORPORATED,-121.54946559,36.664136730000003
6793675,2015,2015-08-04,9730,2015-01-01,2120,20598,,4,2,9,2700,0,3,5,,2,003,"SAN BENANCIO RD","COVEY LN",1250.00,W,N,A,-,N,,,,,,,,,,Y,4,0,1,1,A,-,08,22107,,N,F,A,A,A,H,-,D,D,0,,,,,Y,,A,01,0,0,1,0,0,0,0,0,0,"- ","- ",,,MONTEREY,UNINCORPORATED,-121.69244924,36.552747539999999
6797369,2015,2015-02-25,2706,2015-01-19,1507,250,2706,1,5,4,2706,0,0,0,,0,003,"CASA VERDE WY","MONTECITO AV",112.00,N,N,A,-,N,,,,,,,,,,Y,3,0,1,2,A,-,08,22107,,N,B,E,A,A,H,-,A,D,0,,,,,Y,,A,01,0,1,0,0,0,0,0,0,0,"- ","- ",,,MONTEREY,MONTEREY,-121.86361289,36.598235099999997
6797390,2015,2015-02-25,2711,2015-01-09,0606,0645,2711,5,5,3,2711,0,0,0,,0,002,"1ST ST","MONTEREY ST",200.00,E,N,A,-,N,,,,,,,,,,N,4,0,1,6,A,-,08,22107,,N,B,E,A,A,H,-,C,D,0,,,,,Y,,D,22,0,0,1,0,0,0,0,0,0,"- ","- ",,,MONTEREY,SOLEDAD,-121.31957740999999,36.423040380000003
6797425,2015,2015-02-25,2706,2015-01-19,1209,320,2706,1,5,4,2706,0,0,0,,0,,"LIGHTHOUSE AV","MCCLELLAN AV",0.00,,Y,A,-,N,,,,,,,,,,N,4,0,1,2,A,-,10,21950,A,N,G,B,B,A,H,-,A,A,0,Y,,,,Y,,D,22,0,0,1,0,1,0,0,0,0,"- ","- ",,,MONTEREY,MONTEREY,-121.90081993,36.612510049999997
6797429,2015,2015-02-25,2706,2015-01-23,1553,148,2706,5,5,4,2706,0,0,0,,0,003,"DEL MONTE AV","HANNON AV",84.00,E,N,A,-,N,,,,,,,,,,N,4,0,1,2,A,-,21,22106,,N,G,B,F,A,H,-,A,D,0,Y,,,,Y,,D,22,0,0,1,0,1,0,0,0,0,"- ","- ",,,MONTEREY,MONTEREY,-121.86215376,36.604097670000002
6797662,2014,2016-06-18,9730,2014-12-29,1341,018920,,1,1,9,2700,0,1,3,,1,022,"RT 1","POINT LOBOS",200.00,N,N,A,-,Y,MON,5,1,-,-,70.460,H,-,S,Y,4,0,1,2,A,-,09,21804,A,N,D,C,A,A,H,-,A,D,0,,,,,Y,,A,07,0,0,1,0,0,0,0,0,0,"- ","- ",36.522770000000001,-121.92574,MONTEREY,UNINCORPORATED,-121.93639061,36.516514260000001
6747894,2014,2015-01-28,9730,2014-11-21,1453,20916,,5,2,9,2700,0,1,2,,1,050,"RT 101 S","HARTNELL RD",295.00,N,N,A,-,Y,,,101,,,,,,,Y,4,0,1,2,A,-,07,21658,A,N,C,C,A,A,H,-,A,D,0,,,,,Y,,D,22,0,0,1,0,0,0,0,0,0,"- ","- ",36.62285,-121.58095,MONTEREY,UNINCORPORATED,-121.58098305,36.622804819999999
6747897,2014,2015-01-28,9730,2014-11-24,1240,16537,,1,1,9,2700,0,1,2,,1,050,"RT 101 N","SPENCE RD",0.00,,Y,A,-,Y,,,101,,,,,,,Y,4,0,2,2,A,-,09,21804,A,N,D,C,A,A,H,-,A,D,0,,,,,Y,,A,08,0,0,2,0,0,0,0,0,0,"- ","- ",36.613120000000002,-121.56684,MONTEREY,UNINCORPORATED,-121.56701703,36.612879020000001
6747901,2014,2015-01-26,9730,2014-11-29,1240,18966,,6,1,9,2700,0,3,5,,2,006,"LAPIS RD","DEL MONTE BL",2112.00,S,N,B,-,N,,,,,,,,,,Y,3,0,1,1,A,-,03,22350,,N,F,A,A,B,H,-,A,D,0,,,,,Y,,D,22,0,1,0,0,0,0,0,0,0,"- ","- ",36.716749999999998,-121.79188000000001,MONTEREY,UNINCORPORATED,-121.78854,36.705039999999997
6747905,2014,2015-01-26,9730,2014-11-30,1430,18179,,7,2,9,2700,0,2,4,,1,075,"SAN JUAN RD","PORTER DR",15.00,E,N,B,-,N,,,,,,,,,,N,4,0,3,2,A,-,03,22350,,M,C,C,A,A,H,-,A,B,0,,,,,Y,,A,07,0,0,3,0,0,0,0,0,0,"- ","- ",,,MONTEREY,UNINCORPORATED,-121.75034869,36.904519999999998
6747909,2014,2015-01-28,9730,2014-11-15,1625,018786,,6,2,9,2700,0,1,2,,1,030,"RT 101","MAIN ST",4752.00,S,N,A,-,Y,,,101,,,,,,,Y,2,0,6,2,A,-,03,22350,,N,C,C,A,A,H,-,A,-,0,,,,Y,Y,,A,08,3,2,1,0,0,0,0,0,0,"- ","- ",36.559280000000001,-121.50734,MONTEREY,UNINCORPORATED,-121.5075901,36.559019730000003
6747917,2014,2016-06-18,9730,2014-11-24,1340,17502,,1,1,9,2700,0,1,3,,1,022,"RT 1","MESA DR",20.00,N,N,A,-,Y,MON,5,1,-,-,73.550,H,-,S,N,4,0,1,2,A,-,03,22350,,N,C,C,A,A,H,-,A,D,0,,,,,Y,,D,22,0,0,1,0,0,0,0,0,0,"- ","- ",,,MONTEREY,UNINCORPORATED,-121.91055151,36.55215252
6747918,2014,2015-01-28,9730,2014-11-14,0720,20903,,5,1,9,2700,0,1,3,,1,066,"RT 183","SAN JON RD",20.00,S,N,E,-,Y,,,,,,,,,,Y,4,0,1,2,A,-,03,22350,,N,C,C,A,A,H,-,A,D,0,,,,,Y,,D,22,0,0,1,0,0,0,0,0,0,"- ","- ",,,MONTEREY,UNINCORPORATED,,
6747924,2014,2015-01-26,9730,2014-11-30,1305,18886,,7,1,9,2700,0,3,5,,2,007,"WASHINGTON ST","MERRITT ST",10.00,W,N,B,-,Y,,,,,,,,,,Y,4,0,1,1,A,-,03,22350,,M,E,I,A,A,H,-,A,D,0,,,,,Y,,A,01,0,0,1,0,0,0,0,0,0,"- ","- ",,,MONTEREY,UNINCORPORATED,-121.76295,36.769359999999999
6747928,2014,2016-02-16,9730,2014-11-16,1230,18886,,7,1,6,2708,0,2,4,,1,073,"SAN MIGUEL CANYON RD","MORO RD",528.00,W,N,A,-,N,,,,,,,,,,Y,4,0,1,2,A,-,03,22350,,N,C,C,A,A,H,-,A,D,0,,,,,Y,,A,01,0,0,1,0,0,0,0,0,0,"- ","- ",,,MONTEREY,SALINAS,-121.66751195000001,36.803971249999996
6747932,2014,2015-01-26,9730,2014-11-21,1545,20576,,5,2,9,2700,0,3,5,,2,007,"STENDER AV","SALINAS RD",250.00,E,N,B,-,N,,,,,,,,,,N,4,0,1,2,A,-,09,21804,A,N,D,C,A,A,H,-,A,D,0,,,,,Y,,A,01,0,0,1,0,0,0,0,0,0,"- ","- ",36.902389999999997,-121.74772,MONTEREY,UNINCORPORATED,-121.74762908,36.902408620000003
6747936,2014,2015-01-26,9730,2014-11-28,1610,18786,,5,2,9,2700,0,3,5,,2,002,"TASSAJARA RD","CACHAGUA RD",18480.00,S,N,A,-,N,,,,,,,,,,N,3,0,1,1,A,-,08,22107,,N,E,I,A,A,H,-,A,D,0,,,Y,,Y,,C,02,0,1,0,0,0,0,0,0,1,"- ","- ",36.37106,-121.59081,MONTEREY,UNINCORPORATED,-121.5813294,36.356457300000002
6747940,2014,2015-01-26,9730,2014-11-29,1308,20576,,6,1,9,2700,0,3,5,,2,003,"GONZALES RIVER RD","SHORT RD",1320.00,E,N,B,-,N,,,,,,,,,,Y,3,0,1,1,A,-,08,22107,,N,F,A,A,A,H,-,A,D,0,,,,,Y,,A,07,0,1,0,0,0,0,0,0,0,"- ","- ",36.489260000000002,-121.46417,MONTEREY,UNINCORPORATED,-121.46467881,36.489276599999997
6799913,2015,2015-02-27,9735,2015-01-12,0500,17681,,1,3,9,2700,0,3,5,,2,003,"METZ RD","ELM AV",7920.00,S,N,-,-,N,,,,,,,,,,Y,3,0,1,1,A,-,03,22350,,N,E,I,A,-,-,-,-,D,0,,,,,Y,,D,22,0,1,0,0,0,0,0,0,0,"- ","- ",36.319960000000002,-121.18001,MONTEREY,UNINCORPORATED,-121.18335,36.324488780000003
6801108,2015,2016-10-19,9735,2015-01-12,0500,20057,,1,3,3,2704,0,1,2,,1,040,"RT 101","WALNUT AV",1000.00,N,N,-,-,Y,MON,5,101,-,-,54.050,H,-,N,Y,4,0,1,2,A,-,07,21658,A,M,B,C,A,-,-,-,-,D,1,,,,,Y,,-,99,0,0,1,0,0,0,0,0,0,"- ","- ",36.332520000000002,-121.2474,MONTEREY,GREENFIELD,-121.24614988,36.331427890000001
6801109,2015,2016-10-19,9735,2015-01-19,0708,17292,,1,1,9,2700,0,1,2,,2,042,"RT 101","WILD HORSE RD",1584.00,N,N,E,-,Y,MON,5,101,-,R,38.130,H,-,S,Y,4,0,1,1,A,-,08,22107,,N,-,I,A,A,H,-,A,D,3,,,,,Y,,A,01,0,0,1,0,0,0,0,0,0,"- ","- ",36.191569999999999,-121.08262000000001,MONTEREY,UNINCORPORATED,-121.08540427,36.192624739999999
6801125,2015,2015-02-26,2712,2015-01-23,0754,687,2712,5,5,3,2712,0,0,0,,0,001,"RESERVATION RD","SEACREST AV",330.00,E,N,A,-,N,,,,,,,,,,N,4,0,1,3,A,-,03,22350,,N,C,C,A,A,H,-,B,D,0,,,,,Y,,D,22,0,0,1,0,0,0,0,0,0,"- ","- ",,,MONTEREY,MARINA,-121.79501689,36.68532424
6801531,2015,2016-09-16,9730,2015-01-19,1740,019700,,1,2,9,2700,0,1,3,,1,074,"RT 1","POTRERO RD",0.00,,Y,A,-,Y,MON,5,1,-,-,95.190,I,5,S,Y,4,0,1,2,D,-,00,,,N,D,C,A,A,H,-,C,D,0,,,,,Y,,-,"- ",0,0,1,0,0,0,0,0,0,"- ","- ",36.790990000000001,-121.78375,MONTEREY,UNINCORPORATED,-121.78361618,36.791011509999997
6801539,2015,2016-10-03,9730,2015-01-16,1906,018966,,5,2,9,2700,0,1,3,,1,068,"RT 68","TORERO DR",0.00,,Y,A,-,Y,MON,5,68,-,-,14.690,I,5,W,Y,2,0,2,2,A,-,17,24250,,N,A,C,A,A,H,-,C,D,0,,,,,Y,,D,22,1,1,0,0,0,0,0,0,0,"- ","- ",36.593580000000003,-121.70448,MONTEREY,UNINCORPORATED,-121.70464774,36.593525829999997
6801543,2015,2016-09-13,9730,2015-01-16,1104,18920,,5,1,9,2700,0,1,3,,1,072,"RT 156","CASTROVILLE BL",0.00,,Y,A,-,Y,MON,5,156,-,R,1.820,I,5,W,Y,4,0,1,3,A,-,12,21453,A,N,D,C,A,A,H,-,A,A,0,,,,,Y,,A,01,0,0,1,0,0,0,0,0,0,"- ","- ",36.768560000000001,-121.7431,MONTEREY,UNINCORPORATED,-121.74363087,36.768343459999997
6801547,2015,2015-03-02,9730,2015-01-15,0820,15160,,4,1,9,2700,0,2,4,,1,073,"SALINAS RD","FRUITLAND AV",1056.00,W,N,A,-,N,,,,,,,,,,Y,2,0,1,2,C,-,18,,,N,A,C,A,A,H,-,A,D,0,,,,Y,Y,,-,"- ",1,0,0,0,0,0,0,0,0,"- ","- ",,,MONTEREY,UNINCORPORATED,-121.75563975,36.876505119999997
6801555,2015,2016-10-03,9730,2015-01-22,0805,13024,,4,1,9,2700,0,1,3,,1,068,"RT 68","PORTOLA DR",528.00,W,N,A,-,Y,MON,5,68,-,-,15.730,H,-,W,Y,3,0,4,5,A,-,03,22350,,N,C,C,A,A,H,-,A,D,1,,,,,Y,,A,01,0,2,2,0,0,0,0,0,0,"- ","- ",,,MONTEREY,UNINCORPORATED,-121.69402882,36.605991629999998
6801575,2015,2016-09-16,9730,2015-01-20,1600,19529,,2,2,4,2710,0,1,3,,2,062,"RT 1","LIGHTFIGHTER DR",2100.00,S,N,A,-,Y,MON,5,1,-,R,82.490,H,-,N,Y,4,0,1,3,C,-,18,,,N,C,C,A,A,H,-,A,D,1,,,,,Y,,-,"- ",0,0,1,0,0,0,0,0,0,"- ","- ",,,MONTEREY,SEASIDE,-121.82007177,36.643650059999999
6802283,2015,2015-02-26,2706,2015-01-15,1605,939,2706,4,5,4,2706,0,0,0,,0,002,"PACIFIC ST","VIA ARBOLES",0.00,,Y,A,-,N,,,,,,,,,,Y,4,0,1,2,A,-,09,21801,A,N,A,C,A,A,H,-,A,D,0,,,,,Y,,A,01,0,0,1,0,0,0,0,0,0,"- ","- ",,,MONTEREY,MONTEREY,-121.90142999,36.586340069999999
6748004,2014,2015-01-26,9730,2014-11-26,2045,017803,,3,2,9,2700,0,3,5,,2,004,"OLD STAGE RD","CALLE EL ROSARIO",0.00,,Y,A,-,N,,,,,,,,,,Y,4,0,1,2,A,-,09,21801,A,N,A,C,A,A,H,-,D,D,0,,,,,Y,,A,07,0,0,1,0,0,0,0,0,0,"- ","- ",,,MONTEREY,UNINCORPORATED,-121.54254997,36.644860000000001
6809406,2015,2016-09-16,9730,2015-02-03,0838,020903,,2,1,1,2709,0,1,3,,2,062,"RT 1","TIOGA AV",50.00,S,N,A,-,Y,MON,5,1,-,R,80.080,H,-,S,Y,4,0,1,2,A,-,03,22350,,N,C,C,A,A,H,-,A,D,1,,,,,Y,,A,01,0,0,1,0,0,0,0,0,0,"- ","- ",,,MONTEREY,"SAND CITY",-121.84899417,36.617763089999997
6809411,2015,2016-09-16,9730,2015-01-31,0443,20598,,6,3,9,2700,0,1,3,,1,074,"RT 1","MOLERA RD",800.00,N,N,A,-,Y,MON,5,1,-,R,90.540,H,-,S,Y,3,0,1,2,A,-,01,23152,A,N,D,C,A,A,H,-,D,D,1,,,,,Y,Y,D,22,0,1,0,0,0,0,0,0,0,"- ","- ",36.781799999999997,-121.77939000000001,MONTEREY,UNINCORPORATED,-121.77017503,36.7477211
6809414,2015,2015-03-02,9730,2015-01-29,1835,15297,,4,2,9,2700,0,3,5,,2,002,"HATTON RD","7TH AV",16.00,S,N,A,-,N,,,,,,,,,,Y,4,0,1,2,A,-,01,23152,E,N,C,E,A,A,H,-,C,D,0,,,,,Y,,A,01,0,0,1,0,0,0,0,0,0,"- ","- ",36.55498,-121.91224,MONTEREY,UNINCORPORATED,-121.91207072,36.555066680000003
6809419,2015,2016-09-16,9730,2015-01-31,1620,20896,,6,2,9,2700,0,1,3,,1,074,"RT 1","DOLAN RD",0.00,,Y,A,-,Y,MON,5,1,-,-,96.101,I,6,N,N,4,0,1,2,A,-,04,21703,,N,C,C,A,A,H,-,A,A,0,,,,,Y,,D,22,0,0,1,0,0,0,0,0,0,"- ","- ",36.804079999999999,-121.78373000000001,MONTEREY,UNINCORPORATED,-121.78379808,36.804086460000001
6809423,2014,2015-03-09,9730,2014-12-17,0920,018350,,3,1,9,2700,0,2,4,,2,063,"BLANCO RD","WEST ALISAL ST",10.00,N,N,B,-,N,,,,,,,,,,Y,4,0,1,2,A,-,03,22350,,M,D,C,A,B,H,-,A,A,0,,,,,Y,,A,01,0,0,1,0,0,0,0,0,0,"- ","- ",,,MONTEREY,UNINCORPORATED,-121.67819058000001,36.664102159999999
6809439,2015,2016-09-16,9730,2015-01-27,0933,19569,,2,1,9,2700,0,1,3,,2,062,"RT 1","RT 68",1584.00,N,N,A,-,Y,MON,5,1,-,R,78.420,H,-,S,N,4,0,1,2,A,-,03,22350,,N,C,C,A,A,H,-,A,D,1,,,,,Y,,A,08,0,0,1,0,0,0,0,0,0,"- ","- ",36.576569999999997,-121.91069,MONTEREY,UNINCORPORATED,-121.86511393000001,36.598467599999999
6809440,2015,2016-09-13,9730,2015-01-23,2105,19700,,5,2,9,2700,0,3,5,,2,007,"CASTROVILLE BL","RT 156",15.00,N,N,A,-,Y,MON,5,156,-,R,1.820,I,6,W,N,4,0,1,2,A,-,03,22350,,N,C,C,A,A,H,-,C,D,0,,,,,Y,,D,22,0,0,1,0,0,0,0,0,0,"- ","- ",,,MONTEREY,UNINCORPORATED,-121.74363087,36.768343459999997
6809525,2015,2016-10-19,9730,2015-01-25,0042,20514,,7,3,9,2700,0,1,2,,1,070,"RT 101","DUNBARTON RD",300.00,S,N,A,-,Y,MON,5,101,-,-,100.330,H,-,S,Y,4,0,1,2,A,-,07,21658,A,N,B,C,A,A,H,-,D,D,5,,,,,Y,,A,01,0,0,1,0,0,0,0,0,0,"- ","- ",36.843670000000003,-121.63424999999999,MONTEREY,UNINCORPORATED,-121.63453905999999,36.844839149999999
6809526,2015,2016-10-19,9730,2015-01-25,1920,20896,,7,2,2,2703,0,1,2,,1,030,"RT 101","5TH ST",1320.00,N,N,A,-,Y,MON,5,101,-,-,71.110,H,-,S,Y,3,0,2,1,A,-,01,23152,A,N,F,J,A,A,H,-,D,D,1,,,,,Y,Y,A,01,0,2,0,0,0,0,0,0,0,"- ","- ",36.51623,-121.43961,MONTEREY,GONZALES,-121.43999079,36.516762839999998
6809527,2015,2016-09-16,9730,2015-01-31,1905,20621,,6,2,9,2700,0,1,3,,1,014,"RT 1","RIPPLEWOOD CAMPGROUND",1056.00,S,N,B,-,Y,MON,5,1,-,-,47.980,H,-,S,Y,2,0,1,1,A,-,01,23152,A,N,E,I,A,A,H,-,D,D,0,,,,,Y,Y,A,08,1,0,0,0,0,0,0,0,0,"- ","- ",36.292960000000001,-121.79431,MONTEREY,UNINCORPORATED,-121.79947558000001,36.264156890000002
6802291,2015,2015-02-26,2712,2015-01-08,1709,300,2712,4,5,3,2712,0,0,0,,0,001,"IMJIN PKWY","ABRAMS DR",700.00,S,N,A,-,N,,,,,,,,,,N,4,0,1,2,A,-,01,23153,A,N,C,C,A,A,H,-,C,A,0,,,,,Y,Y,A,07,0,0,1,0,0,0,0,0,0,"- ","- ",,,MONTEREY,MARINA,-121.79221481,36.662139609999997
6804882,2015,2015-03-03,2706,2015-01-31,1603,148,2706,6,5,4,2706,0,0,0,,0,001,"LIGHTHOUSE AV","TYLER ST",528.00,N,N,A,-,N,,,,,,,,,,Y,4,0,2,2,A,-,03,22350,,N,C,C,A,A,H,-,A,D,0,,,Y,,Y,,C,02,0,0,2,0,0,0,0,0,1,"- ","- ",,,MONTEREY,MONTEREY,-121.89346999999999,36.602490000000003
6822077,2015,2015-02-26,2707,2015-01-23,1300,2011,2707,5,5,3,2707,0,0,0,,0,002,CENTRAL,"17TH ST",7.00,E,N,A,-,N,,,,,,,,,,N,3,0,1,2,A,-,12,22450,A,N,D,G,A,A,H,-,A,A,0,,Y,,,Y,,L,04,0,1,0,0,0,0,1,0,0,"- ","- ",,,MONTEREY,"PACIFIC GROVE",-121.91841755999999,36.62235347
6822295,2014,2015-02-26,2707,2014-12-21,2144,1572,2707,7,5,3,2707,0,0,0,,0,001,"BLACKFOREST AV","SINEX AV",0.00,,Y,A,-,N,,,,,,,,,,N,4,0,2,3,A,-,"- ",,,N,B,B,B,A,H,-,C,A,0,Y,,,,Y,,A,07,0,0,2,0,2,0,0,0,0,"- ","- ",,,MONTEREY,"PACIFIC GROVE",,
6823325,2015,2015-03-06,2704,2015-02-14,1250,0633,,6,5,3,2704,0,0,0,,0,003,"HEIDI DR","TYLER AV",214.00,N,N,A,-,N,,,,,,,,,,N,4,0,2,2,A,-,07,21658,A,N,D,C,A,A,H,-,A,D,0,,,,,Y,,A,01,0,0,2,0,0,0,0,0,0,"- ","- ",,,MONTEREY,GREENFIELD,-121.24193105000001,36.314502760000003
6824417,2014,2015-03-12,2705,2014-11-04,1355,K22951,2705,2,5,3,2705,0,0,0,,0,002,"BROADWAY ST","S RUSS AV",0.00,,Y,A,-,N,,,,,,,,,,N,4,0,1,2,A,-,11,21950,B,N,D,B,B,A,H,-,A,D,0,Y,,,,Y,,N,60,0,0,1,0,1,0,0,0,0,"- ","- ",,,MONTEREY,"KING CITY",-121.12905987000001,36.211500059999999
6824601,2015,2015-03-10,9735,2015-02-15,2320,019894,,7,3,9,2700,0,3,5,,2,001,"JOLON RD","MISSION RD",528.00,S,N,A,-,N,,,,,,,,,,Y,4,0,1,1,A,-,08,22107,,N,E,I,A,A,H,-,D,D,0,,,,,Y,,A,01,0,0,1,0,0,0,0,0,0,"- ","- ",35.96593,-121.17243000000001,MONTEREY,UNINCORPORATED,-121.17551973,35.96775641