CASE_ID,ACCIDENT_YEAR,PROC_DATE,JURIS,COLLISION_DATE,COLLISION_TIME,OFFICER_ID,REPORTING_DISTRICT,DAY_OF_WEEK,CHP_SHIFT,POPULATION,CNTY_CITY_LOC,SPECIAL_COND,BEAT_TYPE,CHP_BEAT_TYPE,CITY_DIVISION_LAPD,CHP_BEAT_CLASS,BEAT_NUMBER,PRIMARY_RD,SECONDARY_RD,DISTANCE,DIRECTION,INTERSECTION,WEATHER_1,WEATHER_2,STATE_HWY_IND,CALTRANS_COUNTY,CALTRANS_DISTRICT,STATE_ROUTE,ROUTE_SUFFIX,POSTMILE_PREFIX,POSTMILE,LOCATION_TYPE,RAMP_INTERSECTION,SIDE_OF_HWY,TOW_AWAY,COLLISION_SEVERITY,NUMBER_KILLED,NUMBER_INJURED,PARTY_COUNT,PRIMARY_COLL_FACTOR,PCF_CODE_OF_VIOL,PCF_VIOL_CATEGORY,PCF_VIOLATION,PCF_VIOL_SUBSECTION,HIT_AND_RUN,TYPE_OF_COLLISION,MVIW,PED_ACTION,ROAD_SURFACE,ROAD_COND_1,ROAD_COND_2,LIGHTING,CONTROL_DEVICE,CHP_ROAD_TYPE,PEDESTRIAN_ACCIDENT,BICYCLE_ACCIDENT,MOTORCYCLE_ACCIDENT,TRUCK_ACCIDENT,NOT_PRIVATE_PROPERTY,ALCOHOL_INVOLVED,STWD_VEHTYPE_AT_FAULT,CHP_VEHTYPE_AT_FAULT,COUNT_SEVERE_INJ,COUNT_VISIBLE_INJ,COUNT_COMPLAINT_PAIN,COUNT_PED_KILLED,COUNT_PED_INJURED,COUNT_BICYCLIST_KILLED,COUNT_BICYCLIST_INJURED,COUNT_MC_KILLED,COUNT_MC_INJURED,PRIMARY_RAMP,SECONDARY_RAMP,LATITUDE,LONGITUDE,COUNTY,CITY,POINT_X,POINT_Y
6824602,2015,2015-03-10,9735,2015-02-08,1350,019330,,7,1,9,2700,0,3,5,,2,001,"PINE CANYON RD","PINE MEADOW DR",5808.00,W,N,C,-,N,,,,,,,,,,Y,3,0,1,1,A,-,08,22107,,N,E,I,A,B,H,-,A,D,0,,,,,Y,,A,01,0,1,0,0,0,0,0,0,0,"- ","- ",36.162790000000001,-121.16269,MONTEREY,UNINCORPORATED,-121.16285121,36.162257859999997
6825666,2015,2016-10-19,9730,2015-01-28,0615,13024,,3,1,9,2700,0,1,2,,1,030,"RT 101","ESPERANZA RD",600.00,N,N,A,-,Y,MON,5,101,-,-,78.950,H,-,S,Y,4,0,1,1,A,-,08,22107,,N,F,A,A,A,H,-,B,D,5,,,,,Y,,A,01,0,0,1,0,0,0,0,0,0,"- ","- ",,,MONTEREY,UNINCORPORATED,-121.54106665,36.591102730000003
6825973,2015,2016-10-12,9730,2015-02-12,0309,18312,,4,3,4,2706,0,1,3,,2,062,"RT 1","RT 68",1056.00,S,N,A,-,Y,MON,5,1,-,-,77.920,H,-,S,Y,3,0,1,1,A,-,01,23152,A,N,E,I,A,A,H,-,D,D,1,,,,,Y,Y,A,01,0,1,0,0,0,0,0,0,0,"- ","- ",36.593989999999998,-121.87347,MONTEREY,MONTEREY,-121.87567589,36.593681910000001
6827418,2014,2015-03-11,2707,2014-12-21,0918,2091,2707,7,5,3,2707,0,0,0,,0,002,"CENTRAL AV","9TH ST",8.00,E,N,A,-,N,,,,,,,,,,Y,4,0,1,2,A,-,03,22350,,N,H,C,A,A,H,-,A,D,0,,,,,Y,,A,07,0,0,1,0,0,0,0,0,0,"- ","- ",,,MONTEREY,"PACIFIC GROVE",-121.91139450999999,36.620612199999997
6827453,2014,2015-03-24,2705,2014-11-04,1512,K22951,2705,2,5,3,2705,0,0,0,,0,003,"NORTH MILDRED AV","BROADWAY ST",0.00,,Y,A,-,N,,,,,,,,,,N,4,0,2,2,A,-,03,22350,,N,C,C,A,A,H,-,A,D,0,,,,,Y,,A,01,0,0,2,0,0,0,0,0,0,"- ","- ",,,MONTEREY,"KING CITY",-121.13197988,36.209650070000002
6781305,2015,2016-09-16,9730,2015-01-02,1800,020417,,5,2,9,2700,0,1,3,,1,014,"RT 1","PFEIFFER BIG SUR RD",0.00,,Y,A,-,Y,MON,5,1,-,-,46.810,I,5,N,N,3,0,1,2,A,-,09,21802,A,N,D,C,A,A,H,-,D,D,0,,,Y,,Y,,A,01,0,1,0,0,0,0,0,0,1,"- ","- ",36.25282,-121.78729,MONTEREY,UNINCORPORATED,-121.78736359,36.252808219999999
6781306,2014,2016-07-11,9730,2014-01-07,2021,015297,,2,2,9,2700,0,1,3,,1,072,"RT 156","RT 183",1056.00,W,N,A,-,Y,,,156,,,,,,,Y,4,0,1,1,A,-,01,23152,A,M,E,I,A,A,H,-,D,D,0,,,,,Y,Y,A,01,0,0,1,0,0,0,0,0,0,"- ","- ",36.759210000000003,-121.75555,MONTEREY,UNINCORPORATED,-121.75557849,36.7592663
6781307,2015,2016-09-16,9730,2015-01-01,0330,020903,,4,3,9,2700,0,1,3,,1,074,"RT 1","STRUVE RD",1056.00,S,N,A,-,Y,MON,5,1,-,-,97.400,H,-,S,Y,4,0,1,1,A,-,01,23152,A,N,E,I,A,A,H,-,D,D,0,,,,,Y,Y,A,07,0,0,1,0,0,0,0,0,0,"- ","- ",36.819879999999998,-121.78509,MONTEREY,UNINCORPORATED,-121.78328585,36.82199249
6781308,2015,2016-04-18,9730,2015-01-02,2314,019529,,5,3,9,2700,0,3,5,,2,007,"JETTY RD","RT 1",1320.00,W,N,A,-,N,,,,,,,,,,Y,3,0,1,1,A,-,01,23152,A,N,E,I,A,A,H,-,A,D,0,,,,,Y,Y,-,,0,1,0,0,0,0,0,0,0,"- ","- ",,,MONTEREY,UNINCORPORATED,-121.78997567,36.816001120000003
6781444,2014,2016-06-18,9730,2014-12-27,1040,020514,,6,1,9,2700,0,3,5,,2,007,"NASHUA RD","RT 1",0.00,,Y,A,-,Y,MON,5,1,-,R,90.336,R,4,N,Y,4,0,2,2,A,-,03,22350,,N,C,C,A,A,H,-,A,D,1,,,,,Y,,A,01,0,0,2,0,0,0,0,0,0,"- ",FR,36.743879999999997,-121.77021000000001,MONTEREY,UNINCORPORATED,-121.77168536000001,36.74501643
6781445,2014,2016-06-18,9730,2014-12-28,1345,020419,,7,1,9,2700,0,1,3,,1,074,"RT 1","SPRINGFIELD RD",99.00,S,N,A,-,Y,MON,5,1,-,-,98.830,H,-,S,Y,3,0,1,2,A,-,03,22350,,N,C,C,A,A,H,-,A,D,0,,,Y,,Y,,C,02,0,1,0,0,0,0,0,0,1,"- ","- ",36.838120000000004,-121.77103,MONTEREY,UNINCORPORATED,-121.77100040000001,36.837956120000001
6781555,2015,2015-02-24,2706,2015-01-15,1224,939,2706,4,5,4,2706,0,0,0,,0,002,"MONTE VISTA DR","MAR VISTA DR",0.00,,Y,A,-,N,,,,,,,,,,N,4,0,1,2,A,-,09,21802,A,N,F,C,A,-,H,-,A,A,0,,,,,Y,,D,22,0,0,1,0,0,0,0,0,0,"- ","- ",,,MONTEREY,MONTEREY,-121.90760988,36.583660029999997
6782372,2015,2015-02-19,2701,2015-01-10,1203,5460,2701,6,5,2,2701,0,0,0,,0,00N,"SAN ANTONIO AV","4TH AV",103.00,S,N,A,-,N,,,,,,,,,,N,3,0,1,2,A,-,08,22107,,N,B,G,A,A,H,-,A,A,0,,Y,,,Y,,L,04,0,1,0,0,0,0,1,0,0,"- ","- ",,,MONTEREY,CARMEL,-121.92783218,36.556551169999999
6785425,2015,2015-03-16,2701,2015-01-03,1316,5463,2701,6,5,2,2701,0,0,0,,0,ALL,"SANTA LUCIA AV","DOLORES ST",24.00,E,N,A,-,N,,,,,,,,,,Y,4,0,2,2,A,-,03,22350,,N,C,C,A,A,H,-,A,A,0,,,,,Y,,A,01,0,0,2,0,0,0,0,0,0,"- ","- ",,,MONTEREY,CARMEL,-121.92254844,36.544174079999998
6787240,2015,2016-04-12,9735,2015-01-04,0920,017681,,7,1,9,2700,0,3,5,,2,002,"LOCKWOOD SAN LUCAS RD","RT 101",24816.00,W,N,A,-,N,,,,,,,,,,Y,3,0,1,1,A,-,03,22350,,N,F,A,A,C,H,-,A,D,0,,,,,Y,,A,07,0,1,0,0,0,0,0,0,0,"- ","- ",36.045789999999997,-121.0634,MONTEREY,UNINCORPORATED,-121.02348000000001,36.121969999999997
6789970,2015,2015-02-19,9730,2015-01-05,1350,20419,,1,1,9,2700,0,3,5,,2,007,"PARADISE RD","AVERY LN",1500.00,W,N,A,-,N,,,,,,,,,,Y,4,0,2,2,A,-,09,21804,A,N,D,C,A,A,H,-,A,D,0,,,,,Y,,D,22,0,0,2,0,0,0,0,0,0,"- ","- ",36.819229999999997,-121.68365,MONTEREY,UNINCORPORATED,-121.70395427,36.81150976
6827530,2014,2015-03-24,2705,2014-12-22,1241,22892,03,1,5,3,2705,0,0,0,,0,002,"BROADWAY ST","FRANCISCAN WY",0.00,,Y,A,-,N,,,,,,,,,,Y,4,0,1,2,A,-,04,21703,,N,C,C,A,A,H,-,A,D,0,,,,,Y,,A,01,0,0,1,0,0,0,0,0,0,"- ","- ",,,MONTEREY,"KING CITY",-121.13592994,36.206620049999998
6828484,2015,2015-03-19,9730,2015-02-13,2306,019981,,5,3,9,2700,0,3,5,,2,006,"INTER-GARRISON RD","RESERVATION RD",200.00,S,N,A,-,N,,,,,,,,,,Y,4,0,1,1,A,-,01,23152,E,N,E,I,A,A,H,-,C,D,0,,,,,Y,,D,22,0,0,1,0,0,0,0,0,0,"- ","- ",,,MONTEREY,UNINCORPORATED,-121.74211338000001,36.659202110000003
6828523,2015,2016-09-13,9730,2015-02-09,1605,20916,,1,2,9,2700,0,1,3,,1,072,"RT 156","CASTROVILLE BL",0.00,,Y,A,-,Y,MON,5,156,-,-,1.820,I,5,W,Y,4,0,1,2,A,-,12,21453,A,N,D,C,A,A,H,-,A,A,0,,,,,Y,,A,01,0,0,1,0,0,0,0,0,0,"- ","- ",36.768599999999999,-121.7433,MONTEREY,UNINCORPORATED,-121.72455303,36.773848319999999
6828547,2015,2015-03-16,9730,2015-02-11,1130,14584,,3,1,9,2700,0,3,5,,2,006,"VERONICA DR","FERDINAND DR",528.00,E,N,A,-,N,,,,,,,,,,Y,3,0,1,2,A,-,21,22106,,N,C,C,A,A,H,-,A,D,0,,,,,Y,,D,22,0,1,0,0,0,0,0,0,0,"- ","- ",,,MONTEREY,UNINCORPORATED,-121.70041999999999,36.598959999999998
6828593,2015,2016-10-19,9730,2015-01-25,1614,019770,,7,2,6,2708,0,1,2,,1,050,"RT 101","SANBORN RD",120.00,S,N,A,-,Y,MON,5,101,-,-,86.100,H,-,N,Y,4,0,1,2,A,-,07,21658,A,N,B,C,A,A,H,-,A,A,1,,,,,Y,,A,01,0,0,1,0,0,0,0,0,0,"- ","- ",36.666589999999999,-121.62788999999999,MONTEREY,SALINAS,-121.62766395,36.666516889999997
6828597,2015,2015-03-20,9730,2015-02-05,1336,015638,,4,1,9,2700,0,3,5,,2,007,"CASTROVILLE BL","CIELO AZUL",120.00,S,N,B,-,N,,,,,,,,,,Y,4,0,1,2,A,-,05,21460,A,N,A,C,A,A,H,-,A,D,0,,,,,Y,,D,23,0,0,1,0,0,0,0,0,0,"- ","- ",,,MONTEREY,UNINCORPORATED,-121.74172280000001,36.772523309999997
6828601,2015,2016-09-16,9730,2015-01-30,1145,017502,,5,1,4,2706,0,1,3,,2,062,"RT 1","RT 68",1584.00,S,N,A,-,Y,MON,5,1,-,R,77.820,H,-,S,Y,3,0,2,2,A,-,07,21658,A,N,B,C,A,A,H,-,A,D,1,,,,,Y,,A,01,0,1,1,0,0,0,0,0,0,"- ","- ",36.593670000000003,-121.87597,MONTEREY,MONTEREY,-121.87367453,36.594012589999998
6828605,2015,2015-03-18,9730,2015-02-09,0925,20916,,1,1,9,2700,0,3,5,,2,006,"BLACKIE RD","COMMERCIAL PKWY",0.00,,Y,A,-,N,,,,,,,,,,Y,4,0,1,2,A,-,12,22450,A,N,D,C,A,A,H,-,A,A,0,,,,,Y,,D,22,0,0,1,0,0,0,0,0,0,"- ","- ",,,MONTEREY,UNINCORPORATED,-121.74186996,36.759260019999999
6828912,2015,2015-04-22,2706,2015-02-15,0853,590,2706,7,5,4,2706,0,0,0,,0,003,"AGUAJITO RD","MARK THOMAS DR",0.00,,Y,A,-,N,,,,,,,,,,Y,3,0,8,2,A,-,12,21453,A,N,D,C,A,A,H,-,A,A,0,,,,,Y,,I,10,0,3,5,0,0,0,0,0,0,"- ","- ",,,MONTEREY,MONTEREY,-121.88011985999999,36.591100070000003
6830352,2014,2015-03-09,2710,2014-10-13,1637,32770,,1,5,4,2710,0,0,0,,0,,"HILBY AV","NOCHE BUENA ST",0.00,,Y,A,-,N,,,,,,,,,,N,3,0,2,3,A,-,10,21950,A,N,G,B,B,A,H,-,A,A,0,Y,,,,Y,,-,,0,1,1,0,2,0,0,0,0,"- ","- ",,,MONTEREY,SEASIDE,-121.83788994,36.6024101
6830356,2014,2015-03-09,2710,2014-10-21,0020,37346,2710,2,5,4,2710,0,0,0,,0,01A,"FREMONT BL","BROADWAY AV",23.00,S,N,B,-,N,,,,,,,,,,Y,4,0,1,2,A,-,01,23152,A,N,C,C,A,A,H,-,C,A,0,,,,,Y,Y,-,,0,0,1,0,0,0,0,0,0,"- ","- ",,,MONTEREY,SEASIDE,-121.84568046,36.609101770000002
6809528,2015,2016-10-19,9730,2015-01-29,1155,14800,,4,1,9,2700,0,1,2,,1,070,"RT 101","RALPH LN",1056.00,N,N,A,-,Y,MON,5,101,-,-,93.300,H,-,N,Y,4,0,1,2,A,-,03,22350,,N,C,C,A,A,H,-,A,D,5,,,,,Y,,A,01,0,0,1,0,0,0,0,0,0,"- ","- ",36.759549999999997,-121.666,MONTEREY,UNINCORPORATED,-121.66593089,36.759072709999998
6809529,2015,2016-09-16,9730,2015-01-29,2249,20576,,4,3,4,2706,0,1,3,,2,062,"RT 1","AGUAJITO RD",2640.00,S,N,A,-,Y,MON,5,1,-,R,76.880,H,-,N,Y,4,0,1,1,A,-,08,22107,,N,F,A,A,A,H,-,D,D,1,,,,,Y,,A,01,0,0,1,0,0,0,0,0,0,"- ","- ",36.584049999999998,-121.88643999999999,MONTEREY,MONTEREY,-121.88460936,36.584936710000001
6809543,2015,2015-02-27,9730,2015-01-30,1810,20514,,5,2,9,2700,0,2,4,,1,073,"SAN MIGUEL CANYON RD","PRUNEDALE NORTH RD",100.00,W,N,A,-,N,,,,,,,,,,N,4,0,1,3,A,-,03,22350,,N,C,C,A,A,H,-,C,D,0,,,,,Y,,A,07,0,0,1,0,0,0,0,0,0,"- ","- ",36.801519999999996,-121.66528,MONTEREY,UNINCORPORATED,-121.66603114999999,36.801772909999997
6809544,2015,2015-02-27,9730,2015-01-31,1730,20916,,6,2,9,2700,0,3,5,,2,007,"MAHER RD","LITTLE HILL LN",528.00,S,N,A,-,N,,,,,,,,,,Y,3,0,1,1,A,-,01,23152,A,N,F,A,A,A,H,-,D,D,0,,,Y,,Y,Y,C,02,0,1,0,0,0,0,0,0,1,"- ","- ",36.851660000000003,-121.68046,MONTEREY,UNINCORPORATED,-121.6805134,36.85236484
6811431,2015,2016-09-13,9730,2015-01-18,1905,19700,,7,2,9,2700,0,1,3,,1,072,"RT 156","RT 183",30.00,W,N,A,-,Y,MON,5,156,-,R,0.996,R,1,E,Y,4,0,1,3,A,-,03,22350,,F,C,C,A,A,H,-,C,A,1,,,,,Y,,A,01,0,0,1,0,0,0,0,0,0,TO,"- ",36.760919999999999,-121.75216,MONTEREY,UNINCORPORATED,-121.75606773,36.759006220000003
6811845,2015,2015-02-27,9730,2015-01-19,2020,020419,,1,2,9,2700,0,3,5,,2,003,"FOLETTA RD","BROOME RD",2000.00,N,N,A,-,N,,,,,,,,,,Y,4,0,1,1,A,-,08,22107,,N,E,I,A,A,H,-,D,D,0,,,,,Y,,A,07,0,0,1,0,0,0,0,0,0,"- ","- ",,,MONTEREY,UNINCORPORATED,-121.50763566000001,36.557938849999999
6811849,2015,2016-09-16,9730,2015-01-18,1325,018886,,7,1,9,2700,0,1,3,,1,022,"RT 1","RT 68",25.00,N,N,A,-,Y,MON,5,1,-,R,75.320,R,1,S,Y,4,0,1,2,A,-,03,22350,,N,C,C,A,A,H,-,A,D,1,,,,,Y,,A,01,0,0,1,0,0,0,0,0,0,TO,"- ",,,MONTEREY,UNINCORPORATED,-121.91000594,36.576764539999999
6811853,2015,2015-02-27,9730,2015-01-24,1515,019837,,6,2,9,2700,0,3,5,,2,002,"LAURELES GRADE RD","RINCONADA RD",1056.00,S,N,A,-,N,,,,,,,,,,Y,2,0,1,1,A,-,03,22350,,N,F,A,A,A,H,-,A,D,0,,,Y,,Y,,C,02,1,0,0,0,0,0,0,0,1,"- ","- ",36.533830000000002,-121.75024999999999,MONTEREY,UNINCORPORATED,-121.75043347,36.535985199999999
6811857,2015,2016-09-16,9730,2015-01-17,1430,019837,,6,2,4,2710,0,1,3,,2,062,"RT 1","FREMONT BL",528.00,N,N,A,-,Y,MON,5,1,-,R,80.370,H,-,S,N,4,0,1,2,A,-,07,21658,A,N,B,C,A,A,H,-,A,D,1,,,,,Y,,A,01,0,0,1,0,0,0,0,0,0,"- ","- ",,,MONTEREY,SEASIDE,-121.84627294000001,36.621565879999999
6811861,2015,2016-09-16,9730,2015-01-18,1521,017184,,7,2,9,2700,0,1,3,,1,014,"RT 1","SYCAMORE CANYON RD",30.00,S,N,A,-,Y,MON,5,1,-,-,45.630,H,-,N,Y,4,0,1,1,A,-,03,22350,,N,F,A,A,A,H,-,A,D,0,,,Y,,Y,Y,C,02,0,0,1,0,0,0,0,0,1,"- ","- ",36.24071,-121.77775,MONTEREY,UNINCORPORATED,-121.77689590999999,36.240132449999997
6811865,2015,2016-10-19,9730,2015-01-17,1850,020417,,6,2,9,2700,0,3,5,,2,006,"BLACKIE RD","RT 101",45.00,W,N,A,-,Y,MON,5,101,-,-,94.280,I,6,S,N,4,0,1,1,A,-,08,22107,,N,E,I,A,A,H,-,C,D,5,,,,,Y,,A,01,0,0,1,0,0,0,0,0,0,"- ","- ",36.772889999999997,-121.6696,MONTEREY,UNINCORPORATED,-121.66933227,36.772845619999998
6830360,2014,2015-03-09,2710,2014-10-24,0933,40383,MARIN,5,5,4,2710,0,0,0,,0,011,"BAKER ST","PHOENIX AV",0.00,,Y,A,-,N,,,,,,,,,,N,4,0,1,2,A,-,"- ",,,N,H,B,A,A,H,-,A,D,0,,Y,,,Y,Y,L,04,0,0,1,0,0,0,1,0,0,"- ","- ",,,MONTEREY,SEASIDE,-121.83981989999999,36.613080009999997
6830453,2015,2015-03-05,2708,2015-01-04,1805,05048,,7,5,6,2708,0,0,0,,0,002,"EAST BORONDA RD","NATIVIDAD RD",800.00,W,N,A,-,N,,,,,,,,,,Y,4,0,3,3,A,-,03,22350,,N,C,C,A,A,H,-,C,D,0,,,,,Y,,-,,0,0,3,0,0,0,0,0,0,"- ","- ",,,MONTEREY,SALINAS,-121.62622199,36.715849079999998
6830461,2015,2015-03-16,2708,2015-01-22,1304,18355,2708,4,5,6,2708,0,0,0,,0,007,"CENTRAL AV","WEST ST",0.00,,Y,A,-,N,,,,,,,,,,N,4,0,1,2,A,-,05,21650,1,N,D,G,A,A,H,-,A,D,0,,Y,,,Y,,L,04,0,0,1,0,0,0,1,0,0,"- ","- ",,,MONTEREY,SALINAS,-121.66289986,36.675890090000003
6830465,2015,2016-02-17,2708,2015-01-23,0626,07903,EAST,5,5,6,2708,0,0,0,,0,011,"WILLIAMS RD","WIREN ST",84.00,S,N,A,-,N,,,,,,,,,,N,2,0,1,2,A,-,11,21954,A,F,A,B,D,A,H,-,C,D,0,Y,,,,Y,,N,60,1,0,0,0,1,0,0,0,0,"- ","- ",,,MONTEREY,SALINAS,-121.60536337000001,36.680606130000001
6830469,2015,2015-03-05,2708,2015-01-25,1302,76992,,7,5,6,2708,0,0,0,,0,,"EAST LAUREL DR","ST EDWARDS DR",0.00,,Y,A,-,N,,,,,,,,,,Y,4,0,2,2,A,-,03,22350,,N,D,C,A,A,H,-,A,A,0,,,,,Y,,-,,0,0,2,0,0,0,0,0,0,"- ","- ",,,MONTEREY,SALINAS,-121.62309998000001,36.686330009999999
6830473,2015,2016-02-17,2708,2015-01-13,0959,18355,2708,2,5,6,2708,0,0,0,,0,008,"E ALISAL",MONTEREY,0.00,,Y,A,-,N,,,,,,,,,,N,4,0,1,2,A,-,05,21650,1,N,D,G,A,A,H,-,A,A,0,,Y,,,Y,Y,L,04,0,0,1,0,0,0,1,0,0,"- ","- ",,,MONTEREY,SALINAS,-121.65368991,36.67396007
6830477,2015,2015-03-05,2708,2015-01-13,1927,46743,,2,5,6,2708,0,0,0,,0,001,"NORTH MAIN ST","EAST ALVIN DR",1056.00,N,N,A,-,N,,,,,,,,,,N,3,0,1,2,A,-,11,21954,A,N,G,B,D,A,H,-,D,D,0,Y,,,,Y,,N,60,0,1,0,0,1,0,0,0,0,"- ","- ",,,MONTEREY,SALINAS,-121.6540299,36.710765690000002
6831383,2014,2015-03-16,2710,2014-11-02,0844,38383,,7,5,4,2710,0,0,0,,0,02B,"MONTEREY RD","FREMONT BL",0.00,,Y,A,-,N,,,,,,,,,,N,3,0,1,2,A,-,10,21950,A,N,G,B,B,A,H,-,A,A,0,Y,,,,Y,,D,22,0,1,0,0,1,0,0,0,0,"- ","- ",,,MONTEREY,SEASIDE,-121.8412299,36.62375007
6832918,2015,2015-03-19,2706,2015-02-20,1534,627,2706,5,5,4,2706,0,0,0,,0,003,"DEL MONTE AV","CAMINO AGUAJITO RD",148.00,E,N,A,-,N,,,,,,,,,,Y,3,0,1,3,A,-,03,22350,,N,C,C,A,A,H,-,A,D,0,,,,,Y,,D,22,0,1,0,0,0,0,0,0,0,"- ","- ",,,MONTEREY,MONTEREY,-121.88307571999999,36.599937560000001
6832920,2015,2016-10-03,2706,2015-02-26,1259,627,2706,4,5,4,2706,0,0,0,,0,003,"RT 68","JOSSELYN CANYON RD",424.00,W,N,A,-,Y,MON,5,68,-,-,5.140,H,-,E,N,3,0,1,3,A,-,03,22350,,N,C,C,A,A,G,-,A,A,0,,,,,Y,,D,22,0,1,0,0,0,0,0,0,0,"- ","- ",,,MONTEREY,MONTEREY,-121.85685732,36.583668930000002
6833526,2015,2015-03-11,2706,2015-02-17,1614,250,2706,2,5,4,2706,0,0,0,,0,001,"LIGHTHOUSE AV","DAVID AV",20.00,N,N,A,-,N,,,,,,,,,,N,3,0,1,2,A,-,05,21650,1,N,D,G,A,A,H,-,A,A,0,,Y,,,Y,,L,04,0,1,0,0,0,0,1,0,0,"- ","- ",,,MONTEREY,MONTEREY,-121.90451077,36.616834040000001
6833527,2015,2015-03-11,2706,2015-02-14,1305,590,2706,6,5,4,2706,0,0,0,,0,003,"MONTECITO AV","CASANOVA AV",0.00,,Y,A,-,N,,,,,,,,,,N,4,0,1,2,A,-,09,21802,A,N,D,C,A,A,H,-,A,A,0,,,,,Y,,A,01,0,0,1,0,0,0,0,0,0,"- ","- ",,,MONTEREY,MONTEREY,-121.85854996,36.60192009
6811869,2015,2015-02-27,9730,2015-01-17,0315,020598,,6,3,9,2700,0,3,5,,2,007,"JENSEN RD","HILLTOP RD",0.00,,Y,A,-,N,,,,,,,,,,Y,4,0,1,1,A,-,01,23152,A,N,F,A,A,A,H,-,D,D,0,,,Y,,Y,Y,C,02,0,0,1,0,0,0,0,0,1,"- ","- ",36.86007,-121.77143,MONTEREY,UNINCORPORATED,,
6813514,2014,2015-04-02,2708,2014-12-14,1158,19943,,7,5,6,2708,0,0,0,,0,003,"NATIVIDAD RD","ARCADIA WY",0.00,,Y,B,-,N,,,,,,,,,,Y,4,0,1,2,A,-,12,21453,A,F,D,C,A,A,H,-,A,A,0,,,,,Y,Y,A,01,0,0,1,0,0,0,0,0,0,"- ","- ",,,MONTEREY,SALINAS,-121.62431991,36.713540029999997
6813518,2014,2016-02-16,2708,2014-12-23,0739,52823,,2,5,6,2708,0,0,0,,0,,"MOFFETT ST","AIRPORT BL",600.00,S,N,A,-,N,,,,,,,,,,N,4,0,1,2,A,-,03,22350,,N,D,C,A,A,H,-,A,D,0,,,,,Y,,-,,0,0,1,0,0,0,0,0,0,"- ","- ",,,MONTEREY,SALINAS,-121.61942725999999,36.662046140000001
6813967,2014,2015-03-05,2708,2014-11-05,1532,52823,,3,5,6,2708,0,0,0,,0,,"SOUTH MAIN ST","ACACIA ST",70.00,N,N,A,-,Y,,,,,,,,,,N,4,0,1,3,A,-,03,22350,,N,C,C,A,-,H,-,A,A,0,,,,,Y,,-,,0,0,1,0,0,0,0,0,0,"- ","- ",,,MONTEREY,SALINAS,-121.65709542,36.664425139999999
6813975,2014,2015-03-05,2708,2014-11-20,1230,52823,,4,5,6,2708,0,0,0,,0,,"IRIS DR","HEATHER CIR",0.00,,Y,B,-,N,,,,,,,,,,N,4,0,1,2,A,-,12,22450,,F,G,B,B,A,H,-,A,A,0,Y,,,,Y,,-,,0,0,1,0,1,0,0,0,0,"- ","- ",,,MONTEREY,SALINAS,-121.65634992,36.693330109999998
6813979,2014,2015-03-05,2708,2014-11-19,0835,52823,,3,5,6,2708,0,0,0,,0,,"EAST LAUREL DR","GRANADA AV",30.00,E,N,B,-,N,,,,,,,,,,N,4,0,1,2,A,-,09,21804,A,N,D,C,A,A,H,-,A,D,0,,,,,Y,,-,,0,0,1,0,0,0,0,0,0,"- ","- ",,,MONTEREY,SALINAS,-121.64025147,36.696767710000003
6813983,2014,2015-03-05,2708,2014-11-20,0805,52823,,4,5,6,2708,0,0,0,,0,,"EAST MARKET ST","EUCALYPTUS ST",0.00,,Y,B,-,N,,,,,,,,,,N,4,0,1,2,A,-,12,22450,,F,G,B,B,A,H,-,A,A,0,Y,,,,Y,,-,,0,0,1,0,1,0,0,0,0,"- ","- ",,,MONTEREY,SALINAS,-121.62343998,36.677149999999997
6813992,2014,2015-03-06,2708,2014-12-19,1123,19943,,5,5,6,2708,0,0,0,,0,003,"EAST BORONDA RD","MCKINNON ST",528.00,E,N,B,-,N,,,,,,,,,,Y,3,0,3,2,A,-,04,21703,,N,C,C,A,A,H,-,A,D,0,,,,,Y,,-,,0,2,1,0,0,0,0,0,0,"- ","- ",,,MONTEREY,SALINAS,-121.64189218999999,36.716790260000003
6813994,2014,2015-03-27,2708,2014-11-28,1525,03581,,5,5,6,2708,0,0,0,,0,001,"RUSSELL RD","VAN BUREN AV",0.00,,Y,A,-,N,,,,,,,,,,N,4,0,1,2,A,-,08,22107,,N,C,C,A,A,H,-,A,A,0,,,,,Y,,-,,0,0,1,0,0,0,0,0,0,"- ","- ",,,MONTEREY,SALINAS,-121.64804986,36.732130040000001
6813995,2014,2015-03-05,2710,2014-11-06,1729,32771,,4,5,4,2710,0,0,0,,0,,"BROADWAY AV","MESCAL ST",0.00,,Y,A,-,N,,,,,,,,,,Y,4,0,2,2,A,-,09,21802,A,N,D,C,A,A,H,-,C,A,0,,,,,Y,,A,01,0,0,2,0,0,0,0,0,0,"- ","- ",,,MONTEREY,SEASIDE,-121.82446992,36.608730020000003
6814000,2014,2015-03-06,2708,2014-12-09,1552,52823,,2,5,6,2708,0,0,0,,0,,"EAST LAUREL DR","NATIVIDAD RD",20.00,W,N,B,-,N,,,,,,,,,,N,3,0,2,2,A,-,04,21703,,N,C,C,A,A,H,-,A,A,0,,,,,Y,,-,,0,1,1,0,0,0,0,0,0,"- ","- ",,,MONTEREY,SALINAS,-121.63835566,36.696344920000001
6814641,2015,2016-09-13,2708,2015-03-08,1714,15702,,7,5,6,2708,0,0,0,,0,,"RT 183","E MENKE ST",320.00,N,N,A,-,Y,MON,5,183,-,-,0.400,H,-,N,Y,4,0,1,2,A,-,03,22350,,N,C,C,A,A,H,-,A,A,0,,,,,Y,,J,48,0,0,1,0,0,0,0,0,0,"- ","- ",,,MONTEREY,SALINAS,-121.65402073,36.681333440000003