CASE_ID,ACCIDENT_YEAR,PROC_DATE,JURIS,COLLISION_DATE,COLLISION_TIME,OFFICER_ID,REPORTING_DISTRICT,DAY_OF_WEEK,CHP_SHIFT,POPULATION,CNTY_CITY_LOC,SPECIAL_COND,BEAT_TYPE,CHP_BEAT_TYPE,CITY_DIVISION_LAPD,CHP_BEAT_CLASS,BEAT_NUMBER,PRIMARY_RD,SECONDARY_RD,DISTANCE,DIRECTION,INTERSECTION,WEATHER_1,WEATHER_2,STATE_HWY_IND,CALTRANS_COUNTY,CALTRANS_DISTRICT,STATE_ROUTE,ROUTE_SUFFIX,POSTMILE_PREFIX,POSTMILE,LOCATION_TYPE,RAMP_INTERSECTION,SIDE_OF_HWY,TOW_AWAY,COLLISION_SEVERITY,NUMBER_KILLED,NUMBER_INJURED,PARTY_COUNT,PRIMARY_COLL_FACTOR,PCF_CODE_OF_VIOL,PCF_VIOL_CATEGORY,PCF_VIOLATION,PCF_VIOL_SUBSECTION,HIT_AND_RUN,TYPE_OF_COLLISION,MVIW,PED_ACTION,ROAD_SURFACE,ROAD_COND_1,ROAD_COND_2,LIGHTING,CONTROL_DEVICE,CHP_ROAD_TYPE,PEDESTRIAN_ACCIDENT,BICYCLE_ACCIDENT,MOTORCYCLE_ACCIDENT,TRUCK_ACCIDENT,NOT_PRIVATE_PROPERTY,ALCOHOL_INVOLVED,STWD_VEHTYPE_AT_FAULT,CHP_VEHTYPE_AT_FAULT,COUNT_SEVERE_INJ,COUNT_VISIBLE_INJ,COUNT_COMPLAINT_PAIN,COUNT_PED_KILLED,COUNT_PED_INJURED,COUNT_BICYCLIST_KILLED,COUNT_BICYCLIST_INJURED,COUNT_MC_KILLED,COUNT_MC_INJURED,PRIMARY_RAMP,SECONDARY_RAMP,LATITUDE,LONGITUDE,COUNTY,CITY,POINT_X,POINT_Y
6789974,2015,2016-10-19,9730,2015-01-05,0229,20903,,1,3,9,2700,0,1,2,,1,070,"RT 101","SALA RD",99.00,N,N,A,-,Y,MON,5,101,-,-,92.220,H,-,S,Y,3,0,3,2,A,-,03,22350,,N,C,C,A,A,H,-,D,D,5,,,,,Y,,A,01,0,1,2,0,0,0,0,0,0,"- ","- ",,,MONTEREY,UNINCORPORATED,-121.66068663,36.744023220000003
6789990,2015,2016-09-16,9730,2015-01-07,0744,15638,,3,1,3,2712,0,1,3,,2,062,"RT 1","8TH ST",100.00,S,N,A,-,Y,MON,5,1,-,R,83.880,H,-,S,Y,4,0,2,2,A,-,03,22350,,N,C,C,A,A,H,-,A,D,1,,,,,Y,,A,01,0,0,2,0,0,0,0,0,0,"- ","- ",36.660440000000001,-121.81667,MONTEREY,MARINA,-121.81653935999999,36.661224249999997
6790134,2015,2015-02-19,2708,2015-01-03,1347,58964,SPD,6,5,6,2708,0,0,0,,0,004,"BORONDA RD","HEMINGWAY DR",0.00,,Y,A,-,N,,,,,,,,,,Y,3,0,3,2,A,-,09,21801,A,N,D,C,A,A,H,-,A,D,0,,,,,Y,,A,01,0,1,2,0,0,0,0,0,0,"- ","- ",,,MONTEREY,SALINAS,-121.60973995000001,36.712210079999998
6792226,2015,2015-02-18,2706,2015-01-09,1652,103,2706,5,5,4,2706,0,0,0,,0,001,"WAVE ST","HOFFMAN AV",6.00,,N,B,-,N,,,,,,,,,,N,3,0,1,2,A,-,10,21950,A,N,G,B,B,A,H,-,A,A,0,Y,,,,Y,,A,01,0,1,0,0,1,0,0,0,0,"- ","- ",,,MONTEREY,MONTEREY,-121.90007995000001,36.614430050000003
6792234,2015,2016-10-19,9735,2015-01-09,0140,020168,,5,3,9,2700,0,1,2,,1,040,"RT 101","LOS COCHES RD",439.00,S,N,-,-,Y,MON,5,101,-,-,60.940,H,-,S,Y,4,0,1,1,A,-,08,22107,,F,F,I,A,-,-,-,-,D,0,,,,,Y,,A,01,0,0,1,0,0,0,0,0,0,"- ","- ",36.364870000000003,-121.27918,MONTEREY,UNINCORPORATED,-121.31980378,36.410732590000002
6836482,2015,2015-03-16,2706,2015-02-23,1350,505,2706,1,5,4,2706,0,0,0,,0,001,"CANNERY ROW","FOAM ST",314.00,E,N,A,-,N,,,,,,,,,,N,3,0,1,1,B,-,22,,,N,F,I,A,A,H,-,A,D,0,,Y,,,Y,,L,04,0,1,0,0,0,0,1,0,0,"- ","- ",,,MONTEREY,MONTEREY,-121.89569699,36.609313149999998
6836483,2015,2015-03-12,2706,2015-02-23,1055,505,2706,1,5,4,2706,0,0,0,,0,001,"HOFFMAN AV","LAINE ST",19.00,W,N,A,-,N,,,,,,,,,,N,3,0,1,1,B,-,22,,,N,F,I,A,A,H,-,A,D,0,,Y,,,Y,,L,04,0,1,0,0,0,0,1,0,0,"- ","- ",,,MONTEREY,MONTEREY,-121.9034331,36.612590130000001
6837865,2015,2015-05-11,2703,2015-02-06,1507,4741,2703,5,5,2,2703,0,0,0,,0,ALL,"GONZALES RIVER RD","PUENTE DEL MONTE AV",1335.00,E,N,B,G,N,,,,,,,,,,Y,3,0,2,2,A,-,09,21804,A,N,A,C,A,A,H,-,A,D,0,,,,,Y,,A,01,0,1,1,0,0,0,0,0,0,"- ","- ",,,MONTEREY,GONZALES,-121.44294324000001,36.503033109999997
6838158,2014,2016-06-18,9730,2014-10-23,1750,,,4,2,9,2700,0,1,3,,1,074,"RT 1","STRUVE RD",10.00,S,N,A,-,Y,MON,5,1,-,-,97.590,H,-,S,Y,4,0,1,2,A,-,09,21802,A,F,B,C,A,A,H,-,B,D,0,,,Y,,Y,,D,22,0,0,1,0,0,0,0,0,1,"- ","- ",36.823369999999997,-121.78008,MONTEREY,UNINCORPORATED,-121.78025649999999,36.823273829999998
6838206,2014,2015-04-07,2710,2014-10-14,1130,,,2,5,4,2710,0,0,0,,0,,"HILBY AV","RT 218",90.00,N,N,A,-,Y,,,,,,,,,,Y,4,0,2,1,A,-,08,22107,,N,E,I,A,A,H,-,A,D,0,,,,,Y,,A,01,0,0,2,0,0,0,0,0,0,"- ","- ",36.602319999999999,-121.85341,MONTEREY,SEASIDE,,
6838649,2015,2015-08-17,2706,2015-02-06,2316,810,,5,5,4,2706,0,0,0,,0,001,"LIGHTHOUSE AV",PACIFIC,345.00,N,N,C,-,N,,,,,,,,,,Y,4,0,1,2,A,-,07,21658,A,F,B,C,A,B,H,-,C,D,0,,,,,Y,,A,01,0,0,1,0,0,0,0,0,0,"- ","- ",,,MONTEREY,MONTEREY,-121.92374460000001,36.623919129999997
6839842,2014,2015-03-16,2710,2014-11-12,1303,25166,,3,5,4,2710,0,0,0,,0,02A,"DEL MONTE BL","RT 218",0.00,,Y,A,-,Y,,,,,,,,,,N,4,0,1,2,A,-,21,22106,,N,C,C,A,A,H,-,A,A,0,,,,,Y,,A,07,0,0,1,0,0,0,0,0,0,"- ","- ",,,MONTEREY,SEASIDE,,
6834939,2015,2015-03-10,2708,2015-01-06,1805,54370,,2,5,6,2708,0,0,0,,0,012,"KENTUCKY AV","CIRCLE DR",0.00,,Y,A,-,N,,,,,,,,,,Y,4,0,2,2,A,-,09,21800,A,N,D,C,A,A,H,-,C,D,0,,,,,Y,,-,,0,0,2,0,0,0,0,0,0,"- ","- ",,,MONTEREY,SALINAS,-121.62252993,36.679590099999999
6834940,2015,2016-02-17,2708,2015-01-14,2101,18925,,3,5,6,2708,0,0,0,,0,010,"E ALISAL ST","S FILICE ST",75.00,W,N,A,-,N,,,,,,,,,,N,3,0,1,2,A,-,11,21954,A,N,D,B,D,A,H,-,C,D,0,Y,,,,Y,Y,N,60,0,1,0,0,1,0,0,0,0,"- ","- ",,,MONTEREY,SALINAS,-121.63063377,36.67321579
6834941,2015,2015-03-10,2708,2015-01-06,1620,54370,,2,5,6,2708,0,0,0,,0,012,"E ALISAL ST","WILLIAMS RD",100.00,E,N,A,-,N,,,,,,,,,,N,4,0,1,2,A,-,05,21650,1,N,D,G,A,A,H,-,A,D,0,,Y,,,Y,Y,L,04,0,0,1,0,0,0,1,0,0,"- ","- ",,,MONTEREY,SALINAS,-121.61956015,36.672182909999997
6834942,2015,2015-03-10,2708,2015-01-13,1435,52823,,2,5,6,2708,0,0,0,,0,,"NORTH MAIN ST","EAST ALVIN DR",0.00,,Y,A,-,N,,,,,,,,,,N,4,0,1,2,A,-,05,21650,1,F,A,G,A,A,H,-,A,A,0,,Y,,,Y,,L,04,0,0,1,0,0,0,1,0,0,"- ","- ",,,MONTEREY,SALINAS,-121.65346988,36.707900080000002
6834943,2015,2015-03-10,2708,2015-01-11,1818,31967,,7,5,6,2708,0,0,0,,0,011,"DEL MONTE AV","NORTH SANBORN RD",0.00,,Y,A,-,N,,,,,,,,,,,4,0,1,2,A,-,09,21801,A,N,A,C,A,A,H,-,C,A,0,,,,,Y,,-,,0,0,1,0,0,0,0,0,0,"- ","- ",,,MONTEREY,SALINAS,-121.61081992,36.688660079999998
6834944,2015,2016-02-17,2708,2015-01-14,0919,52823,,3,5,6,2708,0,0,0,,0,,"TYLER ST","TYLER PL",45.00,S,N,A,-,N,,,,,,,,,,Y,3,0,2,2,A,-,01,23152,A,N,C,E,A,A,H,-,A,D,0,,,,,Y,,-,,0,1,1,0,0,0,0,0,0,"- ","- ",,,MONTEREY,SALINAS,-121.6585458,36.69617161
6834945,2015,2015-03-10,2708,2015-01-03,1932,30350,,6,5,6,2708,0,0,0,,0,,"EAST MARKET ST","NORTH PEARL ST",0.00,,Y,A,-,N,,,,,,,,,,Y,4,0,1,2,A,-,09,21801,A,N,D,C,A,A,H,-,C,D,0,,,,,Y,,-,,0,0,1,0,0,0,0,0,0,"- ","- ",,,MONTEREY,SALINAS,-121.63315999,36.676700080000003
6834946,2015,2015-03-10,2708,2015-01-08,1134,27345,,4,5,6,2708,0,0,0,,0,,"NORTH MAIN ST","NAVAJO DR",0.00,,Y,B,-,N,,,,,,,,,,N,3,0,1,2,A,-,03,22350,,N,C,C,A,A,H,-,A,D,0,,,,,Y,,-,,0,1,0,0,0,0,0,0,0,"- ","- ",,,MONTEREY,SALINAS,-121.65324988,36.705700069999999
6834947,2015,2016-10-19,2708,2015-01-10,1912,31110,,6,5,6,2708,0,0,0,,0,,"WEST LAUREL DR","RT 101",6.00,E,N,A,-,Y,MON,5,101,-,-,89.440,R,4,N,Y,4,0,1,2,A,-,03,22350,,F,C,C,A,A,H,-,C,A,0,,,,,Y,,-,,0,0,1,0,0,0,0,0,0,"- ","- ",,,MONTEREY,SALINAS,-121.66615013000001,36.702060289999999
6835281,2015,2015-03-13,9730,2015-02-06,1555,018786,,5,2,9,2700,0,3,5,,2,003,"SAN BENANCIO RD","HARPER CANYON RD",90.00,S,N,C,-,N,,,,,,,,,,Y,4,0,1,2,A,-,03,22350,,N,D,C,A,B,H,-,A,D,0,,,,,Y,,A,01,0,0,1,0,0,0,0,0,0,"- ","- ",36.569450000000003,-121.70831,MONTEREY,UNINCORPORATED,-121.70822893,36.569233339999997
6835282,2015,2015-03-13,9730,2015-02-13,1255,18920,,5,1,9,2700,0,2,4,,2,063,"WEST BLANCO RD","W ALISAL ST",0.00,,Y,A,-,N,,,,,,,,,,N,4,0,1,2,D,-,00,,,N,D,C,A,A,H,-,A,A,0,,,,,Y,,-,"- ",0,0,1,0,0,0,0,0,0,"- ","- ",36.664070000000002,-121.67828,MONTEREY,UNINCORPORATED,-121.67816000000001,36.664090109999997
6835283,2015,2016-09-16,9730,2015-02-08,0915,018179,,7,1,9,2700,0,1,3,,1,074,"RT 1","SALINAS RD",1056.00,N,N,C,-,Y,MON,5,1,-,T,101.230,H,-,N,Y,3,0,1,1,A,-,08,22107,,N,F,A,A,B,H,-,A,D,1,,,,,Y,,A,01,0,1,0,0,0,0,0,0,0,"- ","- ",,,MONTEREY,UNINCORPORATED,-121.77034119,36.872608820000004
6839846,2014,2015-03-16,2710,2014-11-15,2054,38385,2710,6,5,4,2710,0,0,0,,0,02B,"NOCHE BUENA ST","NOCHE BUENA ST 2200",0.00,,-,A,-,N,,,,,,,,,,N,4,0,1,2,C,-,18,,,F,G,B,E,A,H,-,A,D,0,Y,,,,Y,,-,"- ",0,0,1,0,1,0,0,0,0,"- ","- ",,,MONTEREY,SEASIDE,,
6839854,2014,2015-03-16,2710,2014-11-06,1428,32771,,4,5,4,2710,0,0,0,,0,,"FREMONT BL","TRINITY AV",0.00,,Y,A,-,N,,,,,,,,,,Y,4,0,1,2,A,-,03,22350,,N,C,C,A,A,H,-,A,D,0,,,,,Y,,-,,0,0,1,0,0,0,0,0,0,"- ","- ",,,MONTEREY,SEASIDE,-121.84781988,36.604700039999997
6839882,2014,2015-03-16,2710,2014-11-16,2110,38385,2710,7,5,4,2710,0,0,0,,0,02B,"SAN PABLO AV","NOCHE BUENA PL",0.00,,Y,A,-,N,,,,,,,,,,Y,4,0,1,3,A,-,03,22350,,N,D,C,A,A,H,-,A,D,0,,,,,Y,,A,01,0,0,1,0,0,0,0,0,0,"- ","- ",,,MONTEREY,SEASIDE,-121.83758991000001,36.614830040000001
6840305,2015,2015-03-26,2706,2015-03-03,0746,031,2706,2,5,4,2706,0,0,0,,0,003,"YORK RD","WILSON RD",0.00,,Y,A,-,N,,,,,,,,,,N,3,0,1,2,A,-,03,22350,,N,C,C,A,A,H,-,A,D,0,,,,,Y,,D,22,0,1,0,0,0,0,0,0,0,"- ","- ",,,MONTEREY,MONTEREY,-121.80827988,36.572859999999999
6840579,2015,2015-03-23,2712,2015-02-16,1821,690,2712,1,5,3,2712,0,0,0,,0,001,"IMJIN PW","ABRAMS DR",929.00,W,N,A,-,N,,,,,,,,,,N,4,0,1,4,A,-,03,22350,,N,C,C,A,A,H,-,C,A,0,,,,,Y,,A,07,0,0,1,0,0,0,0,0,0,"- ","- ",,,MONTEREY,MARINA,-121.79571137000001,36.665603840000003
6840587,2015,2015-04-15,2712,2015-02-21,0646,687,2712,6,5,3,2712,0,0,0,,0,001,"DOLPHIN CIR","COVE WY",12.00,E,N,E,-,N,,,,,,,,,,N,4,0,1,2,A,-,21,22106,,N,G,B,D,A,H,-,A,D,0,Y,,,,Y,,A,07,0,0,1,0,1,0,0,0,0,"- ","- ",,,MONTEREY,MARINA,-121.79987909,36.696711319999999
6840594,2015,2016-10-03,2706,2015-03-05,1011,031,2706,4,5,4,2706,0,0,0,,0,003,"RT 68","JOSSELYN CANYON RD",0.00,,Y,A,-,Y,MON,5,68,-,-,5.215,I,6,E,N,4,0,1,2,A,-,03,22350,,N,C,C,A,A,H,-,A,A,0,,,,,Y,,A,07,0,0,1,0,0,0,0,0,0,"- ","- ",,,MONTEREY,MONTEREY,-121.85559585999999,36.583482949999997
6840600,2015,2015-03-20,2706,2015-02-14,0103,810,MPD,6,5,4,2706,0,0,0,,0,002,"MUNRAS AV","WEBSTER ST",25.00,N,N,A,-,N,,,,,,,,,,N,4,0,2,2,A,-,03,22350,,F,C,C,A,A,H,-,C,D,0,,,,,Y,,A,01,0,0,2,0,0,0,0,0,0,"- ","- ",,,MONTEREY,MONTEREY,-121.89376003,36.596425590000003
6840602,2015,2015-03-23,2706,2015-03-05,1607,505,2706,4,5,4,2706,0,0,0,,0,003,"DEL MONTE CIR","PALO VERDE AV",211.00,W,N,A,-,N,,,,,,,,,,N,3,0,1,2,A,-,"- ",,,N,D,G,A,A,H,-,A,D,0,,Y,,,Y,,L,04,0,1,0,0,0,0,1,0,0,"- ","- ",,,MONTEREY,MONTEREY,-121.87007982,36.600725480000001
6840636,2015,2015-03-20,2712,2015-02-20,1831,687,2712,5,5,3,2712,0,0,0,,0,001,"IMJIN RD","MARINA HEIGHTS DR",475.00,S,N,A,-,N,,,,,,,,,,Y,3,0,2,2,A,-,05,21460,A,N,B,C,A,A,H,-,D,D,0,,,,,Y,,A,01,0,2,0,0,0,0,0,0,0,"- ","- ",,,MONTEREY,MARINA,-121.78555437999999,36.662507589999997
6840640,2015,2015-03-20,2712,2015-02-23,1607,274,,1,5,3,2712,0,0,0,,0,001,"DEL MONTE BL","REINDOLLAR AV",0.00,,Y,A,-,N,,,,,,,,,,Y,4,0,2,2,A,-,12,21453,A,N,D,D,A,A,H,-,A,A,0,,,,,Y,,A,01,0,0,2,0,0,0,0,0,0,"- ","- ",,,MONTEREY,MARINA,-121.80595987,36.680990080000001
6843633,2015,2016-09-16,9730,2015-02-18,1720,19635,,3,2,4,2706,0,1,3,,2,062,"RT 1","SOLEDAD DR",10.00,S,N,A,-,Y,MON,5,1,-,R,76.180,H,-,N,Y,4,0,1,3,A,-,03,22350,,N,B,C,A,A,H,-,A,D,1,,,,Y,Y,,F,26,0,0,1,0,0,0,0,0,0,"- ","- ",36.58211,-121.89928999999999,MONTEREY,MONTEREY,-121.89660369000001,36.58234315
6835360,2015,2016-10-03,9730,2015-02-07,0510,18966,,6,3,9,2700,0,1,3,,1,024,"RT 68","SKYLINE FOREST DR",1584.00,E,N,C,-,Y,MON,5,68,-,-,3.670,H,-,W,Y,4,0,1,1,A,-,03,22350,,N,E,I,A,B,H,-,D,D,0,,,,,Y,,A,01,0,0,1,0,0,0,0,0,0,"- ","- ",36.581789999999998,-121.91752,MONTEREY,UNINCORPORATED,-121.91789377000001,36.581827599999997
6835399,2015,2015-03-13,9730,2015-02-10,0635,20916,,2,1,9,2700,0,2,4,,1,073,"HALL RD","WILLOW RD",0.00,,Y,A,-,N,,,,,,,,,,N,4,0,1,2,A,-,09,21802,A,N,D,C,A,-,H,-,A,A,0,,,,,Y,,A,07,0,0,1,0,0,0,0,0,0,"- ","- ",36.865609999999997,-121.73502000000001,MONTEREY,UNINCORPORATED,-121.73505991,36.865670090000002
6835411,2015,2015-03-17,2706,2015-02-14,1352,148,2706,6,5,4,2706,0,0,0,,0,002,"CALLE PRINCIPAL","JEFFERSON ST",18.00,S,N,A,-,N,,,,,,,,,,N,4,0,1,2,A,-,03,22350,,N,C,C,A,A,H,-,A,D,0,,,,,Y,,A,01,0,0,1,0,0,0,0,0,0,"- ","- ",,,MONTEREY,MONTEREY,-121.89591367,36.598144380000001
6835412,2015,2016-10-03,2706,2015-02-09,1515,250,,1,5,4,2706,0,0,0,,0,003,"RT 68","OLMSTED RD",300.00,W,N,A,-,Y,MON,5,68,-,-,5.510,H,-,E,Y,4,0,1,2,A,-,03,22350,,N,C,C,A,A,H,-,A,A,0,,,,,Y,,A,01,0,0,1,0,0,0,0,0,0,"- ","- ",,,MONTEREY,MONTEREY,-121.85074397,36.58393487
6835420,2015,2015-03-13,2706,2015-02-14,0105,810,MPD,6,5,4,2706,0,0,0,,0,,MUNRAS,WEBSTER,25.00,N,N,A,-,N,,,,,,,,,,N,4,0,2,2,A,-,03,22350,,F,C,C,A,A,H,-,C,D,0,,,,,Y,,A,01,0,0,2,0,0,0,0,0,0,"- ","- ",,,MONTEREY,MONTEREY,-121.89376003,36.596425590000003
6836192,2015,2015-03-11,2708,2015-02-10,1335,52823,,2,5,6,2708,0,0,0,,0,,"WILLIAMS RD","BORONDA RD",0.00,,Y,A,-,N,,,,,,,,,,N,4,0,1,2,A,-,09,21801,A,N,D,-,A,A,A,-,A,D,0,,,,,Y,,-,,0,0,1,0,0,0,0,0,0,"- ","- ",,,MONTEREY,SALINAS,-121.59071989,36.689000010000001
6836193,2015,2015-03-11,2708,2015-02-09,1334,52823,,1,5,6,2708,0,0,0,,0,,"NORTH MAIN ST","CASENTINI ST",0.00,,Y,A,-,N,,,,,,,,,,Y,3,0,2,3,A,-,12,21453,A,N,A,C,A,A,H,-,A,A,0,,,,,Y,,-,,0,1,1,0,0,0,0,0,0,"- ","- ",,,MONTEREY,SALINAS,-121.65282993,36.684290070000003
6836209,2015,2015-03-12,2706,2015-02-18,1705,335,2706,3,5,4,2706,0,0,0,,0,001,"LIGHTHOUSE AV",ARTILLERY,350.00,N,N,A,-,N,,,,,,,,,,Y,4,0,1,2,A,-,03,22350,,N,C,C,A,A,H,-,A,D,0,,,,,Y,,A,01,0,0,1,0,0,0,0,0,0,"- ","- ",,,MONTEREY,MONTEREY,,
6852829,2015,2016-09-13,9735,2015-02-28,2011,019263,,6,2,9,2700,0,1,3,,1,034,"RT 198","PINE VALLEY RD",1320.00,E,N,C,-,Y,MON,5,198,-,-,10.310,H,-,W,Y,2,0,4,2,A,-,05,21460,A,F,A,C,A,B,H,-,D,D,0,,,,,Y,,A,07,1,3,0,0,0,0,0,0,0,"- ","- ",36.165129999999998,-120.86365000000001,MONTEREY,UNINCORPORATED,-120.86585388,36.165137450000003
6853013,2015,2016-10-19,9735,2015-03-12,1235,017681,,4,1,9,2700,0,1,2,,1,040,"RT 101","ARROYO SECO RD",4752.00,S,N,A,-,Y,MON,5,101,-,-,59.500,H,-,S,Y,4,0,1,2,A,-,08,22107,,N,B,C,A,A,D,-,A,D,4,,,,,Y,,A,01,0,0,1,0,0,0,0,0,0,"- ","- ",36.392490000000002,-121.30902,MONTEREY,UNINCORPORATED,-121.30850094,36.391632889999997
6853966,2015,2015-04-07,2706,2015-03-02,0747,031,2706,1,5,4,2706,0,0,0,,0,003,"CAMINO AGUAJITO","MARK THOMAS DR",0.00,,Y,B,-,N,,,,,,,,,,Y,4,0,3,2,A,-,08,22101,D,N,D,C,A,A,A,H,A,A,0,,,,,Y,,A,01,0,0,3,0,0,0,0,0,0,"- ","- ",,,MONTEREY,MONTEREY,,
6854141,2015,2015-09-25,9730,2015-01-05,1954,20903,,1,2,9,2700,0,1,2,,1,050,"RT 101","BORONDA RD",528.00,S,N,A,-,Y,MON,5,101,-,R,90.910,H,-,S,Y,1,1,0,2,A,-,11,21954,A,N,G,B,D,A,H,-,D,D,1,Y,,,,Y,,N,60,0,0,0,1,0,0,0,0,0,"- ","- ",36.719889999999999,-121.66061999999999,MONTEREY,UNINCORPORATED,-121.66038988,36.72059754
6843645,2015,2016-09-16,9730,2015-02-20,1529,020896,,5,2,4,2706,0,1,3,,2,062,"RT 1","CASA VERDE WY",1320.00,S,N,A,-,Y,MON,5,1,-,R,78.210,H,-,N,N,4,0,1,2,A,-,03,22350,,N,C,C,A,A,H,-,A,D,1,,,,,Y,,A,07,0,0,1,0,0,0,0,0,0,"- ","- ",36.59684,-121.86624999999999,MONTEREY,MONTEREY,-121.86718747,36.595828619999999
6843649,2015,2015-03-19,9730,2015-02-18,1315,12332,,3,1,9,2700,0,2,4,,1,073,"SAN MIGUEL CANYON RD","ECHO VALLEY RD",1056.00,S,N,A,-,N,,,,,,,,,,N,3,0,1,2,A,-,16,24002,A,F,E,J,A,A,H,-,A,D,0,,,Y,,Y,,D,22,0,1,0,0,0,0,0,0,1,"- ","- ",,,MONTEREY,UNINCORPORATED,-121.67298039000001,36.81884161
6843654,2015,2015-03-19,9730,2015-02-20,1830,020514,,5,2,9,2700,0,2,4,,1,073,"HALL RD","LAS LOMAS DR",200.00,E,N,A,-,N,,,,,,,,,,Y,4,0,2,3,A,-,01,23152,A,F,C,C,A,A,H,-,D,A,0,,,,,Y,Y,A,01,0,0,2,0,0,0,0,0,0,"- ","- ",36.86524,-121.73354999999999,MONTEREY,UNINCORPORATED,-121.73308638,36.864987259999999
6843658,2015,2016-09-16,9730,2015-02-17,1220,018350,,2,1,9,2700,0,1,3,,1,022,"RT 1","CARPENTER ST",20.00,N,N,B,-,Y,MON,5,1,-,-,74.560,H,-,S,Y,3,0,1,2,A,-,03,22350,,N,C,C,A,A,H,-,A,A,0,,,,,Y,,D,22,0,1,0,0,0,0,0,0,0,"- ","- ",36.566650000000003,-121.91305,MONTEREY,UNINCORPORATED,-121.91297978999999,36.566404689999999
6843670,2015,2016-09-16,9730,2015-02-05,1650,018786,,4,2,9,2700,0,1,3,,1,014,"RT 1","LITTLE SUR RIVER",1584.00,S,N,A,-,Y,MON,5,1,-,-,55.800,H,-,S,Y,2,0,1,2,A,-,05,21460,A,N,A,C,A,A,H,-,A,D,0,,,,,Y,,D,22,1,0,0,0,0,0,0,0,0,"- ","- ",36.331800000000001,-121.88824,MONTEREY,UNINCORPORATED,-121.89039355,36.33204001
6844085,2015,2015-03-19,9730,2015-02-16,1735,019981,,1,2,9,2700,0,3,5,,2,003,"CACHAGUA RD","SKY RANCH RD",1056.00,N,N,A,-,N,,,,,,,,,,Y,3,0,1,2,A,-,05,21650,,N,A,C,A,A,H,-,B,D,0,,,,,Y,Y,A,01,0,1,0,0,0,0,0,0,0,"- ","- ",,,MONTEREY,UNINCORPORATED,-121.68295642,36.428085000000003
6844097,2015,2015-03-19,9730,2015-01-12,1420,18766,,1,2,4,2710,1,4,S,,2,901,"NOCHE BUENA ST","ORD GROVE AV",20.00,E,N,A,-,N,,,,,,,,,,N,4,0,1,2,A,-,03,22350,,F,C,C,A,A,H,-,A,A,0,,,,,Y,,A,01,0,0,1,0,0,0,0,0,0,"- ","- ",,,MONTEREY,SEASIDE,-121.83802,36.619390000000003
6844105,2015,2016-10-19,9730,2015-02-05,0730,13024,,4,1,9,2700,0,1,2,,1,030,"RT 101","POTTER RD",528.00,S,N,A,-,Y,MON,5,101,-,-,80.190,H,-,S,Y,3,0,3,2,A,-,03,22350,,N,C,C,A,A,D,-,A,D,5,,,,,Y,,D,22,0,3,0,0,0,0,0,0,0,"- ","- ",,,MONTEREY,UNINCORPORATED,-121.55592425,36.604507580000003
6844109,2015,2016-10-19,9730,2015-02-09,1150,14584,,1,1,9,2700,0,1,2,,1,070,"RT 101","BORONDA RD",1056.00,N,N,B,-,Y,MON,5,101,-,R,91.210,H,-,S,Y,4,0,1,2,A,-,08,22107,,N,B,C,A,A,H,-,A,D,1,,,,Y,Y,,D,22,0,0,1,0,0,0,0,0,0,"- ","- ",,,MONTEREY,UNINCORPORATED,-121.65920867,36.724966639999998
6844129,2015,2016-09-13,9730,2015-02-18,1530,015638,,3,2,9,2700,0,1,3,,1,072,"RT 156","RT 183",125.00,E,N,A,-,Y,MON,5,156,-,R,1.270,R,1,W,Y,4,0,2,3,A,-,03,22350,,N,C,C,A,A,H,-,A,A,1,,,,,Y,,A,01,0,0,2,0,0,0,0,0,0,TO,"- ",36.762610000000002,-121.75149,MONTEREY,UNINCORPORATED,-121.75119961999999,36.762487890000003
6844398,2014,2015-03-13,2705,2014-09-02,1114,22959,08,2,5,3,2705,0,0,0,,0,002,"S RUSS AV","BASSETT ST",0.00,,Y,A,-,N,,,,,,,,,,Y,4,0,2,2,A,-,09,21802,A,N,A,C,A,A,H,-,A,D,0,,,,,Y,,A,01,0,0,2,0,0,0,0,0,0,"- ","- ",,,MONTEREY,"KING CITY",-121.12833989000001,36.210580069999999
6814665,2015,2015-04-14,2710,2015-03-03,0754,18766,,2,5,4,2710,0,0,0,,0,,"FRANCIS AV","MARIN ST",0.00,,Y,A,-,N,,,,,,,,,,N,4,0,2,2,A,-,09,21802,A,N,D,C,A,A,H,-,A,A,0,,,,,Y,,A,01,0,0,2,0,0,0,0,0,0,"- ","- ",,,MONTEREY,SEASIDE,-121.85231996,36.6015601
6816314,2015,2016-02-17,2703,2015-02-05,0757,6261,2703,4,5,2,2703,0,0,0,,0,ALL,"ALTA ST","C ST",152.00,S,N,A,-,N,,,,,,,,,,Y,4,0,3,2,A,-,09,21804,A,N,D,C,A,A,H,-,A,A,0,,,,,Y,,A,07,0,0,3,0,0,0,0,0,0,"- ","- ",,,MONTEREY,GONZALES,-121.43942011,36.501670099999998
6817677,2014,2015-02-24,9730,2014-12-17,1550,18350,,3,2,9,2700,0,2,4,,1,023,"CARMEL VALLEY RD","PILOT RD",0.00,,Y,B,-,N,,,,,,,,,,Y,4,0,1,2,A,-,09,21802,A,N,D,C,A,A,H,-,A,A,0,,,,,Y,,A,01,0,0,1,0,0,0,0,0,0,"- ","- ",36.480069999999998,-121.73465,MONTEREY,UNINCORPORATED,-121.73469987,36.480080049999998
6817713,2015,2015-03-09,2712,2015-02-07,1055,537,2712,6,5,3,2712,0,0,0,,0,001,"RESERVATION RD","RESERVATION RD 264",0.00,,-,B,-,N,,,,,,,,,,N,4,0,1,2,B,-,22,,,F,G,B,F,B,H,-,A,D,0,Y,,,,Y,,A,01,0,0,1,0,1,0,0,0,0,"- ","- ",,,MONTEREY,MARINA,,