CASE_ID,ACCIDENT_YEAR,PROC_DATE,JURIS,COLLISION_DATE,COLLISION_TIME,OFFICER_ID,REPORTING_DISTRICT,DAY_OF_WEEK,CHP_SHIFT,POPULATION,CNTY_CITY_LOC,SPECIAL_COND,BEAT_TYPE,CHP_BEAT_TYPE,CITY_DIVISION_LAPD,CHP_BEAT_CLASS,BEAT_NUMBER,PRIMARY_RD,SECONDARY_RD,DISTANCE,DIRECTION,INTERSECTION,WEATHER_1,WEATHER_2,STATE_HWY_IND,CALTRANS_COUNTY,CALTRANS_DISTRICT,STATE_ROUTE,ROUTE_SUFFIX,POSTMILE_PREFIX,POSTMILE,LOCATION_TYPE,RAMP_INTERSECTION,SIDE_OF_HWY,TOW_AWAY,COLLISION_SEVERITY,NUMBER_KILLED,NUMBER_INJURED,PARTY_COUNT,PRIMARY_COLL_FACTOR,PCF_CODE_OF_VIOL,PCF_VIOL_CATEGORY,PCF_VIOLATION,PCF_VIOL_SUBSECTION,HIT_AND_RUN,TYPE_OF_COLLISION,MVIW,PED_ACTION,ROAD_SURFACE,ROAD_COND_1,ROAD_COND_2,LIGHTING,CONTROL_DEVICE,CHP_ROAD_TYPE,PEDESTRIAN_ACCIDENT,BICYCLE_ACCIDENT,MOTORCYCLE_ACCIDENT,TRUCK_ACCIDENT,NOT_PRIVATE_PROPERTY,ALCOHOL_INVOLVED,STWD_VEHTYPE_AT_FAULT,CHP_VEHTYPE_AT_FAULT,COUNT_SEVERE_INJ,COUNT_VISIBLE_INJ,COUNT_COMPLAINT_PAIN,COUNT_PED_KILLED,COUNT_PED_INJURED,COUNT_BICYCLIST_KILLED,COUNT_BICYCLIST_INJURED,COUNT_MC_KILLED,COUNT_MC_INJURED,PRIMARY_RAMP,SECONDARY_RAMP,LATITUDE,LONGITUDE,COUNTY,CITY,POINT_X,POINT_Y
6847061,2015,2016-09-16,9730,2015-02-19,1105,020578,,4,1,9,2700,0,1,3,,1,022,"RT 1","CARPENTER RD",100.00,N,N,B,-,Y,MON,5,1,-,-,74.580,H,-,N,N,4,0,2,2,A,-,03,22350,,N,C,C,A,A,H,-,A,D,0,,,,,Y,,A,01,0,0,2,0,0,0,0,0,0,"- ","- ",36.567149999999998,-121.91285999999999,MONTEREY,UNINCORPORATED,-121.913003,36.566747999999997
6847065,2015,2016-09-16,9730,2015-02-19,1735,019529,,4,2,9,2700,0,1,3,,1,074,"RT 1","STRUVE RD",1700.00,S,N,A,-,Y,MON,5,1,-,-,98.030,H,-,S,Y,4,0,1,2,A,-,03,22350,,N,C,C,A,A,H,-,A,D,0,,,,,Y,,A,01,0,0,1,0,0,0,0,0,0,"- ","- ",,,MONTEREY,UNINCORPORATED,-121.77412794999999,36.827193370000003
6847069,2015,2016-09-16,9730,2015-02-15,2030,019700,,7,2,9,2700,0,1,3,,1,074,"RT 1","JENSEN RD",500.00,N,N,A,-,Y,MON,5,1,-,-,100.010,H,-,S,N,4,0,1,2,A,-,08,22107,,F,G,B,E,A,H,-,D,D,0,Y,,,,Y,,A,07,0,0,1,0,1,0,0,0,0,"- ","- ",36.858069999999998,-121.77119999999999,MONTEREY,UNINCORPORATED,-121.77111263,36.85511743
6847073,2015,2016-09-16,9730,2015-02-15,1455,020916,,7,2,9,2700,0,1,3,,1,022,"RT 1","OCEAN AV",500.00,S,N,A,-,Y,MON,5,1,-,-,73.710,H,-,S,Y,3,0,1,1,A,-,03,22350,,N,F,A,A,A,H,-,A,D,0,,,Y,,Y,,C,02,0,1,0,0,0,0,0,0,1,"- ","- ",36.554569999999998,-121.91108,MONTEREY,UNINCORPORATED,-121.91095749999999,36.554597510000001
6869735,2015,2015-04-13,9730,2015-03-23,1753,021009,,1,2,9,2700,0,3,5,,2,006,"DEL MONTE AV","WOOD ST",305.00,N,N,A,-,N,,,,,,,,,,N,2,0,1,2,A,-,11,21954,A,N,G,B,D,A,H,-,A,D,0,Y,,,,Y,,N,60,1,0,0,0,1,0,0,0,0,"- ","- ",36.762549999999997,-121.74661,MONTEREY,UNINCORPORATED,-121.74655645999999,36.762542119999999
6869755,2015,2016-09-16,9730,2015-03-27,1510,017184,,5,2,9,2700,0,1,3,,1,012,"RT 1","RADIO PT",1056.00,S,N,A,-,Y,MON,5,1,-,-,4.400,H,-,N,Y,2,0,1,1,A,-,01,23152,F,N,F,A,A,A,H,-,A,D,0,,,Y,,Y,Y,C,02,1,0,0,0,0,0,0,0,1,"- ","- ",,,MONTEREY,UNINCORPORATED,-121.38089677000001,35.824186390000001
6869759,2015,2016-10-19,9730,2015-03-22,0432,020576,,7,3,2,2703,0,1,2,,1,030,"RT 101","5TH ST",2640.00,N,N,B,-,Y,MON,5,101,-,-,71.360,H,-,N,Y,3,0,1,2,A,-,03,22350,,N,D,C,A,A,C,-,D,D,1,,,,,Y,,A,01,0,1,0,0,0,0,0,0,0,"- ","- ",36.51999,-121.44450999999999,MONTEREY,GONZALES,-121.44335553000001,36.519386650000001
6869929,2015,2015-04-14,2708,2015-01-17,1543,30350,,6,5,6,2708,0,0,0,,0,012,"CONNELY ST","CONNELY CT",20.00,W,N,A,-,N,,,,,,,,,,N,4,0,1,2,A,-,11,21954,A,N,G,B,D,A,H,-,A,D,0,Y,,,,Y,,N,60,0,0,1,0,1,0,0,0,0,"- ","- ",,,MONTEREY,SALINAS,-121.62653783,36.674254240000003
6869941,2015,2015-04-14,2710,2015-01-14,1123,34127,,3,5,4,2710,0,0,0,,0,001,"FREMONT BL","HILBY AV",0.00,,Y,A,-,N,,,,,,,,,,N,3,0,1,2,A,-,10,21950,A,N,G,B,B,A,H,-,A,A,0,Y,,,,Y,,-,,0,1,0,0,1,0,0,0,0,"- ","- ",,,MONTEREY,SEASIDE,-121.84881987999999,36.602610040000002
6869989,2015,2015-04-15,2710,2015-01-16,1805,36059,MARIN,5,5,4,2710,0,0,0,,0,,"SAN PABLO AV","HIGHLAND ST",37.00,E,N,A,-,N,,,,,,,,,,N,3,0,1,1,D,-,00,,,N,E,-,A,A,H,-,C,D,0,,Y,,,Y,,-,"- ",0,1,0,0,0,0,1,0,0,"- ","- ",,,MONTEREY,SEASIDE,-121.82983399,36.614686120000002
6870397,2015,2015-04-13,2711,2015-03-15,1444,3469,2711,7,5,3,2711,0,0,0,,0,001,"ENCINAL ST","FRONT ST",11.00,E,N,A,-,N,,,,,,,,,,N,2,0,1,2,A,-,08,22107,,N,G,B,B,A,H,-,A,A,0,Y,,,,Y,,A,01,1,0,0,0,1,0,0,0,0,"- ","- ",,,MONTEREY,SOLEDAD,-121.33025841,36.427514670000001
6870399,2015,2015-04-14,9730,2015-03-07,1054,18920,,6,1,9,2700,0,3,5,,2,007,"ELKHORN RD","STRAWBERRY RD",0.00,,Y,A,-,N,,,,,,,,,,N,2,0,1,2,A,-,08,22107,,N,H,A,A,A,H,-,A,D,0,,Y,,,Y,,L,04,1,0,0,0,0,0,1,0,0,"- ","- ",36.829160000000002,-121.73291,MONTEREY,UNINCORPORATED,-121.73315993,36.829130110000001
6871840,2015,2016-10-19,9730,2015-03-28,0620,020933,,6,1,9,2700,0,1,2,,1,030,"RT 101","POTTER RD",1000.00,N,N,E,-,Y,MON,5,101,-,-,80.480,H,-,N,Y,3,0,1,3,A,-,03,22350,,N,C,C,A,A,H,-,D,D,5,,,,,Y,,A,01,0,1,0,0,0,0,0,0,0,"- ","- ",,,MONTEREY,UNINCORPORATED,-121.55963238,36.607467409999998
6871849,2015,2015-04-23,9730,2015-03-31,1545,14584,,2,2,9,2700,0,2,4,,2,063,"BLANCO RD","ARMSTRONG RD",528.00,W,N,A,-,N,,,,,,,,,,N,4,0,1,2,A,-,03,22350,,N,C,C,A,A,H,-,A,D,0,,,,,Y,,D,22,0,0,1,0,0,0,0,0,0,"- ","- ",,,MONTEREY,UNINCORPORATED,-121.70972018000001,36.678700259999999
6871881,2015,2016-09-16,9730,2015-02-27,1730,20598,,5,2,4,2706,0,1,3,,2,062,"RT 1","CASA VERDE",200.00,N,N,C,-,Y,MON,5,1,-,R,78.500,H,-,N,N,4,0,1,3,A,-,03,22350,,N,C,C,A,B,H,-,A,D,1,,,,,Y,,D,22,0,0,1,0,0,0,0,0,0,"- ","- ",36.599159999999998,-121.86421,MONTEREY,MONTEREY,-121.86405762,36.59929648
6871889,2015,2015-04-23,9730,2015-03-29,1058,020933,,7,1,9,2700,0,3,5,,2,007,"SALINAS RD","JONATHAN ST",260.00,S,N,A,-,N,,,,,,,,,,Y,4,0,1,3,A,-,03,22350,,N,C,C,A,A,H,-,A,D,0,,,,,Y,,A,01,0,0,1,0,0,0,0,0,0,"- ","- ",38.899799999999999,-121.74809999999999,MONTEREY,UNINCORPORATED,-121.74811221,36.900107230000003
6856714,2015,2016-09-16,9730,2015-03-13,1307,020896,,5,1,9,2700,0,3,5,,2,007,"JENSEN RD","RT 1",20.00,W,N,A,-,Y,MON,5,1,-,-,99.920,I,6,S,Y,4,0,1,1,A,-,08,22107,,N,E,I,A,A,H,-,A,D,0,,,,,Y,,D,22,0,0,1,0,0,0,0,0,0,"- ","- ",36.8538,-121.77121,MONTEREY,UNINCORPORATED,-121.77111802,36.853816000000002
6856881,2015,2016-09-16,9730,2015-03-14,1830,020419,,6,2,9,2700,0,1,3,,2,062,"RT 1","RT 218",1200.00,S,N,A,-,Y,MON,5,1,-,R,79.130,H,-,N,Y,4,0,1,2,A,-,03,22350,,N,B,C,A,A,H,-,A,D,1,,,,,Y,,D,22,0,0,1,0,0,0,0,0,0,"- ","- ",36.60783,-121.8603,MONTEREY,UNINCORPORATED,-121.86035511999999,36.607888269999997
6856888,2014,2015-04-21,2710,2014-09-24,1631,3U127,,3,5,4,2710,0,0,0,,0,,"DEL MONTE AV","PALM AV",56.00,N,N,A,-,N,,,,,,,,,,N,2,0,1,3,A,-,06,21750,,F,G,G,A,A,H,-,A,D,0,,Y,,,Y,,-,,1,0,0,0,0,0,1,0,0,"- ","- ",,,MONTEREY,SEASIDE,-121.80356279999999,36.683571489999999
6856906,2015,2015-05-11,9730,2015-03-19,1200,020981,,4,1,9,2700,0,2,4,,1,073,"SAN MIGUEL CANYON RD","HALL RD",100.00,S,N,A,-,N,,,,,,,,,,Y,3,0,1,1,A,-,03,22350,,N,F,A,A,A,H,-,A,A,0,,,,Y,Y,,G,25,0,1,0,0,0,0,0,0,0,"- ","- ",36.859000000000002,-121.69524,MONTEREY,UNINCORPORATED,-121.69510267,36.859056649999999
6856909,2015,2016-09-16,9730,2015-02-27,1005,19837,,5,1,9,2700,0,1,3,,1,074,"RT 1","NASHUA RD",180.00,S,N,A,-,Y,MON,5,1,-,R,90.360,H,-,S,Y,4,0,2,3,A,-,03,22350,,N,C,C,A,A,H,-,A,D,1,,,,,Y,,A,01,0,0,2,0,0,0,0,0,0,"- ","- ",36.745809999999999,-121.77152,MONTEREY,UNINCORPORATED,-121.77176179999999,36.74557617
6856913,2015,2015-04-22,9730,2015-02-26,1905,015297,,4,2,9,2700,0,3,5,,2,007,"CASTROVILLE BL","ELKHORN RD",528.00,W,N,A,-,N,,,,,,,,,,Y,4,0,1,1,A,-,03,22350,,N,H,H,A,A,H,-,C,D,0,,,,,Y,,D,22,0,0,1,0,0,0,0,0,0,"- ","- ",36.796309999999998,-121.72335,MONTEREY,UNINCORPORATED,-121.72212267,36.796022409999999
6856921,2015,2016-09-16,9730,2015-02-26,1557,019806,,4,2,9,2700,0,1,3,,1,014,"RT 1","COAST RD",1056.00,S,N,A,-,Y,MON,5,1,-,-,50.820,H,-,N,Y,3,0,1,1,A,-,01,23152,A,N,F,A,A,A,H,-,A,D,0,,,,,Y,Y,D,22,0,1,0,0,0,0,0,0,0,"- ","- ",,,MONTEREY,UNINCORPORATED,-121.84014216,36.284701200000001
6856922,2015,2016-09-16,9730,2015-03-17,0840,014800,,2,1,9,2700,0,1,3,,1,074,"RT 1","SALINAS RD",90.00,S,N,A,-,Y,MON,5,1,-,T,101.010,H,-,N,Y,4,0,1,1,A,-,08,22107,,N,E,I,A,A,H,-,A,D,1,,,,,Y,,D,22,0,0,1,0,0,0,0,0,0,"- ","- ",,,MONTEREY,UNINCORPORATED,-121.77013495,36.869449250000002
6856934,2015,2015-04-17,9730,2015-03-22,0652,18920,,7,1,9,2700,0,2,4,,1,073,"SAN JUAN RD","ALLISON RD",20.00,E,N,B,-,N,,,,,,,,,,Y,4,0,1,1,A,-,08,22107,,N,E,I,A,A,H,-,A,D,0,,,,,Y,,D,22,0,0,1,0,0,0,0,0,0,"- ","- ",36.90408,-121.73627,MONTEREY,UNINCORPORATED,-121.73613158000001,36.904240000000001
6856941,2015,2016-10-19,9730,2015-02-25,0632,12332,,3,1,9,2700,0,1,2,,1,070,"RT 101","DUNBARTON RD",75.00,N,N,A,-,Y,MON,5,101,-,-,99.760,H,-,N,Y,4,0,2,2,A,-,07,21658,A,N,D,C,A,A,H,-,B,D,5,,,,,Y,,A,01,0,0,2,0,0,0,0,0,0,"- ","- ",36.836790000000001,-121.63007,MONTEREY,UNINCORPORATED,-121.6306541,36.836809049999999
6856945,2015,2016-10-19,9730,2015-02-22,2240,020514,,7,3,9,2700,0,1,2,,1,030,"RT 101","OLD STAGE RD",500.00,S,N,A,-,Y,MON,5,101,-,-,72.520,H,-,N,Y,4,0,1,2,A,-,07,21658,A,F,B,C,A,A,H,-,D,-,1,,,,Y,Y,,A,01,0,0,1,0,0,0,0,0,0,"- ","- ",36.525350000000003,-121.46084999999999,MONTEREY,UNINCORPORATED,-121.46275584999999,36.523348130000002
6857041,2015,2016-09-16,9730,2015-03-21,1120,017184,,6,1,9,2700,0,1,3,,1,014,"RT 1","PALO COLORADO RD",100.00,S,N,A,-,Y,MON,5,1,-,-,61.530,H,-,S,Y,3,0,1,1,A,-,08,22107,,N,E,I,A,A,H,-,A,D,0,,,,,Y,,A,01,0,1,0,0,0,0,0,0,0,"- ","- ",,,MONTEREY,UNINCORPORATED,-121.90442511000001,36.39911455
6857045,2015,2016-09-16,9730,2015-03-14,0129,020576,,6,3,9,2700,0,1,3,,1,074,"RT 1","JETTY RD",1584.00,N,N,A,-,Y,MON,5,1,-,-,97.300,H,-,N,Y,3,0,1,1,C,-,18,,,N,F,A,A,A,G,-,D,D,0,,,,,Y,,-,"- ",0,1,0,0,0,0,0,0,0,"- ","- ",36.820309999999999,-121.78542,MONTEREY,UNINCORPORATED,-121.78469432999999,36.821134520000001
6857049,2015,2016-09-16,9730,2015-03-12,1517,015638,,4,2,9,2700,0,1,3,,1,022,"RT 1","FLANDERS DR",150.00,S,N,A,-,Y,MON,5,1,-,-,73.560,H,-,S,Y,4,0,1,3,A,-,07,21658,A,N,B,C,A,A,H,-,A,A,0,,,,,Y,,A,01,0,0,1,0,0,0,0,0,0,"- ","- ",,,MONTEREY,UNINCORPORATED,-121.91057361999999,36.55230529
6857053,2015,2016-10-19,9730,2015-03-05,1845,019770,,4,2,9,2700,0,1,2,,1,030,"RT 101","MAIN ST",2059.00,N,N,A,-,Y,MON,5,101,-,-,77.360,H,-,N,Y,4,0,3,1,A,-,08,22107,,N,E,I,A,A,H,-,D,D,1,,,,,Y,,A,01,0,0,3,0,0,0,0,0,0,"- ","- ",36.5762,-121.52521,MONTEREY,UNINCORPORATED,-121.52239096,36.57367241
6857057,2015,2016-09-16,9730,2015-03-06,1222,020896,,5,1,9,2700,0,1,3,,1,022,"RT 1","MESA DR",10.00,S,N,A,-,Y,MON,5,1,-,-,73.540,H,-,N,N,4,0,1,2,A,-,08,22107,,N,D,C,A,A,H,-,A,D,0,,,,,Y,,A,01,0,0,1,0,0,0,0,0,0,"- ","- ",36.551920000000003,-121.91048000000001,MONTEREY,UNINCORPORATED,-121.91052944,36.552000049999997
6857061,2015,2016-09-13,9730,2015-03-03,0840,015160,,2,1,9,2700,0,1,3,,1,066,"RT 183","MEAD ST",0.00,,Y,A,-,Y,MON,5,183,-,-,9.740,I,5,N,N,4,0,2,2,A,-,09,21802,A,N,D,C,A,A,H,-,A,A,0,,,,,Y,,A,01,0,0,2,0,0,0,0,0,0,"- ","- ",36.768709999999999,-121.76194,MONTEREY,UNINCORPORATED,-121.76209652999999,36.768719500000003
6857081,2015,2016-09-13,9730,2015-03-02,0440,20598,,1,3,9,2700,0,1,3,,1,072,"RT 156","MONTE DEL LAGO",400.00,E,N,A,-,Y,MON,5,156,-,-,1.350,H,-,E,Y,4,0,1,1,A,-,08,22107,,N,E,I,A,A,H,-,D,D,1,,,,,Y,,A,01,0,0,1,0,0,0,0,0,0,"- ","- ",36.771450000000002,-121.73245,MONTEREY,UNINCORPORATED,-121.73301542999999,36.771365729999999
6857085,2015,2016-09-16,9730,2015-03-01,0340,019239,,7,3,1,2709,0,1,3,,2,062,"RT 1","TIOGA AV",528.00,N,N,A,-,Y,MON,5,1,-,R,80.190,H,-,S,Y,3,0,1,1,A,-,08,22107,,N,E,I,A,A,H,-,C,D,1,,,,,Y,,A,01,0,1,0,0,0,0,0,0,0,"- ","- ",,,MONTEREY,"SAND CITY",-121.84786902,36.619144089999999
6857089,2015,2016-09-16,9730,2015-03-01,0530,017184,,7,3,9,2700,0,1,3,,1,012,"RT 1","MPM 1MON37.00",350.00,S,N,A,-,Y,MON,5,1,-,R,36.930,H,-,N,Y,3,0,1,1,A,-,08,22107,,N,E,I,A,A,H,-,D,D,0,,,,,Y,,A,01,0,1,0,0,0,0,0,0,0,"- ","- ",36.16901,-121.6837,MONTEREY,UNINCORPORATED,-121.68330806,36.16971092
6857090,2015,2016-10-03,9730,2015-03-18,1005,018350,,3,1,9,2700,0,1,3,,1,068,"RT 68","YORK RD",642.00,E,N,A,-,Y,MON,5,68,-,-,8.270,H,-,W,Y,4,0,1,3,A,-,03,22350,,N,C,C,A,A,H,-,A,A,0,,,,,Y,,A,01,0,0,1,0,0,0,0,0,0,"- ","- ",36.570959999999999,-121.80595,MONTEREY,UNINCORPORATED,-121.80626204000001,36.571092890000003
6857093,2015,2016-09-16,9730,2015-03-10,1045,015160,,2,1,9,2700,0,1,3,,1,074,"RT 1","MOSS LANDING RD",0.00,,Y,B,-,Y,MON,5,1,-,-,95.810,I,5,S,Y,4,0,1,2,A,-,09,21801,A,N,A,C,A,A,H,-,A,D,0,,,,,Y,,A,07,0,0,1,0,0,0,0,0,0,"- ","- ",,,MONTEREY,UNINCORPORATED,-121.78324493,36.799857430000003
6857094,2015,2016-09-16,9730,2015-03-20,1649,017184,,5,2,9,2700,0,1,3,,1,014,"RT 1","LITTLE SUR RIVER BR",4224.00,N,N,A,-,Y,MON,5,1,-,-,56.900,H,-,N,Y,3,0,1,1,A,-,08,22107,,N,E,I,A,A,H,-,A,D,0,,,Y,,Y,,C,02,0,1,0,0,0,0,0,0,1,"- ","- ",,,MONTEREY,UNINCORPORATED,-121.89071824,36.340729940000003
6857098,2015,2016-09-16,9730,2015-03-16,0750,018179,,1,1,9,2700,0,1,3,,2,062,"RT 1","LIGHTFIGHTER DR",50.00,N,N,A,-,Y,MON,5,1,-,R,82.890,H,-,S,Y,4,0,1,2,A,-,03,22350,,N,C,C,A,A,H,-,A,D,1,,,,,Y,,A,01,0,0,1,0,0,0,0,0,0,"- ","- ",,,MONTEREY,UNINCORPORATED,-121.81559989,36.647569840000003
6857102,2015,2016-10-03,9730,2015-03-11,2020,019635,,3,2,9,2700,0,1,3,,1,024,"RT 68","SKYLINE FOREST DR",2640.00,W,N,A,-,Y,MON,5,68,-,-,2.870,H,-,E,Y,3,0,1,1,A,-,01,23152,A,N,F,A,A,A,H,-,D,D,0,,,,,Y,Y,A,01,0,1,0,0,0,0,0,0,0,"- ","- ",36.591230000000003,-121.92267,MONTEREY,UNINCORPORATED,-121.92262869,36.591391700000003
6857122,2015,2015-04-01,9730,2015-03-09,0920,14584,,1,1,9,2700,0,3,5,,2,006,"HITCHCOCK RD","RT 68",1584.00,N,N,A,-,N,,,,,,,,,,Y,2,0,1,1,A,-,08,22107,,N,F,I,A,A,H,-,A,D,0,,,Y,,Y,,C,02,1,0,0,0,0,0,0,0,1,"- ","- ",,,MONTEREY,UNINCORPORATED,,
6857130,2015,2016-09-13,9730,2015-03-12,0735,015160,,4,1,9,2700,0,1,3,,1,066,"PRESTON ST","RT 183",3.00,E,N,A,-,Y,MON,5,183,-,-,9.460,I,6,N,N,4,0,1,2,A,-,03,22350,,N,D,G,A,A,H,-,A,A,0,,Y,,,Y,,L,04,0,0,1,0,0,0,1,0,0,"- ","- ",,,MONTEREY,UNINCORPORATED,-121.7583434,36.765940059999998
6857136,2015,2015-04-01,9730,2015-02-28,0056,019239,,6,3,9,2700,0,2,4,,1,073,"ELKHORN RD","GARIN RD",215.00,N,N,A,-,N,,,,,,,,,,Y,3,0,1,1,A,-,01,23152,A,N,E,I,A,A,H,-,D,D,0,,,,,Y,Y,A,01,0,1,0,0,0,0,0,0,0,"- ","- ",,,MONTEREY,UNINCORPORATED,-121.74472964,36.873967569999998
6857147,2015,2016-10-03,9730,2015-02-24,1635,019770,,2,2,9,2700,0,1,3,,1,068,"RT 68","CORRAL DE TIERRA RD",780.00,E,N,A,-,Y,MON,5,68,-,-,13.100,H,-,W,N,3,0,1,2,A,-,09,21801,A,N,H,G,A,A,D,-,B,D,0,,Y,,,Y,,A,01,0,1,0,0,0,0,1,0,0,"- ","- ",36.578580000000002,-121.7244,MONTEREY,UNINCORPORATED,-121.72460799,36.578791129999999
6857151,2015,2016-09-13,9730,2015-02-26,1305,018350,,4,1,9,2700,0,1,3,,1,066,"RT 183","OLD CEMETARY RD",1584.00,N,N,A,-,Y,MON,5,183,-,R,2.630,H,-,N,Y,3,0,2,2,A,-,03,22350,,N,C,C,A,A,H,-,A,D,0,,,,,Y,,A,01,0,1,1,0,0,0,0,0,0,"- ","- ",36.68927,-121.68622000000001,MONTEREY,UNINCORPORATED,-121.68564589,36.688946080000001
6857183,2015,2015-04-01,9730,2015-02-25,1610,019529,,3,2,9,2700,0,2,4,,1,075,"SAN JUAN RD","EL CERRITO WY",0.00,,Y,A,-,N,,,,,,,,,,Y,4,0,1,2,A,-,03,22350,,N,C,C,A,A,H,-,A,D,0,,,,,Y,,A,01,0,0,1,0,0,0,0,0,0,"- ","- ",,,MONTEREY,UNINCORPORATED,-121.64472996000001,36.857480090000003
6857189,2015,2015-04-02,9730,2015-03-11,0830,18766,,3,1,9,2700,0,2,4,,1,023,"CARMEL VALLEY RD","MEADOWS RD",1000.00,E,N,B,C,N,,,,,,,,,,Y,4,0,2,2,A,-,03,22350,,N,C,C,A,B,H,-,A,D,0,,,,,Y,,A,07,0,0,2,0,0,0,0,0,0,"- ","- ",36.531529999999997,-121.83767,MONTEREY,UNINCORPORATED,-121.83792706,36.53149913
6857193,2015,2015-04-01,9730,2015-03-07,0945,020903,,6,1,9,2700,0,3,5,,2,007,"CASTROVILLE BL","PARADISE RD",80.00,S,N,A,-,N,,,,,,,,,,Y,4,0,1,1,A,-,08,22107,,N,E,I,A,A,H,-,A,D,0,,,,,Y,,A,01,0,0,1,0,0,0,0,0,0,"- ","- ",36.799399999999999,-121.69821,MONTEREY,UNINCORPORATED,-121.69868731,36.799009959999999
6872005,2015,2015-05-11,2710,2015-01-21,1711,33762,,3,5,4,2710,0,0,0,,0,,"KIMBALL AV","HIGHLAND ST",30.00,E,N,A,-,N,,,,,,,,,,Y,3,0,1,1,A,-,03,22350,,N,F,J,A,A,H,-,A,D,0,,,,,Y,,-,,0,1,0,0,0,0,0,0,0,"- ","- ",,,MONTEREY,SEASIDE,-121.83189783,36.59942736
6872274,2015,2016-10-19,9730,2015-03-14,1355,20903,,6,1,9,2700,0,1,2,,1,070,"RT 101","RT 156",1056.00,N,N,A,-,Y,MON,5,101,-,-,95.640,H,-,S,N,4,0,1,2,A,-,03,22350,,N,C,C,A,A,H,-,A,D,5,,,,,Y,,A,07,0,0,1,0,0,0,0,0,0,"- ","- ",,,MONTEREY,UNINCORPORATED,-121.66703377,36.79256496
6872278,2015,2016-09-16,9730,2015-03-13,0735,20903,,5,1,1,2709,0,1,3,,2,062,"RT 1","TIOGA AV",10.00,S,N,A,-,Y,MON,5,1,-,R,80.090,H,-,S,N,4,0,1,4,A,-,03,22350,,N,C,C,A,A,H,-,A,D,1,,,,,Y,,A,01,0,0,1,0,0,0,0,0,0,"- ","- ",36.616700000000002,-121.84959000000001,MONTEREY,"SAND CITY",-121.84889167,36.617885090000001
6872322,2015,2015-06-01,9730,2015-03-16,1645,020970,,1,2,9,2700,0,3,5,,2,002,"N MESA DR","HATTON RD",0.00,,Y,A,-,N,,,,,,,,,,N,3,0,1,2,A,-,09,21801,A,N,H,G,A,A,H,-,A,D,0,,Y,,,Y,,A,01,0,1,0,0,0,0,1,0,0,"- ","- ",36.547600000000003,-121.91030000000001,MONTEREY,UNINCORPORATED,-121.91024997,36.547610089999999
6872326,2015,2015-04-09,9730,2015-03-24,0910,015160,,2,1,9,2700,0,3,5,,2,007,"CASTROVILLE BL","CIELO AZUL",0.00,,Y,A,-,N,,,,,,,,,,Y,4,0,1,2,A,-,09,21801,A,N,A,C,A,A,H,-,A,D,0,,,,,Y,,A,01,0,0,1,0,0,0,0,0,0,"- ","- ",,,MONTEREY,UNINCORPORATED,-121.74149992,36.772800099999998
6872479,2015,2016-10-12,9730,2015-03-23,0520,19569,,1,3,9,2700,0,1,3,,1,014,"RT 1","COAST RD",5280.00,N,N,A,-,Y,MON,5,1,-,-,51.300,H,-,S,Y,4,0,1,1,A,-,03,22350,,N,E,I,A,A,H,-,A,D,0,,,,,Y,,A,01,0,0,1,0,0,0,0,0,0,"- ","- ",,,MONTEREY,UNINCORPORATED,-121.84630545,36.288854350000001
6874048,2015,2015-04-10,2706,2015-01-16,0805,36059,MARIN,5,5,4,2706,0,0,0,,0,,"MILITARY AV","CIRCLE AV",0.00,,Y,A,-,N,,,,,,,,,,N,4,0,1,3,A,-,08,22107,,N,B,B,E,A,H,-,A,D,0,Y,,,,Y,,-,,0,0,1,0,1,0,0,0,0,"- ","- ",,,MONTEREY,MONTEREY,-121.83914996,36.621410070000003
6874052,2015,2015-04-14,2710,2015-01-17,1601,40383,MARIN,6,5,4,2710,0,0,0,,0,02B,"FREMONT BL","LA SALLE AV",0.00,,Y,A,-,N,,,,,,,,,,N,4,0,1,2,A,-,10,21950,A,N,G,B,B,A,H,-,A,A,0,Y,,,,Y,,A,01,0,0,1,0,1,0,0,0,0,"- ","- ",,,MONTEREY,SEASIDE,-121.84177987,36.616780110000001
6874056,2015,2015-04-10,2710,2015-01-19,1710,32225,,1,5,4,2710,0,0,0,,0,,"FREMONT BL","MONTEREY RD",0.00,,Y,A,-,N,,,,,,,,,,Y,4,0,1,3,A,-,03,22350,,N,D,C,A,A,H,-,B,A,0,,,,,Y,,-,,0,0,1,0,0,0,0,0,0,"- ","- ",,,MONTEREY,SEASIDE,-121.8412299,36.62375007
6874163,2015,2016-09-16,9730,2015-03-04,2310,020576,,3,3,9,2700,0,3,5,,2,002,"OCEAN AV","RT 1",100.00,W,N,A,-,Y,MON,5,1,-,-,73.800,I,6,S,N,3,0,1,2,A,-,08,22107,,M,C,E,A,A,H,-,D,D,0,,,,,Y,,A,01,0,1,0,0,0,0,0,0,0,"- ","- ",36.555909999999997,-121.9117,MONTEREY,UNINCORPORATED,-121.9111655,36.55597684
6874167,2015,2015-04-10,9730,2015-03-13,2308,018786,,5,3,9,2700,0,3,5,,2,007,"PESANTE RD","MOUNTAIN VIEW TERRACE LN",150.00,E,N,A,-,N,,,,,,,,,,Y,4,0,1,1,A,-,01,23152,A,N,F,A,A,A,H,-,D,D,0,,,,,Y,Y,A,01,0,0,1,0,0,0,0,0,0,"- ","- ",36.463940000000001,-121.39182,MONTEREY,UNINCORPORATED,-121.65602206,36.777503469999999