CASE_ID,ACCIDENT_YEAR,PROC_DATE,JURIS,COLLISION_DATE,COLLISION_TIME,OFFICER_ID,REPORTING_DISTRICT,DAY_OF_WEEK,CHP_SHIFT,POPULATION,CNTY_CITY_LOC,SPECIAL_COND,BEAT_TYPE,CHP_BEAT_TYPE,CITY_DIVISION_LAPD,CHP_BEAT_CLASS,BEAT_NUMBER,PRIMARY_RD,SECONDARY_RD,DISTANCE,DIRECTION,INTERSECTION,WEATHER_1,WEATHER_2,STATE_HWY_IND,CALTRANS_COUNTY,CALTRANS_DISTRICT,STATE_ROUTE,ROUTE_SUFFIX,POSTMILE_PREFIX,POSTMILE,LOCATION_TYPE,RAMP_INTERSECTION,SIDE_OF_HWY,TOW_AWAY,COLLISION_SEVERITY,NUMBER_KILLED,NUMBER_INJURED,PARTY_COUNT,PRIMARY_COLL_FACTOR,PCF_CODE_OF_VIOL,PCF_VIOL_CATEGORY,PCF_VIOLATION,PCF_VIOL_SUBSECTION,HIT_AND_RUN,TYPE_OF_COLLISION,MVIW,PED_ACTION,ROAD_SURFACE,ROAD_COND_1,ROAD_COND_2,LIGHTING,CONTROL_DEVICE,CHP_ROAD_TYPE,PEDESTRIAN_ACCIDENT,BICYCLE_ACCIDENT,MOTORCYCLE_ACCIDENT,TRUCK_ACCIDENT,NOT_PRIVATE_PROPERTY,ALCOHOL_INVOLVED,STWD_VEHTYPE_AT_FAULT,CHP_VEHTYPE_AT_FAULT,COUNT_SEVERE_INJ,COUNT_VISIBLE_INJ,COUNT_COMPLAINT_PAIN,COUNT_PED_KILLED,COUNT_PED_INJURED,COUNT_BICYCLIST_KILLED,COUNT_BICYCLIST_INJURED,COUNT_MC_KILLED,COUNT_MC_INJURED,PRIMARY_RAMP,SECONDARY_RAMP,LATITUDE,LONGITUDE,COUNTY,CITY,POINT_X,POINT_Y
6874171,2015,2015-04-10,9730,2015-03-09,1619,020417,,1,2,9,2700,0,2,4,,1,073,"STRAWBERRY CANYON RD","SAN MIGUEL CANYON RD",22.00,W,N,A,-,N,,,,,,,,,,Y,3,0,3,2,A,-,08,22107,,N,D,C,A,A,H,-,A,D,0,,,,,Y,,A,01,0,1,2,0,0,0,0,0,0,"- ","- ",36.83014,-121.67897000000001,MONTEREY,UNINCORPORATED,,
6847077,2015,2016-10-19,9730,2015-02-16,1709,020514,,1,2,9,2700,0,1,2,,1,070,"RT 101","RALPH LN",200.00,S,N,A,-,Y,MON,5,101,-,-,93.060,H,-,S,Y,4,0,2,2,A,-,03,22350,,N,C,C,A,A,H,-,A,D,5,,,,,Y,,A,01,0,0,2,0,0,0,0,0,0,"- ","- ",36.755769999999998,-121.66504,MONTEREY,UNINCORPORATED,-121.66499014999999,36.755677230000003
6847081,2015,2016-09-16,9730,2015-02-10,1357,020896,,2,1,4,2706,0,1,3,,2,062,"RT 1","AGUAJITO RD",72.00,N,N,A,-,Y,MON,5,1,-,R,77.390,H,-,N,Y,3,0,1,1,A,-,08,22107,,N,E,I,A,A,H,-,A,D,1,,,,,Y,,A,07,0,1,0,0,0,0,0,0,0,"- ","- ",36.591419999999999,-121.88033,MONTEREY,MONTEREY,-121.88033698,36.591391360000003
6847117,2015,2015-03-18,9730,2015-02-19,1415,018886,,4,2,9,2700,0,2,4,,2,063,"DAVIS RD","BLANCO RD",20.00,N,N,B,-,N,,,,,,,,,,N,4,0,1,2,A,-,21,22106,,N,C,C,A,A,H,-,A,D,0,,,,,Y,,A,01,0,0,1,0,0,0,0,0,0,"- ","- ",,,MONTEREY,UNINCORPORATED,-121.68506988999999,36.666844439999998
6848614,2015,2015-04-06,2711,2015-02-20,0704,7457,2711,5,5,3,2711,0,0,0,,0,001,"ESTRELLA ST","MADRID ST",25.00,S,N,B,-,N,,,,,,,,,,N,4,0,1,2,A,-,05,21202,A,N,G,G,A,A,H,-,A,A,0,,Y,,,Y,,L,04,0,0,1,0,0,0,1,0,0,"- ","- ",,,MONTEREY,SOLEDAD,-121.32062999999999,36.438899999999997
6848785,2015,2015-08-27,2711,2015-02-16,0627,0645,2711,1,5,3,2711,0,0,0,,0,002,"METZ RD","RUBION DR",41.00,N,N,A,-,N,,,,,,,,,,N,4,0,1,2,A,-,21,22106,,N,C,C,A,A,H,-,B,D,0,,,,,Y,,A,01,0,0,1,0,0,0,0,0,0,"- ","- ",,,MONTEREY,SOLEDAD,-121.31186687,36.426021210000002
6849996,2015,2015-03-30,2706,2015-03-10,1944,896,MPD,2,5,4,2706,0,0,0,,0,002,"MUNRAS AV",SOLEDAD,277.00,N,N,B,-,N,,,,,,,,,,N,3,0,1,2,A,-,11,21956,,N,G,B,D,A,H,-,C,D,0,Y,,,,Y,,N,60,0,1,0,0,1,0,0,0,0,"- ","- ",,,MONTEREY,MONTEREY,-121.90138353,36.58401653
6880220,2015,2017-01-04,9735,2015-04-04,1315,017681,,6,1,3,2704,0,1,2,,1,040,"RT 101","OAK AV",0.00,,Y,A,-,Y,MON,5,101,-,-,53.240,R,1,N,Y,2,0,2,2,A,-,03,22350,,M,E,I,A,A,H,-,A,A,3,,,,,Y,,A,01,1,0,1,0,0,0,0,0,0,NF,"- ",,,MONTEREY,GREENFIELD,-121.23690238,36.322397369999997
6881394,2015,2015-04-24,9730,2015-03-29,1448,020903,,7,2,9,2700,0,3,5,,2,003,"MONHOLLAN RD","AGUAJITO RD",49.00,E,N,A,-,N,,,,,,,,,,N,3,0,1,2,A,-,05,21460,A,N,A,G,A,A,H,-,A,D,0,,Y,,,Y,,A,01,0,1,0,0,0,0,1,0,0,"- ","- ",,,MONTEREY,UNINCORPORATED,-121.87393892999999,36.575324700000003
6881398,2015,2015-04-24,9730,2015-03-29,1230,020896,,7,1,9,2700,0,2,4,,1,023,"CARMEL VALLEY RD","CACHAGUA RD",15840.00,E,N,A,-,N,,,,,,,,,,Y,4,0,1,1,A,-,08,22107,,N,H,I,A,A,H,-,A,D,0,,,Y,,Y,,C,02,0,0,1,0,0,0,0,0,1,"- ","- ",36.439120000000003,-121.63460000000001,MONTEREY,UNINCORPORATED,-121.63334111,36.437860639999997
6881752,2015,2016-09-16,9730,2015-03-21,1951,020970,,6,2,4,2710,0,1,3,,2,062,"RT 1","RT 218",272.00,N,N,A,-,Y,MON,5,1,-,R,79.410,H,-,S,Y,3,0,1,1,A,-,01,23152,E,N,F,I,A,A,H,-,C,D,1,,,,,Y,,A,01,0,1,0,0,0,0,0,0,0,"- ","- ",36.611190000000001,-121.85744,MONTEREY,SEASIDE,-121.85719652,36.610765919999999
6882262,2015,2015-04-22,2712,2015-04-01,0847,274,,3,5,3,2712,0,0,0,,0,001,"RESERVATION RD","MBEST DR",0.00,,Y,A,-,N,,,,,,,,,,Y,3,0,2,2,D,-,00,,,N,A,A,A,A,H,-,A,A,0,,,,,Y,,-,"- ",0,1,1,0,0,0,0,0,0,"- ","- ",,,MONTEREY,MARINA,-121.76124996,36.669180089999998
6882276,2015,2017-01-04,9730,2015-04-06,1718,019127,,1,2,6,2708,0,1,2,,1,050,"RT 101","JOHN ST",1000.00,S,N,A,-,Y,MON,5,101,-,-,86.630,H,-,S,Y,4,0,2,2,A,-,03,22350,,N,C,C,A,A,H,-,A,A,1,,,,,Y,,A,01,0,0,2,0,0,0,0,0,0,"- ","- ",36.669049999999999,-121.63628,MONTEREY,SALINAS,-121.63666574,36.669243209999998
6857197,2015,2015-04-01,9730,2015-03-03,2145,018820,,2,2,9,2700,0,3,5,,2,003,"ALTA ST","CORDA RD",2640.00,S,N,A,-,N,,,,,,,,,,Y,3,0,1,1,A,-,08,22107,,M,E,I,A,A,H,-,D,D,0,,,,,Y,,A,07,0,1,0,0,0,0,0,0,0,"- ","- ",36.513509999999997,-121.45358,MONTEREY,UNINCORPORATED,-121.45342109000001,36.513270230000003
6858103,2015,2016-09-16,2710,2015-01-25,1112,25166,,7,5,4,2710,0,0,0,,0,,"RT 1","RT 218",0.00,,Y,A,-,Y,MON,5,1,-,R,79.240,R,4,N,N,3,0,1,2,A,-,09,21802,A,N,E,G,A,A,H,-,A,A,0,,Y,,,Y,,A,,0,1,0,0,0,0,1,0,0,"- ","- ",,,MONTEREY,SEASIDE,-121.8592852,36.609160580000001
6858112,2015,2015-04-03,2710,2015-01-07,1649,38145,,3,5,4,2710,0,0,0,,0,001,"BROADWAY AV","KENNETH ST",69.00,W,N,A,-,N,,,,,,,,,,N,4,0,1,2,A,-,03,22350,,N,C,C,A,A,H,-,A,D,0,,,,,Y,,-,,0,0,1,0,0,0,0,0,0,"- ","- ",,,MONTEREY,SEASIDE,-121.8372851,36.609023460000003
6858140,2015,2015-04-03,2710,2015-01-29,1328,33466,,4,5,4,2710,0,0,0,,0,,"FREMONT BL","SAN PABLO AV",0.00,,Y,A,-,N,,,,,,,,,,N,4,0,1,2,A,-,04,21703,,N,C,C,A,A,H,-,A,D,0,,,,,Y,,-,,0,0,1,0,0,0,0,0,0,"- ","- ",,,MONTEREY,SEASIDE,-121.84270999,36.61492002
6858144,2015,2015-04-02,2710,2015-01-20,1840,34127,,2,5,4,2710,0,0,0,,0,001,"FREMONT BL","CANYON DEL REY",0.00,,Y,A,-,N,,,,,,,,,,N,3,0,1,2,A,-,10,21950,A,N,G,B,B,A,H,-,C,A,0,Y,,,,Y,,-,,0,1,0,0,1,0,0,0,0,"- ","- ",,,MONTEREY,SEASIDE,-121.85087991,36.598970059999999
6858680,2015,2015-03-26,2708,2015-02-19,1701,15945,,4,5,6,2708,0,0,0,,0,,"NORTH DAVIS RD","LAUREL DR",200.00,S,N,A,-,N,,,,,,,,,,Y,4,0,1,2,A,-,04,21703,,N,C,C,A,A,H,-,A,A,0,,,,,Y,,-,,0,0,1,0,0,0,0,0,0,"- ","- ",,,MONTEREY,SALINAS,-121.66851748000001,36.697498160000002
6858684,2015,2015-03-26,2708,2015-02-22,1603,54370,,7,5,6,2708,0,0,0,,0,011,"GARNER AV","SUNRISE ST",0.00,,Y,C,-,N,,,,,,,,,,,4,0,1,2,A,-,09,21802,A,N,D,C,A,B,H,-,A,D,0,,,,,Y,,-,,0,0,1,0,0,0,0,0,0,"- ","- ",,,MONTEREY,SALINAS,-121.61416996,36.68516005
6858688,2015,2015-03-26,2708,2015-02-14,1626,15945,,6,5,6,2708,0,0,0,,0,,"NORTH DAVIS RD","WESTRIDGE PKWY",600.00,S,N,A,-,N,,,,,,,,,,Y,4,0,1,1,A,-,08,22107,,N,E,I,A,A,H,-,A,A,0,,,,,Y,,-,,0,0,1,0,0,0,0,0,0,"- ","- ",,,MONTEREY,SALINAS,-121.66693601,36.702353070000001
6858692,2015,2015-03-26,2708,2015-02-16,1341,12507,,1,5,6,2708,0,0,0,,0,001,"BORONDA RD","NORTH MAIN ST",100.00,W,N,A,-,N,,,,,,,,,,Y,2,0,1,2,A,-,04,21703,,N,C,C,A,A,H,-,A,D,0,,,,,Y,,-,,1,0,0,0,0,0,0,0,0,"- ","- ",,,MONTEREY,SALINAS,-121.65656785,36.721658769999998
6858908,2015,2015-03-26,2708,2015-01-23,1334,53260,,5,5,6,2708,0,0,0,,0,L12,"EAST LAUREL DR","NORTH SANBORN RD",500.00,E,N,A,-,N,,,,,,,,,,N,3,0,3,2,A,-,09,21804,A,N,D,C,A,A,H,-,A,D,0,,,,,Y,,-,,0,1,2,0,0,0,0,0,0,"- ","- ",,,MONTEREY,SALINAS,-121.61992168,36.681803819999999
6858920,2015,2015-04-06,2708,2015-01-11,1222,49986,,7,5,6,2708,0,0,0,,0,010,"SOUTH SANBORN RD","MCGOWAN DR",0.00,,Y,A,-,N,,,,,,,,,,Y,3,0,1,2,A,-,09,21802,A,N,D,C,A,A,H,-,A,A,0,,,,,Y,,-,,0,1,0,0,0,0,0,0,0,"- ","- ",,,MONTEREY,SALINAS,-121.62757987000001,36.670920109999997
6858924,2015,2015-04-06,2708,2015-01-27,1054,18355,2708,2,5,6,2708,0,0,0,,0,008,"W ALISAL ST","CAPITOL ST",0.00,,Y,B,-,N,,,,,,,,,,Y,4,0,1,2,A,-,09,21802,A,N,D,C,A,A,H,-,A,D,0,,,,,Y,,-,,0,0,1,0,0,0,0,0,0,"- ","- ",,,MONTEREY,SALINAS,-121.66007989000001,36.67311007
6858928,2015,2015-03-26,2708,2015-01-31,1752,75635,SALIN,6,5,6,2708,0,0,0,,0,,"EAST ALVIN DR","LASSEN AV",2.00,E,N,A,-,N,,,,,,,,,,Y,3,0,4,2,A,-,03,22350,,N,F,E,A,A,H,-,C,D,0,,,,,Y,,-,,0,2,2,0,0,0,0,0,0,"- ","- ",,,MONTEREY,SALINAS,-121.63864344,36.705498489999997
6858932,2015,2015-04-06,2708,2015-01-18,1102,76992,,7,5,6,2708,0,0,0,,0,,"W ALISAL ST","LINCOLN AV",0.00,,Y,B,-,N,,,,,,,,,,Y,4,0,1,2,A,-,12,21453,A,N,D,C,A,A,H,-,A,A,0,,,,,Y,,-,,0,0,1,0,0,0,0,0,0,"- ","- ",,,MONTEREY,SALINAS,-121.65684994999999,36.673520089999997
6858936,2015,2016-02-17,2708,2015-01-11,1624,18925,,7,5,6,2708,0,0,0,,0,005,"EAST LAUREL DR","LINWOOD DR",450.00,E,N,A,-,N,,,,,,,,,,Y,2,0,1,3,A,-,07,21658,A,N,D,C,A,A,H,-,A,D,0,,,,,Y,,-,,1,0,0,0,0,0,0,0,0,"- ","- ",,,MONTEREY,SALINAS,-121.6425746,36.697238339999998
6858962,2015,2015-03-25,2708,2015-02-08,1639,15945,,7,5,6,2708,0,0,0,,0,,"W ALISAL ST","LINCOLN AV",0.00,,Y,C,-,N,,,,,,,,,,Y,3,0,2,2,A,-,12,21453,A,N,D,C,A,B,H,-,B,A,0,,,,,Y,,-,,0,1,1,0,0,0,0,0,0,"- ","- ",,,MONTEREY,SALINAS,-121.65684994999999,36.673520089999997
6858966,2015,2015-03-25,2708,2015-02-12,2320,16258,SALIN,4,5,6,2708,0,0,0,,0,002,"ADAMS ST","NAVAJO DR",0.00,,Y,A,-,N,,,,,,,,,,Y,3,0,1,2,A,-,05,21650,,N,A,E,A,A,H,-,C,D,0,,,,,Y,Y,-,,0,1,0,0,0,0,0,0,0,"- ","- ",,,MONTEREY,SALINAS,-121.66317999,36.70234009
6858969,2015,2015-03-25,2708,2015-02-12,1840,06235,2708,4,5,6,2708,0,0,0,,0,011,"NORTH SANBORN RD","E ALISAL ST",80.00,N,N,A,-,N,,,,,,,,,,N,3,0,1,2,A,-,11,21954,A,M,G,B,D,A,H,-,C,D,0,Y,,,,Y,Y,N,60,0,1,0,0,1,0,0,0,0,"- ","- ",,,MONTEREY,SALINAS,-121.62744000000001,36.673129779999996
6858973,2015,2015-03-25,2708,2015-02-02,1117,49532,SALIN,1,5,6,2708,0,0,0,,0,008,"E MARKET","SOLEDAD ST",50.00,E,N,A,-,N,,,,,,,,,,Y,4,0,2,1,A,-,03,22350,,N,E,I,A,A,H,-,C,D,0,,,,,Y,,-,,0,0,2,0,0,0,0,0,0,"- ","- ",,,MONTEREY,SALINAS,-121.65206001,36.678040969999998
6858977,2015,2015-03-25,2708,2015-02-17,1553,31110,,2,5,6,2708,0,0,0,,0,,"LEMOS AV","CAMPUS AV",0.00,,Y,A,-,N,,,,,,,,,,N,4,0,1,2,A,-,09,21802,A,N,D,C,A,A,H,-,A,D,0,,,,,Y,,-,,0,0,1,0,0,0,0,0,0,"- ","- ",,,MONTEREY,SALINAS,-121.67442991999999,36.672380089999997
6858981,2015,2015-05-11,2708,2015-02-26,0953,18355,,4,5,6,2708,0,0,0,,0,,"BLANCO RD","LOS OLIVOS DR",0.00,,Y,A,-,N,,,,,,,,,,Y,4,0,1,2,A,-,03,22350,,N,C,C,A,A,H,-,A,-,0,,,,,Y,,-,,0,0,1,0,0,0,0,0,0,"- ","- ",,,MONTEREY,SALINAS,-121.66875999,36.661160070000001
6858985,2015,2016-10-03,2708,2015-02-09,1503,15945,,1,5,6,2708,0,0,0,,0,,"SOUTH MAIN ST","JOHN ST",200.00,S,N,A,-,Y,MON,5,68,-,-,21.030,H,-,W,N,4,0,1,3,A,-,03,22350,,N,C,C,A,A,H,-,A,D,0,,,,,Y,,-,,0,0,1,0,0,0,0,0,0,"- ","- ",,,MONTEREY,SALINAS,-121.65503249,36.670453940000002
6858989,2015,2016-09-13,2708,2015-02-05,1624,18355,2708,4,5,6,2708,0,0,0,,0,007,"WEST MARKET ST","PALMETTO ST",0.00,,Y,A,-,Y,MON,5,183,-,-,0.920,I,5,N,Y,4,0,2,3,A,-,03,22350,,N,C,C,A,A,H,-,A,D,0,,,,,Y,,-,,0,0,2,0,0,0,0,0,0,"- ","- ",,,MONTEREY,SALINAS,-121.65961335999999,36.678907359999997
6859102,2014,2016-02-16,2708,2014-11-03,1436,72945,,1,5,6,2708,0,0,0,,0,,"W ALISAL ST","CAYUGA ST",50.00,E,N,A,-,N,,,,,,,,,,N,4,0,2,3,A,-,04,21703,,N,C,C,A,A,H,-,A,A,0,,,,,Y,,-,,0,0,2,0,0,0,0,0,0,"- ","- ",,,MONTEREY,SALINAS,-121.65884164000001,36.67326182
6882417,2015,2015-04-24,2706,2015-04-01,1604,250,2706,3,5,4,2706,0,0,0,,0,002,"FRANKLIN ST","ALVARADO ST",0.00,,Y,A,-,N,,,,,,,,,,N,4,0,1,2,A,-,08,22101,D,N,D,G,A,A,H,-,A,A,0,,Y,,,Y,,A,01,0,0,1,0,0,0,1,0,0,"- ","- ",,,MONTEREY,MONTEREY,-121.89431987,36.5999701
6883237,2014,2015-04-24,2710,2014-09-29,1455,32770,,1,5,4,2710,0,0,0,,0,,"BROADWAY AV","SAN LUCAS ST",334.00,E,N,A,-,N,,,,,,,,,,N,4,0,1,2,A,-,03,22350,,N,C,C,A,A,H,-,A,D,0,,,,,Y,,-,,0,0,1,0,0,0,0,0,0,"- ","- ",,,MONTEREY,SEASIDE,-121.83911213,36.60905743
6883241,2014,2015-04-21,2710,2014-09-24,1343,32771,,3,5,4,2710,0,0,0,,0,,"FREMONT BL","MONTEREY RD",0.00,,Y,A,-,N,,,,,,,,,,Y,4,0,1,2,C,-,18,,,N,C,C,A,A,H,-,A,A,0,,,,,Y,,-,"- ",0,0,1,0,0,0,0,0,0,"- ","- ",,,MONTEREY,SEASIDE,-121.8412299,36.62375007
6883245,2014,2015-04-21,2710,2014-09-19,0743,32225,,5,5,4,2710,0,0,0,,0,,"FREMONT BL","BROADWAY AV",15.00,N,N,A,-,N,,,,,,,,,,N,4,0,1,2,A,-,21,22106,,M,C,C,A,A,H,-,A,A,0,,,,,Y,,-,,0,0,1,0,0,0,0,0,0,"- ","- ",,,MONTEREY,SEASIDE,-121.84563043999999,36.609198069999998
6883249,2014,2015-04-21,2710,2014-09-18,1753,36403,MARIN,4,5,4,2710,0,0,0,,0,,"GEARY PLZ","FREMONT BL",15.00,W,N,A,-,N,,,,,,,,,,N,4,0,1,2,A,-,03,22350,,N,C,C,A,A,H,-,A,A,0,,,,,Y,,-,,0,0,1,0,0,0,0,0,0,"- ","- ",,,MONTEREY,SEASIDE,-121.84324094999999,36.61401335
6883277,2014,2015-04-21,2710,2014-09-30,1443,38145,,2,5,4,2710,0,0,0,,0,003,"LIGHT FIGHTER DR","1ST AV",0.00,,Y,A,-,N,,,,,,,,,,N,4,0,2,2,A,-,12,21453,A,N,D,C,A,A,H,-,A,A,0,,,,,Y,,-,,0,0,2,0,0,0,0,0,0,"- ","- ",,,MONTEREY,SEASIDE,-121.81207986,36.647740059999997
6883403,2015,2015-04-21,2701,2015-04-10,1302,537,2701,5,5,2,2701,0,0,0,,0,ALL,"OCEAN AV","TORRES ST",0.00,,Y,A,-,N,,,,,,,,,,N,3,0,2,2,A,-,09,21802,A,N,D,C,A,A,H,-,A,D,0,,,,,Y,,A,01,0,2,0,0,0,0,0,0,0,"- ","- ",,,MONTEREY,CARMEL,-121.91906992,36.555100080000003
6884446,2015,2015-04-27,2706,2015-04-08,1656,335,2706,3,5,4,2706,0,0,0,,0,002,"FREMONT ST","IRIS CANYON RD",20.00,E,N,A,-,N,,,,,,,,,,Y,3,0,2,3,A,-,08,22101,D,N,D,C,A,A,H,-,A,D,0,,,,,Y,,D,22,0,1,1,0,0,0,0,0,0,"- ","- ",,,MONTEREY,MONTEREY,-121.88714474,36.594704180000001
6884447,2015,2015-04-27,2706,2015-04-10,1734,119,MPD,5,5,4,2706,0,0,0,,0,003,"4TH ST","PARK AV",0.00,,Y,A,-,N,,,,,,,,,,Y,4,0,1,2,A,-,09,21802,A,N,C,C,A,A,H,-,A,A,0,,,,,Y,,E,22,0,0,1,0,0,0,0,0,0,"- ","- ",,,MONTEREY,MONTEREY,-121.88151992,36.59688002
6885592,2015,2016-10-19,9730,2015-03-23,1445,13024,,1,2,9,2700,0,1,2,,1,030,"RT 101","5TH ST",528.00,S,N,A,-,Y,MON,5,101,-,-,70.760,H,-,S,Y,3,0,2,1,A,-,08,22107,,N,F,-,A,A,H,-,A,D,1,,,,,Y,,A,07,0,2,0,0,0,0,0,0,0,"- ","- ",,,MONTEREY,UNINCORPORATED,-121.43705648,36.51188904
6885596,2015,2016-09-13,9730,2015-03-09,1725,019770,,1,2,9,2700,0,1,3,,1,066,"RT 183","PAJARO ST",87.00,S,N,B,-,Y,MON,5,183,-,-,9.100,H,-,N,Y,4,0,1,2,A,-,09,21801,A,N,D,C,A,A,H,-,A,A,0,,,,,Y,,A,01,0,0,1,0,0,0,0,0,0,"- ","- ",36.76229,-121.75353,MONTEREY,UNINCORPORATED,-121.75345451,36.76233586
6886404,2015,2015-09-23,2706,2015-04-14,1107,031,2706,2,5,4,2706,0,0,0,,0,002,"MUNRAS AV","SOLEDAD DR",0.00,,Y,A,-,N,,,,,,,,,,N,4,0,2,2,A,-,03,22350,,N,C,C,A,A,H,-,A,A,0,,,,,Y,,D,22,0,0,2,0,0,0,0,0,0,"- ","- ",,,MONTEREY,MONTEREY,-121.90185992000001,36.583360050000003
6874175,2015,2015-04-10,9730,2015-03-24,1520,14584,,2,2,9,2700,0,3,5,,2,005,"CRAZY HORSE CANYON RD","WILDHORSE RD",75.00,E,N,A,-,N,,,,,,,,,,Y,4,0,4,2,A,-,03,22350,,N,C,C,A,A,H,-,A,D,0,,,,,Y,,A,01,0,0,4,0,0,0,0,0,0,"- ","- ",,,MONTEREY,UNINCORPORATED,-121.62276387999999,36.808298389999997
6874179,2015,2015-04-10,9730,2015-03-13,1629,020931,,5,2,9,2700,0,3,5,,2,005,"SAN JUAN GRADE RD","PENZANCE ST",0.00,,Y,A,-,N,,,,,,,,,,Y,4,0,3,2,A,-,09,21802,A,N,D,C,A,A,H,-,A,D,0,,,,,Y,,A,01,0,0,3,0,0,0,0,0,0,"- ","- ",,,MONTEREY,UNINCORPORATED,-121.63973995000001,36.731860050000002
6874236,2015,2015-04-10,9730,2015-03-05,1520,13024,,4,2,9,2700,0,2,4,,1,023,"CARMEL VALLEY RD","SAN CLEMENTE DR",6864.00,E,N,A,-,N,,,,,,,,,,Y,4,0,1,2,A,-,05,21752,A,N,A,C,A,A,H,-,A,D,0,,,Y,,Y,,C,02,0,0,1,0,0,0,0,0,1,"- ","- ",36.448569999999997,-121.68785,MONTEREY,UNINCORPORATED,-121.70613,36.458399999999997
6874310,2015,2016-09-16,2706,2015-03-31,1622,557,2706,2,5,4,2706,0,0,0,,0,003,"CASA VERDE WY","RT 1",11.00,N,N,A,-,Y,MON,5,1,-,R,78.380,R,1,S,Y,4,0,1,2,A,-,12,22450,A,N,D,C,A,A,H,-,A,A,0,,,,,Y,,A,01,0,0,1,0,0,0,0,0,0,"- ",NF,,,MONTEREY,MONTEREY,-121.86552933999999,36.597989939999998
6876784,2014,2015-04-23,2710,2014-10-28,1722,38145,,2,5,4,2710,0,0,0,,0,002,"FREMONT BL","PLAYA AV",0.00,,Y,A,-,N,,,,,,,,,,N,2,0,1,2,A,-,10,21950,A,N,G,B,B,A,-,-,A,A,0,Y,,,,Y,,-,,1,0,0,0,1,0,0,0,0,"- ","- ",,,MONTEREY,SEASIDE,-121.84116993000001,36.61800006
6878094,2015,2016-10-19,9735,2015-03-31,0650,16696,,2,1,9,2700,0,1,2,,1,040,"RT 101","MAJOR FARMS RD",100.00,N,N,A,-,Y,MON,5,101,-,-,59.990,H,-,S,Y,4,0,1,2,A,-,03,22350,,N,C,C,A,A,H,-,A,D,4,,,,,Y,,D,22,0,0,1,0,0,0,0,0,0,"- ","- ",36.391060000000003,-121.30816,MONTEREY,UNINCORPORATED,-121.31301209999999,36.397987030000003
6878351,2015,2015-04-15,9735,2015-03-28,1620,019263,,6,2,9,2700,0,3,5,,2,003,"METZ RD","ELM AV",5280.00,S,N,A,-,N,,,,,,,,,,Y,2,0,1,1,A,-,01,23152,A,N,E,J,A,A,H,-,A,D,0,,,,,Y,Y,A,01,1,0,0,0,0,0,0,0,0,"- ","- ",36.330880000000001,-121.18698999999999,MONTEREY,UNINCORPORATED,-121.18698852,36.331108550000003
6892480,2015,2016-09-16,9730,2015-03-31,1410,019837,,2,2,4,2706,0,1,3,,1,022,"RT 1","AGUAJITO RD",0.00,,Y,A,-,Y,MON,5,1,-,-,74.920,R,2,N,Y,4,0,2,2,A,-,09,21801,A,N,A,C,A,A,H,-,A,A,1,,,,,Y,,A,01,0,0,2,0,0,0,0,0,0,NF,"- ",,,MONTEREY,MONTEREY,-121.91273317,36.571613859999999
6892481,2015,2016-02-16,9730,2015-03-31,1201,018350,,2,1,9,2700,0,3,5,,2,005,"SAN JUAN GRADE RD","SAN JUAN GRADE RD 367",10.00,S,N,A,-,N,,,,,,,,,,Y,4,0,1,2,A,-,09,21801,A,N,D,C,A,A,H,-,A,D,0,,,,,Y,,A,01,0,0,1,0,0,0,0,0,0,"- ","- ",36.73789,-121.63467,MONTEREY,UNINCORPORATED,,
6892486,2015,2015-04-29,2708,2015-03-05,1651,03581,,4,5,6,2708,0,0,0,,0,002,"NORTH MAIN ST","EAST ALVIN DR",0.00,,Y,A,-,N,,,,,,,,,,Y,4,0,1,2,A,-,09,21453,C,N,-,C,A,A,H,-,A,A,0,,,,,Y,,-,,0,0,1,0,0,0,0,0,0,"- ","- ",,,MONTEREY,SALINAS,-121.65346988,36.707900080000002
6892487,2015,2015-04-29,2708,2015-03-10,1454,18925,,2,5,6,2708,0,0,0,,0,009,"PAJARO ST","JOHN ST",0.00,,Y,A,-,N,,,,,,,,,,Y,4,0,2,2,A,-,12,21453,A,N,D,C,A,A,H,-,A,A,0,,,,,Y,,-,,0,0,2,0,0,0,0,0,0,"- ","- ",,,MONTEREY,SALINAS,-121.65220988,36.670500060000002
6859106,2014,2016-02-16,2708,2014-11-04,0758,52823,,2,5,6,2708,0,0,0,,0,,"SHERWOOD DR","SHERWOOD PL",1150.00,S,N,A,-,N,,,,,,,,,,N,4,0,1,2,A,-,04,21703,,N,C,C,A,A,H,-,A,D,0,,,,,Y,,-,,0,0,1,0,0,0,0,0,0,"- ","- ",,,MONTEREY,SALINAS,-121.64841617,36.684779200000001
6859255,2014,2015-04-14,2705,2014-08-21,1618,K22959,7,4,5,3,2705,0,0,0,,0,003,"CANAL ST","DIVISION ST",0.00,,Y,A,-,N,,,,,,,,,,Y,3,0,2,2,A,-,09,21802,B,N,D,C,A,A,H,-,A,D,0,,,Y,,Y,,C,02,0,1,1,0,0,0,0,0,2,"- ","- ",,,MONTEREY,"KING CITY",-121.13061994,36.2049801
6859869,2015,2015-03-27,9730,2015-01-31,1245,019837,,6,1,9,2700,0,2,4,,1,023,"CARMEL VALLEY RD","RIO RD",10.00,E,N,A,-,N,,,,,,,,,,Y,4,0,1,2,A,-,09,21802,A,F,E,I,A,A,H,-,A,A,0,,,,,Y,,-,99,0,0,1,0,0,0,0,0,0,"- ","- ",36.542679999999997,-121.89175,MONTEREY,UNINCORPORATED,-121.89178674999999,36.54272409
6861263,2015,2015-04-03,9735,2015-03-21,1536,17681,,6,2,9,2700,0,3,5,,2,001,"CENTRAL AV","ELM AV",8448.00,S,N,A,-,N,,,,,,,,,,Y,3,0,1,1,A,-,01,23152,A,N,A,I,A,A,H,-,A,D,0,,,,,Y,Y,A,01,0,1,0,0,0,0,0,0,0,"- ","- ",36.414749999999998,-121.26154,MONTEREY,UNINCORPORATED,-121.24735586,36.286649050000001