CASE_ID,ACCIDENT_YEAR,PROC_DATE,JURIS,COLLISION_DATE,COLLISION_TIME,OFFICER_ID,REPORTING_DISTRICT,DAY_OF_WEEK,CHP_SHIFT,POPULATION,CNTY_CITY_LOC,SPECIAL_COND,BEAT_TYPE,CHP_BEAT_TYPE,CITY_DIVISION_LAPD,CHP_BEAT_CLASS,BEAT_NUMBER,PRIMARY_RD,SECONDARY_RD,DISTANCE,DIRECTION,INTERSECTION,WEATHER_1,WEATHER_2,STATE_HWY_IND,CALTRANS_COUNTY,CALTRANS_DISTRICT,STATE_ROUTE,ROUTE_SUFFIX,POSTMILE_PREFIX,POSTMILE,LOCATION_TYPE,RAMP_INTERSECTION,SIDE_OF_HWY,TOW_AWAY,COLLISION_SEVERITY,NUMBER_KILLED,NUMBER_INJURED,PARTY_COUNT,PRIMARY_COLL_FACTOR,PCF_CODE_OF_VIOL,PCF_VIOL_CATEGORY,PCF_VIOLATION,PCF_VIOL_SUBSECTION,HIT_AND_RUN,TYPE_OF_COLLISION,MVIW,PED_ACTION,ROAD_SURFACE,ROAD_COND_1,ROAD_COND_2,LIGHTING,CONTROL_DEVICE,CHP_ROAD_TYPE,PEDESTRIAN_ACCIDENT,BICYCLE_ACCIDENT,MOTORCYCLE_ACCIDENT,TRUCK_ACCIDENT,NOT_PRIVATE_PROPERTY,ALCOHOL_INVOLVED,STWD_VEHTYPE_AT_FAULT,CHP_VEHTYPE_AT_FAULT,COUNT_SEVERE_INJ,COUNT_VISIBLE_INJ,COUNT_COMPLAINT_PAIN,COUNT_PED_KILLED,COUNT_PED_INJURED,COUNT_BICYCLIST_KILLED,COUNT_BICYCLIST_INJURED,COUNT_MC_KILLED,COUNT_MC_INJURED,PRIMARY_RAMP,SECONDARY_RAMP,LATITUDE,LONGITUDE,COUNTY,CITY,POINT_X,POINT_Y
6861267,2015,2016-10-19,9735,2015-03-19,0640,17681,,4,1,9,2700,0,1,2,,1,040,"RT 101","UNDERWOOD RD",0.00,,Y,A,-,Y,MON,5,101,-,-,51.060,I,5,S,Y,4,0,3,2,A,-,07,21658,A,N,B,C,A,A,H,-,B,D,3,,,,,Y,,A,08,0,0,3,0,0,0,0,0,0,"- ","- ",36.298119999999997,-121.21425000000001,MONTEREY,UNINCORPORATED,-121.21415268,36.29811909
6863436,2015,2015-04-03,2708,2015-01-09,2137,31974,,5,5,6,2708,0,0,0,,0,,"HOLADAY AV","EAST ST",60.00,S,N,A,-,N,,,,,,,,,,N,4,0,1,2,A,-,05,21650,,F,A,B,C,A,H,-,C,D,0,Y,,,,Y,,-,,0,0,1,0,1,0,0,0,0,"- ","- ",,,MONTEREY,SALINAS,-121.62890517,36.673666420000004
6863904,2015,2015-04-08,2706,2015-03-21,1736,896,MPD,6,5,4,2706,0,0,0,,0,003,"DEL MONTE AV","SLOAT AV",0.00,,Y,A,-,N,,,,,,,,,,Y,4,0,1,2,A,-,09,21801,A,N,D,C,A,A,H,-,A,A,0,,,,,Y,,A,01,0,0,1,0,0,0,0,0,0,"- ","- ",,,MONTEREY,MONTEREY,-121.87887996000001,36.599860020000001
6863908,2015,2015-04-08,2706,2015-03-16,0953,939,MPD,1,5,4,2706,0,0,0,,0,002,"FREMONT ST","VIA MIRADA",27.00,E,N,B,-,N,,,,,,,,,,Y,3,0,1,2,A,-,09,21802,A,N,D,C,A,A,H,-,A,A,0,,,,,Y,,A,07,0,1,0,0,0,0,0,0,0,"- ","- ",,,MONTEREY,MONTEREY,,
6909125,2015,2015-05-26,2708,2015-04-28,1807,08067,,2,5,6,2708,0,0,0,,0,010,"NORTH MADEIRA AV","EAST MARKET ST",1.00,N,N,A,-,N,,,,,,,,,,N,3,0,1,2,A,-,11,21950,B,N,D,G,A,A,H,-,A,A,0,,Y,,,Y,,L,04,0,1,0,0,0,0,1,0,0,"- ","- ",,,MONTEREY,SALINAS,-121.6379795,36.677182719999998
6909141,2015,2015-05-26,2708,2015-04-26,1020,52823,,7,5,6,2708,0,0,0,,0,,"E ALISAL ST","NORTH PEARL ST",100.00,W,N,B,-,N,,,,,,,,,,N,4,0,2,2,A,-,09,21804,A,N,D,C,A,A,H,-,A,D,0,,,,,Y,,-,,0,0,2,0,0,0,0,0,0,"- ","- ",,,MONTEREY,SALINAS,-121.63397802999999,36.67354649
6909145,2015,2017-01-04,2708,2015-04-15,1731,12507,,3,5,6,2708,0,0,0,,0,001,"N BORONDA RD","RT 101",0.00,,Y,A,-,Y,MON,5,101,-,R,91.232,R,4,N,N,4,0,1,2,A,-,03,22350,,N,C,C,A,A,H,-,A,D,0,,,,,Y,,-,,0,0,1,0,0,0,0,0,0,"- ","- ",,,MONTEREY,SALINAS,-121.65887576,36.725096309999998
6909149,2015,2015-06-01,2708,2015-04-07,1013,54453,,2,5,6,2708,0,0,0,,0,,"W ALISAL ST","WEST ACACIA ST",0.00,,Y,B,-,N,,,,,,,,,,Y,3,0,1,2,A,-,12,21453,A,N,D,C,A,A,H,-,A,A,0,,,,,Y,,-,,0,1,0,0,0,0,0,0,0,"- ","- ",,,MONTEREY,SALINAS,-121.67269989,36.669460030000003
6892488,2015,2015-04-29,2708,2015-03-12,1436,35715,,4,5,6,2708,0,0,0,,0,008,"EAST MARKET ST","SUN ST",0.00,,Y,A,-,N,,,,,,,,,,Y,3,0,1,2,A,-,09,21802,A,N,D,C,A,A,H,-,A,D,0,,,,,Y,,-,,0,1,0,0,0,0,0,0,0,"- ","- ",,,MONTEREY,SALINAS,-121.64636998,36.678870070000002
6892489,2015,2015-04-29,2708,2015-03-11,1852,30350,,3,5,6,2708,0,0,0,,0,012,"WILLIAMS RD","GRANDHAVEN ST",0.00,,Y,A,-,N,,,,,,,,,,Y,4,0,2,2,A,-,09,21801,A,F,D,C,A,A,H,-,B,D,0,,,,,Y,,-,,0,0,2,0,0,0,0,0,0,"- ","- ",,,MONTEREY,SALINAS,-121.61196996,36.676830080000002
6892490,2015,2015-04-29,2708,2015-03-25,2137,08323,,3,5,6,2708,0,0,0,,0,011,"WILLIAMS RD","DEL MONTE AV",53.00,N,N,A,-,N,,,,,,,,,,N,4,0,1,2,A,-,03,22350,,N,C,C,A,A,H,-,C,D,0,,,,,Y,,-,,0,0,1,0,0,0,0,0,0,"- ","- ",,,MONTEREY,SALINAS,-121.60415309,36.681284840000004
6892491,2015,2015-04-29,2708,2015-03-24,2351,31110,,2,5,6,2708,0,0,0,,0,,"NORTH DAVIS RD","WEST ROSSI ST",26.00,S,N,A,-,N,,,,,,,,,,Y,4,0,1,2,A,-,01,23152,A,F,C,C,A,A,H,-,C,A,0,,,,,Y,Y,-,,0,0,1,0,0,0,0,0,0,"- ","- ",,,MONTEREY,SALINAS,-121.6719938,36.688370380000002
6892492,2015,2015-06-01,2708,2015-03-27,1656,31967,,5,5,6,2708,0,0,0,,0,001,"NORTH MAIN ST","EAST BORONDA RD",0.00,,Y,A,-,N,,,,,,,,,,N,4,0,1,2,A,-,04,21703,,N,C,C,A,A,H,-,A,A,0,,,,,Y,Y,-,,0,0,1,0,0,0,0,0,0,"- ","- ",,,MONTEREY,SALINAS,-121.65622992,36.721620110000003
6892493,2015,2015-05-09,2708,2015-03-31,2141,15945,,2,5,6,2708,0,0,0,,0,,"CENTRAL AV","CAPITOL ST",0.00,,Y,A,-,N,,,,,,,,,,N,3,0,1,2,A,-,10,21950,A,N,G,B,B,A,H,-,C,A,0,Y,,,,Y,,-,,0,1,0,0,1,0,0,0,0,"- ","- ",,,MONTEREY,SALINAS,-121.66073989,36.676190069999997
6892494,2015,2015-04-29,2708,2015-03-31,1523,06235,,2,5,6,2708,0,0,0,,0,001,"NORTH MAIN ST","BORONDA RD",0.00,,Y,A,-,N,,,,,,,,,,N,4,0,1,2,A,-,12,21453,A,N,D,C,A,A,H,-,A,A,0,,,,,Y,,-,,0,0,1,0,0,0,0,0,0,"- ","- ",,,MONTEREY,SALINAS,-121.65622992,36.721620110000003
6894104,2015,2015-05-07,9730,2015-04-15,1530,12332,,3,2,9,2700,0,2,4,,1,073,"SAN MIGUEL CYN RD","LANGLEY CANYON RD",0.00,,Y,A,-,N,,,,,,,,,,Y,3,0,2,2,A,-,09,21802,A,N,D,C,A,A,H,-,A,A,0,,,,,Y,,D,22,0,2,0,0,0,0,0,0,0,"- ","- ",,,MONTEREY,UNINCORPORATED,-121.66777992,36.804480060000003
6894113,2015,2015-05-07,9730,2015-04-02,1300,018350,,4,1,9,2700,0,3,5,,2,005,"BLACKIE RD","ROLLING MEADOWS LN",1584.00,W,N,A,-,N,,,,,,,,,,Y,2,0,1,1,A,-,08,22107,,N,E,I,A,A,H,-,A,D,0,,,,,Y,Y,D,22,1,0,0,0,0,0,0,0,0,"- ","- ",36.776910000000001,-121.69061000000001,MONTEREY,UNINCORPORATED,-121.69117489999999,36.777182250000003
6894123,2015,2017-01-06,9735,2015-04-23,1210,017681,,4,1,9,2700,0,1,3,,1,035,"RT 198","RT 25",27984.00,E,N,A,-,Y,MON,5,198,-,-,19.300,H,-,W,Y,4,0,2,3,A,-,05,21460,A,N,A,C,A,A,H,-,A,D,0,,,,Y,Y,,A,01,0,0,2,0,0,0,0,0,0,"- ","- ",36.193390000000001,-120.74751999999999,MONTEREY,UNINCORPORATED,-120.7482376,36.187801710000002
6894125,2015,2015-05-07,9735,2015-04-11,0635,017681,,6,1,9,2700,0,3,5,,2,001,"PARAISO SPRINGS RD","FOOTHILL RD",60.00,S,N,A,-,N,,,,,,,,,,Y,4,0,1,2,A,-,09,21801,A,M,A,C,A,A,H,-,B,D,0,,,,,Y,,D,22,0,0,1,0,0,0,0,0,0,"- ","- ",36.3782,-121.34063,MONTEREY,UNINCORPORATED,-121.34037916,36.378060089999998
6894201,2015,2015-04-30,2710,2015-03-01,0956,3605,MARIN,7,5,4,2710,0,0,0,,0,,"AUTO CENTER PKWY","GEARY PLZ",347.00,S,N,A,-,N,,,,,,,,,,Y,2,0,1,2,A,-,03,22350,,N,B,C,A,-,H,-,A,D,0,,,,,Y,,-,,1,0,0,0,0,0,0,0,0,"- ","- ",,,MONTEREY,SEASIDE,,
6895011,2015,2017-04-21,2710,2015-02-12,2000,33762,2710,4,5,4,2710,0,0,0,,0,01A,"CANYON DEL REY BL","CHARLES AV",53.00,E,N,A,-,N,,,,,,,,,,N,1,1,0,2,A,-,11,21956,,N,G,B,E,A,H,-,C,D,0,Y,,,,Y,,N,60,0,0,0,1,0,0,0,0,0,"- ","- ",,,MONTEREY,SEASIDE,-121.85169513,36.599891450000001
6895015,2015,2015-05-01,2710,2015-02-14,1322,40383,MARIN,6,5,4,2710,0,0,0,,0,02B,"PLAYA AV","FREMONT BL",0.00,W,N,A,-,N,,,,,,,,,,Y,4,0,1,2,A,-,09,21801,A,N,A,C,A,A,H,-,A,A,0,,,,,Y,,A,01,0,0,1,0,0,0,0,0,0,"- ","- ",,,MONTEREY,SEASIDE,-121.84116993000001,36.61800006
6895019,2015,2015-05-01,2710,2015-02-18,0951,33362,,3,5,4,2710,0,0,0,,0,,"WHEELER ST","HILBY AV",412.00,S,N,A,-,N,,,,,,,,,,Y,2,0,2,2,A,-,03,22350,A,N,D,E,A,A,H,-,A,D,0,,,,,Y,,-,,2,0,0,0,0,0,0,0,0,"- ","- ",,,MONTEREY,SEASIDE,-121.84553454,36.601408630000002
6895023,2015,2015-05-01,2710,2015-02-19,1833,33762,,4,5,4,2710,0,0,0,,0,,"FREMONT BL","DEL MONTE BL",0.00,,Y,A,-,N,,,,,,,,,,Y,4,0,1,2,A,-,08,22107,,N,D,C,A,A,H,-,C,D,0,,,,,Y,,-,,0,0,1,0,0,0,0,0,0,"- ","- ",,,MONTEREY,SEASIDE,-121.8409899,36.622230020000003
6895027,2015,2015-05-01,2710,2015-02-22,1831,38383,,7,5,4,2710,0,0,0,,0,01B,"FREMONT BL","BROADWAY AV",121.00,S,N,A,-,N,,,,,,,,,,N,4,0,1,2,A,-,03,22350,,N,C,C,A,A,H,-,C,A,0,,,,,Y,,A,01,0,0,1,0,0,0,0,0,0,"- ","- ",,,MONTEREY,SEASIDE,-121.84581023,36.608853689999997
6896721,2015,2016-11-03,9730,2015-04-29,1130,020970,,3,1,6,2708,0,3,5,,2,006,"FOSTER RD","RT 68",8.00,N,N,A,-,Y,MON,5,68,-,T,18.375,I,6,W,N,4,0,1,2,A,-,21,22106,,N,C,C,A,A,H,-,A,D,1,,,,,Y,,A,01,0,0,1,0,0,0,0,0,0,"- ","- ",36.636800000000001,-121.6675,MONTEREY,SALINAS,-121.66760105,36.636136329999999
6896725,2015,2017-01-07,9730,2015-04-29,1830,19529,,3,2,9,2700,0,1,3,,1,066,"RT 183","SANCHEZ ST",0.00,,Y,A,-,Y,MON,5,183,-,-,9.600,I,5,S,N,4,0,1,2,A,-,03,22350,,N,C,C,A,A,H,-,A,D,0,,,,,Y,,D,22,0,0,1,0,0,0,0,0,0,"- ","- ",,,MONTEREY,UNINCORPORATED,-121.76022376,36.76732603
6896729,2015,2017-01-06,9730,2015-04-25,2020,020981,,6,2,9,2700,0,1,3,,1,066,"RT 183","SANCHEZ ST",100.00,S,N,A,-,Y,MON,5,183,-,-,9.580,H,-,S,Y,4,0,1,2,A,-,01,23152,A,N,C,E,A,A,H,-,C,D,0,,,,,Y,Y,D,22,0,0,1,0,0,0,0,0,0,"- ","- ",36.767009999999999,-121.7599,MONTEREY,UNINCORPORATED,-121.75995227,36.767125989999997
6896733,2015,2017-01-04,9730,2015-04-26,0946,18920,,7,1,9,2700,0,1,2,,1,070,"SAN MIGUEL CANYON RD","RT 101",75.00,N,N,A,-,Y,MON,5,101,-,-,96.150,H,-,N,Y,4,0,1,2,D,-,00,,,N,A,C,A,A,H,-,A,D,5,,,,,Y,,-,"- ",0,0,1,0,0,0,0,0,0,"- ","- ",36.798850000000002,-121.66352999999999,MONTEREY,UNINCORPORATED,-121.66411291999999,36.799367889999999
6896737,2015,2015-05-18,9730,2015-04-24,0655,016537,,5,1,9,2700,0,3,5,,2,004,"ALISAL RD","HARTNELL RD",540.00,S,N,A,-,N,,,,,,,,,,Y,4,0,2,2,A,-,09,21801,A,N,D,C,A,A,H,-,A,D,0,,,,,Y,,A,01,0,0,2,0,0,0,0,0,0,"- ","- ",36.644359999999999,-121.57547,MONTEREY,UNINCORPORATED,-121.57547022999999,36.644339160000001
6896741,2015,2015-06-02,9730,2015-04-24,1530,018179,,5,2,9,2700,0,2,4,,1,073,"ELKHORN RD","WERNER RD",0.00,,Y,A,-,N,,,,,,,,,,Y,4,0,1,3,A,-,09,21801,A,N,D,C,A,A,H,-,A,D,0,,,,Y,Y,,D,22,0,0,1,0,0,0,0,0,0,"- ","- ",,,MONTEREY,UNINCORPORATED,-121.74722986,36.878980040000002
6896745,2015,2016-11-03,9730,2015-04-23,1531,020970,,4,2,9,2700,0,1,3,,1,068,"RT 68","SAN BENANCIO RD",1056.00,E,N,A,-,Y,MON,5,68,-,-,13.530,H,-,W,Y,4,0,2,2,A,-,05,21460,A,N,A,C,A,-,H,-,A,D,0,,,,,Y,,A,01,0,0,2,0,0,0,0,0,0,"- ","- ",36.650500000000001,-121.6619,MONTEREY,UNINCORPORATED,-121.71796777,36.581323189999999
6896761,2015,2015-05-18,9730,2015-04-24,0735,020417,,5,1,9,2700,0,3,5,,2,006,"NASHUA RD","MONTE RD",236.00,W,N,B,-,N,,,,,,,,,,N,3,0,1,1,A,-,08,22107,,N,F,A,A,A,H,-,A,D,0,,,,,Y,,D,22,0,1,0,0,0,0,0,0,0,"- ","- ",36.741700000000002,-121.76692,MONTEREY,UNINCORPORATED,-121.76682019,36.741638160000001
6896777,2015,2017-01-04,9730,2015-04-23,0535,13024,,4,3,9,2700,0,1,2,,1,030,"RT 101","CAMPHORA GLORIA RD",10.00,N,N,A,-,Y,MON,5,101,-,-,64.900,R,1,S,N,4,0,1,2,A,-,03,22350,,N,C,C,A,A,H,-,B,A,1,,,,,Y,,D,22,0,0,1,0,0,0,0,0,0,TO,"- ",,,MONTEREY,UNINCORPORATED,-121.36671307,36.451475219999999
6896846,2015,2017-01-04,9730,2015-04-23,1500,13024,,4,2,9,2700,0,1,2,,1,030,"RT 101","POTTER RD",528.00,S,N,A,-,Y,MON,5,101,-,-,80.190,H,-,S,Y,4,0,1,2,A,-,07,21658,A,M,F,A,A,A,H,-,A,D,5,,,,,Y,,-,99,0,0,1,0,0,0,0,0,0,"- ","- ",,,MONTEREY,UNINCORPORATED,-121.55592425,36.604507580000003
6896868,2015,2015-05-13,2710,2015-03-21,1820,40383,MARIN,6,5,4,2710,0,0,0,,0,028,"CANYON DEL REY BL","SONOMA AV",0.00,,Y,A,-,N,,,,,,,,,,N,4,0,1,2,A,-,03,22350,,N,C,C,A,A,H,-,A,A,0,,,,,Y,,-,,0,0,1,0,0,0,0,0,0,"- ","- ",,,MONTEREY,SEASIDE,-121.85554992,36.606390079999997
6896872,2015,2015-05-19,2710,2015-03-12,1308,33466,,4,5,4,2710,0,0,0,,0,,"KIMBALL AV","KIMBALL AV 800",0.00,,N,A,-,N,,,,,,,,,,N,4,0,1,2,A,-,05,21650,1,N,G,G,A,A,H,-,A,D,0,,Y,,,Y,,L,04,0,0,1,0,0,0,1,0,0,"- ","- ",,,MONTEREY,SEASIDE,,
6896885,2015,2017-01-04,9735,2015-04-28,1640,016696,,2,2,9,2700,0,1,2,,1,041,"RT 101","CENTRAL AV",1584.00,S,N,A,-,Y,MON,5,101,-,-,45.450,H,-,S,Y,3,0,1,1,A,-,08,22107,,N,E,I,A,A,H,-,A,D,5,,,,,Y,,A,01,0,1,0,0,0,0,0,0,0,"- ","- ",36.228490000000001,-121.17341,MONTEREY,UNINCORPORATED,-121.17371265,36.22926296
6896942,2015,2016-09-29,9730,2015-04-22,0245,020933,,3,3,9,2700,0,1,3,,1,012,"RT 1","MPM 38",99.00,S,N,B,-,Y,MON,5,1,-,-,37.980,H,-,S,Y,3,0,1,1,A,-,08,22107,,N,E,I,A,A,H,-,D,D,0,,,,,Y,,A,01,0,1,0,0,0,0,0,0,0,"- ","- ",36.089869999999998,-121.61749,MONTEREY,UNINCORPORATED,-121.69596768,36.1771289
6896946,2015,2015-05-12,9730,2015-04-20,1154,020970,,1,1,9,2700,0,2,4,,1,023,"CARMEL VALLEY RD","DORRIS DR",1584.00,W,N,B,-,N,,,,,,,,,,Y,4,0,1,1,A,-,08,22107,,N,E,I,A,A,H,-,A,D,0,,,,,Y,,A,01,0,0,1,0,0,0,0,0,0,"- ","- ",36.5259,-121.8158,MONTEREY,UNINCORPORATED,-121.81493302,36.525528850000001
6896950,2015,2016-11-03,9730,2015-04-17,0054,020931,,5,3,6,2708,0,1,3,,1,068,"RT 68","PORTOLA DR",1056.00,E,N,A,-,Y,MON,5,68,-,-,16.050,H,-,E,Y,3,0,1,1,A,-,01,23152,A,N,H,I,A,A,H,-,D,D,1,,,,,Y,Y,A,01,0,1,0,0,0,0,0,0,0,"- ","- ",36.610300000000002,-121.69105,MONTEREY,SALINAS,-121.69136253000001,36.609846939999997
6896954,2015,2015-05-12,9730,2015-04-22,0855,020970,,3,1,9,2700,0,3,5,,2,003,"CORRAL DE TIERRA RD","CASTLEROCK RD",528.00,N,N,B,-,N,,,,,,,,,,Y,4,0,2,2,A,-,05,21460,A,N,B,C,A,A,H,-,A,D,0,,,,,Y,,A,01,0,0,2,0,0,0,0,0,0,"- ","- ",36.5578,-121.7328,MONTEREY,UNINCORPORATED,-121.73260308,36.558212840000003
6896958,2015,2016-11-03,9730,2015-04-25,2220,020598,,6,3,9,2700,0,1,3,,1,068,"RT 68","SAN BENANCIO RD",500.00,E,N,A,-,Y,MON,5,68,-,-,13.420,H,-,E,Y,4,0,1,1,A,-,01,23152,A,N,E,I,A,A,D,-,D,D,0,,,,,Y,Y,A,01,0,0,1,0,0,0,0,0,0,"- ","- ",36.58005,-121.72022,MONTEREY,UNINCORPORATED,-121.71949866999999,36.580471410000001
6886653,2015,2016-11-03,2706,2015-04-17,1819,117,MPD,5,5,4,2706,0,0,0,,0,003,"RT 68","RT 68 2959",62.00,W,N,A,-,Y,MON,5,68,-,-,6.920,H,-,W,Y,4,0,2,2,A,-,03,22350,,N,C,C,A,A,H,-,A,D,0,,,,,Y,,A,01,0,0,2,0,0,0,0,0,0,"- ","- ",,,MONTEREY,MONTEREY,-121.82690516,36.580096730000001
6886706,2015,2015-04-25,2706,2015-04-17,1640,949,,5,5,4,2706,0,0,0,,0,002,"FIGUEROA ST","DEL MONTE",204.00,N,N,A,-,N,,,,,,,,,,N,3,0,1,2,A,-,09,21803,A,N,D,G,A,A,H,-,A,D,0,,Y,,,Y,,A,07,0,1,0,0,0,0,1,0,0,"- ","- ",,,MONTEREY,MONTEREY,-121.88993526,36.600814079999999
6886721,2015,2015-04-27,2706,2015-04-02,0930,142,2706,4,5,4,2706,0,0,0,,0,002,"BONIFACIO PL","ADAMS ST",35.00,W,N,A,-,N,,,,,,,,,,N,4,0,1,2,A,-,21,22106,,N,D,C,A,A,H,-,A,D,0,,,Y,,Y,,A,07,0,0,1,0,0,0,0,0,1,"- ","- ",,,MONTEREY,MONTEREY,-121.89188675,36.598549640000002
6886790,2015,2015-04-27,2706,2015-04-16,1701,119,2706,4,5,4,2706,0,0,0,,0,001,"LIGHTHOUSE AV","IRVING AV",2.00,S,N,A,-,N,,,,,,,,,,N,4,0,1,2,A,-,10,21950,A,N,G,B,B,A,H,-,A,A,0,Y,,,,Y,,A,01,0,0,1,0,1,0,0,0,0,"- ","- ",,,MONTEREY,MONTEREY,-121.90361621,36.615825430000001
6886794,2015,2015-04-27,2706,2015-04-15,1323,627,MPD,3,5,4,2706,0,0,0,,0,002,"FREMONT ST","MAJOR SHERMAN LN",39.00,W,N,A,-,N,,,,,,,,,,Y,4,0,1,3,A,-,03,22350,,N,C,C,A,A,H,-,A,A,0,,,,,Y,,A,07,0,0,1,0,0,0,0,0,0,"- ","- ",,,MONTEREY,MONTEREY,-121.89105266,36.595186169999998
6886798,2015,2015-04-27,2706,2015-04-10,0904,590,MONTE,5,5,4,2706,0,0,0,,0,003,"10TH ST","8TH ST",185.00,E,N,A,-,N,,,,,,,,,,Y,3,0,1,1,A,-,03,22350,,N,F,J,A,A,H,-,A,D,0,,,Y,,Y,,C,02,0,1,0,0,0,0,0,0,1,"- ","- ",,,MONTEREY,MONTEREY,-121.88141228000001,36.593718410000001
6887784,2015,2015-04-28,2706,2015-04-01,1758,335,2706,3,5,4,2706,0,0,0,,0,001,"JEFFERSON ST","LARKIN ST",0.00,,Y,A,-,N,,,,,,,,,,Y,3,0,1,1,A,-,03,22350,,N,E,I,A,A,H,-,A,D,0,,,,,Y,,A,01,0,1,0,0,0,0,0,0,0,"- ","- ",,,MONTEREY,MONTEREY,-121.89928998000001,36.59902005
6888060,2015,2015-05-05,2708,2015-01-15,0810,52823,,4,5,6,2708,0,0,0,,0,,"LARKIN ST","FLINT WY",125.00,E,N,A,-,N,,,,,,,,,,N,3,0,1,2,A,-,11,21954,A,N,G,B,D,A,H,-,A,D,0,Y,,,,Y,,N,60,0,1,0,0,1,0,0,0,0,"- ","- ",,,MONTEREY,SALINAS,-121.66328625,36.691699540000002
6888564,2015,2015-07-30,2708,2015-01-12,1210,52823,,1,5,6,2708,0,0,0,,0,,"W ALISAL ST","WEST ACACIA ST",0.00,,Y,A,-,N,,,,,,,,,,Y,4,0,1,3,A,-,12,21453,A,N,F,C,A,A,H,-,A,A,0,,,,,Y,,A,07,0,0,1,0,0,0,0,0,0,"- ","- ",,,MONTEREY,SALINAS,-121.67269989,36.669460030000003
6888575,2015,2016-02-16,2708,2015-02-17,2212,59156,,2,5,6,2708,0,0,0,,0,011,"MESQUITE DR","EAST BORONDA RD",24.00,S,N,A,-,N,,,,,,,,,,N,3,0,1,2,A,-,10,21950,A,N,D,B,B,A,H,-,C,D,0,Y,,,,Y,,N,60,0,1,0,0,1,0,0,0,0,"- ","- ",,,MONTEREY,SALINAS,-121.59768826,36.697143590000003
6888745,2015,2016-04-13,2708,2015-02-13,2015,59156,SALIN,5,5,6,2708,0,0,0,,0,005,"NORTH MAIN ST","NAVAJO DR",42.00,N,N,A,-,N,,,,,,,,,,Y,3,0,1,2,-,-,"- ",,,N,A,B,D,A,H,-,C,D,0,Y,,,,Y,,-,"- ",0,1,0,0,1,0,0,0,0,"- ","- ",,,MONTEREY,SALINAS,-121.65327133,36.705814099999998
6888749,2015,2016-02-16,2708,2015-02-10,0728,52823,,2,5,6,2708,0,0,0,,0,,"BLANCO RD","LOS OLIVOS DR",0.00,,Y,A,-,N,,,,,,,,,,N,4,0,2,3,A,-,12,21453,A,N,D,C,A,A,H,-,A,A,0,,,,,Y,,-,,0,0,2,0,0,0,0,0,0,"- ","- ",,,MONTEREY,SALINAS,-121.66875999,36.661160070000001
6909186,2015,2015-05-26,2708,2015-04-12,2331,05048,,7,5,6,2708,0,0,0,,0,003,"EAST BORONDA RD","NATIVIDAD RD",36.00,W,N,A,-,N,,,,,,,,,,Y,4,0,1,1,A,-,03,22350,,N,-,I,A,A,H,-,C,A,0,,,,,Y,,-,,0,0,1,0,0,0,0,0,0,"- ","- ",,,MONTEREY,SALINAS,-121.62364128999999,36.715555700000003
6909190,2015,2015-05-26,2708,2015-04-04,1745,30350,,6,5,6,2708,0,0,0,,0,012,"WILLIAMS RD","GARNER AV",20.00,S,N,A,-,N,,,,,,,,,,N,4,0,1,2,A,-,21,22106,,N,D,C,A,A,H,-,A,D,0,,,,,Y,,-,,0,0,1,0,0,0,0,0,0,"- ","- ",,,MONTEREY,SALINAS,-121.60865569000001,36.678728270000001
6909298,2015,2015-10-01,2711,2015-04-11,1009,4141,2711,6,5,3,2711,0,0,0,,0,001,"MARKET ST","KIDDER ST",0.00,,Y,A,-,N,,,,,,,,,,Y,4,0,1,2,A,-,09,21800,A,N,D,C,A,A,H,-,A,A,0,,,,,Y,,A,01,0,0,1,0,0,0,0,0,0,"- ","- ",,,MONTEREY,SOLEDAD,-121.32514998000001,36.427610049999998
6910483,2015,2015-05-15,9730,2015-04-21,1940,020933,,2,2,9,2700,0,2,4,,1,075,"MURPHY RD","SAN JUAN RD",0.00,,Y,B,-,N,,,,,,,,,,Y,4,0,1,2,A,-,09,21802,B,N,D,C,A,A,H,-,A,A,0,,,,,Y,,A,01,0,0,1,0,0,0,0,0,0,"- ","- ",36.896369999999997,-121.67621,MONTEREY,UNINCORPORATED,-121.67607999000001,36.896410070000002
6910484,2015,2016-09-29,9730,2015-04-11,1630,020621,,6,2,9,2700,0,1,3,,1,014,"RT 1","LITTLE SUR RIVER BR",4752.00,S,N,A,-,Y,MON,5,1,-,-,55.200,H,-,N,Y,2,0,1,1,A,-,08,22107,,N,E,I,A,A,H,-,A,D,0,,,Y,,Y,,C,02,1,0,0,0,0,0,0,0,1,"- ","- ",36.294739999999997,-121.86538,MONTEREY,UNINCORPORATED,-121.89387846,36.324552959999998
6910487,2015,2017-01-04,9730,2015-04-19,1805,020896,,7,2,9,2700,0,1,2,,1,070,"RT 101","RT 156",155.00,N,N,B,-,Y,MON,5,101,-,-,95.470,H,-,N,Y,3,0,3,2,A,-,03,22350,,N,C,C,A,A,H,-,A,D,5,,,,,Y,,A,07,0,1,2,0,0,0,0,0,0,"- ","- ",36.790230000000001,-121.66737000000001,MONTEREY,UNINCORPORATED,-121.66736315,36.79009611
6910488,2015,2015-05-15,9730,2015-04-15,1711,018820,,3,2,9,2700,0,3,5,,2,007,"ELKHORN RD","WERNER RD",0.00,,Y,A,-,N,,,,,,,,,,N,3,0,1,2,A,-,08,22107,,N,D,C,A,A,H,-,A,A,0,,,,,Y,,A,07,0,1,0,0,0,0,0,0,0,"- ","- ",36.878860000000003,-121.74723,MONTEREY,UNINCORPORATED,-121.74722986,36.878980040000002