CASE_ID,ACCIDENT_YEAR,PROC_DATE,JURIS,COLLISION_DATE,COLLISION_TIME,OFFICER_ID,REPORTING_DISTRICT,DAY_OF_WEEK,CHP_SHIFT,POPULATION,CNTY_CITY_LOC,SPECIAL_COND,BEAT_TYPE,CHP_BEAT_TYPE,CITY_DIVISION_LAPD,CHP_BEAT_CLASS,BEAT_NUMBER,PRIMARY_RD,SECONDARY_RD,DISTANCE,DIRECTION,INTERSECTION,WEATHER_1,WEATHER_2,STATE_HWY_IND,CALTRANS_COUNTY,CALTRANS_DISTRICT,STATE_ROUTE,ROUTE_SUFFIX,POSTMILE_PREFIX,POSTMILE,LOCATION_TYPE,RAMP_INTERSECTION,SIDE_OF_HWY,TOW_AWAY,COLLISION_SEVERITY,NUMBER_KILLED,NUMBER_INJURED,PARTY_COUNT,PRIMARY_COLL_FACTOR,PCF_CODE_OF_VIOL,PCF_VIOL_CATEGORY,PCF_VIOLATION,PCF_VIOL_SUBSECTION,HIT_AND_RUN,TYPE_OF_COLLISION,MVIW,PED_ACTION,ROAD_SURFACE,ROAD_COND_1,ROAD_COND_2,LIGHTING,CONTROL_DEVICE,CHP_ROAD_TYPE,PEDESTRIAN_ACCIDENT,BICYCLE_ACCIDENT,MOTORCYCLE_ACCIDENT,TRUCK_ACCIDENT,NOT_PRIVATE_PROPERTY,ALCOHOL_INVOLVED,STWD_VEHTYPE_AT_FAULT,CHP_VEHTYPE_AT_FAULT,COUNT_SEVERE_INJ,COUNT_VISIBLE_INJ,COUNT_COMPLAINT_PAIN,COUNT_PED_KILLED,COUNT_PED_INJURED,COUNT_BICYCLIST_KILLED,COUNT_BICYCLIST_INJURED,COUNT_MC_KILLED,COUNT_MC_INJURED,PRIMARY_RAMP,SECONDARY_RAMP,LATITUDE,LONGITUDE,COUNTY,CITY,POINT_X,POINT_Y
6910491,2015,2016-09-29,9730,2015-04-17,1655,021009,,5,2,9,2700,0,1,3,,2,062,"RT 1","SOLEDAD DR",180.00,N,N,A,-,Y,MON,5,1,-,R,76.180,R,2,N,Y,4,0,1,3,A,-,03,22350,,N,C,C,A,A,H,-,A,D,1,,,,,Y,,A,01,0,0,1,0,0,0,0,0,0,"- ","- ",36.581829999999997,-121.89821999999999,MONTEREY,UNINCORPORATED,-121.89660369000001,36.58234315
6910492,2015,2016-09-29,9730,2015-04-12,1040,020981,,7,1,9,2700,0,1,3,,1,022,"RT 1","MORSE DR",0.00,,Y,A,-,Y,MON,5,1,-,-,73.590,H,-,S,Y,4,0,2,3,A,-,03,22350,,N,C,C,A,A,H,-,A,A,0,,,,,Y,,A,01,0,0,2,0,0,0,0,0,0,"- ","- ",36.552990000000001,-121.91058,MONTEREY,UNINCORPORATED,-121.91065199000001,36.552764109999998
6910495,2015,2015-05-15,9730,2015-04-17,1735,021009,,5,2,9,2700,0,3,5,,2,006,"DAVIS RD","RESERVATION RD",70.00,N,N,A,-,N,,,,,,,,,,Y,3,0,1,1,A,-,03,22350,,N,E,I,A,A,H,-,A,A,0,,,,,Y,,A,01,0,1,0,0,0,0,0,0,0,"- ","- ",36.641849999999998,-121.70641999999999,MONTEREY,UNINCORPORATED,-121.70641835000001,36.641905450000003
6910497,2015,2015-05-15,9730,2015-04-04,1000,020896,,6,1,6,2708,0,2,4,,2,063,"DAVIS RD","BLANCO RD",10.00,N,N,A,-,N,,,,,,,,,,N,4,0,1,2,A,-,03,22350,,N,C,C,A,A,H,-,A,A,0,,,,,Y,,A,01,0,0,1,0,0,0,0,0,0,"- ","- ",36.667079999999999,-121.68506000000001,MONTEREY,SALINAS,-121.68508995000001,36.66682222
6888884,2015,2015-05-11,2708,2015-03-15,0828,27345,,7,5,6,2708,0,0,0,,0,,"SHERWOOD DR","EAST BERNAL DR",0.00,,Y,A,-,N,,,,,,,,,,,3,0,1,2,A,-,03,22350,,N,C,C,A,A,H,-,A,A,0,,,,,Y,,-,,0,1,0,0,0,0,0,0,0,"- ","- ",,,MONTEREY,SALINAS,-121.64345993000001,36.692240089999999
6888888,2015,2015-04-24,2708,2015-03-09,0549,96860,,1,5,6,2708,0,0,0,,0,009,"HARKINS RD","ABBOTT ST",100.00,W,N,B,-,N,,,,,,,,,,N,3,0,1,2,A,-,05,21650,,F,B,G,A,A,H,-,C,D,0,,Y,,,Y,,L,04,0,1,0,0,0,0,1,0,0,"- ","- ",,,MONTEREY,SALINAS,-121.62689426,36.65317417
6888912,2015,2015-04-24,2708,2015-03-01,1459,31974,,7,5,6,2708,0,0,0,,0,,"MCKINNON ST","EAST BORONDA RD",0.00,,Y,A,-,N,,,,,,,,,,N,3,0,1,2,A,-,05,21650,,N,D,G,A,A,H,-,A,A,0,,Y,,,Y,,L,04,0,1,0,0,0,0,1,0,0,"- ","- ",,,MONTEREY,SALINAS,-121.64365988,36.71707009
6888927,2015,2015-04-24,2708,2015-03-19,2312,23293,,4,5,6,2708,0,0,0,,0,003,"EAST LAUREL DR","CONSTITUTION BL",15.00,W,N,A,-,N,,,,,,,,,,Y,4,0,1,2,A,-,03,22350,,N,D,C,A,A,H,-,C,A,0,,,,,Y,,-,,0,0,1,0,0,0,0,0,0,"- ","- ",,,MONTEREY,SALINAS,-121.63235138,36.694514239999997
6888955,2015,2015-04-24,2708,2015-03-09,1508,18355,SPD,1,5,6,2708,0,0,0,,0,009,"BLANCO RD","BLANCO CIR",350.00,E,N,A,-,N,,,,,,,,,,Y,3,0,1,1,A,-,08,22107,,N,E,I,A,A,H,-,A,D,0,,,,,Y,,-,,0,1,0,0,0,0,0,0,0,"- ","- ",,,MONTEREY,SALINAS,-121.6367123,36.655687569999998
6888959,2015,2016-02-16,2708,2015-03-04,2044,59156,SALIN,3,5,6,2708,0,0,0,,0,010,"JOHN ST","TULIP CIR",39.00,E,N,A,-,N,,,,,,,,,,Y,3,0,1,2,A,-,01,23152,A,N,C,E,A,A,H,-,C,D,0,,,,,Y,Y,-,,0,1,0,0,0,0,0,0,0,"- ","- ",,,MONTEREY,SALINAS,-121.63179033,36.669656179999997
6890104,2015,2016-10-03,9730,2015-03-30,0625,020933,,1,1,9,2700,0,1,3,,1,068,"RT 68","BOOTS RD",0.00,,Y,A,-,Y,MON,5,68,-,-,9.890,I,5,E,Y,4,0,1,2,A,-,09,21453,C,N,D,C,A,A,H,-,C,A,0,,,,,Y,,A,01,0,0,1,0,0,0,0,0,0,"- ","- ",,,MONTEREY,UNINCORPORATED,-121.77877888,36.567603220000002
6890416,2015,2015-04-29,9730,2015-04-08,1245,015160,,3,1,9,2700,0,2,4,,1,075,"SAN JUAN RD","MURPHY RD",0.00,,Y,A,-,N,,,,,,,,,,Y,4,0,1,2,A,-,09,21801,A,N,A,C,A,A,H,-,A,D,0,,,,,Y,,A,01,0,0,1,0,0,0,0,0,0,"- ","- ",,,MONTEREY,UNINCORPORATED,-121.67607999000001,36.896410070000002
6890417,2015,2016-11-03,9730,2015-04-07,0909,018766,,2,1,9,2700,0,1,3,,1,024,"RT 68","SKYLINE FOREST DR",1320.00,W,N,B,C,Y,MON,5,68,-,-,3.120,H,-,W,Y,4,0,2,2,A,-,05,21460,A,N,A,C,A,B,H,-,A,D,0,,,,,Y,,A,01,0,0,2,0,0,0,0,0,0,"- ","- ",,,MONTEREY,UNINCORPORATED,-121.92107857000001,36.588830639999998
6890418,2015,2017-01-04,9730,2015-04-08,1918,019127,,3,2,9,2700,0,1,2,,1,030,"RT 101","CAMPHORA GLORIA RD",50.00,N,N,A,-,Y,MON,5,101,-,-,64.640,H,-,S,Y,3,0,1,2,A,-,08,22107,,N,B,C,A,A,H,-,A,D,1,,,,,Y,,A,01,0,1,0,0,0,0,0,0,0,"- ","- ",,,MONTEREY,UNINCORPORATED,-121.36311712,36.449056820000003
6890419,2015,2016-09-30,9730,2015-04-01,1720,019529,,3,2,9,2700,0,1,3,,2,062,"RT 1","RT 68",250.00,N,N,A,-,Y,MON,5,1,-,R,78.070,R,2,S,Y,3,0,1,2,A,-,03,22350,,N,C,C,A,A,H,-,A,D,1,,,,,Y,,A,01,0,1,0,0,0,0,0,0,0,TO,"- ",,,MONTEREY,UNINCORPORATED,-121.86932242,36.59486922
6890420,2015,2015-04-29,9730,2015-04-06,2350,020990,,1,3,9,2700,0,3,5,,2,007,"CASTROVILLE BL","ARCHER RD",1584.00,W,N,B,-,N,,,,,,,,,,Y,3,0,1,1,A,-,08,22107,,N,F,A,A,A,H,-,D,D,0,,,,,Y,,A,01,0,1,0,0,0,0,0,0,0,"- ","- ",,,MONTEREY,UNINCORPORATED,-121.70844039000001,36.794691149999998
6890421,2015,2015-04-29,9730,2015-04-01,0800,13024,,3,1,9,2700,0,3,5,,2,004,"LINCOLN ST","CLAY ST",0.00,,Y,A,-,N,,,,,,,,,,N,4,0,1,2,A,-,03,22350,,N,G,B,D,A,H,-,A,D,0,Y,,,,Y,,A,01,0,0,1,0,1,0,0,0,0,"- ","- ",,,MONTEREY,UNINCORPORATED,-121.51478998,36.570020030000002
6890422,2015,2016-11-03,9730,2015-04-07,1530,14584,,2,2,9,2700,0,1,3,,1,068,"RT 68","LAURELES GRADE RD",150.00,E,N,B,-,Y,MON,5,68,-,-,11.250,H,-,W,Y,4,0,4,4,A,-,03,22350,,N,C,C,A,A,H,-,A,A,0,,,,,Y,,A,01,0,0,4,0,0,0,0,0,0,"- ","- ",,,MONTEREY,UNINCORPORATED,-121.75515061999999,36.569620520000001
6890423,2015,2017-01-04,9730,2015-04-09,2010,019934,,4,2,9,2700,0,1,2,,1,050,"RT 101","HARTNELL RD",1056.00,S,N,A,-,Y,MON,5,101,-,-,81.850,H,-,N,Y,4,0,2,3,A,-,03,22350,,N,C,C,A,A,D,-,D,D,5,,,,,Y,Y,A,01,0,0,2,0,0,0,0,0,0,"- ","- ",,,MONTEREY,UNINCORPORATED,-121.57791408999999,36.62082316
6890424,2015,2016-05-23,9730,2015-04-10,0220,020903,,5,3,9,2700,0,3,5,,2,007,"SALINAS RD","BAY FARMS RD",316.00,W,N,A,-,N,,,,,,,,,,Y,4,0,1,1,A,-,08,22107,,M,E,I,A,A,H,-,D,D,0,,,,,Y,,A,01,0,0,1,0,0,0,0,0,0,"- ","- ",,,MONTEREY,UNINCORPORATED,-121.76355642,36.872367429999997
6890432,2015,2015-04-29,2708,2015-04-11,2117,08067,,6,5,6,2708,0,0,0,,0,010,"NORTH SANBORN RD","EAST MARKET ST",75.00,E,N,A,-,N,,,,,,,,,,Y,4,0,1,2,A,-,01,23152,A,N,C,C,A,A,H,-,C,A,0,,,,,Y,Y,-,,0,0,1,0,0,0,0,0,0,"- ","- ",,,MONTEREY,SALINAS,-121.62698444,36.676641119999999
6890477,2015,2017-01-04,9735,2015-04-08,1515,016696,,3,2,3,2704,0,1,2,,1,040,"RT 101","THORNE RD",800.00,S,N,B,-,Y,MON,5,101,-,-,54.640,H,-,S,Y,3,0,2,2,A,-,03,22350,,N,C,C,A,A,D,-,A,D,1,,,,,Y,,A,01,0,1,1,0,0,0,0,0,0,"- ","- ",36.337310000000002,-121.25281,MONTEREY,GREENFIELD,-121.25340623,36.337611500000001
6890478,2015,2017-01-04,9735,2015-04-16,0605,017681,,4,1,9,2700,0,1,2,,1,041,"RT 101","JOLON RD",250.00,S,N,A,-,Y,MON,5,101,-,R,41.900,H,-,N,Y,4,0,1,1,A,-,08,22107,,N,A,I,A,A,H,-,B,D,5,,,,,Y,,A,01,0,0,1,0,0,0,0,0,0,"- ","- ",36.198230000000002,-121.14671,MONTEREY,UNINCORPORATED,-121.14702997000001,36.198065730000003
6890479,2015,2015-04-30,9735,2015-04-10,0700,019965,,5,1,9,2700,0,3,5,,2,002,"INTERLAKE RD","JOLON RD",23232.00,S,N,A,-,N,,,,,,,,,,Y,4,0,1,1,A,-,08,22107,,N,F,J,A,A,H,-,A,D,0,,,,,Y,,A,01,0,0,1,0,0,0,0,0,0,"- ","- ",35.88693,-121.06870000000001,MONTEREY,UNINCORPORATED,-121.06681288999999,35.885940140000002
6890502,2015,2015-05-01,9730,2015-04-08,0820,14584,,3,1,9,2700,0,3,5,,2,002,"LAURELES GRADE RD","MIRAMONTE RD",100.00,S,N,B,-,N,,,,,,,,,,Y,4,0,2,2,A,-,03,22350,,N,C,C,A,A,H,-,A,D,0,,,,,Y,,A,01,0,0,2,0,0,0,0,0,0,"- ","- ",,,MONTEREY,UNINCORPORATED,-121.75295414,36.507086379999997
6890512,2015,2016-06-18,9730,2015-04-06,2017,20931,,1,2,9,2700,0,3,5,,2,006,"WOOD ST","RT 183",200.00,E,N,A,-,N,,,,,,,,,,Y,3,0,1,3,A,-,01,23152,A,N,C,E,A,A,H,-,C,D,0,,,,,Y,Y,D,22,0,1,0,0,0,0,0,0,0,"- ","- ",,,MONTEREY,UNINCORPORATED,,
6890513,2015,2015-05-01,9730,2015-04-05,2105,020065,,7,2,9,2700,0,3,5,,2,004,"OLD STAGE RD","RT 101",115.00,E,N,-,-,N,,,,,,,,,,Y,3,0,1,1,A,-,01,23152,A,N,E,I,A,A,H,-,D,D,0,,,,,Y,Y,D,22,0,1,0,0,0,0,0,0,0,"- ","- ",36.530380000000001,-121.47308,MONTEREY,UNINCORPORATED,-121.46417,36.523670000000003
6900258,2015,2016-04-13,2708,2015-01-15,0916,52823,,4,5,6,2708,0,0,0,,0,,"NORTH MAIN ST","MADRID ST",0.00,,Y,A,-,N,,,,,,,,,,N,4,0,1,2,A,-,10,21950,A,N,G,B,B,-,H,-,A,A,0,Y,,,,Y,,-,,0,0,1,0,1,0,0,0,0,"- ","- ",,,MONTEREY,SALINAS,-121.65468988000001,36.713270059999999
6900262,2015,2016-02-16,2708,2015-01-06,1450,52823,,2,5,6,2708,0,0,0,,0,,"E ALISAL ST","PAJARO ST",0.00,,Y,A,-,N,,,,,,,,,,N,4,0,1,2,A,-,10,21950,A,N,G,B,B,A,H,-,A,A,0,Y,,,,Y,,-,,0,0,1,0,1,0,0,0,0,"- ","- ",,,MONTEREY,SALINAS,-121.65255986,36.674120000000002
6900266,2015,2015-05-22,2708,2015-01-05,0937,52823,,1,5,6,2708,0,0,0,,0,,"E ACACIA ST","PAJARO ST",0.00,,Y,A,-,N,,,,,,,,,,N,4,0,1,2,A,-,09,21802,A,N,D,C,A,A,H,-,A,A,0,,,,,Y,,-,,0,0,1,0,0,0,0,0,0,"- ","- ",,,MONTEREY,SALINAS,-121.65461992,36.66368009
6900284,2015,2015-05-11,2706,2015-03-28,1700,301,MONT,6,5,4,2706,0,0,0,,0,003,"DEL MONTE",AGUAJITO,58.00,E,N,A,-,N,,,,,,,,,,Y,4,0,1,2,A,-,03,22350,,N,C,C,A,A,H,-,A,A,0,,,,,Y,,A,08,0,0,1,0,0,0,0,0,0,"- ","- ",,,MONTEREY,MONTEREY,,
6902366,2015,2016-11-03,9730,2015-04-16,1717,20970,730,4,2,6,2708,0,1,3,,1,068,"RT 68","CORRAL DE TIERRA TER",1584.00,W,N,A,-,Y,MON,5,68,-,-,12.650,H,-,E,Y,4,0,1,2,A,-,03,22350,,N,C,C,A,A,H,-,A,D,0,,,,,Y,,A,01,0,0,1,0,0,0,0,0,0,"- ","- ",36.576540000000001,-121.73202999999999,MONTEREY,SALINAS,-121.73188933,36.576659749999997
6905010,2015,2015-10-01,9730,2015-04-18,1322,19837,,6,1,9,2700,0,2,4,,1,075,"SAN JUAN RD","SUMMERLAND RD",605.00,W,N,A,-,N,,,,,,,,,,Y,1,1,3,2,A,-,03,22350,,N,C,C,A,A,H,-,A,D,0,,,,,Y,,A,07,0,2,1,0,0,0,0,0,0,"- ","- ",36.862549999999999,-121.66195,MONTEREY,UNINCORPORATED,-121.6619429,36.862545750000002
6905037,2015,2015-05-07,9730,2015-03-27,1950,20990,,5,2,9,2700,0,3,5,,2,007,"CHARTER OAK BL","HOLLY OAK WY",720.00,E,N,B,G,N,,,,,,,,,,Y,4,0,1,2,A,-,21,22106,,N,D,C,A,A,H,-,D,D,0,,,,,Y,,A,07,0,0,1,0,0,0,0,0,0,"- ","- ",36.781910000000003,-121.70050000000001,MONTEREY,UNINCORPORATED,-121.70062014,36.781812109999997
6905305,2015,2015-07-01,2708,2015-05-04,1530,52823,,1,5,6,2708,0,0,0,,0,,"EAST BORONDA RD","MCKINNON ST",450.00,E,N,B,-,N,,,,,,,,,,Y,3,0,1,2,A,-,05,21651,A,N,A,C,A,A,H,-,A,D,0,,,,,Y,,-,,0,1,0,0,0,0,0,0,0,"- ","- ",,,MONTEREY,SALINAS,-121.64215356,36.716830739999999
6905703,2015,2017-04-04,9735,2015-04-11,2302,20057,,6,3,9,2700,0,1,2,,1,040,"RT 101","HUDSON RD",885.00,N,N,A,-,Y,MON,5,101,-,-,56.110,H,-,N,Y,1,1,0,2,A,-,11,21954,A,N,G,B,E,A,H,-,C,D,4,Y,,,,Y,Y,N,60,0,0,0,1,0,0,0,0,0,"- ","- ",36.354770000000002,-121.26939,MONTEREY,UNINCORPORATED,-121.26938893000001,36.354688039999999
6905707,2015,2015-08-04,9730,2015-04-24,1648,19635,,5,2,9,2700,0,3,5,,2,002,"LAURELES GRADE RD","MIRAMONTE RD",792.00,S,N,A,-,N,,,,,,,,,,Y,1,1,3,2,A,-,05,21460,A,N,A,C,A,A,H,-,A,D,0,,,,,Y,,A,08,2,1,0,0,0,0,0,0,0,"- ","- ",36.505319999999998,-121.75233,MONTEREY,UNINCORPORATED,-121.75238,36.505259119999998
6905894,2015,2015-05-23,2708,2015-04-13,1330,75791,,1,5,6,2708,0,0,0,,0,,"CALIFORNIA ST","HARVEST ST",27.00,N,N,A,-,N,,,,,,,,,,Y,4,0,1,2,A,-,08,22100,B,N,D,C,A,A,H,-,A,D,0,,,,,Y,,J,48,0,0,1,0,0,0,0,0,0,"- ","- ",,,MONTEREY,SALINAS,-121.65054426,36.668331219999999
6907204,2015,2015-05-14,2706,2015-04-14,2026,234,2706,2,5,4,2706,0,0,0,,0,002,"PACIFIC ST","W FRANKLIN ST",0.00,,Y,A,-,N,,,,,,,,,,Y,4,0,3,2,A,-,09,21801,A,N,A,C,A,A,H,-,C,A,0,,,,,Y,,A,07,0,0,3,0,0,0,0,0,0,"- ","- ",,,MONTEREY,MONTEREY,-121.89580997,36.60019011
6890514,2015,2015-05-01,9730,2015-04-03,1520,020896,,5,2,4,2706,0,2,4,,1,073,"SAN MIGUEL CANYON RD","POND DEROSA LN",1320.00,N,N,A,-,N,,,,,,,,,,Y,3,0,2,2,A,-,03,22350,,N,C,C,A,A,H,-,A,D,0,,,,,Y,,D,22,0,1,1,0,0,0,0,0,0,"- ","- ",36.818080000000002,-121.67305,MONTEREY,MONTEREY,-121.67290672999999,36.820180950000001
6927043,2015,2016-11-03,2706,2015-04-28,1606,148,2706,2,5,4,2706,0,0,0,,0,003,"RT 68","CANYON DEL REY BL",2640.00,W,N,A,-,Y,MON,5,68,-,-,6.310,H,-,E,Y,2,0,3,2,A,-,05,21650,,N,A,C,A,A,H,-,A,D,0,,,,,Y,,A,01,2,1,0,0,0,0,0,0,0,"- ","- ",,,MONTEREY,MONTEREY,-121.83716432999999,36.580855620000001
6927044,2015,2015-05-26,2706,2015-04-25,1823,335,2706,6,5,4,2706,0,0,0,,0,001,"HAWTHORNE ST","IRVING AV",0.00,,Y,A,-,N,,,,,,,,,,N,4,0,1,2,A,-,09,21802,A,N,D,C,A,A,H,-,A,D,0,,,,,Y,,A,01,0,0,1,0,0,0,0,0,0,"- ","- ",,,MONTEREY,MONTEREY,-121.90448987000001,36.615350069999998
6927343,2015,2017-01-04,9735,2015-05-04,0413,020057,,1,3,3,2704,0,1,2,,1,040,"RT 101","OAK AV",800.00,N,N,A,-,Y,MON,5,101,-,-,53.510,H,-,S,Y,3,0,2,1,A,-,08,22107,,N,F,A,A,A,H,-,D,D,1,,,,,Y,,A,07,0,2,0,0,0,0,0,0,0,"- ","- ",36.325670000000002,-121.23953,MONTEREY,GREENFIELD,-121.23985765,36.325536040000003
6927344,2015,2015-06-01,9735,2015-05-04,1935,020057,,1,2,9,2700,0,3,5,,2,001,"CENTRAL AV","RT 101",1320.00,W,N,A,-,N,,,,,,,,,,Y,3,0,1,1,A,-,01,23152,A,N,F,A,A,A,H,-,A,D,0,,,,,Y,Y,A,01,0,1,0,0,0,0,0,0,0,"- ","- ",36.2376,-121.18131,MONTEREY,UNINCORPORATED,-121.17835162,36.234837810000002
6927402,2015,2017-01-04,9735,2015-05-03,0300,16696,,7,3,9,2700,0,1,2,,1,040,"RT 101","MAJOR FARMS RD",1584.00,N,N,B,-,Y,MON,5,101,-,-,58.790,H,-,N,Y,4,0,1,1,A,-,01,23152,A,M,E,I,A,A,H,-,D,D,4,,,,,Y,Y,A,01,0,0,1,0,0,0,0,0,0,"- ","- ",36.383540000000004,-121.30034999999999,MONTEREY,UNINCORPORATED,-121.30070726,36.383586170000001
6927405,2015,2015-06-01,9735,2015-05-02,2500,18069,,6,4,9,2700,0,3,5,,2,004,"LOCKWOOD SAN LUCAS RD","RT 101",2640.00,W,N,A,-,N,,,,,,,,,,N,3,0,1,2,D,-,00,,,F,G,B,E,A,H,-,A,D,0,Y,,,,Y,Y,-,"- ",0,1,0,0,1,0,0,0,0,"- ","- ",,,MONTEREY,UNINCORPORATED,-121.03115678,36.108900159999997
6927412,2015,2015-06-11,2706,2015-05-07,2022,949,MPD,4,5,4,2706,0,0,0,,0,002,"PACIFIC ST","MADISON ST",0.00,,Y,B,-,N,,,,,,,,,,Y,4,0,1,2,A,-,09,21801,A,N,D,C,A,B,H,-,C,A,0,,,,,Y,,A,01,0,0,1,0,0,0,0,0,0,"- ","- ",,,MONTEREY,MONTEREY,-121.89709996000001,36.59681003
6927415,2015,2015-06-08,2706,2015-05-06,1256,505,2706,3,5,4,2706,0,0,0,,0,002,"MUNRAS AV","SOLEDAD DR",41.00,S,N,B,-,N,,,,,,,,,,N,4,0,2,2,A,-,21,22106,,N,C,C,A,A,H,-,A,D,0,,,,,Y,,A,01,0,0,2,0,0,0,0,0,0,"- ","- ",,,MONTEREY,MONTEREY,-121.90193413999999,36.583264530000001
6927416,2015,2015-06-08,2706,2015-05-14,1647,119,MPD,4,5,4,2706,0,0,0,,0,003,"DEL MONTE AV","PARK AV",30.00,E,N,A,-,N,,,,,,,,,,Y,3,0,1,1,A,-,03,22350,,N,F,I,A,A,H,-,A,D,0,,,Y,,Y,,C,02,0,1,0,0,0,0,0,0,1,"- ","- ",,,MONTEREY,MONTEREY,-121.8821878,36.59992819
6929611,2015,2015-06-01,2712,2015-04-27,1600,274,,1,5,3,2712,0,0,0,,0,001,"BEACH RD","MARINA DR",96.00,W,N,A,-,N,,,,,,,,,,N,4,0,1,2,A,-,09,21804,A,N,H,A,A,A,H,-,A,A,0,,,Y,,Y,,A,07,0,0,1,0,0,0,0,0,1,"- ","- ",,,MONTEREY,MARINA,-121.79916913,36.694457380000003
6907208,2015,2015-06-10,2706,2015-04-17,1132,183,MPD,5,5,4,2706,0,0,0,,0,003,"RECREATION TRL","CASA VERDE WY",0.00,,Y,A,-,N,,,,,,,,,,N,3,0,1,2,D,-,00,,,N,D,G,A,A,H,-,C,D,0,,Y,,,Y,,-,"- ",0,1,0,0,0,0,1,0,0,"- ","- ",,,MONTEREY,MONTEREY,,
6907228,2015,2015-05-14,2706,2015-04-19,1512,557,2706,7,5,4,2706,0,0,0,,0,002,"DEL MONTE AV","TYLER ST",0.00,,Y,B,-,N,,,,,,,,,,Y,4,0,2,2,A,-,12,21453,A,N,D,C,A,A,H,-,A,A,0,,,,,Y,,A,01,0,0,2,0,0,0,0,0,0,"- ","- ",,,MONTEREY,MONTEREY,-121.89317991,36.600770109999999
6907232,2015,2015-05-14,2706,2015-04-15,1846,234,2706,3,5,4,2706,0,0,0,,0,001,"LIGHTHOUSE AV","MCCLELLAN AV",23.00,N,N,A,-,N,,,,,,,,,,Y,3,0,1,3,A,-,03,22350,,N,C,C,A,A,H,-,A,A,0,,,,,Y,,A,01,0,1,0,0,0,0,0,0,0,"- ","- ",,,MONTEREY,MONTEREY,-121.90086422,36.612562169999997
6907243,2015,2015-05-13,2706,2015-04-08,1519,627,MPD,3,5,4,2706,0,0,0,,0,001,"FRANKLIN ST","CLAY ST",0.00,,Y,A,-,N,,,,,,,,,,Y,3,0,3,2,A,-,09,21802,A,N,D,G,A,A,H,-,A,A,0,,Y,,,Y,,A,01,0,3,0,0,0,0,1,0,0,"- ","- ",,,MONTEREY,MONTEREY,-121.90213989999999,36.601680080000001
6907247,2015,2015-05-14,2706,2015-04-22,1743,234,2706,3,5,4,2706,0,0,0,,0,002,"WEBSTER ST","ABREGO ST",0.00,,Y,B,-,N,,,,,,,,,,N,3,0,1,2,A,-,09,21802,A,N,D,C,A,A,H,-,A,A,0,,,,,Y,,A,01,0,1,0,0,0,0,0,0,0,"- ","- ",,,MONTEREY,MONTEREY,-121.89232,36.596690100000004
6907251,2015,2015-05-13,2706,2015-04-21,1108,505,2706,2,5,4,2706,0,0,0,,0,002,"ABREGO ST","PEARL ST",0.00,,Y,B,-,N,,,,,,,,,,N,3,0,1,2,A,-,11,21950,B,N,G,B,B,A,H,-,A,A,0,Y,,,,Y,,N,60,0,1,0,0,1,0,0,0,0,"- ","- ",,,MONTEREY,MONTEREY,-121.89272994,36.597850049999998
6936429,2015,2016-11-03,9730,2015-05-12,1800,20981,,2,2,9,2700,0,1,3,,1,024,"RT 68","SCENIC DR",250.00,W,N,A,-,Y,MON,5,68,-,-,8.860,H,-,W,Y,4,0,2,2,A,-,03,22350,,N,C,C,A,A,H,-,A,A,0,,,,,Y,,D,22,0,0,2,0,0,0,0,0,0,"- ","- ",36.578580000000002,-121.91491000000001,MONTEREY,UNINCORPORATED,-121.79616614,36.569170309999997
6936437,2015,2017-01-09,9730,2015-05-09,2042,20990,,6,2,9,2700,0,1,3,,1,072,"RT 156","MCGUFFIE RD",0.00,,Y,B,-,Y,MON,5,156,-,R,4.770,I,5,E,Y,3,0,1,2,A,-,09,21804,A,N,B,C,A,A,H,-,D,A,0,,,Y,,Y,,D,22,0,1,0,0,0,0,0,0,1,"- ","- ",36.788649999999997,-121.67504,MONTEREY,UNINCORPORATED,-121.69238396999999,36.783123379999999
6936441,2015,2015-06-17,9730,2015-05-07,1405,13024,,4,2,9,2700,0,3,5,,2,003,"CHUALAR RIVER RD","FOLETTA RD",528.00,N,N,B,C,N,,,,,,,,,,Y,4,0,1,1,A,-,03,22350,,N,E,I,A,B,H,-,A,D,0,,,,,Y,,D,22,0,0,1,0,0,0,0,0,0,"- ","- ",,,MONTEREY,UNINCORPORATED,-121.51763024,36.566883269999998
6936449,2015,2017-01-04,9730,2015-04-09,1537,20970,730,4,2,9,2700,0,1,2,,1,050,"RT 101","GOULD RD",6864.00,N,N,A,-,Y,MON,5,101,-,-,83.870,H,-,S,Y,2,0,2,2,A,-,08,22107,A,N,E,I,A,A,H,-,A,D,5,,,,Y,Y,,G,25,1,1,0,0,0,0,0,0,0,"- ","- ",36.639299999999999,-121.60299999999999,MONTEREY,UNINCORPORATED,-121.60455214,36.640035959999999
6936457,2015,2017-01-28,9730,2015-05-14,1720,020391,,4,2,9,2700,0,1,2,,1,030,"RT 101","SPENCE RD",0.00,,Y,B,C,Y,MON,5,101,-,-,81.030,I,5,N,Y,4,0,1,6,A,-,03,22350,,N,C,C,A,B,H,-,A,D,5,,,,,Y,,D,22,0,0,1,0,0,0,0,0,0,"- ","- ",36.364690000000003,-121.34117999999999,MONTEREY,UNINCORPORATED,-121.56702095999999,36.612881909999999
6936477,2015,2015-06-17,9730,2015-05-09,2301,21009,,6,3,9,2700,0,1,3,,1,074,"DOLAN RD","CASTROVILLE RD",300.00,W,N,A,-,N,,,,,,,,,,Y,3,0,1,1,A,-,03,22350,,N,H,J,A,A,H,-,D,D,0,,,,,Y,,D,22,0,1,0,0,0,0,0,0,0,"- ","- ",36.7973,-121.72756,MONTEREY,UNINCORPORATED,-121.72560579,36.796861360000001