CASE_ID,ACCIDENT_YEAR,PROC_DATE,JURIS,COLLISION_DATE,COLLISION_TIME,OFFICER_ID,REPORTING_DISTRICT,DAY_OF_WEEK,CHP_SHIFT,POPULATION,CNTY_CITY_LOC,SPECIAL_COND,BEAT_TYPE,CHP_BEAT_TYPE,CITY_DIVISION_LAPD,CHP_BEAT_CLASS,BEAT_NUMBER,PRIMARY_RD,SECONDARY_RD,DISTANCE,DIRECTION,INTERSECTION,WEATHER_1,WEATHER_2,STATE_HWY_IND,CALTRANS_COUNTY,CALTRANS_DISTRICT,STATE_ROUTE,ROUTE_SUFFIX,POSTMILE_PREFIX,POSTMILE,LOCATION_TYPE,RAMP_INTERSECTION,SIDE_OF_HWY,TOW_AWAY,COLLISION_SEVERITY,NUMBER_KILLED,NUMBER_INJURED,PARTY_COUNT,PRIMARY_COLL_FACTOR,PCF_CODE_OF_VIOL,PCF_VIOL_CATEGORY,PCF_VIOLATION,PCF_VIOL_SUBSECTION,HIT_AND_RUN,TYPE_OF_COLLISION,MVIW,PED_ACTION,ROAD_SURFACE,ROAD_COND_1,ROAD_COND_2,LIGHTING,CONTROL_DEVICE,CHP_ROAD_TYPE,PEDESTRIAN_ACCIDENT,BICYCLE_ACCIDENT,MOTORCYCLE_ACCIDENT,TRUCK_ACCIDENT,NOT_PRIVATE_PROPERTY,ALCOHOL_INVOLVED,STWD_VEHTYPE_AT_FAULT,CHP_VEHTYPE_AT_FAULT,COUNT_SEVERE_INJ,COUNT_VISIBLE_INJ,COUNT_COMPLAINT_PAIN,COUNT_PED_KILLED,COUNT_PED_INJURED,COUNT_BICYCLIST_KILLED,COUNT_BICYCLIST_INJURED,COUNT_MC_KILLED,COUNT_MC_INJURED,PRIMARY_RAMP,SECONDARY_RAMP,LATITUDE,LONGITUDE,COUNTY,CITY,POINT_X,POINT_Y
6910499,2015,2016-05-23,9730,2015-04-15,1710,015297,,3,2,9,2700,0,1,3,,1,066,"MERRITT ST","CALIFORNIA ST",2.00,N,N,A,-,N,,,,,,,,,,Y,4,0,2,3,A,-,03,22350,,N,C,C,A,A,H,-,A,D,0,,,,,Y,,A,07,0,0,2,0,0,0,0,0,0,"- ","- ",36.758839999999999,-121.74881000000001,MONTEREY,UNINCORPORATED,,
6910503,2015,2015-05-15,9730,2015-04-18,1955,020598,,6,2,9,2700,0,2,4,,1,073,"SALINAS RD","ELKHORN RD",0.00,,Y,A,-,N,,,,,,,,,,Y,3,0,1,2,A,-,03,22350,,N,D,G,A,A,H,-,B,D,0,,Y,,,Y,,A,08,0,1,0,0,0,0,1,0,0,"- ","- ",36.882489999999997,-121.74705,MONTEREY,UNINCORPORATED,-121.7468799,36.883050109999999
6910505,2015,2017-01-04,9735,2015-04-19,1530,019263,,7,2,9,2700,0,1,2,,2,042,"RT 101","RT 198",1056.00,N,N,A,-,Y,MON,5,101,-,R,32.220,H,-,N,Y,4,0,1,1,A,-,08,22107,,N,F,A,A,A,H,-,A,D,3,,,,,Y,,A,07,0,0,1,0,0,0,0,0,0,"- ","- ",36.127839999999999,-121.02726,MONTEREY,UNINCORPORATED,-121.02506334,36.124764079999999
6910506,2015,2016-11-03,9730,2015-04-12,2030,020598,,7,2,9,2700,0,1,3,,1,068,"RT 68","SAN BENANCIO RD",100.00,E,N,A,-,Y,MON,5,68,-,-,13.350,H,-,E,N,4,0,2,2,A,-,01,23152,A,M,C,C,A,A,H,-,D,A,0,,,,,Y,Y,A,01,0,0,2,0,0,0,0,0,0,"- ","- ",36.579120000000003,-121.7213,MONTEREY,UNINCORPORATED,-121.72047427,36.57991904
6910507,2015,2015-05-15,9730,2015-04-11,1625,018786,,6,2,9,2700,0,3,5,,2,003,"CHUALAR RIVER RD","FOLETTA RD",528.00,W,N,A,-,N,,,,,,,,,,Y,3,0,1,2,A,-,08,22107,,N,B,C,A,A,H,-,A,D,0,,,,,Y,,A,07,0,1,0,0,0,0,0,0,0,"- ","- ",36.563699999999997,-121.51957,MONTEREY,UNINCORPORATED,-121.51765079,36.564836139999997
6910510,2015,2015-05-15,9730,2015-04-15,2319,020990,,3,3,9,2700,0,2,4,,1,023,"CARMEL VALLEY RD","CARMEL RANCHO BL",100.00,E,N,A,-,N,,,,,,,,,,Y,4,0,1,1,A,-,01,23152,A,N,E,I,A,A,H,-,C,A,0,,,,,Y,Y,A,07,0,0,1,0,0,0,0,0,0,"- ","- ",36.543759999999999,-121.90424,MONTEREY,UNINCORPORATED,-121.90460063,36.543722199999998
6910511,2015,2017-01-04,9730,2015-04-11,1110,016537,,6,1,9,2700,0,1,2,,1,030,"RT 101","OLD STAGE RD",528.00,S,N,A,-,Y,MON,5,101,-,-,72.510,H,-,N,Y,2,0,1,1,A,-,08,22107,,N,F,I,A,A,H,-,A,D,1,,,Y,,Y,,C,02,1,0,0,0,0,0,0,0,1,"- ","- ",36.522970000000001,-121.45884,MONTEREY,UNINCORPORATED,-121.46258579000001,36.523321250000002
6910514,2015,2017-01-04,9730,2015-04-18,0105,020990,,6,3,9,2700,0,1,2,,1,070,"RT 101","DUNBARTON RD",5280.00,S,N,B,-,Y,MON,5,101,-,-,98.750,H,-,N,Y,4,0,1,1,A,-,08,22107,,N,E,I,A,A,H,-,D,D,5,,,,,Y,,A,01,0,0,1,0,0,0,0,0,0,"- ","- ",36.83117,-121.62993,MONTEREY,UNINCORPORATED,-121.63004853,36.82227469
6910515,2015,2017-01-04,9730,2015-04-12,0118,021009,,7,3,9,2700,0,1,2,,1,070,"RT 101","DUNBARTON RD",30.00,N,N,A,-,Y,MON,5,101,-,-,99.760,H,-,N,Y,3,0,1,2,A,-,03,22350,,N,C,C,A,A,H,-,D,D,5,,,,,Y,,A,01,0,1,0,0,0,0,0,0,0,"- ","- ",36.847230000000003,-121.6354,MONTEREY,UNINCORPORATED,-121.6306541,36.836809049999999
6910518,2015,2015-05-15,9730,2015-04-03,1215,020916,,5,1,9,2700,0,3,5,,2,004,"ALISAL RD","HARTNELL RD",6864.00,N,N,A,-,N,,,,,,,,,,Y,4,0,3,1,A,-,08,22107,,N,F,I,A,A,H,-,A,D,0,,,,,Y,,A,01,0,0,3,0,0,0,0,0,0,"- ","- ",,,MONTEREY,UNINCORPORATED,-121.59040217,36.660707459999998
6910519,2015,2017-01-09,9730,2015-04-05,1235,020981,,7,1,9,2700,0,1,3,,1,072,"RT 156","CATHEDRAL OAK RD",1056.00,W,N,B,-,Y,MON,5,156,-,-,2.170,H,-,E,Y,3,0,1,2,A,-,03,22350,,N,C,C,A,A,H,-,A,D,0,,,,,Y,,A,07,0,1,0,0,0,0,0,0,0,"- ","- ",36.775970000000001,-121.717,MONTEREY,UNINCORPORATED,-121.71859980000001,36.775562999999998
6910530,2015,2017-01-04,9735,2015-04-18,1555,19263,,6,2,9,2700,0,1,2,,1,040,"RT 101","WALNUT AV",528.00,N,N,A,-,Y,MON,5,101,-,-,53.960,H,-,S,N,4,0,1,2,A,-,03,22350,,N,C,C,A,A,D,-,A,D,1,,,,,Y,,A,01,0,0,1,0,0,0,0,0,0,"- ","- ",36.33314,-121.24863999999999,MONTEREY,UNINCORPORATED,-121.24523093000001,36.33035623
6913444,2015,2016-09-29,9730,2015-04-28,0715,015160,,2,1,3,2712,0,1,3,,2,062,"RT 1","LIGHTFIGHTER DR",2112.00,N,N,B,-,Y,MON,5,1,-,R,82.903,H,-,N,Y,4,0,1,2,A,-,07,21658,A,N,B,C,A,A,H,-,A,D,1,,,,,Y,,A,01,0,0,1,0,0,0,0,0,0,"- ","- ",,,MONTEREY,MARINA,-121.81522072,36.647626500000001
6913483,2015,2016-09-29,9730,2015-04-15,1000,015638,,3,1,4,2710,0,1,3,,2,062,"RT 1","MONTEREY RD",150.00,N,N,A,-,Y,MON,5,1,-,R,80.722,H,-,S,Y,4,0,1,2,D,-,00,,,N,B,C,A,A,H,-,A,A,1,,,,,Y,,-,"- ",0,0,1,0,0,0,0,0,0,TO,"- ",36.624079999999999,-121.84123,MONTEREY,SEASIDE,-121.84145143000001,36.624514589999997
6913487,2015,2016-09-29,9730,2015-04-25,2355,020621,,6,3,9,2700,0,1,3,,1,022,"RT 1","YANKEE POINT DR",10032.00,S,N,A,-,Y,MON,5,1,-,-,66.440,H,-,N,Y,4,0,1,1,A,-,00,22017,,N,E,I,A,A,H,-,D,D,0,,,,,Y,,A,01,0,0,1,0,0,0,0,0,0,"- ","- ",36.458350000000003,-121.92413999999999,MONTEREY,UNINCORPORATED,-121.92646599,36.463152710000003
6913491,2015,2015-05-22,9730,2015-04-20,0130,020233,,1,3,9,2700,0,3,5,,2,006,"ESPINOSA RD","CHRISTENSEN RD",2640.00,W,N,B,-,N,,,,,,,,,,Y,2,0,2,1,A,-,08,22107,,N,F,I,A,A,H,-,D,D,0,,,,,Y,,A,01,1,1,0,0,0,0,0,0,0,"- ","- ",36.737670000000001,-121.66755000000001,MONTEREY,UNINCORPORATED,-121.66679133,36.737424339999997
6913495,2015,2017-01-06,9730,2015-04-24,1355,021009,,5,1,9,2700,0,1,3,,1,024,"RT 68","RT 1",20.00,W,N,A,-,Y,MON,5,68,-,L,4.193,R,1,E,N,4,0,1,2,A,-,03,22350,,N,C,C,A,A,H,-,A,A,0,,,,,Y,,A,01,0,0,1,0,0,0,0,0,0,"- ",SO,36.575429999999997,-121.91305,MONTEREY,UNINCORPORATED,-121.91319611,36.575600600000001
6913499,2015,2017-01-04,9730,2015-04-22,1907,20931,,3,2,6,2708,0,1,2,,1,070,"RT 101","BORONDA RD",40.00,N,N,B,-,Y,MON,5,101,-,R,91.020,H,-,S,Y,3,0,1,1,A,-,01,23152,E,N,E,I,A,A,H,-,B,D,1,,,,,Y,,A,01,0,1,0,0,0,0,0,0,0,"- ","- ",,,MONTEREY,SALINAS,-121.65997496,36.722165009999998
6913503,2015,2016-10-26,9730,2015-04-20,1930,020933,,1,2,9,2700,0,1,3,,2,062,"RT 1","IMJIN PKWY",1320.00,N,N,B,-,Y,MON,5,1,-,-,84.730,H,-,N,Y,3,0,2,1,A,-,08,22107,,N,E,I,A,A,H,-,A,D,1,,,,,Y,,A,07,0,1,1,0,0,0,0,0,0,"- ","- ",36.674430000000001,-121.8094,MONTEREY,UNINCORPORATED,-121.81588773,36.663182200000001
6913507,2015,2015-05-22,9730,2015-04-27,1315,019837,,1,1,9,2700,0,2,4,,2,063,"BLANCO RD","MESA DR",10.00,W,N,A,-,N,,,,,,,,,,Y,4,0,1,2,A,-,08,22107,,N,C,C,A,A,H,-,A,D,0,,,,,Y,,A,01,0,0,1,0,0,0,0,0,0,"- ","- ",36.652749999999997,-121.6476,MONTEREY,UNINCORPORATED,,
6913511,2015,2017-02-04,9730,2015-05-01,1500,020514,,5,2,9,2700,0,1,3,,1,068,"RT 68","LAURELES GRADE",2500.00,E,N,A,-,Y,MON,5,68,-,-,11.690,H,-,E,Y,4,0,1,2,A,-,03,22350,,N,C,C,A,A,H,-,A,D,0,,,,,Y,,A,01,0,0,1,0,0,0,0,0,0,"- ","- ",36.571240000000003,-121.74531,MONTEREY,UNINCORPORATED,-121.74737994,36.570852879999997
6913515,2015,2016-10-26,9730,2015-04-29,1400,019569,,3,2,9,2700,0,1,3,,1,012,"RT 1",GORDA,15840.00,S,N,A,-,Y,MON,5,1,-,-,6.900,H,-,N,Y,2,0,1,1,A,-,03,22350,,N,F,A,A,A,H,-,A,D,0,,,Y,,Y,,C,02,1,0,0,0,0,0,0,0,1,"- ","- ",,,MONTEREY,UNINCORPORATED,-121.40692937,35.846530170000001
6929875,2015,2015-06-03,2712,2015-05-11,1200,274,2712,1,5,3,2712,0,0,0,,0,001,"REINDOLLAR AV","SUNSET AV",259.00,W,N,A,-,N,,,,,,,,,,N,4,0,1,2,A,-,17,22517,,N,H,G,A,A,H,-,A,D,0,,Y,,,Y,,A,07,0,0,1,0,0,0,1,0,0,"- ","- ",,,MONTEREY,MARINA,-121.80359194,36.679850109999997
6929876,2015,2016-05-23,2712,2015-05-14,1530,274,,4,5,3,2712,0,0,0,,0,001,"DEL MONTE BL","REINDOLLAR AV",15.00,S,N,C,-,N,,,,,,,,,,N,4,0,1,2,A,-,03,22350,,M,C,C,A,B,H,-,A,A,0,,,,,Y,,A,01,0,0,1,0,0,0,0,0,0,"- ","- ",,,MONTEREY,MARINA,-121.80598436,36.680953760000001
6931058,2015,2016-02-16,2708,2015-02-10,1750,52823,,2,5,6,2708,0,0,0,,0,,"NORTH SANBORN RD","FREEDOM PKY",0.00,,Y,A,-,N,,,,,,,,,,Y,2,0,4,2,A,-,09,21801,A,N,D,C,A,A,H,-,A,A,0,,,,,Y,,-,,1,3,0,0,0,0,0,0,0,"- ","- ",,,MONTEREY,SALINAS,-121.60134986,36.692130040000002
6931442,2015,2016-09-13,2708,2015-03-31,2004,15945,,2,5,6,2708,0,0,0,,0,,"MAIN ST","EAST MARKET ST",0.00,,Y,A,-,Y,MON,5,183,-,-,0.760,H,-,N,N,2,0,1,2,A,-,11,21954,A,F,G,B,B,A,H,-,C,A,0,Y,,,,Y,,N,60,1,0,0,0,1,0,0,0,0,"- ","- ",,,MONTEREY,SALINAS,-121.65724073,36.678032889999997
6931514,2015,2015-06-08,2708,2015-03-29,1823,15945,,7,5,6,2708,0,0,0,,0,,"EAST MARKET ST","MERCED ST",85.00,W,N,A,-,N,,,,,,,,,,Y,4,0,1,2,A,-,07,21658,A,F,B,C,A,A,H,-,A,D,0,,,,,Y,,-,,0,0,1,0,0,0,0,0,0,"- ","- ",,,MONTEREY,SALINAS,-121.64258101,36.67821163
6931518,2015,2015-06-08,2708,2015-03-21,2230,31831,,6,5,6,2708,0,0,0,,0,012,"E ALISAL ST","WILLIAMS RD",0.00,,Y,A,-,N,,,,,,,,,,N,3,0,1,2,D,-,00,,,F,D,G,A,A,H,-,C,A,0,,Y,,,Y,,-,"- ",0,1,0,0,0,0,1,0,0,"- ","- ",,,MONTEREY,SALINAS,-121.61989998,36.672160040000001
6933922,2015,2015-06-15,9730,2015-05-03,1930,21009,,7,2,9,2700,0,2,4,,1,073,"WERNER RD","ELKHORN RD",528.00,W,N,A,-,N,,,,,,,,,,Y,4,0,1,1,A,-,08,22107,,N,E,I,A,A,H,-,A,D,0,,,,,Y,,A,01,0,0,1,0,0,0,0,0,0,"- ","- ",36.878340000000001,-121.74952999999999,MONTEREY,UNINCORPORATED,-121.74894945,36.87856025
6933926,2015,2017-01-28,9730,2015-05-02,1035,18179,,6,1,9,2700,0,2,4,,1,073,"SAN MIGUEL CANYON RD","CASTROVILLE BL",528.00,S,N,A,-,N,,,,,,,,,,Y,4,0,2,2,A,-,03,22350,,N,C,C,A,A,H,-,A,D,0,,,Y,,Y,,C,02,0,0,2,0,0,0,0,0,2,"- ","- ",,,MONTEREY,UNINCORPORATED,-121.67056907,36.807429810000002
6933930,2015,2016-09-29,9730,2015-05-07,0810,19569,,4,1,9,2700,0,1,3,,1,014,"RT 1","HURRICANE PT",1056.00,S,N,C,-,Y,MON,5,1,-,-,57.800,H,-,N,Y,4,0,1,1,A,-,03,22350,,N,E,I,A,B,H,-,A,D,0,,,,,Y,,A,07,0,0,1,0,0,0,0,0,0,"- ","- ",,,MONTEREY,UNINCORPORATED,-121.89775879,36.351774159999998
6933957,2015,2016-09-29,9730,2015-05-05,1550,19569,,2,2,9,2700,0,1,3,,1,012,"RT 1",GORDA,19008.00,S,N,A,-,Y,MON,5,1,-,-,6.300,H,-,N,Y,2,0,1,1,A,-,08,22107,,N,E,I,A,A,H,-,A,D,0,,,,,Y,,A,01,1,0,0,0,0,0,0,0,0,"- ","- ",,,MONTEREY,UNINCORPORATED,-121.40105158999999,35.840578440000002
6933961,2015,2016-09-29,9730,2015-05-07,1430,19569,,4,2,9,2700,0,1,3,,1,014,"RT 1","LITTLE SUR RIVER BR",3168.00,S,N,B,-,Y,MON,5,1,-,-,55.500,H,-,S,Y,4,0,1,1,A,-,08,22107,,N,F,A,A,A,H,-,A,D,0,,,Y,,Y,,C,02,0,0,1,0,0,0,0,0,1,"- ","- ",36.326709999999999,-121.89426,MONTEREY,UNINCORPORATED,-121.89332254999999,36.328517939999998
6933965,2015,2017-01-04,9730,2015-05-04,1305,14584,,1,1,9,2700,0,1,2,,1,050,"RT 101","AIRPORT BL",6336.00,S,N,A,-,Y,MON,5,101,-,-,84.420,H,-,N,Y,3,0,3,2,A,-,03,22350,,N,C,C,A,A,D,-,A,D,5,,,,,Y,,A,07,0,1,2,0,0,0,0,0,0,"- ","- ",,,MONTEREY,UNINCORPORATED,-121.61153062,36.6453992
6913519,2015,2016-09-29,9730,2015-04-29,1530,018350,,3,2,4,2706,0,1,3,,1,022,"RT 1","MORSE DR",709.00,S,N,A,-,Y,MON,5,1,-,-,73.460,H,-,S,Y,4,0,2,3,A,-,03,22350,,N,C,C,A,A,H,-,A,D,0,,,,,Y,,A,01,0,0,2,0,0,0,0,0,0,"- ","- ",36.550930000000001,-121.91042,MONTEREY,MONTEREY,-121.91036778,36.550882979999997
6913634,2015,2015-05-28,2706,2015-04-29,1552,505,2706,3,5,4,2706,0,0,0,,0,001,"HOFFMAN AV","ARCHER ST",0.00,,Y,A,-,N,,,,,,,,,,N,4,0,2,2,A,-,09,21802,A,N,D,C,A,A,H,-,A,A,0,,,,,Y,,A,07,0,0,2,0,0,0,0,0,0,"- ","- ",,,MONTEREY,MONTEREY,-121.90581999,36.611300110000002
6913638,2015,2015-05-28,2706,2015-04-26,1612,250,2706,7,5,4,2706,0,0,0,,0,001,LIGHTHOUSE,"DRAKE AV",65.00,S,N,A,-,N,,,,,,,,,,N,4,0,2,3,A,-,03,22350,,N,C,C,A,A,H,-,A,A,0,,,,,Y,,A,01,0,0,2,0,0,0,0,0,0,"- ","- ",,,MONTEREY,MONTEREY,-121.89981358,36.61130335
6913654,2015,2015-05-28,2711,2015-04-25,0117,07944,2711,6,5,3,2711,0,0,0,,0,001,"NORTH ST","EAST ST",0.00,,Y,A,-,N,,,,,,,,,,Y,3,0,2,1,A,-,03,22350,,N,A,I,A,A,H,-,C,D,0,,,,,Y,Y,A,01,0,2,0,0,0,0,0,0,0,"- ","- ",,,MONTEREY,SOLEDAD,-121.32311999,36.427990039999997
6914471,2015,2015-05-20,2708,2015-03-22,2243,55036,,7,5,6,2708,0,0,0,,0,012,"S SANDBORN","JOHN ST",0.00,,Y,A,-,N,,,,,,,,,,Y,4,0,1,2,A,-,12,21453,A,N,D,C,A,A,H,-,C,A,0,,,,,Y,,-,"- ",0,0,1,0,0,0,0,0,0,"- ","- ",,,MONTEREY,SALINAS,,
6914475,2015,2016-02-17,2708,2015-03-12,1518,59156,SALIN,4,5,6,2708,0,0,0,,0,007,"RIKER ST","WEST ACACIA ST",0.00,,Y,A,-,N,,,,,,,,,,N,3,0,1,2,A,-,11,21950,B,N,D,B,B,A,H,-,A,A,0,Y,,,,Y,,N,60,0,1,0,0,1,0,0,0,0,"- ","- ",,,MONTEREY,SALINAS,-121.66138986999999,36.666260029999997
6914479,2015,2015-06-01,2708,2015-03-18,1837,69054,,3,5,6,2708,0,0,0,,0,004,"EAST BORONDA RD","HEMINGWAY DR",0.00,,Y,A,-,N,,,,,,,,,,Y,3,0,2,2,A,-,09,21802,A,N,D,C,A,A,H,-,A,D,0,,,,,Y,,-,,0,1,1,0,0,0,0,0,0,"- ","- ",,,MONTEREY,SALINAS,-121.60973995000001,36.712210079999998
6914647,2015,2016-11-04,2708,2015-04-06,2045,15945,,1,5,6,2708,0,0,0,,0,,"JOHN ST","PAJARO ST",0.00,,Y,A,-,Y,MON,5,68,-,-,21.240,I,5,E,Y,4,0,1,2,A,-,01,23152,A,N,D,C,A,A,H,-,C,A,0,,,,,Y,Y,-,,0,0,1,0,0,0,0,0,0,"- ","- ",,,MONTEREY,SALINAS,-121.65210534000001,36.670468200000002
6914659,2015,2015-06-01,2708,2015-04-01,1310,18355,2708,3,5,6,2708,0,0,0,,0,008,"FRONT ST","SUMMER ST",100.00,S,N,A,-,N,,,,,,,,,,N,4,0,1,2,A,-,03,22350,,N,G,B,D,A,H,-,A,D,0,Y,,,,Y,Y,-,,0,0,1,0,1,0,0,0,0,"- ","- ",,,MONTEREY,SALINAS,-121.64826825,36.670186309999998
6914663,2015,2015-05-21,2708,2015-04-01,1301,52823,,3,5,6,2708,0,0,0,,0,,"E LAKE ST","SOLEDAD ST",0.00,,Y,A,-,N,,,,,,,,,,N,3,0,2,1,C,-,18,,,N,E,I,A,A,H,-,A,D,0,,,,,Y,,-,"- ",0,1,1,0,0,0,0,0,0,"- ","- ",,,MONTEREY,SALINAS,-121.65257989,36.67981005
6914667,2015,2015-05-21,2708,2015-04-16,2110,80573,,4,5,6,2708,0,0,0,,0,0IU,"EAST LAUREL DR","ST EDWARDS DR",1056.00,W,N,A,-,N,,,,,,,,,,Y,2,0,1,2,A,-,11,21954,A,F,G,B,D,A,H,-,D,D,0,Y,,,,Y,Y,N,60,1,0,0,0,1,0,0,0,0,"- ","- ",,,MONTEREY,SALINAS,-121.62528245,36.68862781
6914675,2015,2015-05-21,2708,2015-04-12,2240,82326,,7,5,6,2708,0,0,0,,0,001,"BORONDA RD","NORTH MAIN ST",0.00,,Y,A,-,N,,,,,,,,,,Y,4,0,1,2,A,-,12,21453,,N,A,C,A,A,H,-,C,A,0,,,,,Y,,-,"- ",0,0,1,0,0,0,0,0,0,"- ","- ",,,MONTEREY,SALINAS,-121.65622992,36.721620110000003
6933969,2015,2017-01-07,9730,2015-05-01,1855,20621,,5,2,9,2700,0,1,3,,1,022,"RT 68","RT 1",100.00,S,N,B,-,Y,MON,5,1,-,-,75.010,R,2,N,Y,4,0,1,1,A,-,08,22107,,N,E,I,A,A,H,-,A,D,1,,,Y,,Y,,C,02,0,0,1,0,0,0,0,0,1,TO,"- ",36.572740000000003,-121.91279,MONTEREY,UNINCORPORATED,-121.91286737999999,36.572905820000003
6933973,2015,2016-09-29,9730,2015-05-05,1453,15638,,2,2,9,2700,0,1,3,,1,022,"RT 1","CARMEL HILLS DR",110.00,S,N,A,-,Y,MON,5,1,-,-,73.280,H,-,N,Y,4,0,1,1,A,-,01,23152,A,N,E,I,A,A,H,-,A,D,0,,,,,Y,Y,A,01,0,0,1,0,0,0,0,0,0,"- ","- ",,,MONTEREY,UNINCORPORATED,-121.90997084999999,36.54837534
6933977,2015,2015-06-15,9730,2015-05-02,2144,21009,,6,2,9,2700,0,3,5,,2,007,"CASTROVILLE RD","PARADISE RD",2640.00,E,N,A,-,N,,,,,,,,,,Y,4,0,1,1,A,-,08,22107,,N,E,I,A,A,H,-,D,D,0,,,,,Y,,A,07,0,0,1,0,0,0,0,0,0,"- ","- ",36.900089999999999,-121.69062,MONTEREY,UNINCORPORATED,-121.68979265999999,36.800099609999997
6933981,2015,2015-06-15,9730,2015-05-10,1840,20981,,7,2,9,2700,0,3,5,,2,003,"FOLETTA RD","BROOME RD",9246.00,S,N,A,-,N,,,,,,,,,,Y,3,0,3,1,A,-,01,23152,A,N,E,I,A,A,H,-,A,D,0,,,,,Y,Y,A,08,0,2,1,0,0,0,0,0,0,"- ","- ",36.53604,-121.48179,MONTEREY,UNINCORPORATED,-121.48118045,36.53561509
6933985,2015,2015-06-15,9730,2015-05-11,1030,20701,,1,1,9,2700,0,2,4,,1,023,"CARMEL VALLEY RD","CACHAGUA RD",18480.00,E,N,A,-,N,,,,,,,,,,Y,3,0,1,1,A,-,08,22107,,N,E,I,A,A,H,-,A,D,0,,,,,Y,,A,08,0,1,0,0,0,0,0,0,0,"- ","- ",36.43139,-121.62503,MONTEREY,UNINCORPORATED,-121.62738358,36.432909369999997
6933989,2015,2015-06-15,9730,2015-05-04,0058,21009,,1,3,9,2700,0,3,5,,2,007,"ELKHORN RD","SPRINGPOINT RD",300.00,S,N,A,-,N,,,,,,,,,,Y,4,0,1,1,A,-,08,22107,,N,E,I,A,A,H,-,D,D,0,,,,,Y,,A,01,0,0,1,0,0,0,0,0,0,"- ","- ",36.802410000000002,-121.72248999999999,MONTEREY,UNINCORPORATED,-121.72212921000001,36.802416030000003
6933993,2015,2015-06-15,9730,2015-05-06,0720,13024,,3,1,9,2700,0,3,5,,2,002,"SAN BENANCIO RD","PEPPER CANYON RD",140.00,S,N,B,-,N,,,,,,,,,,Y,3,0,1,1,A,-,08,22107,,N,E,I,A,A,H,-,A,D,0,,,,,Y,,A,01,0,1,0,0,0,0,0,0,0,"- ","- ",,,MONTEREY,UNINCORPORATED,,
6933997,2015,2017-01-04,9730,2015-05-10,0740,18179,,7,1,9,2700,0,1,2,,1,070,"RT 101","ECHO VALLEY RD",1584.00,N,N,B,-,Y,MON,5,101,-,-,98.710,H,-,S,Y,4,0,1,1,A,-,08,22107,,N,E,J,A,A,H,-,A,D,5,,,,,Y,,A,01,0,0,1,0,0,0,0,0,0,"- ","- ",,,MONTEREY,UNINCORPORATED,-121.63039186,36.821727019999997
6934894,2015,2016-11-03,9730,2015-06-23,0730,13024,,2,1,9,2700,0,1,3,,1,068,"RT 68","TORO PARK",130.00,W,N,A,-,Y,MON,5,68,-,-,15.810,H,-,W,Y,4,0,2,2,A,-,07,21658,A,N,B,C,A,A,H,-,A,D,1,,,,,Y,,D,22,0,0,2,0,0,0,0,0,0,"- ","- ",,,MONTEREY,UNINCORPORATED,-121.69331809000001,36.607056819999997
6935238,2015,2016-05-23,2704,2015-06-05,1734,7269,,5,5,3,2704,0,0,0,,0,004,"MORENO ST","ELM AV",0.00,,Y,A,-,N,,,,,,,,,,N,3,0,1,2,A,-,12,22450,A,N,G,B,B,A,H,-,A,A,0,Y,,,,Y,,A,01,0,1,0,0,1,0,0,0,0,"- ","- ",,,MONTEREY,GREENFIELD,-121.23870988,36.31900005
6951344,2015,2015-07-21,2711,2015-05-17,1702,3469,2711,7,5,3,2711,0,0,0,,0,001,"MARKET ST","KIDDER ST",20.00,N,N,A,-,N,,,,,,,,,,Y,4,0,1,2,A,-,21,22106,,N,D,C,A,A,H,-,A,A,0,,,,,Y,,A,01,0,0,1,0,0,0,0,0,0,"- ","- ",,,MONTEREY,SOLEDAD,-121.3252019,36.427645490000003
6914679,2015,2015-05-21,2708,2015-04-08,0818,18355,2708,3,5,6,2708,0,0,0,,0,007,BLANCO,IVERSON,0.00,,Y,B,-,N,,,,,,,,,,Y,4,0,2,2,A,-,12,21453,A,N,A,C,A,B,H,-,A,A,0,,,,,Y,,-,,0,0,2,0,0,0,0,0,0,"- ","- ",,,MONTEREY,SALINAS,-121.66867988,36.661300060000002
6916561,2015,2015-05-29,2708,2015-04-09,1545,13102,,4,5,6,2708,0,0,0,,0,009,"SOUTH MAIN ST","ROMIE LN",75.00,S,N,A,-,N,,,,,,,,,,Y,4,0,2,3,A,-,03,22350,,N,C,C,A,A,H,-,A,A,0,,,,,Y,,-,,0,0,2,0,0,0,0,0,0,"- ","- ",,,MONTEREY,SALINAS,-121.65780633,36.662431009999999
6916565,2015,2015-06-01,2708,2015-04-07,1643,07661,,2,5,6,2708,0,0,0,,0,005,"ROSARITA DR","O'CONNOR CIR",37.00,S,N,B,-,N,,,,,,,,,,Y,4,0,2,4,A,-,09,21804,A,N,C,C,A,A,H,-,A,D,0,,,,,Y,,-,,0,0,2,0,0,0,0,0,0,"- ","- ",,,MONTEREY,SALINAS,-121.64519468,36.693050309999997
6916593,2015,2015-05-29,2708,2015-04-11,0004,71595,,6,5,6,2708,0,0,0,,0,008,"ALISAL ST","PAJARO ST",0.00,,Y,A,-,N,,,,,,,,,,Y,3,0,2,2,A,-,09,21801,A,N,-,C,A,A,H,-,C,A,0,,,,,Y,,-,,0,1,1,0,0,0,0,0,0,"- ","- ",,,MONTEREY,SALINAS,-121.65255986,36.674120000000002