CASE_ID,ACCIDENT_YEAR,PROC_DATE,JURIS,COLLISION_DATE,COLLISION_TIME,OFFICER_ID,REPORTING_DISTRICT,DAY_OF_WEEK,CHP_SHIFT,POPULATION,CNTY_CITY_LOC,SPECIAL_COND,BEAT_TYPE,CHP_BEAT_TYPE,CITY_DIVISION_LAPD,CHP_BEAT_CLASS,BEAT_NUMBER,PRIMARY_RD,SECONDARY_RD,DISTANCE,DIRECTION,INTERSECTION,WEATHER_1,WEATHER_2,STATE_HWY_IND,CALTRANS_COUNTY,CALTRANS_DISTRICT,STATE_ROUTE,ROUTE_SUFFIX,POSTMILE_PREFIX,POSTMILE,LOCATION_TYPE,RAMP_INTERSECTION,SIDE_OF_HWY,TOW_AWAY,COLLISION_SEVERITY,NUMBER_KILLED,NUMBER_INJURED,PARTY_COUNT,PRIMARY_COLL_FACTOR,PCF_CODE_OF_VIOL,PCF_VIOL_CATEGORY,PCF_VIOLATION,PCF_VIOL_SUBSECTION,HIT_AND_RUN,TYPE_OF_COLLISION,MVIW,PED_ACTION,ROAD_SURFACE,ROAD_COND_1,ROAD_COND_2,LIGHTING,CONTROL_DEVICE,CHP_ROAD_TYPE,PEDESTRIAN_ACCIDENT,BICYCLE_ACCIDENT,MOTORCYCLE_ACCIDENT,TRUCK_ACCIDENT,NOT_PRIVATE_PROPERTY,ALCOHOL_INVOLVED,STWD_VEHTYPE_AT_FAULT,CHP_VEHTYPE_AT_FAULT,COUNT_SEVERE_INJ,COUNT_VISIBLE_INJ,COUNT_COMPLAINT_PAIN,COUNT_PED_KILLED,COUNT_PED_INJURED,COUNT_BICYCLIST_KILLED,COUNT_BICYCLIST_INJURED,COUNT_MC_KILLED,COUNT_MC_INJURED,PRIMARY_RAMP,SECONDARY_RAMP,LATITUDE,LONGITUDE,COUNTY,CITY,POINT_X,POINT_Y
6916597,2015,2015-06-01,2708,2015-04-03,0616,75791,,5,5,6,2708,0,0,0,,0,,"NORTH MAIN ST","IRIS DR",0.00,,Y,A,-,N,,,,,,,,,,N,4,0,1,2,A,-,17,21451,A,F,D,G,A,A,H,-,C,A,0,,Y,,,Y,,-,99,0,0,1,0,0,0,1,0,0,"- ","- ",,,MONTEREY,SALINAS,-121.65223997,36.693170029999997
6916601,2015,2016-11-03,2708,2015-04-07,1514,18355,2708,2,5,6,2708,0,0,0,,0,008,JOHN,CALIFORNIA,0.00,,Y,A,-,Y,MON,5,68,-,-,21.380,I,5,W,Y,4,0,2,2,A,-,12,21453,A,N,D,C,A,A,H,-,A,A,0,,,,,Y,,-,,0,0,2,0,0,0,0,0,0,"- ","- ",,,MONTEREY,SALINAS,-121.64981634,36.669951189999999
6916605,2015,2017-01-06,2708,2015-04-20,0931,52823,,1,5,6,2708,0,0,0,,0,,"WEST MARKET ST","PALMETTO ST",300.00,W,N,A,-,Y,MON,5,183,-,-,0.860,H,-,S,Y,4,0,1,2,A,-,03,22350,,N,D,C,A,A,H,-,A,D,0,,,,,Y,,-,,0,0,1,0,0,0,0,0,0,"- ","- ",,,MONTEREY,SALINAS,-121.6580305,36.678327250000002
6916609,2015,2015-06-04,2708,2015-04-16,1606,27345,,4,5,6,2708,0,0,0,,0,,"EAST LAUREL DR","POLK ST",0.00,,Y,A,-,N,,,,,,,,,,Y,4,0,1,2,A,-,03,22350,,N,C,C,A,A,H,-,A,A,0,,,,,Y,,-,,0,0,1,0,0,0,0,0,0,"- ","- ",,,MONTEREY,SALINAS,-121.66043000000001,36.69827008
6916613,2015,2015-05-28,2708,2015-04-14,1956,69054,,2,5,6,2708,0,0,0,,0,003,BORONDA,"NATIVIDAD RD",1320.00,W,N,A,-,N,,,,,,,,,,Y,3,0,2,1,A,-,05,21650,,M,E,I,A,A,H,-,C,D,0,,,,,Y,,-,,0,1,1,0,0,0,0,0,0,"- ","- ",,,MONTEREY,SALINAS,-121.627985,36.716010769999997
6916617,2015,2017-01-06,2708,2015-04-12,1108,30301,,7,5,6,2708,0,0,0,,0,,"NORTH MAIN ST","CASENTINI ST",0.00,,Y,A,-,Y,MON,5,183,-,-,0.210,H,-,N,N,4,0,1,2,A,-,04,21703,,M,C,C,A,A,H,-,A,A,0,,,,,Y,,-,,0,0,1,0,0,0,0,0,0,"- ","- ",,,MONTEREY,SALINAS,-121.65300041,36.68410317
6916633,2015,2017-01-04,2708,2015-04-17,2308,76998,,5,5,6,2708,0,0,0,,0,010,"SOUTH SANBORN RD","RT 101",0.00,,Y,A,-,Y,MON,5,101,-,-,86.220,R,4,N,N,4,0,1,2,A,-,09,21802,A,N,D,C,A,A,H,-,C,A,0,,,,,Y,,-,,0,0,1,0,0,0,0,0,0,"- ",NF,,,MONTEREY,SALINAS,-121.62952833999999,36.667318600000002
6916637,2015,2015-05-28,2708,2015-04-12,0113,56473,,7,5,6,2708,0,0,0,,0,007,"CAPITOL ST","W GABILAN ST",0.00,,Y,A,-,N,,,,,,,,,,Y,2,0,1,1,A,-,01,23152,A,N,E,I,A,A,H,-,C,D,0,,,,,Y,Y,-,,1,0,0,0,0,0,0,0,0,"- ","- ",,,MONTEREY,SALINAS,-121.66046996999999,36.674900100000002
6951931,2015,2016-06-14,2704,2015-05-15,0725,0633,,5,5,3,2704,0,0,0,,0,003,"ELMWOOD DR","32 ELMWOOD DR",0.00,,Y,A,-,N,,,,,,,,,,N,3,0,1,2,A,-,07,21658,A,N,A,E,A,A,H,-,A,A,0,,,,,Y,,A,01,0,1,0,0,0,0,0,0,0,"- ","- ",,,MONTEREY,GREENFIELD,,
6951935,2015,2015-06-22,2704,2015-05-14,1536,0633,,4,5,3,2704,0,0,0,,0,001,"WALNUT AV","FRANSCIONI DR",0.00,,Y,B,-,N,,,,,,,,,,Y,4,0,1,2,A,-,09,21801,A,N,D,C,A,A,H,-,A,D,0,,,,,Y,,A,01,0,0,1,0,0,0,0,0,0,"- ","- ",,,MONTEREY,GREENFIELD,-121.25177988,36.324950010000002
6952068,2015,2017-01-04,9735,2015-06-06,0340,19330,0,6,3,9,2700,0,1,2,,2,045,"RT 101","BRADLEY RD",6864.00,S,N,A,-,Y,MON,5,101,-,R,6.640,H,-,S,Y,4,0,1,1,A,-,08,22107,,N,E,I,A,A,H,-,D,D,1,,,,Y,Y,,G,25,0,0,1,0,0,0,0,0,0,"- ","- ",35.85519,-120.80068,MONTEREY,UNINCORPORATED,-120.79904492,35.85500467
6952314,2015,2017-01-04,9735,2015-05-26,2500,019263,,2,4,3,2704,0,1,2,,1,040,"RT 101","S GREENFIELD",50.00,S,N,A,-,Y,MON,5,101,-,-,52.650,H,-,N,N,2,0,1,2,A,-,21,22106,,N,G,B,E,A,D,-,A,A,3,Y,,,,Y,,D,22,1,0,0,0,1,0,0,0,0,TO,"- ",36.314349999999997,-121.23447,MONTEREY,GREENFIELD,-121.23408388999999,36.314132770000001
6952318,2015,2017-01-04,9735,2015-05-27,0510,16696,,3,3,9,2700,0,1,2,,1,041,"RT 101","CENTRAL AV",1584.00,S,N,B,-,Y,MON,5,101,-,-,45.450,H,-,N,Y,4,0,3,2,A,-,03,22350,,N,C,C,A,A,H,-,C,D,5,,,,Y,Y,,G,25,0,0,3,0,0,0,0,0,0,"- ","- ",36.233879999999999,-121.17402,MONTEREY,UNINCORPORATED,-121.17348054,36.229302570000002
6956503,2015,2015-06-26,9730,2015-05-26,1720,19529,,2,2,9,2700,0,3,5,,2,007,"SALINAS RD","TRAFTON RD",0.00,,Y,A,-,N,,,,,,,,,,Y,4,0,2,3,A,-,09,21801,A,N,D,C,A,A,H,-,A,A,0,,,,,Y,,A,07,0,0,2,0,0,0,0,0,0,"- ","- ",,,MONTEREY,UNINCORPORATED,-121.74710997,36.886790009999999
6956504,2015,2015-06-26,9730,2015-05-29,0808,18350,,5,1,9,2700,0,3,5,,2,003,"RIVER RD","LAS PALMAS RD",0.00,,Y,A,-,N,,,,,,,,,,Y,3,0,2,2,A,-,12,21453,A,N,D,C,A,A,H,-,A,A,0,,,,,Y,,D,22,0,1,1,0,0,0,0,0,0,"- ","- ",36.622329999999998,-121.66921000000001,MONTEREY,UNINCORPORATED,-121.66917999,36.622390029999998
6956511,2015,2016-06-14,9730,2015-05-26,1529,20970,,2,2,9,2700,0,1,3,,1,066,"MERRITT ST","PAJARO ST",15.00,N,N,A,-,N,,,,,,,,,,N,4,0,1,3,A,-,03,22350,,N,C,C,A,A,H,-,A,A,0,,,,,Y,,D,22,0,0,1,0,0,0,0,0,0,"- ","- ",36.762099999999997,-121.75360000000001,MONTEREY,UNINCORPORATED,-121.75375864,36.762597049999997
6956515,2015,2016-09-29,9730,2015-05-22,1947,20514,,5,2,9,2700,0,1,3,,1,012,"RT 1",LUCIA,300.00,S,N,A,-,Y,MON,5,1,-,-,22.940,H,-,N,Y,3,0,1,1,A,-,01,23152,A,N,E,I,A,A,H,-,D,D,0,,,,,Y,Y,D,22,0,1,0,0,0,0,0,0,0,"- ","- ",36.020989999999998,-121.54846000000001,MONTEREY,UNINCORPORATED,-121.54750681,36.020846929999998
6956516,2015,2017-01-04,9730,2015-05-21,1708,20933,,4,2,9,2700,0,1,2,,1,030,"RT 101","POTTER RD",1584.00,S,N,A,-,Y,MON,5,101,-,-,79.990,H,-,S,Y,4,0,1,3,A,-,03,22350,,N,C,C,A,A,H,-,A,D,5,,,,,Y,,D,22,0,0,1,0,0,0,0,0,0,"- ","- ",36.601059999999997,-121.55168999999999,MONTEREY,UNINCORPORATED,-121.55326657000001,36.60256073
6956517,2015,2015-06-26,9730,2015-05-20,1400,20391,,3,2,4,2706,0,2,S,,2,901,"DAVID AV","CANNERY ROW",10.00,S,N,A,-,N,,,,,,,,,,N,4,0,1,2,A,-,21,22106,,N,B,C,A,A,H,-,A,D,0,,,,,Y,,D,22,0,0,1,0,0,0,0,0,0,"- ","- ",36.617890000000003,-121.90197999999999,MONTEREY,MONTEREY,-121.90217009,36.617877100000001
6916961,2015,2015-06-10,2706,2015-05-05,1655,635,,2,5,4,2706,0,0,0,,0,,"LIGHTHOUSE AV","PRIVATE BOLIO RD",122.00,S,N,A,-,N,,,,,,,,,,N,4,0,1,2,A,-,07,21658,A,N,B,C,A,A,H,-,A,D,0,,,,,Y,,D,22,0,0,1,0,0,0,0,0,0,"- ","- ",,,MONTEREY,MONTEREY,-121.89686578,36.608308749999999
6916965,2015,2015-06-29,2706,2015-05-04,1217,320,MPD,1,5,4,2706,0,0,0,,0,001,"PACIFIC ST","JEFFERSON ST",0.00,,Y,B,-,N,,,,,,,,,,N,4,0,1,2,A,-,06,21754,,N,B,C,A,A,H,-,A,A,0,,,Y,Y,Y,,-,"- ",0,0,1,0,0,0,0,0,1,"- ","- ",,,MONTEREY,MONTEREY,-121.89639987,36.59836001
6916989,2015,2015-06-10,2706,2015-05-10,1027,119,MPD,7,5,4,2706,0,0,0,,0,003,"DEL MONTE AV","ROBERTS AV",0.00,,Y,B,-,N,,,,,,,,,,Y,3,0,2,2,A,-,09,21801,A,N,D,C,A,A,H,-,A,D,0,,,,,Y,,A,01,0,1,1,0,0,0,0,0,0,"- ","- ",,,MONTEREY,MONTEREY,-121.85952987,36.605550020000003
6916993,2015,2016-11-03,2706,2015-05-08,1746,127,MPD,5,5,4,2706,0,0,0,,0,003,"RT 68","OLMSTED RD",0.00,,Y,B,-,Y,MON,5,68,-,-,5.570,I,5,E,N,4,0,1,2,A,-,21,22106,,N,C,C,A,A,H,-,B,A,0,,,,,Y,,D,22,0,0,1,0,0,0,0,0,0,"- ","- ",,,MONTEREY,MONTEREY,-121.84974732000001,36.583989119999998
6917001,2015,2015-06-10,2706,2015-05-06,1557,201,2706,3,5,4,2706,0,0,0,,0,002,"WASHINGTON ST","FRANKLIN ST",0.00,,Y,A,-,N,,,,,,,,,,N,3,0,1,2,A,-,17,21200,A,N,H,G,A,A,H,-,A,A,0,,Y,,,Y,,L,04,0,1,0,0,0,0,1,0,0,"- ","- ",,,MONTEREY,MONTEREY,-121.89253994000001,36.599700110000001
6920511,2015,2015-06-02,9730,2015-05-01,0545,18179,,5,3,9,2700,0,2,4,,1,073,"HALL RD","ELKHORN RD",528.00,E,N,B,-,N,,,,,,,,,,Y,4,0,1,3,A,-,05,21460,A,N,A,C,A,A,H,-,B,D,0,,,,,Y,,A,01,0,0,1,0,0,0,0,0,0,"- ","- ",,,MONTEREY,UNINCORPORATED,-121.74253775,36.867452419999999
6920535,2015,2015-06-03,9730,2015-04-26,1523,020990,,7,2,9,2700,0,2,4,,1,073,"PORTER DR","STENDER AV",204.00,N,N,A,-,N,,,,,,,,,,N,3,0,1,2,A,-,17,22517,,N,H,G,A,A,H,-,A,D,0,,Y,,,Y,,D,22,0,1,0,0,0,0,1,0,0,"- ","- ",,,MONTEREY,UNINCORPORATED,-121.74889039,36.902961150000003
6920555,2015,2017-01-09,9730,2015-05-07,1950,20931,,4,2,9,2700,0,1,3,,1,072,"RT 156","RT 101",60.00,W,N,B,-,Y,MON,5,156,-,T,5.180,H,-,W,Y,4,0,1,2,A,-,05,21651,A,N,D,C,A,B,H,-,B,D,0,,,,,Y,,A,07,0,0,1,0,0,0,0,0,0,"- ","- ",,,MONTEREY,UNINCORPORATED,-121.66829423999999,36.789345300000001
6921525,2015,2015-06-01,2709,2015-05-03,1400,1432,2709,7,5,1,2709,0,0,0,,0,ALL,"PLAYA AV","METZ RD",322.00,E,N,A,-,N,,,,,,,,,,N,3,0,1,2,A,-,10,21950,A,N,G,B,B,A,H,-,A,D,0,Y,,,,Y,,A,01,0,1,0,0,1,0,0,0,0,"- ","- ",,,MONTEREY,"SAND CITY",-121.84493693,36.619633970000002
6921566,2015,2015-06-01,2708,2015-05-02,1858,93614,,6,5,6,2708,0,0,0,,0,005,"PARKSIDE ST","HAYES ST",85.00,N,N,A,-,N,,,,,,,,,,Y,3,0,1,3,A,-,01,23153,A,N,A,C,A,A,H,-,A,D,0,,,,,Y,Y,A,01,0,1,0,0,0,0,0,0,0,"- ","- ",,,MONTEREY,SALINAS,-121.65562396,36.697170819999997
6921569,2015,2015-06-01,2708,2015-05-01,1934,03581,,5,5,6,2708,0,0,0,,0,005,"NATIVIDAD RD","CHAPARRAL ST",0.00,,Y,A,-,N,,,,,,,,,,N,4,0,1,2,A,-,10,21950,A,N,G,B,B,A,H,-,A,A,0,Y,,,,Y,,-,,0,0,1,0,1,0,0,0,0,"- ","- ",,,MONTEREY,SALINAS,-121.63451990999999,36.700130029999997
6966664,2015,2015-06-26,2710,2015-04-02,1950,33762,,4,5,4,2710,0,0,0,,0,,"FREMONT BL","ELM AV",0.00,,Y,A,-,N,,,,,,,,,,Y,4,0,3,2,A,-,09,21804,A,N,D,C,A,A,H,-,C,D,0,,,,,Y,,-,,0,0,3,0,0,0,0,0,0,"- ","- ",,,MONTEREY,SEASIDE,-121.84641990999999,36.607680049999999
6956518,2015,2017-01-04,9730,2015-05-30,1930,20981,,6,2,9,2700,0,1,2,,1,070,"RT 101","SAN MIGUEL CANYON RD",165.00,S,N,B,-,Y,MON,5,101,-,-,96.110,H,-,S,Y,3,0,2,2,A,-,07,21658,A,N,B,C,A,A,H,-,A,D,5,,,,,Y,,A,01,0,1,1,0,0,0,0,0,0,"- ","- ",36.799039999999998,-121.66468,MONTEREY,UNINCORPORATED,-121.66458593999999,36.799125320000002
6956519,2015,2017-01-04,9730,2015-06-01,0700,020931,,1,1,6,2708,0,1,2,,1,050,"RT 101","MAIN ST",200.00,N,N,A,-,Y,MON,5,101,-,R,88.320,H,-,S,Y,4,0,1,2,A,-,03,22350,,N,C,C,A,A,H,-,A,D,1,,,,,Y,,D,22,0,0,1,0,0,0,0,0,0,"- ","- ",,,MONTEREY,SALINAS,-121.65369219999999,36.687472669999998
6958475,2015,2015-07-07,2708,2015-05-08,1236,53260,,5,5,6,2708,0,0,0,,0,012,"WILLIAMS RD","ALMA AV",60.00,S,N,B,-,N,,,,,,,,,,Y,4,0,1,2,A,-,03,22350,,N,C,C,A,A,H,-,A,D,0,,,,,Y,,-,,0,0,1,0,0,0,0,0,0,"- ","- ",,,MONTEREY,SALINAS,-121.60962723999999,36.678175000000003
6959483,2015,2015-10-21,2706,2015-05-29,1623,939,MPD,5,5,4,2706,0,0,0,,0,003,"N FREMONT","RAMONA AV",30.00,W,N,A,-,N,,,,,,,,,,N,4,0,1,2,A,-,03,22350,,M,C,C,A,A,H,-,A,A,0,,,,,Y,,A,07,0,0,1,0,0,0,0,0,0,"- ","- ",,,MONTEREY,MONTEREY,-121.85636033,36.597194219999999
6960111,2015,2017-01-04,9735,2015-06-06,1327,20057,,6,1,9,2700,0,1,2,,2,042,"RT 101","1ST ST",1500.00,S,N,A,-,Y,MON,5,101,-,R,39.490,H,-,N,Y,3,0,1,1,C,-,18,,,N,F,A,A,A,H,-,A,D,3,,,Y,,Y,,-,"- ",0,1,0,0,0,0,0,0,1,"- ","- ",36.198230000000002,-121.10239,MONTEREY,UNINCORPORATED,-121.10801437000001,36.200067660000002
6960133,2015,2015-07-02,2706,2015-06-01,1605,590,2706,1,5,4,2706,0,0,0,,0,003,"NORTH FREMONT ST","CASANOVA AV",0.00,,Y,A,-,N,,,,,,,,,,N,4,0,4,2,A,-,03,22350,,N,C,C,A,A,H,-,A,A,0,,,,,Y,,A,01,0,0,4,0,0,0,0,0,0,"- ","- ",,,MONTEREY,MONTEREY,-121.8532299,36.597670039999997
6960145,2015,2015-07-02,2706,2015-06-02,1717,428,MPD,2,5,4,2706,0,0,0,,0,002,"FREMONT ST","VIA MIRADA",0.00,,Y,A,-,N,,,,,,,,,,Y,4,0,2,2,A,-,09,21801,A,N,D,C,A,A,H,-,A,D,0,,,,,Y,,A,01,0,0,2,0,0,0,0,0,0,"- ","- ",,,MONTEREY,MONTEREY,,
6960157,2015,2015-07-02,2706,2015-06-10,1413,142,2706,3,5,4,2706,0,0,0,,0,003,"7TH ST","PARK AV",118.00,W,N,A,-,N,,,,,,,,,,N,3,0,1,2,A,-,03,22350,,N,H,E,A,A,H,-,A,D,0,,,,,Y,,A,01,0,1,0,0,0,0,0,0,0,"- ","- ",,,MONTEREY,MONTEREY,-121.88140738,36.594800710000001
6961282,2015,2015-06-25,2708,2015-05-27,2142,08067,,3,5,6,2708,0,0,0,,0,011,"NORTH SANBORN RD","DEL MONTE AV",300.00,S,N,A,-,N,,,,,,,,,,Y,3,0,1,2,A,-,03,22350,,N,C,C,A,A,H,-,C,D,0,,,,,Y,,-,,0,1,0,0,0,0,0,0,0,"- ","- ",,,MONTEREY,SALINAS,-121.61164983,36.688177719999999
6961283,2015,2015-06-24,2708,2015-05-15,1600,34263,,5,5,6,2708,0,0,0,,0,012,"E ALISAL ST","EAST MARKET ST",265.00,E,N,B,-,N,,,,,,,,,,Y,3,0,2,3,A,-,09,21802,A,F,C,C,A,A,H,-,A,A,0,,,,,Y,Y,-,,0,1,1,0,0,0,0,0,0,"- ","- ",,,MONTEREY,SALINAS,-121.61264901,36.672677030000003
6961286,2015,2015-06-25,2708,2015-05-21,2140,15702,,4,5,6,2708,0,0,0,,0,009,"WORK ST","SOUTH SANBORN RD",185.00,W,N,A,-,N,,,,,,,,,,Y,4,0,1,2,A,-,08,22107,,N,B,C,A,A,H,-,C,A,0,,,,,Y,,-,,0,0,1,0,0,0,0,0,0,"- ","- ",,,MONTEREY,SALINAS,-121.63036102,36.664575620000001
6961287,2015,2017-08-26,2708,2015-05-09,1405,37663,,6,5,6,2708,0,0,0,,0,009,"SOUTH MAIN ST","KATHERINE AV",40.00,S,N,A,-,N,,,,,,,,,,N,3,0,2,3,A,-,03,22350,,N,C,C,A,A,H,-,A,A,0,,,,,Y,,-,,0,1,1,0,0,0,0,0,0,"- ","- ",,,MONTEREY,SALINAS,-121.65803842,36.661744560000002
6966704,2015,2015-06-26,2710,2015-04-13,1559,CARLIN,,1,5,4,2710,0,0,0,,0,,"PLAYA AV","FRONTAGE RD",0.00,,Y,A,-,N,,,,,,,,,,N,4,0,1,2,A,-,11,21950,B,N,H,G,A,A,H,-,A,D,0,,Y,,,Y,,L,04,0,0,1,0,0,0,1,0,0,"- ","- ",,,MONTEREY,SEASIDE,-121.84085991000001,36.617890090000003
6968068,2015,2015-07-15,9730,2015-06-08,0815,20391,,1,1,9,2700,0,2,4,,1,075,"SAN JUAN RD","MURPHY RD",900.00,E,N,A,-,N,,,,,,,,,,Y,3,0,1,2,A,-,21,22106,,N,C,C,A,A,H,-,A,D,0,,,,Y,Y,,F,26,0,1,0,0,0,0,0,0,0,"- ","- ",,,MONTEREY,UNINCORPORATED,-121.6739774,36.894607669999999
6968070,2015,2015-07-09,9730,2015-06-10,0814,020931,,3,1,6,2708,0,3,5,,2,006,"DAVIS RD","HITCHCOCK RD",0.00,,Y,A,-,N,,,,,,,,,,Y,4,0,1,2,A,-,09,21801,A,N,D,C,A,A,D,-,A,D,0,,,,,Y,,D,22,0,0,1,0,0,0,0,0,0,"- ","- ",,,MONTEREY,SALINAS,-121.69199996,36.6587101
6968071,2015,2015-07-06,9730,2015-06-09,1720,020576,,2,2,9,2700,0,3,5,,2,007,"ELKHORN RD","SPRING POINT RD",0.00,,Y,B,-,N,,,,,,,,,,Y,4,0,2,3,A,-,03,22350,,N,C,C,A,A,H,-,A,D,0,,,,,Y,,D,22,0,0,2,0,0,0,0,0,0,"- ","- ",36.803229999999999,-121.72226000000001,MONTEREY,UNINCORPORATED,-121.72228993,36.803230050000003
6968072,2015,2016-11-03,9730,2015-06-03,1200,13024,,3,1,9,2700,0,1,3,,1,068,"RT 68","YORK RD",1056.00,E,N,B,-,Y,MON,5,68,-,-,8.350,H,-,W,Y,4,0,2,2,A,-,03,22350,,N,C,C,A,A,H,-,A,D,0,,,,,Y,,A,01,0,0,2,0,0,0,0,0,0,"- ","- ",,,MONTEREY,UNINCORPORATED,-121.80489222999999,36.57082991
6968080,2015,2017-01-04,9730,2015-06-04,0530,20931,,4,3,3,2711,0,1,2,,1,030,"RT 101","RT 146",500.00,S,N,B,-,Y,MON,5,101,-,-,61.490,H,-,S,N,4,0,2,2,A,-,09,21803,A,N,B,C,A,A,H,-,A,D,1,,,,Y,Y,,F,27,0,0,2,0,0,0,0,0,0,FR,"- ",,,MONTEREY,SOLEDAD,-121.32284966,36.418203409999997
6968083,2015,2015-07-06,9730,2015-06-04,0705,015160,,4,1,9,2700,0,2,4,,1,073,"WERNER RD","SALINAS RD",8.00,E,N,B,-,N,,,,,,,,,,N,4,0,1,2,A,-,21,22106,,N,C,C,A,A,H,-,A,A,0,,,,,Y,,A,01,0,0,1,0,0,0,0,0,0,"- ","- ",,,MONTEREY,UNINCORPORATED,-121.75137266,36.878270790000002
6969603,2015,2017-01-09,9730,2015-06-23,1013,20990,,2,1,9,2700,0,1,3,,1,072,"RT 156","CATHEDRAL OAK RD",528.00,E,N,A,-,Y,MON,5,156,-,-,2.470,H,-,W,Y,4,0,1,1,A,-,08,22107,,N,A,I,A,A,H,-,A,D,0,,,,,Y,,A,01,0,0,1,0,0,0,0,0,0,"- ","- ",36.777909999999999,-121.71066999999999,MONTEREY,UNINCORPORATED,-121.71344707,36.777084539999997
6969607,2015,2017-01-04,9730,2015-06-12,2155,20933,,5,2,9,2700,0,1,2,,1,070,"RT 101","CRAZY HORSE CANYON RD",2112.00,N,N,B,-,Y,MON,5,101,-,-,98.480,H,-,S,Y,4,0,1,1,A,-,08,22107,,N,E,I,A,A,H,-,D,D,5,,,,,Y,,A,01,0,0,1,0,0,0,0,0,0,"- ","- ",36.823210000000003,-121.62976,MONTEREY,UNINCORPORATED,-121.63203923,36.818845490000001
6970106,2015,2017-01-04,9730,2015-06-04,1715,20065,,4,2,6,2708,0,1,2,,1,050,"RT 101","MARKET ST",0.00,,Y,B,-,Y,MON,5,101,-,-,87.300,H,-,N,Y,4,0,1,3,A,-,03,22350,,N,C,C,A,A,H,-,A,D,1,,,,,Y,,A,01,0,0,1,0,0,0,0,0,0,"- ","- ",36.677579999999999,-121.64122,MONTEREY,SALINAS,-121.641195,36.677538329999997
6970161,2015,2015-07-07,9730,2015-06-06,0915,016537,,6,1,9,2700,0,3,5,,2,003,"RIVER RD","CHUALAR RIVER RD",8448.00,N,N,A,-,N,,,,,,,,,,Y,3,0,1,1,A,-,08,22107,,N,F,A,A,A,H,-,A,D,0,,,,,Y,,A,01,0,1,0,0,0,0,0,0,0,"- ","- ",36.570959999999999,-121.57171,MONTEREY,UNINCORPORATED,-121.57117937,36.570556750000002
6937156,2015,2015-06-11,2709,2015-03-18,1515,1124,2709,3,5,1,2709,0,0,0,,0,,"CALIFORNIA AV","MONTEREY RD",62.00,S,N,A,-,N,,,,,,,,,,N,4,0,1,3,A,-,05,21650,,M,A,C,A,A,H,-,A,A,0,,,,,Y,,A,01,0,0,1,0,0,0,0,0,0,"- ","- ",,,MONTEREY,"SAND CITY",-121.84175866,36.623521539999999
6937700,2015,2015-06-05,2701,2015-04-30,0856,,,4,5,2,2701,0,0,0,,0,,"CAMINO REAL","9TH AV",80.00,N,N,A,-,N,,,,,,,,,,N,4,0,1,3,A,-,03,22350,,N,C,G,A,A,H,-,A,D,0,,Y,,,Y,,L,04,0,0,1,0,0,0,1,0,0,"- ","- ",36.551499999999997,-121.92610000000001,MONTEREY,CARMEL,-121.92606879,36.551529680000002
6938199,2015,2015-10-01,2712,2015-09-14,1647,274,,1,5,3,2712,0,0,0,,0,001,"DEL MONTE BL","PALM AV",0.00,,Y,B,-,N,,,,,,,,,,N,3,0,1,2,A,-,11,21461,5,N,G,B,B,A,H,-,A,A,0,Y,,,,Y,,N,60,0,1,0,0,1,0,0,0,0,"- ","- ",,,MONTEREY,MARINA,-121.80367993999999,36.683450039999997
6938242,2015,2015-09-19,2708,2015-08-13,1541,5048,,4,5,6,2708,0,0,0,,0,008,"E ALISAL ST","MONTEREY ST",0.00,,Y,A,-,N,,,,,,,,,,Y,4,0,1,2,A,-,12,21453,A,N,D,C,A,A,H,-,A,A,0,,,,,Y,,A,07,0,0,1,0,0,0,0,0,0,"- ","- ",,,MONTEREY,SALINAS,-121.65368991,36.67396007
6938246,2015,2015-09-19,2708,2015-08-20,2212,3581,,4,5,6,2708,0,0,0,,0,003,"EAST LAUREL DR","NATIVIDAD RD",225.00,E,N,A,-,N,,,,,,,,,,Y,3,0,2,2,A,-,05,21650,1,N,D,G,A,A,H,-,D,A,0,,Y,,,Y,,L,04,0,1,1,0,0,0,1,0,0,"- ","- ",,,MONTEREY,SALINAS,-121.63755647000001,36.696147920000001
6938250,2015,2015-09-19,2708,2015-08-20,1741,71595,,4,5,6,2708,0,0,0,,0,001,"EAST LAUREL DR","NORTH SANBORN RD",780.00,W,N,A,-,N,,,,,,,,,,Y,4,0,1,2,A,-,03,22350,A,N,C,C,A,A,H,-,A,A,0,,,,,Y,,A,01,0,0,1,0,0,0,0,0,0,"- ","- ",,,MONTEREY,SALINAS,-121.62217884,36.684809819999998
6938254,2015,2015-09-19,2708,2015-08-21,2148,31977,,5,5,6,2708,0,0,0,,0,003,"NATIVIDAD RD","CHAPARRAL ST",0.00,,Y,A,-,N,,,,,,,,,,Y,4,0,1,1,A,-,08,22107,,N,E,I,A,A,H,-,C,A,0,,,,,Y,,A,07,0,0,1,0,0,0,0,0,0,"- ","- ",,,MONTEREY,SALINAS,-121.63451990999999,36.700130029999997
6938258,2015,2015-09-29,2708,2015-08-19,1802,3581,,3,5,6,2708,0,0,0,,0,004,"EAST LAUREL DR","NATIVIDAD RD",255.00,E,N,A,-,N,,,,,,,,,,Y,4,0,1,2,A,-,04,21703,,N,C,C,A,A,H,-,A,D,0,,,,,Y,,A,01,0,0,1,0,0,0,0,0,0,"- ","- ",,,MONTEREY,SALINAS,-121.63745867,36.696123640000003
6938262,2015,2016-06-14,2708,2015-08-15,1527,15963,,6,5,6,2708,0,0,0,,0,007,"W ALISAL ST","PALMA DR",0.00,,Y,A,-,N,,,,,,,,,,Y,4,0,2,2,A,-,09,21802,A,N,D,C,A,A,H,-,A,A,0,,,,,Y,,A,01,0,0,2,0,0,0,0,0,0,"- ","- ",,,MONTEREY,SALINAS,-121.67540997,36.667230070000002