CASE_ID,ACCIDENT_YEAR,PROC_DATE,JURIS,COLLISION_DATE,COLLISION_TIME,OFFICER_ID,REPORTING_DISTRICT,DAY_OF_WEEK,CHP_SHIFT,POPULATION,CNTY_CITY_LOC,SPECIAL_COND,BEAT_TYPE,CHP_BEAT_TYPE,CITY_DIVISION_LAPD,CHP_BEAT_CLASS,BEAT_NUMBER,PRIMARY_RD,SECONDARY_RD,DISTANCE,DIRECTION,INTERSECTION,WEATHER_1,WEATHER_2,STATE_HWY_IND,CALTRANS_COUNTY,CALTRANS_DISTRICT,STATE_ROUTE,ROUTE_SUFFIX,POSTMILE_PREFIX,POSTMILE,LOCATION_TYPE,RAMP_INTERSECTION,SIDE_OF_HWY,TOW_AWAY,COLLISION_SEVERITY,NUMBER_KILLED,NUMBER_INJURED,PARTY_COUNT,PRIMARY_COLL_FACTOR,PCF_CODE_OF_VIOL,PCF_VIOL_CATEGORY,PCF_VIOLATION,PCF_VIOL_SUBSECTION,HIT_AND_RUN,TYPE_OF_COLLISION,MVIW,PED_ACTION,ROAD_SURFACE,ROAD_COND_1,ROAD_COND_2,LIGHTING,CONTROL_DEVICE,CHP_ROAD_TYPE,PEDESTRIAN_ACCIDENT,BICYCLE_ACCIDENT,MOTORCYCLE_ACCIDENT,TRUCK_ACCIDENT,NOT_PRIVATE_PROPERTY,ALCOHOL_INVOLVED,STWD_VEHTYPE_AT_FAULT,CHP_VEHTYPE_AT_FAULT,COUNT_SEVERE_INJ,COUNT_VISIBLE_INJ,COUNT_COMPLAINT_PAIN,COUNT_PED_KILLED,COUNT_PED_INJURED,COUNT_BICYCLIST_KILLED,COUNT_BICYCLIST_INJURED,COUNT_MC_KILLED,COUNT_MC_INJURED,PRIMARY_RAMP,SECONDARY_RAMP,LATITUDE,LONGITUDE,COUNTY,CITY,POINT_X,POINT_Y
6938266,2015,2015-09-29,2708,2015-08-13,0802,15963,,4,5,6,2708,0,0,0,,0,010,"JOHN ST","S HEBBRON ST",0.00,,Y,A,-,N,,,,,,,,,,Y,4,0,4,2,A,-,09,21802,A,N,-,C,A,A,H,-,A,A,0,,,,,Y,,D,22,0,0,4,0,0,0,0,0,0,"- ","- ",,,MONTEREY,SALINAS,-121.63280985999999,36.669880110000001
6938270,2015,2017-01-28,2708,2015-08-24,1008,30510,,1,5,6,2708,0,0,0,,0,008,"NORTH MAIN ST","W MENKE ST",0.00,,Y,A,-,Y,MON,5,183,-,-,0.340,I,5,S,N,4,0,1,2,A,-,08,22107,,N,A,C,A,A,H,-,A,D,0,,,,,Y,,A,01,0,0,1,0,0,0,0,0,0,"- ","- ",,,MONTEREY,SALINAS,-121.65360444,36.682060219999997
6938274,2015,2015-09-19,2708,2015-08-14,2324,31977,,5,5,6,2708,0,0,0,,0,004,"FREEDOM PKWY","CONSTITUTION BL",0.00,,Y,A,-,N,,,,,,,,,,Y,3,0,2,1,A,-,08,22100,B,N,E,I,A,A,H,-,C,A,0,,,,,Y,,A,01,0,2,0,0,0,0,0,0,0,"- ","- ",,,MONTEREY,SALINAS,-121.60972998,36.700720099999998
6961290,2015,2015-06-25,2708,2015-05-05,1603,52823,,2,5,6,2708,0,0,0,,0,,"CHEROKEE DR","AZTEC CIR",25.00,S,N,A,-,N,,,,,,,,,,Y,3,0,1,4,A,-,03,22350,,N,F,E,A,A,H,-,A,D,0,,,,,Y,,-,,0,1,0,0,0,0,0,0,0,"- ","- ",,,MONTEREY,SALINAS,-121.66427842,36.701661950000002
6961294,2015,2015-06-25,2708,2015-05-30,1744,49280,,6,5,6,2708,0,0,0,,0,005,"MODOC AV",RAINIER,320.00,N,N,B,-,N,,,,,,,,,,N,3,0,1,2,A,-,03,22350,,N,C,E,A,A,H,-,A,D,0,,,,,Y,,-,,0,1,0,0,0,0,0,0,0,"- ","- ",,,MONTEREY,SALINAS,-121.63711528,36.702516520000003
6961298,2015,2015-06-25,2708,2015-05-08,0938,47175,,5,5,6,2708,0,0,0,,0,,"DAVIS RD","W RIDGE WY",600.00,S,N,B,-,N,,,,,,,,,,Y,4,0,1,2,A,-,08,22100,A,N,D,C,A,A,D,-,A,A,0,,,,,Y,,-,,0,0,1,0,0,0,0,0,0,"- ","- ",,,MONTEREY,SALINAS,-121.66693601,36.702353070000001
6961302,2015,2015-06-25,2708,2015-05-31,1335,49014,,7,5,6,2708,0,0,0,,0,,"CONSTITUTION BL","EAST LAUREL DR",500.00,S,N,A,-,N,,,,,,,,,,Y,3,0,4,2,A,-,08,22107,,N,A,C,A,A,H,-,A,D,0,,,,,Y,,-,,0,3,1,0,0,0,0,0,0,"- ","- ",,,MONTEREY,SALINAS,-121.63231,36.694490000000002
6961306,2015,2015-06-25,2708,2015-05-18,1812,15945,,1,5,6,2708,0,0,0,,0,,"E ALISAL ST","FRONT ST",12.00,W,N,A,-,N,,,,,,,,,,N,4,0,1,2,A,-,12,22450,,M,C,C,A,A,H,-,A,A,0,,,,,Y,,-,,0,0,1,0,0,0,0,0,0,"- ","- ",,,MONTEREY,SALINAS,-121.6492003,36.674634240000003
6961310,2015,2015-06-25,2708,2015-05-07,1613,77573,,4,5,6,2708,0,0,0,,0,001,"NORTH MAIN ST","BORANDA RD",0.00,,Y,A,-,N,,,,,,,,,,Y,2,0,1,2,A,-,17,21461,A,N,D,C,A,A,H,-,A,A,0,,,,,Y,,-,,1,0,0,0,0,0,0,0,0,"- ","- ",,,MONTEREY,SALINAS,-121.65622992,36.721620110000003
6961311,2015,2016-11-03,2708,2015-05-01,1307,37663,,5,5,6,2708,0,0,0,,0,007,"SOUTH MAIN ST","E ACACIA ST",0.00,,Y,A,-,Y,MON,5,68,-,-,20.610,I,5,W,Y,4,0,1,2,A,-,12,21453,A,N,D,C,A,A,H,-,A,A,0,,,,,Y,,-,,0,0,1,0,0,0,0,0,0,"- ","- ",,,MONTEREY,SALINAS,-121.65711124000001,36.664549960000002
6961314,2015,2015-06-25,2708,2015-05-30,0528,82326,,6,5,6,2708,0,0,0,,0,001,"BORONDA RD","SAN JUAN GRADE",270.00,W,N,F,-,N,,,,,,,,,,Y,4,0,3,2,A,-,03,22350,,F,C,C,A,B,H,-,B,A,0,,,,,Y,,-,,0,0,3,0,0,0,0,0,0,"- ","- ",,,MONTEREY,SALINAS,-121.6518275,36.720309999999998
6961315,2015,2015-06-25,2708,2015-05-09,1536,54370,,6,5,6,2708,0,0,0,,0,012,"1ST AV","EAST MARKET ST",400.00,S,N,A,-,N,,,,,,,,,,N,3,0,1,3,A,-,11,21954,A,N,G,B,D,A,H,-,A,D,0,Y,,,,Y,,N,60,0,1,0,0,1,0,0,0,0,"- ","- ",,,MONTEREY,SALINAS,-121.6180506,36.674859929999997
6961318,2015,2015-06-25,2708,2015-05-20,1755,31110,,3,5,6,2708,0,0,0,,0,007,"W ALISAL ST","CAPITOL ST",0.00,,Y,A,-,N,,,,,,,,,,Y,3,0,1,2,A,-,09,21802,A,N,D,C,A,A,H,-,A,D,0,,,,,Y,,-,,0,1,0,0,0,0,0,0,0,"- ","- ",,,MONTEREY,SALINAS,-121.66007989000001,36.67311007
6961319,2015,2015-07-30,2708,2015-05-01,1237,30301,,5,5,6,2708,0,0,0,,0,,"NORTH MAIN ST","NAVAJO DR",0.00,,Y,A,-,N,,,,,,,,,,Y,4,0,1,2,A,-,09,21801,A,N,D,C,A,A,H,-,A,D,0,,,,,Y,,-,"- ",0,0,1,0,0,0,0,0,0,"- ","- ",,,MONTEREY,SALINAS,-121.65324988,36.705700069999999
6961323,2015,2015-06-24,2708,2015-05-27,2158,76997,2708,3,5,6,2708,0,0,0,,0,005,"EAST LAUREL DR","LINWOOD DR",0.00,,Y,A,-,N,,,,,,,,,,Y,4,0,1,2,A,-,01,23152,A,N,C,C,A,A,H,-,C,A,0,,,,,Y,Y,-,,0,0,1,0,0,0,0,0,0,"- ","- ",,,MONTEREY,SALINAS,-121.64404992,36.697580070000001
6938278,2015,2015-09-19,2708,2015-08-02,1316,58964,SPD,7,5,6,2708,0,0,0,,0,,"CALLE CEBU","SHERWOOD DR",275.00,E,N,A,-,N,,,,,,,,,,Y,4,0,1,2,A,-,09,21804,A,N,-,C,A,A,H,-,A,D,0,,,,,Y,,A,01,0,0,1,0,0,0,0,0,0,"- ","- ",,,MONTEREY,SALINAS,-121.64944385,36.680314979999999
6938282,2015,2016-06-14,2708,2015-08-31,0934,19943,,1,5,6,2708,0,0,0,,0,004,"EAST BORONDA RD","HEMINGWAY ST",0.00,,Y,A,-,N,,,,,,,,,,Y,4,0,3,2,A,-,09,21801,A,N,D,C,A,A,H,-,A,D,0,,,,,Y,,A,01,0,0,3,0,0,0,0,0,0,"- ","- ",,,MONTEREY,SALINAS,-121.60973995000001,36.712210079999998
6938286,2015,2015-09-19,2708,2015-08-19,1232,7904,,3,5,6,2708,0,0,0,,0,002,"NORTH MAIN ST","HARDEN PKWY",530.00,S,N,A,-,N,,,,,,,,,,Y,4,0,1,2,A,-,09,21804,A,N,D,C,A,A,H,-,A,D,0,,,,,Y,,A,01,0,0,1,0,0,0,0,0,0,"- ","- ",,,MONTEREY,SALINAS,-121.65425191,36.711851439999997
6938290,2015,2015-09-19,2708,2015-08-02,1917,7661,,7,5,6,2708,0,0,0,,0,003,"NATIVIDAD RD","BORONDA RD",0.00,,Y,A,-,N,,,,,,,,,,Y,3,0,1,2,A,-,12,21453,A,N,D,C,A,A,H,-,A,A,0,,,,,Y,,A,01,0,1,0,0,0,0,0,0,0,"- ","- ",,,MONTEREY,SALINAS,-121.62351989,36.715540019999999
6938294,2015,2015-09-29,2708,2015-08-25,0608,69305,,2,5,6,2708,0,0,0,,0,010,"JOHN ST","SOUTH SANBORN RD",0.00,,Y,A,-,N,,,,,,,,,,N,4,0,1,2,A,-,05,21650,1,N,D,G,A,A,H,-,B,A,0,,Y,,,Y,Y,L,04,0,0,1,0,0,0,1,0,0,"- ","- ",,,MONTEREY,SALINAS,-121.62772993,36.669300020000001
6938298,2015,2015-09-19,2708,2015-08-09,1834,8067,,7,5,6,2708,0,0,0,,0,010,"JOHN ST","SOUTH SANBORN RD",0.00,,Y,B,-,N,,,,,,,,,,Y,4,0,1,2,A,-,09,21801,A,N,A,C,A,A,H,-,A,A,0,,,,,Y,,A,01,0,0,1,0,0,0,0,0,0,"- ","- ",,,MONTEREY,SALINAS,-121.62772993,36.669300020000001
6938302,2015,2015-09-19,2708,2015-08-11,1532,56682,SPD,2,5,6,2708,0,0,0,,0,009,"EAST ROMIE LN","PAJARO ST",0.00,,Y,A,-,N,,,,,,,,,,Y,4,0,3,2,A,-,09,21801,A,N,A,C,A,A,H,-,A,A,0,,,,,Y,,A,07,0,0,3,0,0,0,0,0,0,"- ","- ",,,MONTEREY,SALINAS,-121.65522,36.662040009999998
6938313,2015,2015-09-29,2708,2015-08-28,2036,71595,,5,5,6,2708,0,0,0,,0,006,"NORTH DAVIS RD","WESTRIDGE PKWY",742.00,N,N,A,-,N,,,,,,,,,,Y,4,0,1,2,A,-,01,23152,A,N,B,C,A,A,H,-,C,D,0,,,,,Y,,D,22,0,0,1,0,0,0,0,0,0,"- ","- ",,,MONTEREY,SALINAS,-121.66625891,36.705956960000002
6938317,2015,2015-09-19,2708,2015-08-18,1503,75635,SALIN,2,5,6,2708,0,0,0,,0,,"JOHN ST","PAJARO ST",0.00,,Y,A,-,N,,,,,,,,,,Y,3,0,2,1,A,-,08,22107,,N,A,I,A,A,H,-,A,A,0,,,,,Y,,A,01,0,2,0,0,0,0,0,0,0,"- ","- ",,,MONTEREY,SALINAS,-121.65220988,36.670500060000002
6938457,2015,2015-10-14,2705,2015-02-18,1344,K20570,02,3,5,3,2705,0,0,0,,0,008,"BROADWAY ST","SAN LORENZO AV",37.00,W,N,A,-,N,,,,,,,,,,N,4,0,1,2,A,-,21,22106,,F,C,C,A,A,H,-,A,D,0,,,,,Y,,-,"- ",0,0,1,0,0,0,0,0,0,"- ","- ",,,MONTEREY,"KING CITY",-121.13053297,36.210711779999997
6938465,2015,2017-01-04,2705,2015-05-17,1532,19719,,7,5,3,2705,0,0,0,,0,003,"CANAL ST","RT 101",0.00,,Y,A,-,Y,MON,5,101,-,R,40.570,R,3,S,N,4,0,1,2,A,-,10,21950,A,N,G,B,B,A,G,-,A,D,0,Y,,,,Y,,-,,0,0,1,0,1,0,0,0,0,"- ",SO,,,MONTEREY,"KING CITY",-121.12681271,36.20281181
6938712,2015,2015-06-04,2706,2015-05-01,1445,320,MPD,5,5,4,2706,0,0,0,,0,001,"PRESCOTT AV","TERRY ST",61.00,E,N,A,-,N,,,,,,,,,,N,4,0,1,2,A,-,08,22107,,N,D,G,A,A,H,-,A,D,0,,Y,,,Y,,A,01,0,0,1,0,0,0,1,0,0,"- ","- ",,,MONTEREY,MONTEREY,-121.91243883,36.6093251
6961327,2015,2015-06-24,2708,2015-05-06,0508,93614,,3,5,6,2708,0,0,0,,0,011,"GARNER AV","ATLANTIC ST",0.00,,Y,B,-,N,,,,,,,,,,Y,4,0,1,3,A,-,09,21802,A,N,D,C,A,A,H,-,C,D,0,,,,,Y,,A,01,0,0,1,0,0,0,0,0,0,"- ","- ",,,MONTEREY,SALINAS,-121.61723999,36.688640049999997
6961331,2015,2015-06-24,2708,2015-05-05,0611,79081,,2,5,6,2708,0,0,0,,0,006,"N MAIN","WEST ROSSI ST",0.00,,Y,B,-,N,,,,,,,,,,Y,4,0,3,2,A,-,12,21453,A,N,D,C,A,A,H,-,A,A,0,,,,,Y,,-,,0,0,3,0,0,0,0,0,0,"- ","- ",,,MONTEREY,SALINAS,-121.65408995,36.680890079999998
6961335,2015,2016-05-23,2708,2015-05-19,1324,52823,,2,5,6,2708,0,0,0,,0,,"NORTH SANBORN RD","ACOSTA ST",0.00,,Y,B,-,N,,,,,,,,,,N,4,0,1,2,A,-,12,21453,A,N,D,C,A,A,H,-,A,A,0,,,,,Y,,-,,0,0,1,0,0,0,0,0,0,"- ","- ",,,MONTEREY,SALINAS,-121.61983986,36.683550050000001
6961339,2015,2015-06-24,2708,2015-05-18,0810,37663,,1,5,6,2708,0,0,0,,0,007,"VILLA ST","WEST MARKET ST",600.00,S,N,A,-,N,,,,,,,,,,Y,3,0,2,2,A,-,09,21801,A,N,A,C,A,A,H,-,A,D,0,,,,,Y,,-,,0,1,1,0,0,0,0,0,0,"- ","- ",,,MONTEREY,SALINAS,-121.66694966,36.679966319999998
6961340,2015,2015-06-24,2710,2015-05-12,1953,33362,,2,5,4,2710,0,0,0,,0,,"LA SALLE AV","LUZERN ST",0.00,,Y,A,-,N,,,,,,,,,,Y,4,0,1,2,A,-,09,21802,A,N,D,C,A,A,H,-,B,D,0,,,,,Y,,-,,0,0,1,0,0,0,0,0,0,"- ","- ",,,MONTEREY,SEASIDE,-121.83117987,36.616690050000003
6961343,2015,2015-06-24,2708,2015-05-10,0743,35715,,7,5,6,2708,0,0,0,,0,008,"ALISAL ST","SALINAS ST",0.00,,Y,B,-,N,,,,,,,,,,Y,4,0,1,2,A,-,12,21453,A,N,D,C,A,A,H,-,A,A,0,,,,,Y,,-,,0,0,1,0,0,0,0,0,0,"- ","- ",,,MONTEREY,SALINAS,-121.65602994,36.673620020000001
6961347,2015,2015-06-24,2708,2015-05-07,0713,76998,,4,5,6,2708,0,0,0,,0,003,"NATIVIDAD RD","LOS COCHES AV",0.00,,Y,A,-,N,,,,,,,,,,N,3,0,1,2,A,-,08,22107,,N,-,G,A,A,H,-,A,A,0,,Y,,,Y,,-,,0,1,0,0,0,0,1,0,0,"- ","- ",,,MONTEREY,SALINAS,-121.62755991,36.707030080000003
6961351,2015,2016-11-03,2708,2015-05-15,2019,18928,SALIN,5,5,6,2708,0,0,0,,0,009,"JOHN ST","ABBOTT ST",122.00,E,N,A,-,Y,MON,5,68,-,-,21.590,I,5,E,N,3,0,1,2,A,-,05,21202,A,N,D,G,A,A,H,-,C,A,0,,Y,,,Y,,L,04,0,1,0,0,0,0,1,0,0,"- ","- ",,,MONTEREY,SALINAS,-121.64636946,36.66958297
6961355,2015,2015-06-24,2708,2015-05-13,0651,49532,SALIN,3,5,6,2708,0,0,0,,0,012,"E ALISAL RD","SKYWAY BL",5.00,E,N,A,-,N,,,,,,,,,,N,4,0,1,2,A,-,09,21802,,N,D,C,A,A,H,-,A,A,0,,,,,Y,,-,,0,0,1,0,0,0,0,0,0,"- ","- ",,,MONTEREY,SALINAS,-121.61832301,36.672271180000003
6961359,2015,2015-06-25,2708,2015-05-04,1749,08323,COUNT,1,5,6,2708,0,0,0,,0,012,"WILLIAMS RD","QUILLA ST",0.00,,Y,A,-,N,,,,,,,,,,Y,4,0,2,3,A,-,09,21802,,N,D,C,A,A,H,-,A,A,0,,,,,Y,,-,,0,0,2,0,0,0,0,0,0,"- ","- ",,,MONTEREY,SALINAS,-121.61806989999999,36.673350020000001
6961659,2015,2015-10-23,2710,2015-05-17,1548,38145,,7,5,4,2710,0,0,0,,0,002,"GENERAL JIM MOORE BL","SAN PABLO AV",0.00,,Y,A,-,N,,,,,,,,,,N,4,0,1,2,A,-,09,21453,C,N,D,C,A,A,H,-,A,A,0,,,,,Y,,-,,0,0,1,0,0,0,0,0,0,"- ","- ",,,MONTEREY,SEASIDE,,
6962092,2015,2016-10-26,9730,2015-05-23,0218,020903,,6,3,9,2700,0,1,3,,1,074,"RT 1","STRUVE RD",1056.00,S,N,A,-,Y,MON,5,1,-,-,97.400,H,-,S,Y,4,0,2,1,A,-,08,22107,,N,E,I,A,A,H,-,D,D,0,,,,,Y,,A,01,0,0,2,0,0,0,0,0,0,"- ","- ",36.821550000000002,-121.78424,MONTEREY,UNINCORPORATED,-121.78328585,36.82199249
6970165,2015,2016-09-29,9730,2015-06-07,1355,021009,,7,1,9,2700,0,1,3,,1,074,"RT 1","MERRITT ST",900.00,N,N,A,-,Y,MON,5,1,-,-,10.140,H,-,N,Y,3,0,1,3,A,-,01,23152,A,F,C,C,A,A,H,-,A,D,0,,,Y,,Y,Y,A,08,0,1,0,0,0,0,0,0,1,"- ","- ",36.773350000000001,-121.76855999999999,MONTEREY,UNINCORPORATED,-121.44606252,35.876069370000003
6970169,2015,2017-01-04,9730,2015-06-09,1650,020065,,2,2,9,2700,0,1,2,,1,030,"RT 101","OLD STAGE RD",1.90,N,N,B,-,Y,MON,5,101,-,-,74.510,H,-,S,Y,3,0,1,2,A,-,03,22350,,N,C,C,A,A,H,-,A,D,5,,,,,Y,,A,07,0,1,0,0,0,0,0,0,0,"- ","- ",36.542319999999997,-121.48851999999999,MONTEREY,UNINCORPORATED,-121.48855691,36.542341819999997
6970173,2015,2015-07-09,9730,2015-06-09,1830,020576,,2,2,9,2700,0,3,5,,2,007,"ELKHORN RD","WALKER VALLEY RD",0.00,,Y,C,-,N,,,,,,,,,,Y,3,0,2,2,A,-,03,22350,,N,B,C,A,B,B,H,A,D,0,,,,,Y,,A,01,0,1,1,0,0,0,0,0,0,"- ","- ",36.814810000000001,-121.72067,MONTEREY,UNINCORPORATED,-121.72067986,36.814870020000001
6970177,2015,2015-07-07,9730,2015-06-09,1900,017803,,2,2,9,2700,0,3,5,,2,005,"COUNTRY MEADOWS RD","REESE CIR",300.00,S,N,B,-,N,,,,,,,,,,Y,4,0,1,1,A,-,08,22107,,N,E,I,A,A,H,-,A,D,0,,,,,Y,,A,01,0,0,1,0,0,0,0,0,0,"- ","- ",36.767020000000002,-121.66508,MONTEREY,UNINCORPORATED,-121.66514293,36.767096530000003
6970180,2015,2017-01-04,9730,2015-06-09,1810,018820,,2,2,6,2708,0,1,2,,1,050,"RT 101","SANBORN RD",528.00,N,N,B,-,Y,MON,5,101,-,-,86.240,H,-,S,N,4,0,1,2,A,-,03,22350,,N,C,C,A,A,H,-,A,D,1,,,Y,,Y,,A,01,0,0,1,0,0,0,0,0,1,"- ","- ",36.66771,-121.63129000000001,MONTEREY,SALINAS,-121.62997746000001,36.667288630000002
6970181,2015,2015-07-09,9730,2015-06-09,2010,020701,,2,2,9,2700,0,3,5,,2,002,"CARPENTER ST","SERRA AV",0.00,,Y,C,-,N,,,,,,,,,,Y,4,0,1,2,A,-,12,22450,A,N,D,C,A,B,H,-,B,D,0,,,,,Y,,A,07,0,0,1,0,0,0,0,0,0,"- ","- ",36.565550000000002,-121.91485,MONTEREY,UNINCORPORATED,-121.91479995,36.565530109999997
6970184,2015,2015-07-06,9730,2015-06-03,0625,015160,,3,1,9,2700,0,3,5,,2,006,"NASHUA RD","MONTE RD",5280.00,S,N,B,-,N,,,,,,,,,,Y,4,0,1,2,A,-,05,21752,D,N,D,C,A,A,H,-,A,D,0,,,,,Y,,A,01,0,0,1,0,0,0,0,0,0,"- ","- ",,,MONTEREY,UNINCORPORATED,-121.75393235,36.730602560000001
6970185,2015,2016-09-29,9730,2015-06-11,1800,20701,,4,2,4,2706,0,1,3,,2,062,"RT 1","CASA VERDE WY",1000.00,S,N,A,-,Y,MON,5,1,-,-,78.270,H,-,N,Y,4,0,4,3,A,-,03,22350,,N,C,C,A,A,H,-,A,D,1,,,,,Y,,A,07,0,0,4,0,0,0,0,0,0,"- ","- ",36.596649999999997,-121.86642000000001,MONTEREY,MONTEREY,-121.8697955,36.594487919999999
6970188,2015,2016-09-29,9730,2015-06-06,1145,017184,,6,1,4,2706,0,1,3,,1,012,"RT 1","MILL CREEK BR",2640.00,S,N,A,-,Y,MON,5,1,-,-,17.960,H,-,S,Y,3,0,7,3,A,-,21,22106,,N,C,C,A,A,H,-,A,D,0,,,,,Y,,A,01,0,1,6,0,0,0,0,0,0,"- ","- ",35.976300000000002,-121.4885,MONTEREY,MONTEREY,-121.48831355999999,35.976123129999998
6970189,2015,2015-07-09,9730,2015-06-11,0959,020990,,4,1,9,2700,0,3,5,,2,006,"RESERVATION RD","BLANCO RD",1056.00,S,N,A,-,N,,,,,,,,,,Y,3,0,2,2,A,-,17,22109,,N,C,C,A,A,H,-,A,D,0,,,,,Y,,A,01,0,1,1,0,0,0,0,0,0,"- ","- ",36.665230000000001,-121.75302000000001,MONTEREY,UNINCORPORATED,-121.75358663,36.665458389999998
6970192,2015,2016-09-28,9730,2015-06-02,1258,015638,,2,1,9,2700,0,1,3,,1,022,"RT 1","HANDLEY DR",200.00,S,N,A,-,Y,MON,5,1,-,-,74.430,H,-,S,N,4,0,1,2,A,-,03,22350,,N,C,C,A,A,H,-,A,D,0,,,,,Y,,A,01,0,0,1,0,0,0,0,0,0,"- ","- ",,,MONTEREY,UNINCORPORATED,-121.91204555,36.564727079999997
6962093,2015,2015-06-23,9730,2015-05-24,1050,20701,,7,1,9,2700,0,2,4,,1,023,"CARMEL VALLEY RD","MERCURIO RD",100.00,E,N,B,-,N,,,,,,,,,,Y,4,0,4,3,A,-,03,22350,,N,C,C,A,A,H,-,A,D,0,,,,,Y,,A,01,0,0,4,0,0,0,0,0,0,"- ","- ",36.524030000000003,-121.81068999999999,MONTEREY,UNINCORPORATED,,
6962094,2015,2016-11-03,9730,2015-05-26,1614,20933,,2,2,9,2700,0,1,3,,1,068,"RT 68","LAURELES GRADE",3696.00,W,N,A,-,Y,MON,5,68,-,-,10.520,H,-,E,Y,3,0,1,2,A,-,03,22350,,N,C,C,A,A,H,-,A,D,0,,,,,Y,,A,01,0,1,0,0,0,0,0,0,0,"- ","- ",36.57076,-121.76881,MONTEREY,UNINCORPORATED,-121.76835783999999,36.570772580000003
6962095,2015,2016-10-26,9730,2015-05-27,2140,020990,,3,2,9,2700,0,1,3,,2,062,"RT 1","LAPIS SPUR",1755.00,N,N,A,-,Y,MON,5,1,-,-,87.980,H,-,S,Y,4,0,2,1,A,-,08,22107,,N,F,I,A,A,H,-,D,D,1,,,,,Y,,A,07,0,0,2,0,0,0,0,0,0,"- ","- ",36.71658,-121.79416999999999,MONTEREY,UNINCORPORATED,-121.80123734999999,36.703581210000003
6962096,2015,2017-01-04,9730,2015-05-28,0935,020931,,4,1,6,2708,0,1,2,,1,070,"RT 101","LAUREL RD",600.00,N,N,A,-,Y,MON,5,101,-,R,89.380,H,-,S,N,4,0,1,3,A,-,03,22350,,N,B,C,A,A,D,-,A,D,1,,,,,Y,,A,07,0,0,1,0,0,0,0,0,0,"- ","- ",36.699660000000002,-121.66556,MONTEREY,SALINAS,-121.66536476,36.69936672
6962097,2015,2017-01-04,9730,2015-05-28,1326,020931,,4,1,9,2700,0,1,2,,1,070,"RT 101","RALPH LN",700.00,S,N,A,-,Y,MON,5,101,-,-,92.970,H,-,S,N,4,0,1,3,A,-,03,22350,,N,C,C,A,A,H,-,A,D,5,,,,,Y,,A,07,0,0,1,0,0,0,0,0,0,"- ","- ",,,MONTEREY,UNINCORPORATED,-121.66459082999999,36.754407409999999
6962098,2015,2015-06-23,9730,2015-05-28,1712,020933,,4,2,9,2700,0,3,5,,2,007,"PRUNEDALE NORTH RD","RT 156",230.00,N,N,A,-,N,,,,,,,,,,N,3,0,1,2,A,-,06,21750,,N,D,G,A,A,H,-,A,D,0,,Y,,,Y,,L,04,0,1,0,0,0,0,1,0,0,"- ","- ",36.790860000000002,-121.66853,MONTEREY,UNINCORPORATED,-121.66872533999999,36.789883140000001
6962099,2015,2017-10-02,9730,2015-05-30,1430,20701,,6,2,4,2710,0,1,3,,2,062,"RT 1","TIOGA AV",500.00,S,N,A,-,Y,MON,5,1,-,R,80.000,H,-,S,Y,4,0,1,3,A,-,03,22350,,N,C,C,A,A,H,-,A,D,1,,,,,Y,,A,08,0,0,1,0,0,0,0,0,0,"- ","- ",36.616689999999998,-121.84990000000001,MONTEREY,SEASIDE,-121.84980896,36.616800789999999
6962100,2015,2015-06-23,9730,2015-05-29,1803,020990,,5,2,9,2700,0,3,5,,2,004,"OLD STAGE RD","ENCINAL RD",253.00,N,N,B,-,N,,,,,,,,,,Y,3,0,1,2,A,-,01,23152,A,F,C,C,A,A,H,-,A,D,0,,,,,Y,Y,A,07,0,1,0,0,0,0,0,0,0,"- ","- ",36.62724,-121.53231,MONTEREY,UNINCORPORATED,-121.53100297,36.626793050000003
6962101,2015,2015-06-23,9730,2015-05-30,1135,016537,,6,1,9,2700,0,3,5,,2,004,"RIVER RD","COREY RD",528.00,N,N,A,-,N,,,,,,,,,,Y,2,0,1,2,A,-,11,21956,A,N,G,B,D,A,H,-,A,D,0,Y,,,,Y,,N,60,1,0,0,0,1,0,0,0,0,"- ","- ",36.590530000000001,-121.60675000000001,MONTEREY,UNINCORPORATED,-121.60695092,36.590463
6962102,2015,2015-06-23,9730,2015-05-21,0930,13024,,4,1,9,2700,0,3,5,,2,005,"SAN JUAN GRADE RD","PENZANCE ST",0.00,,Y,A,-,N,,,,,,,,,,Y,4,0,1,2,A,-,09,21802,A,N,D,C,A,A,H,-,A,A,0,,,,,Y,,A,01,0,0,1,0,0,0,0,0,0,"- ","- ",,,MONTEREY,UNINCORPORATED,-121.63973995000001,36.731860050000002
6962103,2015,2015-06-23,9730,2015-05-23,0725,018350,,6,1,9,2700,0,2,4,,1,023,"CARMEL VALLEY RD","CACHAGUA RD",6336.00,W,N,C,-,N,,,,,,,,,,Y,2,0,2,1,A,-,03,22350,,N,E,I,A,B,H,-,A,D,0,,,,,Y,,A,07,1,1,0,0,0,0,0,0,0,"- ","- ",36.454729999999998,-121.70044,MONTEREY,UNINCORPORATED,-121.69823967000001,36.454070819999998
6939971,2015,2015-06-09,2712,2015-05-19,0728,274,,2,5,3,2712,0,0,0,,0,001,"IMJIN PW","ABRAMS DR",375.00,N,N,C,-,N,,,,,,,,,,N,4,0,1,2,A,-,04,21703,,N,C,C,A,B,H,-,A,A,0,,,,,Y,,A,01,0,0,1,0,0,0,0,0,0,"- ","- ",,,MONTEREY,MARINA,-121.79441047,36.664503400000001
6941282,2015,2016-06-02,9730,2015-05-19,0503,20990,,2,3,9,2700,0,3,5,,2,006,"ESPINOSA RD","RT 101",5280.00,W,N,B,-,N,,,,,,,,,,Y,3,0,2,1,A,-,08,22107,,N,E,I,A,A,H,-,D,D,0,,,,,Y,,A,01,0,1,1,0,0,0,0,0,0,"- ","- ",36.736499999999999,-121.66379000000001,MONTEREY,UNINCORPORATED,-121.67425932,36.73951083