CASE_ID,ACCIDENT_YEAR,PROC_DATE,JURIS,COLLISION_DATE,COLLISION_TIME,OFFICER_ID,REPORTING_DISTRICT,DAY_OF_WEEK,CHP_SHIFT,POPULATION,CNTY_CITY_LOC,SPECIAL_COND,BEAT_TYPE,CHP_BEAT_TYPE,CITY_DIVISION_LAPD,CHP_BEAT_CLASS,BEAT_NUMBER,PRIMARY_RD,SECONDARY_RD,DISTANCE,DIRECTION,INTERSECTION,WEATHER_1,WEATHER_2,STATE_HWY_IND,CALTRANS_COUNTY,CALTRANS_DISTRICT,STATE_ROUTE,ROUTE_SUFFIX,POSTMILE_PREFIX,POSTMILE,LOCATION_TYPE,RAMP_INTERSECTION,SIDE_OF_HWY,TOW_AWAY,COLLISION_SEVERITY,NUMBER_KILLED,NUMBER_INJURED,PARTY_COUNT,PRIMARY_COLL_FACTOR,PCF_CODE_OF_VIOL,PCF_VIOL_CATEGORY,PCF_VIOLATION,PCF_VIOL_SUBSECTION,HIT_AND_RUN,TYPE_OF_COLLISION,MVIW,PED_ACTION,ROAD_SURFACE,ROAD_COND_1,ROAD_COND_2,LIGHTING,CONTROL_DEVICE,CHP_ROAD_TYPE,PEDESTRIAN_ACCIDENT,BICYCLE_ACCIDENT,MOTORCYCLE_ACCIDENT,TRUCK_ACCIDENT,NOT_PRIVATE_PROPERTY,ALCOHOL_INVOLVED,STWD_VEHTYPE_AT_FAULT,CHP_VEHTYPE_AT_FAULT,COUNT_SEVERE_INJ,COUNT_VISIBLE_INJ,COUNT_COMPLAINT_PAIN,COUNT_PED_KILLED,COUNT_PED_INJURED,COUNT_BICYCLIST_KILLED,COUNT_BICYCLIST_INJURED,COUNT_MC_KILLED,COUNT_MC_INJURED,PRIMARY_RAMP,SECONDARY_RAMP,LATITUDE,LONGITUDE,COUNTY,CITY,POINT_X,POINT_Y
6941286,2015,2015-06-25,9730,2015-04-24,1510,20916,,5,2,2,2701,0,3,5,,2,002,"ATHERTON DR","MESA DR",0.00,,Y,A,-,N,,,,,,,,,,N,3,0,1,2,A,-,11,21954,A,N,G,B,E,A,H,-,A,D,0,Y,,,,Y,,N,60,0,1,0,0,1,0,0,0,0,"- ","- ",36.546169999999996,-121.91021000000001,MONTEREY,CARMEL,-121.91313993999999,36.542810090000003
6941290,2015,2015-06-25,9730,2015-05-03,1445,16537,,7,2,9,2700,0,3,5,,2,003,"RIVER RD","CHUALAR RIVER RD",220.00,S,N,A,-,N,,,,,,,,,,Y,4,0,3,1,A,-,08,22107,,N,H,I,A,A,H,-,A,D,0,,,,,Y,,A,01,0,0,3,0,0,0,0,0,0,"- ","- ",36.555599999999998,-121.54977,MONTEREY,UNINCORPORATED,-121.54995661,36.55574901
6941294,2015,2017-01-04,9730,2015-05-08,1150,18350,,5,1,9,2700,0,1,2,,1,050,"RT 101","AIRPORT BL",2640.00,S,N,A,-,Y,MON,5,101,-,-,85.120,H,-,N,Y,3,0,3,4,A,-,03,22350,,N,C,C,A,A,D,-,A,A,5,,,,,Y,,A,01,0,2,1,0,0,0,0,0,0,"- ","- ",36.653849999999998,-121.61882,MONTEREY,UNINCORPORATED,-121.61873097,36.653869899999997
6941298,2015,2015-06-25,9730,2015-05-09,1640,20933,,6,2,9,2700,0,2,4,,1,023,"CARMEL VALLEY RD","LAURELES GRADE",2112.00,W,N,A,-,N,,,,,,,,,,Y,3,0,1,1,A,-,08,22107,,N,E,I,A,A,H,-,A,D,0,,,,,Y,,A,07,0,1,0,0,0,0,0,0,0,"- ","- ",36.50461,-121.76178,MONTEREY,UNINCORPORATED,-121.76184779,36.504756010000001
6941302,2015,2015-06-25,9730,2015-05-07,1515,15638,,4,2,9,2700,0,3,5,,2,002,"CARMEL RANCHO BL","CARMEL RANCHO LN",0.00,,Y,B,-,N,,,,,,,,,,Y,4,0,1,2,A,-,09,21804,A,N,D,C,A,B,H,-,A,D,0,,,,,Y,,A,01,0,0,1,0,0,0,0,0,0,"- ","- ",,,MONTEREY,UNINCORPORATED,-121.90494988,36.54054009
6941306,2015,2015-06-25,9730,2015-05-08,0236,20931,,5,3,3,2712,0,3,5,,2,006,"RESERVATION RD","DAVIS RD",2640.00,W,N,B,-,N,,,,,,,,,,Y,3,0,1,1,A,-,08,22107,,N,F,J,A,B,H,-,D,D,0,,,,,Y,,A,01,0,1,0,0,0,0,0,0,0,"- ","- ",36.645499999999998,-121.71768,MONTEREY,MARINA,-121.70768,36.638280000000002
6941310,2015,2017-01-06,9730,2015-05-07,1335,15160,,4,1,9,2700,0,1,3,,1,066,"RT 183","MONTEREY ST",200.00,N,N,C,-,Y,MON,5,183,-,R,8.790,H,-,N,Y,3,0,1,2,A,-,08,22107,,F,B,C,A,B,H,-,A,D,0,,,,,Y,Y,A,01,0,1,0,0,0,0,0,0,0,"- ","- ",,,MONTEREY,UNINCORPORATED,-121.74919041,36.759185449999997
6941314,2015,2017-01-04,9730,2015-05-11,0056,20933,,1,3,9,2700,0,1,2,,1,030,"RT 101","FRONT ST",2112.00,N,N,A,-,Y,MON,5,101,-,-,61.980,H,-,S,Y,3,0,1,1,A,-,08,22107,,N,E,I,A,A,H,-,D,D,1,,,,,Y,,A,01,0,1,0,0,0,0,0,0,0,"- ","- ",36.437550000000002,-121.34617,MONTEREY,UNINCORPORATED,-121.32837757,36.423972919999997
6941318,2015,2017-01-04,9730,2015-05-08,1705,20981,,5,2,9,2700,0,1,2,,1,030,"RT 101","AIRPORT BL",2320.00,S,N,A,-,Y,MON,5,101,-,-,85.180,H,-,N,Y,3,0,2,4,A,-,03,22350,,M,C,C,A,A,D,-,A,D,5,,,,,Y,,A,07,0,1,1,0,0,0,0,0,0,"- ","- ",36.654490000000003,-121.61917,MONTEREY,UNINCORPORATED,-121.61921361,36.654702989999997
6962104,2015,2016-11-03,9730,2015-05-24,1250,20680,,7,1,9,2700,0,1,2,,1,070,"RT 101","SAN JUAN RD",1200.00,S,N,B,-,Y,MON,5,101,-,-,100.890,H,-,S,Y,4,0,1,2,A,-,03,22350,,N,C,C,A,A,H,-,A,D,5,,,,,Y,,A,01,0,0,1,0,0,0,0,0,0,"- ","- ",36.848320000000001,-121.63420000000001,MONTEREY,UNINCORPORATED,-121.63495109,36.85272775
6978341,2015,2015-07-15,9730,2015-06-25,1900,019127,,4,2,9,2700,0,3,5,,2,006,"SAN JON RD","RT 183",3168.00,E,N,A,-,N,,,,,,,,,,Y,3,0,6,2,A,-,06,21751,,N,A,C,A,A,H,-,A,D,0,,,,,Y,,A,01,0,1,5,0,0,0,0,0,0,"- ","- ",36.709719999999997,-121.70012,MONTEREY,UNINCORPORATED,,
6978345,2015,2015-07-15,9730,2015-06-17,0431,020970,,3,3,9,2700,0,3,5,,2,005,"ALISAL RD","HARTNELL RD",2640.00,N,N,B,-,N,,,,,,,,,,Y,2,0,3,2,A,-,01,23152,A,N,A,C,A,A,H,-,D,D,0,,,,,Y,Y,A,07,1,1,1,0,0,0,0,0,0,"- ","- ",36.646500000000003,-121.5776,MONTEREY,UNINCORPORATED,-121.58201385,36.651274549999997
6978349,2015,2015-12-21,9730,2015-06-21,1420,020417,,7,2,9,2700,0,3,5,,2,003,"RIVER RD","CHUALAR RIVER RD",7920.00,S,N,A,-,N,,,,,,,,,,N,4,0,1,1,A,-,08,22107,,N,E,I,A,A,H,-,A,D,0,,,Y,,Y,,C,02,0,0,1,0,0,0,0,0,1,"- ","- ",36.534750000000003,-121.54107999999999,MONTEREY,UNINCORPORATED,-121.54176923,36.536996369999997
6978353,2015,2015-07-15,9730,2015-06-23,1550,018820,,2,2,9,2700,0,3,5,,2,006,"BLACKIE RD","ROLLING MEADOWS LN",5808.00,W,N,A,-,N,,,,,,,,,,N,4,0,2,2,A,-,03,22350,,N,C,C,A,A,H,-,A,D,0,,,,,Y,,A,01,0,0,2,0,0,0,0,0,0,"- ","- ",,,MONTEREY,UNINCORPORATED,-121.70464320000001,36.773473500000001
6978357,2015,2016-09-29,9730,2015-06-19,2330,020933,,5,3,9,2700,0,1,3,,2,062,"RT 1","SOLEDAD DR",228.00,S,N,B,-,Y,MON,5,1,-,-,75.560,H,-,N,Y,3,0,1,1,A,-,08,22107,,N,E,I,A,A,H,-,D,D,1,,,,,Y,Y,A,01,0,1,0,0,0,0,0,0,0,"- ","- ",36.581740000000003,-121.9003,MONTEREY,UNINCORPORATED,-121.90697894,36.578348230000003
6978361,2015,2015-07-15,9730,2015-06-20,0050,020933,,6,3,9,2700,0,3,5,,2,007,"SALINAS RD","FRUITLAND AV",120.00,W,N,B,-,N,,,,,,,,,,Y,4,0,1,1,A,-,01,23152,A,N,E,I,A,A,H,-,D,D,0,,,,,Y,Y,A,01,0,0,1,0,0,0,0,0,0,"- ","- ",36.877899999999997,-121.75272,MONTEREY,UNINCORPORATED,-121.75292989,36.87786724
6978365,2015,2017-01-04,9730,2015-06-21,1555,020417,,7,2,9,2700,0,1,2,,1,030,"RT 101","FRONT ST",385.00,N,N,A,F,Y,MON,5,101,-,-,62.830,H,-,S,N,4,0,1,1,A,-,08,22107,,N,E,I,A,A,H,-,A,D,1,,,Y,,Y,,C,02,0,0,1,0,0,0,0,0,1,"- ","- ",36.432859999999998,-121.33768999999999,MONTEREY,UNINCORPORATED,-121.33830018,36.433448730000002
6978957,2015,2016-09-29,9730,2015-06-06,1815,20933,,6,2,9,2700,0,1,3,,1,072,"RT 156","MONTE DEL LAGO",166.00,E,N,B,-,Y,MON,5,156,-,-,1.340,H,-,E,Y,3,0,2,2,A,-,03,22350,,N,C,C,A,A,H,-,A,D,1,,,,,Y,,A,01,0,1,1,0,0,0,0,0,0,"- ","- ",36.771349999999998,-121.73313,MONTEREY,UNINCORPORATED,-121.73319305,36.771318659999999
6978958,2015,2016-10-26,9730,2015-06-06,1730,20916,,6,2,9,2700,0,1,2,,1,070,"RT 1","SALA RD",528.00,S,N,A,-,Y,MON,5,1,-,-,92.090,H,-,S,Y,4,0,1,1,A,-,08,22107,,N,E,I,A,A,H,-,A,D,0,,,,,Y,,A,01,0,0,1,0,0,0,0,0,0,"- ","- ",36.743119999999998,-121.66025,MONTEREY,UNINCORPORATED,-121.76772904000001,36.751057950000003
6978959,2015,2015-07-07,9730,2015-06-11,1328,21009,,4,1,9,2700,0,2,4,,1,023,"CARMEL VALLEY RD","VIA MALLORCA RD",200.00,W,N,B,-,N,,,,,,,,,,Y,4,0,1,2,A,-,03,22350,,N,-,C,A,A,H,-,A,D,0,,,,,Y,,A,01,0,0,1,0,0,0,0,0,0,"- ","- ",36.542389999999997,-121.88293,MONTEREY,UNINCORPORATED,-121.88079648999999,36.541872650000002
6941322,2015,2015-06-25,9730,2015-05-10,0018,21009,,7,3,9,2700,0,3,5,,2,006,"ESPINOSA RD","RODGERS RD",300.00,W,N,A,-,N,,,,,,,,,,Y,2,0,2,2,A,-,05,21460,A,F,B,C,A,A,H,-,D,D,0,,,,,Y,,-,99,2,0,0,0,0,0,0,0,0,"- ","- ",36.746189999999999,-121.69619,MONTEREY,UNINCORPORATED,-121.69235999999999,36.74458637
6941326,2015,2015-06-25,9730,2015-05-12,1515,20981,,2,2,9,2700,0,3,5,,2,002,"ESQUILINE RD","LOS OSITOS RD",350.00,N,N,A,-,N,,,,,,,,,,N,4,0,1,2,A,-,11,21954,A,F,G,B,D,A,H,-,A,D,0,Y,,,,Y,,N,60,0,0,1,0,1,0,0,0,0,"- ","- ",36.473170000000003,-121.72684,MONTEREY,UNINCORPORATED,-121.72524455,36.47313759
6941330,2015,2016-11-03,9730,2015-05-14,1655,19529,,4,2,9,2700,0,1,3,,1,024,"RT 68","COMMUNITY HOSP ENT",100.00,E,N,A,-,Y,MON,5,68,-,-,3.920,H,-,W,Y,4,0,1,2,A,-,07,21658,A,N,D,C,A,A,G,H,A,D,0,,,,,Y,,A,01,0,0,1,0,0,0,0,0,0,"- ","- ",,,MONTEREY,UNINCORPORATED,-121.91516428,36.57903924
6941357,2015,2017-01-04,9730,2015-05-13,0840,13024,,3,1,9,2700,0,1,2,,1,030,"RT 101","JOHNSON CANYON RD",3168.00,S,N,A,-,Y,MON,5,101,-,-,70.260,H,-,N,Y,3,0,1,1,A,-,08,22107,,N,E,I,A,A,H,-,A,D,1,,,,,Y,,A,07,0,1,0,0,0,0,0,0,0,"- ","- ",,,MONTEREY,UNINCORPORATED,-121.43337903,36.505300140000003
6943927,2015,2015-06-16,2708,2015-02-24,1140,52823,,2,5,6,2708,0,0,0,,0,,"HOMESTEAD AV","CENTRAL AV",550.00,S,N,A,-,N,,,,,,,,,,N,4,0,2,2,A,-,04,21703,,N,C,C,A,A,H,-,A,D,0,,,,,Y,,-,,0,0,2,0,0,0,0,0,0,"- ","- ",,,MONTEREY,SALINAS,-121.66471711,36.67411018
6943951,2015,2015-06-25,2708,2015-02-13,1514,56105,,5,5,6,2708,0,0,0,,0,007,"ARCHER ST","UNIVERSITY AV",300.00,E,N,A,-,N,,,,,,,,,,N,4,0,1,2,A,-,08,22107,,N,D,E,A,A,H,-,A,D,0,,,,,Y,,-,,0,0,1,0,0,0,0,0,0,"- ","- ",,,MONTEREY,SALINAS,-121.67278222,36.675460260000001
6944361,2015,2016-09-29,9730,2015-05-19,0845,15160,,2,1,4,2710,0,1,3,,2,062,"RT 1","RT 218",2640.00,N,N,B,-,Y,MON,5,1,-,-,79.860,H,-,S,N,4,0,1,3,A,-,03,22350,,N,C,C,A,A,H,-,A,D,1,,,,,Y,,E,23,0,0,1,0,0,0,0,0,0,"- ","- ",,,MONTEREY,SEASIDE,-121.85594155,36.611540480000002
6944369,2015,2017-01-04,9730,2015-05-15,1340,20680,,5,1,9,2700,0,1,2,,1,070,"RT 101","RT 156",500.00,S,N,A,-,Y,MON,5,101,-,-,95.350,H,-,S,Y,4,0,3,3,A,-,03,22350,,N,C,C,A,A,H,-,A,D,5,,,,,Y,,D,22,0,0,3,0,0,0,0,0,0,"- ","- ",36.791519999999998,-121.66719999999999,MONTEREY,UNINCORPORATED,-121.66793941,36.788197179999997
6944381,2015,2017-01-04,9730,2015-05-21,0920,020931,,4,1,9,2700,0,1,2,,1,030,"RT 101","AIRPORT BL",7920.00,S,N,B,-,Y,MON,5,101,-,-,84.120,H,-,S,Y,4,0,1,3,A,-,03,22350,,N,C,C,A,A,D,-,A,D,5,,,,Y,Y,,G,26,0,0,1,0,0,0,0,0,0,"- ","- ",,,MONTEREY,UNINCORPORATED,-121.60780477,36.642420979999997
6944572,2015,2015-06-16,9730,2015-05-20,0920,13024,,3,1,9,2700,0,2,4,,1,023,"CARMEL VALLEY RD","VALLEY GREENS DR",1056.00,W,N,A,-,N,,,,,,,,,,Y,4,0,1,2,A,-,03,22350,,N,C,C,A,A,H,-,A,D,0,,,,,Y,,D,22,0,0,1,0,0,0,0,0,0,"- ","- ",,,MONTEREY,UNINCORPORATED,-121.85433577000001,36.533903449999997
6944588,2015,2017-01-04,9730,2015-05-14,1756,18820,,4,2,9,2700,0,1,2,,1,050,"RT 101","ECKHARDT RD",350.00,N,N,B,C,Y,MON,5,101,-,-,81.540,H,-,N,Y,4,0,1,3,A,-,03,22350,,N,C,C,A,B,H,-,A,B,5,,,,,Y,,A,01,0,0,1,0,0,0,0,0,0,"- ","- ",36.617100000000001,-121.57281999999999,MONTEREY,UNINCORPORATED,-121.57379613000001,36.617821409999998
6970276,2015,2015-07-17,2712,2015-06-09,1021,274,,2,5,3,2712,0,0,0,,0,001,"IMJIN PW","IMJIN RD",11.00,E,N,A,-,N,,,,,,,,,,Y,4,0,1,2,A,-,03,22350,,N,C,C,A,A,H,-,A,A,0,,,Y,,Y,,A,01,0,0,1,0,0,0,0,0,1,"- ","- ",,,MONTEREY,MARINA,-121.79133358999999,36.661732720000003
6971726,2015,2015-07-14,2710,2015-04-01,1924,33762,,3,5,4,2710,0,0,0,,0,01A,"DEL MONTE BL","CANYON DEL REY BL",390.00,S,N,A,-,N,,,,,,,,,,N,4,0,1,2,A,-,11,21955,,N,-,-,-,A,H,-,B,-,0,Y,,,,Y,,N,60,0,0,1,0,1,0,0,0,0,"- ","- ",,,MONTEREY,SEASIDE,-121.85711652000001,36.60704956
6972382,2015,2015-07-08,2710,2015-04-30,0840,40386,MARIN,4,5,4,2710,0,0,0,,0,019,"FREMONT BL","AMADOR AV",45.00,N,N,A,-,N,,,,,,,,,,Y,3,0,1,2,A,-,08,22107,,N,B,C,A,A,H,-,A,D,0,,,,,Y,,A,01,0,1,0,0,0,0,0,0,0,"- ","- ",,,MONTEREY,SEASIDE,-121.84671336,36.607084890000003
6972386,2015,2015-07-08,2710,2015-04-29,1918,37346,2710,3,5,4,2710,0,0,0,,0,,"ELM AV","SAN LUCAS",271.00,E,N,A,-,N,,,,,,,,,,Y,4,0,1,4,D,-,00,,,N,C,E,A,A,H,-,A,D,0,,,,,Y,,-,"- ",0,0,1,0,0,0,0,0,0,"- ","- ",,,MONTEREY,SEASIDE,-121.83935654,36.607542649999999
6972390,2015,2015-08-03,2710,2015-04-19,0839,40386,MARIN,7,5,4,2710,0,0,0,,0,005,"LA SALLE AV","ELECTRIC POLE 8165",74.00,W,N,B,-,N,,,,,,,,,,N,3,0,1,2,A,-,15,21201,A,N,G,G,A,A,H,-,A,D,0,,Y,,,Y,,L,04,0,1,0,0,0,0,1,0,0,"- ","- ",,,MONTEREY,SEASIDE,,
6972394,2015,2016-06-18,2710,2015-04-15,2020,33362,,3,5,4,2710,0,0,0,,0,,"DEL MONTE BL","RT 218",150.00,S,N,A,-,N,,,,,,,,,,Y,4,0,3,3,A,-,03,22350,,N,C,C,A,A,H,-,C,A,0,,,,,Y,,-,,0,0,3,0,0,0,0,0,0,"- ","- ",,,MONTEREY,SEASIDE,,
6972398,2015,2015-07-08,2710,2015-04-14,2019,33362,,2,5,4,2710,0,0,0,,0,,"SONOMA AV","NOCHE BUENA ST",250.00,W,N,A,-,N,,,,,,,,,,N,3,0,1,3,A,-,08,22107,,N,B,E,A,A,H,-,C,D,0,,,,,Y,,-,,0,1,0,0,0,0,0,0,0,"- ","- ",,,MONTEREY,SEASIDE,-121.83864167,36.606076639999998
6972997,2015,2015-07-06,9730,2015-06-22,0455,020981,,1,3,9,2700,0,2,4,,2,063,"BLANCO RD","ARMSTRONG RD",600.00,S,N,A,-,N,,,,,,,,,,Y,4,0,3,5,A,-,05,21460,A,N,A,C,A,A,H,-,B,D,0,,,,,Y,,A,01,0,0,3,0,0,0,0,0,0,"- ","- ",36.678420000000003,-121.70592000000001,MONTEREY,UNINCORPORATED,-121.70792,36.678660000000001
6972998,2015,2015-07-15,9730,2015-06-11,0640,021009,,4,1,9,2700,0,2,4,,2,063,"DAVIS RD","HITCHCOCK RD",0.00,,Y,A,-,N,,,,,,,,,,Y,4,0,1,2,A,-,09,21801,A,N,D,C,A,A,H,-,A,D,0,,,,,Y,,A,01,0,0,1,0,0,0,0,0,0,"- ","- ",36.658650000000002,-121.69195999999999,MONTEREY,UNINCORPORATED,-121.69199996,36.6587101
6973001,2015,2017-01-04,9730,2015-06-19,1404,020417,,5,2,9,2700,0,1,2,,1,050,"RT 101","GOULD RD",5808.00,N,N,A,-,Y,MON,5,101,-,-,83.670,H,-,S,Y,3,0,1,2,A,-,09,21801,A,N,A,C,A,A,H,-,A,D,5,,,,,Y,,A,01,0,1,0,0,0,0,0,0,0,"- ","- ",36.63897,-121.60268000000001,MONTEREY,UNINCORPORATED,-121.6019462,36.638131790000003
6973008,2015,2016-11-03,9730,2015-06-19,0841,020896,,5,1,4,2706,0,1,3,,2,062,"RT 1","CAMINO AGUAJITO RD",100.00,E,N,A,-,Y,MON,5,1,-,R,77.330,R,4,N,N,4,0,2,2,A,-,03,22350,,N,C,C,A,A,H,-,A,A,1,,,,,Y,,D,22,0,0,2,0,0,0,0,0,0,TO,"- ",36.593739999999997,-121.88226,MONTEREY,MONTEREY,-121.88096649000001,36.590674280000002
6973530,2015,2017-01-04,9735,2015-06-12,1600,020057,,5,2,9,2700,0,1,2,,2,044,"RT 101","JOLON RD",5.00,S,N,A,-,Y,MON,5,101,-,R,9.670,H,-,S,Y,3,0,1,1,A,-,08,22107,,N,E,I,A,A,H,-,A,D,1,,,,,Y,,A,01,0,1,0,0,0,0,0,0,0,"- ","- ",35.87397,-120.83575,MONTEREY,UNINCORPORATED,-120.83583923,35.874009129999997
6944592,2015,2015-06-24,9730,2015-05-15,2123,021009,,5,2,9,2700,0,2,4,,1,075,"SAN JUAN RD","ALLISON ST",200.00,W,N,A,-,N,,,,,,,,,,Y,4,0,3,2,A,-,09,21801,A,N,D,C,A,A,H,-,D,D,0,,,,,Y,,A,08,0,0,3,0,0,0,0,0,0,"- ","- ",36.904229999999998,-121.73645,MONTEREY,UNINCORPORATED,-121.73688395000001,36.90425389
6944598,2015,2015-06-23,2706,2015-05-21,2255,810,2706,4,5,4,2706,0,0,0,,0,003,"NORTH FREMONT ST","DELA VINA AV",50.00,E,N,B,-,N,,,,,,,,,,Y,4,0,2,3,A,-,03,22350,,N,C,C,A,A,H,-,C,D,0,,,,,Y,,A,01,0,0,2,0,0,0,0,0,0,"- ","- ",,,MONTEREY,MONTEREY,-121.85876279,36.596816310000001
6944724,2015,2016-10-26,9730,2015-05-19,0705,015638,,2,1,9,2700,0,1,3,,1,014,"RT 1","OLD COAST RD",4224.00,N,N,B,-,Y,MON,5,1,-,-,52.000,H,-,S,Y,4,0,1,1,A,-,08,22107,,N,E,I,A,A,H,-,A,D,0,,,,,Y,,A,01,0,0,1,0,0,0,0,0,0,"- ","- ",,,MONTEREY,UNINCORPORATED,-121.85785464999999,36.291150729999998
6944728,2015,2015-06-23,9730,2015-05-22,1550,018350,,5,2,9,2700,0,2,4,,2,063,"BLANCO RD","ARMSTRONG RD",3168.00,W,N,A,-,N,,,,,,,,,,Y,3,0,1,2,A,-,03,22350,,N,C,C,A,A,H,-,A,D,0,,,,,Y,,A,01,0,1,0,0,0,0,0,0,0,"- ","- ",,,MONTEREY,UNINCORPORATED,-121.71872463,36.678710010000003
6944732,2015,2017-02-10,9730,2015-05-20,0755,015638,,3,1,9,2700,0,1,3,,1,012,"RT 1","LIMEKILN RD",4752.00,S,N,B,-,Y,MON,5,1,-,-,20.050,H,-,N,Y,4,0,1,1,A,-,08,22107,,N,F,A,A,A,H,-,A,D,0,,,Y,,Y,,C,02,0,0,1,0,0,0,0,0,1,"- ","- ",,,MONTEREY,UNINCORPORATED,-121.5051137,36.002825180000002
6944736,2015,2016-11-03,9730,2015-05-18,1700,019259,,1,2,9,2700,0,1,3,,1,068,"RT 68","BOOTS RD",0.00,,Y,A,-,Y,MON,5,68,-,-,9.900,H,-,E,N,4,0,1,2,A,-,03,22350,,N,C,C,A,A,H,-,A,D,0,,,,,Y,,A,08,0,0,1,0,0,0,0,0,0,"- ","- ",,,MONTEREY,UNINCORPORATED,-121.77859693000001,36.567621459999998
6944740,2015,2015-06-22,9730,2015-05-18,0910,020931,,1,1,9,2700,0,2,4,,2,063,"BLANCO RD","W ALISAL ST",18.00,E,N,A,-,N,,,,,,,,,,N,3,0,1,2,A,-,11,21950,B,N,G,B,D,A,H,-,A,D,0,Y,,,,Y,,N,60,0,1,0,0,1,0,0,0,0,"- ","- ",,,MONTEREY,UNINCORPORATED,-121.67810574000001,36.664066890000001
6944744,2015,2016-10-27,9730,2015-05-16,0630,20701,,6,1,4,2706,0,1,3,,2,062,"RT 1","RT 68",170.00,S,N,B,-,Y,MON,5,1,-,R,78.090,H,-,S,Y,4,0,1,1,A,-,08,22107,,N,E,I,A,A,H,-,A,D,1,,,,,Y,,A,01,0,0,1,0,0,0,0,0,0,"- ","- ",,,MONTEREY,MONTEREY,-121.86900296,36.595006220000002
6944748,2015,2016-09-29,9730,2015-05-21,1444,020970,,4,2,9,2700,0,1,3,,1,022,"RT 1","FLANDERS DR",0.00,,Y,A,-,Y,MON,5,1,-,-,73.930,I,5,S,N,4,0,1,2,A,-,09,21801,A,N,D,C,A,A,H,-,A,D,0,,,,,Y,,A,01,0,0,1,0,0,0,0,0,0,"- ","- ",,,MONTEREY,UNINCORPORATED,-121.91141279,36.557795669999997
6944752,2015,2015-06-23,9730,2015-05-19,1549,020970,,2,2,9,2700,0,3,5,,2,007,"LANGLEY CANYON RD","PINE TREE WY",0.00,,Y,A,-,N,,,,,,,,,,N,4,0,1,2,A,-,21,22106,,N,D,C,A,A,H,-,A,D,0,,,,,Y,,A,07,0,0,1,0,0,0,0,0,0,"- ","- ",,,MONTEREY,UNINCORPORATED,-121.66478995999999,36.805820009999998
6944756,2015,2016-09-29,9730,2015-05-23,1510,020417,,6,2,9,2700,0,1,3,,1,074,"RT 1","STRUVE RD",940.00,S,N,B,-,Y,MON,5,1,-,-,97.420,H,-,S,N,4,0,2,3,A,-,03,22350,,N,C,C,A,A,H,-,A,D,0,,,,,Y,,A,07,0,0,2,0,0,0,0,0,0,"- ","- ",,,MONTEREY,UNINCORPORATED,-121.78296698,36.822127369999997
6944760,2015,2016-11-03,9730,2015-05-22,1607,020514,,5,2,9,2700,0,1,3,,1,068,"RT 68","YORK RD",600.00,E,N,A,-,Y,MON,5,68,-,-,8.260,H,-,W,Y,4,0,1,3,A,-,03,22350,,N,C,C,A,A,H,-,A,D,0,,,,,Y,,A,01,0,0,1,0,0,0,0,0,0,"- ","- ",,,MONTEREY,UNINCORPORATED,-121.80643327,36.571125770000002
6944764,2015,2016-11-03,9730,2015-05-19,0856,020931,,2,1,9,2700,0,1,3,,1,068,"RT 68","HUNTER LN",0.00,,Y,C,-,Y,MON,5,68,-,-,19.389,I,5,E,Y,4,0,1,2,A,-,09,21802,A,N,D,C,A,B,H,-,A,D,0,,,,,Y,Y,A,07,0,0,1,0,0,0,0,0,0,"- ","- ",,,MONTEREY,UNINCORPORATED,-121.66303249000001,36.647339680000002
6945531,2015,2015-06-18,2706,2015-05-26,1454,320,MPD,2,5,4,2706,0,0,0,,0,002,"BONIFACIO PL","WASHINGTON ST",99.00,E,N,B,-,N,,,,,,,,,,Y,3,0,1,1,A,-,03,22350,,N,A,I,A,A,H,-,A,D,0,,,,,Y,,A,07,0,1,0,0,0,0,0,0,0,"- ","- ",,,MONTEREY,MONTEREY,-121.89250978,36.598654449999998
6945600,2015,2015-06-18,2706,2015-05-25,2331,310,2706,1,5,4,2706,0,0,0,,0,003,"NORTH FREMONT ST","CASANOVA AV",0.00,,Y,C,-,N,,,,,,,,,,Y,3,0,1,2,A,-,12,21453,A,N,D,C,A,B,H,-,C,A,0,,,,,Y,,A,07,0,1,0,0,0,0,0,0,0,"- ","- ",,,MONTEREY,MONTEREY,-121.8532299,36.597670039999997
6946049,2015,2015-07-08,2712,2015-05-06,0840,300,2712,3,5,3,2712,0,0,0,,0,001,"IMJIN PW","IMJIN RD",180.00,W,N,B,-,N,,,,,,,,,,Y,4,0,1,2,B,-,22,,,N,B,C,A,A,H,-,A,A,0,,,Y,,Y,,C,02,0,0,1,0,0,0,0,0,1,"- ","- ",,,MONTEREY,MARINA,-121.79193185,36.661933570000002
6946073,2015,2015-07-08,2712,2015-05-14,1637,300,2712,4,5,3,2712,0,0,0,,0,001,"RESERVATION RD","IMJIN RD",45.00,W,N,C,-,N,,,,,,,,,,Y,4,0,1,2,A,-,03,22350,,N,C,C,A,B,H,-,A,A,0,,,,,Y,,A,01,0,0,1,0,0,0,0,0,0,"- ","- ",,,MONTEREY,MARINA,-121.76672563,36.67150101