CASE_ID,ACCIDENT_YEAR,PROC_DATE,JURIS,COLLISION_DATE,COLLISION_TIME,OFFICER_ID,REPORTING_DISTRICT,DAY_OF_WEEK,CHP_SHIFT,POPULATION,CNTY_CITY_LOC,SPECIAL_COND,BEAT_TYPE,CHP_BEAT_TYPE,CITY_DIVISION_LAPD,CHP_BEAT_CLASS,BEAT_NUMBER,PRIMARY_RD,SECONDARY_RD,DISTANCE,DIRECTION,INTERSECTION,WEATHER_1,WEATHER_2,STATE_HWY_IND,CALTRANS_COUNTY,CALTRANS_DISTRICT,STATE_ROUTE,ROUTE_SUFFIX,POSTMILE_PREFIX,POSTMILE,LOCATION_TYPE,RAMP_INTERSECTION,SIDE_OF_HWY,TOW_AWAY,COLLISION_SEVERITY,NUMBER_KILLED,NUMBER_INJURED,PARTY_COUNT,PRIMARY_COLL_FACTOR,PCF_CODE_OF_VIOL,PCF_VIOL_CATEGORY,PCF_VIOLATION,PCF_VIOL_SUBSECTION,HIT_AND_RUN,TYPE_OF_COLLISION,MVIW,PED_ACTION,ROAD_SURFACE,ROAD_COND_1,ROAD_COND_2,LIGHTING,CONTROL_DEVICE,CHP_ROAD_TYPE,PEDESTRIAN_ACCIDENT,BICYCLE_ACCIDENT,MOTORCYCLE_ACCIDENT,TRUCK_ACCIDENT,NOT_PRIVATE_PROPERTY,ALCOHOL_INVOLVED,STWD_VEHTYPE_AT_FAULT,CHP_VEHTYPE_AT_FAULT,COUNT_SEVERE_INJ,COUNT_VISIBLE_INJ,COUNT_COMPLAINT_PAIN,COUNT_PED_KILLED,COUNT_PED_INJURED,COUNT_BICYCLIST_KILLED,COUNT_BICYCLIST_INJURED,COUNT_MC_KILLED,COUNT_MC_INJURED,PRIMARY_RAMP,SECONDARY_RAMP,LATITUDE,LONGITUDE,COUNTY,CITY,POINT_X,POINT_Y
6947067,2015,2017-01-04,9730,2015-04-25,0158,20933,,6,3,9,2700,0,1,2,,1,070,"RT 101","RALPH LN",780.00,N,N,B,-,Y,MON,5,101,-,-,93.250,H,-,N,Y,3,0,2,1,A,-,08,22107,,N,F,A,A,B,H,-,D,D,5,,,,,Y,Y,A,01,0,2,0,0,0,0,0,0,0,"- ","- ",36.756880000000002,-121.66513999999999,MONTEREY,UNINCORPORATED,-121.66570794,36.7583895
6947071,2015,2016-09-29,9730,2015-04-29,2100,19529,,3,2,9,2700,0,1,3,,1,074,"RT 1","SPRINGFIELD RD",2640.00,N,N,A,-,Y,MON,5,1,-,-,98.850,H,-,S,Y,4,0,1,2,A,-,01,23152,A,F,A,G,A,A,H,-,D,D,0,,Y,,,Y,,A,01,0,0,1,0,0,0,1,0,0,"- ","- ",,,MONTEREY,UNINCORPORATED,-121.77099913000001,36.8382474
6947075,2015,2016-09-29,9730,2015-04-25,0820,20916,,6,1,9,2700,0,1,3,,1,022,"RT 1","HIGHLANDS DR",528.00,S,N,C,-,Y,MON,5,1,-,-,69.230,H,-,N,Y,3,0,1,1,A,-,03,22350,,N,E,I,A,B,H,-,A,D,0,,,,,Y,,A,01,0,1,0,0,0,0,0,0,0,"- ","- ",36.498980000000003,-121.93595999999999,MONTEREY,UNINCORPORATED,-121.93740450999999,36.50036704
6947079,2015,2016-09-29,9730,2015-04-21,2021,20931,,2,2,9,2700,0,1,3,,1,014,"RT 1","GARAPATTA CREEK BRIDGE",2640.00,S,N,B,-,Y,MON,5,1,-,-,62.470,H,-,S,Y,4,0,1,1,A,-,03,22350,,N,E,I,A,A,H,-,D,D,0,,,,,Y,,A,01,0,0,1,0,0,0,0,0,0,"- ","- ",,,MONTEREY,UNINCORPORATED,-121.91438362,36.409766980000001
6947083,2015,2016-09-29,9730,2015-04-25,2015,20990,,6,2,9,2700,0,1,3,,1,022,"RT 1","OCEAN AV",112.00,S,N,A,-,Y,MON,5,1,-,-,73.780,H,-,S,Y,4,0,2,2,A,-,01,23152,A,N,A,C,A,A,H,-,C,A,0,,,,,Y,Y,A,01,0,0,2,0,0,0,0,0,0,"- ","- ",36.555410000000002,-121.91108,MONTEREY,UNINCORPORATED,-121.91112031,36.555670050000003
6947689,2015,2017-01-04,9735,2015-05-25,1655,17952,,1,2,9,2700,0,1,2,,2,045,"RT 101","CAMP ROBERTS RD OC",1056.00,N,N,A,-,Y,MON,5,101,-,R,1.040,H,-,N,Y,4,0,1,1,A,-,08,22107,,N,E,I,A,A,H,-,A,D,1,,,,,Y,,A,07,0,0,1,0,0,0,0,0,0,"- ","- ",35.801459999999999,-120.74518,MONTEREY,UNINCORPORATED,-120.74524404,35.801327239999999
6947690,2015,2015-06-24,9735,2015-05-11,1130,15211,,1,1,9,2700,0,3,5,,2,002,"LOCKWOOD-JOLON RD","CROSS RD",0.00,,Y,A,-,N,,,,,,,,,,N,2,0,1,1,A,-,03,22350,,N,F,A,A,A,H,-,A,D,0,,,Y,,Y,,C,02,1,0,0,0,0,0,0,0,1,"- ","- ",,,MONTEREY,UNINCORPORATED,-121.11751993999999,35.966290059999999
6947932,2015,2015-06-29,2703,2015-05-24,1455,0337,2703,7,5,2,2703,0,0,0,,0,ALL,"5TH ST","CHARDONNAY DR",205.00,S,N,A,G,N,,,,,,,,,,N,3,0,1,2,A,-,09,21804,A,N,H,G,A,A,H,-,A,D,0,,Y,,,Y,,A,07,0,1,0,0,0,0,1,0,0,"- ","- ",,,MONTEREY,GONZALES,,
6947933,2015,2017-01-04,9735,2015-05-31,1230,20036,,7,1,9,2700,0,1,2,,1,041,"RT 101","JOLON RD",99.00,S,N,A,-,Y,MON,5,101,-,R,41.900,H,-,S,N,4,0,1,1,A,-,03,22350,,N,E,I,A,A,H,-,A,D,5,,,Y,,Y,,C,02,0,0,1,0,0,0,0,0,1,"- ","- ",36.197090000000003,-121.14722,MONTEREY,UNINCORPORATED,-121.14714902,36.197456019999997
6947937,2015,2017-01-04,9735,2015-05-27,0755,18338,,3,1,3,2705,0,1,2,,2,042,"RT 101","CANAL ST OVERCROSSING",382.00,S,N,A,-,Y,MON,5,101,-,R,40.640,H,-,N,Y,3,0,1,1,A,-,08,22107,,N,E,I,A,A,H,-,A,D,1,,,,,Y,,A,01,0,1,0,0,0,0,0,0,0,"- ","- ",36.203299999999999,-121.12827,MONTEREY,"KING CITY",-121.12806519999999,36.203187800000002
6947941,2015,2017-01-04,9735,2015-05-23,2350,19330,,6,3,9,2700,0,1,2,,2,045,"RT 101","BRADLEY RD",6864.00,S,N,A,-,Y,MON,5,101,-,R,6.640,H,-,N,Y,4,0,2,1,A,-,08,22107,,N,F,A,A,A,H,-,E,D,1,,,,,Y,,-,,0,0,2,0,0,0,0,0,0,"- ","- ",35.85519,-120.80068,MONTEREY,UNINCORPORATED,-120.79906602,35.855193989999997
6947982,2015,2016-06-14,9735,2015-05-30,0945,17257,,6,1,9,2700,0,1,2,,1,040,"WALNUT AV","13TH ST",0.00,,Y,A,-,N,,,,,,,,,,Y,2,0,3,2,A,-,09,21802,A,N,D,C,A,A,H,-,A,A,0,,,,,Y,,A,01,1,2,0,0,0,0,0,0,0,"- ","- ",36.318739999999998,-121.26293,MONTEREY,UNINCORPORATED,-121.26323986,36.318560099999999
6993447,2015,2015-07-29,2706,2015-07-03,1630,301,MPD,5,5,4,2706,0,0,0,,0,001,"DRAKE AV","RECREATIONAL TRL",0.00,,Y,A,-,N,,,,,,,,,,N,3,0,1,2,A,-,08,22107,,N,D,G,A,A,H,-,A,A,0,,Y,,,Y,,A,01,0,1,0,0,0,0,1,0,0,"- ","- ",,,MONTEREY,MONTEREY,,
6994511,2015,2015-11-09,9730,2015-06-03,1821,20701,,3,2,9,2700,0,2,4,,1,023,"CARMEL VALLEY RD","BROOKDALE DR",420.00,E,N,A,-,N,,,,,,,,,,Y,4,0,1,2,A,-,01,23152,,M,C,C,A,A,H,-,A,D,0,,,,,Y,Y,A,08,0,0,1,0,0,0,0,0,0,"- ","- ",36.535220000000002,-121.85733,MONTEREY,UNINCORPORATED,-121.85734169,36.535246409999999
6994523,2015,2017-01-13,9730,2015-07-16,1553,018786,,4,2,9,2700,0,1,3,,1,068,"RT 68","YORK RD",600.00,E,N,A,-,Y,MON,5,68,-,-,8.260,H,-,W,Y,3,0,2,4,A,-,03,22350,,N,C,C,A,A,H,-,A,D,0,,,,,Y,,A,01,0,2,0,0,0,0,0,0,0,"- ","- ",36.571100000000001,-121.80614,MONTEREY,UNINCORPORATED,-121.80643327,36.571125770000002
6994531,2015,2016-06-14,9730,2015-07-11,2015,020931,,6,2,9,2700,0,2,4,,1,073,"SAN MIGUEL CANYON RD","WILSON WY",150.00,N,N,A,-,N,,,,,,,,,,Y,3,0,4,3,A,-,03,22350,,N,C,C,A,A,H,-,B,D,0,,,,,Y,,A,01,0,1,3,0,0,0,0,0,0,"- ","- ",,,MONTEREY,UNINCORPORATED,-121.67792411000001,36.828963180000002
6978960,2015,2016-10-26,9730,2015-06-13,1000,17184,,6,1,9,2700,0,1,3,,1,012,"RT 1","MONTEREY/SLO CO LINE",70.00,N,N,B,-,Y,MON,5,1,-,-,0.010,H,-,N,Y,3,0,1,1,D,-,00,,,N,E,I,A,A,H,-,A,D,0,,,,,Y,,-,"- ",0,1,0,0,0,0,0,0,0,"- ","- ",,,MONTEREY,UNINCORPORATED,-121.34533303000001,35.795354009999997
6979639,2015,2016-09-29,9730,2015-06-14,1143,020896,,7,1,4,2710,0,1,3,,2,062,"RT 1","FREMONT BL",200.00,S,N,A,-,Y,MON,5,1,-,-,78.150,H,-,S,N,3,0,1,3,A,-,03,22350,,N,C,C,A,A,H,-,A,D,1,,,,,Y,,A,07,0,1,0,0,0,0,0,0,0,"- ","- ",36.64208,-121.82429999999999,MONTEREY,SEASIDE,-121.87192365999999,36.594260689999999
6979640,2015,2015-07-07,9730,2015-06-11,1055,021009,,4,1,9,2700,0,2,4,,1,023,"CARMEL VALLEY RD","PACIFIC MEADOW LN",400.00,E,N,B,-,N,,,,,,,,,,Y,3,0,1,2,A,-,03,22350,,N,C,C,A,A,H,-,A,D,0,,,,,Y,,A,01,0,1,0,0,0,0,0,0,0,"- ","- ",36.542250000000003,-121.88221,MONTEREY,UNINCORPORATED,-121.88282556999999,36.542481780000003
6979641,2015,2017-01-04,9730,2015-06-14,1905,20981,,7,2,9,2700,0,1,2,,1,050,"RT 101","SANBORN RD",665.00,N,N,A,-,Y,MON,5,101,-,-,86.270,H,-,N,Y,3,0,2,1,A,-,08,22107,,N,E,I,A,A,H,-,A,D,1,,,,,Y,,A,01,0,2,0,0,0,0,0,0,0,"- ","- ",36.667670000000001,-121.63052,MONTEREY,UNINCORPORATED,-121.63035822000001,36.667561290000002
6979642,2015,2015-07-10,9730,2015-06-16,1733,20576,,2,2,9,2700,0,3,5,,2,007,"HIDDEN VALLEY RD","TUMBLE WEED LN",954.00,W,N,A,-,N,,,,,,,,,,Y,2,0,1,1,A,-,01,23152,A,N,E,I,A,A,H,-,A,D,0,,,Y,,Y,Y,C,02,1,0,0,0,0,0,0,0,1,"- ","- ",36.82978,-121.72731,MONTEREY,UNINCORPORATED,-121.72517842000001,36.834663390000003
6979643,2015,2016-06-15,9730,2015-06-12,2215,20981,,5,3,9,2700,0,3,5,,2,007,"CASTROVILLE BL","RT 156",220.00,N,N,A,-,N,,,,,,,,,,Y,3,0,1,1,A,-,08,22107,,N,F,I,A,A,H,-,D,D,0,,,,,Y,,A,01,0,1,0,0,0,0,0,0,0,"- ","- ",36.769309999999997,-121.74359,MONTEREY,UNINCORPORATED,-121.74341037000001,36.769030729999997
6979644,2015,2015-07-10,9730,2015-06-08,2500,20981,,1,4,9,2700,0,3,5,,2,002,"CACHAGUA RD","SKY RANCH RD",1584.00,N,N,A,-,N,,,,,,,,,,Y,2,0,5,1,A,-,08,22107,,N,F,I,A,A,H,-,D,D,0,,,,,Y,,A,01,1,2,2,0,0,0,0,0,0,"- ","- ",36.430790000000002,-121.6901,MONTEREY,UNINCORPORATED,-121.68332886,36.427510060000003
6981197,2015,2015-07-17,9730,2015-06-21,1227,20896,,7,1,9,2700,0,2,4,,1,023,"CARMEL VALLEY RD","OAK MEADOW",200.00,W,N,A,-,N,,,,,,,,,,Y,4,0,1,2,A,-,03,22350,,N,C,C,A,A,H,-,A,D,0,,,,,Y,,D,22,0,0,1,0,0,0,0,0,0,"- ","- ",36.531239999999997,-121.83608,MONTEREY,UNINCORPORATED,,
6985976,2015,2015-11-04,2711,2015-06-27,1726,3469,2711,6,5,3,2711,0,0,0,,0,001,"MONTEREY ST","EAST ST",55.00,S,N,A,-,N,,,,,,,,,,N,4,0,1,2,A,-,12,22450,A,N,D,C,A,A,H,-,A,A,0,,,,,Y,,A,01,0,0,1,0,0,0,0,0,0,"- ","- ",,,MONTEREY,SOLEDAD,-121.32500431,36.42584531
6986267,2015,2015-07-22,2711,2015-06-22,0601,2762,2711,1,5,3,2711,0,0,0,,0,001,"SAN VICENTE RD","VISTA DE SOLEDAD",0.00,,Y,B,-,N,,,,,,,,,,Y,4,0,1,1,D,-,00,,,N,E,I,A,A,H,-,A,D,0,,,,,Y,,-,"- ",0,0,1,0,0,0,0,0,0,"- ","- ",,,MONTEREY,SOLEDAD,-121.33362984999999,36.44411006
6986320,2015,2017-01-04,9735,2015-06-19,0415,019330,,5,3,9,2700,0,1,2,,2,045,"RT 101","BRADLEY RD",3696.00,S,N,A,-,Y,MON,5,101,-,R,7.240,H,-,S,Y,4,0,1,1,A,-,08,22107,,N,E,I,A,A,H,-,D,D,1,,,,,Y,,A,01,0,0,1,0,0,0,0,0,0,"- ","- ",35.5122,-120.4815,MONTEREY,UNINCORPORATED,-120.80727265,35.859563729999998
6994592,2015,2015-08-03,9730,2015-06-03,1822,020701,,3,2,9,2700,0,2,4,,1,023,"CARMEL VALLEY RD","SCHULTE RD",0.00,,Y,A,-,N,,,,,,,,,,Y,4,0,1,1,A,-,01,23152,A,M,C,C,A,A,H,-,A,D,0,,,,,Y,Y,A,08,0,0,1,0,0,0,0,0,0,"- ","- ",36.529859999999999,-121.83059,MONTEREY,UNINCORPORATED,-121.83064993000001,36.52999002
6994655,2015,2015-08-29,9730,2015-07-10,1830,20514,,5,2,9,2700,0,3,5,,2,005,"SAN JUAN GRADE RD","ROGGE VILLAGE LOOP",0.00,,Y,A,-,N,,,,,,,,,,N,3,0,1,2,A,-,03,22350,,N,D,G,A,A,H,-,A,D,0,,Y,,,Y,,L,04,0,1,0,0,0,0,1,0,0,"- ","- ",36.736089999999997,-121.63594999999999,MONTEREY,UNINCORPORATED,-121.63598996,36.736120049999997
6995725,2015,2017-01-04,9730,2015-06-15,1541,20990,,1,2,9,2700,0,1,2,,1,030,"RT 101","OLD STAGE RD",4224.00,N,N,A,-,Y,MON,5,101,-,-,73.410,H,-,N,Y,4,0,1,1,A,-,08,22107,,N,E,I,A,A,H,-,A,D,1,,,,,Y,,A,01,0,0,1,0,0,0,0,0,0,"- ","- ",36.53098,-121.47434,MONTEREY,UNINCORPORATED,-121.47471794000001,36.531173580000001
6995753,2015,2015-07-31,9730,2015-06-22,0640,18350,,1,1,9,2700,0,3,5,,2,004,"OLD STAGE RD","ASSOCIATED LN",1584.00,N,N,B,-,N,,,,,,,,,,Y,3,0,1,1,A,-,08,22107,,N,F,I,A,A,H,-,A,D,0,,,,,Y,,A,01,0,1,0,0,0,0,0,0,0,"- ","- ",36.530679999999997,-121.47248,MONTEREY,UNINCORPORATED,-121.47016707,36.527872250000001
6995757,2015,2015-08-01,9730,2015-06-25,1145,15160,,4,1,9,2700,0,3,5,,2,007,"TRAFTON RD","RT 1",528.00,E,N,A,-,N,,,,,,,,,,N,3,0,1,2,A,-,05,21650,,N,A,G,A,A,H,-,A,D,0,,Y,,,Y,,A,01,0,1,0,0,0,0,1,0,0,"- ","- ",,,MONTEREY,UNINCORPORATED,-121.77088999999999,36.876519999999999
6995834,2015,2015-08-10,9735,2015-07-19,1235,019800,,7,1,9,2700,0,3,5,,2,003,"METZ RD","SPRECKELS RD",0.00,,Y,B,-,N,,,,,,,,,,Y,2,0,1,1,A,-,01,23152,A,N,F,A,A,A,H,-,A,D,0,,,,,Y,Y,A,07,1,0,0,0,0,0,0,0,0,"- ","- ",,,MONTEREY,UNINCORPORATED,-121.14483994,36.26868005
6996001,2015,2017-01-13,9730,2015-07-15,0119,020916,,3,3,9,2700,0,1,3,,1,024,"RT 68","SKYLINE DR",1584.00,E,N,B,-,Y,MON,5,68,-,-,3.670,H,-,E,Y,3,0,3,2,A,-,01,23152,A,N,A,C,A,B,H,-,D,D,0,,,,,Y,Y,A,08,0,1,2,0,0,0,0,0,0,"- ","- ",,,MONTEREY,UNINCORPORATED,-121.91789377000001,36.581827599999997
6996005,2015,2017-01-28,9730,2015-07-12,2305,019100,,7,3,9,2700,0,3,5,,2,006,"PRESTON ST","RT 183",75.00,S,N,A,-,Y,MON,5,183,-,-,9.460,I,6,S,Y,4,0,1,2,A,-,01,23152,E,M,C,E,A,A,H,-,C,D,0,,,,,Y,,A,01,0,0,1,0,0,0,0,0,0,"- ","- ",,,MONTEREY,UNINCORPORATED,-121.7583434,36.765940059999998
6996009,2015,2017-01-28,9730,2015-07-13,1325,015160,,1,1,9,2700,0,1,3,,1,066,"RT 183","DEL MONTE AV",0.00,,Y,A,-,Y,MON,5,183,-,R,8.350,I,5,N,Y,4,0,1,2,A,-,09,21802,A,N,D,C,A,A,H,-,A,A,0,,,,,Y,,A,07,0,0,1,0,0,0,0,0,0,"- ","- ",,,MONTEREY,UNINCORPORATED,-121.74381999000001,36.75507726
6996013,2015,2015-09-02,9730,2015-07-10,1238,020933,,5,1,9,2700,0,3,5,,2,004,"ALISAL RD","FUJI LN",2112.00,S,N,A,-,N,,,,,,,,,,Y,4,0,1,1,A,-,08,22107,,N,E,I,A,A,H,-,A,D,0,,,,,Y,,A,01,0,0,1,0,0,0,0,0,0,"- ","- ",,,MONTEREY,UNINCORPORATED,-121.55907271,36.636544319999999
6996053,2015,2017-01-14,9730,2015-07-17,1147,020391,,5,1,9,2700,0,1,3,,1,074,"RT 1","SALINAS RD",4224.00,N,N,A,-,Y,MON,5,1,-,R,101.830,H,-,N,Y,3,0,1,1,A,-,08,22107,,N,E,I,A,A,H,-,A,D,1,,,,,Y,,A,01,0,1,0,0,0,0,0,0,0,"- ","- ",,,MONTEREY,UNINCORPORATED,-121.77180617,36.881037540000001
6986408,2015,2015-07-21,2708,2015-05-12,2139,97158,,2,5,6,2708,0,0,0,,0,011,"TOWT ST","FREEDOM PKY",10.00,S,N,A,-,N,,,,,,,,,,Y,4,0,1,1,A,-,03,22350,,N,E,I,A,A,H,-,C,D,0,,,,,Y,,-,,0,0,1,0,0,0,0,0,0,"- ","- ",,,MONTEREY,SALINAS,-121.59986024,36.68918729
6986412,2015,2015-07-21,2708,2015-05-13,0639,97158,,3,5,6,2708,0,0,0,,0,011,"FREEDOM PKWY","NORTH SANBORN RD",0.00,,Y,A,-,N,,,,,,,,,,Y,4,0,1,2,A,-,12,21453,A,N,D,C,A,A,H,-,A,A,0,,,,,Y,,-,,0,0,1,0,0,0,0,0,0,"- ","- ",,,MONTEREY,SALINAS,-121.60134986,36.692130040000002
6986416,2015,2015-07-21,2708,2015-05-15,0857,47175,SALIN,5,5,6,2708,0,0,0,,0,,"CONSTITUTION BL","EAST LAUREL DR",100.00,N,N,A,-,N,,,,,,,,,,N,3,0,1,2,B,-,22,,,N,G,B,D,A,H,-,A,A,0,Y,,,,Y,,-,,0,1,0,0,1,0,0,0,0,"- ","- ",,,MONTEREY,SALINAS,-121.63207405,36.694688409999998
6986553,2015,2015-11-12,2708,2015-06-21,1043,49280,,7,5,6,2708,0,0,0,,0,012,"S SANDBORN","E ALISAL",0.00,,Y,A,-,N,,,,,,,,,,Y,4,0,1,2,A,-,03,22350,,N,C,C,A,A,H,-,A,A,0,,,,,Y,,-,,0,0,1,0,0,0,0,0,0,"- ","- ",,,MONTEREY,SALINAS,,
6986611,2015,2015-07-23,2706,2015-06-13,2055,,,6,5,4,2706,0,0,0,,0,,"AGUAJITO RD","MARK THOMAS DR",0.00,,Y,A,-,N,,,,,,,,,,Y,4,0,1,2,A,-,17,21451,A,N,B,C,A,A,H,-,C,A,0,,,,,Y,,A,01,0,0,1,0,0,0,0,0,0,"- ","- ",36.59111,-121.88006,MONTEREY,MONTEREY,-121.88011985999999,36.591100070000003
6987352,2015,2015-08-19,9730,2015-07-12,1020,20417,,7,1,9,2700,0,2,4,,1,073,"WILLOW RD","HALL RD",36.00,S,N,B,-,N,,,,,,,,,,N,3,0,1,3,A,-,05,21460,A,N,D,C,A,A,H,-,A,D,0,,,,,Y,,A,01,0,1,0,0,0,0,0,0,0,"- ","- ",36.865490000000001,-121.73505,MONTEREY,UNINCORPORATED,-121.73506727,36.865571269999997
6987583,2015,2016-10-26,9730,2015-06-22,1849,019934,,1,2,9,2700,0,1,3,,1,012,"RT 1","COAST RD",10560.00,S,N,A,-,Y,MON,5,1,-,-,48.720,H,-,S,N,3,0,1,2,A,-,05,21460,A,M,E,I,A,A,H,-,A,D,0,,,Y,,Y,,D,22,0,1,0,0,0,0,0,0,1,"- ","- ",36.271470000000001,-121.80876000000001,MONTEREY,UNINCORPORATED,-121.80878503,36.271369290000003
6987587,2015,2016-12-22,9730,2015-07-04,2200,20233,,6,3,9,2700,0,1,2,,1,030,"RT 101","OLD STAGE RD",1056.00,N,N,B,-,Y,MON,5,101,-,-,73.500,H,-,N,Y,3,0,1,2,A,-,01,23152,A,N,B,C,A,A,H,-,C,D,1,,,,,Y,Y,A,01,0,1,0,0,0,0,0,0,0,"- ","- ",36.526400000000002,-121.46890999999999,MONTEREY,UNINCORPORATED,-121.47583505999999,36.532108800000003
6988044,2015,2015-07-20,9730,2015-06-24,2310,20576,,3,3,9,2700,0,3,5,,2,006,"RESERVATION RD","DAVIS RD",3960.00,S,N,B,-,N,,,,,,,,,,N,4,0,1,1,C,-,18,,,N,E,H,A,A,H,-,D,D,0,,,Y,,Y,,-,"- ",0,0,1,0,0,0,0,0,1,"- ","- ",36.632159999999999,-121.69503,MONTEREY,UNINCORPORATED,-121.70768,36.638280000000002
6988094,2015,2016-09-29,9730,2015-06-07,1823,20916,,7,2,9,2700,0,1,3,,1,012,"RT 1","MPM 1 MON 25",1056.00,N,N,A,-,Y,MON,5,1,-,-,25.200,H,-,N,Y,3,0,4,3,A,-,01,23152,A,N,A,C,A,A,H,-,A,D,0,,,,,Y,Y,A,01,0,3,1,0,0,0,0,0,0,"- ","- ",36.036320000000003,-121.57898,MONTEREY,UNINCORPORATED,-121.57783234999999,36.034815350000002
6988098,2015,2016-09-29,9730,2015-06-24,1520,20931,,3,2,9,2700,0,1,3,,1,022,"RT 1","RIO RD",20.00,N,N,A,-,Y,MON,5,1,-,-,72.620,H,-,N,Y,3,0,2,3,A,-,03,22350,,N,C,C,A,A,H,-,A,D,0,,,,,Y,,A,01,0,1,1,0,0,0,0,0,0,"- ","- ",,,MONTEREY,UNINCORPORATED,-121.91018576,36.539481780000003
6988102,2015,2017-01-09,9730,2015-06-28,1822,20598,,7,2,9,2700,0,1,3,,1,072,"RT 156","CATHEDRAL OAK RD",1056.00,W,N,A,-,Y,MON,5,156,-,-,2.370,H,-,E,Y,4,0,2,2,A,-,03,22350,,N,C,C,A,A,H,-,A,D,0,,,,,Y,,-,"- ",0,0,2,0,0,0,0,0,0,"- ","- ",36.773789999999998,-121.72472999999999,MONTEREY,UNINCORPORATED,-121.71507274,36.776541039999998
6973599,2015,2017-01-09,9730,2015-06-04,2125,020990,,4,2,9,2700,0,1,3,,1,072,"RT 156","MONTE DEL LAGO",528.00,E,N,A,-,Y,MON,5,156,-,-,1.370,H,-,E,Y,3,0,1,1,A,-,08,22107,,N,E,I,A,A,H,-,D,D,1,,,,,Y,,A,01,0,1,0,0,0,0,0,0,0,"- ","- ",36.771929999999998,-121.73156,MONTEREY,UNINCORPORATED,-121.73266017,36.771459870000001
6975242,2015,2017-01-04,9735,2015-06-18,0940,17257,,4,1,9,2700,0,1,2,,2,042,"RT 101","CANAL ST",1584.00,S,N,A,-,Y,MON,5,101,-,R,40.410,H,-,S,Y,4,0,1,1,A,-,08,22107,,N,E,I,A,A,H,-,A,A,1,,,,Y,Y,,G,25,0,0,1,0,0,0,0,0,0,"- ","- ",36.203110000000002,-121.14008,MONTEREY,UNINCORPORATED,-121.12398401999999,36.202489129999996
6975545,2015,2017-01-04,9735,2015-06-12,1315,020057,,5,1,9,2700,0,1,2,,2,042,"RT 101","RT 198",0.00,,Y,A,-,Y,MON,5,101,-,R,32.020,H,-,N,Y,2,0,2,1,A,-,08,22107,,N,F,A,A,A,H,-,A,D,3,,,,,Y,,A,01,1,0,1,0,0,0,0,0,0,"- ","- ",36.122030000000002,-121.02338,MONTEREY,UNINCORPORATED,-121.02331026,36.122216299999998
6975549,2015,2017-01-04,9735,2015-06-19,1525,920168,,5,2,9,2700,0,1,2,,1,040,"RT 101","ARROYO SECO RD",7920.00,S,N,A,-,Y,MON,5,101,-,-,58.900,H,-,S,Y,3,0,1,1,A,-,08,22107,,N,F,I,A,A,H,-,A,D,4,,,,,Y,,A,01,0,1,0,0,0,0,0,0,0,"- ","- ",36.393030000000003,-121.30979000000001,MONTEREY,UNINCORPORATED,-121.30230523,36.384557700000002
6977019,2014,2016-05-03,9730,2014-08-19,0615,017851,,2,1,9,2700,0,1,3,,1,066,"RT 183","COOPER RD",100.00,S,N,B,-,Y,MON,5,183,-,-,5.130,H,-,N,N,4,0,1,2,A,-,03,22350,,M,C,C,A,A,H,-,B,D,0,,,,,Y,,-,99,0,0,1,0,0,0,0,0,0,"- ","- ",,,MONTEREY,UNINCORPORATED,-121.71781427000001,36.713911039999999
6977715,2015,2015-07-09,2708,2015-04-30,1737,03185,,4,5,6,2708,0,0,0,,0,010,"EAST LAUREL DR","ST EDWARDS DR",0.00,,Y,A,-,N,,,,,,,,,,Y,3,0,3,2,A,-,09,21802,A,N,D,C,A,A,H,-,A,A,0,,,,,Y,,-,,0,1,2,0,0,0,0,0,0,"- ","- ",,,MONTEREY,SALINAS,-121.62309998000001,36.686330009999999
6977719,2015,2015-07-09,2708,2015-04-30,1822,74426,,4,5,6,2708,0,0,0,,0,002,"HARDEN PKWY","NORTH MAIN ST",200.00,E,N,A,-,N,,,,,,,,,,N,3,0,1,2,A,-,05,21650,1,N,D,G,A,A,H,-,A,A,0,,Y,,,Y,,L,04,0,1,0,0,0,0,1,0,0,"- ","- ",,,MONTEREY,SALINAS,-121.65385261,36.71331146
6977723,2015,2015-07-11,2708,2015-04-22,1903,76992,,3,5,6,2708,0,0,0,,0,,"EAST BORONDA RD","NORTH SANBORN RD",0.00,,Y,B,-,N,,,,,,,,,,Y,4,0,2,2,A,-,08,22107,,M,C,C,A,A,H,-,C,A,0,,,,,Y,,-,,0,0,2,0,0,0,0,0,0,"- ","- ",,,MONTEREY,SALINAS,-121.59578992,36.695020110000002
6977727,2015,2015-07-09,2708,2015-04-28,0821,19943,,2,5,6,2708,0,0,0,,0,005,"NORTH MAIN ST","EAST LAUREL DR",0.00,,Y,B,-,N,,,,,,,,,,N,4,0,1,2,A,-,00,23124,B,N,D,G,A,A,H,-,A,A,0,,Y,,,Y,,L,04,0,0,1,0,0,0,1,0,0,"- ","- ",,,MONTEREY,SALINAS,-121.65181,36.699320090000001
6977731,2015,2015-07-10,2708,2015-04-14,1017,52823,,2,5,6,2708,0,0,0,,0,,"NORTH DAVIS RD","WESTRIDGE PKWY",0.00,,Y,A,-,N,,,,,,,,,,N,3,0,2,2,A,-,12,21453,A,N,D,C,A,A,H,-,A,A,0,,,,,Y,,-,,0,1,1,0,0,0,0,0,0,"- ","- ",,,MONTEREY,SALINAS,-121.66692989000001,36.704000100000002