CASE_ID,ACCIDENT_YEAR,PROC_DATE,JURIS,COLLISION_DATE,COLLISION_TIME,OFFICER_ID,REPORTING_DISTRICT,DAY_OF_WEEK,CHP_SHIFT,POPULATION,CNTY_CITY_LOC,SPECIAL_COND,BEAT_TYPE,CHP_BEAT_TYPE,CITY_DIVISION_LAPD,CHP_BEAT_CLASS,BEAT_NUMBER,PRIMARY_RD,SECONDARY_RD,DISTANCE,DIRECTION,INTERSECTION,WEATHER_1,WEATHER_2,STATE_HWY_IND,CALTRANS_COUNTY,CALTRANS_DISTRICT,STATE_ROUTE,ROUTE_SUFFIX,POSTMILE_PREFIX,POSTMILE,LOCATION_TYPE,RAMP_INTERSECTION,SIDE_OF_HWY,TOW_AWAY,COLLISION_SEVERITY,NUMBER_KILLED,NUMBER_INJURED,PARTY_COUNT,PRIMARY_COLL_FACTOR,PCF_CODE_OF_VIOL,PCF_VIOL_CATEGORY,PCF_VIOLATION,PCF_VIOL_SUBSECTION,HIT_AND_RUN,TYPE_OF_COLLISION,MVIW,PED_ACTION,ROAD_SURFACE,ROAD_COND_1,ROAD_COND_2,LIGHTING,CONTROL_DEVICE,CHP_ROAD_TYPE,PEDESTRIAN_ACCIDENT,BICYCLE_ACCIDENT,MOTORCYCLE_ACCIDENT,TRUCK_ACCIDENT,NOT_PRIVATE_PROPERTY,ALCOHOL_INVOLVED,STWD_VEHTYPE_AT_FAULT,CHP_VEHTYPE_AT_FAULT,COUNT_SEVERE_INJ,COUNT_VISIBLE_INJ,COUNT_COMPLAINT_PAIN,COUNT_PED_KILLED,COUNT_PED_INJURED,COUNT_BICYCLIST_KILLED,COUNT_BICYCLIST_INJURED,COUNT_MC_KILLED,COUNT_MC_INJURED,PRIMARY_RAMP,SECONDARY_RAMP,LATITUDE,LONGITUDE,COUNTY,CITY,POINT_X,POINT_Y
6977735,2015,2015-07-09,2708,2015-04-15,1150,52823,,3,5,6,2708,0,0,0,,0,,"MARTELLA ST","W LAKE ST",50.00,N,N,A,-,N,,,,,,,,,,Y,4,0,1,4,A,-,03,22350,,N,D,E,A,A,H,-,A,-,0,,,,,Y,,-,,0,0,1,0,0,0,0,0,0,"- ","- ",,,MONTEREY,SALINAS,-121.6556109,36.680601690000003
6989574,2015,2016-09-30,2712,2015-06-28,2352,717,2719,7,5,3,2712,0,0,0,,0,,"IMJIN PKWY","RT 1",0.00,,Y,A,-,Y,MON,5,1,-,R,84.440,R,3,N,Y,3,0,1,1,A,-,01,23152,A,N,E,I,A,A,H,-,C,D,0,,,,,Y,Y,A,01,0,1,0,0,0,0,0,0,0,"- ","- ",,,MONTEREY,MARINA,-121.81320799,36.668840510000003
6989749,2015,2016-12-22,9735,2015-07-05,0545,016696,,7,3,9,2700,0,1,2,,1,041,"RT 101","JOLON RD",5280.00,N,N,B,-,Y,MON,5,101,-,R,10.670,H,-,S,Y,4,0,1,1,A,-,03,22350,,N,F,A,A,A,H,-,B,D,1,,,,,Y,,A,01,0,0,1,0,0,0,0,0,0,"- ","- ",36.20552,-121.1581,MONTEREY,UNINCORPORATED,-120.84197911,35.88735827
6989753,2015,2016-12-22,9735,2015-07-01,1500,020036,,3,2,9,2700,0,1,2,,2,045,"RT 101","BRADLEY REST AREA",4752.00,N,N,B,-,Y,MON,5,101,-,R,3.800,H,-,N,Y,2,0,2,1,A,-,08,22107,,N,F,A,A,A,H,-,A,D,1,,,,,Y,,A,07,1,0,1,0,0,0,0,0,0,"- ","- ",35.836880000000001,-120.75793,MONTEREY,UNINCORPORATED,-120.75761376,35.838472119999999
6990574,2015,2017-01-14,9730,2015-07-14,1559,019745,,2,2,9,2700,0,1,3,,1,014,"RT 1","KYLE PERINE",778.00,N,N,A,-,Y,MON,5,1,-,-,48.660,H,-,N,Y,4,0,1,2,A,-,03,22350,,N,C,C,A,A,H,-,A,D,0,,,,,Y,,D,22,0,0,1,0,0,0,0,0,0,"- ","- ",36.270470000000003,-121.8078,MONTEREY,UNINCORPORATED,-121.80813216999999,36.270665630000003
6990578,2015,2017-01-17,9730,2015-07-15,1500,019745,,3,2,6,2708,0,1,2,,1,050,"RT 101","GOULD RD",1083.00,S,N,A,-,Y,MON,5,101,-,-,82.270,R,2,S,Y,4,0,1,1,A,-,08,22107,,N,F,I,A,A,H,-,A,D,5,,,,Y,Y,,G,27,0,0,1,0,0,0,0,0,0,FR,"- ",36.626199999999997,-121.5852,MONTEREY,SALINAS,-121.58369997,36.624792849999999
6990589,2015,2015-08-01,9730,2015-06-28,1250,020391,,7,1,9,2700,0,3,5,,2,007,"SALINAS RD","JONATHAN ST",165.00,S,N,B,-,N,,,,,,,,,,Y,4,0,1,3,A,-,03,22350,,N,C,C,A,A,H,-,A,A,0,,,,,Y,,A,07,0,0,1,0,0,0,0,0,0,"- ","- ",36.900280000000002,-121.74822,MONTEREY,UNINCORPORATED,-121.74813331999999,36.900367670000001
6990606,2015,2017-01-14,9730,2015-07-14,1440,019529,,2,2,9,2700,0,1,3,,2,062,"RT 1","RT 68",500.00,N,N,A,-,Y,MON,5,1,-,R,78.070,R,1,S,Y,4,0,1,3,A,-,03,22350,,F,C,C,A,A,H,-,A,D,1,,,,,Y,,A,01,0,0,1,0,0,0,0,0,0,TO,"- ",,,MONTEREY,UNINCORPORATED,-121.86932242,36.59486922
6990609,2015,2017-01-13,9730,2015-07-07,1505,018820,,2,2,9,2700,0,1,3,,1,068,"RT 68","LAGUNA PL",20.00,E,N,A,-,Y,MON,5,68,-,-,11.550,H,-,E,Y,3,0,3,3,A,-,03,22350,,N,C,C,A,A,H,-,A,D,0,,,,,Y,,A,07,0,1,2,0,0,0,0,0,0,"- ","- ",36.5702,-121.74991,MONTEREY,UNINCORPORATED,-121.74983621,36.570286940000003
6990614,2015,2015-08-05,9730,2015-07-08,1750,018820,,3,2,9,2700,0,3,5,,2,006,"BLACKIE RD","MORO TER",4224.00,W,N,A,-,N,,,,,,,,,,N,4,0,1,2,A,-,21,22106,,F,C,C,A,A,H,-,A,D,0,,,,,Y,,D,22,0,0,1,0,0,0,0,0,0,"- ","- ",36.77599,-121.69739,MONTEREY,UNINCORPORATED,-121.70221561,36.774619149999999
6990617,2015,2015-08-29,9730,2015-07-09,0644,016537,,4,1,9,2700,0,3,5,,2,003,"RIVER RD","PINE CANYON RD",350.00,N,N,B,-,N,,,,,,,,,,Y,2,0,1,2,A,-,06,21750,,N,D,C,A,B,H,-,A,D,0,,,Y,,Y,,C,02,1,0,0,0,0,0,0,0,1,"- ","- ",36.597920000000002,-121.62633,MONTEREY,UNINCORPORATED,-121.62610436999999,36.5978353
6990621,2015,2015-08-05,9730,2015-07-09,1636,020990,,4,2,9,2700,0,3,5,,2,007,"LANGLEY CANYON RD","SAN MIGUEL CANYON RD",1400.00,N,N,A,-,N,,,,,,,,,,Y,4,0,1,1,A,-,01,23152,E,N,E,I,A,A,H,-,A,D,0,,,,,Y,,D,22,0,0,1,0,0,0,0,0,0,"- ","- ",36.806420000000003,-121.66379999999999,MONTEREY,UNINCORPORATED,-121.66363738,36.806391570000002
6990638,2015,2016-07-25,2704,2015-07-02,1758,4845,2704,4,5,3,2704,0,0,0,,0,002,"EL CAMINO REAL","APPLE AV",0.00,,Y,A,-,N,,,,,,,,,,N,4,0,1,3,A,-,04,21703,,N,C,C,A,A,A,-,A,A,0,,,,,Y,Y,-,99,0,0,1,0,0,0,0,0,0,"- ","- ",,,MONTEREY,GREENFIELD,-121.24594996,36.323860009999997
6991372,2015,2017-01-12,9735,2015-07-12,1730,020057,,7,2,9,2700,0,3,5,,2,003,"RT 25","COALINGA RD",7920.00,N,N,A,-,Y,SBT,5,25,-,-,10.870,H,-,S,Y,3,0,1,1,C,-,18,,,N,H,H,A,A,H,-,A,D,0,,,Y,,Y,,-,"- ",0,1,0,0,0,0,0,0,1,"- ","- ",36.436599999999999,-121.03373999999999,MONTEREY,UNINCORPORATED,-121.01113164,36.422045850000003
6991373,2015,2017-01-12,9735,2015-07-12,1140,020057,,7,1,9,2700,0,1,3,,2,052,"RT 25","BITTERWATER RD",2112.00,S,N,A,-,Y,SBT,5,25,-,-,6.840,H,-,N,Y,2,0,1,1,A,-,08,22107,,N,E,I,A,A,H,-,A,D,0,,,Y,,Y,,C,02,1,0,0,0,0,0,0,0,1,"- ","- ",36.375610000000002,-120.99575,MONTEREY,UNINCORPORATED,-120.99580921,36.375801250000002
6991374,2015,2016-12-22,9735,2015-07-12,0625,018069,,7,1,9,2700,0,1,2,,1,040,"RT 101","HARDEN FARMS",3696.00,S,N,A,-,Y,MON,5,101,-,-,57.850,H,-,S,Y,3,0,2,2,A,-,01,23152,A,N,C,C,A,A,H,-,A,D,4,,,,,Y,Y,A,08,0,1,1,0,0,0,0,0,0,"- ","- ",36.373660000000001,-121.28982999999999,MONTEREY,UNINCORPORATED,-121.28952939,36.373677110000003
6991375,2015,2015-07-27,9735,2015-07-11,2050,019330,,6,2,9,2700,0,3,5,,2,003,"METZ RD","STONEWALL CANYON RD",528.00,S,N,A,-,N,,,,,,,,,,Y,4,0,1,1,A,-,08,22107,,N,F,A,A,A,H,-,D,D,0,,,,,Y,,A,01,0,0,1,0,0,0,0,0,0,"- ","- ",36.423160000000003,-121.2647,MONTEREY,UNINCORPORATED,-121.29420665000001,36.423202549999999
6991883,2015,2015-07-28,9730,2015-07-11,0128,020065,,6,3,9,2700,0,3,5,,2,005,"PESANTE RD","COKER RD",250.00,W,N,A,-,N,,,,,,,,,,Y,3,0,1,1,A,-,01,23152,A,N,E,I,A,A,H,-,D,D,0,,,,,Y,Y,A,01,0,1,0,0,0,0,0,0,0,"- ","- ",36.778500000000001,-121.65017,MONTEREY,UNINCORPORATED,-121.65008279,36.77842424
6991887,2015,2015-07-28,9730,2015-07-10,1400,018786,,5,2,9,2700,0,3,5,,2,003,"RIVER RD","ESCOLLE RD",500.00,S,N,A,-,N,,,,,,,,,,Y,3,0,1,1,A,-,08,22107,,N,E,I,A,A,H,-,A,D,0,,,,,Y,,A,01,0,1,0,0,0,0,0,0,0,"- ","- ",36.471539999999997,-121.4688,MONTEREY,UNINCORPORATED,-121.47082881999999,36.473542690000002
6991891,2015,2015-07-28,9730,2015-07-10,0532,021009,,5,3,9,2700,0,2,4,,1,073,"HALL RD","SAN MIGUEL CANYON RD",25.00,W,N,E,-,N,,,,,,,,,,N,4,0,1,2,A,-,03,22350,,N,C,C,A,B,H,-,B,A,0,,,,,Y,,A,07,0,0,1,0,0,0,0,0,0,"- ","- ",36.859290000000001,-121.69568,MONTEREY,UNINCORPORATED,-121.69528527,36.859315260000002
6991968,2015,2015-07-25,9730,2015-06-29,0025,020916,,1,3,9,2700,0,2,4,,1,023,"CARMEL VALLEY RD","MPM 27",1584.00,E,N,A,-,N,,,,,,,,,,Y,4,0,1,1,A,-,08,22107,,M,E,I,A,A,H,-,D,D,0,,,,,Y,,A,01,0,0,1,0,0,0,0,0,0,"- ","- ",36.364400000000003,-121.55468,MONTEREY,UNINCORPORATED,,
6991972,2015,2015-07-25,9730,2015-06-30,1605,019239,,2,2,9,2700,0,3,5,,2,003,"RIVER RD","PARKER RD",4224.00,S,N,A,-,N,,,,,,,,,,Y,3,0,3,1,A,-,01,23152,A,N,E,I,A,A,D,-,A,D,0,,,,,Y,Y,A,01,0,3,0,0,0,0,0,0,0,"- ","- ",,,MONTEREY,UNINCORPORATED,-121.59434752,36.580683890000003
6991983,2015,2016-09-28,9730,2015-06-30,1207,020933,,2,1,9,2700,0,1,3,,1,022,"RT 1","MESA DR",100.00,S,N,A,-,Y,MON,5,1,-,-,73.430,H,-,S,N,4,0,1,2,A,-,03,22350,,N,C,C,A,A,H,-,A,D,0,,,,,Y,,A,07,0,0,1,0,0,0,0,0,0,"- ","- ",36.551459999999999,-121.91052000000001,MONTEREY,UNINCORPORATED,-121.91030658,36.550464699999999
6977739,2015,2015-07-10,2708,2015-04-16,1143,52823,,4,5,6,2708,0,0,0,,0,,"E ALISAL ST","SMITH ST",75.00,E,N,A,-,N,,,,,,,,,,N,4,0,1,2,A,-,04,21703,,N,C,C,A,A,D,-,A,D,0,,,,,Y,,-,,0,0,1,0,0,0,0,0,0,"- ","- ",,,MONTEREY,SALINAS,-121.63647637,36.673813299999999
6977743,2015,2015-07-11,2708,2015-04-29,1410,28920,SALIN,3,5,6,2708,0,0,0,,0,005,"EAST LAUREL DR","MARYAL ST",100.00,E,N,A,-,N,,,,,,,,,,Y,4,0,2,2,A,-,04,21703,,N,C,C,A,A,H,-,A,A,0,,,,,Y,,-,,0,0,2,0,0,0,0,0,0,"- ","- ",,,MONTEREY,SALINAS,-121.64655358,36.698150130000002
7005779,2015,2015-07-28,2708,2015-04-01,1656,30349,SALIN,3,5,6,2708,0,0,0,,0,001,"NORTH MAIN ST","RUSSELL RD",913.00,S,N,A,-,N,,,,,,,,,,Y,4,0,2,2,A,-,09,21804,A,N,D,C,A,A,H,-,A,D,0,,,,,Y,,-,,0,0,2,0,0,0,0,0,0,"- ","- ",,,MONTEREY,SALINAS,-121.65627000000001,36.731923639999998
7005795,2015,2015-07-27,2710,2015-04-01,2037,33762,,3,5,4,2710,0,0,0,,0,,FREMONT,PLAYA,18.00,S,N,A,-,N,,,,,,,,,,N,3,0,1,2,A,-,11,21453,D,N,G,B,D,A,H,-,C,A,0,Y,,,,Y,,N,60,0,1,0,0,1,0,0,0,0,"- ","- ",,,MONTEREY,SEASIDE,-121.84119293000001,36.617954130000001
7006143,2015,2017-04-04,9730,2015-04-26,2338,19770,,7,3,6,2708,0,1,2,,1,050,"RT 101","SHERWOOD DR",0.00,N,N,A,-,Y,MON,5,101,-,-,87.970,H,-,S,Y,1,1,1,2,A,-,11,21954,A,N,G,B,E,A,H,-,D,D,1,Y,,,,Y,Y,N,60,0,1,0,1,0,0,0,0,0,"- ","- ",36.684950000000001,-121.64858,MONTEREY,SALINAS,-121.64847035,36.684726980000001
7006230,2015,2017-03-29,9730,2015-08-03,0720,13024,,1,1,9,2700,0,1,2,,1,050,"RT 101","HARTNELL RD",0.00,,Y,A,-,Y,MON,5,101,-,-,82.050,I,5,N,Y,1,1,2,2,A,-,09,21801,A,N,D,C,A,A,H,-,A,D,5,,,,,Y,,A,01,0,1,1,0,0,0,0,0,0,"- ","- ",,,MONTEREY,UNINCORPORATED,-121.58058357,36.622745440000003
7006265,2015,2015-11-13,2708,2015-06-06,1140,52823,,6,5,6,2708,0,0,0,,0,,"WEST LAUREL DR","ADAMS ST",115.00,E,N,A,-,N,,,,,,,,,,Y,1,1,0,2,A,-,03,22350,,N,D,C,A,A,H,-,A,D,0,,,,,Y,,-,,0,0,0,0,0,0,0,0,0,"- ","- ",,,MONTEREY,SALINAS,-121.6620724,36.698058920000001
7006329,2015,2015-12-14,9730,2015-07-31,0556,17502,,5,3,9,2700,0,1,3,,1,068,"RT 68","FOSTER RD",199.00,E,N,B,-,Y,MON,5,68,-,T,18.420,H,-,E,Y,1,2,1,2,A,-,08,22107,,N,D,C,A,A,H,-,A,D,0,,,,,Y,,A,01,1,0,0,0,0,0,0,0,0,"- ","- ",,,MONTEREY,UNINCORPORATED,-121.66720103,36.636687870000003
7006373,2015,2017-03-30,9730,2015-04-24,1750,20391,,5,2,9,2700,0,3,5,,2,007,"CASTROVILLE BL","ELKHORN RD",1056.00,E,N,A,-,N,,,,,,,,,,Y,1,1,1,2,A,-,08,22107,,N,A,C,A,A,H,-,A,D,0,,,,,Y,,A,01,1,0,0,0,0,0,0,0,0,"- ","- ",36.795119999999997,-121.71747999999999,MONTEREY,UNINCORPORATED,-121.71686002,36.795074769999999
7006693,2015,2017-03-29,9730,2015-08-04,1912,15297,,2,2,9,2700,0,1,3,,1,066,"RT 183","ESPINOSA RD",1584.00,S,N,A,-,Y,MON,5,183,-,R,7.310,H,-,S,Y,1,2,1,2,A,-,01,23152,F,N,E,I,A,A,H,-,A,D,0,,,,Y,Y,Y,A,01,0,0,1,0,0,0,0,0,0,"- ","- ",36.739379999999997,-121.73859,MONTEREY,UNINCORPORATED,-121.73867876,36.739909879999999
7006694,2015,2016-04-08,9730,2015-06-21,2215,20514,,7,3,9,2700,0,2,4,,1,073,"HALL RD","WILLOW RD",1056.00,W,N,A,-,N,,,,,,,,,,Y,1,1,3,2,A,-,01,23152,A,N,A,C,A,A,H,-,D,A,0,,,,,Y,Y,A,01,2,0,1,0,0,0,0,0,0,"- ","- ",36.865929999999999,-121.73712999999999,MONTEREY,UNINCORPORATED,-121.7386353,36.866058240000001
7008289,2015,2015-08-13,2706,2015-07-20,0747,590,2706,1,5,4,2706,0,0,0,,0,002,"ABREGO ST","WEBSTER ST",122.00,N,N,A,-,N,,,,,,,,,,Y,3,0,1,2,A,-,08,22107,,N,C,E,A,A,H,-,A,D,0,,,,,Y,,-,,0,1,0,0,0,0,0,0,0,"- ","- ",,,MONTEREY,MONTEREY,-121.89243064999999,36.597013099999998
6996057,2015,2017-02-10,9730,2015-07-11,1515,020514,,6,2,1,2709,0,1,3,,2,062,"RT 1","TIOGA AV",300.00,S,N,A,-,Y,MON,5,1,-,R,80.030,H,-,S,Y,4,0,1,2,A,-,03,22350,,N,C,C,A,A,H,-,A,D,1,,,,,Y,,A,01,0,0,1,0,0,0,0,0,0,"- ","- ",,,MONTEREY,"SAND CITY",-121.84950341,36.61716165
6996061,2015,2017-01-14,9730,2015-07-03,1748,020931,,5,2,9,2700,0,1,3,,1,074,"RT 1","MOSS LANDING RD",0.00,,Y,B,-,Y,MON,5,1,-,-,95.810,I,5,S,Y,3,0,3,2,A,-,06,21755,A,N,D,C,A,A,H,-,A,D,0,,,Y,,Y,,C,02,0,2,1,0,0,0,0,0,2,"- ","- ",,,MONTEREY,UNINCORPORATED,-121.78324493,36.799857430000003
6996065,2015,2015-09-02,9730,2015-07-07,2038,020990,,2,2,9,2700,0,3,5,,2,007,"CRAZY HORSE CANYON RD","AUDREY LN",404.00,W,N,A,-,N,,,,,,,,,,Y,4,0,1,1,A,-,08,22107,,N,F,I,A,A,H,-,B,D,0,,,,,Y,,A,01,0,0,1,0,0,0,0,0,0,"- ","- ",,,MONTEREY,UNINCORPORATED,-121.62727577,36.815704699999998
6996069,2015,2017-01-14,9730,2015-07-02,1616,019981,,4,2,4,2710,0,1,3,,2,062,"RT 1","LIGHTFIGHTER DR",2640.00,S,N,A,-,Y,MON,5,1,-,R,82.390,H,-,S,Y,3,0,1,2,A,-,07,21658,A,F,F,I,A,A,H,-,A,D,1,,,,,Y,,-,99,0,1,0,0,0,0,0,0,0,"- ","- ",,,MONTEREY,SEASIDE,-121.82242502,36.643566550000003
6996073,2015,2017-01-14,9730,2015-07-12,2200,020598,,7,3,9,2700,0,1,3,,1,074,"RT 1","PAJARO RIVER BRIDGE",3.00,S,N,B,-,Y,MON,5,1,-,R,101.978,H,-,S,Y,4,0,2,1,A,-,08,22107,,N,E,I,A,A,H,-,D,D,1,,,,,Y,Y,A,01,0,0,2,0,0,0,0,0,0,"- ","- ",,,MONTEREY,UNINCORPORATED,-121.77241202,36.883032900000003
6996077,2015,2015-09-02,9730,2015-07-09,1755,019529,,4,2,9,2700,0,3,5,,2,007,"TRAFTON RD","MC GOWAN RD",0.00,,Y,A,-,N,,,,,,,,,,Y,4,0,1,2,A,-,09,21801,A,N,A,C,A,A,H,-,A,D,0,,,,,Y,,A,01,0,0,1,0,0,0,0,0,0,"- ","- ",,,MONTEREY,UNINCORPORATED,-121.78541992,36.871120040000001
6996866,2015,2015-08-08,2712,2015-07-13,1720,612,2712,1,5,3,2712,0,0,0,,0,001,"IMJIN PKWY","CALIFORNIA AV",31.00,W,N,A,-,N,,,,,,,,,,N,3,0,1,2,A,-,03,22350,,N,C,C,A,A,H,-,A,A,0,,,,,Y,,A,01,0,1,0,0,0,0,0,0,0,"- ","- ",,,MONTEREY,MARINA,-121.79694742,36.666203090000003
6997099,2015,2015-08-04,2708,2015-03-18,0954,52823,,3,5,6,2708,0,0,0,,0,,"WEST BLANCO RD","RIKER ST",0.00,,Y,A,-,N,,,,,,,,,,N,4,0,1,2,A,-,12,21453,A,N,D,C,A,A,H,-,A,A,0,,,,,Y,,-,,0,0,1,0,0,0,0,0,0,"- ","- ",,,MONTEREY,SALINAS,-121.66511998999999,36.6588201
6998109,2015,2015-07-25,2706,2015-06-11,1721,428,MPD,4,5,4,2706,0,0,0,,0,002,"FRANKLIN ST","PIERCE ST",165.00,W,N,A,-,N,,,,,,,,,,N,4,0,2,3,A,-,03,22350,,N,C,C,A,A,H,-,A,D,0,,,,,Y,,D,22,0,0,2,0,0,0,0,0,0,"- ","- ",,,MONTEREY,MONTEREY,-121.89693837,36.600450670000001
6998115,2015,2015-07-21,2706,2015-06-15,1626,627,MPD,1,5,4,2706,0,0,0,,0,002,"FREMONT ST","EL ESTERO",196.00,E,N,B,-,N,,,,,,,,,,N,3,0,4,3,A,-,01,23152,E,N,C,C,A,A,H,-,A,A,0,,,,,Y,,A,01,0,2,2,0,0,0,0,0,0,"- ","- ",,,MONTEREY,MONTEREY,,
6998119,2015,2015-07-21,2706,2015-06-22,0751,939,2706,1,5,4,2706,0,0,0,,0,002,"FREMONT ST","VIA MIRADA",8.00,E,N,B,-,N,,,,,,,,,,Y,3,0,1,2,A,-,09,21801,A,N,D,C,A,A,H,-,A,D,0,,,,,Y,,A,01,0,1,0,0,0,0,0,0,0,"- ","- ",,,MONTEREY,MONTEREY,,
6998123,2015,2015-07-21,2706,2015-06-18,1242,031,MPD,4,5,4,2706,0,0,0,,0,002,"MUNRAS AV","S DEL MONTE CTR",0.00,,Y,A,-,N,,,,,,,,,,N,4,0,1,2,A,-,21,22106,,N,C,C,A,A,H,-,A,A,0,,,,,Y,,A,07,0,0,1,0,0,0,0,0,0,"- ","- ",,,MONTEREY,MONTEREY,-121.90089999999999,36.584810079999997
6998127,2015,2015-07-21,2706,2015-06-22,1327,627,2706,1,5,4,2706,0,0,0,,0,001,"PRESCOTT AV","FILMORE ST",0.00,,Y,B,-,N,,,,,,,,,,Y,4,0,1,2,A,-,03,22350,,N,C,C,A,A,H,-,A,D,0,,,,,Y,,A,01,0,0,1,0,0,0,0,0,0,"- ","- ",,,MONTEREY,MONTEREY,-121.91117998999999,36.610020110000001
6998135,2015,2016-11-03,2706,2015-06-25,1432,505,2706,4,5,4,2706,0,0,0,,0,003,"RT 68","YORK RD",424.00,W,N,A,-,Y,MON,5,68,-,-,8.070,H,-,W,Y,2,0,1,1,A,-,08,22107,,N,E,I,A,A,D,-,A,A,0,,,,,Y,,A,01,1,0,0,0,0,0,0,0,0,"- ","- ",,,MONTEREY,MONTEREY,-121.80968070999999,36.571789600000002
6998553,2015,2015-07-23,2708,2015-02-28,1410,75791,,6,5,6,2708,0,0,0,,0,002,"NORTH DAVIS RD","WEST LAUREL DR",2000.00,S,N,B,-,N,,,,,,,,,,Y,3,0,2,2,A,-,08,22100,A,N,D,C,A,A,H,-,A,D,0,,,,,Y,,-,,0,1,1,0,0,0,0,0,0,"- ","- ",,,MONTEREY,SALINAS,-121.66886134000001,36.692691949999997
6998643,2015,2017-01-13,2708,2015-06-15,2345,79081,,1,5,6,2708,0,0,0,,0,007,"WEST MARKET ST","CAPITOL ST",51.00,W,N,B,-,Y,MON,5,183,-,-,1.040,H,-,S,Y,4,0,1,2,A,-,01,23152,A,N,C,E,A,A,H,-,C,D,0,,,,,Y,Y,A,01,0,0,1,0,0,0,0,0,0,"- ","- ",,,MONTEREY,SALINAS,-121.66084476,36.679363000000002
6998717,2015,2017-01-06,2708,2015-06-24,1202,75791,,3,5,6,2708,0,0,0,,0,007,"WEST MARKET ST","CLARK ST",525.00,E,N,A,-,Y,MON,5,183,-,-,1.590,H,-,N,Y,4,0,1,2,A,-,08,22100,A,N,D,C,A,A,H,-,A,D,0,,,,,Y,,-,,0,0,1,0,0,0,0,0,0,"- ","- ",,,MONTEREY,SALINAS,-121.66946235,36.682722339999998
6998730,2015,2015-07-22,2708,2015-04-27,1759,71595,,1,5,6,2708,0,0,0,,0,012,"E ALISAL ST","EAST MARKET ST",0.00,,Y,A,-,N,,,,,,,,,,Y,4,0,2,2,A,-,09,21802,A,N,D,C,A,A,H,-,A,A,0,,,,,Y,,-,,0,0,2,0,0,0,0,0,0,"- ","- ",,,MONTEREY,SALINAS,-121.61354993,36.672620080000002
6998914,2015,2015-07-20,9730,2015-06-15,0644,020990,,1,1,9,2700,0,3,5,,2,006,"ESPINOSA RD","CHRISTENSEN RD",1056.00,W,N,A,-,N,,,,,,,,,,Y,4,0,1,2,A,-,03,22350,,N,C,C,A,A,H,-,A,D,0,,,,,Y,,A,01,0,0,1,0,0,0,0,0,0,"- ","- ",36.736579999999996,-121.6636,MONTEREY,UNINCORPORATED,-121.6616911,36.735980120000001
6999233,2015,2015-07-23,2703,2015-07-12,1820,7248,2703,7,5,2,2703,0,0,0,,0,ALL,"5TH ST","HEROLD PKY",461.00,W,N,A,-,N,,,,,,,,,,Y,3,0,1,1,A,-,08,22107,,N,E,I,A,A,H,-,A,D,0,,,,,Y,Y,D,22,0,1,0,0,0,0,0,0,0,"- ","- ",,,MONTEREY,GONZALES,-121.43599371000001,36.514347450000002
6999269,2015,2015-07-27,2706,2015-06-21,1552,320,MPD,7,5,4,2706,0,0,0,,0,003,"DEL MONTE AV","SLOAT AV",0.00,,Y,A,-,N,,,,,,,,,,Y,2,0,1,1,B,-,22,,,N,A,I,A,A,H,-,A,A,0,,,,,Y,,D,22,1,0,0,0,0,0,0,0,0,"- ","- ",,,MONTEREY,MONTEREY,-121.87887996000001,36.599860020000001
6999272,2015,2015-07-23,2706,2015-07-01,1013,627,MPD,3,5,4,2706,0,0,0,,0,002,"AGUAJITO RD","MARK THOMAS DR",0.00,,Y,A,-,N,,,,,,,,,,Y,4,0,1,2,A,-,09,21801,A,N,A,C,A,A,H,-,A,A,0,,,,,Y,,A,01,0,0,1,0,0,0,0,0,0,"- ","- ",,,MONTEREY,MONTEREY,-121.88011985999999,36.591100070000003
7000802,2015,2016-12-22,9730,2015-07-10,1700,020514,,5,2,9,2700,0,1,2,,1,030,"RT 101","CHUALAR RIVER RD",400.00,S,N,A,-,Y,MON,5,101,-,R,76.890,H,-,N,,4,0,1,3,A,-,03,22350,,N,C,C,A,A,H,-,A,D,1,,,,,Y,,D,22,0,0,1,0,0,0,0,0,0,"- ","- ",36.567689999999999,-121.51611,MONTEREY,UNINCORPORATED,-121.5191425,36.570650890000003
7000817,2015,2017-01-13,9730,2015-07-17,1648,018786,,5,2,9,2700,0,1,3,,1,068,"RT 68","BOOTS RD",65.00,E,N,A,-,Y,MON,5,68,-,-,6.920,H,-,E,Y,4,0,1,3,A,-,03,22350,,N,C,C,A,A,H,-,A,-,0,,,,,Y,,D,22,0,0,1,0,0,0,0,0,0,"- ","- ",36.56758,-121.77818000000001,MONTEREY,UNINCORPORATED,-121.82691616,36.58010805
6991987,2015,2016-09-29,9730,2015-06-30,1045,015160,,2,1,9,2700,0,1,3,,1,074,"RT 1 CABRILLO HWY","STRUVE RD",75.00,N,N,A,-,Y,MON,5,1,-,-,97.740,H,-,N,N,4,0,2,2,A,-,09,21801,A,N,D,C,A,A,H,-,A,D,0,,,,,Y,,A,07,0,0,2,0,0,0,0,0,0,"- ","- ",,,MONTEREY,UNINCORPORATED,-121.77786914000001,36.824319289999998
6991988,2015,2015-07-25,2706,2015-06-16,1620,590,MPD,2,5,4,2706,0,0,0,,0,002,"CAMINO EL ESTERO","FRANKLIN ST",30.00,N,N,A,-,N,,,,,,,,,,N,4,0,1,3,A,-,03,22350,,F,C,C,A,A,H,-,A,A,0,,,,,Y,,A,01,0,0,1,0,0,0,0,0,0,"- ","- ",,,MONTEREY,MONTEREY,-121.88748416999999,36.598971429999999