CASE_ID,ACCIDENT_YEAR,PROC_DATE,JURIS,COLLISION_DATE,COLLISION_TIME,OFFICER_ID,REPORTING_DISTRICT,DAY_OF_WEEK,CHP_SHIFT,POPULATION,CNTY_CITY_LOC,SPECIAL_COND,BEAT_TYPE,CHP_BEAT_TYPE,CITY_DIVISION_LAPD,CHP_BEAT_CLASS,BEAT_NUMBER,PRIMARY_RD,SECONDARY_RD,DISTANCE,DIRECTION,INTERSECTION,WEATHER_1,WEATHER_2,STATE_HWY_IND,CALTRANS_COUNTY,CALTRANS_DISTRICT,STATE_ROUTE,ROUTE_SUFFIX,POSTMILE_PREFIX,POSTMILE,LOCATION_TYPE,RAMP_INTERSECTION,SIDE_OF_HWY,TOW_AWAY,COLLISION_SEVERITY,NUMBER_KILLED,NUMBER_INJURED,PARTY_COUNT,PRIMARY_COLL_FACTOR,PCF_CODE_OF_VIOL,PCF_VIOL_CATEGORY,PCF_VIOLATION,PCF_VIOL_SUBSECTION,HIT_AND_RUN,TYPE_OF_COLLISION,MVIW,PED_ACTION,ROAD_SURFACE,ROAD_COND_1,ROAD_COND_2,LIGHTING,CONTROL_DEVICE,CHP_ROAD_TYPE,PEDESTRIAN_ACCIDENT,BICYCLE_ACCIDENT,MOTORCYCLE_ACCIDENT,TRUCK_ACCIDENT,NOT_PRIVATE_PROPERTY,ALCOHOL_INVOLVED,STWD_VEHTYPE_AT_FAULT,CHP_VEHTYPE_AT_FAULT,COUNT_SEVERE_INJ,COUNT_VISIBLE_INJ,COUNT_COMPLAINT_PAIN,COUNT_PED_KILLED,COUNT_PED_INJURED,COUNT_BICYCLIST_KILLED,COUNT_BICYCLIST_INJURED,COUNT_MC_KILLED,COUNT_MC_INJURED,PRIMARY_RAMP,SECONDARY_RAMP,LATITUDE,LONGITUDE,COUNTY,CITY,POINT_X,POINT_Y
6991991,2015,2016-09-29,9730,2015-06-30,0709,020933,,2,1,9,2700,0,1,3,,1,022,"RT 1","AURORA DEL MAR",11616.00,S,N,B,-,Y,MON,5,1,-,-,65.600,H,-,S,Y,3,0,1,1,A,-,08,22107,,N,E,I,A,A,H,-,A,D,0,,,,,Y,,A,01,0,1,0,0,0,0,0,0,0,"- ","- ",36.4527,-121.92219,MONTEREY,UNINCORPORATED,-121.92572822,36.45190951
6991995,2015,2017-01-04,9730,2015-06-20,1330,020417,,6,1,9,2700,0,1,2,,1,030,"RT 101","SILLMAN RD",3696.00,N,N,A,-,Y,MON,5,101,-,-,65.330,H,-,S,Y,3,0,2,4,A,-,03,22350,,N,C,C,A,A,G,-,A,D,1,,,,,Y,,A,01,0,1,1,0,0,0,0,0,0,"- ","- ",36.455730000000003,-121.3734,MONTEREY,UNINCORPORATED,-121.37276093,36.45535323
7018833,2015,2017-01-14,9730,2015-07-16,1726,19745,,4,2,9,2700,0,1,3,,1,022,"RT 1","SAN LUIS AV",297.00,N,N,A,-,Y,MON,5,1,-,-,74.660,H,-,N,N,4,0,1,2,A,-,03,22350,,N,C,C,A,A,H,-,A,D,0,,,,,Y,,D,22,0,0,1,0,0,0,0,0,0,"- ","- ",36.569240000000001,-121.91237,MONTEREY,UNINCORPORATED,-121.91271368,36.567867870000001
7020029,2015,2015-10-06,2710,2015-08-21,1413,34825,MON,5,5,4,2710,0,0,0,,0,02B,"LA SALLE AV","10TH AV",0.00,,-,A,-,N,,,,,,,,,,Y,4,0,1,2,A,-,00,12500,A,N,D,C,A,A,C,H,A,D,0,,,,,Y,,A,01,0,0,1,0,0,0,0,0,0,"- ","- ",,,MONTEREY,SEASIDE,,
7022071,2015,2017-01-14,9730,2015-07-24,1645,019700,,5,2,4,2706,0,1,3,,2,062,"RT 1","RT 68",2640.00,N,N,A,-,Y,MON,5,1,-,R,78.620,H,-,N,Y,3,0,3,2,A,-,03,22350,,N,C,C,A,A,H,-,A,D,1,,,,,Y,,A,01,0,3,0,0,0,0,0,0,0,"- ","- ",36.34402,-121.54284,MONTEREY,MONTEREY,-121.86279836999999,36.600748529999997
7022075,2015,2016-12-22,9730,2015-07-27,1412,020598,,1,2,9,2700,0,1,2,,1,030,"RT 101","CHUALAR MAIN ST",1000.00,N,N,A,-,Y,MON,5,101,-,-,77.220,H,-,S,Y,4,0,3,4,A,-,03,22350,,N,C,C,A,A,H,-,A,D,1,,,,,Y,,A,01,0,0,3,0,0,0,0,0,0,"- ","- ",36.57123,-121.52001,MONTEREY,UNINCORPORATED,-121.5209005,36.572065039999998
7022157,2015,2015-08-29,9730,2015-07-25,0330,20916,,6,3,9,2700,0,3,5,,2,006,"RESERVATION RD","PANZIERA RD",0.00,,Y,A,-,N,,,,,,,,,,Y,3,0,1,1,A,-,03,22350,,N,E,I,A,A,H,-,D,D,0,,,,,Y,,-,"- ",0,1,0,0,0,0,0,0,0,"- ","- ",36.653570000000002,-121.72657,MONTEREY,UNINCORPORATED,-121.72649998,36.653660010000003
7022162,2015,2015-08-22,9730,2015-07-25,2245,20576,,6,3,9,2700,0,2,4,,1,023,"CARMEL VALLEY RD","VIA LOS TULARES",1584.00,E,N,A,-,N,,,,,,,,,,Y,3,0,1,1,A,-,08,22107,,N,E,I,A,A,H,-,D,A,0,,,,,Y,Y,A,01,0,1,0,0,0,0,0,0,0,"- ","- ",36.464579999999998,-121.71326000000001,MONTEREY,UNINCORPORATED,-121.71284,36.469110000000001
7022234,2015,2015-08-22,9730,2015-07-18,2040,20233,,6,2,9,2700,0,3,5,,2,007,"SAN MIGUEL CANYON RD","LEWIS RD",1056.00,S,N,B,-,N,,,,,,,,,,Y,2,0,1,1,A,-,01,23152,A,F,F,I,A,A,H,-,D,D,0,,,,,Y,Y,A,01,1,0,0,0,0,0,0,0,0,"- ","- ",36.660820000000001,-121.68035,MONTEREY,UNINCORPORATED,-121.6885743,36.874882980000002
7000833,2015,2015-07-31,9730,2015-06-27,1550,18350,,6,2,9,2700,0,2,4,,1,073,"HALL RD","PINI RD",0.00,,Y,A,-,N,,,,,,,,,,Y,3,0,1,2,A,-,09,21802,A,F,D,C,A,A,H,-,A,A,0,,,,,Y,Y,D,22,0,1,0,0,0,0,0,0,0,"- ","- ",,,MONTEREY,UNINCORPORATED,-121.71673986,36.864120079999999
7000857,2015,2015-08-04,9730,2015-07-03,1618,019981,,5,2,9,2700,0,3,5,,2,006,"COOPER RD","BLANCO RD",2640.00,N,N,A,-,N,,,,,,,,,,Y,2,0,1,2,A,-,01,23152,E,N,A,C,A,A,H,-,A,D,0,,,,Y,Y,,A,01,1,0,0,0,0,0,0,0,0,"- ","- ",,,MONTEREY,UNINCORPORATED,-121.73503334999999,36.685952440000001
7000869,2015,2016-12-22,9730,2015-07-09,1450,15638,,4,2,9,2700,0,1,2,,1,070,"RT 101","CRAZY HORSE CANYON RD",2640.00,N,N,A,-,Y,MON,5,101,-,-,98.700,H,-,S,Y,4,0,2,3,A,-,03,22350,,N,C,C,A,A,H,-,A,D,5,,,,,Y,,D,22,0,0,2,0,0,0,0,0,0,"- ","- ",36.828499999999998,-121.62860000000001,MONTEREY,UNINCORPORATED,-121.63042851,36.821578299999999
7001149,2015,2017-01-14,9730,2015-07-01,1150,017184,,3,1,9,2700,0,1,3,,1,022,"RT 1","OCEAN AV",250.00,N,N,A,-,Y,MON,5,1,-,-,73.850,H,-,S,N,4,0,1,3,A,-,21,22106,,N,C,C,A,A,H,-,A,A,0,,,,,Y,,A,01,0,0,1,0,0,0,0,0,0,"- ","- ",,,MONTEREY,UNINCORPORATED,-121.91126217999999,36.556676119999999
7001153,2015,2017-01-14,9730,2015-07-01,1745,019239,,3,2,6,2708,0,1,2,,1,050,"RT 101","DE LA TORRE ST",600.00,W,N,A,-,Y,MON,5,101,-,-,85.124,R,2,N,Y,4,0,1,1,A,-,08,22107,,N,E,I,A,A,H,-,A,D,5,,,,,Y,,A,07,0,0,1,0,0,0,0,0,0,TO,"- ",,,MONTEREY,SALINAS,-121.61876074,36.65392129
7001180,2015,2015-07-27,9730,2015-07-05,1730,020514,,7,2,9,2700,0,3,5,,2,006,"DEL MONTE BL","LAPIS RD",0.00,,Y,A,-,N,,,,,,,,,,Y,3,0,1,1,A,-,01,23152,A,N,F,I,A,A,H,-,A,D,0,,,,,Y,Y,A,08,0,1,0,0,0,0,0,0,0,"- ","- ",36.722560000000001,-121.78832,MONTEREY,UNINCORPORATED,-121.78853986999999,36.705039999999997
7003080,2015,2015-08-05,2706,2015-06-30,1612,250,MPD,2,5,4,2706,0,0,0,,0,001,"LIGHTHOUSE AV",DRAKE,0.00,,Y,A,-,N,,,,,,,,,,Y,4,0,1,2,A,-,12,21453,A,N,A,C,A,A,H,-,A,A,0,,,,,Y,,A,07,0,0,1,0,0,0,0,0,0,"- ","- ",,,MONTEREY,MONTEREY,-121.89993997000001,36.611450050000002
7003220,2015,2015-08-05,2706,2015-07-14,1803,635,MPD,2,5,4,2706,0,0,0,,0,002,"LIGHTHOUSE AV","TYLER ST",83.00,S,N,A,-,N,,,,,,,,,,N,4,0,2,2,A,-,21,22106,,N,C,C,A,A,H,-,A,D,0,,,,,Y,,A,08,0,0,2,0,0,0,0,0,0,"- ","- ",,,MONTEREY,MONTEREY,-121.89285352,36.601410270000002
7004781,2015,2016-12-22,9730,2015-07-21,1725,19529,,2,2,9,2700,0,1,3,,2,062,"RT 1","RT 68",50.00,N,N,A,-,Y,MON,5,1,-,R,78.130,H,-,N,Y,4,0,2,2,A,-,03,22350,,N,C,C,A,A,H,-,A,D,1,,,,,Y,,A,01,0,0,2,0,0,0,0,0,0,"- ","- ",39.595669999999998,-121.86733,MONTEREY,UNINCORPORATED,-121.86827341,36.595123530000002
7004831,2015,2015-07-22,2706,2015-06-20,2243,395,2706,6,5,4,2706,0,0,0,,0,002,"DEL MONTE AV","FIGUEROA ST",0.00,,Y,A,-,N,,,,,,,,,,N,4,0,1,2,A,-,21,22106,,N,C,C,A,A,H,-,C,A,0,,,,,Y,,A,07,0,0,1,0,0,0,0,0,0,"- ","- ",,,MONTEREY,MONTEREY,-121.8900399,36.600260069999997
7004832,2015,2015-07-23,2706,2015-06-18,1845,234,2706,4,5,4,2706,0,0,0,,0,002,"LIGHTHOUSE AV","DEL MONTE AV",25.00,N,N,A,-,N,,,,,,,,,,N,4,0,4,2,A,-,03,22350,,N,C,C,A,A,H,-,A,A,0,,,,,Y,,A,01,0,0,4,0,0,0,0,0,0,"- ","- ",,,MONTEREY,MONTEREY,-121.89238526,36.600718190000002
7004834,2015,2015-07-22,2706,2015-06-27,1930,428,2706,6,5,4,2706,0,0,0,,0,002,"TOYON DR","FERNWOOD AV",151.00,E,N,A,-,N,,,,,,,,,,Y,3,0,1,1,A,-,08,22107,,N,E,I,A,A,H,-,A,D,0,,,,,Y,,A,01,0,1,0,0,0,0,0,0,0,"- ","- ",,,MONTEREY,MONTEREY,-121.91426788,36.58984074
7022235,2015,2017-01-28,9730,2015-07-26,2237,020621,,7,3,9,2700,0,3,5,,2,006,"ESPINOSA RD","RT 183",200.00,E,N,A,-,Y,MON,5,183,-,R,7.651,I,6,N,Y,2,0,1,1,A,-,08,22107,,N,E,I,A,A,H,-,C,D,0,,,Y,,Y,,C,02,1,0,0,0,0,0,0,0,1,"- ","- ",,,MONTEREY,UNINCORPORATED,-121.74027044,36.74497538
7022238,2015,2015-08-24,9730,2015-07-23,0620,14584,,4,1,9,2700,0,3,5,,2,003,"RIVER RD","CHUALAR RIVER RD",5808.00,N,N,A,-,N,,,,,,,,,,Y,3,0,3,2,A,-,05,21460,,F,H,C,A,A,H,-,A,D,0,,,,,Y,,A,01,0,1,2,0,0,0,0,0,0,"- ","- ",,,MONTEREY,UNINCORPORATED,-121.56531576,36.565108539999997
7022239,2015,2015-08-18,9730,2015-07-26,1603,020514,,7,2,9,2700,0,2,4,,1,023,"CARMEL VALLEY RD","MERCURIO RD",700.00,W,N,A,-,N,,,,,,,,,,Y,3,0,1,1,A,-,08,22107,,N,E,I,A,A,H,-,A,D,0,,,,,Y,,A,01,0,1,0,0,0,0,0,0,0,"- ","- ",,,MONTEREY,UNINCORPORATED,,
7022703,2015,2015-09-03,2710,2015-06-21,1231,40383,MARIN,7,5,4,2710,0,0,0,,0,02B,"FREMONT BL","FREMONT BL 1200 BLK",0.00,,-,A,-,N,,,,,,,,,,Y,4,0,1,2,A,-,04,21703,,N,C,C,A,A,H,-,A,D,0,,,,,Y,,A,01,0,0,1,0,0,0,0,0,0,"- ","- ",,,MONTEREY,SEASIDE,,
7023315,2015,2015-08-15,2710,2015-06-13,0754,36059,MARIN,6,5,4,2710,0,0,0,,0,,"FREMONT BL","HARCOURT AV",0.00,,Y,A,-,N,,,,,,,,,,N,4,0,1,2,A,-,12,22450,A,N,H,G,A,A,H,-,A,D,0,,Y,,,Y,,-,,0,0,1,0,0,0,1,0,0,"- ","- ",,,MONTEREY,SEASIDE,-121.84824995,36.603800110000002
7023319,2015,2015-08-15,2710,2015-06-11,1443,40386,MARIN,4,5,4,2710,0,0,0,,0,016,"CALIFORNIA AV","MONTEREY RD",0.00,,Y,A,-,N,,,,,,,,,,N,3,0,2,2,A,-,09,21804,A,N,B,D,A,A,H,-,A,A,0,,,,,Y,,A,07,0,1,1,0,0,0,0,0,0,"- ","- ",,,MONTEREY,SEASIDE,-121.81479994999999,36.639400090000002
7023337,2015,2015-08-25,2706,2015-07-22,2235,395,2706,3,5,4,2706,0,0,0,,0,003,"MARK THOMAS DR","SLOAT AV",0.00,,Y,A,-,N,,,,,,,,,,N,4,0,2,2,A,-,17,21209,A,N,D,C,A,A,H,-,C,A,0,,,,,Y,,A,01,0,0,2,0,0,0,0,0,0,"- ","- ",,,MONTEREY,MONTEREY,-121.87712999,36.592810010000001
7023451,2015,2015-08-25,2710,2015-06-10,1735,,,3,5,4,2710,0,0,0,,0,,"FREMONT BL","SAN PABLO AV",150.00,N,N,A,-,N,,,,,,,,,,Y,4,0,1,2,A,-,03,22350,,N,C,C,A,A,H,-,A,D,0,,,,,Y,,-,,0,0,1,0,0,0,0,0,0,"- ","- ",,,MONTEREY,SEASIDE,-121.84252066000001,36.615302800000002
7024604,2015,2016-05-23,2712,2015-06-19,1809,372,2712,5,5,3,2712,0,0,0,,0,001,"IMJIN PW","RESERVATION RD",0.00,,Y,A,-,N,,,,,,,,,,Y,4,0,1,2,A,-,03,22350,,N,C,C,A,A,H,-,A,A,0,,,Y,,Y,,C,02,0,0,1,0,0,0,0,0,1,"- ","- ",,,MONTEREY,MARINA,-121.76659991,36.671430030000003
7027233,2015,2015-08-26,9730,2015-07-29,1520,015297,,3,2,9,2700,0,3,5,,2,006,"MONTE RD","NASHUA RD",35.00,S,N,B,-,N,,,,,,,,,,Y,4,0,1,3,A,-,03,22350,,F,E,I,A,A,H,-,A,A,0,,,,,Y,,D,22,0,0,1,0,0,0,0,0,0,"- ","- ",36.741019999999999,-121.76653,MONTEREY,UNINCORPORATED,-121.76638674,36.741093569999997
7027234,2015,2016-12-22,9730,2015-07-31,0740,12332,,5,1,9,2700,0,1,2,,1,070,"RT 101","RT 156",100.00,S,N,B,-,Y,MON,5,101,-,-,95.420,H,-,N,Y,2,0,1,2,A,-,03,22350,,N,D,C,A,B,H,-,A,D,5,,,,Y,Y,,A,01,1,0,0,0,0,0,0,0,0,"- ","- ",,,MONTEREY,UNINCORPORATED,-121.66756288000001,36.789286230000002
7027236,2015,2017-01-14,9730,2015-07-31,1710,20621,,5,2,4,2710,0,1,3,,2,062,"RT 1","RT 218",400.00,N,N,B,-,Y,MON,5,1,-,R,79.450,H,-,N,Y,3,0,2,2,A,-,03,22350,,N,C,C,A,A,H,-,A,D,1,,,,,Y,,A,01,0,1,1,0,0,0,0,0,0,"- ","- ",36.611660000000001,-121.85549,MONTEREY,SEASIDE,-121.85649961999999,36.610888850000002
7004835,2015,2015-07-22,2706,2015-06-18,1304,590,MPD,4,5,4,2706,0,0,0,,0,002,"MUNRAS AV","ALAMEDA AV",98.00,S,N,A,-,N,,,,,,,,,,N,4,0,1,2,A,-,03,22350,,N,C,C,A,A,D,-,A,A,0,,,,,Y,,A,01,0,0,1,0,0,0,0,0,0,"- ","- ",,,MONTEREY,MONTEREY,-121.89815168,36.588498659999999
7005013,2015,2015-07-24,2703,2015-07-08,1757,9221,2703,3,5,2,2703,0,0,0,,0,ALL,"5TH ST","BELDEN ST",0.00,,Y,A,-,N,,,,,,,,,,N,4,0,1,2,A,-,10,21950,A,N,G,B,B,A,H,-,A,A,0,Y,,,,Y,,A,01,0,0,1,0,1,0,0,0,0,"- ","- ",,,MONTEREY,GONZALES,-121.44472996,36.508150030000003
7005203,2015,2015-07-27,2708,2015-06-24,1531,30350,,3,5,6,2708,0,0,0,,0,012,"WILLIAMS RD","EAST MARKET ST",0.00,,Y,A,-,N,,,,,,,,,,Y,4,0,1,2,A,-,12,21453,A,N,D,C,A,A,H,-,A,A,0,,,,,Y,,-,,0,0,1,0,0,0,0,0,0,"- ","- ",,,MONTEREY,SALINAS,-121.61505998,36.675080080000001
7005204,2015,2015-07-25,2708,2015-06-18,1824,18925,SALIN,4,5,6,2708,0,0,0,,0,003,"EL DORADO DR","ARCADIA WY",0.00,,Y,A,-,N,,,,,,,,,,Y,3,0,3,2,A,-,08,22100,B,N,D,C,A,A,H,-,A,D,0,,,,,Y,,-,,0,1,2,0,0,0,0,0,0,"- ","- ",,,MONTEREY,SALINAS,-121.63376986,36.713900109999997
7005207,2015,2015-07-25,2708,2015-06-21,2001,30350,,7,5,6,2708,0,0,0,,0,012,"WILLIAMS RD","QUILLA ST",0.00,,Y,A,-,N,,,,,,,,,,Y,4,0,2,3,A,-,09,21802,A,N,D,C,A,A,H,-,A,D,0,,,,,Y,,-,,0,0,2,0,0,0,0,0,0,"- ","- ",,,MONTEREY,SALINAS,-121.61806989999999,36.673350020000001
7005208,2015,2015-07-25,2708,2015-06-28,1842,30433,,7,5,6,2708,0,0,0,,0,005,"CHAPARRAL ST","SONORA WY",0.00,,Y,A,-,N,,,,,,,,,,Y,3,0,3,3,A,-,09,21801,A,N,D,C,A,A,H,-,A,D,0,,,,,Y,,A,01,0,3,0,0,0,0,0,0,0,"- ","- ",,,MONTEREY,SALINAS,-121.64160994,36.701830039999997
7005211,2015,2015-07-25,2708,2015-06-07,2307,42636,,7,5,6,2708,0,0,0,,0,005,"LUPIN DR","IRIS DR",0.00,,Y,B,-,N,,,,,,,,,,Y,4,0,1,4,A,-,08,22100,B,N,C,E,A,A,H,-,C,D,0,,,,,Y,,-,,0,0,1,0,0,0,0,0,0,"- ","- ",,,MONTEREY,SALINAS,-121.65373999000001,36.693240009999997
7005215,2015,2015-07-25,2708,2015-06-27,0950,19595,,6,5,6,2708,0,0,0,,0,005,"LINWOOD DR","RAINIER DR",0.00,,Y,A,-,N,,,,,,,,,,Y,4,0,2,2,A,-,12,22450,,N,B,C,A,A,H,-,A,D,0,,,,,Y,,-,,0,0,2,0,0,0,0,0,0,"- ","- ",,,MONTEREY,SALINAS,-121.64221999999999,36.702820029999998
7005219,2015,2015-07-25,2708,2015-06-27,1654,47175,SALIN,6,5,6,2708,0,0,0,,0,,"SAN JUAN GRADE RD","NORTH MAIN ST",300.00,E,N,B,-,N,,,,,,,,,,Y,3,0,1,2,A,-,09,21804,A,F,E,I,A,A,H,-,A,A,0,,,,,Y,,-,,0,1,0,0,0,0,0,0,0,"- ","- ",,,MONTEREY,SALINAS,-121.65447626,36.717478870000001
7005224,2015,2015-07-25,2708,2015-06-23,2243,49532,SALIN,2,5,6,2708,0,0,0,,0,003,"EAST BORONDA RD",MCKINNON,700.00,E,N,A,-,N,,,,,,,,,,Y,4,0,2,1,A,-,03,22350,,N,E,I,A,A,H,-,C,A,0,,,,,Y,,-,,0,0,2,0,0,0,0,0,0,"- ","- ",,,MONTEREY,SALINAS,-121.64131582,36.716701
7005228,2015,2015-07-29,2708,2015-06-16,1749,08067,,2,5,6,2708,0,0,0,,0,010,"EAST MARKET ST","N HEBBRON AV",50.00,W,N,A,-,N,,,,,,,,,,N,4,0,2,2,A,-,03,22350,,N,C,C,A,A,H,-,A,A,0,,,,,Y,,-,,0,0,2,0,0,0,0,0,0,"- ","- ",,,MONTEREY,SALINAS,-121.63188912,36.67656762
7005232,2015,2015-07-27,2708,2015-06-08,1555,30349,SALIN,1,5,6,2708,0,0,0,,0,008,"JOHN ST","PAJARO ST",0.00,,Y,A,-,N,,,,,,,,,,Y,4,0,2,2,A,-,12,21453,A,N,A,C,A,A,H,-,A,A,0,,,,,Y,,-,,0,0,2,0,0,0,0,0,0,"- ","- ",,,MONTEREY,SALINAS,-121.65220988,36.670500060000002
7005236,2015,2017-01-04,2708,2015-06-07,1412,30510,,7,5,6,2708,0,0,0,,0,001,"BORONDA RD","RT 101",300.00,E,N,A,-,Y,MON,5,101,-,R,91.292,R,4,N,Y,4,0,2,4,A,-,03,22350,A,N,C,C,A,A,H,-,A,A,0,,,,,Y,,-,,0,0,2,0,0,0,0,0,0,"- ",EO,,,MONTEREY,SALINAS,-121.6586449,36.725950589999997
7005255,2015,2015-07-27,2708,2015-06-26,1423,53260,,5,5,6,2708,0,0,0,,0,011,"DEL MONTE AV","GALINDO ST",0.00,,Y,A,-,N,,,,,,,,,,N,3,0,2,2,A,-,09,21802,A,F,D,C,A,A,H,-,A,D,0,,,,,Y,,-,,0,1,1,0,0,0,0,0,0,"- ","- ",,,MONTEREY,SALINAS,-121.60985988,36.687600089999997
7005259,2015,2015-07-27,2708,2015-06-12,1004,27345,,5,5,6,2708,0,0,0,,0,,"NORTH MAIN ST","EAST BERNAL DR",0.00,,Y,A,-,N,,,,,,,,,,Y,4,0,3,3,A,-,03,22350,,N,C,C,A,A,H,-,A,A,0,,,,,Y,,-,,0,0,3,0,0,0,0,0,0,"- ","- ",,,MONTEREY,SALINAS,-121.65227999,36.689970029999998
7005260,2015,2015-07-30,2708,2015-06-14,1710,74426,,7,5,6,2708,0,0,0,,0,003,"EAST BORONDA RD","NATIVIDAD RD",595.00,E,N,B,-,N,,,,,,,,,,Y,4,0,1,3,A,-,04,21703,,N,-,C,A,A,H,-,A,A,0,,,,,Y,,-,,0,0,1,0,0,0,0,0,0,"- ","- ",,,MONTEREY,SALINAS,-121.62149814999999,36.715392370000004
7005263,2015,2015-07-27,2708,2015-06-20,1304,53269,,6,5,6,2708,0,0,0,,0,001,"NORTH MAIN ST","RUSSELL RD",25.00,S,N,A,-,N,,,,,,,,,,Y,4,0,1,2,A,-,03,22350,,N,C,C,A,A,H,-,A,A,0,,,,,Y,,-,,0,0,1,0,0,0,0,0,0,"- ","- ",,,MONTEREY,SALINAS,-121.65621910999999,36.734361710000002
7005264,2015,2015-07-30,2708,2015-06-11,1900,07661,,4,5,6,2708,0,0,0,,0,005,"REATA ST","DORORO DR",51.00,E,N,A,-,N,,,,,,,,,,Y,4,0,1,4,A,-,01,23152,A,N,B,B,E,A,H,-,A,D,0,Y,,,,Y,Y,-,,0,0,1,0,1,0,0,0,0,"- ","- ",,,MONTEREY,SALINAS,-121.64721204,36.702273409999997
7005267,2015,2015-07-27,2708,2015-06-24,1835,69054,,3,5,6,2708,0,0,0,,0,005,CHAPARRAL,SONORA,0.00,,Y,A,-,N,,,,,,,,,,Y,4,0,2,3,A,-,03,22350,,F,D,C,A,A,H,-,A,-,0,,,,,Y,Y,-,,0,0,2,0,0,0,0,0,0,"- ","- ",,,MONTEREY,SALINAS,-121.64160994,36.701830039999997
7005268,2015,2016-05-23,2708,2015-06-01,1233,79223,,1,5,6,2708,0,0,0,,0,,"SMITH ST","SAN BENITO ST",0.00,,Y,A,-,N,,,,,,,,,,Y,3,0,4,3,A,-,03,22350,,N,D,C,A,A,H,-,A,D,0,,,,,Y,,-,,0,1,3,0,0,0,0,0,0,"- ","- ",,,MONTEREY,SALINAS,-121.63686997000001,36.672990089999999
7005271,2015,2015-07-27,2708,2015-06-26,1601,30433,,5,5,6,2708,0,0,0,,0,002,"NORTH MAIN ST",ROCHEX,0.00,,Y,A,-,N,,,,,,,,,,Y,4,0,1,2,A,-,09,21801,A,N,D,C,A,A,H,-,A,D,0,,,,,Y,,A,01,0,0,1,0,0,0,0,0,0,"- ","- ",,,MONTEREY,SALINAS,-121.65223989,36.700540029999999
7005272,2015,2015-07-25,2708,2015-06-01,1158,75635,SALIN,1,5,6,2708,0,0,0,,0,,"EAST LAUREL DR",GRANADA,300.00,W,N,A,-,N,,,,,,,,,,N,4,0,1,2,A,-,10,21952,,N,C,B,E,A,H,-,A,D,0,Y,,,,Y,,-,,0,0,1,0,1,0,0,0,0,"- ","- ",,,MONTEREY,SALINAS,-121.64135210000001,36.69695522
7005275,2015,2015-07-27,2708,2015-06-28,1047,53260,,7,5,6,2708,0,0,0,,0,010,"SOUTH SANBORN RD","JOHN ST",0.00,,Y,A,-,N,,,,,,,,,,N,4,0,2,2,A,-,03,22350,,N,C,C,A,A,H,-,A,A,0,,,,,Y,,-,,0,0,2,0,0,0,0,0,0,"- ","- ",,,MONTEREY,SALINAS,-121.62772993,36.669300020000001
7005279,2015,2015-07-27,2708,2015-06-30,0510,18355,2708,2,5,6,2708,0,0,0,,0,010,"N MADEIRA",FREMONT,30.00,N,N,A,-,N,,,,,,,,,,N,4,0,1,2,A,-,03,22350,,F,C,C,A,A,H,-,C,D,0,,,,,Y,,-,,0,0,1,0,0,0,0,0,0,"- ","- ",,,MONTEREY,SALINAS,-121.63780409,36.678131409999999
7030126,2015,2017-01-28,2711,2015-07-31,1503,4141,2711,5,5,3,2711,0,0,0,,0,002,"METZ RD","BRYANT CANYON RD",87.00,S,N,A,-,Y,MON,5,146,-,-,1.930,H,-,W,Y,2,0,1,2,-,-,"- ",,,N,A,I,A,A,H,-,A,D,0,,,,,Y,,-,"- ",1,0,0,0,0,0,0,0,0,"- ","- ",,,MONTEREY,SOLEDAD,-121.31374013999999,36.426352909999999
7030130,2015,2016-02-16,2711,2015-07-15,0813,5617,2711,3,5,3,2711,0,0,0,,0,001,"TICINO ST","ANDALUCIA DR",69.00,N,N,A,-,N,,,,,,,,,,N,3,0,1,2,A,-,21,22106,,N,H,E,A,A,H,-,A,D,0,,,,Y,Y,,F,26,0,1,0,0,0,0,0,0,0,"- ","- ",,,MONTEREY,SOLEDAD,-121.32252561,36.429135889999998
7030525,2015,2017-01-13,2706,2015-08-11,1641,627,2706,2,5,4,2706,0,0,0,,0,003,"RT 68","OLMSTED RD",722.00,W,N,A,-,Y,MON,5,68,-,-,5.430,H,-,E,Y,2,0,1,3,A,-,03,22350,,N,C,C,A,A,H,-,A,A,0,,,,,Y,,D,22,1,0,0,0,0,0,0,0,0,"- ","- ",,,MONTEREY,MONTEREY,-121.85205189,36.583704580000003
7030537,2015,2015-09-09,2706,2015-08-02,1530,301,MPD,7,5,4,2706,0,0,0,,0,001,"LIGHTHOUSE AV","DRAKE AV",0.00,,Y,A,-,N,,,,,,,,,,N,4,0,1,3,A,-,03,22350,,N,C,C,A,A,H,-,A,A,0,,,,,Y,,D,22,0,0,1,0,0,0,0,0,0,"- ","- ",,,MONTEREY,MONTEREY,-121.89993997000001,36.611450050000002
7030731,2015,2015-09-15,2706,2015-08-12,1033,505,2706,3,5,4,2706,0,0,0,,0,001,"PRESCOTT AV","FILMORE ST",94.00,E,N,A,-,N,,,,,,,,,,N,3,0,1,1,B,-,22,,,N,F,I,A,A,A,-,A,D,0,,Y,,,Y,,-,"- ",0,1,0,0,0,0,1,0,0,"- ","- ",,,MONTEREY,MONTEREY,-121.91091672,36.610167130000001
7030739,2015,2015-09-21,2706,2015-08-02,1517,939,2706,7,5,4,2706,0,0,0,,0,001,"DRAKE AV","LIGHTHOUSE AV",0.00,,Y,A,-,N,,,,,,,,,,N,4,0,1,2,A,-,10,21952,,N,G,G,A,A,H,-,A,A,0,,Y,,,Y,,A,07,0,0,1,0,0,0,1,0,0,"- ","- ",,,MONTEREY,MONTEREY,-121.89993997000001,36.611450050000002
7030743,2015,2015-09-15,2706,2015-08-04,2140,191,2706,2,5,4,2706,0,0,0,,0,003,"DEL MONTE AV","CASA VERDE WY",0.00,,Y,A,-,N,,,,,,,,,,N,3,0,1,2,A,-,11,21456,B,N,G,B,D,A,H,-,C,A,0,Y,,,,Y,Y,N,60,0,1,0,0,1,0,0,0,0,"- ","- ",,,MONTEREY,MONTEREY,-121.86659989,36.602080010000002