CASE_ID,ACCIDENT_YEAR,PROC_DATE,JURIS,COLLISION_DATE,COLLISION_TIME,OFFICER_ID,REPORTING_DISTRICT,DAY_OF_WEEK,CHP_SHIFT,POPULATION,CNTY_CITY_LOC,SPECIAL_COND,BEAT_TYPE,CHP_BEAT_TYPE,CITY_DIVISION_LAPD,CHP_BEAT_CLASS,BEAT_NUMBER,PRIMARY_RD,SECONDARY_RD,DISTANCE,DIRECTION,INTERSECTION,WEATHER_1,WEATHER_2,STATE_HWY_IND,CALTRANS_COUNTY,CALTRANS_DISTRICT,STATE_ROUTE,ROUTE_SUFFIX,POSTMILE_PREFIX,POSTMILE,LOCATION_TYPE,RAMP_INTERSECTION,SIDE_OF_HWY,TOW_AWAY,COLLISION_SEVERITY,NUMBER_KILLED,NUMBER_INJURED,PARTY_COUNT,PRIMARY_COLL_FACTOR,PCF_CODE_OF_VIOL,PCF_VIOL_CATEGORY,PCF_VIOLATION,PCF_VIOL_SUBSECTION,HIT_AND_RUN,TYPE_OF_COLLISION,MVIW,PED_ACTION,ROAD_SURFACE,ROAD_COND_1,ROAD_COND_2,LIGHTING,CONTROL_DEVICE,CHP_ROAD_TYPE,PEDESTRIAN_ACCIDENT,BICYCLE_ACCIDENT,MOTORCYCLE_ACCIDENT,TRUCK_ACCIDENT,NOT_PRIVATE_PROPERTY,ALCOHOL_INVOLVED,STWD_VEHTYPE_AT_FAULT,CHP_VEHTYPE_AT_FAULT,COUNT_SEVERE_INJ,COUNT_VISIBLE_INJ,COUNT_COMPLAINT_PAIN,COUNT_PED_KILLED,COUNT_PED_INJURED,COUNT_BICYCLIST_KILLED,COUNT_BICYCLIST_INJURED,COUNT_MC_KILLED,COUNT_MC_INJURED,PRIMARY_RAMP,SECONDARY_RAMP,LATITUDE,LONGITUDE,COUNTY,CITY,POINT_X,POINT_Y
7044296,2015,2015-09-10,2703,2015-08-21,1524,9221,2703,5,5,2,2703,0,0,0,,0,ALL,"ALTA ST","C ST",0.00,,Y,A,-,N,,,,,,,,,,N,4,0,2,2,A,-,09,21804,A,N,D,D,A,A,H,-,A,D,0,,,,,Y,,A,01,0,0,2,0,0,0,0,0,0,"- ","- ",,,MONTEREY,GONZALES,-121.43977988,36.501970100000001
7044570,2015,2015-09-10,2710,2015-07-04,1751,33762,,6,5,4,2710,0,0,0,,0,,"NOCHE BUENA ST","NOCHE BUENA ST 1024",0.00,,Y,A,-,N,,,,,,,,,,Y,3,0,1,1,A,-,08,22107,,N,E,I,A,A,H,-,A,D,0,,,,,Y,,-,,0,1,0,0,0,0,0,0,0,"- ","- ",,,MONTEREY,SEASIDE,,
7045579,2015,2015-09-14,2706,2015-08-18,1004,939,MPD,2,5,4,2706,0,0,0,,0,001,"DAVID AV","HAWTHORNE ST",0.00,,Y,A,-,N,,,,,,,,,,N,4,0,1,2,A,-,10,21950,A,N,-,B,B,A,H,-,A,A,0,Y,,,,Y,,A,07,0,0,1,0,1,0,0,0,0,"- ","- ",,,MONTEREY,MONTEREY,-121.90538995,36.616380040000003
7045580,2015,2015-09-14,2706,2015-08-20,1313,142,2706,4,5,4,2706,0,0,0,,0,002,"DEL MONTE AV","CAMINO AGUAJITO",130.00,W,N,A,-,N,,,,,,,,,,N,4,0,3,3,A,-,03,22350,,N,C,C,A,A,H,-,A,A,0,,,,,Y,,A,01,0,0,3,0,0,0,0,0,0,"- ","- ",,,MONTEREY,MONTEREY,-121.88402297,36.599939999999997
7045603,2015,2015-09-14,2704,2015-07-21,1938,4845,2704,2,5,3,2704,0,0,0,,0,004,"ELM AV","WALKER LN",0.00,,Y,A,-,N,,,,,,,,,,Y,4,0,1,2,A,-,09,21801,A,N,D,D,A,A,H,-,A,A,0,,,,,Y,,A,08,0,0,1,0,0,0,0,0,0,"- ","- ",,,MONTEREY,GREENFIELD,-121.23702992,36.31994006
7005280,2015,2015-07-25,2708,2015-06-10,0441,53268,,3,5,6,2708,0,0,0,,0,012,"EAST LAUREL DR","2ND AV",0.00,,Y,A,-,N,,,,,,,,,,Y,4,0,1,2,A,-,09,21802,A,N,D,C,A,A,H,-,C,A,0,,,,,Y,,-,,0,0,1,0,0,0,0,0,0,"- ","- ",,,MONTEREY,SALINAS,-121.6167299,36.678110029999999
7005319,2015,2015-07-24,2708,2015-07-01,0742,18355,2708,3,5,6,2708,0,0,0,,0,003,NATIVIDAD,"MEDICAL CENTER DR",0.00,,Y,A,-,N,,,,,,,,,,Y,3,0,1,2,A,-,09,21804,A,N,D,C,A,A,H,-,A,D,0,,,,,Y,,-,,0,1,0,0,0,0,0,0,0,"- ","- ",,,MONTEREY,SALINAS,-121.63553985999999,36.698840070000003
7005339,2015,2016-06-14,2708,2015-07-01,1810,18925,SALIN,3,5,6,2708,0,0,0,,0,005,"EAST BERNAL DR","ROSARITA DR",0.00,,Y,A,-,N,,,,,,,,,,Y,4,0,1,2,A,-,09,21801,A,N,D,C,A,A,H,-,A,D,0,,,,,Y,,-,,0,0,1,0,0,0,0,0,0,"- ","- ",,,MONTEREY,SALINAS,-121.64563991,36.691160060000001
7030873,2015,2015-09-03,2706,2015-07-18,2038,810,2706,6,5,4,2706,0,0,0,,0,001,"PIERCE ST","JEFFERSON ST",0.00,,Y,A,-,N,,,,,,,,,,N,3,0,1,2,A,-,11,21954,A,N,G,B,D,A,H,-,A,D,0,Y,,Y,,Y,Y,N,60,0,1,0,0,1,0,0,0,0,"- ","- ",,,MONTEREY,MONTEREY,-121.89705995,36.598530070000002
7030877,2015,2015-09-01,2706,2015-07-28,1140,590,2706,2,5,4,2706,0,0,0,,0,003,"DEL MONTE AV","SLOAT AV",5280.00,E,N,A,-,N,,,,,,,,,,N,3,0,1,2,A,-,03,22350,,N,C,C,A,A,H,-,A,A,0,,,,,Y,,A,07,0,1,0,0,0,0,0,0,0,"- ","- ",,,MONTEREY,MONTEREY,-121.86214665,36.603967310000002
7032064,2015,2016-07-25,9735,2015-08-13,2150,19330,,4,2,9,2700,0,3,5,,2,003,"JOLON RD","CENTRAL AV",1584.00,E,N,A,-,N,,,,,,,,,,Y,4,0,1,1,A,-,01,23152,A,N,F,A,A,A,H,-,D,D,0,,,,Y,Y,Y,G,25,0,0,1,0,0,0,0,0,0,TO,"- ",36.199060000000003,-121.15015,MONTEREY,UNINCORPORATED,-121.1440683,36.192441819999999
7032068,2015,2015-09-16,9735,2015-08-14,1450,19263,,5,2,9,2700,0,3,5,,2,002,"JOLON RD","NACIMIENTO LAKE DR",3696.00,N,N,A,-,N,,,,,,,,,,Y,2,0,4,1,A,-,08,22107,,N,F,A,A,A,H,-,A,D,0,,,,,Y,,D,22,1,2,1,0,0,0,0,0,0,"- ","- ",35.868229999999997,-120.84967,MONTEREY,UNINCORPORATED,-120.83583,35.873980000000003
7032551,2015,2015-08-21,2710,2015-06-19,2128,38383,,5,5,4,2710,0,0,0,,0,01B,"BROADWAY AV","CONTRA COSTA ST",66.00,W,N,A,-,N,,,,,,,,,,N,4,0,1,2,A,-,03,22350,,N,D,C,A,A,H,-,C,A,0,,,,,Y,,A,01,0,0,1,0,0,0,0,0,0,"- ","- ",,,MONTEREY,SEASIDE,-121.85231444,36.609321809999997
7032555,2015,2015-08-20,2710,2015-06-27,1047,36059,MARIN,6,5,4,2710,0,0,0,,0,,"FREMONT BL","MONTEREY RD",110.00,S,N,A,-,N,,,,,,,,,,N,4,0,1,2,A,-,03,22350,,N,C,C,A,-,H,-,A,A,0,,,,,Y,,-,,0,0,1,0,0,0,0,0,0,"- ","- ",,,MONTEREY,SEASIDE,-121.84117500000001,36.623451060000001
7033459,2015,2017-01-14,9730,2015-07-28,1340,017502,,2,1,9,2700,0,1,3,,1,022,"RT 1","SAN JOSE CREEK BRIDGE",450.00,S,N,A,-,Y,MON,5,1,-,-,71.090,H,-,S,N,4,0,3,2,A,-,03,22350,,N,C,C,A,A,H,-,A,D,0,,,,,Y,,A,01,0,0,3,0,0,0,0,0,0,"- ","- ",,,MONTEREY,UNINCORPORATED,-121.92802978,36.5218676
7033460,2015,2017-01-14,9730,2015-07-29,1448,20576,,3,2,9,2700,0,1,3,,1,022,"RT 1","RIBERA RD",2112.00,S,N,A,-,Y,MON,5,1,-,-,71.340,H,-,S,Y,3,0,1,2,A,-,08,22107,,N,D,C,A,A,H,-,A,D,0,,,,,Y,,A,01,0,1,0,0,0,0,0,0,0,"- ","- ",36.524270000000001,-121.92498000000001,MONTEREY,UNINCORPORATED,-121.92441731,36.524660779999998
7033461,2015,2016-12-22,9730,2015-07-27,1222,20933,,1,1,9,2700,0,1,2,,1,030,"RT 101","MAIN ST",4224.00,S,N,A,-,Y,MON,5,101,-,-,76.170,H,-,S,Y,4,0,1,2,A,-,03,22350,,N,C,C,A,A,D,-,A,A,1,,,,,Y,,A,07,0,0,1,0,0,0,0,0,0,"- ","- ",36.559010000000001,-121.50830999999999,MONTEREY,UNINCORPORATED,-121.50895873,36.560008969999998
7033462,2015,2016-12-22,9730,2015-07-26,1717,020990,,7,2,9,2700,0,1,2,,1,050,"RT 101","GOULD RD",310.00,S,N,A,-,Y,MON,5,101,-,-,82.510,H,-,N,Y,2,0,2,1,A,-,01,23152,A,N,F,I,A,A,H,-,A,D,5,,,,,Y,Y,A,01,1,0,1,0,0,0,0,0,0,"- ","- ",36.627940000000002,-121.5877,MONTEREY,UNINCORPORATED,-121.58649066,36.627407929999997
7034692,2015,2015-08-28,2708,2015-07-21,1400,34263,,2,5,6,2708,0,0,0,,0,009,"EAST BLANCO RD","BLANCO CIR",1200.00,W,N,A,-,N,,,,,,,,,,Y,3,0,1,1,A,-,08,22107,,N,F,A,A,A,H,-,A,D,0,,,,,Y,,-,,0,1,0,0,0,0,0,0,0,"- ","- ",,,MONTEREY,SALINAS,-121.63967665,36.652281430000002
7034720,2015,2016-06-14,2708,2015-07-07,1710,47175,SALIN,2,5,6,2708,0,0,0,,0,,"E ALISAL ST","WOOD ST",15.00,W,N,A,-,N,,,,,,,,,,Y,4,0,1,2,A,-,03,22350,,N,C,C,A,A,H,-,A,A,0,,,,,Y,,-,,0,0,1,0,0,0,0,0,0,"- ","- ",,,MONTEREY,SALINAS,-121.63545073,36.673705339999998
7034801,2015,2015-08-28,2708,2015-07-01,2021,30350,,3,5,6,2708,0,0,0,,0,012,"EAST LAUREL DR","KENNETH AV",0.00,,Y,A,-,N,,,,,,,,,,Y,3,0,1,3,A,-,09,21802,A,N,D,C,A,A,H,-,A,D,0,,,,,Y,,-,,0,1,0,0,0,0,0,0,0,"- ","- ",,,MONTEREY,SALINAS,-121.61494988,36.676060079999999
7034805,2015,2015-12-10,2708,2015-07-01,2307,76992,,3,5,6,2708,0,0,0,,0,,"GAVIOTA DR","TORONA WY",0.00,,Y,B,-,N,,,,,,,,,,Y,4,0,1,5,A,-,03,22350,,N,A,C,A,A,H,-,C,D,0,,,,,Y,Y,-,,0,0,1,0,0,0,0,0,0,"- ","- ",,,MONTEREY,SALINAS,-121.59928995999999,36.686420030000001
7034833,2015,2015-09-10,2708,2015-07-30,1018,49280,,4,5,6,2708,0,0,0,,0,010,"E MARKET","KINGS ST",0.00,,Y,B,-,N,,,,,,,,,,Y,4,0,1,2,A,-,12,22450,A,N,D,C,A,A,H,-,A,D,0,,,,,Y,,-,,0,0,1,0,0,0,0,0,0,"- ","- ",,,MONTEREY,SALINAS,-121.63903000000001,36.677280080000003
7034837,2015,2015-08-28,2708,2015-07-18,1804,30349,SALIN,6,5,6,2708,0,0,0,,0,,"NORTH MAIN ST","CHAPARRAL ST",100.00,N,N,A,-,N,,,,,,,,,,Y,2,0,1,2,A,-,09,21804,A,N,D,C,A,A,H,-,A,D,0,,,,,Y,,-,,1,0,0,0,0,0,0,0,0,"- ","- ",,,MONTEREY,SALINAS,-121.65297295000001,36.704301399999999
7034861,2015,2016-06-14,2708,2015-07-17,2143,18925,,5,5,6,2708,0,0,0,,0,005,"EAST LAUREL DR","NOICE DR",0.00,,Y,A,-,N,,,,,,,,,,N,4,0,1,2,A,-,09,21801,A,N,A,C,A,A,H,-,C,D,0,,,,,Y,,-,,0,0,1,0,0,0,0,0,0,"- ","- ",,,MONTEREY,SALINAS,-121.65084989,36.699130070000002
7034976,2015,2015-08-22,2708,2015-07-28,1119,13102,MUNIC,2,5,6,2708,0,0,0,,0,008,"MARKET WY","SOLEDAD ST",0.00,,Y,A,-,N,,,,,,,,,,Y,3,0,2,3,A,-,01,23153,A,F,H,B,F,A,H,-,A,D,0,Y,,,,Y,Y,-,,0,2,0,0,2,0,0,0,0,"- ","- ",,,MONTEREY,SALINAS,-121.65222989,36.678030040000003
7034980,2015,2015-08-22,2708,2015-07-29,2147,06235,,3,5,6,2708,0,0,0,,0,012,"GARNER AV","TOWT ST",0.00,,Y,A,-,N,,,,,,,,,,,4,0,1,2,A,-,09,21802,A,N,D,C,A,A,H,-,C,D,0,,,,,Y,,-,,0,0,1,0,0,0,0,0,0,"- ","- ",,,MONTEREY,SALINAS,-121.61185997,36.682490039999998
7034987,2015,2015-08-22,2708,2015-07-26,1801,84535,SALIN,7,5,6,2708,0,0,0,,0,010,"EAST MARKET ST","CARR AV",0.00,,Y,A,-,N,,,,,,,,,,,3,0,2,2,A,-,09,21802,A,N,-,C,A,A,H,-,A,A,0,,,,,Y,,-,,0,1,1,0,0,0,0,0,0,"- ","- ",,,MONTEREY,SALINAS,-121.63548986000001,36.676920109999998
7034991,2015,2015-08-22,2708,2015-07-05,1845,47175,SALIN,7,5,6,2708,0,0,0,,0,,"BORONDA RD","HEMINGWAY DR",0.00,,Y,B,-,N,,,,,,,,,,Y,4,0,2,2,A,-,09,21801,A,N,D,C,A,A,H,-,A,A,0,,,,,Y,,-,,0,0,2,0,0,0,0,0,0,"- ","- ",,,MONTEREY,SALINAS,-121.60973995000001,36.712210079999998
7008317,2015,2015-08-13,2706,2015-07-15,1532,320,2706,3,5,4,2706,0,0,0,,0,002,"TYLER ST","DEL MONTE AV",0.00,,Y,A,-,N,,,,,,,,,,Y,3,0,2,2,A,-,12,21453,A,N,D,C,A,A,H,-,A,A,0,,,,,Y,,A,01,0,1,1,0,0,0,0,0,0,"- ","- ",,,MONTEREY,MONTEREY,-121.89317991,36.600770109999999
7008403,2015,2015-08-05,2706,2015-07-13,0923,590,2706,1,5,4,2706,0,0,0,,0,002,"FREMONT ST","CAMINO AGUAJITO",183.00,W,N,A,-,N,,,,,,,,,,N,4,0,1,2,A,-,07,21658,A,N,C,C,A,A,H,-,A,A,0,,,,,Y,,A,01,0,0,1,0,0,0,0,0,0,"- ","- ",,,MONTEREY,MONTEREY,-121.88310344999999,36.593886529999999
7008431,2015,2015-08-05,2706,2015-07-17,1519,320,2706,5,5,4,2706,0,0,0,,0,002,"SOLEDAD DR","PACIFIC ST",0.00,,Y,A,-,N,,,,,,,,,,Y,4,0,2,2,A,-,09,21801,A,N,D,C,A,A,H,-,A,A,0,,,,,Y,,A,01,0,0,2,0,0,0,0,0,0,"- ","- ",,,MONTEREY,MONTEREY,-121.90286998000001,36.58425003
7008435,2015,2015-08-05,2706,2015-07-20,1154,142,2706,1,5,4,2706,0,0,0,,0,002,"LOGAN LN","MARTIN ST",75.00,N,N,A,-,N,,,,,,,,,,N,4,0,1,2,A,-,04,21703,,N,C,C,A,A,H,-,A,D,0,,,,,Y,,A,08,0,0,1,0,0,0,0,0,0,"- ","- ",,,MONTEREY,MONTEREY,-121.89901737,36.5936308
7011118,2015,2015-08-04,2706,2015-07-24,1554,939,2706,5,5,4,2706,0,0,0,,0,002,"DEL MONTE AV","CALLE PRINCIPAL",0.00,,Y,A,-,N,,,,,,,,,,N,4,0,1,2,A,-,03,22350,,N,C,C,A,A,H,-,A,A,0,,,,,Y,,M,94,0,0,1,0,0,0,0,0,0,"- ","- ",,,MONTEREY,MONTEREY,-121.89461996,36.601010019999997
7011364,2015,2015-09-19,2708,2015-08-03,1704,56525,2708,1,5,6,2708,0,0,0,,0,008,"W ALISAL ST","CHURCH ST",94.00,W,N,A,-,N,,,,,,,,,,Y,4,0,1,3,A,-,09,21804,A,N,B,C,A,A,H,-,A,D,0,,,,,Y,,A,01,0,0,1,0,0,0,0,0,0,"- ","- ",,,MONTEREY,SALINAS,-121.65824651,36.673338970000003
7011368,2015,2015-09-19,2708,2015-08-08,1739,15945,,6,5,6,2708,0,0,0,,0,,PACIFIC,"DEL MONTE AV",465.00,S,N,A,-,N,,,,,,,,,,N,3,0,1,2,A,-,10,21950,,N,C,B,E,A,H,-,A,D,0,Y,,,,Y,,N,60,0,1,0,0,1,0,0,0,0,"- ","- ",,,MONTEREY,SALINAS,-121.61339878,36.689436790000002
7011376,2015,2015-09-19,2708,2015-08-07,1645,30433,,5,5,6,2708,0,0,0,,0,,"JOHN ST",MCGOWAN,70.00,W,N,A,-,N,,,,,,,,,,N,4,0,1,2,A,-,03,22350,,N,C,C,A,A,H,-,A,D,0,,,,,Y,,D,22,0,0,1,0,0,0,0,0,0,"- ","- ",,,MONTEREY,SALINAS,-121.62404847000001,36.670353130000002
7011407,2015,2015-09-29,2708,2015-08-10,1334,7904,2,1,5,6,2708,0,0,0,,0,002,"NORTH MAIN ST","HARDEN PKWY",1000.00,S,N,A,-,N,,,,,,,,,,Y,4,0,2,2,A,-,09,21804,A,N,D,C,A,A,H,-,A,-,0,,,,,Y,,A,01,0,0,2,0,0,0,0,0,0,"- ","- ",,,MONTEREY,SALINAS,-121.65399480000001,36.710577069999999
7011411,2015,2015-09-29,2708,2015-08-11,1710,18925,,2,5,6,2708,0,0,0,,0,005,"EAST ALVIN DR","MARIN AV",0.00,,Y,A,-,N,,,,,,,,,,Y,3,0,2,2,A,-,09,21802,A,N,D,C,A,A,H,-,A,D,0,,,,,Y,,A,01,0,1,1,0,0,0,0,0,0,"- ","- ",,,MONTEREY,SALINAS,-121.6328099,36.704000049999998
7011413,2015,2015-09-21,2708,2015-08-01,1229,13102,MUNIC,6,5,6,2708,0,0,0,,0,007,"GEIL ST","SOUTH MAIN ST",0.00,,Y,A,-,N,,,,,,,,,,N,3,0,1,2,A,-,12,22450,A,N,D,G,A,A,H,-,A,A,0,,Y,,,Y,,-,,0,1,0,0,0,0,1,0,0,"- ","- ",,,MONTEREY,SALINAS,-121.65675994,36.665420040000001
7011415,2015,2015-09-29,2708,2015-08-18,2051,76997,2708,2,5,6,2708,0,0,0,,0,002,"HARDEN PKWY","REGENCY CIR",0.00,,Y,A,-,N,,,,,,,,,,Y,2,0,4,3,A,-,03,22350,,N,D,C,A,A,H,-,C,D,0,,,,,Y,,-,"- ",3,0,1,0,0,0,0,0,0,"- ","- ",,,MONTEREY,SALINAS,-121.64925986,36.71347008
7011419,2015,2015-09-19,2708,2015-08-10,0840,53260,,1,5,6,2708,0,0,0,,0,012,"TOWT ST","EAST MARKET ST",0.00,,Y,B,-,N,,,,,,,,,,N,4,0,1,2,A,-,07,21658,A,N,B,C,A,A,H,-,A,D,0,,,,,Y,,A,07,0,0,1,0,0,0,0,0,0,"- ","- ",,,MONTEREY,SALINAS,-121.62160987,36.676710030000002
7011423,2015,2015-09-19,2708,2015-08-01,0913,75635,SALIN,6,5,6,2708,0,0,0,,0,,"EAST BLANCO RD","PAJARO ST",900.00,E,N,A,-,N,,,,,,,,,,Y,3,0,1,1,A,-,01,23152,A,N,A,I,A,A,H,-,A,D,0,,,,,Y,Y,A,01,0,1,0,0,0,0,0,0,0,"- ","- ",,,MONTEREY,SALINAS,-121.65476989,36.654419240000003
7011424,2015,2015-09-29,2708,2015-08-07,1921,30433,,5,5,6,2708,0,0,0,,0,012,"EAST MARKET ST","TOWT ST",0.00,,Y,A,-,N,,,,,,,,,,Y,2,0,4,3,A,-,12,22450,A,N,D,C,A,A,H,-,A,D,0,,,,,Y,,A,01,1,1,2,0,0,0,0,0,0,"- ","- ",,,MONTEREY,SALINAS,-121.62160987,36.676710030000002
7011427,2015,2015-09-19,2708,2015-08-06,1451,34263,,4,5,6,2708,0,0,0,,0,012,"EAST MARKET ST","EUCALYPTUS DR",0.00,,Y,B,-,N,,,,,,,,,,Y,4,0,1,2,A,-,12,22450,A,N,D,C,A,A,H,-,A,A,0,,,,,Y,,A,01,0,0,1,0,0,0,0,0,0,"- ","- ",,,MONTEREY,SALINAS,-121.62343998,36.677149999999997
7011431,2015,2015-09-19,2708,2015-08-09,2304,30348,,7,5,6,2708,0,0,0,,0,005,"WEST LAUREL DR","ADAMS ST",0.00,,Y,A,-,N,,,,,,,,,,Y,3,0,2,3,A,-,01,23152,A,F,A,C,A,A,H,-,C,A,0,,,,,Y,Y,A,01,0,1,1,0,0,0,0,0,0,"- ","- ",,,MONTEREY,SALINAS,-121.66245999,36.698010089999997
7011435,2015,2015-09-19,2708,2015-08-01,0521,53268,,6,5,6,2708,0,0,0,,0,010,"EAST MARKET ST","SHORT ST",0.00,,Y,A,-,N,,,,,,,,,,Y,4,0,1,2,A,-,09,21802,A,N,D,C,A,A,H,-,B,A,0,,,,,Y,,A,01,0,0,1,0,0,0,0,0,0,"- ","- ",,,MONTEREY,SALINAS,-121.62889997000001,36.676380100000003
7011439,2015,2015-09-29,2708,2015-08-08,0555,25182,,6,5,6,2708,0,0,0,,0,,"EAST LAUREL DR","CONSTITUTION BL",0.00,,Y,A,-,N,,,,,,,,,,Y,4,0,3,2,A,-,09,21453,C,N,D,C,A,A,H,-,B,A,0,,,,,Y,,A,07,0,0,3,0,0,0,0,0,0,"- ","- ",,,MONTEREY,SALINAS,-121.63230994,36.694490109999997
7011940,2015,2015-08-10,9730,2015-07-19,2000,020233,,7,2,9,2700,0,2,4,,1,073,"SAN MIGUEL CANYON RD","ECHO VALLEY RD",528.00,S,N,A,-,N,,,,,,,,,,Y,4,0,2,1,A,-,01,23152,A,N,F,I,A,A,H,-,A,D,0,,,,,Y,Y,A,01,0,0,2,0,0,0,0,0,0,"- ","- ",36.820480000000003,-121.67298,MONTEREY,UNINCORPORATED,-121.67292946000001,36.820285509999998
7011944,2015,2015-08-10,9730,2015-07-15,1639,017803,,3,2,9,2700,0,3,5,,2,004,"OLD STAGE RD","ENCINAL RD",1056.00,N,N,B,-,N,,,,,,,,,,Y,4,0,1,1,A,-,08,22107,,N,F,I,A,A,H,-,A,D,0,,,,,Y,,A,01,0,0,1,0,0,0,0,0,0,"- ","- ",36.627549999999999,-121.53453,MONTEREY,UNINCORPORATED,-121.53351637,36.627666179999999
7011948,2015,2015-08-10,9730,2015-07-18,2119,020970,,6,2,9,2700,0,2,4,,1,073,"SAN MIGUEL CANYON RD","PARADISE RD",246.00,S,N,A,-,N,,,,,,,,,,Y,4,0,2,1,A,-,08,22107,,N,E,I,A,A,H,-,D,D,0,,,,,Y,,A,01,0,0,2,0,0,0,0,0,0,"- ","- ",36.822899999999997,-121.67449999999999,MONTEREY,UNINCORPORATED,-121.67547973000001,36.824558529999997
7011992,2015,2015-08-11,9730,2015-07-14,0150,019100,,2,3,9,2700,0,3,5,,2,007,"MORO RD","TUSTIN RD",528.00,N,N,A,-,N,,,,,,,,,,Y,3,0,1,1,A,-,03,22350,,N,E,I,A,A,H,-,D,D,0,,,,,Y,,A,08,0,1,0,0,0,0,0,0,0,"- ","- ",36.808970000000002,-121.64752,MONTEREY,UNINCORPORATED,-121.64765441999999,36.808913359999998
7012004,2015,2015-11-12,9730,2015-06-03,1820,020701,,3,2,9,2700,0,2,4,,1,023,"CARMEL VALLEY RD","RANCHO SAN CARLOS RD",800.00,E,N,A,-,N,,,,,,,,,,Y,4,0,1,2,A,-,01,23152,A,M,C,C,A,A,H,-,A,D,0,,,,,Y,Y,A,08,0,0,1,0,0,0,0,0,0,"- ","- ",36.540059999999997,-121.86756,MONTEREY,UNINCORPORATED,-121.86795563,36.540003970000001
7014507,2015,2015-08-19,9730,2015-07-23,0630,016537,,4,1,9,2700,0,3,5,,2,004,"OLD STAGE RD","CALLE EL ROSARIO",1584.00,S,N,A,-,N,,,,,,,,,,Y,4,0,4,2,A,-,03,22350,,N,C,C,A,A,H,-,A,D,0,,,,,Y,,D,22,0,0,4,0,0,0,0,0,0,"- ","- ",36.639679999999998,-121.54255999999999,MONTEREY,UNINCORPORATED,-121.54260106,36.640508650000001
7014519,2015,2015-08-19,9730,2015-07-26,1622,019745,,7,2,9,2700,0,2,4,,1,073,"SAN MIGUEL CANYON RD","PARADISE RD",25.00,S,N,A,-,N,,,,,,,,,,N,4,0,2,2,A,-,03,22350,,N,C,C,A,A,H,-,A,D,0,,,,,Y,,D,22,0,0,2,0,0,0,0,0,0,"- ","- ",36.825000000000003,-121.6758,MONTEREY,UNINCORPORATED,-121.67577644000001,36.82511684
7014523,2015,2017-01-13,9730,2015-07-27,1559,020576,,1,2,9,2700,0,1,3,,1,068,"RT 68","PASADERA DR",900.00,E,N,A,-,Y,MON,5,68,-,-,10.080,H,-,W,Y,3,0,2,3,A,-,05,21460,A,N,B,C,A,A,H,-,A,D,0,,,,,Y,,D,22,0,1,1,0,0,0,0,0,0,"- ","- ",36.567950000000003,-121.77579,MONTEREY,UNINCORPORATED,-121.77537135999999,36.568130979999999
7014535,2015,2017-01-28,9730,2015-07-25,0455,020391,,6,3,9,2700,0,1,3,,1,072,"RT 156","MONTE DEL LAGO",35.00,E,N,A,-,Y,MON,5,156,-,-,1.280,H,-,W,Y,2,0,1,2,A,-,12,22450,A,N,D,C,A,A,H,-,C,A,1,,,,Y,Y,,A,01,1,0,0,0,0,0,0,0,0,"- ","- ",36.771279999999997,-121.73354999999999,MONTEREY,UNINCORPORATED,-121.73385602,36.771194729999998
7014558,2015,2015-08-28,2712,2015-07-24,2208,731,2712,5,5,3,2712,0,0,0,,0,001,"PATTON PKWY","CRESCENT ST",830.00,W,N,A,-,N,,,,,,,,,,Y,4,0,1,1,A,-,01,23152,A,F,A,I,A,A,H,-,C,D,0,,,,,Y,Y,A,01,0,0,1,0,0,0,0,0,0,"- ","- ",,,MONTEREY,MARINA,-121.80119999999999,36.676169999999999
7015800,2015,2015-08-17,9730,2015-07-20,1820,019700,,1,2,9,2700,0,3,5,,2,007,"CASTROVILLE BL","ELKHORN RD",0.00,,Y,A,-,N,,,,,,,,,,Y,3,0,2,1,A,-,12,22450,A,N,E,I,A,A,H,-,A,D,0,,,,,Y,,D,22,0,1,1,0,0,0,0,0,0,"- ","- ",36.47439,-121.43125000000001,MONTEREY,UNINCORPORATED,-121.72037993000001,36.795650010000003
7015804,2015,2015-08-27,9730,2015-07-21,0600,015160,,2,1,9,2700,0,3,5,,2,006,"NASHUA RD","COOPER RD",5808.00,N,N,B,-,N,,,,,,,,,,N,4,0,1,2,D,-,00,,,N,B,C,A,A,H,-,A,D,0,,,,Y,Y,,-,"- ",0,0,1,0,0,0,0,0,0,"- ","- ",,,MONTEREY,UNINCORPORATED,-121.74105086,36.716069990000001
7015859,2015,2016-12-22,9730,2015-07-20,1657,014800,,1,2,9,2700,0,1,2,,1,030,"RT 101","SOLEDAD BRIDGE NORTH",100.00,S,N,A,-,Y,MON,5,101,-,-,62.680,H,-,S,Y,4,0,1,1,A,-,08,22107,,N,E,I,A,A,H,-,A,D,1,,,,,Y,,A,01,0,0,1,0,0,0,0,0,0,"- ","- ",36.40795,-121.31895,MONTEREY,UNINCORPORATED,-121.3373211,36.43137368
7015892,2015,2015-08-20,9730,2015-07-25,0320,20701,,6,3,9,2700,0,2,4,,1,073,"SAN MIGUEL CANYON RD","HAMBEY LN",250.00,N,N,A,-,N,,,,,,,,,,Y,2,0,2,1,A,-,08,22107,,N,E,I,A,A,H,-,D,D,0,,,,,Y,,A,07,1,0,1,0,0,0,0,0,0,"- ","- ",36.838909999999998,-121.68432,MONTEREY,UNINCORPORATED,-121.68434293,36.838822929999999