CASE_ID,ACCIDENT_YEAR,PROC_DATE,JURIS,COLLISION_DATE,COLLISION_TIME,OFFICER_ID,REPORTING_DISTRICT,DAY_OF_WEEK,CHP_SHIFT,POPULATION,CNTY_CITY_LOC,SPECIAL_COND,BEAT_TYPE,CHP_BEAT_TYPE,CITY_DIVISION_LAPD,CHP_BEAT_CLASS,BEAT_NUMBER,PRIMARY_RD,SECONDARY_RD,DISTANCE,DIRECTION,INTERSECTION,WEATHER_1,WEATHER_2,STATE_HWY_IND,CALTRANS_COUNTY,CALTRANS_DISTRICT,STATE_ROUTE,ROUTE_SUFFIX,POSTMILE_PREFIX,POSTMILE,LOCATION_TYPE,RAMP_INTERSECTION,SIDE_OF_HWY,TOW_AWAY,COLLISION_SEVERITY,NUMBER_KILLED,NUMBER_INJURED,PARTY_COUNT,PRIMARY_COLL_FACTOR,PCF_CODE_OF_VIOL,PCF_VIOL_CATEGORY,PCF_VIOLATION,PCF_VIOL_SUBSECTION,HIT_AND_RUN,TYPE_OF_COLLISION,MVIW,PED_ACTION,ROAD_SURFACE,ROAD_COND_1,ROAD_COND_2,LIGHTING,CONTROL_DEVICE,CHP_ROAD_TYPE,PEDESTRIAN_ACCIDENT,BICYCLE_ACCIDENT,MOTORCYCLE_ACCIDENT,TRUCK_ACCIDENT,NOT_PRIVATE_PROPERTY,ALCOHOL_INVOLVED,STWD_VEHTYPE_AT_FAULT,CHP_VEHTYPE_AT_FAULT,COUNT_SEVERE_INJ,COUNT_VISIBLE_INJ,COUNT_COMPLAINT_PAIN,COUNT_PED_KILLED,COUNT_PED_INJURED,COUNT_BICYCLIST_KILLED,COUNT_BICYCLIST_INJURED,COUNT_MC_KILLED,COUNT_MC_INJURED,PRIMARY_RAMP,SECONDARY_RAMP,LATITUDE,LONGITUDE,COUNTY,CITY,POINT_X,POINT_Y
7015896,2015,2017-01-28,9730,2015-07-17,1307,020419,,5,1,9,2700,0,1,3,,1,066,"RT 183","DAVIS RD",750.00,W,N,A,-,Y,MON,5,183,-,R,2.050,H,-,S,N,4,0,1,2,A,-,03,22350,,N,C,C,A,A,H,-,A,D,0,,,,,Y,,A,01,0,0,1,0,0,0,0,0,0,"- ","- ",,,MONTEREY,UNINCORPORATED,-121.67679181,36.685183430000002
7015904,2015,2015-08-20,9730,2015-07-18,0745,018179,,6,1,9,2700,0,2,4,,1,073,"SAN MIGUEL CANYON RD","MORO RD",40.00,S,N,B,-,N,,,,,,,,,,Y,2,0,2,2,A,-,05,21460,A,N,D,C,A,A,H,-,A,D,0,,,Y,,Y,,C,02,1,0,1,0,0,0,0,0,2,"- ","- ",,,MONTEREY,UNINCORPORATED,-121.66665007,36.802575590000004
7047923,2015,2015-09-11,2712,2015-08-12,2244,717,2712,3,5,3,2712,0,0,0,,0,001,"RESERVATION RD","DEL MONTE BL",0.00,,Y,A,-,N,,,,,,,,,,N,4,0,1,2,A,-,09,21453,C,N,B,C,A,A,H,-,C,A,0,,,,,Y,,A,07,0,0,1,0,0,0,0,0,0,"- ","- ",,,MONTEREY,MARINA,-121.79972999,36.687700100000001
7048738,2015,2015-09-16,2711,2015-08-20,1734,4141,2711,4,5,3,2711,0,0,0,,0,001,"GABILAN DR","VISTA DE SOLEDAD",0.00,,Y,A,-,N,,,,,,,,,,Y,3,0,3,2,A,-,12,22450,,N,D,C,A,A,H,-,A,A,0,,,,,Y,,A,08,0,2,1,0,0,0,0,0,0,"- ","- ",,,MONTEREY,SOLEDAD,-121.33081998999999,36.436480009999997
7048916,2015,2016-01-04,2711,2015-08-22,1829,7944,2711,6,5,3,2711,0,0,0,,0,001,"FRONT ST","MIRADA ST",0.00,,N,A,-,N,,,,,,,,,,N,4,0,1,2,A,-,04,21703,,N,C,C,A,A,H,-,A,D,0,,,,,Y,,A,01,0,0,1,0,0,0,0,0,0,"- ","- ",,,MONTEREY,SOLEDAD,,
7049762,2015,2015-09-11,2706,2015-07-16,2110,814,MPD,4,5,4,2706,0,0,0,,0,002,"MUNRAS AV","VIA BUENA VISTA",74.00,N,N,A,-,N,,,,,,,,,,N,4,0,1,2,A,-,11,21954,A,N,G,B,D,A,H,-,C,A,0,Y,,,,Y,Y,N,60,0,0,1,0,1,0,0,0,0,"- ","- ",,,MONTEREY,MONTEREY,-121.90059916,36.585386339999999
7052174,2015,2015-09-22,2706,2015-08-04,1108,505,2706,2,5,4,2706,0,0,0,,0,003,"NORTH FREMONT ST","RAMONA AV",145.00,W,N,B,-,N,,,,,,,,,,N,4,0,1,3,A,-,03,22350,,N,-,C,A,A,H,-,A,A,0,,,,,Y,,A,07,0,0,1,0,0,0,0,0,0,"- ","- ",,,MONTEREY,MONTEREY,-121.85674492,36.597133730000003
7052178,2015,2015-09-30,2706,2015-08-11,1651,123,MPD,2,5,4,2706,0,0,0,,0,001,"SCOTT ST","PACIFIC ST",0.00,,Y,A,-,N,,,,,,,,,,N,4,0,1,2,A,-,09,21801,A,N,D,G,A,A,H,-,A,A,0,,Y,,,Y,,A,08,0,0,1,0,0,0,1,0,0,"- ","- ",,,MONTEREY,MONTEREY,-121.89536997,36.603180070000001
7052182,2015,2015-09-22,2706,2015-08-22,2231,103,,6,5,4,2706,0,0,0,,0,,"DEL MONTE AV","CASA VERDE WY",130.00,W,N,A,-,N,,,,,,,,,,Y,4,0,4,3,A,-,01,23152,A,N,C,A,A,A,H,-,C,A,0,,,,,Y,Y,A,01,0,0,4,0,0,0,0,0,0,"- ","- ",,,MONTEREY,MONTEREY,-121.86698794,36.601907580000002
7053938,2015,2015-09-19,2708,2015-05-01,1411,06235,,5,5,6,2708,0,0,0,,0,008,"MARKET WY","SOLEDAD ST",75.00,W,N,A,-,N,,,,,,,,,,N,4,0,2,3,A,-,03,22350,A,N,G,B,F,A,H,-,A,D,0,Y,,,,Y,Y,-,,0,0,2,0,2,0,0,0,0,"- ","- ",,,MONTEREY,SALINAS,-121.65247255,36.678094889999997
7055537,2015,2015-09-26,2705,2015-03-06,1604,16316,10,5,5,3,2705,0,0,0,,0,002,"1ST ST","MESA VERDE RD",113.00,E,N,A,-,N,,,,,,,,,,Y,2,0,2,2,A,-,03,22350,,N,A,C,A,A,H,-,A,A,0,,,,,Y,,-,,1,1,0,0,0,0,0,0,0,"- ","- ",,,MONTEREY,"KING CITY",-121.11190132999999,36.200546099999997
7071935,2015,2017-01-17,2703,2015-08-29,2133,7248,2703,6,5,2,2703,0,0,0,,0,ALL,"5TH ST","RT 101",8.00,N,N,A,-,Y,MON,5,101,-,-,70.740,R,4,S,Y,4,0,1,2,A,-,09,21802,A,N,D,C,A,A,H,-,C,A,0,,,,,Y,,A,01,0,0,1,0,0,0,0,0,0,"- ",SO,,,MONTEREY,GONZALES,-121.43692167,36.511620960000002
7072816,2015,2015-09-21,2708,2015-06-15,1553,8323,,1,5,6,2708,0,0,0,,0,,BORANDA,"MESQUITE DR",0.00,,Y,A,-,N,,,,,,,,,,Y,3,0,1,1,A,-,03,22350,,F,E,I,A,A,H,-,A,D,0,,,,,Y,,-,"- ",0,1,0,0,0,0,0,0,0,"- ","- ",,,MONTEREY,SALINAS,-121.59761987,36.697180099999997
7072844,2015,2015-09-21,2708,2015-06-29,2102,47175,,1,5,6,2708,0,0,0,,0,,"DAVIS RD","BARONDA CROSSING",680.00,N,N,A,-,N,,,,,,,,,,Y,3,0,2,1,A,-,03,22350,,N,E,I,A,A,G,-,C,A,0,,,,,Y,,-,,0,2,0,0,0,0,0,0,0,"- ","- ",,,MONTEREY,SALINAS,-121.66527936999999,36.721417090000003
7015908,2015,2016-06-14,9730,2015-07-26,0033,020903,,7,3,9,2700,0,2,4,,1,075,"SAN JUAN RD","TARPEY RD",528.00,W,N,A,-,N,,,,,,,,,,Y,4,0,2,1,A,-,08,22107,,N,E,I,A,A,H,-,D,D,0,,,,,Y,Y,A,01,0,0,2,0,0,0,0,0,0,"- ","- ",36.869700000000002,-121.66849999999999,MONTEREY,UNINCORPORATED,-121.66878,36.868099999999998
7015912,2015,2016-12-22,9730,2015-07-20,1655,014800,,1,2,9,2700,0,1,2,,1,030,"RT 101","SOLEDAD BRIDGE NORTH",500.00,S,N,A,-,Y,MON,5,101,-,-,62.610,H,-,S,Y,4,0,1,1,A,-,08,22107,,N,E,I,A,A,H,-,A,D,1,,,,,Y,,A,01,0,0,1,0,0,0,0,0,0,"- ","- ",36.40795,-121.31895,MONTEREY,UNINCORPORATED,-121.33692856,36.430367179999998
7015916,2015,2017-01-14,9730,2015-07-22,1600,019529,,3,2,9,2700,0,1,3,,1,014,"RT 1","LIMEKILN CREEK",800.00,N,N,A,-,Y,MON,5,1,-,-,21.210,H,-,N,Y,3,0,1,1,A,-,08,22107,,N,E,I,A,A,H,-,A,D,0,,,,,Y,,A,01,0,1,0,0,0,0,0,0,0,"- ","- ",,,MONTEREY,UNINCORPORATED,-121.52249415999999,36.009744429999998
7015920,2015,2017-01-13,9730,2015-07-21,0930,018350,,2,1,9,2700,0,1,3,,1,068,"RT 68","LAURELES GRADE",20.00,E,N,A,-,Y,MON,5,68,-,-,11.240,H,-,E,Y,4,0,1,2,A,-,03,22350,,N,C,C,A,A,H,-,A,A,0,,,,,Y,,A,01,0,0,1,0,0,0,0,0,0,"- ","- ",36.569659999999999,-121.75532,MONTEREY,UNINCORPORATED,-121.75533344999999,36.569644760000003
7057096,2015,2017-01-13,9730,2015-08-12,1745,19529,,3,2,9,2700,0,1,3,,1,024,"RT 68","SFB MORSE DR",50.00,W,N,A,-,Y,MON,5,68,-,-,2.230,H,-,E,Y,4,0,2,2,A,-,01,23152,A,N,C,C,A,A,H,-,A,D,0,,,,,Y,Y,A,01,0,0,2,0,0,0,0,0,0,"- ","- ",,,MONTEREY,UNINCORPORATED,-121.92538002000001,36.598494019999997
7057547,2015,2015-11-20,2708,2015-07-02,2231,49532,,4,5,6,2708,0,0,0,,0,007,"RIKER ST","ROMIE LN",134.00,S,N,E,-,N,,,,,,,,,,Y,2,0,1,1,D,-,00,,,N,E,I,A,A,G,H,C,A,0,,,,,Y,,-,"- ",1,0,0,0,0,0,0,0,0,"- ","- ",,,MONTEREY,SALINAS,-121.66288847,36.663466710000002
7061532,2015,2015-10-28,9730,2015-05-16,0650,016537,,6,1,9,2700,0,3,5,,2,004,"HARTNELL RD","ALISAL RD",2640.00,W,N,B,-,N,,,,,,,,,,N,4,0,1,2,A,-,09,21801,A,N,D,C,A,A,H,-,A,D,0,,,,,Y,,A,01,0,0,1,0,0,0,0,0,0,"- ","- ",36.632710000000003,-121.58046,MONTEREY,UNINCORPORATED,-121.57941357999999,36.638622920000003
7062402,2015,2016-08-10,2708,2015-10-05,1753,59156,,1,5,6,2708,0,0,0,,0,008,"NORTH MAIN ST","E LAKE ST",75.00,N,N,A,-,N,,,,,,,,,,Y,4,0,1,5,A,-,01,23153,B,F,D,C,A,A,H,-,A,D,0,,,,,Y,,-,,0,0,1,0,0,0,0,0,0,"- ","- ",,,MONTEREY,SALINAS,-121.65437876,36.680087890000003
7062565,2015,2015-10-26,2708,2015-09-21,1705,49014,,1,5,6,2708,0,0,0,,0,,"RIKER ST","LANG ST",0.00,,Y,A,-,N,,,,,,,,,,Y,4,0,1,3,A,-,09,21801,A,N,D,C,A,A,H,-,A,D,0,,,,,Y,,-,,0,0,1,0,0,0,0,0,0,"- ","- ",,,MONTEREY,SALINAS,-121.66043998000001,36.667740000000002
7062566,2015,2015-10-26,2708,2015-09-23,2003,30349,SALIN,3,5,6,2708,0,0,0,,0,005,"WEST LAUREL DR","ADAMS ST",0.00,,Y,A,-,N,,,,,,,,,,N,4,0,2,3,A,-,10,21950,A,N,G,B,B,A,H,-,C,A,0,Y,,,,Y,,-,,0,0,2,0,2,0,0,0,0,"- ","- ",,,MONTEREY,SALINAS,-121.66245999,36.698010089999997
7062567,2015,2015-10-26,2708,2015-09-16,0802,56525,SALIN,3,5,6,2708,0,0,0,,0,006,"ROSSI ST","SANSOME ST",0.00,,Y,A,-,N,,,,,,,,,,Y,3,0,2,3,A,-,09,21801,A,N,A,C,A,A,H,-,A,D,0,,,,,Y,,-,,0,1,1,0,0,0,0,0,0,"- ","- ",,,MONTEREY,SALINAS,-121.6583699,36.68276007
7062568,2015,2015-10-27,2708,2015-09-26,1844,16301,,6,5,6,2708,0,0,0,,0,,"EAST MARKET ST","N HEBBRON ST",0.00,,Y,A,-,N,,,,,,,,,,Y,4,0,3,2,A,-,09,21801,A,N,D,C,A,A,H,-,A,A,0,,,,,Y,,-,,0,0,3,0,0,0,0,0,0,"- ","- ",,,MONTEREY,SALINAS,-121.63171997000001,36.676550030000001
7034995,2015,2016-07-26,2708,2015-07-05,1555,18925,SALIN,7,5,6,2708,0,0,0,,0,001,"NORTH MAIN ST","BELIVAR ST",0.00,,Y,A,-,N,,,,,,,,,,Y,4,0,1,2,A,-,12,21453,A,N,D,C,A,A,H,-,A,A,0,,,,,Y,,-,,0,0,1,0,0,0,0,0,0,"- ","- ",,,MONTEREY,SALINAS,,
7034999,2015,2015-08-22,2708,2015-07-12,1526,19943,,7,5,6,2708,0,0,0,,0,004,"EAST LAUREL DR","CONSTITUTION BL",0.00,,Y,B,-,N,,,,,,,,,,Y,4,0,1,2,A,-,09,21453,C,N,D,C,A,A,H,-,A,A,0,,,,,Y,,-,,0,0,1,0,0,0,0,0,0,"- ","- ",,,MONTEREY,SALINAS,-121.63230994,36.694490109999997
7035003,2015,2015-08-22,2708,2015-07-03,0642,56525,SALIN,5,5,6,2708,0,0,0,,0,PD08,"MONTEREY ST","E ALISAL ST",0.00,,Y,B,-,N,,,,,,,,,,Y,3,0,3,2,A,-,12,21453,A,N,D,C,A,A,H,-,A,A,0,,,,,Y,,-,,0,1,2,0,0,0,0,0,0,"- ","- ",,,MONTEREY,SALINAS,-121.65368991,36.67396007
7035007,2015,2015-08-22,2708,2015-07-06,1340,37663,,1,5,6,2708,0,0,0,,0,007,"WEST MARKET ST","CLARK ST",0.00,,Y,A,-,N,,,,,,,,,,Y,4,0,1,2,A,-,03,22350,A,M,C,C,A,A,H,-,A,D,0,,,,,Y,,-,,0,0,1,0,0,0,0,0,0,"- ","- ",,,MONTEREY,SALINAS,-121.67085987999999,36.683310059999997
7035011,2015,2015-09-02,2708,2015-07-18,0252,56525,SALIN,6,5,6,2708,0,0,0,,0,004,"E BORONDA",CONSTITUTION,0.00,,Y,A,-,N,,,,,,,,,,Y,3,0,1,1,A,-,01,23152,A,N,A,I,A,A,H,-,C,A,0,,,,,Y,Y,-,,0,1,0,0,0,0,0,0,0,"- ","- ",,,MONTEREY,SALINAS,-121.60334992,36.704400010000001
7035015,2015,2015-08-22,2708,2015-07-19,1447,75635,SALIN,7,5,6,2708,0,0,0,,0,,"NORTH SANBORN RD","GARNER AV",600.00,N,N,B,-,N,,,,,,,,,,Y,4,0,5,3,A,-,09,21804,A,N,D,C,A,A,H,-,A,D,0,,,,,Y,,-,,0,0,5,0,0,0,0,0,0,"- ","- ",,,MONTEREY,SALINAS,-121.61345952000001,36.687150850000002
7035019,2015,2016-06-14,2708,2015-07-16,1539,84535,SALIN,4,5,6,2708,0,0,0,,0,007,"W ALISAL ST","CAPITOL ST",0.00,,Y,A,-,N,,,,,,,,,,Y,4,0,1,2,A,-,09,21802,A,N,D,C,A,A,H,-,A,D,0,,,,,Y,,-,,0,0,1,0,0,0,0,0,0,"- ","- ",,,MONTEREY,SALINAS,-121.66007989000001,36.67311007
7035028,2015,2015-08-22,2708,2015-07-06,2104,30433,,1,5,6,2708,0,0,0,,0,,"MENLO WY","LOS ALTOS WY",0.00,N,N,A,-,N,,,,,,,,,,N,3,0,1,2,A,-,21,22106,,N,-,B,F,A,H,-,A,D,0,Y,,,,Y,,A,01,0,1,0,0,1,0,0,0,0,"- ","- ",,,MONTEREY,SALINAS,-121.62852994000001,36.70170006
7035363,2015,2016-12-22,9730,2015-08-02,0900,020417,,7,1,9,2700,0,1,2,,1,070,"RT 101","SAN JUAN RD",5280.00,S,N,B,-,Y,MON,5,101,-,-,100.450,H,-,S,N,4,0,1,2,A,-,03,22350,,N,C,C,A,A,H,-,A,D,5,,,,,Y,,A,08,0,0,1,0,0,0,0,0,0,"- ","- ",36.845379999999999,-121.63486,MONTEREY,UNINCORPORATED,-121.63533981,36.846498949999997
7035378,2015,2015-09-09,9730,2015-08-06,2021,020514,,4,2,9,2700,0,2,4,,1,073,"SAN MIGUEL CANYON RD","CASTROVILLE BL",0.00,,Y,B,-,N,,,,,,,,,,Y,3,0,2,2,A,-,09,21801,A,N,D,D,A,A,H,-,D,D,0,,,,,Y,,A,08,0,1,1,0,0,0,0,0,0,"- ","- ",36.808419999999998,-121.67202,MONTEREY,UNINCORPORATED,-121.67190992,36.808400069999998
7035394,2015,2017-01-14,9730,2015-08-07,1630,019700,,5,2,9,2700,0,1,3,,1,074,"RT 1","JENSEN RD",500.00,N,N,A,-,Y,MON,5,1,-,-,100.010,H,-,S,Y,4,0,1,2,A,-,03,22350,,N,C,C,A,A,H,-,A,D,0,,,,,Y,,A,01,0,0,1,0,0,0,0,0,0,"- ","- ",36.511870000000002,-121.46160999999999,MONTEREY,UNINCORPORATED,-121.77111263,36.85511743
7035402,2015,2017-02-03,9730,2015-08-04,1145,15638,,2,1,9,2700,0,1,2,,1,070,"RT 101","LITTLE BEAR CREEK BRIDGE",120.00,S,N,A,-,Y,MON,5,101,-,R,91.250,H,-,N,Y,3,0,1,1,A,-,08,22107,,N,E,I,A,A,H,-,A,D,1,,,,Y,Y,,G,25,0,1,0,0,0,0,0,0,0,"- ","- ",36.724679999999999,-121.65882000000001,MONTEREY,UNINCORPORATED,-121.65880765999999,36.7253483
7035426,2015,2017-01-14,9730,2015-08-03,1815,015297,,1,2,9,2700,0,1,3,,1,074,"RT 1","STRUVE RD SOUTH",2112.00,N,N,A,-,Y,MON,5,1,-,-,98.000,H,-,S,N,4,0,1,3,A,-,03,22350,,N,C,C,A,A,H,-,A,D,0,,,,,Y,,D,23,0,0,1,0,0,0,0,0,0,"- ","- ",36.827120000000001,-121.77426,MONTEREY,UNINCORPORATED,-121.77449939,36.82687962
7035438,2015,2016-12-22,9730,2015-08-02,1330,20417,,7,1,9,2700,0,1,2,,1,070,"RT 101","PESANTE RD",619.00,N,N,A,-,Y,MON,5,101,-,-,94.620,H,-,N,Y,4,0,1,3,A,-,03,22350,,N,C,C,A,A,H,-,A,D,5,,,,Y,Y,,D,22,0,0,1,0,0,0,0,0,0,"- ","- ",36.77778,-121.66946,MONTEREY,UNINCORPORATED,-121.66949914,36.777761339999998
7035457,2015,2017-01-12,9730,2015-08-07,2215,20233,,5,3,9,2700,0,1,2,,1,030,"RT 101","RT 146",528.00,S,N,B,-,Y,MON,5,101,-,-,61.220,H,-,N,Y,3,0,1,2,A,-,01,23152,A,N,C,C,A,A,H,-,C,D,1,,,,,Y,Y,A,01,0,1,0,0,0,0,0,0,0,"- ","- ",,,MONTEREY,UNINCORPORATED,-121.32088252,36.414797819999997
7035461,2015,2016-12-22,9730,2015-08-06,2315,17803,,4,3,9,2700,0,1,2,,1,050,"RT 101","BORONDA RD",4224.00,S,N,C,-,Y,MON,5,101,-,R,90.210,H,-,S,Y,4,0,1,1,A,-,01,23152,A,N,E,I,A,B,H,-,D,D,1,,,,,Y,Y,A,01,0,0,1,0,0,0,0,0,0,"- ","- ",36.71078,-121.66352000000001,MONTEREY,UNINCORPORATED,-121.66360071,36.710791149999999
7035591,2015,2015-09-01,2708,2015-07-22,1412,52823,,3,5,6,2708,0,0,0,,0,,"EAST BORONDA RD","NORTH MAIN ST",75.00,E,N,A,-,N,,,,,,,,,,N,4,0,1,2,A,-,03,22350,,N,C,C,A,A,H,-,A,A,0,,,,,Y,,-,,0,0,1,0,0,0,0,0,0,"- ","- ",,,MONTEREY,SALINAS,-121.65597678,36.72159001
7035595,2015,2016-06-14,2708,2015-07-14,1054,30731,,2,5,6,2708,0,0,0,,0,2L9,"ABBOTT ST","LOS PALOS DR",0.00,,Y,B,-,N,,,,,,,,,,Y,4,0,2,3,A,-,09,21801,A,N,A,C,A,A,H,-,A,A,0,,,,,Y,,-,,0,0,2,0,0,0,0,0,0,"- ","- ",,,MONTEREY,SALINAS,-121.64169995,36.66238001
7035599,2015,2015-09-01,2708,2015-07-09,1817,03581,,4,5,6,2708,0,0,0,,0,003,"E BORANDA RD","EL DORADO DR",200.00,E,N,A,-,N,,,,,,,,,,Y,4,0,2,4,A,-,01,23152,E,N,B,C,A,A,H,-,A,A,0,,,,,Y,,-,,0,0,2,0,0,0,0,0,0,"- ","- ",,,MONTEREY,SALINAS,-121.63267245,36.715935870000003
7036417,2015,2017-01-14,9730,2015-08-01,0205,020990,,6,3,9,2700,0,1,3,,1,022,"RT 1","CORONA RD",600.00,N,N,A,-,Y,MON,5,1,-,-,69.780,H,-,S,Y,4,0,1,1,A,-,01,23152,A,N,E,I,A,A,H,-,D,D,0,,,,,Y,Y,A,07,0,0,1,0,0,0,0,0,0,"- ","- ",36.506509999999999,-121.93608999999999,MONTEREY,UNINCORPORATED,-121.93596013,36.507567250000001
7036421,2015,2017-01-13,9730,2015-08-04,1734,019745,,2,2,9,2700,0,1,3,,1,068,"RT 68","PASADERA DR",2218.00,E,N,A,-,Y,MON,5,68,-,-,10.200,H,-,E,N,4,0,2,2,A,-,21,22106,,N,C,C,A,A,H,-,A,D,0,,,,,Y,,A,01,0,0,2,0,0,0,0,0,0,"- ","- ",36.57029,-121.77171,MONTEREY,UNINCORPORATED,-121.77362182,36.569189549999997
7036425,2015,2016-12-22,9730,2015-08-06,2051,019239,,4,2,4,2706,0,1,2,,1,050,"RT 101","AIRPORT BL",2640.00,S,N,C,-,Y,MON,5,101,-,-,85.120,H,-,S,N,4,0,1,2,A,-,03,22350,,N,C,C,A,B,H,-,D,D,5,,,,,Y,,A,01,0,0,1,0,0,0,0,0,0,"- ","- ",,,MONTEREY,MONTEREY,-121.61892269000001,36.653723370000002
7036429,2015,2017-01-14,9730,2015-08-08,1622,020621,,6,2,9,2700,0,1,3,,1,074,"RT 1","RT 183",20.00,N,N,A,-,Y,MON,5,1,-,T,92.220,H,-,N,Y,3,0,2,2,A,-,08,22107,,N,C,C,A,A,H,-,A,A,0,,,,,Y,,A,01,0,1,1,0,0,0,0,0,0,"- ","- ",36.771279999999997,-121.76555999999999,MONTEREY,UNINCORPORATED,-121.76545072,36.770889199999999
7072848,2015,2015-09-21,2708,2015-06-22,1809,3581,,1,5,6,2708,0,0,0,,0,,"RAMONA AV","PACHECO ST",255.00,S,N,A,-,N,,,,,,,,,,N,4,0,1,2,A,-,11,21954,A,F,G,B,D,A,H,-,A,D,0,Y,,,,Y,,N,60,0,0,1,0,1,0,0,0,0,"- ","- ",,,MONTEREY,SALINAS,-121.63818564,36.698134369999998
7072881,2015,2016-05-23,2708,2015-06-25,1852,56294,,4,5,6,2708,0,0,0,,0,,"ABBOTT ST","BLANCO RD",15.00,S,N,-,-,N,,,,,,,,,,N,4,0,1,2,A,-,05,21650,1,N,H,G,A,A,H,-,A,A,0,,Y,,,Y,,L,04,0,0,1,0,0,0,1,0,0,"- ","- ",,,MONTEREY,SALINAS,-121.63579362999999,36.657232610000001
7073234,2015,2016-06-14,2708,2015-08-05,1531,18925,,3,5,6,2708,0,0,0,,0,008,"LINCOLN AV","CENTRAL AV",0.00,,Y,A,-,N,,,,,,,,,,Y,4,0,4,2,A,-,09,21801,A,N,A,C,A,A,H,-,A,A,0,,,,,Y,,A,01,0,0,4,0,0,0,0,0,0,"- ","- ",,,MONTEREY,SALINAS,-121.65755996999999,36.6766401
7073731,2015,2016-01-05,2708,2015-08-04,1257,07904,,2,5,6,2708,0,0,0,,0,004,"EAST BORONDA RD","NATIVIDAD RD",500.00,E,N,A,-,N,,,,,,,,,,Y,3,0,2,3,A,-,03,22350,,N,C,C,A,A,H,-,A,A,0,,,,,Y,,-,,0,1,1,0,0,0,0,0,0,"- ","- ",,,MONTEREY,SALINAS,-121.62182129999999,36.715413069999997
7073821,2015,2015-09-25,2701,2015-09-13,1103,5376,2701,7,5,2,2701,0,0,0,,0,00S,"10TH AV","SAN CARLOS ST",0.00,,Y,A,-,N,,,,,,,,,,Y,3,0,1,2,A,-,09,21802,A,N,D,C,A,A,H,-,A,A,0,,,,,Y,,A,01,0,1,0,0,0,0,0,0,0,"- ","- ",,,MONTEREY,CARMEL,-121.92181995999999,36.550070060000003
7076813,2015,2015-10-03,2709,2015-09-23,1810,2505,2709,3,5,1,2709,0,0,0,,0,ALL,"PLAYA AV","CALIFORNIA AV",0.00,,Y,A,-,N,,,,,,,,,,Y,4,0,1,2,A,-,09,21802,A,N,C,C,A,A,H,-,A,D,0,,,,,Y,,A,01,0,0,1,0,0,0,0,0,0,"- ","- ",,,MONTEREY,"SAND CITY",-121.84341999999999,36.618930089999999
7078026,2015,2016-01-22,2712,2015-09-04,0755,300,2712,5,5,3,2712,0,0,0,,0,001,"CRESCENT AV","CARMEL AV",484.00,N,N,A,-,N,,,,,,,,,,N,4,0,1,2,A,-,09,21804,A,N,D,C,A,A,H,-,A,A,0,,,,,Y,,A,01,0,0,1,0,0,0,0,0,0,"- ","- ",,,MONTEREY,MARINA,-121.79363399,36.681434629999998
7078812,2015,2015-09-28,2701,2015-09-16,1721,5543,CRML,3,5,2,2701,0,0,0,,0,00N,"CARPENTER ST","2ND AV",30.00,N,N,A,-,N,,,,,,,,,,N,4,0,1,2,A,-,03,22350,,M,C,C,A,A,H,-,B,A,0,,,,,Y,Y,D,22,0,0,1,0,0,0,0,0,0,"- ","- ",,,MONTEREY,CARMEL,-121.91562999999999,36.560682419999999
7079785,2015,2015-10-06,2706,2015-09-10,1703,949,2706,4,5,4,2706,0,0,0,,0,001,"LIGHTHOUSE AV","PRIVATE BOLIO",0.00,,Y,A,-,N,,,,,,,,,,N,4,0,1,2,A,-,03,22350,,N,C,C,A,A,H,-,A,D,0,,,,,Y,,D,22,0,0,1,0,0,0,0,0,0,"- ","- ",,,MONTEREY,MONTEREY,-121.8972299,36.60847004
7079883,2015,2015-09-29,2710,2015-08-24,1849,33362,,1,5,4,2710,0,0,0,,0,,"OLYMPIA AV","WINTON ST",0.00,,Y,A,-,N,,,,,,,,,,Y,3,0,1,2,A,-,09,21802,A,N,D,C,A,A,H,-,A,D,0,,,,,Y,,-,,0,1,0,0,0,0,0,0,0,"- ","- ",,,MONTEREY,SEASIDE,-121.84081992,36.61008004
7079887,2015,2015-09-29,2710,2015-08-25,1723,33362,,2,5,4,2710,0,0,0,,0,,"DEL MONTE BL","CANYON DEL REY BL",300.00,S,N,A,-,N,,,,,,,,,,Y,3,0,1,4,A,-,07,21658,A,M,B,C,A,A,H,-,A,A,0,,,,,Y,,-,,0,1,0,0,0,0,0,0,0,"- ","- ",,,MONTEREY,SEASIDE,-121.85687787000001,36.607204869999997
7079891,2015,2015-10-05,2710,2015-08-25,1407,33362,,2,5,4,2710,0,0,0,,0,,"LINCOLN ST","LA SALLE AV",138.00,S,N,A,-,N,,,,,,,,,,N,3,0,1,3,C,-,18,,,N,G,B,F,A,H,-,A,D,0,Y,,,,Y,,-,"- ",0,1,0,0,1,0,0,0,0,"- ","- ",,,MONTEREY,SEASIDE,-121.82490807000001,36.616240910000002
7036433,2015,2017-01-23,9730,2015-08-10,1757,020576,,1,2,9,2700,0,1,3,,1,068,"RT 68","YORK RD",12.00,E,N,B,-,Y,MON,5,68,-,-,8.150,I,5,E,Y,4,0,1,3,A,-,03,22350,,N,C,C,A,A,H,-,A,A,0,,,,,Y,,A,07,0,0,1,0,0,0,0,0,0,"- ","- ",36.571480000000001,-121.80829,MONTEREY,UNINCORPORATED,-121.80832332,36.571509110000001
7036437,2015,2017-01-14,9730,2015-08-11,0724,1538,,2,1,3,2712,0,1,3,,2,062,"RT 1","IMJIN PKWY",300.00,S,N,B,-,Y,MON,5,1,-,R,84.420,H,-,S,Y,4,0,1,2,A,-,03,22350,,N,C,C,A,A,H,-,A,D,1,,,,,Y,,A,01,0,0,1,0,0,0,0,0,0,"- ","- ",,,MONTEREY,MARINA,-121.81364105999999,36.668693140000002