CASE_ID,ACCIDENT_YEAR,PROC_DATE,JURIS,COLLISION_DATE,COLLISION_TIME,OFFICER_ID,REPORTING_DISTRICT,DAY_OF_WEEK,CHP_SHIFT,POPULATION,CNTY_CITY_LOC,SPECIAL_COND,BEAT_TYPE,CHP_BEAT_TYPE,CITY_DIVISION_LAPD,CHP_BEAT_CLASS,BEAT_NUMBER,PRIMARY_RD,SECONDARY_RD,DISTANCE,DIRECTION,INTERSECTION,WEATHER_1,WEATHER_2,STATE_HWY_IND,CALTRANS_COUNTY,CALTRANS_DISTRICT,STATE_ROUTE,ROUTE_SUFFIX,POSTMILE_PREFIX,POSTMILE,LOCATION_TYPE,RAMP_INTERSECTION,SIDE_OF_HWY,TOW_AWAY,COLLISION_SEVERITY,NUMBER_KILLED,NUMBER_INJURED,PARTY_COUNT,PRIMARY_COLL_FACTOR,PCF_CODE_OF_VIOL,PCF_VIOL_CATEGORY,PCF_VIOLATION,PCF_VIOL_SUBSECTION,HIT_AND_RUN,TYPE_OF_COLLISION,MVIW,PED_ACTION,ROAD_SURFACE,ROAD_COND_1,ROAD_COND_2,LIGHTING,CONTROL_DEVICE,CHP_ROAD_TYPE,PEDESTRIAN_ACCIDENT,BICYCLE_ACCIDENT,MOTORCYCLE_ACCIDENT,TRUCK_ACCIDENT,NOT_PRIVATE_PROPERTY,ALCOHOL_INVOLVED,STWD_VEHTYPE_AT_FAULT,CHP_VEHTYPE_AT_FAULT,COUNT_SEVERE_INJ,COUNT_VISIBLE_INJ,COUNT_COMPLAINT_PAIN,COUNT_PED_KILLED,COUNT_PED_INJURED,COUNT_BICYCLIST_KILLED,COUNT_BICYCLIST_INJURED,COUNT_MC_KILLED,COUNT_MC_INJURED,PRIMARY_RAMP,SECONDARY_RAMP,LATITUDE,LONGITUDE,COUNTY,CITY,POINT_X,POINT_Y
7036441,2015,2017-01-14,9730,2015-08-11,1815,015297,,2,2,9,2700,0,1,3,,1,074,"RT 1","DOLAN RD",0.00,,Y,A,-,Y,MON,5,1,-,-,96.101,I,5,N,Y,4,0,1,1,A,-,08,22107,,N,E,I,A,A,H,-,A,D,0,,,,,Y,,A,01,0,0,1,0,0,0,0,0,0,"- ","- ",36.80397,-121.78394,MONTEREY,UNINCORPORATED,-121.78379808,36.804086460000001
7037121,2015,2015-09-09,9730,2015-08-04,0720,13024,,2,1,9,2700,0,3,5,,2,003,"HARRIS RD","RAILROAD AV",2640.00,E,N,A,-,N,,,,,,,,,,Y,4,0,1,2,A,-,03,22350,,N,C,C,A,A,H,-,-,D,0,,,,,Y,,A,01,0,0,1,0,0,0,0,0,0,"- ","- ",,,MONTEREY,UNINCORPORATED,-121.63719064,36.618863359999999
7037158,2015,2017-01-14,9730,2015-08-09,2030,20896,,7,2,9,2700,0,1,3,,2,062,"FREMONT ST","RT 68",150.00,S,N,B,-,Y,MON,5,1,-,R,77.890,R,2,S,Y,4,0,1,1,C,-,18,,,N,E,J,A,A,C,-,C,D,1,,,Y,,Y,,-,"- ",0,0,1,0,0,0,0,0,1,TO,"- ",36.59554,-121.87069,MONTEREY,UNINCORPORATED,-121.87244439,36.594184519999999
7037190,2015,2015-09-04,9730,2015-08-01,0240,20916,,6,3,9,2700,0,3,5,,2,006,"ESPINOSA RD","CHRISTENSEN RD",3168.00,W,N,A,-,N,,,,,,,,,,Y,3,0,1,1,A,-,01,23152,A,N,E,I,A,A,H,-,C,D,0,,,,,Y,Y,A,07,0,1,0,0,0,0,0,0,0,"- ","- ",36.73856,-121.67100000000001,MONTEREY,UNINCORPORATED,-121.66849329,36.737901460000003
7037194,2015,2015-09-04,9730,2015-08-02,1740,20981,,7,2,9,2700,0,3,5,,2,006,"ESPINOSA RD","RT 183",2480.00,E,N,A,-,N,,,,,,,,,,Y,3,0,1,1,A,-,08,22107,,N,F,A,A,A,H,-,A,D,0,,,,,Y,,A,01,0,1,0,0,0,0,0,0,0,"- ","- ",36.74259,-121.73189000000001,MONTEREY,UNINCORPORATED,,
7037198,2015,2015-09-04,9730,2015-08-03,1455,20576,,1,2,9,2700,0,3,5,,2,006,"S DAVIS RD","LEMOS AV",50.00,N,N,A,-,N,,,,,,,,,,N,4,0,1,2,A,-,03,22350,,N,C,C,A,A,H,-,A,D,0,,,,,Y,,A,01,0,0,1,0,0,0,0,0,0,"- ","- ",36.674419999999998,-121.67838999999999,MONTEREY,UNINCORPORATED,-121.67853245000001,36.67447267
7037282,2015,2015-09-03,2706,2015-06-30,2213,19702,,2,5,4,2706,0,0,0,,0,012,"EAST LAUREL DR","TOWT ST",96.00,W,N,A,-,N,,,,,,,,,,Y,4,0,1,2,A,-,09,21804,A,N,D,C,A,A,H,-,C,D,0,,,,,Y,,-,,0,0,1,0,0,0,0,0,0,"- ","- ",,,MONTEREY,MONTEREY,-121.61785752999999,36.679416189999998
7037341,2015,2015-09-03,2708,2015-06-16,2143,30350,,2,5,6,2708,0,0,0,,0,005,"NATIVIDAD RD","CHAPARRAL ST",0.00,,Y,A,-,N,,,,,,,,,,Y,4,0,1,2,A,-,01,23152,A,M,B,C,A,A,H,-,C,A,0,,,,,Y,Y,-,,0,0,1,0,0,0,0,0,0,"- ","- ",,,MONTEREY,SALINAS,-121.63451990999999,36.700130029999997
7037436,2015,2015-09-17,2710,2015-07-10,0826,40383,MARIN,5,5,4,2710,0,0,0,,0,02B,"DEL MONTE BL","DEL MONTE BL 1711",0.00,,-,A,-,N,,,,,,,,,,N,4,0,1,2,A,-,"- ",,,N,D,G,A,A,H,-,A,A,0,,Y,,Y,Y,,-,"- ",0,0,1,0,0,0,1,0,0,"- ","- ",,,MONTEREY,SEASIDE,,
7039112,2015,2015-09-03,2708,2015-06-28,0851,19943,,7,5,6,2708,0,0,0,,0,002,"ADAMS ST","TULANE ST",250.00,S,N,A,-,N,,,,,,,,,,Y,4,0,1,3,C,-,18,,,N,A,E,A,A,H,-,A,D,0,,,,,Y,,-,"- ",0,0,1,0,0,0,0,0,0,"- ","- ",,,MONTEREY,SALINAS,-121.66285709,36.699870359999998
7079895,2015,2015-09-28,2710,2015-08-31,1600,33362,,1,5,4,2710,0,0,0,,0,,"DEL MONTE BL","CONTRA COSTA ST",0.00,,Y,A,-,N,,,,,,,,,,N,4,0,2,2,A,-,04,21703,,N,C,C,A,A,H,-,A,A,0,,,,,Y,,-,,0,0,2,0,0,0,0,0,0,"- ","- ",,,MONTEREY,SEASIDE,-121.85197997,36.609880089999997
7079915,2015,2017-01-14,2710,2015-08-16,1844,38145,,7,5,4,2710,0,0,0,,0,003,"FREMONT BL","CANYON DEL REY BL",0.00,,Y,A,-,Y,MON,5,218,-,-,0.000,I,6,W,N,4,0,1,2,A,-,03,22350,,N,C,C,A,A,H,-,A,A,0,,,,,Y,,-,,0,0,1,0,0,0,0,0,0,"- ","- ",,,MONTEREY,SEASIDE,-121.85079106000001,36.598905809999998
7079919,2015,2015-09-29,2710,2015-08-17,0806,34127,,1,5,4,2710,0,0,0,,0,001,"FREMONT BL","ELM AV",14.00,N,N,B,-,N,,,,,,,,,,N,4,0,1,2,A,-,03,22350,,N,C,C,A,A,H,-,A,D,0,,,,,Y,,-,,0,0,1,0,0,0,0,0,0,"- ","- ",,,MONTEREY,SEASIDE,-121.84640174,36.60771553
7079949,2015,2015-09-28,2706,2015-08-27,1751,949,2706,4,5,4,2706,0,0,0,,0,001,"REESIDE AV","RECREATIONAL TRL",0.00,,Y,A,-,N,,,,,,,,,,N,3,0,1,2,A,-,09,21803,A,N,D,G,A,A,D,-,A,D,0,,Y,,,Y,,L,04,0,1,0,0,0,0,1,0,0,"- ","- ",,,MONTEREY,MONTEREY,,
7080062,2015,2015-09-29,2706,2015-09-09,1403,181,2706,3,5,4,2706,0,0,0,,0,001,"REESIDE AV","FOAM ST",120.00,E,N,A,-,N,,,,,,,,,,N,3,0,1,3,A,-,17,21200,A,N,D,G,A,A,H,-,A,A,0,,Y,,,Y,,L,04,0,1,0,0,0,0,1,0,0,"- ","- ",,,MONTEREY,MONTEREY,-121.89718033,36.610283600000002
7080066,2015,2015-09-29,2706,2015-09-07,0925,320,2706,1,5,4,2706,0,0,0,,0,003,"RAMONA CT","RAMONA AV",135.00,E,N,A,-,N,,,,,,,,,,N,4,0,2,2,A,-,21,22106,,N,C,C,A,A,H,-,A,D,0,,,,,Y,,A,01,0,0,2,0,0,0,0,0,0,"- ","- ",,,MONTEREY,MONTEREY,-121.85714958,36.598446109999998
7080070,2015,2015-09-29,2706,2015-09-04,1646,635,2706,5,5,4,2706,0,0,0,,0,002,"PACIFIC ST","COLTON ST",4.00,N,N,A,-,N,,,,,,,,,,Y,3,0,1,2,A,-,03,22350,,N,C,C,A,A,H,-,A,D,0,,,,,Y,,A,07,0,1,0,0,0,0,0,0,0,"- ","- ",,,MONTEREY,MONTEREY,-121.89866683,36.592190690000002
7080074,2015,2015-09-29,2706,2015-09-08,1831,183,MPD,2,5,4,2706,0,0,0,,0,002,"MUNRAS AV","EL DORADO ST",0.00,,Y,A,-,N,,,,,,,,,,N,3,0,1,2,A,-,10,21950,,N,G,B,B,A,H,-,A,A,0,Y,,,,Y,,A,01,0,1,0,0,1,0,0,0,0,"- ","- ",,,MONTEREY,MONTEREY,-121.89351999,36.592820080000003
7081430,2015,2015-10-20,2712,2015-09-25,1644,300,2712,5,5,3,2712,0,0,0,,0,001,"CALIFORNIA AV","CARMEL AV",0.00,,Y,A,-,N,,,,,,,,,,Y,4,0,1,2,A,-,09,21804,B,N,D,C,A,A,H,-,A,A,0,,,,,Y,,D,22,0,0,1,0,0,0,0,0,0,"- ","- ",,,MONTEREY,MARINA,-121.7875099,36.676960000000001
7081496,2015,2015-10-15,2706,2015-09-18,1102,627,MPD,5,5,4,2706,0,0,0,,0,002,"MUNRAS AV","WEBSTER ST",2.00,N,N,A,-,N,,,,,,,,,,N,3,0,1,2,A,-,10,21950,A,N,G,B,B,A,H,-,A,A,0,Y,,,,Y,,D,22,0,1,0,0,1,0,0,0,0,"- ","- ",,,MONTEREY,MONTEREY,-121.893714,36.596374449999999
7081499,2015,2017-01-13,2706,2015-09-28,1515,119,MPD,1,5,4,2706,0,0,0,,0,003,"RT 68","OLMSTED RD",500.00,E,N,A,-,Y,MON,5,68,-,-,5.700,H,-,E,Y,4,0,1,2,A,-,03,22350,,N,C,C,A,A,H,-,A,D,0,,,,,Y,,D,22,0,0,1,0,0,0,0,0,0,"- ","- ",,,MONTEREY,MONTEREY,-121.84749571,36.58359214
7081777,2015,2015-10-10,2706,2015-09-02,1023,250,2706,3,5,4,2706,0,0,0,,0,003,"NORTH FREMONT ST","HANNON AV",10.00,W,N,A,-,N,,,,,,,,,,Y,3,0,1,2,A,-,08,22100,A,N,D,C,A,A,H,-,A,D,0,,,Y,,Y,,A,07,0,1,0,0,0,0,0,0,1,"- ","- ",,,MONTEREY,MONTEREY,-121.85460347,36.597464850000001
7039749,2015,2015-09-01,2710,2015-07-27,1256,34127,,1,5,4,2710,0,0,0,,0,001,"FREMONT BL","HILBY AV",0.00,,Y,A,-,N,,,,,,,,,,Y,4,0,1,2,A,-,12,21453,A,N,D,C,A,A,H,-,A,A,0,,,,,Y,,-,"- ",0,0,1,0,0,0,0,0,0,"- ","- ",,,MONTEREY,SEASIDE,-121.84881987999999,36.602610040000002
7039972,2015,2015-09-02,2710,2015-07-18,1104,40386,MARIN,6,5,4,2710,0,0,0,,0,011,"FREMONT BL","PLAYA AV",101.00,S,N,A,-,N,,,,,,,,,,Y,3,0,1,2,A,-,09,21804,A,N,B,C,A,A,H,-,A,A,0,,,Y,,Y,,A,07,0,1,0,0,0,0,0,0,1,"- ","- ",,,MONTEREY,SEASIDE,-121.84129869,36.617742630000002
7039976,2015,2015-09-02,2710,2015-07-05,1422,40386,MARIN,7,5,4,2710,0,0,0,,0,011,"FREMONT BL","SAN PABLO AV",146.00,N,N,A,-,N,,,,,,,,,,N,4,0,2,2,A,-,04,21703,,N,C,C,A,A,H,-,A,D,0,,,,,Y,,A,07,0,0,2,0,0,0,0,0,0,"- ","- ",,,MONTEREY,SEASIDE,-121.84252571,36.615292590000003
7040422,2015,2017-01-28,9735,2015-08-11,0425,20057,,2,3,9,2700,0,1,3,,1,034,"RT 198","MAIN ST",1500.00,E,N,A,-,Y,MON,5,198,-,-,0.500,H,-,W,Y,4,0,1,1,A,-,03,22350,,N,E,I,A,A,H,-,D,D,0,,,,,Y,,D,22,0,0,1,0,0,0,0,0,0,"- ","- ",36.131540000000001,-121.01174,MONTEREY,UNINCORPORATED,-121.01177085,36.131701059999997
7040426,2015,2016-12-22,9735,2015-07-29,0730,16696,,3,1,9,2700,0,1,2,,1,041,"RT 101","JOLON RD",80.00,S,N,A,-,Y,MON,5,101,-,R,4.178,H,-,S,Y,3,0,1,2,A,-,03,22350,,N,C,C,A,A,H,-,A,D,1,,,,,Y,,D,22,0,1,0,0,0,0,0,0,0,"- ","- ",,,MONTEREY,UNINCORPORATED,-120.7598029,35.843423139999999
7040430,2015,2015-09-16,9735,2015-08-10,0540,17681,,1,3,9,2700,0,2,4,,2,010,"ARROYO SECO RD","RT 101",1584.00,W,N,A,-,N,,,,,,,,,,Y,3,0,3,2,A,-,09,21801,A,N,D,C,A,A,H,-,D,D,0,,,,,Y,,A,01,0,2,1,0,0,0,0,0,0,"- ","- ",36.401409999999998,-121.32178999999999,MONTEREY,UNINCORPORATED,-121.32152472,36.401452800000001
7041404,2015,2015-09-03,2708,2015-05-25,0320,55086,,1,5,6,2708,0,0,0,,0,010,"N SANBORN","CIRCLE DR",0.00,,Y,A,-,N,,,,,,,,,,N,3,0,1,2,A,-,11,21954,A,N,G,B,B,A,H,-,C,A,0,Y,,,,Y,,N,60,0,1,0,0,1,0,0,0,0,"- ","- ",,,MONTEREY,SALINAS,-121.62525994000001,36.67901002
7041408,2015,2015-09-03,2708,2015-05-13,1423,7904,,3,5,6,2708,0,0,0,,0,002,"NORTH MAIN ST","NAVAJO DR",385.00,S,N,A,-,N,,,,,,,,,,N,4,0,1,2,A,-,11,21954,A,N,D,B,E,A,H,-,A,D,0,Y,,,,Y,,N,60,0,0,1,0,1,0,0,0,0,"- ","- ",,,MONTEREY,SALINAS,-121.65304209999999,36.704655750000001
7041412,2015,2016-06-14,2708,2015-05-28,1148,52823,,4,5,6,2708,0,0,0,,0,,"EAST BORONDA RD","DARTMOUTH WY",0.00,,Y,B,-,N,,,,,,,,,,Y,4,0,1,2,A,-,08,22101,D,N,B,C,A,A,H,-,A,A,0,,,,,Y,,-,,0,0,1,0,0,0,0,0,0,"- ","- ",,,MONTEREY,SALINAS,-121.64875997,36.717930109999998
7042108,2015,2015-10-05,2712,2015-06-07,1405,683,2712,7,5,3,2712,0,0,0,,0,001,"IMJIN PW","RESERVATION RD",0.00,,Y,A,-,N,,,,,,,,,,N,4,0,1,2,A,-,10,21950,A,N,G,B,B,B,H,-,C,A,0,Y,,,,Y,,N,60,0,0,1,0,1,0,0,0,0,"- ","- ",,,MONTEREY,MARINA,-121.76659991,36.671430030000003
7042850,2015,2015-09-16,2701,2015-08-24,1213,5374,2701,1,5,2,2701,0,0,0,,0,ALL,"SAN ANTONIO AV","4TH AV",25.00,S,N,A,-,N,,,,,,,,,,Y,3,0,1,1,A,-,08,22107,,N,E,I,A,A,H,-,A,D,0,,,,,Y,,D,22,0,1,0,0,0,0,0,0,0,"- ","- ",,,MONTEREY,CARMEL,-121.92789635,36.556756900000003
7042961,2015,2017-01-14,9730,2015-08-16,1430,020981,,7,2,9,2700,0,1,3,,1,014,"RT 1","OLD COAST RD",5280.00,N,N,A,-,Y,MON,5,1,-,-,60.480,H,-,N,N,3,0,1,2,A,-,08,22107,,N,H,G,A,A,H,-,A,D,0,,Y,,,Y,,A,01,0,1,0,0,0,0,1,0,0,"- ","- ",36.384239999999998,-121.90002,MONTEREY,UNINCORPORATED,-121.90020385,36.384179420000002
7063042,2015,2015-10-27,2708,2015-09-07,1309,75334,,1,5,6,2708,0,0,0,,0,,"EAST MARKET ST","MERCED ST",0.00,,Y,A,-,N,,,,,,,,,,N,3,0,2,3,A,-,09,21802,A,N,D,C,A,A,H,-,A,A,0,,,,,Y,,-,,0,1,1,0,0,0,0,0,0,"- ","- ",,,MONTEREY,SALINAS,-121.64231989,36.678110060000002
7063378,2015,2015-12-01,2710,2015-09-21,1641,335,,1,5,4,2710,0,0,0,,0,,"WILLIAMS AV",TIERA,7.00,E,N,A,-,N,,,,,,,,,,Y,3,0,1,1,A,-,08,22107,,N,E,I,A,A,H,-,A,D,0,,,,,Y,,A,01,0,1,0,0,0,0,0,0,0,"- ","- ",,,MONTEREY,SEASIDE,-121.85080616,36.600799379999998
7064161,2015,2015-10-27,2708,2015-09-29,1033,56682,,2,5,6,2708,0,0,0,,0,006,"ABBOTT ST","MAPLE ST",82.00,S,N,A,-,N,,,,,,,,,,Y,4,0,3,2,A,-,09,21804,A,N,D,C,A,A,H,-,A,D,0,,,,,Y,,A,01,0,0,3,0,0,0,0,0,0,"- ","- ",,,MONTEREY,SALINAS,-121.64535539000001,36.667407189999999
7064162,2015,2015-10-27,2708,2015-09-22,1000,49280,,2,5,6,2708,0,0,0,,0,003,"EAST LAUREL DR","RANCH VIEW LN",528.00,W,N,B,-,N,,,,,,,,,,Y,4,0,2,3,A,-,03,22350,,N,C,C,A,A,H,-,A,D,0,,,,,Y,,-,,0,0,2,0,0,0,0,0,0,"- ","- ",,,MONTEREY,SALINAS,-121.62952719,36.692180829999998
7064163,2015,2015-10-29,2708,2015-09-09,1923,30433,,3,5,6,2708,0,0,0,,0,006,"NORTH DAVIS RD","W ROSSI",12.00,S,N,A,-,N,,,,,,,,,,Y,3,0,3,2,C,-,18,,,N,C,C,A,A,H,-,B,A,0,,,,,Y,,-,"- ",0,1,2,0,0,0,0,0,0,"- ","- ",,,MONTEREY,SALINAS,-121.67195945,36.688397100000003
7065201,2015,2016-12-22,9730,2015-08-23,1629,019700,,7,2,9,2700,0,1,2,,1,070,"RT 101","RT 156",200.00,S,N,A,-,Y,MON,5,101,-,-,95.390,H,-,N,N,4,0,5,2,A,-,03,22350,,N,C,A,A,A,H,-,A,D,5,,,,,Y,,D,22,0,0,5,0,0,0,0,0,0,"- ","- ",36.472029999999997,-121.40322999999999,MONTEREY,UNINCORPORATED,-121.66767258,36.788744489999999
7065202,2015,2017-01-28,9730,2015-08-17,1741,015297,,1,2,9,2700,0,1,3,,1,072,"RT 156","CASTROVILLE BL",1584.00,W,N,A,-,Y,MON,5,156,-,R,1.440,H,-,E,N,3,0,1,3,A,-,03,22350,,M,B,C,A,A,H,-,A,D,1,,,Y,,Y,,C,02,0,1,0,0,0,0,0,0,1,"- ","- ",36.76426,-121.74921999999999,MONTEREY,UNINCORPORATED,-121.74963978,36.763886210000003
7065382,2015,2016-12-22,9730,2015-08-16,1252,021009,,7,1,6,2708,0,1,2,,1,050,"RT 101","NORTH MAIN ST",3960.00,S,N,A,-,Y,MON,5,101,-,-,87.530,H,-,N,Y,4,0,1,4,A,-,03,22350,,N,C,C,A,A,H,-,A,D,1,,,,,Y,,D,22,0,0,1,0,0,0,0,0,0,"- ","- ",36.685519999999997,-121.64955999999999,MONTEREY,SALINAS,-121.64226411999999,36.680789359999999
7065417,2015,2016-12-22,9730,2015-08-22,1637,020598,,6,2,9,2700,0,1,2,,1,030,"RT 101","FRONT ST",55.00,N,N,A,-,Y,MON,5,101,-,-,62.690,H,-,N,Y,4,0,3,2,A,-,08,22107,,N,E,I,A,A,H,-,A,D,1,,,,,Y,,A,01,0,0,3,0,0,0,0,0,0,"- ","- ",36.431750000000001,-121.33732000000001,MONTEREY,UNINCORPORATED,-121.33704786,36.431336860000002
7065418,2015,2016-12-22,9730,2015-08-16,1227,021009,,7,1,6,2708,0,1,2,,1,050,"RT 101","BORONDA RD",2640.00,S,N,A,-,Y,MON,5,101,-,R,90.510,H,-,S,Y,3,0,2,1,A,-,08,22107,,N,E,I,A,A,H,-,A,D,1,,,,,Y,,A,01,0,1,1,0,0,0,0,0,0,"- ","- ",36.715049999999998,-121.66172,MONTEREY,SALINAS,-121.66187293,36.714911790000002
7065419,2015,2017-01-28,9730,2015-08-12,0658,15638,,3,1,9,2700,0,1,3,,1,074,"RT 156","CASTROVILLE BL",1584.00,E,N,A,-,Y,MON,5,156,-,-,1.430,H,-,W,Y,4,0,1,3,A,-,09,21801,A,N,A,C,A,A,H,-,A,D,1,,,,,Y,,A,01,0,0,1,0,0,0,0,0,0,"- ","- ",36.771970000000003,-121.73138,MONTEREY,UNINCORPORATED,-121.73125905000001,36.77189791
7081778,2015,2015-10-10,2706,2015-09-09,1942,335,2706,3,5,4,2706,0,0,0,,0,002,"MUNRAS AV","SOLEDAD DR",37.00,N,N,A,-,N,,,,,,,,,,Y,4,0,2,2,A,-,12,21453,A,N,A,C,A,A,H,-,C,A,0,,,,,Y,,A,01,0,0,2,0,0,0,0,0,0,"- ","- ",,,MONTEREY,MONTEREY,-121.90179623,36.58344769
7081779,2015,2015-10-10,2706,2015-09-16,1109,505,2706,3,5,4,2706,0,0,0,,0,002,"E FRANKLIN ST","CORTES ST",0.00,,Y,A,-,N,,,,,,,,,,N,4,0,1,2,A,-,09,21802,A,N,D,C,A,A,H,-,A,A,0,,,,,Y,,A,01,0,0,1,0,0,0,0,0,0,"- ","- ",,,MONTEREY,MONTEREY,-121.88898998000001,36.599110060000001
7081780,2015,2015-10-10,2706,2015-09-17,1700,949,2706,4,5,4,2706,0,0,0,,0,003,"NORTH FREMONT ST","CASANOVA AV",242.00,E,N,A,-,N,,,,,,,,,,Y,4,0,3,2,A,-,09,21801,A,N,B,C,A,A,H,-,A,D,0,,,,,Y,,A,01,0,0,3,0,0,0,0,0,0,"- ","- ",,,MONTEREY,MONTEREY,-121.8524561,36.597898710000003
7081781,2015,2015-10-10,2706,2015-09-19,1236,635,2706,6,5,4,2706,0,0,0,,0,003,"NORTH FREMONT ST","RAMONA AV",20.00,W,N,A,-,N,,,,,,,,,,N,4,0,1,3,A,-,03,22350,,N,C,C,A,A,H,-,A,D,0,,,,,Y,,A,07,0,0,1,0,0,0,0,0,0,"- ","- ",,,MONTEREY,MONTEREY,-121.85632689000001,36.59719948
7081782,2015,2015-10-10,2706,2015-09-21,1101,320,2706,1,5,4,2706,0,0,0,,0,002,"FIGUEROA ST","DEL MONTE AV",208.00,N,N,A,-,N,,,,,,,,,,N,3,0,1,2,A,-,09,21804,A,N,D,G,A,A,H,-,A,D,0,,Y,,,Y,,L,04,0,1,0,0,0,0,1,0,0,"- ","- ",,,MONTEREY,MONTEREY,-121.8899332,36.600824940000003
7081783,2015,2015-10-10,2706,2015-09-23,2314,814,2706,3,5,4,2706,0,0,0,,0,003,"OCEAN AV","5TH ST",74.00,S,N,A,-,N,,,,,,,,,,N,3,0,1,3,A,-,00,20001,A,F,B,E,E,A,H,-,C,A,0,Y,,Y,,Y,,C,06,0,1,0,0,1,0,0,0,0,"- ","- ",,,MONTEREY,MONTEREY,-121.87969662,36.596271299999998
7082241,2015,2016-01-19,2712,2015-09-06,1204,690,2712,7,5,3,2712,0,0,0,,0,001,"IMJIN PKWY","2ND AV",60.00,E,N,A,-,N,,,,,,,,,,Y,4,0,1,3,A,-,07,21658,A,N,B,C,A,A,H,-,A,A,0,,,,,Y,,A,01,0,0,1,0,0,0,0,0,0,"- ","- ",,,MONTEREY,MARINA,-121.80863875999999,36.667703500000002
7089827,2015,2015-10-10,2712,2015-09-16,0748,274,,3,5,3,2712,0,0,0,,0,001,"CARMEL AV","CALIFORNIA AV",0.00,,Y,A,-,N,,,,,,,,,,N,4,0,1,2,A,-,10,21950,A,N,G,B,B,A,H,-,A,A,0,Y,,,,Y,,A,08,0,0,1,0,1,0,0,0,0,"- ","- ",,,MONTEREY,MARINA,-121.7875099,36.676960000000001
7089831,2015,2015-10-10,2712,2015-09-03,1653,196,2712,4,5,3,2712,0,0,0,,0,001,"IMJIN PW","3RD AV",5.00,S,N,A,-,N,,,,,,,,,,N,3,0,1,2,A,-,03,22350,,N,C,C,A,A,H,-,A,D,0,,,,,Y,Y,A,01,0,1,0,0,0,0,0,0,0,"- ","- ",,,MONTEREY,MARINA,-121.80453351,36.666476490000001
7092961,2015,2015-10-23,2708,2015-09-15,2249,76992,,2,5,6,2708,0,0,0,,0,,"EAST MARKET ST","CARR AV",0.00,,Y,A,-,N,,,,,,,,,,Y,4,0,2,2,A,-,09,21801,A,N,D,C,A,A,H,-,C,A,0,,,,,Y,,-,,0,0,2,0,0,0,0,0,0,"- ","- ",,,MONTEREY,SALINAS,-121.63548986000001,36.676920109999998
7092963,2015,2015-10-29,2708,2015-09-03,1737,76956,9,4,5,6,2708,0,0,0,,0,009,"MERRILL ST","ABBOTT ST",0.00,,Y,A,-,N,,,,,,,,,,Y,4,0,1,2,A,-,08,22107,,N,D,C,A,A,H,-,A,A,0,,,,,Y,,-,,0,0,1,0,0,0,0,0,0,"- ","- ",,,MONTEREY,SALINAS,-121.63159994,36.655470059999999
7092965,2015,2015-10-22,2708,2015-09-08,1010,S3260,,2,5,6,2708,0,0,0,,0,010,"ST MICHAEL WY","NORTH MADEIRA AV",200.00,E,N,A,-,N,,,,,,,,,,Y,3,0,1,1,A,-,03,22350,,N,E,I,A,A,H,-,A,D,0,,,,,Y,,-,,0,1,0,0,0,0,0,0,0,"- ","- ",,,MONTEREY,SALINAS,-121.63251798,36.681055489999999
7092969,2015,2015-10-23,2708,2015-09-09,1710,15945,,3,5,6,2708,0,0,0,,0,,"E ACACIA ST","CALIFORNIA ST",0.00,,Y,A,-,N,,,,,,,,,,Y,4,0,1,2,A,-,12,22450,A,N,D,C,A,A,H,-,A,A,0,,,,,Y,,-,,0,0,1,0,0,0,0,0,0,"- ","- ",,,MONTEREY,SALINAS,-121.65234997,36.663150090000002
7092973,2015,2015-10-23,2708,2015-09-13,1003,58964,SPD,7,5,6,2708,0,0,0,,0,008,"ALISAL ST","SALINAS ST",0.00,,Y,B,-,N,,,,,,,,,,N,4,0,1,2,A,-,12,21453,A,N,-,-,A,A,H,-,A,A,0,,,,,Y,,-,,0,0,1,0,0,0,0,0,0,"- ","- ",,,MONTEREY,SALINAS,-121.65602994,36.673620020000001
7092977,2015,2015-10-23,2708,2015-09-13,1538,69054,,7,5,6,2708,0,0,0,,0,005,"N MAIN",CURTIS,10.00,S,N,A,-,N,,,,,,,,,,N,4,0,1,2,D,-,00,,,N,B,C,A,A,H,-,A,A,0,,,,,Y,,-,"- ",0,0,1,0,0,0,0,0,0,"- ","- ",,,MONTEREY,SALINAS,-121.65248532,36.701762789999997
7092981,2015,2015-10-23,2708,2015-09-22,1621,2708,08323,2,5,6,2708,0,0,0,,0,012,"WILLIAMS RD","GARNER AV",0.00,,Y,A,-,N,,,,,,,,,,Y,3,0,3,2,A,-,09,21802,A,N,D,C,A,A,H,-,A,D,0,,,,,Y,Y,-,,0,3,0,0,0,0,0,0,0,"- ","- ",,,MONTEREY,SALINAS,-121.60859996000001,36.678760089999997
7092982,2015,2015-11-09,2708,2015-09-06,1903,2708,16301,7,5,6,2708,0,0,0,,0,,"NORTH SANBORN RD","GARNER AV",266.00,N,N,A,-,N,,,,,,,,,,N,4,0,1,2,A,-,11,21954,A,N,G,B,D,A,H,-,A,D,0,Y,,,,Y,Y,N,60,0,0,1,0,1,0,0,0,0,"- ","- ",,,MONTEREY,SALINAS,-121.61439498999999,36.686627110000003
7092985,2015,2016-07-26,2708,2015-09-07,1754,56294,,1,5,6,2708,0,0,0,,0,010,"EAST MARKET ST","N HEBBRON AV",0.00,,Y,A,-,N,,,,,,,,,,Y,4,0,1,2,A,-,09,21801,A,N,A,C,A,A,H,-,A,A,0,,,,,Y,,-,,0,0,1,0,0,0,0,0,0,"- ","- ",,,MONTEREY,SALINAS,-121.63171997000001,36.676550030000001
7092986,2015,2015-10-23,2708,2015-09-06,1910,08323,,7,5,6,2708,0,0,0,,0,010,"E ALISAL","WOOD ST",0.00,,Y,A,-,N,,,,,,,,,,Y,4,0,1,2,A,-,12,21453,A,N,B,C,A,A,H,-,B,A,0,,,,,Y,,-,,0,0,1,0,0,0,0,0,0,"- ","- ",,,MONTEREY,SALINAS,-121.63539987,36.673700019999998