CASE_ID,ACCIDENT_YEAR,PROC_DATE,JURIS,COLLISION_DATE,COLLISION_TIME,OFFICER_ID,REPORTING_DISTRICT,DAY_OF_WEEK,CHP_SHIFT,POPULATION,CNTY_CITY_LOC,SPECIAL_COND,BEAT_TYPE,CHP_BEAT_TYPE,CITY_DIVISION_LAPD,CHP_BEAT_CLASS,BEAT_NUMBER,PRIMARY_RD,SECONDARY_RD,DISTANCE,DIRECTION,INTERSECTION,WEATHER_1,WEATHER_2,STATE_HWY_IND,CALTRANS_COUNTY,CALTRANS_DISTRICT,STATE_ROUTE,ROUTE_SUFFIX,POSTMILE_PREFIX,POSTMILE,LOCATION_TYPE,RAMP_INTERSECTION,SIDE_OF_HWY,TOW_AWAY,COLLISION_SEVERITY,NUMBER_KILLED,NUMBER_INJURED,PARTY_COUNT,PRIMARY_COLL_FACTOR,PCF_CODE_OF_VIOL,PCF_VIOL_CATEGORY,PCF_VIOLATION,PCF_VIOL_SUBSECTION,HIT_AND_RUN,TYPE_OF_COLLISION,MVIW,PED_ACTION,ROAD_SURFACE,ROAD_COND_1,ROAD_COND_2,LIGHTING,CONTROL_DEVICE,CHP_ROAD_TYPE,PEDESTRIAN_ACCIDENT,BICYCLE_ACCIDENT,MOTORCYCLE_ACCIDENT,TRUCK_ACCIDENT,NOT_PRIVATE_PROPERTY,ALCOHOL_INVOLVED,STWD_VEHTYPE_AT_FAULT,CHP_VEHTYPE_AT_FAULT,COUNT_SEVERE_INJ,COUNT_VISIBLE_INJ,COUNT_COMPLAINT_PAIN,COUNT_PED_KILLED,COUNT_PED_INJURED,COUNT_BICYCLIST_KILLED,COUNT_BICYCLIST_INJURED,COUNT_MC_KILLED,COUNT_MC_INJURED,PRIMARY_RAMP,SECONDARY_RAMP,LATITUDE,LONGITUDE,COUNTY,CITY,POINT_X,POINT_Y
7092989,2015,2015-10-23,2708,2015-09-05,2133,18925,,6,5,6,2708,0,0,0,,0,008,"NORTH DAVIS RD","POST DR",0.00,,Y,A,-,N,,,,,,,,,,N,4,0,2,2,A,-,12,21453,A,N,A,C,A,A,H,-,C,A,0,,,,,Y,,-,,0,0,2,0,0,0,0,0,0,"- ","- ",,,MONTEREY,SALINAS,-121.66875994999999,36.696070050000003
7092990,2015,2016-06-14,2708,2015-09-06,2118,18925,,7,5,6,2708,0,0,0,,0,004,"INDEPENDENCE BL","DANBURY ST",42.00,S,N,A,-,N,,,,,,,,,,Y,3,0,1,1,A,-,08,22107,,N,A,I,A,A,H,-,C,D,0,,,,,Y,,-,,0,1,0,0,0,0,0,0,0,"- ","- ",,,MONTEREY,SALINAS,-121.6185558,36.71216372
7092993,2015,2015-10-23,2708,2015-09-14,2026,08323,,1,5,6,2708,0,0,0,,0,011,"NORTH SANBORN RD","BUCKHORN DR",0.00,,Y,A,-,N,,,,,,,,,,Y,4,0,3,2,A,-,09,21801,A,N,D,C,A,A,H,-,C,D,0,,,,,Y,,-,,0,0,3,0,0,0,0,0,0,"- ","- ",,,MONTEREY,SALINAS,-121.59850991,36.693200079999997
7092994,2015,2015-10-23,2708,2015-09-05,1709,74426,,6,5,6,2708,0,0,0,,0,005,"EAST BERNAL DR","NORTH MAIN ST",125.00,E,N,A,-,N,,,,,,,,,,Y,3,0,1,2,A,-,09,21804,A,N,D,C,A,A,H,-,A,A,0,,,,,Y,,-,,0,1,0,0,0,0,0,0,0,"- ","- ",,,MONTEREY,SALINAS,-121.65185431,36.689950140000001
7092997,2015,2015-10-23,2708,2015-09-05,1027,07904,,6,5,6,2708,0,0,0,,0,006,"NORTH MAIN ST","E LAKE ST",15.00,N,N,A,-,N,,,,,,,,,,Y,4,0,1,2,A,-,03,22350,,N,C,C,A,A,H,-,A,D,0,,,,,Y,,-,,0,0,1,0,0,0,0,0,0,"- ","- ",,,MONTEREY,SALINAS,-121.65443575,36.67992958
7065420,2015,2017-01-13,9730,2015-08-17,2010,020576,,1,2,9,2700,0,1,3,,1,068,"RT 68","SAN BENANCIO RD",20.00,W,N,B,-,Y,MON,5,68,-,-,13.320,H,-,W,N,4,0,1,2,A,-,03,22350,,F,C,C,A,A,H,-,C,A,0,,,,,Y,Y,D,22,0,0,1,0,0,0,0,0,0,"- ","- ",36.579639999999998,-121.72078999999999,MONTEREY,UNINCORPORATED,-121.72093337,36.579671980000001
7066359,2015,2015-09-21,2708,2015-07-09,0852,53260,,4,5,6,2708,0,0,0,,0,007,"SOUTH MAIN ST","E SAN JOAQUIN ST",0.00,,Y,A,-,N,,,,,,,,,,N,4,0,1,2,A,-,03,22350,,N,C,C,A,A,H,-,-,A,0,,,,,Y,,-,,0,0,1,0,0,0,0,0,0,"- ","- ",,,MONTEREY,SALINAS,-121.6590099,36.658870110000002
7066360,2015,2015-09-21,2708,2015-07-27,0908,66372,,1,5,6,2708,0,0,0,,0,,"EAST ROMIE LN","ALAMEDA AV",0.00,,Y,A,-,N,,,,,,,,,,Y,4,0,1,2,A,-,09,21802,A,N,D,C,A,A,H,-,A,A,0,,,,,Y,,-,,0,0,1,0,0,0,0,0,0,"- ","- ",,,MONTEREY,SALINAS,-121.64852987,36.660510019999997
7066368,2015,2015-09-18,2708,2015-05-24,1800,54370,,7,5,6,2708,0,0,0,,0,008,"MERCED ST","EAST MARKET ST",0.00,,Y,A,-,N,,,,,,,,,,N,4,0,1,2,A,-,10,21950,A,F,G,B,B,A,H,-,A,-,0,Y,,,,Y,Y,-,99,0,0,1,0,1,0,0,0,0,"- ","- ",,,MONTEREY,SALINAS,-121.64231989,36.678110060000002
7066371,2015,2015-09-18,2708,2015-05-23,1355,53269,,6,5,6,2708,0,0,0,,0,005,"W BERNAL DR","NORTH MAIN ST",0.00,,Y,B,-,N,,,,,,,,,,N,3,0,1,2,A,-,05,21650,,N,A,G,A,A,H,-,A,A,0,,Y,,,Y,,L,04,0,1,0,0,0,0,1,0,0,"- ","- ",,,MONTEREY,SALINAS,-121.65245985999999,36.689970080000002
7066372,2015,2015-09-18,2708,2015-05-27,2032,84535,SALIN,3,5,6,2708,0,0,0,,0,011,"FREEDOM BL","RIDER AV",0.00,,Y,A,-,N,,,,,,,,,,N,4,0,1,2,A,-,09,21802,C,N,-,G,A,A,H,-,C,A,0,,Y,,,Y,Y,D,22,0,0,1,0,0,0,1,0,0,"- ","- ",,,MONTEREY,SALINAS,-121.60410991000001,36.69611012
7066773,2015,2017-01-14,9730,2015-08-21,1940,20208,,5,2,9,2700,0,1,3,,1,012,"RT 1","MILE POST MARKER 29",360.00,N,N,A,-,Y,MON,5,1,-,-,29.070,H,-,S,Y,4,0,1,1,A,-,08,22107,,N,E,I,A,A,H,-,B,D,0,,,,,Y,,D,22,0,0,1,0,0,0,0,0,0,"- ","- ",,,MONTEREY,UNINCORPORATED,-121.61012056,36.078333469999997
7067010,2015,2015-09-18,9730,2015-08-21,1724,019981,,5,2,9,2700,0,3,5,,2,006,"DELMONTE AV","BLACKIE RD",6.00,S,N,A,-,N,,,,,,,,,,Y,3,0,1,3,A,-,09,21802,A,N,A,A,A,A,H,-,A,A,0,,,,,Y,,A,07,0,1,0,0,0,0,0,0,0,"- ","- ",,,MONTEREY,UNINCORPORATED,-121.74413568999999,36.75794389
7067249,2015,2015-09-18,9735,2015-07-28,2220,19894,,2,3,9,2700,0,2,4,,1,011,"ARROYO SECO RD","SYCAMORE FLATS RD",0.00,,Y,A,-,N,,,,,,,,,,Y,2,0,1,1,C,-,18,,,N,A,H,A,A,H,-,D,D,0,,,Y,,Y,,-,"- ",1,0,0,0,0,0,0,0,1,"- ","- ",36.270560000000003,-121.38912000000001,MONTEREY,UNINCORPORATED,-121.38896998,36.270590079999998
7068250,2015,2015-09-26,2705,2015-06-12,1038,22959,8,5,5,3,2705,0,0,0,,0,002,"MILDRED AV","BASSETT ST",0.00,,Y,A,-,N,,,,,,,,,,Y,4,0,4,2,A,-,12,22450,A,N,D,C,A,A,H,-,A,D,0,,,,,Y,,A,01,0,0,4,0,0,0,0,0,0,"- ","- ",,,MONTEREY,"KING CITY",-121.13124989000001,36.208780019999999
7103398,2015,2017-01-14,2710,2015-09-28,2500,33362,,1,5,4,2710,0,0,0,,0,,"RT 218","SONOMA AV",338.00,E,N,A,-,Y,MON,5,218,-,L,0.400,H,-,W,Y,4,0,1,2,A,-,03,22350,,N,C,-,A,A,H,-,A,A,0,,,,,Y,,-,,0,0,1,0,0,0,0,0,0,"- ","- ",,,MONTEREY,SEASIDE,-121.85506138,36.605484449999999
7103402,2015,2015-11-04,2710,2015-09-30,1826,38384,,3,5,4,2710,0,0,0,,0,,"FREMONT BL","OLYMPIA AV",0.00,,Y,A,-,N,,,,,,,,,,N,4,0,1,2,A,-,09,21802,A,N,-,C,A,A,H,-,A,A,0,,,,,Y,,-,,0,0,1,0,0,0,0,0,0,"- ","- ",,,MONTEREY,SEASIDE,-121.84514994,36.610140100000002
7042965,2015,2017-01-14,9730,2015-08-16,1810,020981,,7,2,9,2700,0,1,3,,1,014,"RT 1","COAST RD",7920.00,S,N,A,-,Y,MON,5,1,-,-,49.520,H,-,N,Y,3,0,3,2,A,-,05,21460,A,N,B,C,A,A,H,-,A,D,0,,,,,Y,,A,01,0,2,1,0,0,0,0,0,0,"- ","- ",36.34648,-121.89487,MONTEREY,UNINCORPORATED,-121.82090783,36.275534260000001
7042966,2015,2015-08-29,9730,2015-08-12,2240,20208,,3,3,9,2700,0,3,5,,2,002,"AGUAJITO RD","MONHOLLAN RD",0.00,,Y,A,-,N,,,,,,,,,,Y,2,0,2,1,A,-,01,23152,A,N,F,I,A,A,H,-,C,D,0,,,,,Y,Y,A,01,1,1,0,0,0,0,0,0,0,"- ","- ",36.575400000000002,-121.8741,MONTEREY,UNINCORPORATED,-121.87409993,36.575360009999997
7042969,2015,2016-07-25,9730,2015-08-18,1745,014800,,2,2,9,2700,0,1,2,,1,030,"RT 101","FRONT ST",1056.00,N,N,A,-,N,,,,,,,,,,N,4,0,1,2,A,-,03,22350,,N,C,C,A,A,H,-,A,D,0,,,,,Y,,A,01,0,0,1,0,0,0,0,0,0,"- ","- ",36.433120000000002,-121.33956000000001,MONTEREY,UNINCORPORATED,-121.3390194,36.434251459999999
7042970,2015,2015-08-29,9730,2015-08-05,1430,20576,,3,2,9,2700,0,2,4,,1,073,"SALINAS RD","LEWIS RD",0.00,,Y,A,-,N,,,,,,,,,,Y,4,0,2,2,A,-,09,21802,A,N,D,C,A,A,H,-,A,A,0,,,,,Y,,A,01,0,0,2,0,0,0,0,0,0,"- ","- ",36.891419999999997,-121.74706999999999,MONTEREY,UNINCORPORATED,-121.74731986,36.890990010000003
7042974,2015,2015-09-02,2706,2015-08-06,1741,428,2706,4,5,4,2706,0,0,0,,0,002,"MUNRAS AV","VIA ROBLES",0.00,,Y,B,-,N,,,,,,,,,,Y,4,0,1,2,A,-,09,21800,A,N,D,C,A,A,H,-,A,D,0,,,,,Y,,-,"- ",0,0,1,0,0,0,0,0,0,"- ","- ",,,MONTEREY,MONTEREY,-121.89901994,36.587710010000002
7043008,2015,2015-09-16,2701,2015-08-10,1633,5460,2701,1,5,2,2701,0,0,0,,0,00N,"CARPENTER ST","1ST AV",15.00,N,N,B,-,N,,,,,,,,,,Y,4,0,1,2,A,-,03,22350,,N,C,C,A,A,H,-,A,D,0,,,,,Y,,A,07,0,0,1,0,0,0,0,0,0,"- ","- ",,,MONTEREY,CARMEL,-121.91562999999999,36.561891209999999
7043028,2015,2015-09-16,9730,2015-08-10,0628,15638,,1,1,9,2700,0,3,5,,2,007,"SALINAS RD","RT 1",528.00,E,N,B,-,N,,,,,,,,,,Y,4,0,1,2,A,-,03,22350,,N,C,C,A,B,H,-,A,D,0,,,,,Y,,A,01,0,0,1,0,0,0,0,0,0,"- ","- ",,,MONTEREY,UNINCORPORATED,-121.77025,36.869669999999999
7043032,2015,2015-09-16,9730,2015-08-12,1125,017502,,3,1,9,2700,0,3,5,,2,002,"SCHULTE RD","VIA SERENO",73.00,E,N,A,-,N,,,,,,,,,,N,3,0,1,1,C,-,18,,,N,D,H,A,A,H,-,A,D,0,,,Y,,Y,,-,"- ",0,1,0,0,0,0,0,0,1,"- ","- ",,,MONTEREY,UNINCORPORATED,-121.83471348,36.525494719999998
7043036,2015,2015-09-16,9730,2015-08-12,1350,020419,,3,1,9,2700,0,3,5,,2,002,"CACHAGUA RD","SUMMERHILL FARMS RD",1500.00,S,N,A,-,N,,,,,,,,,,Y,3,0,1,1,A,-,03,22350,,N,F,I,A,A,H,-,A,D,0,,,,,Y,,A,01,0,1,0,0,0,0,0,0,0,"- ","- ",36.410080000000001,-121.67229,MONTEREY,UNINCORPORATED,,
7043038,2015,2015-08-29,9730,2015-08-22,1247,019239,,6,1,9,2700,0,3,5,,2,007,"MERIDIAN RD","ARCHER RD",588.00,E,N,A,-,N,,,,,,,,,,Y,3,0,1,3,A,-,01,23152,A,N,E,I,A,A,H,-,A,D,0,,,,,Y,Y,A,01,0,1,0,0,0,0,0,0,0,"- ","- ",36.789000000000001,-121.6991,MONTEREY,UNINCORPORATED,-121.69955052,36.788949909999999
7043040,2015,2015-09-16,9730,2015-08-16,1640,020598,,7,2,9,2700,0,3,5,,2,006,"SAN JUAN GRADE RD","MILE POST MARKER 7.6",60.00,N,N,A,-,N,,,,,,,,,,Y,3,0,1,1,A,-,01,23152,A,N,E,I,A,A,H,-,A,D,0,,,,,Y,Y,A,07,0,1,0,0,0,0,0,0,0,"- ","- ",36.806339999999999,-121.58259,MONTEREY,UNINCORPORATED,,
7092998,2015,2015-10-23,2708,2015-09-02,1616,76997,2708,3,5,6,2708,0,0,0,,0,002,"ADAMS ST","WEST LAMEREL DR",458.00,N,N,A,-,N,,,,,,,,,,N,3,0,1,1,A,-,08,22107,,N,E,I,A,A,H,-,A,D,0,,,,,Y,,-,,0,1,0,0,0,0,0,0,0,"- ","- ",,,MONTEREY,SALINAS,,
7093001,2015,2015-11-20,2708,2015-09-02,1036,49986,,3,5,6,2708,0,0,0,,0,007,"WEST BLANCO RD","SAN VINCENTE",0.00,,Y,A,-,N,,,,,,,,,,Y,3,0,2,2,A,-,09,21802,A,N,D,C,A,A,H,-,A,A,0,,,,,Y,,-,,0,1,1,0,0,0,0,0,0,"- ","- ",,,MONTEREY,SALINAS,-121.67198999,36.662040050000002
7093002,2015,2015-10-23,2708,2015-09-11,1414,75334,,5,5,6,2708,0,0,0,,0,,"CONSTITUTION BL","BEACON HILL DR",0.00,,Y,A,-,N,,,,,,,,,,Y,2,0,2,2,A,-,09,21453,C,M,D,C,A,A,H,-,A,-,0,,,,,Y,,-,,1,1,0,0,0,0,0,0,0,"- ","- ",,,MONTEREY,SALINAS,-121.61603992000001,36.698770109999998
7093006,2015,2015-10-23,2708,2015-09-13,0231,82326,,7,5,6,2708,0,0,0,,0,007,"WEST MARKET ST","CLARK ST",747.00,E,N,A,-,N,,,,,,,,,,Y,3,0,3,1,A,-,01,23152,A,M,E,I,A,A,H,-,C,D,0,,,,,Y,,-,,0,3,0,0,0,0,0,0,0,"- ","- ",,,MONTEREY,SALINAS,-121.66857133000001,36.682408219999999
7093010,2015,2015-10-23,2708,2015-09-07,1815,12507,,1,5,6,2708,0,0,0,,0,001,"BORONDA RD","RT 101",0.00,,Y,A,-,N,,,,,,,,,,Y,4,0,2,2,A,-,17,21461,A,N,D,C,A,A,H,-,A,A,0,,,,,Y,Y,-,,0,0,2,0,0,0,0,0,0,"- ","- ",,,MONTEREY,SALINAS,-121.65996993,36.722020110000003
7093014,2015,2015-10-22,2708,2015-09-24,0617,319977,,4,5,6,2708,0,0,0,,0,011,"WILLIAMS RD","FREEDOM PKY",0.00,,Y,A,-,N,,,,,,,,,,N,3,0,1,2,A,-,08,22107,,N,-,G,A,A,H,-,A,A,0,,Y,,,Y,,-,,0,1,0,0,0,0,1,0,0,"- ","- ",,,MONTEREY,SALINAS,-121.59669993,36.685620049999997
7093018,2015,2015-10-23,2708,2015-09-17,1543,19702,,4,5,6,2708,0,0,0,,0,011,"N SANBORN","DELMONTE AV",0.00,,Y,A,-,N,,,,,,,,,,Y,4,0,4,3,A,-,12,21453,A,N,D,C,A,A,H,-,A,A,0,,,,,Y,,-,,0,0,4,0,0,0,0,0,0,"- ","- ",,,MONTEREY,SALINAS,-121.61081992,36.688660079999998
7093022,2015,2015-10-23,2708,2015-09-18,1534,30350,,5,5,6,2708,0,0,0,,0,011,"EAST BORONDA RD","FALCON DR",150.00,W,N,A,-,N,,,,,,,,,,Y,4,0,1,2,A,-,08,22103,,N,C,C,A,A,H,-,A,D,0,,,,,Y,,-,,0,0,1,0,0,0,0,0,0,"- ","- ",,,MONTEREY,SALINAS,-121.59383871,36.692710220000002
7093023,2015,2015-11-07,2708,2015-09-15,1829,69054,,2,5,6,2708,0,0,0,,0,003,"EAST BORONDA RD","NATIVIDAD RD",1000.00,E,N,A,-,N,,,,,,,,,,Y,4,0,3,2,A,-,03,22350,,N,C,C,A,A,H,-,A,D,0,,,,,Y,,-,,0,0,3,0,0,0,0,0,0,"- ","- ",,,MONTEREY,SALINAS,-121.62012051000001,36.715304109999998
7093026,2015,2015-11-16,2708,2015-09-09,0757,30510,,3,5,6,2708,0,0,0,,0,005,"NATIVIDAD RD","RAINIER DR",0.00,,Y,A,-,,,,,,,,,,,Y,3,0,2,2,A,-,09,21801,A,N,D,C,A,A,H,-,A,A,0,,,,,Y,,-,,0,1,1,0,0,0,0,0,0,"- ","- ",,,MONTEREY,SALINAS,-121.63384996000001,36.700790019999999
7093027,2015,2015-11-16,2708,2015-09-18,1554,15945,,5,5,6,2708,0,0,0,,0,,"EAST LAUREL DR","MARYAL DR",0.00,,Y,A,-,N,,,,,,,,,,Y,4,0,1,2,A,-,09,21801,A,N,D,C,A,A,H,-,A,A,0,,,,,Y,,-,,0,0,1,0,0,0,0,0,0,"- ","- ",,,MONTEREY,SALINAS,-121.64687991,36.698230100000004
7093030,2015,2015-10-23,2708,2015-09-07,0757,10704,,1,5,6,2708,0,0,0,,0,012,"CONNELY ST","EUCALYPTUS DR",0.00,,Y,A,-,N,,,,,,,,,,N,3,0,1,2,A,-,09,21800,B,N,D,G,A,A,H,-,A,D,0,,Y,,,Y,,-,,0,1,0,0,0,0,1,0,0,"- ","- ",,,MONTEREY,SALINAS,-121.62448993,36.67442003
7103426,2015,2015-11-03,2710,2015-09-08,0720,36127,,2,5,4,2710,0,0,0,,0,002,"LA SALLE AV","MARIPOSA ST",0.00,,Y,A,-,N,,,,,,,,,,Y,4,0,1,2,A,-,09,21802,,N,A,C,A,A,H,-,A,D,0,,,,,Y,,-,,0,0,1,0,0,0,0,0,0,"- ","- ",,,MONTEREY,SEASIDE,-121.82722996,36.616630059999999
7103430,2015,2015-11-03,2710,2015-09-08,0811,34413,,2,5,4,2710,0,0,0,,0,005,"LA SALLE AV","FLORES ST",0.00,,Y,A,-,N,,,,,,,,,,N,3,0,1,2,A,-,10,21950,C,N,E,B,B,A,H,-,A,D,0,Y,,,,Y,,A,08,0,1,0,0,1,0,0,0,0,"- ","- ",,,MONTEREY,SEASIDE,-121.83374992,36.616710089999998
7103434,2015,2015-11-03,2710,2015-09-23,1808,38384,,3,5,4,2710,0,0,0,,0,,"GOODWIN ST","OLYMPIA AV",0.00,,Y,A,-,N,,,,,,,,,,N,4,0,1,2,A,-,10,21950,A,N,G,G,A,A,H,-,A,A,0,,Y,,,Y,,-,,0,0,1,0,0,0,1,0,0,"- ","- ",,,MONTEREY,SEASIDE,-121.83955989,36.610070110000002
7103438,2015,2015-11-03,2710,2015-09-26,1333,40386,MARIN,6,5,4,2710,0,0,0,,0,012,"FREMONT BL","PLAYA AV",0.00,,Y,A,-,N,,,,,,,,,,Y,4,0,2,2,A,-,12,21453,A,N,D,D,A,A,H,-,A,A,0,,,,,Y,Y,A,01,0,0,2,0,0,0,0,0,0,"- ","- ",,,MONTEREY,SEASIDE,-121.84116993000001,36.61800006
7103676,2015,2015-11-13,2712,2015-10-20,1718,687,2712,2,5,3,2712,0,0,0,,0,001,"DEL MONTE BL","BEACH RD",43.00,N,N,A,-,N,,,,,,,,,,N,4,0,1,2,A,-,03,22350,,N,C,C,A,A,H,-,A,A,0,,,,,Y,,D,22,0,0,1,0,0,0,0,0,0,"- ","- ",,,MONTEREY,MARINA,-121.79738534000001,36.693736479999998
7105173,2015,2016-12-22,9735,2015-09-02,1000,16696,,3,1,9,2700,0,1,2,,1,040,"RT 101","ARROYO SECO RD",528.00,N,N,A,-,Y,MON,5,101,-,-,60.750,H,-,N,Y,3,0,1,2,A,-,08,22107,,N,D,C,A,A,H,-,A,D,4,,,,Y,Y,,E,22,0,1,0,0,0,0,0,0,0,"- ","- ",36.40692,-121.31820999999999,MONTEREY,UNINCORPORATED,-121.31865741,36.407990079999998
7107566,2015,2016-12-22,9735,2015-08-21,2235,19330,,5,3,3,2705,0,1,2,,2,042,"RT 101","1ST ST",1584.00,N,N,A,-,Y,MON,5,101,-,R,40.070,H,-,S,Y,4,0,1,2,A,-,01,23152,A,N,B,C,A,A,H,-,D,D,1,,,,Y,Y,Y,A,01,0,0,1,0,0,0,0,0,0,"- ","- ",36.202179999999998,-121.12056,MONTEREY,"KING CITY",-121.11795355,36.201862210000002
7107574,2015,2017-01-28,9735,2015-08-24,0450,19965,,1,3,9,2700,0,1,3,,1,035,"RT 198","PEACH TREE RD",5280.00,E,N,A,-,Y,MON,5,198,-,-,15.140,H,-,W,Y,3,0,1,1,A,-,03,22350,,N,F,A,A,A,H,-,D,D,0,,,,Y,Y,,G,26,0,1,0,0,0,0,0,0,0,"- ","- ",,,MONTEREY,UNINCORPORATED,-120.80303501,36.191738569999998
7107875,2015,2015-11-04,2710,2015-09-11,0953,34127,,5,5,4,2710,0,0,0,,0,003,"MONTEREY RD",MONTEREY,0.00,,Y,D,-,N,,,,,,,,,,N,3,0,1,2,A,-,"- ",,,N,G,G,A,A,H,-,A,D,0,,Y,,,Y,,D,22,0,1,0,0,0,0,1,0,0,"- ","- ",,,MONTEREY,SEASIDE,-121.84156991,36.623730090000002
7110068,2015,2015-11-16,2712,2015-10-28,0845,687,2712,3,5,3,2712,0,0,0,,0,001,"IMJIN PW","PRESTON AV",467.00,S,N,B,-,N,,,,,,,,,,Y,4,0,2,2,A,-,03,22350,,N,C,C,A,B,H,-,A,D,0,,,,,Y,,A,01,0,0,2,0,0,0,0,0,0,"- ","- ",,,MONTEREY,MARINA,-121.7716878,36.667364470000003
7110072,2015,2015-11-16,2712,2015-10-28,0807,687,2712,3,5,3,2712,0,0,0,,0,001,"HILLCREST AV","CRESCENT AV",0.00,,Y,B,-,N,,,,,,,,,,N,3,0,1,2,A,-,10,21950,A,N,G,B,B,B,H,-,B,A,0,Y,,,,Y,,A,07,0,1,0,0,1,0,0,0,0,"- ","- ",,,MONTEREY,MARINA,-121.79563994999999,36.678460039999997
7110076,2015,2015-11-16,2712,2015-10-22,1022,687,2712,4,5,3,2712,0,0,0,,0,001,"RESERVATION RD","IMJIN PW",40.00,E,N,B,-,N,,,,,,,,,,N,4,0,1,2,A,-,12,21453,A,N,B,C,A,A,H,-,A,A,0,,,,,Y,,A,08,0,0,1,0,0,0,0,0,0,"- ","- ",,,MONTEREY,MARINA,-121.76648209,36.671374729999997
7093031,2015,2015-10-23,2708,2015-09-21,0954,75334,,1,5,6,2708,0,0,0,,0,,"CONSTITUTION BL",INDEPENDENCE,0.00,,Y,A,-,N,,,,,,,,,,N,4,0,1,2,A,-,12,21453,,N,D,C,A,-,H,-,A,A,0,,,,,Y,,-,"- ",0,0,1,0,0,0,0,0,0,"- ","- ",,,MONTEREY,SALINAS,-121.62147999,36.70041011
7093034,2015,2015-10-23,2708,2015-09-18,1715,15945,,5,5,6,2708,0,0,0,,0,,"E ALISAL ST","FRONT ST",36.00,W,N,A,-,N,,,,,,,,,,N,4,0,1,2,A,-,03,22350,,N,C,C,A,A,H,-,A,A,0,,,,,Y,,-,,0,0,1,0,0,0,0,0,0,"- ","- ",,,MONTEREY,SALINAS,-121.64928089,36.674622730000003
7093035,2015,2015-10-23,2708,2015-09-29,1927,308349,,2,5,6,2708,0,0,0,,0,005,"NATIVIDAD RD","EAST LAUREL DR",450.00,S,N,A,-,N,,,,,,,,,,Y,4,0,1,3,A,-,03,22350,,N,C,C,A,A,H,-,C,A,0,,,,,Y,,-,,0,0,1,0,0,0,0,0,0,"- ","- ",,,MONTEREY,SALINAS,-121.63927052,36.695382850000001
7093038,2015,2017-01-17,2708,2015-09-17,0755,37663,,4,5,6,2708,0,0,0,,0,008,"EAST MARKET ST","RT 101",0.00,,Y,A,-,Y,MON,5,101,-,-,87.440,R,1,S,N,4,0,1,2,A,-,05,21650,,N,-,G,A,A,H,-,A,A,0,,Y,,,Y,,L,04,0,0,1,0,0,0,1,0,0,"- ",SF,,,MONTEREY,SALINAS,-121.64190374,36.679598660000003
7093039,2015,2015-10-22,2708,2015-09-23,0120,49532,,3,5,6,2708,0,0,0,,0,005,"POLK ST","MONROE ST",100.00,S,N,B,-,N,,,,,,,,,,Y,4,0,1,3,A,-,03,22350,,N,C,E,A,C,H,-,C,A,0,,,,,Y,,-,,0,0,1,0,0,0,0,0,0,"- ","- ",,,MONTEREY,SALINAS,-121.66051641999999,36.696196839999999
7093040,2015,2015-10-29,2708,2015-09-25,0935,37663,,5,5,6,2708,0,0,0,,0,009,"ABBOTT ST","EAST ROMIE LN",0.00,,Y,A,-,N,,,,,,,,,,Y,4,0,1,2,A,-,12,21453,A,N,D,C,A,A,H,-,A,A,0,,,,,Y,,-,,0,0,1,0,0,0,0,0,0,"- ","- ",,,MONTEREY,SALINAS,-121.63884999,36.658990090000003
7094848,2015,2015-10-10,2701,2015-10-02,0053,5379,2701,5,5,2,2701,0,0,0,,0,00N,"SANTA FE ST","2ND AV",183.00,N,N,A,-,N,,,,,,,,,,Y,4,0,1,2,A,-,01,23152,A,N,B,C,A,A,E,-,D,D,0,,,,,Y,Y,A,01,0,0,1,0,0,0,0,0,0,"- ","- ",,,MONTEREY,CARMEL,-121.91821796000001,36.561111859999997
7097381,2015,2016-01-11,2711,2015-09-08,0749,4141,2711,2,5,3,2711,0,0,0,,0,001,"SAN VICENTE RD","GOLDENROD ST",17.00,W,N,A,-,N,,,,,,,,,,Y,4,0,1,2,A,-,03,22350,,N,C,C,A,A,H,-,A,D,0,,,,,Y,,A,01,0,0,1,0,0,0,0,0,0,"- ","- ",,,MONTEREY,SOLEDAD,-121.33362,36.43524
7099517,2015,2015-11-05,2701,2015-10-16,1452,5547,2701,5,5,2,2701,0,0,0,,0,ALL,"SAN CARLOS ST","6TH AV",177.00,N,N,A,-,N,,,,,,,,,,N,3,0,2,4,A,-,03,22350,,N,C,C,D,A,H,-,A,D,0,Y,,,,Y,,-,,0,1,1,0,2,0,0,0,0,"- ","- ",,,MONTEREY,CARMEL,-121.92182,36.556136309999999
7100152,2015,2015-10-27,2708,2015-08-31,1655,69054,,1,5,6,2708,0,0,0,,0,002,"N MAIN",CHEROKEE,0.00,,Y,A,-,N,,,,,,,,,,Y,3,0,1,2,A,-,09,21804,A,N,D,C,A,A,H,-,A,D,0,,,,,Y,,-,,0,1,0,0,0,0,0,0,0,"- ","- ",,,MONTEREY,SALINAS,-121.65437996,36.711640060000001
7100156,2015,2015-10-27,2708,2015-08-31,1736,74426,,1,5,6,2708,0,0,0,,0,005,"NATIVIDAD RD","PACHECO ST",0.00,,Y,B,-,N,,,,,,,,,,Y,3,0,1,2,A,-,09,21801,A,N,D,C,A,A,H,-,A,A,0,,,,,Y,,-,,0,1,0,0,0,0,0,0,0,"- ","- ",,,MONTEREY,SALINAS,-121.63664993,36.69804001
7100160,2015,2015-10-27,2708,2015-08-21,2013,54370,,5,5,6,2708,0,0,0,,0,011,"N SANBORN","EAST BORONDA RD",600.00,S,N,A,-,N,,,,,,,,,,Y,4,0,1,2,A,-,09,21804,A,N,D,C,A,A,H,-,C,D,0,,,,,Y,,-,,0,0,1,0,0,0,0,0,0,"- ","- ",,,MONTEREY,SALINAS,-121.59739679,36.694007849999998