CASE_ID,ACCIDENT_YEAR,PROC_DATE,JURIS,COLLISION_DATE,COLLISION_TIME,OFFICER_ID,REPORTING_DISTRICT,DAY_OF_WEEK,CHP_SHIFT,POPULATION,CNTY_CITY_LOC,SPECIAL_COND,BEAT_TYPE,CHP_BEAT_TYPE,CITY_DIVISION_LAPD,CHP_BEAT_CLASS,BEAT_NUMBER,PRIMARY_RD,SECONDARY_RD,DISTANCE,DIRECTION,INTERSECTION,WEATHER_1,WEATHER_2,STATE_HWY_IND,CALTRANS_COUNTY,CALTRANS_DISTRICT,STATE_ROUTE,ROUTE_SUFFIX,POSTMILE_PREFIX,POSTMILE,LOCATION_TYPE,RAMP_INTERSECTION,SIDE_OF_HWY,TOW_AWAY,COLLISION_SEVERITY,NUMBER_KILLED,NUMBER_INJURED,PARTY_COUNT,PRIMARY_COLL_FACTOR,PCF_CODE_OF_VIOL,PCF_VIOL_CATEGORY,PCF_VIOLATION,PCF_VIOL_SUBSECTION,HIT_AND_RUN,TYPE_OF_COLLISION,MVIW,PED_ACTION,ROAD_SURFACE,ROAD_COND_1,ROAD_COND_2,LIGHTING,CONTROL_DEVICE,CHP_ROAD_TYPE,PEDESTRIAN_ACCIDENT,BICYCLE_ACCIDENT,MOTORCYCLE_ACCIDENT,TRUCK_ACCIDENT,NOT_PRIVATE_PROPERTY,ALCOHOL_INVOLVED,STWD_VEHTYPE_AT_FAULT,CHP_VEHTYPE_AT_FAULT,COUNT_SEVERE_INJ,COUNT_VISIBLE_INJ,COUNT_COMPLAINT_PAIN,COUNT_PED_KILLED,COUNT_PED_INJURED,COUNT_BICYCLIST_KILLED,COUNT_BICYCLIST_INJURED,COUNT_MC_KILLED,COUNT_MC_INJURED,PRIMARY_RAMP,SECONDARY_RAMP,LATITUDE,LONGITUDE,COUNTY,CITY,POINT_X,POINT_Y
7110080,2015,2015-11-23,2712,2015-10-20,1016,687,2712,2,5,3,2712,0,0,0,,0,001,"RESERVATION RD","IMJIN PW",0.00,,N,-,-,N,,,,,,,,,,N,4,0,1,2,A,-,03,22350,,N,C,C,A,-,-,-,-,-,0,,,,,Y,,A,01,0,0,1,0,0,0,0,0,0,"- ","- ",,,MONTEREY,MARINA,-121.76659991,36.671430030000003
7110401,2015,2016-08-23,2712,2015-10-16,1534,687,2712,5,5,3,2712,0,0,0,,0,001,"IMJIN PW","2ND AV",379.00,W,N,B,-,N,,,,,,,,,,N,4,0,1,3,A,-,03,22350,,N,C,C,A,A,H,-,A,A,0,,,,,Y,,A,01,0,0,1,0,0,0,0,0,0,"- ","- ",,,MONTEREY,MARINA,-121.80996806,36.668258360000003
7110601,2015,2015-11-13,2711,2015-10-11,1223,4141,2711,7,5,3,2711,0,0,0,,0,001,"MARKET ST","KIDDER ST",0.00,,Y,A,-,N,,,,,,,,,,N,4,0,1,3,A,-,09,21802,A,N,D,C,A,A,H,-,A,A,0,,,,,Y,,A,01,0,0,1,0,0,0,0,0,0,"- ","- ",,,MONTEREY,SOLEDAD,-121.32514998000001,36.427610049999998
7110605,2015,2015-11-17,2711,2015-10-09,1805,2119,2711,5,5,3,2711,0,0,0,,0,002,"3RD ST","POWER LINE #850",39.00,W,N,A,-,N,,,,,,,,,,Y,4,0,4,3,A,-,00,20001,A,F,A,C,A,A,H,-,A,D,0,,,,,Y,Y,A,01,0,0,4,0,0,0,0,0,0,"- ","- ",,,MONTEREY,SOLEDAD,,
7110621,2015,2016-08-10,2711,2015-10-22,2316,6189,2711,4,5,3,2711,0,0,0,,0,001,"MAIN ST","REGINA ST",394.00,E,N,A,-,N,,,,,,,,,,Y,4,0,1,2,A,-,08,22107,,N,A,C,A,A,H,-,C,D,0,,,,,Y,Y,A,01,0,0,1,0,0,0,0,0,0,"- ","- ",,,MONTEREY,SOLEDAD,-121.32408043,36.433929079999999
7113246,2015,2015-11-13,2706,2015-10-18,0915,505,2706,7,5,4,2706,0,0,0,,0,001,"HAWTHORNE ST","IRVING AV",0.00,,Y,A,-,N,,,,,,,,,,N,4,0,1,2,A,-,09,21802,A,N,D,C,A,A,H,-,A,A,0,,,,,Y,,D,22,0,0,1,0,0,0,0,0,0,"- ","- ",,,MONTEREY,MONTEREY,-121.90448987000001,36.615350069999998
7113311,2015,2015-11-12,2706,2015-10-12,1932,129,MPD,1,5,4,2706,0,0,0,,0,001,"PRIVATE BOLIO RD","LIGHTHOUSE AV",3.00,W,N,A,-,N,,,,,,,,,,Y,4,0,2,2,A,-,21,22106,,N,C,C,A,A,H,-,C,A,0,,,,,Y,,A,01,0,0,2,0,0,0,0,0,0,"- ","- ",,,MONTEREY,MONTEREY,-121.89723916,36.60846634
7113312,2015,2015-11-12,2706,2015-10-20,0856,590,2706,2,5,4,2706,0,0,0,,0,002,"VIA GAYUBA","VIA DEL PINAR",0.00,,Y,A,-,N,,,,,,,,,,N,3,0,1,2,A,-,10,21950,A,N,G,B,B,A,H,-,A,D,0,Y,,,,Y,,A,08,0,1,0,0,1,0,0,0,0,"- ","- ",,,MONTEREY,MONTEREY,-121.90674995000001,36.591710079999999
7113313,2015,2015-11-12,2706,2015-10-08,1645,444,2706,4,5,4,2706,0,0,0,,0,003,"DEL MONTE AV","ENGLISH AV",0.00,,Y,A,-,N,,,,,,,,,,N,4,0,1,2,A,-,17,21200,A,N,D,G,A,A,H,-,A,A,0,,Y,,,Y,,L,04,0,0,1,0,0,0,1,0,0,"- ","- ",,,MONTEREY,MONTEREY,-121.86071986,36.604820089999997
7113314,2015,2015-11-12,2706,2015-10-25,0653,772,2706,7,5,4,2706,0,0,0,,0,002,"FREMONT ST","CAMINO EL ESTERO",32.00,E,N,B,-,N,,,,,,,,,,Y,2,0,2,1,A,-,01,23153,A,N,A,I,A,A,H,-,C,A,0,,,,,Y,Y,A,07,1,0,1,0,0,0,0,0,0,"- ","- ",,,MONTEREY,MONTEREY,-121.8891629,36.595090020000001
7114641,2015,2015-11-09,2706,2015-10-23,0203,851,1,5,5,4,2706,0,0,0,,0,001,"LIGHTHOUSE AV","PRIVATE BOLIO RD",206.00,S,N,B,-,N,,,,,,,,,,Y,4,0,1,1,A,-,01,23152,A,N,E,I,A,A,H,-,C,D,0,,,,,Y,Y,A,01,0,0,1,0,0,0,0,0,0,"- ","- ",,,MONTEREY,MONTEREY,-121.89661239,36.608201370000003
7114645,2015,2015-11-09,2706,2015-10-16,1334,201,2706,5,5,4,2706,0,0,0,,0,002,"CAMINO AGUAJITO ST","7TH ST",90.00,S,N,A,-,N,,,,,,,,,,N,4,0,1,2,A,-,03,22350,,N,C,A,A,A,H,-,A,A,0,,,,,Y,Y,A,07,0,0,1,0,0,0,0,0,0,"- ","- ",,,MONTEREY,MONTEREY,-121.88231059,36.594442880000003
7043077,2015,2016-06-14,9730,2015-08-15,1030,20903,,6,1,9,2700,0,3,5,,2,007,"ECHO VALLEY RD","TUSTIN RD",1584.00,E,N,A,-,N,,,,,,,,,,Y,3,0,1,1,C,-,18,,,N,E,I,A,A,B,-,A,D,0,,,Y,,Y,,-,"- ",0,1,0,0,0,0,0,0,1,"- ","- ",36.826709999999999,-121.63663,MONTEREY,UNINCORPORATED,-121.63633586,36.826770770000003
7043081,2015,2015-09-09,9730,2015-08-12,1640,20208,,3,2,9,2700,0,2,4,,1,023,"CARMEL VALLEY RD","SAN CLEMENTE DR",1050.00,W,N,A,-,N,,,,,,,,,,Y,3,0,3,2,A,-,03,22350,,N,A,C,A,A,H,-,A,D,0,,,,,Y,,A,01,0,2,1,0,0,0,0,0,0,"- ","- ",36.460299999999997,-121.709,MONTEREY,UNINCORPORATED,-121.70538787,36.456361819999998
7115563,2015,2015-11-20,2708,2015-07-07,0508,97158,,2,5,6,2708,0,0,0,,0,012,"SOUTH SANBORN RD","MAYFAIR DR",0.00,,Y,A,-,N,,,,,,,,,,N,4,0,1,2,A,-,09,21801,A,N,D,C,A,A,H,-,B,D,0,,,,,Y,,-,,0,0,1,0,0,0,0,0,0,"- ","- ",,,MONTEREY,SALINAS,-121.62785999,36.66771001
7116825,2015,2015-11-18,2708,2015-10-14,1604,74426,,3,5,6,2708,0,0,0,,0,005,"EAST LAUREL DR","NATIVIDAD RD",0.00,,Y,A,-,N,,,,,,,,,,N,4,0,1,2,A,-,09,21453,B,N,D,C,A,A,H,-,A,A,0,,,,,Y,,A,01,0,0,1,0,0,0,0,0,0,"- ","- ",,,MONTEREY,SALINAS,-121.63828998,36.696330019999998
7116829,2015,2015-11-18,2708,2015-10-21,0743,53269,,3,5,6,2708,0,0,0,,0,005,"EAST ALVIN DR","EL DORADO DR",0.00,,Y,A,-,N,,,,,,,,,,Y,4,0,1,2,A,-,03,22350,,N,C,C,A,A,H,-,A,D,0,,,,,Y,,A,01,0,0,1,0,0,0,0,0,0,"- ","- ",,,MONTEREY,SALINAS,-121.63777989,36.70530007
7116833,2015,2015-11-18,2708,2015-10-15,1949,56525,SALIN,4,5,6,2708,0,0,0,,0,2X3,"BORONDA RD","NATIVIDAD RD",674.00,W,N,A,-,N,,,,,,,,,,Y,4,0,1,2,A,-,01,23152,A,N,C,C,A,A,H,-,C,A,0,,,,,Y,Y,A,01,0,0,1,0,0,0,0,0,0,"- ","- ",,,MONTEREY,SALINAS,-121.62579587,36.715803110000003
7116837,2015,2017-02-03,2708,2015-10-09,1624,56294,,5,5,6,2708,0,0,0,,0,009,"SOUTH MAIN ST","ORANGE DR",0.00,,Y,A,-,Y,MON,5,68,-,-,20.330,H,-,E,N,4,0,1,2,A,-,03,22350,,N,C,C,A,A,H,-,A,A,0,,,,,Y,,A,01,0,0,1,0,0,0,0,0,0,"- ","- ",,,MONTEREY,SALINAS,-121.65848481,36.660602230000002
7116841,2015,2015-11-18,2708,2015-10-12,1839,74426,,1,5,6,2708,0,0,0,,0,011,"DEL MONTE AV","WILLIAMS RD",230.00,W,N,A,-,N,,,,,,,,,,N,4,0,1,2,A,-,04,21703,,N,D,C,A,A,H,-,A,D,0,,,,,Y,,A,01,0,0,1,0,0,0,0,0,0,"- ","- ",,,MONTEREY,SALINAS,-121.60473682,36.681724840000001
7116845,2015,2015-11-18,2708,2015-10-09,2320,31977,,5,5,6,2708,0,0,0,,0,003,"LAS CASITAS","CONSTITUTION BL",0.00,,Y,A,-,N,,,,,,,,,,Y,4,0,1,2,-,-,"- ",,,N,D,C,A,A,H,-,C,D,0,,,,,Y,,-,"- ",0,0,1,0,0,0,0,0,0,"- ","- ",,,MONTEREY,SALINAS,-121.61258991,36.698780040000003
7116849,2015,2015-11-18,2708,2015-10-25,1017,15945,,7,5,6,2708,0,0,0,,0,,"JOHN ST","SANBORN RD",0.00,,Y,A,-,N,,,,,,,,,,Y,4,0,1,2,A,-,09,21804,A,N,D,C,A,A,H,-,A,A,0,,,,,Y,,A,01,0,0,1,0,0,0,0,0,0,"- ","- ",,,MONTEREY,SALINAS,-121.62772993,36.669300020000001
7116853,2015,2015-11-18,2708,2015-10-13,0816,52823,TARS,2,5,6,2708,0,0,0,,0,,"BLANCO RD","PADRE DR",0.00,,Y,A,-,N,,,,,,,,,,N,4,0,1,2,A,-,09,21802,A,N,D,C,A,A,H,-,A,A,0,,,,,Y,,A,01,0,0,1,0,0,0,0,0,0,"- ","- ",,,MONTEREY,SALINAS,-121.6622299,36.656430059999998
7116857,2015,2015-11-18,2708,2015-10-19,0911,07904,,1,5,6,2708,0,0,0,,0,011,"LAS CASITAS DR","NOGAL DR",0.00,,Y,B,-,N,,,,,,,,,,Y,4,0,1,2,A,-,09,21801,A,N,A,C,A,A,H,-,A,D,0,,,,,Y,,A,01,0,0,1,0,0,0,0,0,0,"- ","- ",,,MONTEREY,SALINAS,-121.61356000000001,36.693190020000003
7114891,2015,2015-11-13,2706,2015-10-07,0635,851,2706,3,5,4,2706,0,0,0,,0,002,"FRANKLIN ST","FIGUEROA ST",0.00,,Y,A,-,N,,,,,,,,,,Y,4,0,2,2,A,-,12,21453,A,N,D,C,A,A,H,-,A,A,0,,,,,Y,,A,01,0,0,2,0,0,0,0,0,0,"- ","- ",,,MONTEREY,MONTEREY,-121.89019994,36.599290070000002
7114932,2015,2015-11-12,2706,2015-10-25,0007,772,MONTE,7,5,4,2706,0,0,0,,0,003,"N FREMONT","DELA VINA",183.00,W,N,B,-,N,,,,,,,,,,Y,3,0,1,2,A,-,01,23153,,N,B,E,A,-,H,-,C,D,0,,,,,Y,Y,A,01,0,1,0,0,0,0,0,0,0,"- ","- ",,,MONTEREY,MONTEREY,-121.85954232,36.596695089999997
7114936,2015,2015-11-12,2706,2015-10-02,2024,191,2706,5,5,4,2706,0,0,0,,0,001,"PACIFIC ST","SCOTT ST",0.00,,Y,A,-,N,,,,,,,,,,N,4,0,1,2,A,-,09,21801,A,N,A,C,A,A,H,-,C,A,0,,,,,Y,,A,01,0,0,1,0,0,0,0,0,0,"- ","- ",,,MONTEREY,MONTEREY,-121.89536997,36.603180070000001
7114968,2015,2015-11-10,2706,2015-09-30,1730,444,,3,5,4,2706,0,0,0,,0,001,"HAWTHORNE ST","DAVID AV",0.00,,Y,A,-,N,,,,,,,,,,N,4,0,1,2,A,-,09,21801,A,N,A,C,A,A,H,-,A,A,0,,,,,Y,,A,01,0,0,1,0,0,0,0,0,0,"- ","- ",,,MONTEREY,MONTEREY,-121.90538995,36.616380040000003
7129728,2015,2016-02-04,2710,2015-10-11,1003,37346,,7,5,4,2710,0,0,0,,0,02B,"SONOMA AV","TERRACE ST",10.00,W,N,A,-,N,,,,,,,,,,N,4,0,1,2,A,-,12,22450,A,N,D,C,A,A,H,-,A,A,0,,Y,,,Y,,A,01,0,0,1,0,0,0,1,0,0,"- ","- ",,,MONTEREY,SEASIDE,-121.84294405999999,36.606150849999999
7131150,2015,2015-12-07,2710,2015-10-01,1545,40386,MARIN,4,5,4,2710,0,0,0,,0,012,"LA SALLE AV","WARING ST",41.00,W,N,A,-,N,,,,,,,,,,Y,4,0,1,2,A,-,08,22107,,N,C,E,A,A,-,-,A,D,0,,,,,Y,,A,01,0,0,1,0,0,0,0,0,0,"- ","- ",,,MONTEREY,SEASIDE,-121.8345497,36.616712329999999
7131155,2015,2015-12-07,2710,2015-10-19,1814,34127,,1,5,4,2710,0,0,0,,0,001,"SONOMA AV","FREMONT BL",437.00,E,N,A,-,N,,,,,,,,,,Y,4,0,1,6,A,-,01,23152,A,N,A,E,A,A,H,-,B,D,0,,,,,Y,Y,D,22,0,0,1,0,0,0,0,0,0,"- ","- ",,,MONTEREY,SEASIDE,-121.84561146,36.606217209999997
7131298,2015,2015-12-04,2710,2015-10-29,1233,38145,,4,5,4,2710,0,0,0,,0,001,"MESCAL ST","MAIDEN CT",0.00,,Y,A,-,N,,,,,,,,,,Y,4,0,5,2,A,-,08,22107,,N,D,C,A,A,H,-,A,D,0,,,,,Y,,-,,0,0,5,0,0,0,0,0,0,"- ","- ",,,MONTEREY,SEASIDE,-121.82558999,36.60651
7131299,2015,2015-12-04,2710,2015-10-27,1708,38384,,2,5,4,2710,0,0,0,,0,016,"DEL MONTE BL","OLYMPIA AV",43.00,N,N,A,-,N,,,,,,,,,,Y,3,0,1,2,A,-,04,21703,,N,A,C,A,A,H,-,A,D,0,,,,,Y,,-,,0,1,0,0,0,0,0,0,0,"- ","- ",,,MONTEREY,SEASIDE,-121.85092458,36.610375140000002
7131300,2015,2016-08-23,2710,2015-10-25,1916,38145,,7,5,4,2710,0,0,0,,0,001,"FREMONT BL","KIMBALL AV",0.00,,Y,A,-,N,,,,,,,,,,N,4,0,1,2,A,-,12,21453,A,N,D,C,A,A,H,-,C,A,0,,,,,Y,,A,,0,0,1,0,0,0,0,0,0,"- ","- ",,,MONTEREY,SEASIDE,-121.85014993999999,36.599820059999999
7131301,2015,2015-12-04,2710,2015-10-21,0747,34127,,3,5,4,2710,0,0,0,,0,001,"BROADWAY AV","DARWIN ST",0.00,,Y,A,-,N,,,,,,,,,,Y,3,0,4,3,A,-,09,21802,,N,A,C,A,A,H,-,A,D,0,,,,,Y,,A,01,0,1,3,0,0,0,0,0,0,"- ","- ",,,MONTEREY,SEASIDE,-121.83259996,36.608940070000003
7131302,2015,2015-12-21,2710,2015-10-15,1035,38054,,4,5,4,2710,0,0,0,,0,003,"FREMONT BL","BROADWAY AV",0.00,,Y,A,-,N,,,,,,,,,,Y,4,0,2,2,A,-,09,21453,C,N,B,C,A,A,H,-,A,A,0,,,,,Y,,-,,0,0,2,0,0,0,0,0,0,"- ","- ",,,MONTEREY,SEASIDE,-121.84564992999999,36.609160009999997
7131303,2015,2015-12-04,2710,2015-10-06,1646,34177,,2,5,4,2710,0,0,0,,0,002,"BAKER ST","ECHO AV",0.00,,Y,A,-,N,,,,,,,,,,N,4,0,1,2,A,-,08,22107,,N,B,G,A,A,H,-,A,D,0,,Y,,,Y,,A,08,0,0,1,0,0,0,1,0,0,"- ","- ",,,MONTEREY,SEASIDE,-121.83946994,36.613980089999998
7131305,2015,2016-01-25,2710,2015-10-05,1603,38384,,1,5,4,2710,0,0,0,,0,,"SAN LUCAS ST","HAMILTON AV",0.00,,-,A,-,N,,,,,,,,,,N,3,0,1,2,D,-,00,,,F,C,G,A,A,H,-,A,D,0,,Y,,,Y,Y,-,"- ",0,1,0,0,0,0,1,0,0,"- ","- ",,,MONTEREY,SEASIDE,-121.84035992,36.605370030000003
7131306,2015,2015-12-04,2710,2015-10-05,0429,38383,,1,5,4,2710,0,0,0,,0,01B,"MINGO AV","HARDING ST",41.00,E,N,A,-,N,,,,,,,,,,Y,4,0,1,3,A,-,08,22107,,N,C,E,A,A,H,-,C,D,0,,,,,Y,Y,A,01,0,0,1,0,0,0,0,0,0,"- ","- ",,,MONTEREY,SEASIDE,-121.83300029999999,36.611867750000002
7131652,2015,2015-12-15,2706,2015-11-14,1752,375,MPD,6,5,4,2706,0,0,0,,0,002,"DEL MONTE AV","CAMINO AGUAJITO",963.00,W,N,A,-,N,,,,,,,,,,N,4,0,2,2,A,-,03,22350,,N,C,C,A,A,H,-,C,D,0,,,,,Y,,A,07,0,0,2,0,0,0,0,0,0,"- ","- ",,,MONTEREY,MONTEREY,-121.88686138,36.599939999999997
7131653,2015,2015-12-15,2706,2015-11-09,1659,375,2706,1,5,4,2706,0,0,0,,0,,"DEL MONTE AV","CASA VERDE WY",0.00,,Y,C,-,N,,,,,,,,,,Y,4,0,1,2,A,-,07,21658,A,N,C,C,A,B,H,-,C,A,0,,,,,Y,,A,07,0,0,1,0,0,0,0,0,0,"- ","- ",,,MONTEREY,MONTEREY,-121.86659989,36.602080010000002
7131654,2015,2017-02-03,2706,2015-11-21,1624,444,MPD,6,5,4,2706,0,0,0,,0,003,"RT 68","RT 218",292.00,E,N,A,-,Y,MON,5,68,-,-,6.870,H,-,E,Y,4,0,1,1,A,-,08,22107,,N,E,I,A,A,H,-,A,D,0,,,,,Y,,A,07,0,0,1,0,0,0,0,0,0,"- ","- ",,,MONTEREY,MONTEREY,-121.82758899,36.580641880000002
7131655,2015,2015-12-15,2706,2015-11-26,0100,103,2706,4,5,4,2706,0,0,0,,0,,"LIGHTHOUSE AV","FOAM ST",222.00,S,N,B,-,N,,,,,,,,,,Y,4,0,1,1,A,-,01,23152,A,N,E,I,A,A,H,-,C,D,0,,,,,Y,Y,A,01,0,0,1,0,0,0,0,0,0,"- ","- ",,,MONTEREY,MONTEREY,-121.89498481,36.607415279999998
7131673,2015,2015-12-23,2706,2015-11-04,1457,031,2706,3,5,4,2706,0,0,0,,0,002,"FREMONT ST","VIA MIRADA",0.00,,Y,A,-,N,,,,,,,,,,Y,4,0,1,2,A,-,09,21801,A,N,D,C,A,A,H,-,A,D,0,,,,,Y,,A,01,0,0,1,0,0,0,0,0,0,"- ","- ",,,MONTEREY,MONTEREY,,
7131674,2015,2015-12-15,2706,2015-11-01,1449,627,2706,7,5,4,2706,0,0,0,,0,001,"PACIFIC ST","SCOTT ST",14.00,S,N,A,-,N,,,,,,,,,,N,3,0,2,3,A,-,10,21950,A,N,G,B,B,A,H,-,A,A,0,Y,,,,Y,,A,01,0,2,0,0,2,0,0,0,0,"- ","- ",,,MONTEREY,MONTEREY,-121.89537135,36.603141549999997
7131675,2015,2015-12-15,2706,2015-11-22,1939,635,MPD,7,5,4,2706,0,0,0,,0,003,"DEL MONTE AV","PARK AV",64.00,E,N,A,-,N,,,,,,,,,,Y,4,0,1,1,A,-,08,22107,,N,E,I,A,-,G,-,C,D,0,,,,,Y,,A,07,0,0,1,0,0,0,0,0,0,"- ","- ",,,MONTEREY,MONTEREY,-121.88207198000001,36.59992613
7131676,2015,2015-12-15,2706,2015-11-23,1644,635,,1,5,4,2706,0,0,0,,0,,"DEL MONTE AV","HANNON AV",73.00,E,N,A,-,N,,,,,,,,,,N,3,0,1,2,A,-,09,21801,A,N,D,C,A,A,H,-,B,D,0,,,,,Y,,A,07,0,1,0,0,0,0,0,0,0,"- ","- ",,,MONTEREY,MONTEREY,-121.86218601,36.604082259999998
7131677,2015,2015-12-15,2706,2015-11-25,1231,250,MPD,3,5,4,2706,0,0,0,,0,001,"LIGHTHOUSE AV","PRESCOTT AV",0.00,,Y,B,-,N,,,,,,,,,,Y,3,0,2,3,A,-,12,21453,A,N,D,C,A,A,H,-,A,A,0,,,,,Y,,A,07,0,1,1,0,0,0,0,0,0,"- ","- ",,,MONTEREY,MONTEREY,-121.90268997,36.614710039999999
7131678,2015,2015-12-15,2706,2015-11-20,1625,320,MPD,5,5,4,2706,0,0,0,,0,003,"NORTH FREMONT ST","CASANOVA AV",171.00,E,N,A,-,N,,,,,,,,,,Y,4,0,1,3,A,-,03,22350,,N,C,C,A,A,H,-,A,A,0,,,,,Y,,A,01,0,0,1,0,0,0,0,0,0,"- ","- ",,,MONTEREY,MONTEREY,-121.85268043000001,36.59782568
7131679,2015,2015-12-15,2706,2015-11-20,1605,590,2706,5,5,4,2706,0,0,0,,0,002,"GLENWOOD CIR","GLENWOOD CIR 500",9.00,W,N,A,-,N,,,,,,,,,,Y,3,0,2,2,A,-,09,21804,A,N,D,C,A,A,H,-,A,A,0,,,,,Y,,A,07,0,1,1,0,0,0,0,0,0,"- ","- ",,,MONTEREY,MONTEREY,,
7131680,2015,2015-12-15,2706,2015-11-29,1210,142,,7,5,4,2706,0,0,0,,0,002,"LIGHTHOUSE AV","WASHINGTON ST",119.00,N,N,A,-,N,,,,,,,,,,Y,4,0,1,2,A,-,03,22350,,N,B,C,A,A,H,-,A,D,0,,,,,Y,,A,07,0,0,1,0,0,0,0,0,0,"- ","- ",,,MONTEREY,MONTEREY,-121.89264865,36.60133502
7132205,2015,2015-12-09,2712,2015-11-21,0841,537,2712,6,5,3,2712,0,0,0,,0,001,"CYPRESS AV","SUNSET AV",0.00,,Y,A,-,N,,,,,,,,,,N,4,0,1,2,A,-,09,21802,A,N,D,C,A,A,H,-,A,D,0,,,,,Y,,A,01,0,0,1,0,0,0,0,0,0,"- ","- ",,,MONTEREY,MARINA,-121.80223988,36.680330069999997
7132602,2015,2015-12-21,2703,2015-12-05,1236,9221,2703,6,5,2,2703,0,0,0,,0,ALL,"8TH ST","CENTER ST",189.00,W,N,A,-,N,,,,,,,,,,N,3,0,1,2,C,-,18,,,N,G,B,C,A,H,-,A,D,0,Y,,,,Y,,-,"- ",0,1,0,0,1,0,0,0,0,"- ","- ",,,MONTEREY,GONZALES,-121.44691804999999,36.51070387
7134962,2015,2015-12-18,2708,2015-11-19,2039,76992,,4,5,6,2708,0,0,0,,0,,"EAST LAUREL DR","NORTH MAIN ST",25.00,E,N,-,-,N,,,,,,,,,,Y,3,0,2,2,A,-,03,22350,,N,C,C,A,A,H,-,C,A,0,,,,,Y,Y,-,,0,1,1,0,0,0,0,0,0,"- ","- ",,,MONTEREY,SALINAS,-121.65172493999999,36.699314999999999
7134966,2015,2015-12-18,2708,2015-11-08,1503,58340,,7,5,6,2708,0,0,0,,0,005,"EAST LAUREL DR","GRANADA AV",0.00,,Y,C,-,N,,,,,,,,,,Y,3,0,1,2,A,-,09,21801,A,N,A,C,A,B,H,-,A,D,0,,,,,Y,Y,A,01,0,1,0,0,0,0,0,0,0,"- ","- ",,,MONTEREY,SALINAS,-121.64034988,36.696790030000003
7134970,2015,2016-01-05,2708,2015-11-04,1356,79223,,3,5,6,2708,0,0,0,,0,,"WILLIAMS RD","BARDIN RD",250.00,S,N,A,-,N,,,,,,,,,,,4,0,1,2,A,-,03,22350,,N,C,D,A,A,-,-,A,-,0,,,,,Y,,-,,0,0,1,0,0,0,0,0,0,"- ","- ",,,MONTEREY,SALINAS,-121.60772729999999,36.679254720000003
7134974,2015,2015-12-18,2708,2015-11-02,0841,27345,,1,5,6,2708,0,0,0,,0,,"S ALVIN DR","WHEELER DR",0.00,,Y,C,-,N,,,,,,,,,,Y,4,0,1,2,A,-,09,21801,A,N,D,C,A,B,H,-,A,D,0,,,,,Y,,-,,0,0,1,0,0,0,0,0,0,"- ","- ",,,MONTEREY,SALINAS,-121.65197000000001,36.708080029999998
7134978,2015,2015-12-18,2708,2015-11-05,1742,74426,,4,5,6,2708,0,0,0,,0,001,"NORTH MAIN ST","RUSSELL RD",1750.00,S,N,A,-,N,,,,,,,,,,Y,4,0,1,2,A,-,07,21658,A,N,B,C,A,A,H,-,C,D,0,,,,,Y,,-,,0,0,1,0,0,0,0,0,0,"- ","- ",,,MONTEREY,SALINAS,-121.65626725,36.729624280000003
7134982,2015,2016-08-23,2708,2015-11-01,0000,31831,,7,5,6,2708,0,0,0,,0,,"CONSTITUTION BL","FREEDOM BL",0.00,,Y,A,-,N,,,,,,,,,,Y,3,0,2,2,A,-,01,23153,A,N,D,C,A,A,H,-,C,A,0,,,,,Y,Y,-,,0,2,0,0,0,0,0,0,0,"- ","- ",,,MONTEREY,SALINAS,-121.60972998,36.700720099999998
7134986,2015,2015-12-18,2708,2015-11-01,0001,5048,,7,5,6,2708,0,0,0,,0,010,"SANBORN RD","E ALISAL ST",10.00,N,N,A,-,N,,,,,,,,,,Y,4,0,2,2,A,-,08,22100,A,N,D,C,A,A,H,-,C,A,0,,,,,Y,,-,,0,0,2,0,0,0,0,0,0,"- ","- ",,,MONTEREY,SALINAS,-121.62744000000001,36.672910000000002
7134990,2015,2015-12-29,2708,2015-11-01,1201,85123,SALIN,7,5,6,2708,0,0,0,,0,009,"JOHN ST","PAJARO ST",0.00,,Y,A,-,N,,,,,,,,,,Y,3,0,1,1,A,-,01,23152,E,N,E,I,A,A,H,-,A,A,0,,,,,Y,,-,,0,1,0,0,0,0,0,0,0,"- ","- ",,,MONTEREY,SALINAS,-121.65220988,36.670500060000002
7134993,2015,2015-12-21,2708,2015-10-27,1709,71633,,2,5,6,2708,0,0,0,,0,011,"RIDER AV","GARNER AV",590.00,N,N,B,-,N,,,,,,,,,,Y,3,0,1,3,A,-,09,21804,A,N,D,C,A,A,H,-,A,D,0,,,,,Y,,-,,0,1,0,0,0,0,0,0,0,"- ","- ",,,MONTEREY,SALINAS,-121.6161393,36.690227180000001
7134994,2015,2016-01-05,2708,2015-11-06,0907,30510,,5,5,6,2708,0,0,0,,0,002,"N MAIN","W ALVIN DR",0.00,,Y,A,-,N,,,,,,,,,,Y,3,0,1,2,A,-,12,21453,A,N,D,C,A,A,H,-,A,B,0,,,,,Y,,-,"- ",0,1,0,0,0,0,0,0,0,"- ","- ",,,MONTEREY,SALINAS,-121.65366994,36.707870040000003
7134997,2015,2015-12-21,2708,2015-10-22,0655,97158,,4,5,6,2708,0,0,0,,0,011,"NORTH SANBORN RD","ACOSTA PLZ",50.00,N,N,B,-,N,,,,,,,,,,N,4,0,1,3,A,-,03,22350,,N,C,C,A,A,H,-,A,A,0,,,,,Y,,-,,0,0,1,0,0,0,0,0,0,"- ","- ",,,MONTEREY,SALINAS,-121.61969961,36.683627989999998
7134998,2015,2015-12-18,2708,2015-11-02,0806,56525,2708,1,5,6,2708,0,0,0,,0,2Z6,"CALLE DEL ADOBE","POST DR",0.00,,Y,C,-,N,,,,,,,,,,N,4,0,1,2,A,-,08,22107,,N,D,C,A,B,H,-,A,D,0,,,,,Y,,-,,0,0,1,0,0,0,0,0,0,"- ","- ",,,MONTEREY,SALINAS,-121.6706999,36.698030070000002
7135001,2015,2015-12-21,2708,2015-10-21,0831,30510,,3,5,6,2708,0,0,0,,0,007,"CENTRAL AV","UNIVERSITY AV",0.00,,Y,A,-,N,,,,,,,,,,Y,4,0,2,2,A,-,09,21802,A,N,D,C,A,A,H,-,A,A,0,,,,,Y,,-,,0,0,2,0,0,0,0,0,0,"- ","- ",,,MONTEREY,SALINAS,-121.67413000000001,36.675230040000002