CASE_ID,ACCIDENT_YEAR,PROC_DATE,JURIS,COLLISION_DATE,COLLISION_TIME,OFFICER_ID,REPORTING_DISTRICT,DAY_OF_WEEK,CHP_SHIFT,POPULATION,CNTY_CITY_LOC,SPECIAL_COND,BEAT_TYPE,CHP_BEAT_TYPE,CITY_DIVISION_LAPD,CHP_BEAT_CLASS,BEAT_NUMBER,PRIMARY_RD,SECONDARY_RD,DISTANCE,DIRECTION,INTERSECTION,WEATHER_1,WEATHER_2,STATE_HWY_IND,CALTRANS_COUNTY,CALTRANS_DISTRICT,STATE_ROUTE,ROUTE_SUFFIX,POSTMILE_PREFIX,POSTMILE,LOCATION_TYPE,RAMP_INTERSECTION,SIDE_OF_HWY,TOW_AWAY,COLLISION_SEVERITY,NUMBER_KILLED,NUMBER_INJURED,PARTY_COUNT,PRIMARY_COLL_FACTOR,PCF_CODE_OF_VIOL,PCF_VIOL_CATEGORY,PCF_VIOLATION,PCF_VIOL_SUBSECTION,HIT_AND_RUN,TYPE_OF_COLLISION,MVIW,PED_ACTION,ROAD_SURFACE,ROAD_COND_1,ROAD_COND_2,LIGHTING,CONTROL_DEVICE,CHP_ROAD_TYPE,PEDESTRIAN_ACCIDENT,BICYCLE_ACCIDENT,MOTORCYCLE_ACCIDENT,TRUCK_ACCIDENT,NOT_PRIVATE_PROPERTY,ALCOHOL_INVOLVED,STWD_VEHTYPE_AT_FAULT,CHP_VEHTYPE_AT_FAULT,COUNT_SEVERE_INJ,COUNT_VISIBLE_INJ,COUNT_COMPLAINT_PAIN,COUNT_PED_KILLED,COUNT_PED_INJURED,COUNT_BICYCLIST_KILLED,COUNT_BICYCLIST_INJURED,COUNT_MC_KILLED,COUNT_MC_INJURED,PRIMARY_RAMP,SECONDARY_RAMP,LATITUDE,LONGITUDE,COUNTY,CITY,POINT_X,POINT_Y
7135002,2015,2016-01-05,2708,2015-11-02,1233,66372,,1,5,6,2708,0,0,0,,0,,"CHURCH ST","SAN LUIS ST",0.00,,Y,B,-,N,,,,,,,,,,Y,4,0,1,2,A,-,05,21650,A,N,A,C,A,A,H,-,A,A,0,,,,,Y,,-,,0,0,1,0,0,0,0,0,0,"- ","- ",,,MONTEREY,SALINAS,-121.65753995999999,36.671530089999997
7135004,2015,2016-01-05,2708,2015-10-24,1714,76992,,6,5,6,2708,0,0,0,,0,,"KERN ST","EAST MARKET ST",10.00,N,N,B,-,N,,,,,,,,,,Y,4,0,1,2,A,-,08,22100,A,N,B,C,A,A,H,-,A,A,0,,,,,Y,,-,,0,0,1,0,0,0,0,0,0,"- ","- ",,,MONTEREY,SALINAS,-121.64008,36.677417470000002
7135005,2015,2015-12-21,2708,2015-10-25,1939,30350,,7,5,6,2708,0,0,0,,0,012,"SOUTH SANBORN RD","MCGOWAN DR",0.00,,Y,A,-,N,,,,,,,,,,Y,4,0,1,2,A,-,09,21802,A,F,A,C,A,A,H,-,C,D,0,,,,,Y,,-,,0,0,1,0,0,0,0,0,0,"- ","- ",,,MONTEREY,SALINAS,-121.62757987000001,36.670920109999997
7135008,2015,2017-02-03,2708,2015-11-20,1623,06235,,5,5,6,2708,0,0,0,,0,008,"WEST MARKET ST","CAPITOL ST",1.00,W,N,A,-,Y,MON,5,183,-,-,1.050,H,-,N,Y,4,0,1,3,A,-,08,22107,,N,B,C,A,A,H,-,A,D,0,,,,,Y,,-,,0,0,1,0,0,0,0,0,0,"- ","- ",,,MONTEREY,SALINAS,-121.66153223000001,36.679625049999999
7135009,2015,2015-12-21,2708,2015-10-30,1847,07661,,5,5,6,2708,0,0,0,,0,003,"BORONDA RD",MCKINNON,300.00,E,N,A,-,N,,,,,,,,,,Y,4,0,1,2,A,-,03,22350,,N,C,C,A,A,H,-,C,D,0,,,,,Y,,-,,0,0,1,0,0,0,0,0,0,"- ","- ",,,MONTEREY,SALINAS,-121.64265621,36.716908570000001
7135019,2015,2016-08-23,2708,2015-11-29,0132,34245,,7,5,6,2708,0,0,0,,0,002,"EAST BORONDA RD","DARTMOUTH WY",75.00,E,N,A,-,N,,,,,,,,,,Y,3,0,3,2,A,-,05,21460,A,N,A,C,A,A,H,-,C,D,0,,,,,Y,Y,-,,0,2,1,0,0,0,0,0,0,"- ","- ",,,MONTEREY,SALINAS,-121.6485297,36.717840129999999
7100161,2015,2015-10-24,2701,2015-10-10,2003,5372,2701,6,5,2,2701,0,0,0,,0,ALL,"OCEAN AV","JUNIPERO AV",31.00,E,N,A,-,N,,,,,,,,,,N,4,0,1,2,A,-,03,22350,,N,C,C,A,A,H,-,D,A,0,,,,,Y,,A,07,0,0,1,0,0,0,0,0,0,"- ","- ",,,MONTEREY,CARMEL,-121.91997443,36.55509
7100162,2015,2015-10-24,2708,2015-08-31,1108,19943,,1,5,6,2708,0,0,0,,0,004,"EAST BORONDA RD","CONSTITUTION BL",290.00,E,N,A,-,N,,,,,,,,,,Y,3,0,1,2,A,-,03,22350,,N,C,C,A,A,H,-,A,A,0,,,,,Y,,A,01,0,1,0,0,0,0,0,0,0,"- ","- ",,,MONTEREY,SALINAS,-121.60299913999999,36.703659479999999
7100166,2015,2015-10-24,2708,2015-08-24,1908,30348,2708,1,5,6,2708,0,0,0,,0,007,"W ALISAL ST","SAN VICENTE AV",6.00,E,N,A,-,N,,,,,,,,,,N,3,0,1,2,A,-,10,21950,A,N,G,B,B,A,H,-,A,A,0,Y,,,,Y,,-,,0,1,0,0,1,0,0,0,0,"- ","- ",,,MONTEREY,SALINAS,-121.66752981,36.672102680000002
7100167,2015,2015-10-24,2708,2015-08-19,2153,03581,,3,5,6,2708,0,0,0,,0,004,"RHODE ISLAND ST",CONSTITUTION,60.00,E,N,A,-,N,,,,,,,,,,Y,3,0,1,2,A,-,08,22107,,N,A,E,A,A,H,-,C,D,0,,,,,Y,,-,,0,1,0,0,0,0,0,0,0,"- ","- ",,,MONTEREY,SALINAS,-121.60528832,36.703555600000001
7100170,2015,2015-10-24,2708,2015-08-31,0921,56525,2708,1,5,6,2708,0,0,0,,0,008,"W ALISAL ST","BELLARMINE DR",0.00,,Y,A,-,N,,,,,,,,,,Y,4,0,1,2,A,-,09,21801,A,N,D,C,A,A,H,-,A,D,0,,,,,Y,,-,,0,0,1,0,0,0,0,0,0,"- ","- ",,,MONTEREY,SALINAS,-121.67468988,36.66781005
7100171,2015,2015-10-27,2708,2015-08-26,0717,18355,2708,3,5,6,2708,0,0,0,,0,001,"SAN JUAN GRADE","RUSSELL RD",0.00,,Y,B,-,N,,,,,,,,,,Y,4,0,2,3,A,-,05,21650,,N,A,C,A,A,H,-,A,A,0,,,,,Y,,-,,0,0,2,0,0,0,0,0,0,"- ","- ",,,MONTEREY,SALINAS,-121.6410899,36.730160060000003
7100174,2015,2015-10-24,2708,2015-08-08,1647,74125,,6,5,6,2708,0,0,0,,0,006,VICTOR,"VAN NESS",0.00,,Y,A,-,N,,,,,,,,,,N,4,0,1,3,A,-,03,22350,,N,B,D,A,A,H,-,A,D,0,,,,,Y,,-,,0,0,1,0,0,0,0,0,0,"- ","- ",,,MONTEREY,SALINAS,-121.66521994999999,36.688710010000001
7100175,2015,2015-10-24,2708,2015-08-30,1450,49280,,7,5,6,2708,0,0,0,,0,010,"JOHN ST","S HEBRON",0.00,,Y,A,-,N,,,,,,,,,,Y,4,0,1,2,A,-,03,22350,,N,D,C,A,A,H,-,A,D,0,,,,,Y,,-,,0,0,1,0,0,0,0,0,0,"- ","- ",,,MONTEREY,SALINAS,-121.63280985999999,36.669880110000001
7100643,2017,2017-07-21,2708,2017-06-20,0255,19735,SPD,2,5,6,2708,0,0,0,,0,003,"MARIN AV","SUTTER ST",15.00,N,N,A,-,N,,,,,,,,,,Y,4,0,1,4,A,-,08,22107,,N,A,E,A,A,H,-,C,-,0,,,,,Y,,-,,0,0,1,0,0,0,0,0,0,"- ","- ",,,MONTEREY,SALINAS,-121.63236826000001,36.70467232
7142321,2015,2015-12-29,2706,2015-12-09,1718,635,2706,3,5,4,2706,0,0,0,,0,001,"FOAM ST","CANNERY ROW",84.00,N,N,A,-,N,,,,,,,,,,Y,3,0,1,3,A,-,03,22350,,N,C,C,A,A,H,-,C,D,0,,,Y,,Y,,A,01,0,1,0,0,0,0,0,0,1,"- ","- ",,,MONTEREY,MONTEREY,-121.89690775,36.609352579999999
7145175,2015,2017-01-28,2706,2015-11-26,1151,590,2706,4,5,4,2706,0,0,0,,0,003,"RT 68","JOSSELYN CANYON RD",5280.00,W,N,A,-,Y,MON,5,68,-,-,5.210,H,-,W,N,4,0,1,2,A,-,03,22350,,N,C,C,A,A,H,-,A,D,0,,,,,Y,,A,01,0,0,1,0,0,0,0,0,0,"- ","- ",,,MONTEREY,MONTEREY,-121.85566119000001,36.583488410000001
7145183,2015,2015-12-31,2706,2015-11-28,1512,320,,6,5,4,2706,0,0,0,,0,,"PRESCOTT AV","CANNERY ROW",119.00,W,N,A,-,N,,,,,,,,,,N,4,0,1,2,-,-,"- ",,,N,D,G,A,A,H,-,A,D,0,,Y,,,Y,,-,"- ",0,0,1,0,0,0,1,0,0,"- ","- ",,,MONTEREY,MONTEREY,-121.90060726,36.615828399999998
7116861,2015,2015-11-18,2708,2015-10-14,1959,57533,2708,3,5,6,2708,0,0,0,,0,012,"2ND AV","BELLEHAVEN ST",70.00,N,N,B,-,N,,,,,,,,,,Y,3,0,2,2,A,-,08,22107,,N,F,E,A,A,H,-,C,D,0,,,,,Y,,-,"- ",0,2,0,0,0,0,0,0,0,"- ","- ",,,MONTEREY,SALINAS,-121.61326450999999,36.680100400000001
7116865,2015,2015-11-18,2708,2015-10-21,1745,3581,,3,5,6,2708,0,0,0,,0,004,"EAST LAUREL DR","CONSTITUTION BL",225.00,W,N,A,-,N,,,,,,,,,,N,4,0,1,2,A,-,21,22106,,N,C,C,A,A,H,-,A,A,0,,,,,Y,,A,01,0,0,1,0,0,0,0,0,0,"- ","- ",,,MONTEREY,SALINAS,-121.63293075,36.69485358
7116869,2015,2015-11-18,2708,2015-10-09,0704,53260,,5,5,6,2708,0,0,0,,0,001,"BORONDA RD","NORTH MAIN ST",0.00,,Y,A,-,N,,,,,,,,,,N,4,0,1,2,A,-,07,21658,A,N,B,C,A,A,H,-,A,A,0,,,,,Y,,A,01,0,0,1,0,0,0,0,0,0,"- ","- ",,,MONTEREY,SALINAS,-121.65622992,36.721620110000003
7116873,2015,2015-12-07,2708,2015-10-30,1538,57533,2,5,5,6,2708,0,0,0,,0,007,"AIRPORT RD","ROY DIAZ RD",480.00,S,N,A,-,N,,,,,,,,,,Y,4,0,1,3,A,-,05,21460,A,N,B,C,A,A,H,-,A,D,0,,,,,Y,,A,01,0,0,1,0,0,0,0,0,0,"- ","- ",,,MONTEREY,SALINAS,-121.62281,36.660850000000003
7116877,2015,2015-11-18,2708,2015-10-29,1854,74426,,4,5,6,2708,0,0,0,,0,002,"NORTH MAIN ST","HARDEN PKWY",640.00,N,N,A,-,N,,,,,,,,,,N,3,0,1,2,A,-,05,21650,,N,D,G,A,A,H,-,C,A,0,,Y,,,Y,,L,04,0,1,0,0,0,0,1,0,0,"- ","- ",,,MONTEREY,SALINAS,-121.65485787999999,36.715028269999998
7117308,2015,2015-11-19,2708,2015-10-26,2035,6235,,1,5,6,2708,0,0,0,,0,002,"NORTH MAIN ST","ROCHEX AV",0.00,,Y,A,-,N,,,,,,,,,,N,4,0,1,2,A,-,05,21650,1,F,D,G,A,A,H,-,C,D,0,,Y,,,Y,,L,04,0,0,1,0,0,0,1,0,0,"- ","- ",,,MONTEREY,SALINAS,-121.65223989,36.700540029999999
7117315,2015,2015-11-19,2708,2015-10-05,1557,76992,,1,5,6,2708,0,0,0,,0,,"NORTH SANBORN RD","CIRCLE DR",20.00,S,N,B,-,N,,,,,,,,,,N,4,0,1,2,A,-,08,22107,,N,-,C,A,A,H,-,A,A,0,,,,,Y,Y,-,,0,0,1,0,0,0,0,0,0,"- ","- ",,,MONTEREY,SALINAS,-121.62529492,36.678962800000001
7117320,2015,2015-11-19,2708,2015-10-24,1822,71633,,6,5,6,2708,0,0,0,,0,002,BORONDA,"DARTMOUTH WY",430.00,W,N,A,-,N,,,,,,,,,,Y,4,0,1,2,A,-,01,23152,A,N,D,C,A,A,H,-,C,D,0,,,,,Y,Y,-,,0,0,1,0,0,0,0,0,0,"- ","- ",,,MONTEREY,SALINAS,-121.64990152,36.718661220000001
7117335,2015,2015-11-18,2708,2015-10-24,0801,49280,,6,5,6,2708,0,0,0,,0,008,"N MAIN",ROSSI,117.00,S,N,A,-,N,,,,,,,,,,,4,0,2,2,A,-,04,21703,,N,-,C,A,A,H,-,A,-,0,,,,,Y,,-,,0,0,2,0,0,0,0,0,0,"- ","- ",,,MONTEREY,SALINAS,-121.65420114,36.680581289999999
7117339,2015,2015-11-19,2708,2015-10-12,1359,19943,,1,5,6,2708,0,0,0,,0,007,"W ALISAL ST","HOMESTEAD AV",0.00,,Y,A,-,N,,,,,,,,,,,3,0,1,2,A,-,09,21801,A,N,D,C,A,A,H,-,A,A,0,,,,,Y,,A,01,0,1,0,0,0,0,0,0,0,"- ","- ",,,MONTEREY,SALINAS,-121.66437986,36.672520069999997
7117343,2015,2015-11-19,2708,2015-10-25,0813,52823,,7,5,6,2708,0,0,0,,0,,"CHAPARRAL ST","LINWOOD DR",6.00,E,N,A,-,N,,,,,,,,,,N,3,0,1,2,A,-,10,21950,A,N,G,B,B,A,H,-,A,A,0,Y,,,,Y,,-,,0,1,0,0,1,0,0,0,0,"- ","- ",,,MONTEREY,SALINAS,-121.64250039,36.702045259999998
7117347,2015,2015-11-18,2708,2015-10-05,1017,53269,,1,5,6,2708,0,0,0,,0,001,"NORTH MAIN ST","BOLIVAR ST",5.00,E,N,A,-,N,,,,,,,,,,N,3,0,1,2,A,-,10,21950,A,F,G,B,B,A,H,-,C,A,0,Y,,,,Y,,-,,0,1,0,0,1,0,0,0,0,"- ","- ",,,MONTEREY,SALINAS,-121.65637,36.725050000000003
7117351,2015,2015-11-18,2708,2015-10-04,2024,15945,,7,5,6,2708,0,0,0,,0,,"W ALISAL ST","SALINAS ST",0.00,,Y,A,-,N,,,,,,,,,,Y,4,0,2,2,A,-,12,21453,A,N,D,C,A,A,H,-,C,A,0,,,,,Y,,-,"- ",0,0,2,0,0,0,0,0,0,"- ","- ",,,MONTEREY,SALINAS,-121.65602994,36.673620020000001
7117355,2015,2015-11-18,2708,2015-10-26,0836,49280,,1,5,6,2708,0,0,0,,0,009,"HARKINS RD",ABBOTT,348.00,W,N,A,-,N,,,,,,,,,,Y,4,0,2,2,A,-,07,21658,A,N,B,C,A,A,H,-,A,D,0,,,,,Y,,-,,0,0,2,0,0,0,0,0,0,"- ","- ",,,MONTEREY,SALINAS,-121.62722973,36.652548840000001
7117359,2015,2015-11-18,2708,2015-10-10,0232,5048,,6,5,6,2708,0,0,0,,0,006,"LARKIN ST","VICTOR ST",30.00,E,N,A,-,N,,,,,,,,,,Y,3,0,1,3,A,-,06,21755,,N,C,E,A,A,H,-,D,D,0,,,,,Y,Y,-,,0,1,0,0,0,0,0,0,0,"- ","- ",,,MONTEREY,SALINAS,-121.660867,36.690105610000003
7117382,2015,2015-11-20,2708,2015-09-23,1512,66372,,3,5,6,2708,0,0,0,,0,,"W ACACIA","BEL AIR WY",0.00,,Y,A,-,N,,,,,,,,,,Y,4,0,1,2,A,-,01,23152,,F,B,E,A,A,H,-,A,A,0,,,,,Y,Y,-,,0,0,1,0,0,0,0,0,0,"- ","- ",,,MONTEREY,SALINAS,-121.67339987,36.669740009999998
7117386,2015,2015-11-20,2708,2015-09-19,1255,27345,,6,5,6,2708,0,0,0,,0,,"EAST LAUREL DR","TERRA DR",0.00,,Y,A,-,N,,,,,,,,,,Y,3,0,1,2,A,-,09,21804,A,N,D,C,A,A,H,-,-,D,0,,,,,Y,,-,,0,1,0,0,0,0,0,0,0,"- ","- ",,,MONTEREY,SALINAS,-121.64881986,36.698650100000002
7117390,2015,2015-11-20,2708,2015-09-18,0804,56575,SALIN,5,5,6,2708,0,0,0,,0,008,"ROSSI ST","NORTH MAIN ST",0.00,,Y,A,-,N,,,,,,,,,,N,4,0,1,2,A,-,07,21658,A,F,C,C,A,A,H,-,A,A,0,,,,,Y,,-,,0,0,1,0,0,0,0,0,0,"- ","- ",,,MONTEREY,SALINAS,-121.65408995,36.680890079999998
7117394,2015,2015-11-20,2708,2015-09-24,1444,52823,,4,5,6,2708,0,0,0,,0,,"EAST LAUREL DR","MARYAL DR",0.00,,Y,A,-,N,,,,,,,,,,Y,3,0,3,2,A,-,17,21451,A,N,A,C,A,A,H,-,A,A,0,,,,,Y,,-,,0,1,2,0,0,0,0,0,0,"- ","- ",,,MONTEREY,SALINAS,-121.64687991,36.698230100000004
7117398,2015,2015-11-20,2708,2015-09-23,1510,66372,,3,5,6,2708,0,0,0,,0,,"W ACACIA","CHALON CT",0.00,,Y,A,-,N,,,,,,,,,,Y,4,0,1,2,A,-,01,23152,,F,B,E,A,A,G,-,A,A,0,,,,,Y,Y,-,,0,0,1,0,0,0,0,0,0,"- ","- ",,,MONTEREY,SALINAS,-121.67417998000001,36.670040059999998
7119857,2015,2015-11-25,2708,2015-09-29,0642,79081,,2,5,6,2708,0,0,0,,0,008,"WEST MARKET","SALINAS ST",0.00,,Y,B,-,N,,,,,,,,,,Y,4,0,2,2,A,-,12,21453,A,N,D,C,A,A,H,-,A,A,0,,,,,Y,,-,,0,0,2,0,0,0,0,0,0,"- ","- ",,,MONTEREY,SALINAS,-121.65593990000001,36.677610010000002
7119861,2015,2015-11-18,2708,2015-09-08,0712,06235,,2,5,6,2708,0,0,0,,0,011,"NORTH SANBORN RD","FREEDOM PKWY",0.00,,Y,A,-,N,,,,,,,,,,,2,0,1,2,A,-,12,21453,A,N,G,G,A,A,H,-,A,A,0,,Y,,,Y,,L,04,1,0,0,0,0,0,1,0,0,"- ","- ",,,MONTEREY,SALINAS,-121.60134986,36.692130040000002
7119865,2015,2015-11-18,2708,2015-09-17,1729,07661,,4,5,6,2708,0,0,0,,0,006,"NORTH MAIN ST","SANTA CLARA AV",100.00,S,N,A,-,N,,,,,,,,,,Y,4,0,1,2,A,-,03,22350,,N,C,C,A,A,H,-,A,D,0,,,,,Y,,-,,0,0,1,0,0,0,0,0,0,"- ","- ",,,MONTEREY,SALINAS,-121.65242505000001,36.687695750000003
7119869,2015,2015-11-18,2708,2015-09-18,0820,56682,,5,5,6,2708,0,0,0,,0,002,"NORTH MAIN ST","NAVAJO DR",385.00,S,N,A,-,N,,,,,,,,,,N,4,0,1,2,A,-,05,21650,,N,G,G,A,A,H,-,A,D,0,,Y,,,Y,,L,04,0,0,1,0,0,0,1,0,0,"- ","- ",,,MONTEREY,SALINAS,-121.65304209999999,36.704655750000001
7135023,2015,2015-12-18,2708,2015-11-22,2235,71633,,7,5,6,2708,0,0,0,,0,012,"FAIRHAVEN ST","2ND AV",0.00,,Y,A,-,N,,,,,,,,,,Y,4,0,1,3,A,-,01,23153,,N,A,C,A,A,H,-,C,D,0,,,,,Y,Y,-,,0,0,1,0,0,0,0,0,0,"- ","- ",,,MONTEREY,SALINAS,-121.61509986,36.679030109999999
7135031,2015,2016-08-23,2708,2015-11-19,0007,07903,EAST,4,5,6,2708,0,0,0,,0,011,"OLD STAGE RD","WILLIAMS RD",10032.00,W,N,A,-,N,,,,,,,,,,Y,3,0,1,1,A,-,08,22107,,N,A,I,A,A,H,-,D,D,0,,,,,Y,,-,,0,1,0,0,0,0,0,0,0,"- ","- ",,,MONTEREY,SALINAS,-121.59361524000001,36.720908629999997
7135035,2015,2015-12-18,2708,2015-11-11,2327,25182,,3,5,6,2708,0,0,0,,0,004,"EAST LAUREL DR","CONSTITUTION BL",400.00,W,N,A,-,N,,,,,,,,,,Y,4,0,1,1,A,-,05,21651,A,N,E,I,A,A,H,-,C,D,0,,,,,Y,,-,,0,0,1,0,0,0,0,0,0,"- ","- ",,,MONTEREY,SALINAS,-121.63345312,36.695084739999999
7137764,2015,2015-12-18,2708,2015-09-18,1614,19702,,5,5,6,2708,0,0,0,,0,012,SANBORN,"S JOHN ST",220.00,S,N,A,-,N,,,,,,,,,,N,4,0,1,3,A,-,03,22350,,N,C,C,A,A,H,-,A,A,0,,,,,Y,,-,,0,0,1,0,0,0,0,0,0,"- ","- ",,,MONTEREY,SALINAS,-121.62777174,36.668696539999999
7137831,2015,2015-12-21,2708,2015-10-31,1741,15942,,6,5,6,2708,0,0,0,,0,,"WEST SAN LUIS ST","SALINAS ST",0.00,,Y,A,-,N,,,,,,,,,,Y,4,0,3,2,A,-,12,21453,A,N,-,C,A,A,H,-,B,A,0,,,,,Y,,-,,0,0,3,0,0,0,0,0,0,"- ","- ",,,MONTEREY,SALINAS,-121.65565992000001,36.671810069999999
7137835,2015,2015-12-21,2708,2015-10-27,1854,51362,SALIN,2,5,6,2708,0,0,0,,0,MUNI,"SHERWOOD DR","CALLE CEBU ST",0.00,,Y,B,C,N,,,,,,,,,,N,4,0,1,2,A,-,03,22350,,N,C,C,A,B,H,-,C,A,0,,,,,Y,,-,,0,0,1,0,0,0,0,0,0,"- ","- ",,,MONTEREY,SALINAS,-121.65036996000001,36.680200069999998
7138100,2015,2016-06-14,2708,2015-09-12,2006,56682,,6,5,6,2708,0,0,0,,0,007,"WILSON ST","SANTA BARBARA AV",33.00,E,N,A,-,N,,,,,,,,,,Y,2,0,2,1,A,-,01,23153,A,N,E,I,A,A,H,-,D,D,0,,,,,Y,Y,A,01,1,1,0,0,0,0,0,0,0,"- ","- ",,,MONTEREY,SALINAS,-121.66925897,36.679086679999998
7139093,2015,2016-01-12,2706,2015-12-18,1554,181,2706,5,5,4,2706,0,0,0,,0,002,"TYLER ST","FRANKLIN ST",0.00,,N,A,-,N,,,,,,,,,,Y,3,0,1,2,A,-,12,21453,A,N,D,C,A,A,H,-,A,A,0,,,,,Y,,-,"- ",0,1,0,0,0,0,0,0,0,"- ","- ",,,MONTEREY,MONTEREY,-121.89344993,36.599840090000001
7139101,2015,2016-01-12,2706,2015-12-10,1745,949,,4,5,4,2706,0,0,0,,0,,"NORTH FREMONT ST","RAMONA AV",260.00,E,N,A,-,N,,,,,,,,,,Y,4,0,2,2,A,-,09,21804,A,N,D,C,A,A,H,-,C,D,0,,,,,Y,,A,01,0,0,2,0,0,0,0,0,0,"- ","- ",,,MONTEREY,MONTEREY,-121.8553898,36.597343879999997
7139105,2015,2017-02-03,2706,2015-12-14,1938,810,2706,1,5,4,2706,0,0,0,,0,,"MUNRAS AV","SOLEDAD DR",0.00,,Y,A,-,Y,MON,5,1,-,R,75.980,R,4,N,Y,3,0,2,2,A,-,12,21453,A,N,D,C,A,A,H,-,C,A,0,,,,,Y,Y,A,01,0,1,1,0,0,0,0,0,0,"- ","- ",,,MONTEREY,MONTEREY,-121.90008322,36.5818364
7139124,2015,2016-01-09,2706,2015-12-02,1730,444,MPD,3,5,4,2706,0,0,0,,0,002,"IRIS CANYON RD","BARNET SEGAL LN",0.00,,Y,A,-,N,,,,,,,,,,Y,4,0,1,2,A,-,03,22350,,N,D,C,A,A,H,-,D,D,0,,,,,Y,,D,22,0,0,1,0,0,0,0,0,0,"- ","- ",,,MONTEREY,MONTEREY,-121.89249,36.580600050000001
7139226,2015,2016-01-07,2706,2015-12-14,1710,810,,1,5,4,2706,0,0,0,,0,,"DAVID AV","TAYLOR ST",22.00,W,N,A,-,N,,,,,,,,,,N,4,0,1,2,A,-,08,22107,,N,B,C,A,A,H,-,C,D,0,,,,,Y,,A,01,0,0,1,0,0,0,0,0,0,"- ","- ",,,MONTEREY,MONTEREY,-121.91794467,36.610459409999997
7145799,2015,2016-01-11,2712,2015-12-07,1108,687,2712,1,5,3,2712,0,0,0,,0,001,"BEACH RD","MARINA DR",154.00,W,N,A,-,N,,,,,,,,,,N,3,0,2,2,A,-,06,21755,,N,D,C,A,A,H,-,A,D,0,,,,Y,Y,,D,22,0,1,1,0,0,0,0,0,0,"- ","- ",,,MONTEREY,MARINA,-121.79934986000001,36.694522259999999
7153310,2016,2016-01-15,2712,2016-01-01,1630,537,2712,5,5,3,2712,0,0,0,,0,001,"CRESCENT AV","RESERVATION RD",165.00,S,N,A,-,N,,,,,,,,,,N,3,0,1,1,A,-,03,22350,,N,F,J,A,A,H,-,A,D,0,,,Y,,Y,Y,C,02,0,1,0,0,0,0,0,0,1,"- ","- ",,,MONTEREY,MARINA,-121.79213016,36.68342157
7156396,2015,2016-01-25,2710,2015-12-03,1443,34127,,4,5,4,2710,0,0,0,,0,001,"HARDING ST","WANDA AV",298.00,N,N,B,-,N,,,,,,,,,,N,3,0,1,2,A,-,08,22107,,F,G,B,E,B,H,-,A,D,0,Y,,,,Y,,A,01,0,1,0,0,1,0,0,0,0,"- ","- ",,,MONTEREY,SEASIDE,-121.83332823000001,36.604928540000003
7157014,2016,2016-03-03,2712,2016-01-05,1447,687,2712,2,5,3,2712,0,0,0,,0,001,"DEL MONTE BL","PALM AV",289.00,S,N,B,-,N,,,,,,,,,,Y,3,0,2,2,C,-,18,,,N,C,E,A,B,H,-,A,D,0,,,,Y,Y,,-,"- ",0,2,0,0,0,0,0,0,0,"- ","- ",,,MONTEREY,MARINA,-121.80386,36.68327
7158433,2016,2016-03-01,2712,2016-01-09,0231,730,2712,6,5,3,2712,0,0,0,,0,001,"2ND AV","10TH ST",189.00,N,N,C,-,N,,,,,,,,,,N,4,0,1,1,A,-,03,22350,,N,E,I,A,B,H,-,C,D,0,,,,,Y,,A,01,0,0,1,0,0,0,0,0,0,"- ","- ",,,MONTEREY,MARINA,-121.80930201,36.665089209999998
7159215,2016,2016-02-16,2711,2016-01-05,1333,2119,SLPD,2,5,3,2711,0,0,0,,0,001,"MAIN ST","MONTEREY ST",62.00,W,N,B,-,N,,,,,,,,,,Y,3,0,1,2,A,-,"- ",,,N,G,B,B,A,H,-,A,A,0,Y,,,,Y,Y,A,01,0,1,0,0,1,0,0,0,0,"- ","- ",,,MONTEREY,SOLEDAD,-121.32833007000001,36.427785989999997
7159219,2016,2016-02-24,2711,2016-01-24,0720,4141,2711,7,5,3,2711,0,0,0,,0,002,"MONTEREY ST","OAK ST",0.00,,Y,A,-,N,,,,,,,,,,N,4,0,1,2,A,-,12,22450,A,N,D,C,A,A,H,-,A,A,0,,,,,Y,,A,01,0,0,1,0,0,0,0,0,0,"- ","- ",,,MONTEREY,SOLEDAD,-121.32340993,36.424810049999998
7159223,2016,2016-02-24,2711,2016-01-30,2058,08790,2711,6,5,3,2711,0,0,0,,0,002,"FRONT ST","NESTLES RD",0.00,W,N,B,C,N,,,,,,,,,,N,4,0,1,2,A,-,04,21703,,N,C,C,A,A,H,-,C,D,0,,,,,Y,,A,01,0,0,1,0,0,0,0,0,0,"- ","- ",,,MONTEREY,SOLEDAD,-121.32273999,36.420340080000003
7159320,2015,2016-02-10,2711,2015-12-07,1706,0048,2711,1,5,3,2711,0,0,0,,0,001,"MONTEREY ST","DIXIE ST",0.00,,Y,A,-,N,,,,,,,,,,N,4,0,1,2,A,-,09,21802,A,N,D,G,A,A,H,-,C,A,0,,Y,,,Y,,A,07,0,0,1,0,0,0,1,0,0,"- ","- ",,,MONTEREY,SOLEDAD,-121.32434997999999,36.425420019999997
7159340,2015,2016-02-10,2711,2015-12-12,1729,7944,2711,6,5,3,2711,0,0,0,,0,001,"MONTEREY ST","MAIN ST",66.00,N,N,A,-,N,,,,,,,,,,N,4,0,1,2,A,-,03,22350,,N,G,-,D,A,H,-,C,A,0,Y,,,,Y,,A,01,0,0,1,0,1,0,0,0,0,"- ","- ",,,MONTEREY,SOLEDAD,-121.32837542999999,36.428033020000001
7159344,2015,2016-02-11,2711,2015-12-12,1505,7457,2711,6,5,3,2711,0,0,0,,0,001,"BENITO ST","MARKET ST",0.00,,Y,A,-,N,,,,,,,,,,N,3,0,1,2,A,-,12,22450,A,N,C,C,A,A,H,-,A,D,0,,,Y,,Y,,C,02,0,1,0,0,0,0,0,0,0,"- ","- ",,,MONTEREY,SOLEDAD,-121.3292,36.430250119999997
7159441,2016,2016-02-26,2712,2016-01-25,1548,687,2712,1,5,3,2712,0,0,0,,0,001,"RESERVATION RD","DE FOREST RD",216.00,W,N,A,-,N,,,,,,,,,,N,4,0,3,2,A,-,03,22350,,F,C,C,A,A,H,-,A,A,0,,,,,Y,,A,01,0,0,3,0,0,0,0,0,0,"- ","- ",,,MONTEREY,MARINA,-121.79411693999999,36.684908309999997