CASE_ID,ACCIDENT_YEAR,PROC_DATE,JURIS,COLLISION_DATE,COLLISION_TIME,OFFICER_ID,REPORTING_DISTRICT,DAY_OF_WEEK,CHP_SHIFT,POPULATION,CNTY_CITY_LOC,SPECIAL_COND,BEAT_TYPE,CHP_BEAT_TYPE,CITY_DIVISION_LAPD,CHP_BEAT_CLASS,BEAT_NUMBER,PRIMARY_RD,SECONDARY_RD,DISTANCE,DIRECTION,INTERSECTION,WEATHER_1,WEATHER_2,STATE_HWY_IND,CALTRANS_COUNTY,CALTRANS_DISTRICT,STATE_ROUTE,ROUTE_SUFFIX,POSTMILE_PREFIX,POSTMILE,LOCATION_TYPE,RAMP_INTERSECTION,SIDE_OF_HWY,TOW_AWAY,COLLISION_SEVERITY,NUMBER_KILLED,NUMBER_INJURED,PARTY_COUNT,PRIMARY_COLL_FACTOR,PCF_CODE_OF_VIOL,PCF_VIOL_CATEGORY,PCF_VIOLATION,PCF_VIOL_SUBSECTION,HIT_AND_RUN,TYPE_OF_COLLISION,MVIW,PED_ACTION,ROAD_SURFACE,ROAD_COND_1,ROAD_COND_2,LIGHTING,CONTROL_DEVICE,CHP_ROAD_TYPE,PEDESTRIAN_ACCIDENT,BICYCLE_ACCIDENT,MOTORCYCLE_ACCIDENT,TRUCK_ACCIDENT,NOT_PRIVATE_PROPERTY,ALCOHOL_INVOLVED,STWD_VEHTYPE_AT_FAULT,CHP_VEHTYPE_AT_FAULT,COUNT_SEVERE_INJ,COUNT_VISIBLE_INJ,COUNT_COMPLAINT_PAIN,COUNT_PED_KILLED,COUNT_PED_INJURED,COUNT_BICYCLIST_KILLED,COUNT_BICYCLIST_INJURED,COUNT_MC_KILLED,COUNT_MC_INJURED,PRIMARY_RAMP,SECONDARY_RAMP,LATITUDE,LONGITUDE,COUNTY,CITY,POINT_X,POINT_Y
7119938,2015,2015-11-23,2708,2015-08-31,1124,56525,2708,1,5,6,2708,0,0,0,,0,006,"NORTH DAVIS RD","WESTRIDGE PKWY",0.00,,Y,A,-,N,,,,,,,,,,Y,4,0,1,2,A,-,12,21453,A,N,D,C,A,A,H,-,A,A,0,,,,,Y,,-,,0,0,1,0,0,0,0,0,0,"- ","- ",,,MONTEREY,SALINAS,-121.66692989000001,36.704000100000002
7119942,2015,2015-11-23,2708,2015-08-19,2042,16301,,3,5,6,2708,0,0,0,,0,,"NORTH SANBORN RD","FREEDOM PKWY",0.00,,Y,B,-,N,,,,,,,,,,Y,2,0,5,3,A,-,09,21801,A,N,A,C,A,A,H,-,C,A,0,,,,,Y,,-,,3,1,1,0,0,0,0,0,0,"- ","- ",,,MONTEREY,SALINAS,-121.60134986,36.692130040000002
7119946,2015,2015-11-23,2708,2015-08-31,1821,80573,,1,5,6,2708,0,0,0,,0,012,"NORTH SANBORN RD","CEDAR ST",300.00,N,N,A,-,N,,,,,,,,,,N,4,0,1,2,A,-,03,22350,,N,C,C,A,A,H,-,A,D,0,,,,,Y,,-,,0,0,1,0,0,0,0,0,0,"- ","- ",,,MONTEREY,SALINAS,-121.62564621,36.678487990000001
7119950,2015,2015-11-23,2708,2015-08-18,1711,56682,SALIN,2,5,6,2708,0,0,0,,0,010,ABBOTT,JOHN,0.00,,Y,A,-,N,,,,,,,,,,Y,2,0,4,4,A,-,12,21453,A,N,A,C,A,A,H,-,A,A,0,,,,,Y,,A,01,1,0,3,0,0,0,0,0,0,"- ","- ",,,MONTEREY,SALINAS,-121.64686989,36.669430009999999
7119954,2015,2015-11-23,2708,2015-08-17,0532,30348,EAST,1,5,6,2708,0,0,0,,0,010,"S FILICE ST","E ALISAL",0.00,,Y,A,-,N,,,,,,,,,,N,4,0,1,2,A,-,10,21950,A,N,G,B,B,A,H,-,B,D,0,Y,,,,Y,,-,,0,0,1,0,1,0,0,0,0,"- ","- ",,,MONTEREY,SALINAS,-121.63037987,36.673190009999999
7120404,2015,2015-11-25,2706,2015-11-01,1843,635,MPD,7,5,4,2706,0,0,0,,0,003,"DEL MONTE AV","SLOAT AV",0.00,,Y,B,-,N,,,,,,,,,,N,4,0,1,2,A,-,03,22350,,N,C,C,A,A,H,-,C,A,0,,,,,Y,,A,01,0,0,1,0,0,0,0,0,0,"- ","- ",,,MONTEREY,MONTEREY,-121.87887996000001,36.599860020000001
7120416,2015,2015-11-24,2706,2015-11-07,1724,119,MPD,6,5,4,2706,0,0,0,,0,002,"MADISON ST","PACIFIC ST",0.00,,Y,B,-,N,,,,,,,,,,Y,4,0,1,2,A,-,09,21801,A,N,D,C,A,A,H,-,B,A,0,,,,,Y,,A,01,0,0,1,0,0,0,0,0,0,"- ","- ",,,MONTEREY,MONTEREY,-121.89709996000001,36.59681003
7122538,2015,2017-02-03,2706,2015-10-22,1534,949,MPD,4,5,4,2706,0,0,0,,0,003,"RT 68","JOSSELYN CANYON RD",1056.00,W,N,A,-,Y,MON,5,68,-,-,5.020,H,-,W,Y,4,0,1,2,A,-,08,22107,,N,D,C,A,A,D,-,A,D,0,,,,,Y,,D,22,0,0,1,0,0,0,0,0,0,"- ","- ",,,MONTEREY,MONTEREY,-121.85867091999999,36.584385279999999
7122874,2015,2015-11-23,2712,2015-11-07,1028,687,2712,6,5,3,2712,0,0,0,,0,001,"RESERVATION RD","DEL MONTE BL",26.00,E,N,A,-,N,,,,,,,,,,N,4,0,1,2,A,-,03,22350,,N,C,C,A,A,H,-,A,A,0,,,,,Y,,A,01,0,0,1,0,0,0,0,0,0,"- ","- ",,,MONTEREY,MARINA,-121.79968617,36.687637899999999
7122991,2015,2015-11-23,2706,2015-10-23,0829,627,2706,5,5,4,2706,0,0,0,,0,002,"E FRANKLIN ST","CORTES ST",0.00,,Y,A,-,N,,,,,,,,,,N,4,0,1,2,A,-,08,22100,B,N,D,C,A,A,H,-,A,D,0,,,,,Y,,A,01,0,0,1,0,0,0,0,0,0,"- ","- ",,,MONTEREY,MONTEREY,-121.88898998000001,36.599110060000001
7124314,2015,2017-01-28,2706,2015-11-17,1451,635,MPD,2,5,4,2706,0,0,0,,0,003,"RT 68","OLMSTED RD",0.00,,Y,A,-,Y,MON,5,68,-,-,5.570,H,-,W,N,4,0,1,2,A,-,03,22350,,F,C,C,A,A,H,-,A,A,0,,,,,Y,,D,22,0,0,1,0,0,0,0,0,0,"- ","- ",,,MONTEREY,MONTEREY,-121.84974732000001,36.583989119999998
7127034,2015,2015-12-30,2710,2015-11-29,1411,37346,2710,7,5,4,2710,0,0,0,,0,02B,"CANYON DEL REY BL","FRANCIS AV",18.00,E,N,A,-,N,,,,,,,,,,N,4,0,1,2,A,-,11,21954,A,N,G,G,D,A,H,-,A,D,0,Y,,Y,,Y,Y,N,60,0,0,1,0,1,0,0,0,0,"- ","- ",,,MONTEREY,SEASIDE,-121.85307374,36.60151011
7139234,2015,2016-01-07,2706,2015-12-19,1907,851,MPD,6,5,4,2706,0,0,0,,0,003,"NORTH FREMONT ST","CASANOVA AV",245.00,E,N,B,-,N,,,,,,,,,,Y,2,0,1,2,C,-,18,,,N,C,C,A,A,H,-,C,A,0,,,,,Y,,-,"- ",1,0,0,0,0,0,0,0,0,"- ","- ",,,MONTEREY,MONTEREY,-121.85244663,36.597901800000002
7139238,2015,2016-01-07,2706,2015-12-04,1111,939,MPD,5,5,4,2706,0,0,0,,0,001,"LIGHTHOUSE AV","HOFFMAN AV",184.00,N,N,A,-,N,,,,,,,,,,Y,4,0,2,2,A,-,08,22107,,N,D,C,A,A,H,-,A,D,0,,,,,Y,,A,01,0,0,2,0,0,0,0,0,0,"- ","- ",,,MONTEREY,MONTEREY,-121.90206508,36.61397668
7139242,2015,2016-01-07,2706,2015-12-16,0154,428,MPD,3,5,4,2706,0,0,0,,0,001,"LIGHTHOUSE AV","DEL MONTE AV",932.00,N,N,A,-,N,,,,,,,,,,Y,4,0,1,1,A,-,01,23152,A,N,E,I,A,A,H,-,C,D,0,,,,,Y,Y,A,01,0,0,1,0,0,0,0,0,0,"- ","- ",,,MONTEREY,MONTEREY,-121.89346999999999,36.602490000000003
7139246,2015,2016-01-07,2706,2015-12-04,0725,505,2706,5,5,4,2706,0,0,0,,0,003,"ENGLISH AV","DEL MONTE AV",97.00,S,N,A,-,N,,,,,,,,,,Y,4,0,1,2,A,-,03,22350,,N,D,C,A,B,H,-,A,A,0,,,,,Y,,A,07,0,0,1,0,0,0,0,0,0,"- ","- ",,,MONTEREY,MONTEREY,-121.86051707,36.604610700000002
7140017,2015,2015-12-22,2712,2015-11-28,1333,537,2712,6,5,3,2712,0,0,0,,0,001,"DEL MONTE BL","CYPRESS AV",0.00,,Y,A,-,N,,,,,,,,,,Y,3,0,2,2,A,-,09,21802,A,N,D,C,A,A,H,-,A,A,0,,,,,Y,,A,08,0,1,1,0,0,0,0,0,0,"- ","- ",,,MONTEREY,MARINA,-121.80521994,36.681780000000003
7140022,2015,2015-12-22,2709,2015-12-07,1738,2978,2709,1,5,1,2709,0,0,0,,0,ALL,"CALIFORNIA AV","EDGEWATER SHOPPING CTR",0.00,,N,A,-,N,,,,,,,,,,N,4,0,1,2,A,-,11,21954,A,N,G,B,D,A,H,-,C,D,0,Y,,,,Y,Y,N,60,0,0,1,0,1,0,0,0,0,"- ","- ",,,MONTEREY,"SAND CITY",,
7140045,2015,2015-12-22,2712,2015-11-15,1835,717,2712,7,5,3,2712,0,0,0,,0,001,"DEL MONTE BL","REINDOLLAR AV",400.00,S,N,A,-,N,,,,,,,,,,Y,4,0,1,2,A,-,08,22107,,N,D,C,A,A,H,-,C,D,0,,,,,Y,,A,01,0,0,1,0,0,0,0,0,0,"- ","- ",,,MONTEREY,MARINA,-121.80659276999999,36.680016590000001
7140164,2015,2015-12-18,2708,2015-11-12,0640,16258,SALNS,4,5,6,2708,0,0,0,,0,001,"NORTH DAVIS RD","BORONDA CROSSING",0.00,,Y,A,-,N,,,,,,,,,,Y,3,0,1,1,A,-,03,22350,A,N,A,I,A,A,H,-,B,D,0,,,,,Y,,-,,0,1,0,0,0,0,0,0,0,"- ","- ",,,MONTEREY,SALINAS,-121.66704993,36.720210080000001
7140168,2015,2015-12-18,2708,2015-11-25,0901,13102,MUNI,3,5,6,2708,0,0,0,,0,009,"SOUTH MAIN ST","PINE ST",0.00,,Y,A,-,N,,,,,,,,,,N,4,0,1,2,A,-,05,21650,1,N,D,G,A,A,H,-,A,A,0,,Y,,,Y,,L,04,0,0,1,0,0,0,1,0,0,"- ","- ",,,MONTEREY,SALINAS,-121.65655995,36.665920010000001
7140172,2015,2015-12-18,2708,2015-11-15,1512,53269,,7,5,6,2708,0,0,0,,0,001,"NORTH MAIN ST","E LAMAR ST",0.00,,Y,A,-,N,,,,,,,,,,Y,4,0,1,2,A,-,09,21801,A,N,D,C,A,A,H,-,A,D,0,,,,,Y,,-,,0,0,1,0,0,0,0,0,0,"- ","- ",,,MONTEREY,SALINAS,-121.65640997,36.7236501
7140176,2015,2015-12-18,2708,2015-11-09,1542,03581,,1,5,6,2708,0,0,0,,0,003,"EAST ALVIN DR","EL DORADO DR",0.00,,Y,B,-,N,,,,,,,,,,N,3,0,1,2,A,-,05,21650,1,N,D,G,A,B,H,-,A,A,0,,Y,,,Y,,L,04,0,1,0,0,0,0,1,0,0,"- ","- ",,,MONTEREY,SALINAS,-121.63777989,36.70530007
7140180,2015,2015-12-18,2708,2015-11-12,1747,16301,,4,5,6,2708,0,0,0,,0,006,"WEST ROSSI ST","RICO ST",0.00,,Y,A,-,N,,,,,,,,,,Y,4,0,1,2,A,-,09,21801,A,N,A,C,A,A,H,-,B,A,0,,,,,Y,,-,,0,0,1,0,0,0,0,0,0,"- ","- ",,,MONTEREY,SALINAS,-121.66150992999999,36.683930099999998
7140181,2015,2015-12-24,2708,2015-12-05,0159,,,6,5,6,2708,0,0,0,,0,006,"WEST LAUREL DR","NORTH DAVIS RD",300.00,E,N,A,-,N,,,,,,,,,,Y,4,0,2,2,A,-,01,23153,A,F,D,C,A,A,H,-,C,A,0,,,,,Y,Y,-,,0,0,2,0,0,0,0,0,0,"- ","- ",,,MONTEREY,SALINAS,-121.66706928000001,36.69785057
7140184,2015,2015-12-18,2708,2015-11-05,0255,18355,2708,4,5,6,2708,0,0,0,,0,010,JOHN,"TULIP CIR",0.00,,Y,A,-,N,,,,,,,,,,Y,3,0,2,3,A,-,03,22350,,N,C,C,A,A,H,-,C,D,0,,,,,Y,,-,,0,2,0,0,0,0,0,0,0,"- ","- ",,,MONTEREY,SALINAS,-121.63191993,36.66968009
7140187,2015,2015-12-18,2708,2015-12-01,2141,76956,,2,5,6,2708,0,0,0,,0,001,"W ALISAL ST","COLLEGE DR",22.00,W,N,A,-,N,,,,,,,,,,Y,4,0,2,1,A,-,01,23153,,N,E,I,A,A,H,-,C,D,0,,,,,Y,Y,-,,0,0,2,0,0,0,0,0,0,"- ","- ",,,MONTEREY,SALINAS,-121.67057364999999,36.67113775
7140188,2015,2015-12-18,2708,2015-11-13,1721,12507,TARS,5,5,6,2708,0,0,0,,0,005,"NATIVIDAD RD",CHAPARRAL,0.00,,Y,A,-,N,,,,,,,,,,Y,4,0,1,2,A,-,03,22350,,N,C,C,A,A,H,-,B,A,0,,,,,Y,,-,,0,0,1,0,0,0,0,0,0,"- ","- ",,,MONTEREY,SALINAS,-121.63451990999999,36.700130029999997
7140192,2015,2015-12-18,2708,2015-11-13,0802,52823,TARS,5,5,6,2708,0,0,0,,0,,"CONSTITUTION BL","BEACON HILL DR",0.00,,Y,A,-,N,,,,,,,,,,Y,3,0,2,2,A,-,09,21801,A,N,D,C,A,A,H,-,A,A,0,,,,,Y,,-,,0,2,0,0,0,0,0,0,0,"- ","- ",,,MONTEREY,SALINAS,-121.61603992000001,36.698770109999998
7140205,2015,2015-12-23,2708,2015-11-10,2231,54370,TARS,2,5,6,2708,0,0,0,,0,008,"EAST MARKET ST","NORTH MAIN ST",0.00,,Y,A,-,N,,,,,,,,,,,4,0,1,2,A,-,12,21453,A,N,D,G,A,A,H,-,C,A,0,,Y,,,Y,,L,04,0,0,1,0,0,0,1,0,0,"- ","- ",,,MONTEREY,SALINAS,-121.65593990000001,36.677610010000002
7140209,2015,2015-12-23,2708,2015-11-02,1052,56524,2708,1,5,6,2708,0,0,0,,0,278,"WEST MARKET ST",SALINAS,0.00,,Y,C,-,N,,,,,,,,,,Y,4,0,1,2,A,-,09,21801,A,N,D,C,A,B,H,-,A,D,0,,,,,Y,,-,,0,0,1,0,0,0,0,0,0,"- ","- ",,,MONTEREY,SALINAS,-121.65593990000001,36.677610010000002
7140261,2015,2015-12-18,2708,2015-11-13,1052,10122,,5,5,6,2708,0,0,0,,0,010,"EAST MARKET ST","NORTH PEARL ST",20.00,E,N,A,-,N,,,,,,,,,,Y,4,0,3,2,A,-,03,22350,,N,D,C,A,A,H,-,A,D,0,,,,,Y,,-,,0,0,3,0,0,0,0,0,0,"- ","- ",,,MONTEREY,SALINAS,-121.63309235,36.676692950000003
7140265,2015,2015-12-18,2708,2015-11-13,1556,58340,2708,5,5,6,2708,0,0,0,,0,002,"NORTH MAIN ST","WEST LAUREL DR",36.00,N,N,A,-,N,,,,,,,,,,N,4,0,1,2,A,-,03,22350,A,N,C,C,A,A,H,-,A,A,0,,,,,Y,,-,,0,0,1,0,0,0,0,0,0,"- ","- ",,,MONTEREY,SALINAS,-121.65204891,36.69941772
7140269,2015,2015-12-18,2708,2015-11-22,1129,52823,,7,5,6,2708,0,0,0,,0,,"SHERWOOD DR","BERNAL DR",15.00,S,N,A,-,N,,,,,,,,,,Y,4,0,1,2,A,-,07,21658,A,N,E,I,A,A,H,-,A,D,0,,,,,Y,,-,,0,0,1,0,0,0,0,0,0,"- ","- ",,,MONTEREY,SALINAS,-121.64348421,36.692203689999999
7140273,2015,2015-12-18,2708,2015-11-02,1317,75334,,1,5,6,2708,0,0,0,,0,,NATIVIDAD,"EAST LAUREL DR",100.00,N,N,A,-,N,,,,,,,,,,N,4,0,1,3,A,-,04,21703,,N,C,C,A,A,H,-,A,A,0,,,,,Y,,-,,0,0,1,0,0,0,0,0,0,"- ","- ",,,MONTEREY,SALINAS,-121.63799031000001,36.696459330000003
7140277,2015,2016-08-23,2708,2015-11-19,1652,18925,,4,5,6,2708,0,0,0,,0,005,"WEST LAUREL DR","LEGION ALLEY",116.00,W,N,A,-,N,,,,,,,,,,Y,4,0,1,2,A,-,09,21804,A,N,B,C,A,A,H,-,B,D,0,,,,,Y,,-,,0,0,1,0,0,0,0,0,0,"- ","- ",,,MONTEREY,SALINAS,,
7160726,2015,2017-02-03,2710,2015-12-31,2137,40390,SEASI,4,5,4,2710,0,0,0,,0,,"MONTEREY RD","FREMONT BL",0.00,,Y,A,-,Y,MON,5,1,-,R,80.870,R,4,N,N,3,0,1,2,A,-,07,21658,A,N,B,C,A,A,H,-,C,A,0,,,,,Y,,-,"- ",0,1,0,0,0,0,0,0,0,"- ","- ",,,MONTEREY,SEASIDE,-121.83936199,36.626046959999996
7160749,2015,2016-01-22,2710,2015-12-30,1150,34127,,3,5,4,2710,0,0,0,,0,003,"CANYON DEL REY BL","AMADOR AV",0.00,,Y,A,-,N,,,,,,,,,,N,4,0,1,2,A,-,21,22106,,N,C,C,A,A,H,-,A,A,0,,,,,Y,,-,,0,0,1,0,0,0,0,0,0,"- ","- ",,,MONTEREY,SEASIDE,-121.85543986,36.607120039999998
7160753,2015,2016-01-22,2710,2015-12-31,0930,32225,,4,5,4,2710,0,0,0,,0,,"BROADWAY AV","FLORES ST",0.00,,Y,A,-,N,,,,,,,,,,N,4,0,1,2,A,-,12,22450,A,N,D,G,A,A,H,-,A,A,0,,Y,,,Y,,-,,0,0,1,0,0,0,1,0,0,"- ","- ",,,MONTEREY,SEASIDE,-121.83395996,36.60897001
7160765,2015,2016-01-22,2710,2015-12-27,0240,40386,MARIN,7,5,4,2710,0,0,0,,0,014,"GENERAL JIM MOORE BL","PGE POLE 10098507",550.00,S,N,A,-,N,,,,,,,,,,Y,4,0,1,1,A,-,01,23152,,N,F,J,A,A,H,-,C,D,0,,,,,Y,,A,01,0,0,1,0,0,0,0,0,0,"- ","- ",,,MONTEREY,SEASIDE,,
7162249,2015,2016-01-29,2708,2015-12-26,1735,6240,,6,5,6,2708,0,0,0,,0,,"W ALISAL ST","W ALISAL ST 497",0.00,,Y,A,-,N,,,,,,,,,,Y,3,0,2,1,A,-,08,22107,,N,B,I,A,A,H,-,C,D,0,,,,,Y,,A,01,0,2,0,0,0,0,0,0,0,"- ","- ",,,MONTEREY,SALINAS,,
7162253,2015,2016-01-29,2708,2015-12-24,1040,30510,,4,5,6,2708,0,0,0,,0,009,"JOHN ST","WORK ST",195.00,W,N,B,C,N,,,,,,,,,,Y,4,0,2,2,A,-,03,22350,,N,C,C,A,B,H,-,A,A,0,,,,,Y,,D,22,0,0,2,0,0,0,0,0,0,"- ","- ",,,MONTEREY,SALINAS,-121.64270677,36.670680920000002
7162298,2015,2017-02-03,2708,2015-10-25,0735,58964,SPD,7,5,6,2708,0,0,0,,0,,"WEST MARKET ST","CLARK ST",0.00,,Y,B,-,Y,MON,5,183,-,-,1.690,I,5,N,Y,3,0,2,2,A,-,09,21802,A,N,D,C,A,A,H,-,A,D,0,,,,,Y,,-,,0,2,0,0,0,0,0,0,0,"- ","- ",,,MONTEREY,SALINAS,-121.67092699,36.683303889999998
7164482,2015,2016-01-23,2708,2015-12-21,1731,67054,,1,5,6,2708,0,0,0,,0,002,"PUEBLO DR","N 1ST ST",100.00,W,N,C,-,N,,,,,,,,,,N,4,0,1,2,A,-,03,22350,,M,C,C,A,B,H,-,C,D,0,,,,,Y,,-,,0,0,1,0,0,0,0,0,0,"- ","- ",,,MONTEREY,SALINAS,-121.65606699,36.705986979999999
7164486,2015,2016-01-23,2708,2015-12-03,1300,75635,,4,5,6,2708,0,0,0,,0,006,"NORTH DAVIS RD","WESTRIDGE PKWY",10.00,S,N,C,-,N,,,,,,,,,,Y,4,0,2,2,A,-,03,22350,,N,C,C,A,B,H,-,A,A,0,,,,,Y,,-,,0,0,2,0,0,0,0,0,0,"- ","- ",,,MONTEREY,SALINAS,-121.66693122,36.703972540000002
7164490,2015,2016-01-27,2708,2015-12-14,0808,10704,,1,5,6,2708,0,0,0,,0,012,"KENTUCKY ST","LINDEN ST",50.00,E,N,A,-,N,,,,,,,,,,N,3,0,2,3,A,-,03,22350,,N,G,B,D,A,H,-,A,D,0,Y,,,,Y,,-,,0,1,1,0,2,0,0,0,0,"- ","- ",,,MONTEREY,SALINAS,-121.62313933999999,36.68016549
7164493,2015,2017-02-03,2706,2015-12-29,1512,320,MPD,2,5,4,2706,0,0,0,,0,002,"SKYLINE FOREST","RT 68",21.00,E,N,A,-,Y,MON,5,68,-,-,3.370,I,5,W,Y,4,0,2,2,A,-,01,23152,A,N,D,C,A,A,H,-,A,D,0,,,,,Y,Y,A,01,0,0,2,0,0,0,0,0,0,"- ","- ",,,MONTEREY,MONTEREY,-121.91866444,36.5859533
7164494,2015,2016-01-27,2708,2015-12-01,1721,30433,,2,5,6,2708,0,0,0,,0,005,"NATIVIDAD RD","LUNSFORD DR",125.00,S,N,A,-,N,,,,,,,,,,N,4,0,2,3,A,-,03,22350,,N,C,C,A,A,H,-,C,-,0,,,,,Y,,A,01,0,0,2,0,0,0,0,0,0,"- ","- ",,,MONTEREY,SALINAS,-121.64170355,36.693537259999999
7127038,2015,2015-12-22,2710,2015-11-16,1743,38384,,1,5,4,2710,0,0,0,,0,016,"FREMONT BL","DEL MONTE BL",0.00,,Y,A,-,N,,,,,,,,,,N,3,0,1,2,A,-,09,21802,A,N,D,G,A,A,H,-,C,D,0,,Y,,,Y,,-,,0,1,0,0,0,0,1,0,0,"- ","- ",,,MONTEREY,SEASIDE,-121.8409899,36.622230020000003
7127072,2015,2015-12-28,2706,2015-10-14,0958,444,MPD,3,5,4,2706,0,0,0,,0,001,"DAVID AV","SPENCER ST",0.00,,Y,A,-,N,,,,,,,,,,Y,4,0,1,2,A,-,09,21802,A,N,D,C,A,A,H,-,A,A,0,,,,,Y,,A,07,0,0,1,0,0,0,0,0,0,"- ","- ",,,MONTEREY,MONTEREY,-121.90793993,36.615170059999997
7127080,2015,2016-01-04,2706,2015-10-27,1623,810,MPD,2,5,4,2706,0,0,0,,0,002,"PEARL ST","CALLE PRINCIPAL",0.00,,Y,A,-,N,,,,,,,,,,N,3,0,1,2,A,-,09,21802,A,N,D,G,A,-,H,-,A,A,0,,Y,,,Y,,A,01,0,1,0,0,0,0,1,0,0,"- ","- ",,,MONTEREY,MONTEREY,-121.89588999,36.59819006
7127121,2015,2015-12-24,2710,2015-11-13,2208,33762,,5,5,4,2710,0,0,0,,0,01A,"NOCHE BUENA ST","MINGO AV",20.00,S,N,A,-,N,,,,,,,,,,N,4,0,1,2,A,-,03,22350,,N,D,C,A,A,H,-,C,D,0,,,,,Y,,A,01,0,0,1,0,0,0,0,0,0,"- ","- ",,,MONTEREY,SEASIDE,-121.83764216,36.611895079999996
7127177,2015,2015-12-22,2706,2015-11-01,2122,119,MPD,7,5,4,2706,0,0,0,,0,002,"LIGHTHOUSE SB TNNL AV","DEL MONTE AV",27.00,S,N,A,-,N,,,,,,,,,,Y,4,0,1,2,A,-,01,23153,A,N,C,C,A,A,H,-,C,A,0,,,,,Y,Y,A,01,0,0,1,0,0,0,0,0,0,"- ","- ",,,MONTEREY,MONTEREY,,
7127569,2015,2017-01-28,2710,2015-11-08,1338,40386,MARIN,7,5,4,2710,0,0,0,,0,009,"FREMONT BL","CANYON DEL REY",0.00,,Y,A,-,Y,MON,5,218,-,-,0.000,I,5,W,N,4,0,1,2,A,-,03,22350,,N,C,D,A,A,H,-,A,A,0,,,,,Y,,A,07,0,0,1,0,0,0,0,0,0,"- ","- ",,,MONTEREY,SEASIDE,-121.85079106000001,36.598905809999998
7127775,2015,2017-02-03,2704,2015-10-21,1013,7307,2407,3,5,3,2704,0,0,0,,0,003,"EL CAMINO REAL","EL CAMINO REAL 215",0.00,,Y,A,-,Y,MON,5,101,-,-,53.410,H,-,S,N,4,0,1,2,A,-,10,21950,A,N,G,B,B,A,H,-,A,D,0,Y,,,,Y,,A,01,0,0,1,0,1,0,0,0,0,"- ","- ",,,MONTEREY,GREENFIELD,-121.23882063000001,36.324331299999997
7168556,2015,2016-01-26,2708,2015-12-01,1624,74426,,2,5,6,2708,0,0,0,,0,005,"NORTH MAIN ST","EAST LAUREL DR",241.00,S,N,A,-,N,,,,,,,,,,Y,4,0,1,2,A,-,01,23153,A,F,C,C,A,A,H,-,A,A,0,,,,,Y,Y,-,,0,0,1,0,0,0,0,0,0,"- ","- ",,,MONTEREY,SALINAS,-121.65170664,36.698663170000003
7170000,2015,2017-01-28,2708,2015-11-15,1749,56294,,7,5,6,2708,0,0,0,,0,007,"VILLA ST","WEST MARKET ST",0.00,,Y,A,-,Y,MON,5,183,-,-,1.380,I,5,S,N,4,0,1,2,A,-,10,21950,A,N,G,B,B,A,H,-,C,A,0,Y,,,,Y,,-,,0,0,1,0,1,0,0,0,0,"- ","- ",,,MONTEREY,SALINAS,-121.66612163000001,36.681418469999997
7171763,2016,2016-02-23,2708,2016-01-27,0933,71633,SALIN,3,5,6,2708,0,0,0,,0,011,"WILLIAMS RD","FREEDOM PKWY",102.00,S,N,A,-,N,,,,,,,,,,Y,4,0,1,2,A,-,07,21658,A,N,B,C,A,A,H,-,A,A,0,,,,,Y,,-,,0,0,1,0,0,0,0,0,0,"- ","- ",,,MONTEREY,SALINAS,-121.59698044,36.685454149999998
7171767,2016,2016-02-23,2708,2016-01-25,0852,19735,SPD,1,5,6,2708,0,0,0,,0,010,"NORTH SANBORN RD","EAST MARKET ST",120.00,N,N,A,-,N,,,,,,,,,,N,4,0,1,3,A,-,03,22350,,N,C,C,A,B,H,-,A,A,0,,,,,Y,,-,,0,0,1,0,0,0,0,0,0,"- ","- ",,,MONTEREY,SALINAS,-121.62692062000001,36.67675345
7171771,2016,2016-02-23,2708,2016-01-17,1456,37923,SALIN,7,5,6,2708,0,0,0,,0,010,"EAST ALISAL","HOLADAY AV",0.00,,Y,A,-,N,,,,,,,,,,N,4,0,1,2,A,-,07,21658,A,N,C,C,A,A,H,-,A,D,0,,,,,Y,,-,,0,0,1,0,0,0,0,0,0,"- ","- ",,,MONTEREY,SALINAS,-121.62899989,36.673050089999997
7140281,2015,2015-12-18,2708,2015-11-28,0629,76998,,6,5,6,2708,0,0,0,,0,006,"NORTH DAVIS RD","SLOAT DR",15.00,N,N,A,-,N,,,,,,,,,,Y,4,0,2,1,A,-,01,23153,A,N,E,J,A,A,H,-,A,D,0,,,,,Y,Y,-,,0,0,2,0,0,0,0,0,0,"- ","- ",,,MONTEREY,SALINAS,-121.67010707999999,36.690186840000003
7179734,2016,2016-08-24,2706,2016-01-13,1759,129,MPD,3,5,4,2706,0,0,0,,0,002,"MUNRAS AV","DEL MONTE CTR M",15.00,S,N,B,-,N,,,,,,,,,,Y,4,0,1,2,A,-,03,22350,,N,C,C,A,-,H,-,C,A,0,,,,,Y,,A,01,0,0,1,0,0,0,0,0,0,"- ","- ",,,MONTEREY,MONTEREY,,
7180753,2016,2016-02-24,2706,2016-02-05,1843,119,MPD,5,5,4,2706,0,0,0,,0,003,"DEL MONTE",SLOAT,44.00,E,N,A,-,N,,,,,,,,,,Y,4,0,1,2,A,-,01,23153,A,N,C,C,A,A,H,-,C,A,0,,,,,Y,Y,I,20,0,0,1,0,0,0,0,0,0,"- ","- ",,,MONTEREY,MONTEREY,-121.87873016,36.599855949999998
7180765,2016,2017-02-11,2706,2016-01-23,1057,330,MPD,6,5,4,2706,0,0,0,,0,003,"CASA VERDE WY","RT 1",0.00,,Y,A,-,Y,MON,5,1,-,-,78.400,R,3,S,N,4,0,1,2,A,-,10,21950,A,N,G,G,A,A,H,-,A,-,0,,Y,,,Y,,D,22,0,0,1,0,0,0,1,0,0,"- ","- ",,,MONTEREY,MONTEREY,-121.86809692,36.595468400000001
7181349,2016,2016-02-18,2706,2016-01-31,1925,772,2706,7,5,4,2706,0,0,0,,0,001,"PRESCOTT AV","LILY ST",99.00,W,N,A,-,N,,,,,,,,,,Y,4,0,1,2,A,-,03,22350,,F,C,C,A,A,H,-,C,D,0,,,,,Y,,A,01,0,0,1,0,0,0,0,0,0,"- ","- ",,,MONTEREY,MONTEREY,-121.91007107999999,36.61062956