CASE_ID,ACCIDENT_YEAR,PROC_DATE,JURIS,COLLISION_DATE,COLLISION_TIME,OFFICER_ID,REPORTING_DISTRICT,DAY_OF_WEEK,CHP_SHIFT,POPULATION,CNTY_CITY_LOC,SPECIAL_COND,BEAT_TYPE,CHP_BEAT_TYPE,CITY_DIVISION_LAPD,CHP_BEAT_CLASS,BEAT_NUMBER,PRIMARY_RD,SECONDARY_RD,DISTANCE,DIRECTION,INTERSECTION,WEATHER_1,WEATHER_2,STATE_HWY_IND,CALTRANS_COUNTY,CALTRANS_DISTRICT,STATE_ROUTE,ROUTE_SUFFIX,POSTMILE_PREFIX,POSTMILE,LOCATION_TYPE,RAMP_INTERSECTION,SIDE_OF_HWY,TOW_AWAY,COLLISION_SEVERITY,NUMBER_KILLED,NUMBER_INJURED,PARTY_COUNT,PRIMARY_COLL_FACTOR,PCF_CODE_OF_VIOL,PCF_VIOL_CATEGORY,PCF_VIOLATION,PCF_VIOL_SUBSECTION,HIT_AND_RUN,TYPE_OF_COLLISION,MVIW,PED_ACTION,ROAD_SURFACE,ROAD_COND_1,ROAD_COND_2,LIGHTING,CONTROL_DEVICE,CHP_ROAD_TYPE,PEDESTRIAN_ACCIDENT,BICYCLE_ACCIDENT,MOTORCYCLE_ACCIDENT,TRUCK_ACCIDENT,NOT_PRIVATE_PROPERTY,ALCOHOL_INVOLVED,STWD_VEHTYPE_AT_FAULT,CHP_VEHTYPE_AT_FAULT,COUNT_SEVERE_INJ,COUNT_VISIBLE_INJ,COUNT_COMPLAINT_PAIN,COUNT_PED_KILLED,COUNT_PED_INJURED,COUNT_BICYCLIST_KILLED,COUNT_BICYCLIST_INJURED,COUNT_MC_KILLED,COUNT_MC_INJURED,PRIMARY_RAMP,SECONDARY_RAMP,LATITUDE,LONGITUDE,COUNTY,CITY,POINT_X,POINT_Y
7181357,2016,2016-02-18,2706,2016-01-26,1508,444,MPD,2,5,4,2706,0,0,0,,0,003,"CASANOVA AV","NORTH FREMONT ST",0.00,,Y,A,-,N,,,,,,,,,,N,4,0,2,2,A,-,03,22350,,N,C,C,A,A,H,-,A,A,0,,,,,Y,,A,01,0,0,2,0,0,0,0,0,0,"- ","- ",,,MONTEREY,MONTEREY,-121.8532299,36.597670039999997
7181743,2015,2016-08-23,2711,2015-12-23,0245,8790,2711,3,5,3,2711,0,0,0,,0,001,"LAS FLORES ST","TOLEDO ST",0.00,,Y,B,-,N,,,,,,,,,,Y,2,0,1,2,A,-,00,20002,A,M,A,I,A,A,H,-,C,D,0,,,,,Y,Y,A,01,1,0,0,0,0,0,0,0,0,"- ","- ",,,MONTEREY,SOLEDAD,-121.31963992,36.43572004
7181890,2015,2016-02-23,2704,2015-12-20,1840,7307,7307,7,5,3,2704,0,0,0,,0,002,"WALNUT AV","WALNUT AV 650",0.00,,N,A,-,N,,,,,,,,,,N,4,0,1,2,A,-,00,20001,B,M,G,B,C,A,H,-,C,D,0,Y,,,,Y,Y,D,22,0,0,1,0,1,0,0,0,0,"- ","- ",,,MONTEREY,GREENFIELD,,
7181910,2015,2016-08-23,2704,2015-12-11,1759,7307,2704,5,5,3,2704,0,0,0,,0,004,"6TH ST","ELM AV",0.00,,Y,A,-,N,,,,,,,,,,N,4,0,1,2,A,-,00,20001,B,N,B,C,A,A,H,-,B,D,0,,,,,Y,Y,D,22,0,0,1,0,0,0,0,0,0,"- ","- ",,,MONTEREY,GREENFIELD,-121.2376399,36.319590060000003
7182289,2015,2017-01-04,2702,2015-05-12,0748,6252,MONTE,2,5,1,2702,0,0,0,,0,003,"RT 218","W ENT STONE CREEK",0.00,,Y,B,-,Y,MON,5,218,-,-,0.920,I,5,E,Y,3,0,2,2,A,-,09,21804,A,N,A,C,A,A,H,-,A,D,0,,,,,Y,,J,48,0,1,1,0,0,0,0,0,0,"- ","- ",,,MONTEREY,"DEL REY OAKS",-121.83697702000001,36.594298860000002
7182293,2015,2016-03-02,2708,2015-06-03,1324,52823,,3,5,6,2708,0,0,0,,0,,"W BERNAL DR","MARYAL DR",63.00,W,N,B,-,N,,,,,,,,,,N,3,0,1,2,A,-,12,22450,,N,B,G,A,A,H,-,A,A,0,,Y,,,Y,,L,04,0,1,0,0,0,0,1,0,0,"- ","- ",,,MONTEREY,SALINAS,-121.64627951999999,36.690888389999998
7182352,2015,2016-03-21,2707,2015-06-04,1400,1983,2707,4,5,3,2707,0,0,0,,0,002,"17 MILE DR","EGAN AV",0.00,,Y,A,-,N,,,,,,,,,,Y,3,0,3,1,A,-,03,22350,,N,A,I,A,A,H,-,A,D,0,,,,,Y,,A,01,0,1,2,0,0,0,0,0,0,"- ","- ",,,MONTEREY,"PACIFIC GROVE",,
7182380,2015,2017-01-11,2707,2015-05-26,1639,1635,2707,2,5,3,2707,0,0,0,,0,001,"SUNSET DR","17 MILE DR",36.00,W,N,A,-,Y,MON,5,68,-,-,0.480,H,-,E,Y,4,0,2,2,A,-,03,22350,,N,C,C,A,A,H,-,A,A,0,,,,,Y,,A,01,0,0,2,0,0,0,0,0,0,"- ","- ",,,MONTEREY,"PACIFIC GROVE",-121.9316951,36.61525803
7182392,2015,2016-04-04,2707,2015-07-04,1800,2011,2707,6,5,3,2707,0,0,0,,0,002,"EARDLEY AV","LIGHTHOUSE AV",0.00,,Y,A,-,N,,,,,,,,,,N,4,0,1,2,A,-,09,21803,A,N,D,C,A,A,H,-,A,A,0,,,,,Y,,A,01,0,0,1,0,0,0,0,0,0,"- ","- ",,,MONTEREY,"PACIFIC GROVE",-121.90608997,36.616900059999999
7182416,2015,2017-02-03,2707,2015-10-09,1321,2108,,5,5,3,2707,0,0,0,,0,001,"PRESIDIO BL","AUSTIN AV",40.00,S,N,A,-,Y,MON,5,68,-,-,1.990,I,6,E,N,4,0,2,2,A,-,03,22350,,N,C,C,A,A,H,-,A,A,0,,,,,Y,,A,01,0,0,2,0,0,0,0,0,0,"- ","- ",,,MONTEREY,"PACIFIC GROVE",-121.92637886,36.601165109999997
7182420,2015,2016-03-22,2707,2015-12-15,1142,1622,2707,2,5,3,2707,0,0,0,,0,001,"PINE AV","CONGRESS AV",17.00,N,N,A,-,N,,,,,,,,,,Y,3,0,2,2,A,-,09,21802,A,N,D,C,A,A,H,-,A,D,0,,,,,Y,,A,01,0,1,1,0,0,0,0,0,0,"- ","- ",,,MONTEREY,"PACIFIC GROVE",-121.92196426,36.619726380000003
7182428,2015,2016-03-22,2707,2015-12-06,1810,1275,,7,5,3,2707,0,0,0,,0,002,"LIGHTHOUSE AV","EARDLEY AV",0.00,,Y,A,-,N,,,,,,,,,,N,4,0,1,2,A,-,12,22450,A,N,D,G,A,A,H,-,C,A,0,,Y,,,Y,Y,L,04,0,0,1,0,0,0,1,0,0,"- ","- ",,,MONTEREY,"PACIFIC GROVE",-121.90608997,36.616900059999999
7182432,2015,2016-03-22,2707,2015-08-06,1200,1983,2707,4,5,3,2707,0,0,0,,0,002,"LIGHTHOUSE AV","14TH ST",0.00,,Y,A,-,N,,,,,,,,,,N,3,0,1,2,A,-,03,22350,,N,B,G,A,A,H,-,A,D,0,,Y,,,Y,,L,04,0,1,0,0,0,0,1,0,0,"- ","- ",,,MONTEREY,"PACIFIC GROVE",-121.91563992,36.620120059999998
7182436,2015,2016-06-18,2707,2015-08-20,1343,1983,2707,4,5,3,2707,0,0,0,,0,001,"SUNSET DR","ASILOMAR AV",0.00,,Y,A,-,N,,,,,,,,,,N,4,0,1,2,A,-,03,22350,,N,D,G,A,A,H,-,A,D,0,,Y,,,Y,,L,04,0,0,1,0,0,0,1,0,0,"- ","- ",,,MONTEREY,"PACIFIC GROVE",-121.93602986,36.616120000000002
7182438,2015,2016-03-21,2707,2015-12-30,1412,2178,2707,3,5,3,2707,0,0,0,,0,001,"FOREST AV","SINEX AV",20.00,N,N,A,-,N,,,,,,,,,,Y,3,0,1,2,A,-,03,22350,,N,C,C,A,A,H,-,A,A,0,,,,,Y,,A,07,0,1,0,0,0,0,0,0,0,"- ","- ",,,MONTEREY,"PACIFIC GROVE",-121.92040738999999,36.61514184
7182440,2015,2016-03-22,2707,2015-12-23,1557,1622,2707,3,5,3,2707,0,0,0,,0,001,"FOREST AV","SINEX AV",15.00,S,N,A,-,N,,,,,,,,,,Y,3,0,2,2,C,-,18,,,N,C,C,A,A,H,-,A,A,0,,,,,Y,,-,"- ",0,1,1,0,0,0,0,0,0,"- ","- ",,,MONTEREY,"PACIFIC GROVE",-121.92044779,36.615051360000002
7182441,2015,2016-03-21,2707,2015-09-07,1437,1622,2707,1,5,3,2707,0,0,0,,0,002,"LIGHTHOUSE AV","FOREST AV",0.00,,Y,A,-,N,,,,,,,,,,N,4,0,1,2,A,-,03,22350,,N,C,C,A,A,H,-,A,D,0,,,,,Y,,A,01,0,0,1,0,0,0,0,0,0,"- ","- ",,,MONTEREY,"PACIFIC GROVE",-121.91782986,36.621090049999999
7182444,2015,2017-01-14,2707,2015-11-24,1410,1622,2707,2,5,3,2707,0,0,0,,0,001,"FOREST AV","FOREST HILLS BL",446.00,S,N,A,-,Y,MON,5,68,-,-,1.240,H,-,W,Y,3,0,2,2,A,-,09,21804,A,N,D,C,A,A,H,-,A,D,0,,,,,Y,,A,07,0,1,1,0,0,0,0,0,0,"- ","- ",,,MONTEREY,"PACIFIC GROVE",-121.92258,36.608511620000002
7171775,2016,2016-02-23,2708,2016-01-25,1821,37923,SALIN,1,5,6,2708,0,0,0,,0,005,"EAST LAUREL DR","ANGELUS DR",40.00,S,N,A,-,N,,,,,,,,,,N,4,0,1,2,A,-,03,22350,,F,C,C,A,A,H,-,C,D,0,,,,,Y,,-,,0,0,1,0,0,0,0,0,0,"- ","- ",,,MONTEREY,SALINAS,-121.64580791,36.697972419999999
7171779,2016,2016-02-23,2708,2016-01-30,0305,06235,,6,5,6,2708,0,0,0,,0,011,"SUNRISE ST","DEL MONTE AV",918.00,S,N,C,-,N,,,,,,,,,,Y,3,0,1,5,A,-,08,22107,,N,B,E,A,B,H,-,C,D,0,,,,,Y,Y,-,,0,1,0,0,0,0,0,0,0,"- ","- ",,,MONTEREY,SALINAS,-121.61242878,36.686157870000002
7171783,2016,2016-02-23,2708,2016-01-25,1801,37923,SALIN,1,5,6,2708,0,0,0,,0,003,"EAST BORONDA RD","MCKINNON ST",250.00,W,N,A,-,N,,,,,,,,,,Y,3,0,2,2,A,-,03,22350,,N,C,C,A,A,H,-,C,A,0,,,,,Y,,-,,0,1,1,0,0,0,0,0,0,"- ","- ",,,MONTEREY,SALINAS,-121.64449927,36.717193199999997
7171787,2016,2016-02-23,2708,2016-01-11,1912,21990,2708,1,5,6,2708,0,0,0,,0,002,"NORTH MAIN ST","WEST ALVIN DR",0.00,,Y,A,-,N,,,,,,,,,,Y,4,0,1,2,A,-,03,22350,,N,B,C,A,A,H,-,C,A,0,,,,,Y,,-,,0,0,1,0,0,0,0,0,0,"- ","- ",,,MONTEREY,SALINAS,-121.65366994,36.707870040000003
7171791,2016,2016-02-23,2708,2016-01-25,0800,19943,,1,5,6,2708,0,0,0,,0,004,"EAST BORONDA RD","INDEPENDENCE BL",500.00,E,N,A,-,N,,,,,,,,,,Y,4,0,2,2,A,-,03,22350,,N,C,C,A,A,H,-,A,D,0,,,,,Y,,A,01,0,0,2,0,0,0,0,0,0,"- ","- ",,,MONTEREY,SALINAS,-121.61497352000001,36.71439384
7171795,2016,2016-02-23,2708,2016-01-23,1918,56525,SALIN,6,5,6,2708,0,0,0,,0,008,"FRONT ST","ALISAL ST",0.00,,Y,A,-,N,,,,,,,,,,Y,4,0,1,2,A,-,12,21453,A,N,D,C,A,A,H,-,C,A,0,,,,,Y,,-,,0,0,1,0,0,0,0,0,0,"- ","- ",,,MONTEREY,SALINAS,-121.64915999,36.674640099999998
7171799,2016,2016-02-23,2708,2016-01-27,1827,30433,,3,5,6,2708,0,0,0,,0,002,"NORTH MAIN ST","HARDEN PKWY",100.00,S,N,A,-,N,,,,,,,,,,Y,4,0,1,2,A,-,09,21804,A,N,D,C,A,A,H,-,C,D,0,,,,,Y,,A,01,0,0,1,0,0,0,0,0,0,"- ","- ",,,MONTEREY,SALINAS,-121.65447751000001,36.713018550000001
7171803,2016,2016-02-23,2708,2016-01-21,1428,71633,SALIN,4,5,6,2708,0,0,0,,0,011,"NORTH SAN BORN RD","DEL MONTE AV",0.00,,Y,A,-,N,,,,,,,,,,Y,4,0,1,2,A,-,09,21801,A,N,A,C,A,A,H,-,A,A,0,,,,,Y,,-,,0,0,1,0,0,0,0,0,0,"- ","- ",,,MONTEREY,SALINAS,-121.61081992,36.688660079999998
7171807,2016,2016-02-23,2708,2016-01-07,2232,49532,SALIN,4,5,6,2708,0,0,0,,0,012,"LA GUARDIA","VANDENBERG ST",800.00,W,N,A,-,N,,,,,,,,,,Y,2,0,2,2,A,-,08,22102,,N,-,C,A,A,H,-,C,A,0,,,,,Y,,-,,2,0,0,0,0,0,0,0,0,"- ","- ",,,MONTEREY,SALINAS,-121.60980834999999,36.6579421
7171811,2015,2016-02-23,2708,2015-01-06,1644,71595,,2,5,6,2708,0,0,0,,0,006,"NORTH MAIN ST","EAST MENKE ST",75.00,N,N,C,-,N,,,,,,,,,,Y,4,0,1,3,A,-,03,22350,,N,-,C,A,B,H,-,B,A,0,,,,,Y,,-,,0,0,1,0,0,0,0,0,0,"- ","- ",,,MONTEREY,SALINAS,-121.65354024,36.68237577
7171815,2016,2016-02-23,2708,2016-01-15,1711,97158,,5,5,6,2708,0,0,0,,0,005,"EAST LAUREL DR","GRANADA AV",8.00,E,N,B,-,N,,,,,,,,,,Y,4,0,2,2,A,-,09,21804,A,N,D,C,A,A,H,-,B,D,0,,,,,Y,,-,,0,0,2,0,0,0,0,0,0,"- ","- ",,,MONTEREY,SALINAS,-121.64032372,36.696784059999999
7171819,2016,2016-02-23,2708,2016-01-11,0919,07661,,1,5,6,2708,0,0,0,,0,005,"EAST LAUREL","NORTH MAIN ST",75.00,E,N,B,-,N,,,,,,,,,,N,4,0,1,2,A,-,03,22350,,N,C,C,A,A,H,-,A,A,0,,,,,Y,,-,,0,0,1,0,0,0,0,0,0,"- ","- ",,,MONTEREY,SALINAS,-121.65155609999999,36.699297090000002
7182448,2015,2016-03-22,2707,2015-06-28,2251,2101,2707,7,5,3,2707,0,0,0,,0,002,"LIGHTHOUSE AV","DEL MONTE BL",109.00,W,N,A,-,N,,,,,,,,,,N,4,0,1,3,A,-,07,21658,A,N,C,E,A,A,H,-,C,D,0,,,,,Y,Y,A,01,0,0,1,0,0,0,0,0,0,"- ","- ",,,MONTEREY,"PACIFIC GROVE",-121.92604995000001,36.625026890000001
7182452,2015,2016-03-22,2707,2015-09-14,1710,1275,,1,5,3,2707,0,0,0,,0,001,"FOREST AV","JUNIPERO AV",0.00,,Y,A,-,N,,,,,,,,,,N,4,0,1,2,A,-,09,21802,A,N,D,C,A,A,H,-,A,A,0,,,,,Y,,A,01,0,0,1,0,0,0,0,0,0,"- ","- ",,,MONTEREY,"PACIFIC GROVE",-121.91963997000001,36.616950090000003
7182456,2015,2016-03-22,2707,2015-09-18,1414,2108,,5,5,3,2707,0,0,0,,0,002,"PINE AV","18TH ST",0.00,,Y,A,-,N,,,,,,,,,,Y,4,0,2,2,A,-,09,21802,A,N,D,C,A,A,H,-,A,D,0,,,,,Y,,A,01,0,0,2,0,0,0,0,0,0,"- ","- ",,,MONTEREY,"PACIFIC GROVE",-121.92031994,36.619280009999997
7182460,2015,2016-03-22,2707,2015-04-26,0540,2091,2707,7,5,3,2707,0,0,0,,0,002,"LIGHTHOUSE AV","18TH ST",0.00,,Y,A,-,N,,,,,,,,,,Y,4,0,1,2,A,-,09,21802,A,N,D,C,A,A,H,-,B,D,0,,,,,Y,,A,01,0,0,1,0,0,0,0,0,0,"- ","- ",,,MONTEREY,"PACIFIC GROVE",-121.91926999,36.62170003
7182464,2015,2017-01-07,2707,2015-06-01,1451,2119,2707,1,5,3,2707,0,0,0,,0,001,"FOREST AV","PIEDMONT AV",12.00,N,N,A,-,Y,MON,5,68,-,-,1.070,H,-,W,Y,4,0,1,2,A,-,07,21658,A,N,D,C,A,A,H,-,A,D,0,,,Y,,Y,,D,22,0,0,1,0,0,0,0,0,1,"- ","- ",,,MONTEREY,"PACIFIC GROVE",-121.92328412000001,36.610952619999999
7182468,2015,2016-03-21,2707,2015-07-01,0701,1983,1983,3,5,3,2707,0,0,0,,0,002,"OCEAN VIEW BL","BEACH ST",45.00,E,N,A,-,N,,,,,,,,,,Y,4,0,1,1,A,-,05,21650,,N,A,I,A,A,H,-,A,D,0,,,,,Y,,D,22,0,0,1,0,0,0,0,0,0,"- ","- ",,,MONTEREY,"PACIFIC GROVE",-121.92293026999999,36.632449719999997
7182649,2015,2016-03-22,2707,2015-07-18,1020,2011,2707,6,5,3,2707,0,0,0,,0,001,"SUNSET DR","ASILOMAR AV",10.00,N,N,A,-,N,,,,,,,,,,N,3,0,1,3,A,-,08,22107,,N,C,C,A,A,H,-,A,D,0,,Y,,,Y,,A,01,0,1,0,0,0,0,1,0,0,"- ","- ",,,MONTEREY,"PACIFIC GROVE",-121.93599607,36.616122609999998
7182665,2015,2016-03-22,2707,2015-06-23,1930,1762,2707,2,5,3,2707,0,0,0,,0,002,"CENTRAL AV","EARDLEY AV",16.00,S,N,A,-,N,,,,,,,,,,Y,4,0,2,2,A,-,03,22350,,N,D,C,A,A,H,-,A,D,0,,,,,Y,,A,07,0,0,2,0,0,0,0,0,0,"- ","- ",,,MONTEREY,"PACIFIC GROVE",-121.90506632,36.617415430000001
7186082,2015,2016-02-23,2708,2015-12-20,0231,56525,SALIN,7,5,6,2708,0,0,0,,0,011,"FREEDOM PKWY","NOGAL DR",300.00,E,N,A,-,N,,,,,,,,,,Y,4,0,1,1,A,-,08,22107,,M,E,I,A,A,H,-,C,A,0,,,,,Y,,-,,0,0,1,0,0,0,0,0,0,"- ","- ",,,MONTEREY,SALINAS,-121.60579815,36.697465899999997
7186086,2015,2016-02-23,2708,2015-12-21,1727,71633,SALIN,1,5,6,2708,0,0,0,,0,005,"NAVAJO DR","NORTH MAIN ST",0.00,,Y,C,-,N,,,,,,,,,,N,3,0,1,2,A,-,10,21950,A,F,G,B,B,B,H,-,C,D,0,Y,,,,Y,,-,,0,1,0,0,1,0,0,0,0,"- ","- ",,,MONTEREY,SALINAS,-121.65324988,36.705700069999999
7186316,2015,2016-02-29,2708,2015-12-22,1803,18925,,2,5,6,2708,0,0,0,,0,003,"PRINCETOWN DR","INDEPENDENCE BL",0.00,,Y,A,-,N,,,,,,,,,,N,3,0,1,2,A,-,00,21590,A,N,G,B,B,A,H,-,C,D,0,Y,,,,Y,,-,,0,1,0,0,1,0,0,0,0,"- ","- ",,,MONTEREY,SALINAS,,
7187861,2016,2016-02-22,2706,2016-01-27,1613,444,MPD,3,5,4,2706,0,0,0,,0,001,"LIGHTHOUSE AV","MCCLELLAN AV",99.00,N,N,A,-,N,,,,,,,,,,N,4,0,2,2,A,-,03,22350,,N,C,C,A,A,H,-,A,D,0,,,,,Y,,D,22,0,0,2,0,0,0,0,0,0,"- ","- ",,,MONTEREY,MONTEREY,-121.90101035000001,36.612734570000001
7171823,2016,2016-02-23,2708,2016-01-05,0659,19595,,2,5,6,2708,0,0,0,,0,008,"FRONT ST","EAST SAN LUIS ST",5.00,S,N,C,-,N,,,,,,,,,,N,3,0,1,2,A,-,12,21453,A,N,G,B,D,B,H,-,B,A,0,Y,,,,Y,,N,60,0,1,0,0,1,0,0,0,0,"- ","- ",,,MONTEREY,SALINAS,-121.64873722999999,36.672776450000001
7171827,2016,2016-02-23,2708,2016-01-21,0826,71633,SALIN,4,5,6,2708,0,0,0,,0,010,"EAST ALISAL ST","KINGS ST",0.00,,Y,A,-,N,,,,,,,,,,N,3,0,1,2,A,-,09,21801,A,F,D,C,A,A,H,-,A,D,0,,,,,Y,,-,,0,1,0,0,0,0,0,0,0,"- ","- ",,,MONTEREY,SALINAS,-121.63951989,36.674110030000001
7171831,2016,2016-02-23,2708,2016-01-17,1801,74426,,7,5,6,2708,0,0,0,,0,008,"EAST MARKET ST","SUN ST",0.00,,Y,B,-,N,,,,,,,,,,Y,4,0,1,2,A,-,01,23152,A,N,C,C,A,A,H,-,C,A,0,,,,,Y,Y,-,,0,0,1,0,0,0,0,0,0,"- ","- ",,,MONTEREY,SALINAS,-121.64636998,36.678870070000002
7171835,2016,2016-02-23,2708,2016-01-09,1349,23269,,6,5,6,2708,0,0,0,,0,001,"BORONDA RD","SAN JUAN GRADE RD",512.00,E,N,B,-,N,,,,,,,,,,N,3,0,1,2,A,-,09,21804,A,N,-,C,A,A,H,-,A,D,0,,,,,Y,,-,,0,1,0,0,0,0,0,0,0,"- ","- ",,,MONTEREY,SALINAS,-121.65001073000001,36.71874554
7171839,2016,2016-02-25,2708,2016-01-09,1925,58340,,6,5,6,2708,0,0,0,,0,011,"BADGER WY","WILLIAMS RD",10.00,W,N,B,-,N,,,,,,,,,,N,4,0,1,1,A,-,03,22350,,M,A,I,A,A,H,-,D,D,0,,,,,Y,,A,01,0,0,1,0,0,0,0,0,0,"- ","- ",,,MONTEREY,SALINAS,-121.5933395,36.687572539999998
7175962,2016,2016-02-08,2712,2016-01-21,0318,706,2712,4,5,3,2712,0,0,0,,0,001,"BAYER ST","BAYER ST 3131",37.00,W,N,A,-,N,,,,,,,,,,Y,4,0,1,1,A,-,01,23152,A,N,A,I,A,A,H,-,C,A,0,,,,,Y,Y,A,01,0,0,1,0,0,0,0,0,0,"- ","- ",,,MONTEREY,MARINA,,
7175966,2016,2016-02-08,2712,2016-01-20,0722,687,2712,3,5,3,2712,0,0,0,,0,001,"DE FOREST RD","PARK CR",52.00,S,N,B,-,N,,,,,,,,,,N,4,0,2,1,A,-,03,22350,,N,E,I,A,B,H,-,D,D,0,,,,,Y,,A,07,0,0,2,0,0,0,0,0,0,"- ","- ",,,MONTEREY,MARINA,-121.79176364,36.686918669999997
7175978,2016,2016-02-08,2712,2016-01-14,1740,300,2712,4,5,3,2712,0,0,0,,0,001,"RESERVATION RD","MBEST DR",1050.00,W,N,A,-,N,,,,,,,,,,Y,4,0,1,3,A,-,03,22350,,N,C,C,A,A,H,-,C,A,0,,,,,Y,,A,01,0,0,1,0,0,0,0,0,0,"- ","- ",,,MONTEREY,MARINA,-121.76432555,36.670657570000003
7176402,2016,2016-08-24,2711,2016-01-02,1900,6111,2711,6,5,3,2711,0,0,0,,0,001,"EAST ST","MONTEREY ST",22.00,E,N,B,-,N,,,,,,,,,,Y,3,0,1,3,A,-,08,22107,,M,B,C,A,A,H,-,C,D,0,,,,,Y,Y,D,22,0,1,0,0,0,0,0,0,0,"- ","- ",,,MONTEREY,SOLEDAD,-121.32510299,36.42598701
7176442,2016,2016-02-12,2711,2016-01-01,0626,7944,2711,5,5,3,2711,0,0,0,,0,001,"ENTRADA DR","MESA ST",0.00,,N,A,-,N,,,,,,,,,,N,3,0,1,3,A,-,03,22350,,M,C,E,A,A,H,-,C,A,0,,,,,Y,,A,01,0,1,0,0,0,0,0,0,0,"- ","- ",,,MONTEREY,SOLEDAD,-121.32293985,36.442310079999999
7176479,2015,2016-08-23,2711,2015-12-30,0608,8790,2711,3,5,3,2711,0,0,0,,0,001,"BENITO ST","MARKET ST",0.00,,Y,A,-,N,,,,,,,,,,N,4,0,1,2,A,-,10,21950,A,N,G,B,B,A,H,-,C,A,0,Y,,,,Y,,D,22,0,0,1,0,1,0,0,0,0,"- ","- ",,,MONTEREY,SOLEDAD,-121.3292,36.430250119999997
7177454,2016,2016-02-25,2706,2016-02-13,1600,142,,6,5,4,2706,0,0,0,,0,001,"DAVID AV","CANNERY ROW",68.00,W,N,A,-,N,,,,,,,,,,N,4,0,3,2,A,-,03,22350,,N,C,C,A,A,H,-,A,D,0,,,,,Y,,I,09,0,0,3,0,0,0,0,0,0,"- ","- ",,,MONTEREY,MONTEREY,-121.90234464,36.617802300000001
7188542,2015,2016-02-24,2708,2015-10-27,1558,52823,,2,5,6,2708,0,0,0,,0,,"HARDEN PKWY","EL DORADO DR",0.00,,Y,A,-,N,,,,,,,,,,Y,3,0,1,1,A,-,12,22450,A,N,A,I,A,A,H,-,A,A,0,,,,,Y,,A,01,0,1,0,0,0,0,0,0,0,"- ","- ",,,MONTEREY,SALINAS,-121.6359899,36.710720109999997
7188558,2015,2016-02-24,2708,2015-10-17,1551,15945,,6,5,6,2708,0,0,0,,0,,"MONTEREY ST","E ALISAL ST",0.00,,Y,A,-,N,,,,,,,,,,N,4,0,1,2,A,-,05,21650,1,N,D,G,A,A,H,-,A,A,0,,Y,,,Y,,L,04,0,0,1,0,0,0,1,0,0,"- ","- ",,,MONTEREY,SALINAS,-121.65368991,36.67396007
7189949,2016,2016-08-24,2708,2016-01-30,0811,79223,,6,5,6,2708,0,0,0,,0,,"LAS CASITAS DR","CONSTITUTION BL",100.00,E,N,B,-,N,,,,,,,,,,Y,3,0,1,2,A,-,03,22350,,N,A,C,A,B,H,-,A,D,0,,,,,Y,,-,,0,1,0,0,0,0,0,0,0,"- ","- ",,,MONTEREY,SALINAS,-121.61250044000001,36.69851499
7189953,2016,2016-08-24,2708,2016-01-29,1748,37975,SALIN,5,5,6,2708,0,0,0,,0,008,"SALINAS ST","WEST SAN LUIS ST",0.00,,Y,B,-,N,,,,,,,,,,Y,4,0,1,2,A,-,12,21453,A,N,D,C,A,A,H,-,C,A,0,,,,,Y,,-,,0,0,1,0,0,0,0,0,0,"- ","- ",,,MONTEREY,SALINAS,-121.65565992000001,36.671810069999999
7189957,2016,2017-02-11,2708,2016-01-13,0912,27345,,3,5,6,2708,0,0,0,,0,,"RT 68","STEPHANIE DR",0.00,,Y,B,-,Y,MON,5,68,-,-,19.850,I,5,E,Y,4,0,1,2,A,-,09,21802,A,N,D,C,A,B,H,-,A,D,0,,,,,Y,,-,,0,0,1,0,0,0,0,0,0,"- ","- ",,,MONTEREY,SALINAS,-121.6607473,36.653824360000002
7189961,2016,2017-02-07,2708,2016-01-02,1242,58964,SPD,6,5,6,2708,0,0,0,,0,007,"SOUTH MAIN ST","CHESTNUT ST",0.00,,Y,B,-,Y,MON,5,68,-,-,20.850,I,5,E,Y,4,0,1,2,A,-,12,21453,A,N,D,C,A,A,H,-,A,A,0,,,,,Y,,-,,0,0,1,0,0,0,0,0,0,"- ","- ",,,MONTEREY,SALINAS,-121.65591623,36.667919009999999
7190610,2016,2018-09-27,2708,2016-10-25,1046,06240,,2,5,6,2708,0,0,0,,0,001,"NORTH MAIN ST","HARDEN PKWY",0.00,,Y,A,-,N,,,,,,,,,,Y,1,1,1,2,A,-,12,21453,A,F,G,B,B,A,H,-,A,A,0,Y,,,,Y,,-,,0,1,0,1,0,0,0,0,0,"- ","- ",,,MONTEREY,SALINAS,-121.65452995,36.713290010000001
7190635,2016,2018-09-27,2708,2016-03-26,0427,53268,,6,5,6,2708,0,0,0,,0,010,"EAST MARKET ST","KERN ST",145.00,E,N,A,-,N,,,,,,,,,,N,1,1,0,2,A,-,11,21954,A,F,G,B,D,A,H,-,C,A,0,Y,,,,Y,Y,N,60,0,0,0,1,0,0,0,0,0,"- ","- ",,,MONTEREY,SALINAS,-121.63959034,36.67733423
7190644,2016,2018-09-27,2708,2016-01-21,1916,76997,2708,4,5,6,2708,0,0,0,,0,004,"CONSTITUTION BL","EAST LAUREL DR",0.00,,Y,A,-,N,,,,,,,,,,Y,1,1,0,1,A,-,01,23152,A,N,E,I,A,A,H,-,C,A,0,,,,,Y,Y,-,,0,0,0,0,0,0,0,0,0,"- ","- ",,,MONTEREY,SALINAS,-121.63230994,36.694490109999997
7190890,2015,2016-02-25,2708,2015-12-17,0830,03581,,4,5,6,2708,0,0,0,,0,002,"EAST ALVIN DR","MCKINNON ST",0.00,,Y,A,-,N,,,,,,,,,,N,4,0,1,2,A,-,04,21703,,M,C,C,A,A,H,-,A,A,0,,,,,Y,Y,-,,0,0,1,0,0,0,0,0,0,"- ","- ",,,MONTEREY,SALINAS,-121.64585,36.707230080000002
7190898,2015,2016-02-25,2708,2015-12-11,2306,30348,MONTE,5,5,6,2708,0,0,0,,0,,"TOWT ST","GARNER AV",0.00,,Y,A,-,N,,,,,,,,,,N,4,0,1,2,A,-,09,21802,A,M,D,C,A,A,H,-,C,A,0,,,,,Y,,-,,0,0,1,0,0,0,0,0,0,"- ","- ",,,MONTEREY,SALINAS,-121.61185997,36.682490039999998