CASE_ID,ACCIDENT_YEAR,PROC_DATE,JURIS,COLLISION_DATE,COLLISION_TIME,OFFICER_ID,REPORTING_DISTRICT,DAY_OF_WEEK,CHP_SHIFT,POPULATION,CNTY_CITY_LOC,SPECIAL_COND,BEAT_TYPE,CHP_BEAT_TYPE,CITY_DIVISION_LAPD,CHP_BEAT_CLASS,BEAT_NUMBER,PRIMARY_RD,SECONDARY_RD,DISTANCE,DIRECTION,INTERSECTION,WEATHER_1,WEATHER_2,STATE_HWY_IND,CALTRANS_COUNTY,CALTRANS_DISTRICT,STATE_ROUTE,ROUTE_SUFFIX,POSTMILE_PREFIX,POSTMILE,LOCATION_TYPE,RAMP_INTERSECTION,SIDE_OF_HWY,TOW_AWAY,COLLISION_SEVERITY,NUMBER_KILLED,NUMBER_INJURED,PARTY_COUNT,PRIMARY_COLL_FACTOR,PCF_CODE_OF_VIOL,PCF_VIOL_CATEGORY,PCF_VIOLATION,PCF_VIOL_SUBSECTION,HIT_AND_RUN,TYPE_OF_COLLISION,MVIW,PED_ACTION,ROAD_SURFACE,ROAD_COND_1,ROAD_COND_2,LIGHTING,CONTROL_DEVICE,CHP_ROAD_TYPE,PEDESTRIAN_ACCIDENT,BICYCLE_ACCIDENT,MOTORCYCLE_ACCIDENT,TRUCK_ACCIDENT,NOT_PRIVATE_PROPERTY,ALCOHOL_INVOLVED,STWD_VEHTYPE_AT_FAULT,CHP_VEHTYPE_AT_FAULT,COUNT_SEVERE_INJ,COUNT_VISIBLE_INJ,COUNT_COMPLAINT_PAIN,COUNT_PED_KILLED,COUNT_PED_INJURED,COUNT_BICYCLIST_KILLED,COUNT_BICYCLIST_INJURED,COUNT_MC_KILLED,COUNT_MC_INJURED,PRIMARY_RAMP,SECONDARY_RAMP,LATITUDE,LONGITUDE,COUNTY,CITY,POINT_X,POINT_Y
7190952,2016,2016-02-24,2706,2016-01-11,0042,395,2706,1,5,4,2706,0,0,0,,0,003,"ENGLISH AV","MONTECITO AV",35.00,N,N,B,-,N,,,,,,,,,,N,3,0,1,1,A,-,14,21201,D,N,-,-,A,B,H,-,D,D,0,,Y,,,Y,,L,04,0,1,0,0,0,0,1,0,0,"- ","- ",,,MONTEREY,MONTEREY,-121.85794756999999,36.602575280000003
7164498,2015,2016-01-23,2708,2015-12-08,0853,75635,,2,5,6,2708,0,0,0,,0,,"JOHN ST","MAIN ST",50.00,E,N,A,-,N,,,,,,,,,,N,4,0,1,2,A,-,09,21801,A,N,D,C,A,A,H,-,A,D,0,,,,,Y,,-,,0,0,1,0,0,0,0,0,0,"- ","- ",,,MONTEREY,SALINAS,-121.65460595,36.671032529999998
7164502,2015,2016-01-23,2708,2015-12-29,1006,37923,,2,5,6,2708,0,0,0,,0,007,"NORTH DAVIS RD","POST DR",0.00,,Y,A,-,N,,,,,,,,,,Y,4,0,1,2,A,-,12,21453,A,N,D,D,A,A,H,-,A,A,0,,,,,Y,,-,,0,0,1,0,0,0,0,0,0,"- ","- ",,,MONTEREY,SALINAS,-121.66875994999999,36.696070050000003
7164506,2015,2016-01-23,2708,2015-12-31,1820,76992,,4,5,6,2708,0,0,0,,0,,"EAST MARKET ST","N HEBBRON AV",10.00,W,N,A,-,N,,,,,,,,,,Y,3,0,1,3,A,-,01,23152,,N,C,C,A,A,H,-,C,A,0,,,,,Y,,-,,0,1,0,0,0,0,0,0,0,"- ","- ",,,MONTEREY,SALINAS,-121.63175382999999,36.676553519999999
7164510,2015,2016-03-21,2708,2015-12-27,1003,15945,,7,5,6,2708,0,0,0,,0,,"SALINAS ST","W ALISAL ST",0.00,,Y,A,-,N,,,,,,,,,,N,3,0,1,2,A,-,10,21950,,N,G,B,B,A,H,-,A,A,0,Y,,,,Y,,-,,0,1,0,0,1,0,0,0,0,"- ","- ",,,MONTEREY,SALINAS,-121.65602994,36.673620020000001
7164514,2015,2016-02-09,2708,2015-12-18,0537,82326,,5,5,6,2708,0,0,0,,0,004,"INDEPENDENCE BL","CONSTITUTION BL",0.00,,Y,A,-,N,,,,,,,,,,N,4,0,1,2,D,-,00,,,M,D,C,A,A,H,-,C,A,0,,,,,Y,,-,"- ",0,0,1,0,0,0,0,0,0,"- ","- ",,,MONTEREY,SALINAS,-121.62147999,36.70041011
7164518,2015,2016-01-27,2708,2015-12-08,1501,30731,,2,5,6,2708,0,0,0,,0,2L9,"NORTH MAIN ST",ROSSI,150.00,N,N,A,-,N,,,,,,,,,,N,4,0,1,3,A,-,07,21658,A,N,D,C,A,A,H,-,A,D,0,,,,,Y,,-,,0,0,1,0,0,0,0,0,0,"- ","- ",,,MONTEREY,SALINAS,-121.65394931,36.68128617
7164522,2015,2016-01-27,2708,2015-12-10,1924,71633,,4,5,6,2708,0,0,0,,0,007,"W ALISAL ST","ACACIA ST",0.00,,Y,C,-,N,,,,,,,,,,N,3,0,2,2,A,-,09,21801,A,N,A,C,A,B,H,-,C,A,0,,,,,Y,,-,,0,2,0,0,0,0,0,0,0,"- ","- ",,,MONTEREY,SALINAS,-121.67269989,36.669460030000003
7164526,2015,2016-05-20,2708,2015-12-08,1208,53260,,2,5,6,2708,0,0,0,,0,010,"EAST LAUREL DR","ST EDWARDS",0.00,,Y,A,-,N,,,,,,,,,,Y,4,0,1,1,A,-,03,22350,,M,A,I,A,A,H,-,A,D,0,,,,,Y,,-,,0,0,1,0,0,0,0,0,0,"- ","- ",,,MONTEREY,SALINAS,-121.62309998000001,36.686330009999999
7164530,2015,2016-01-27,2708,2015-12-09,1311,30510,,3,5,6,2708,0,0,0,,0,001,"NORTH MAIN ST","RUSSELL RD",1056.00,S,N,A,-,N,,,,,,,,,,Y,3,0,1,2,A,-,03,22350,A,N,C,C,A,A,H,-,A,A,0,,,,,Y,,-,,0,1,0,0,0,0,0,0,0,"- ","- ",,,MONTEREY,SALINAS,-121.65626887000001,36.73153078
7164534,2015,2016-01-27,2708,2015-12-02,1738,08323,,3,5,6,2708,0,0,0,,0,011,"FREEDOM PKWY","NORTH SANBORN RD",0.00,,Y,A,-,N,,,,,,,,,,Y,2,0,3,2,A,-,09,21801,A,N,-,C,A,A,H,-,C,A,0,,,,,Y,,-,,1,0,2,0,0,0,0,0,0,"- ","- ",,,MONTEREY,SALINAS,-121.60134986,36.692130040000002
7164538,2015,2016-01-27,2708,2015-12-19,1741,97158,,6,5,6,2708,0,0,0,,0,004,"EAST LAUREL DR","RANCH VIEW LN",120.00,W,N,B,-,N,,,,,,,,,,Y,3,0,1,2,A,-,07,21658,A,N,B,C,A,A,H,-,B,D,0,,,,,Y,,-,,0,1,0,0,0,0,0,0,0,"- ","- ",,,MONTEREY,SALINAS,-121.62854799,36.691384280000001
7164542,2015,2016-01-23,2708,2015-12-30,2035,06240,,3,5,6,2708,0,0,0,,0,,"RIKER ST","WEST MARKET ST",33.00,S,N,A,-,N,,,,,,,,,,Y,4,0,1,2,A,-,03,22350,,F,C,E,A,A,H,-,D,D,0,,,,,Y,,-,,0,0,1,0,0,0,0,0,0,"- ","- ",,,MONTEREY,SALINAS,-121.66215205,36.679785899999999
7190961,2016,2016-02-24,2706,2016-01-05,1146,939,MPD,2,5,4,2706,0,0,0,,0,002,"EL DORADO ST","MUNRAS AV",95.00,W,N,C,-,N,,,,,,,,,,Y,4,0,2,3,A,-,03,22350,,N,C,C,A,B,H,-,A,A,0,,,,,Y,,A,07,0,0,2,0,0,0,0,0,0,"- ","- ",,,MONTEREY,MONTEREY,-121.89382784,36.592900659999998
7190985,2016,2016-02-24,2706,2016-01-14,1355,590,2706,4,5,4,2706,0,0,0,,0,001,"FOAM ST","MCCLELLAN AV",0.00,,Y,B,-,N,,,,,,,,,,Y,4,0,2,2,A,-,12,22450,A,N,D,C,A,A,H,-,A,A,0,,,,,Y,,A,01,0,0,2,0,0,0,0,0,0,"- ","- ",,,MONTEREY,MONTEREY,-121.89997992000001,36.612970019999999
7191487,2016,2016-03-10,2712,2016-02-14,1812,683,2712,7,5,3,2712,0,0,0,,0,001,"IMJIN PW","2ND AV",205.00,W,N,A,-,N,,,,,,,,,,N,4,0,1,2,A,-,03,22350,,N,C,C,A,A,H,-,C,A,0,,,,,Y,,A,01,0,0,1,0,0,0,0,0,0,"- ","- ",,,MONTEREY,MARINA,-121.80944098000001,36.668038750000001
7191493,2016,2016-03-04,2712,2016-02-09,1613,687,2712,2,5,3,2712,0,0,0,,0,001,"IMJIN PKWY","RESERVATION RD",0.00,,Y,A,-,N,,,,,,,,,,N,4,0,1,2,D,-,00,,,N,G,B,B,A,H,-,A,A,0,Y,,,,Y,,-,"- ",0,0,1,0,1,0,0,0,0,"- ","- ",,,MONTEREY,MARINA,-121.76659991,36.671430030000003
7191922,2014,2016-06-21,2702,2014-09-02,1725,6252,MONTE,2,5,1,2702,0,0,0,,0,002,"RT 218","FREMONT AV",250.00,E,N,B,-,Y,MON,5,218,-,-,0.050,H,-,W,N,3,0,1,2,A,-,06,21755,,N,B,G,A,A,H,-,A,D,0,,Y,,,Y,,L,04,0,1,0,0,0,0,1,0,0,"- ","- ",,,MONTEREY,"DEL REY OAKS",-121.850205,36.59836688
7191926,2014,2016-03-03,2702,2014-10-23,0802,7031,MONTE,4,5,1,2702,0,0,0,,0,002,"RT 68","RT 218",460.00,W,N,A,-,Y,,,,,,,,,,Y,4,0,1,2,A,-,08,22107,,N,A,C,A,A,H,-,A,A,0,,,,,Y,,A,01,0,0,1,0,0,0,0,0,0,"- ","- ",,,MONTEREY,"DEL REY OAKS",,
7191989,2014,2016-06-21,2702,2014-05-16,1757,6503,MONTE,5,5,1,2702,0,0,0,,0,002,"RT 218","CANYON ST",0.00,,Y,A,-,Y,MON,5,218,-,-,0.220,I,5,E,N,4,0,1,2,A,-,03,22350,,N,C,C,A,A,H,-,A,D,0,,,,,Y,,A,01,0,0,1,0,0,0,0,0,0,"- ","- ",,,MONTEREY,"DEL REY OAKS",-121.84791291000001,36.596812489999998
7192244,2014,2016-03-02,2702,2014-10-14,1244,7082,MONTE,2,5,1,2702,0,0,0,,0,002,"LOS ENCINOS RD","ALTA CIR",0.00,,Y,A,-,N,,,,,,,,,,N,4,0,1,2,A,-,21,22106,,N,G,B,E,A,H,-,A,D,0,Y,,,,Y,,A,07,0,0,1,0,1,0,0,0,0,"- ","- ",,,MONTEREY,"DEL REY OAKS",-121.83552993000001,36.592580009999999
7192248,2014,2016-06-21,2702,2014-06-23,1708,7082,2702,1,5,1,2702,0,0,0,,0,002,"CANYON DEL REY RD","CARLTON DR",0.00,,Y,A,-,Y,MON,5,218,-,-,0.870,I,5,E,Y,4,0,1,2,A,-,03,22350,,N,C,C,A,A,H,-,A,D,0,,,,,Y,,A,01,0,0,1,0,0,0,0,0,0,"- ","- ",,,MONTEREY,"DEL REY OAKS",-121.83771544,36.594655549999999
7192252,2014,2016-03-02,2702,2014-05-03,1839,6838,MONTE,6,5,1,2702,0,0,0,,0,003,"MONTEREY SALINAS HWY","STONE CREEK",44.00,E,N,A,-,Y,,,,,,,,,,Y,2,0,1,2,A,-,06,21755,,N,D,C,A,A,H,-,A,D,0,,,,,Y,,-,,1,0,0,0,0,0,0,0,0,"- ","- ",,,MONTEREY,"DEL REY OAKS",,
7192256,2014,2016-06-21,2702,2014-04-28,1655,7082,2702,1,5,1,2702,0,0,0,,0,002,"CANYON DEL REY RD","WORK AV",0.00,,Y,A,-,Y,MON,5,218,-,-,0.630,I,5,E,Y,4,0,1,2,A,-,03,22350,,N,C,C,A,A,H,-,A,D,0,,,,,Y,,A,01,0,0,1,0,0,0,0,0,0,"- ","- ",,,MONTEREY,"DEL REY OAKS",-121.84150311,36.595459830000003
7192260,2014,2016-06-21,2702,2014-07-31,1741,6503,MONTE,4,5,1,2702,0,0,0,,0,002,"RT 218","CANYON ST",0.00,,Y,A,-,Y,MON,5,218,-,-,0.220,I,5,W,Y,4,0,1,2,A,-,01,23153,A,N,A,C,A,A,H,-,A,D,0,,,,,Y,Y,A,01,0,0,1,0,0,0,0,0,0,"- ","- ",,,MONTEREY,"DEL REY OAKS",-121.84791327000001,36.596811879999997
7177660,2016,2016-08-24,2706,2016-02-13,2308,129,,6,5,4,2706,0,0,0,,0,,"LIGHTHOUSE NB TNNL AV","DEL MONTE AV",0.00,,Y,A,-,N,,,,,,,,,,N,3,0,1,1,A,-,03,22350,,N,F,I,A,A,H,-,C,D,0,,,,,Y,,A,01,0,1,0,0,0,0,0,0,0,"- ","- ",,,MONTEREY,MONTEREY,,
7177711,2016,2017-02-11,2706,2016-02-06,1316,410,,6,5,4,2706,0,0,0,,0,003,"RT 68","OLMSTED RD",537.00,W,N,A,-,Y,MON,5,68,-,-,5.470,H,-,W,Y,4,0,1,2,A,-,03,22350,,N,C,C,A,A,H,-,A,A,0,,,,,Y,,A,01,0,0,1,0,0,0,0,0,0,"- ","- ",,,MONTEREY,MONTEREY,-121.85139169999999,36.583821440000001
7178441,2016,2016-02-16,2706,2016-01-07,1545,590,2706,4,5,4,2706,0,0,0,,0,002,"CASS ST","CARMELO ST",177.00,S,N,B,-,N,,,,,,,,,,Y,4,0,1,2,A,-,08,22107,,N,B,E,A,-,H,-,A,D,0,,,,,Y,,D,22,0,0,1,0,0,0,0,0,0,"- ","- ",,,MONTEREY,MONTEREY,-121.89740342,36.590355000000002
7202675,2016,2016-03-15,2710,2016-01-28,0805,34413,,4,5,4,2710,0,0,0,,0,011,"FREMONT BL","ECHO AV",0.00,,N,A,-,N,,,,,,,,,,Y,4,0,2,3,A,-,03,22350,,N,-,C,A,A,H,-,A,A,0,,,,,Y,,A,01,0,0,2,0,0,0,0,0,0,"- ","- ",,,MONTEREY,SEASIDE,-121.84302,36.614000109999999
7202745,2015,2016-03-22,2707,2015-07-28,1443,2174,2707,2,5,3,2707,0,0,0,,0,002,"SUNSET DR","ASILOMAR AV",473.00,N,N,A,-,N,,,,,,,,,,N,3,0,1,1,C,-,18,,,N,H,H,A,A,H,-,A,D,0,,,Y,,Y,,-,"- ",0,1,0,0,0,0,0,0,1,"- ","- ",,,MONTEREY,"PACIFIC GROVE",-121.93444608999999,36.616007359999998
7202815,2015,2017-01-28,2707,2015-07-24,0950,1983,2707,5,5,3,2707,0,0,0,,0,001,"FOREST AV","FOREST HILL BL",0.00,,Y,A,-,Y,MON,5,68,-,-,1.310,H,-,E,Y,4,0,1,2,A,-,03,22350,,N,C,C,A,A,H,-,A,D,0,,,,,Y,,D,23,0,0,1,0,0,0,0,0,0,"- ","- ",,,MONTEREY,"PACIFIC GROVE",-121.92231296999999,36.607396029999997
7204412,2016,2016-03-14,2712,2016-02-02,0918,687,2712,2,5,3,2712,0,0,0,,0,001,"IMJIN PW","2ND AV",734.00,W,N,B,C,N,,,,,,,,,,N,4,0,1,2,A,-,04,21703,,N,C,C,A,B,H,-,A,D,0,,,,,Y,,A,07,0,0,1,0,0,0,0,0,0,"- ","- ",,,MONTEREY,MARINA,-121.81092457,36.668775459999999
7205201,2016,2016-03-14,2710,2016-01-25,2339,40392,,1,5,4,2710,0,0,0,,0,003,"LASALLE AV","YOSEMITE ST",0.00,,Y,A,-,N,,,,,,,,,,Y,3,0,1,1,A,-,08,22107,,N,E,I,A,A,H,-,C,D,0,,,,,Y,,A,01,0,1,0,0,0,0,0,0,0,"- ","- ",,,MONTEREY,SEASIDE,-121.82810990999999,36.616650059999998
7205205,2016,2016-03-14,2710,2016-01-23,0302,40386,MARIN,6,5,4,2710,0,0,0,,0,003,"SAN PABLO AV","STOWE CT",39.00,E,N,B,-,N,,,,,,,,,,Y,4,0,1,1,A,-,01,23152,A,N,F,I,A,B,H,-,C,D,0,,,,,Y,Y,A,07,0,0,1,0,0,0,0,0,0,"- ","- ",,,MONTEREY,SEASIDE,-121.82362718,36.614575979999998
7205209,2016,2016-03-24,2710,2016-01-04,0948,34413,,1,5,4,2710,0,0,0,,0,015,"FREMONT BL","FRANCIS AV",160.00,S,N,B,-,N,,,,,,,,,,N,4,0,1,2,A,-,"- ",,,N,G,G,A,B,H,-,A,D,0,,Y,,,Y,,A,08,0,0,1,0,0,0,1,0,0,"- ","- ",,,MONTEREY,SEASIDE,-121.84953621,36.601066850000002
7205213,2016,2016-03-14,2710,2016-01-01,1645,38145,,5,5,4,2710,0,0,0,,0,001,"SONOMA AV","FREMONT BL",0.00,,Y,A,-,N,,,,,,,,,,N,4,0,1,2,A,-,10,21950,A,N,B,B,B,A,H,-,A,A,0,Y,,,,Y,,-,,0,0,1,0,1,0,0,0,0,"- ","- ",,,MONTEREY,SEASIDE,-121.84709986,36.606250119999999
7205217,2016,2016-03-14,2710,2016-01-01,1920,40392,SEASI,5,5,4,2710,0,0,0,,0,011,"GOODWIN ST","ECHO AV",0.00,,Y,A,-,N,,,,,,,,,,Y,3,0,1,1,A,-,01,23152,A,N,E,I,A,A,H,-,C,D,0,,,,,Y,Y,-,,0,1,0,0,0,0,0,0,0,"- ","- ",,,MONTEREY,SEASIDE,-121.83946994,36.613980089999998
7164546,2015,2016-01-23,2708,2015-12-18,1058,49986,,5,5,6,2708,0,0,0,,0,008,"NORTH MAIN ST",CASENTINI,0.00,,Y,A,-,N,,,,,,,,,,Y,3,0,4,2,A,-,03,22350,,N,C,C,A,A,H,-,A,A,0,,,,,Y,,-,,0,1,3,0,0,0,0,0,0,"- ","- ",,,MONTEREY,SALINAS,-121.65282993,36.684290070000003
7164550,2015,2016-01-23,2708,2015-12-24,1858,19702,,4,5,6,2708,0,0,0,,0,010,"E ALISAL ST","WOOD ST",0.00,,Y,B,C,N,,,,,,,,,,Y,4,0,1,2,A,-,09,21801,A,N,A,C,A,B,H,-,C,A,0,,,,,Y,,-,,0,0,1,0,0,0,0,0,0,"- ","- ",,,MONTEREY,SALINAS,-121.63539987,36.673700019999998
7164553,2015,2016-01-23,2708,2015-12-15,0728,31977,,2,5,6,2708,0,0,0,,0,005,"MARYAL DR",BERNAL,200.00,N,N,A,-,N,,,,,,,,,,Y,4,0,1,2,A,-,09,21801,A,N,D,C,A,A,H,-,A,D,0,,,,,Y,,-,,0,0,1,0,0,0,0,0,0,"- ","- ",,,MONTEREY,SALINAS,-121.64641437,36.691453379999999
7164554,2015,2016-01-23,2708,2015-12-30,1419,75791,,3,5,6,2708,0,0,0,,0,,"WEST LAUREL DR","ADAMS ST",0.00,,Y,A,-,N,,,,,,,,,,N,4,0,1,2,A,-,09,21453,B,N,C,C,A,A,H,-,A,A,0,,,,,Y,,-,,0,0,1,0,0,0,0,0,0,"- ","- ",,,MONTEREY,SALINAS,-121.66245999,36.698010089999997
7164557,2015,2016-01-23,2708,2015-12-20,1752,3581,,7,5,6,2708,0,0,0,,0,003,"EAST ALVIN DR","KIP DR",0.00,,Y,A,-,N,,,,,,,,,,Y,4,0,1,2,A,-,09,21801,A,N,D,C,A,A,H,-,C,D,0,,,,,Y,,-,,0,0,1,0,0,0,0,0,0,"- ","- ",,,MONTEREY,SALINAS,-121.64404986,36.706790099999999
7164558,2015,2016-01-23,2708,2015-12-13,2211,97158,,7,5,6,2708,0,0,0,,0,004,"EAST BORONDA RD","CONSTITUTION BL",1104.00,W,N,B,-,N,,,,,,,,,,Y,2,0,2,2,A,-,01,23152,A,N,A,C,A,B,H,-,C,D,0,,,,,Y,Y,-,,1,0,1,0,0,0,0,0,0,"- ","- ",,,MONTEREY,SALINAS,-121.60375533,36.707412140000002
7166236,2015,2016-02-01,2708,2015-11-10,1749,76956,,2,5,6,2708,0,0,0,,0,009,"ABBOTT ST","HARRIS RD",80.00,N,N,A,-,N,,,,,,,,,,Y,4,0,1,2,A,-,21,22106,,N,B,C,A,A,H,-,C,A,0,,,,,Y,,-,,0,0,1,0,0,0,0,0,0,"- ","- ",,,MONTEREY,SALINAS,-121.61215222,36.644857469999998
7166258,2015,2016-01-25,2708,2015-11-23,1839,57533,2,1,5,6,2708,0,0,0,,0,012,"WILLIAMS RD","DEL MONTE AV",65.00,N,N,A,-,N,,,,,,,,,,N,4,0,1,2,A,-,04,21703,,N,C,C,A,A,H,-,C,A,0,,,,,Y,Y,-,"- ",0,0,1,0,0,0,0,0,0,"- ","- ",,,MONTEREY,SALINAS,-121.60411981999999,36.681304050000001
7166262,2015,2016-01-25,2708,2015-11-11,1928,,,3,5,6,2708,0,0,0,,0,004,"CONSTITUTION BL","INDEPENDENCE BL",528.00,E,N,A,-,N,,,,,,,,,,Y,4,0,1,1,A,-,08,22107,,N,E,I,A,A,H,-,C,D,0,,,,,Y,,-,,0,0,1,0,0,0,0,0,0,"- ","- ",,,MONTEREY,SALINAS,-121.61968874,36.700346459999999
7166266,2015,2016-01-25,2708,2015-11-20,1053,19595,,5,5,6,2708,0,0,0,,0,008,"LINCOLN AV","CENTRAL AV",0.00,,Y,A,-,N,,,,,,,,,,N,4,0,1,2,A,-,12,21453,A,N,B,C,A,A,H,-,A,D,0,,,,,Y,,-,,0,0,1,0,0,0,0,0,0,"- ","- ",,,MONTEREY,SALINAS,-121.65755996999999,36.6766401
8005528,2016,2016-03-30,2712,2016-02-01,1659,687,2712,1,5,3,2712,0,0,0,,0,001,"10TH ST","3RD AV",188.00,W,N,A,-,N,,,,,,,,,,N,4,0,1,2,A,-,09,21802,A,N,D,C,A,A,H,-,B,D,0,,,,,Y,,A,01,0,0,1,0,0,0,0,0,0,"- ","- ",,,MONTEREY,MARINA,-121.80588578,36.664641580000001
8005532,2016,2016-03-30,2712,2016-02-25,1005,687,2712,4,5,3,2712,0,0,0,,0,001,"DEL MONTE BL","PALM AV",0.00,,Y,A,-,N,,,,,,,,,,Y,3,0,2,2,A,-,12,21453,A,N,D,A,A,A,H,-,A,A,0,,,,,Y,,A,01,0,1,1,0,0,0,0,0,0,"- ","- ",,,MONTEREY,MARINA,-121.80367993999999,36.683450039999997
7192315,2014,2016-03-02,2702,2014-10-15,0718,7031,MONTE,3,5,1,2702,0,0,0,,0,002,"GENERAL JIM MOORE BL","S BOUNDARY RD",124.00,N,N,B,C,N,,,,,,,,,,Y,4,0,1,2,A,-,03,22350,,N,C,C,A,B,H,-,A,A,0,,,,,Y,,A,01,0,0,1,0,0,0,0,0,0,"- ","- ",,,MONTEREY,"DEL REY OAKS",,
7192319,2014,2016-03-02,2702,2014-03-22,1734,7031,,6,5,1,2702,0,0,0,,0,003,"S BOUNDARY RD","GENERAL JIM MOORE BL",1584.00,E,N,A,-,N,,,,,,,,,,Y,3,0,1,1,A,-,08,22107,,N,F,I,A,A,H,-,A,D,0,,,,,Y,,-,,0,1,0,0,0,0,0,0,0,"- ","- ",,,MONTEREY,"DEL REY OAKS",,
7192395,2016,2016-03-11,2706,2016-02-06,2137,128,2706,6,5,4,2706,0,0,0,,0,002,"E FRANKLIN ST","FIGUEROA ST",0.00,,Y,A,-,N,,,,,,,,,,Y,3,0,5,2,A,-,12,21453,A,N,D,C,A,A,H,-,C,A,0,,,,,Y,,A,01,0,5,0,0,0,0,0,0,0,"- ","- ",,,MONTEREY,MONTEREY,-121.89019994,36.599290070000002
7192399,2016,2016-03-10,2706,2016-02-21,1110,181,,7,5,4,2706,0,0,0,,0,001,"DRAKE AV","CANNERY ROW GARAGE M",0.00,,Y,A,-,N,,,,,,,,,,N,3,0,1,2,A,-,09,21804,A,N,D,G,A,A,H,-,A,A,0,,Y,,,Y,,L,04,0,1,0,0,0,0,1,0,0,"- ","- ",,,MONTEREY,MONTEREY,,
7193114,2015,2016-06-01,2702,2015-02-02,1448,6252,MONTE,1,5,1,2702,0,0,0,,0,002,"FREMONT AV","RT 218",0.00,,Y,A,-,N,,,,,,,,,,N,3,0,1,2,A,-,10,21952,,N,G,B,F,A,H,-,A,D,0,Y,,,,Y,,-,,0,1,0,0,1,0,0,0,0,"- ","- ",,,MONTEREY,"DEL REY OAKS",,
7194256,2016,2016-03-01,2706,2016-02-11,1925,142,,4,5,4,2706,0,0,0,,0,,"LIGHTHOUSE AV","PRIVATE BOLIO GATE M",520.00,S,N,A,-,N,,,,,,,,,,Y,3,0,1,1,A,-,08,22107,,N,E,I,A,A,H,-,C,D,0,,,Y,,Y,Y,C,02,0,1,0,0,0,0,0,0,1,"- ","- ",,,MONTEREY,MONTEREY,,
7195525,2015,2017-01-11,2702,2015-01-14,1138,6252,MONTE,3,5,1,2702,0,0,0,,0,002,"RT 218","ROSITA RD",0.00,,Y,A,-,Y,MON,5,218,-,-,0.340,I,5,W,N,4,0,1,2,A,-,03,22350,,N,C,C,A,A,H,-,A,D,0,,,,,Y,,-,,0,0,1,0,0,0,0,0,0,"- ","- ",,,MONTEREY,"DEL REY OAKS",-121.84616671000001,36.595955170000003
7195537,2015,2017-01-11,2702,2015-07-19,1241,7184,,7,5,1,2702,0,0,0,,0,001,"RT 218","NORTH FREMONT ST",0.00,,Y,A,-,Y,MON,5,218,-,-,0.000,H,-,W,Y,4,0,1,2,A,-,03,22350,,N,C,C,A,A,H,-,A,A,0,,,,,Y,,A,01,0,0,1,0,0,0,0,0,0,"- ","- ",,,MONTEREY,"DEL REY OAKS",-121.85079106000001,36.598905809999998
7196180,2015,2017-01-12,2702,2015-07-14,1258,7031,MONTE,2,5,1,2702,0,0,0,,0,002,"RT 68","RT 218",430.00,W,N,A,-,Y,MON,5,68,-,-,6.730,H,-,E,N,4,0,1,2,A,-,08,22107,,N,D,G,A,A,H,-,A,D,0,,Y,,,Y,,L,04,0,0,1,0,0,0,1,0,0,"- ","- ",,,MONTEREY,"DEL REY OAKS",-121.82987523,36.58163716
7196184,2015,2017-01-12,2702,2015-08-11,0548,7082,2702,2,5,1,2702,0,0,0,,0,002,"CANYON DEL REY RD","GENERAL JIM MOORE BL",0.00,,Y,F,-,Y,MON,5,218,-,-,1.210,I,5,E,Y,4,0,2,2,D,-,00,,,N,D,C,A,B,H,-,B,A,0,,,,,Y,,-,"- ",0,0,2,0,0,0,0,0,0,"- ","- ",,,MONTEREY,"DEL REY OAKS",-121.83316358,36.591575829999996
7196408,2016,2016-03-15,2711,2016-02-16,1527,0894,,2,5,3,2711,0,0,0,,0,001,"HEAD ST","STEPHENS CIR",53.00,S,N,A,-,N,,,,,,,,,,N,4,0,1,2,D,-,00,,,N,G,B,E,A,H,-,A,D,0,Y,,,,Y,,-,"- ",0,0,1,0,1,0,0,0,0,"- ","- ",,,MONTEREY,SOLEDAD,-121.33001176,36.439657220000001
7196412,2016,2016-03-11,2711,2016-02-24,1301,0894,,3,5,3,2711,0,0,0,,0,002,"FRONT ST","OAK ST",0.00,,Y,A,-,N,,,,,,,,,,N,2,0,1,2,A,-,08,22107,,N,H,C,A,A,H,-,A,A,0,,,Y,,Y,,-,,1,0,0,0,0,0,0,0,1,"- ","- ",,,MONTEREY,SOLEDAD,-121.32444995,36.423780069999999
7206864,2016,2016-03-22,2706,2016-03-11,1858,608,2706,5,5,4,2706,0,0,0,,0,001,"FOAM ST","DRAKE AV",19.00,S,N,C,-,N,,,,,,,,,,Y,4,0,1,2,A,-,08,22107,,N,B,C,A,B,H,-,C,A,0,,,,,Y,,A,01,0,0,1,0,0,0,0,0,0,"- ","- ",,,MONTEREY,MONTEREY,-121.89907340000001,36.611866939999999
7206932,2016,2016-03-23,2706,2016-02-21,1800,428,MPD,7,5,4,2706,0,0,0,,0,001,"DEL MONTE AV","CAMINO AGUAJITO",0.00,,Y,B,-,N,,,,,,,,,,N,4,0,1,3,A,-,03,22350,,N,C,C,A,A,-,-,A,D,0,,,,,Y,,A,07,0,0,1,0,0,0,0,0,0,"- ","- ",,,MONTEREY,MONTEREY,-121.88357997999999,36.599940060000002
7207223,2016,2016-03-21,2708,2016-02-16,1551,54440,,2,5,6,2708,0,0,0,,0,008,"EAST ALISAL ST","PAJARO ST",0.00,,Y,A,-,N,,,,,,,,,,Y,3,0,1,3,A,-,12,21453,A,N,D,D,A,A,H,-,A,A,0,,,,,Y,,-,,0,1,0,0,0,0,0,0,0,"- ","- ",,,MONTEREY,SALINAS,-121.65255986,36.674120000000002
7207227,2016,2016-03-21,2708,2016-02-23,0832,75635,SALIN,2,5,6,2708,0,0,0,,0,,"NATIVIDAD RD","EAST LAUREL DR",100.00,S,N,A,-,N,,,,,,,,,,Y,4,0,1,4,A,-,03,22350,,N,C,C,A,A,H,-,A,D,0,,,,,Y,,-,,0,0,1,0,0,0,0,0,0,"- ","- ",,,MONTEREY,SALINAS,-121.63849308,36.69610926
7207231,2016,2016-03-21,2708,2016-02-25,1512,56793,,4,5,6,2708,0,0,0,,0,001,"NORTH MAIN ST","EAST BORONDA RD",0.00,,Y,A,-,N,,,,,,,,,,N,3,0,1,2,A,-,10,21950,A,N,G,B,B,A,H,-,A,A,0,Y,,,,Y,,-,,0,1,0,0,1,0,0,0,0,"- ","- ",,,MONTEREY,SALINAS,-121.65622992,36.721620110000003