CASE_ID,ACCIDENT_YEAR,PROC_DATE,JURIS,COLLISION_DATE,COLLISION_TIME,OFFICER_ID,REPORTING_DISTRICT,DAY_OF_WEEK,CHP_SHIFT,POPULATION,CNTY_CITY_LOC,SPECIAL_COND,BEAT_TYPE,CHP_BEAT_TYPE,CITY_DIVISION_LAPD,CHP_BEAT_CLASS,BEAT_NUMBER,PRIMARY_RD,SECONDARY_RD,DISTANCE,DIRECTION,INTERSECTION,WEATHER_1,WEATHER_2,STATE_HWY_IND,CALTRANS_COUNTY,CALTRANS_DISTRICT,STATE_ROUTE,ROUTE_SUFFIX,POSTMILE_PREFIX,POSTMILE,LOCATION_TYPE,RAMP_INTERSECTION,SIDE_OF_HWY,TOW_AWAY,COLLISION_SEVERITY,NUMBER_KILLED,NUMBER_INJURED,PARTY_COUNT,PRIMARY_COLL_FACTOR,PCF_CODE_OF_VIOL,PCF_VIOL_CATEGORY,PCF_VIOLATION,PCF_VIOL_SUBSECTION,HIT_AND_RUN,TYPE_OF_COLLISION,MVIW,PED_ACTION,ROAD_SURFACE,ROAD_COND_1,ROAD_COND_2,LIGHTING,CONTROL_DEVICE,CHP_ROAD_TYPE,PEDESTRIAN_ACCIDENT,BICYCLE_ACCIDENT,MOTORCYCLE_ACCIDENT,TRUCK_ACCIDENT,NOT_PRIVATE_PROPERTY,ALCOHOL_INVOLVED,STWD_VEHTYPE_AT_FAULT,CHP_VEHTYPE_AT_FAULT,COUNT_SEVERE_INJ,COUNT_VISIBLE_INJ,COUNT_COMPLAINT_PAIN,COUNT_PED_KILLED,COUNT_PED_INJURED,COUNT_BICYCLIST_KILLED,COUNT_BICYCLIST_INJURED,COUNT_MC_KILLED,COUNT_MC_INJURED,PRIMARY_RAMP,SECONDARY_RAMP,LATITUDE,LONGITUDE,COUNTY,CITY,POINT_X,POINT_Y
7207235,2016,2016-03-21,2708,2016-02-03,0953,07661,,3,5,6,2708,0,0,0,,0,005,"NATIVIDAD RD","LUNSFORD ST",420.00,S,N,A,-,N,,,,,,,,,,Y,3,0,1,2,A,-,09,21804,A,N,D,C,A,A,H,-,A,D,0,,,,,Y,,-,,0,1,0,0,0,0,0,0,0,"- ","- ",,,MONTEREY,SALINAS,-121.64244383,36.692988270000001
7207285,2016,2016-08-24,2708,2016-02-12,1700,54440,,5,5,6,2708,0,0,0,,0,001,"NORTH MAIN ST","BOLIVAR ST",0.00,,Y,A,-,N,,,,,,,,,,N,4,0,1,3,A,-,12,21453,A,N,G,G,A,A,H,-,A,A,0,,Y,,,Y,,-,"- ",0,0,1,0,0,0,1,0,0,"- ","- ",,,MONTEREY,SALINAS,-121.65636988,36.725050070000002
7207289,2016,2016-08-24,2708,2016-02-11,2127,56294,SALIN,4,5,6,2708,0,0,0,,0,0I2,"EAST LAUREL DR","TOWT ST",0.00,,Y,E,-,N,,,,,,,,,,Y,4,0,1,2,A,-,12,21453,A,N,D,D,A,A,H,-,C,A,0,,,,,Y,,-,,0,0,1,0,0,0,0,0,0,"- ","- ",,,MONTEREY,SALINAS,-121.61766991,36.679200049999999
7207324,2016,2016-03-15,2708,2016-02-21,1739,03581,,7,5,6,2708,0,0,0,,0,001,"NORTH MAIN ST","MASSA ST",23.00,N,N,A,-,N,,,,,,,,,,N,4,0,2,3,A,-,09,21804,A,N,D,C,A,A,H,-,A,D,0,,,,,Y,,-,,0,0,2,0,0,0,0,0,0,"- ","- ",,,MONTEREY,SALINAS,-121.65634850000001,36.725823169999998
7207328,2016,2016-03-15,2708,2016-02-08,1137,19702,,1,5,6,2708,0,0,0,,0,006,"LARKIN ST","RICO ST",45.00,S,N,A,-,N,,,,,,,,,,Y,3,0,3,2,A,-,03,22350,,N,A,C,A,A,H,-,A,D,0,,,,,Y,,-,,0,1,2,0,0,0,0,0,0,"- ","- ",,,MONTEREY,SALINAS,-121.65862,36.68927
7207332,2016,2016-03-24,2708,2016-02-23,1631,75791,,2,5,6,2708,0,0,0,,0,006,"NORTH DAVIS RD","WESTRIDGE DR",0.00,,Y,A,-,N,,,,,,,,,,Y,4,0,1,2,A,-,12,21453,A,F,-,C,A,A,H,-,A,-,0,,,,,Y,,-,,0,0,1,0,0,0,0,0,0,"- ","- ",,,MONTEREY,SALINAS,-121.66692989000001,36.704000100000002
7207336,2016,2016-03-15,2708,2016-02-26,1933,21990,SALIN,5,5,6,2708,0,0,0,,0,006,"NORTH DAVIS RD","WEST ROSSI ST",0.00,,Y,A,-,N,,,,,,,,,,Y,3,0,2,2,A,-,12,21453,A,N,D,C,A,A,H,-,C,A,0,,,,,Y,,-,,0,1,1,0,0,0,0,0,0,"- ","- ",,,MONTEREY,SALINAS,-121.67192991,36.68842008
7207340,2016,2016-03-15,2708,2016-02-15,0559,53268,,1,5,6,2708,0,0,0,,0,010,"NORTH SANBORN RD","EAST MARKET ST",45.00,N,N,A,-,N,,,,,,,,,,Y,4,0,1,2,A,-,07,21658,A,M,C,C,A,A,H,-,C,D,0,,,,,Y,Y,-,,0,0,1,0,0,0,0,0,0,"- ","- ",,,MONTEREY,SALINAS,-121.62702265999999,36.676564669999998
7207344,2016,2016-03-15,2708,2016-02-19,1915,34245,,5,5,6,2708,0,0,0,,0,003,"EAST BORONDA RD","INDEPENDENCE BL",1110.00,E,N,A,-,N,,,,,,,,,,Y,4,0,1,3,A,-,03,22350,,N,C,C,A,A,H,-,C,A,0,,,,,Y,,-,,0,0,1,0,0,0,0,0,0,"- ","- ",,,MONTEREY,SALINAS,-121.61312549,36.713622739999998
7207348,2016,2016-03-15,2708,2016-02-24,1453,19702,SPD,3,5,6,2708,0,0,0,,0,009,"ABBOTT ST","ALEMEDA ST",0.00,,Y,A,-,N,,,,,,,,,,Y,4,0,2,2,A,-,09,21801,A,N,D,C,A,A,H,-,A,D,0,,,,,Y,,-,,0,0,2,0,0,0,0,0,0,"- ","- ",,,MONTEREY,SALINAS,-121.64393990000001,36.665500100000003
7207352,2016,2016-03-15,2708,2016-02-13,2252,19735,SPD,6,5,6,2708,0,0,0,,0,010,"SOUTH MAIN ST","BLANCO RD",174.00,S,N,A,-,N,,,,,,,,,,Y,4,0,1,2,A,-,03,22350,A,N,C,C,A,A,H,-,C,A,0,,,,,Y,,-,,0,0,1,0,0,0,0,0,0,"- ","- ",,,MONTEREY,SALINAS,-121.66040106,36.655235679999997
7207356,2016,2016-03-15,2708,2016-02-18,0828,75635,SALIA,4,5,6,2708,0,0,0,,0,,"W ALISAL ST","AMBROSE ST",0.00,,Y,B,-,N,,,,,,,,,,Y,4,0,1,2,A,-,09,21802,A,N,C,A,A,B,H,-,A,D,0,,,,,Y,,-,,0,0,1,0,0,0,0,0,0,"- ","- ",,,MONTEREY,SALINAS,-121.67610997,36.666660030000003
7207360,2016,2016-03-15,2708,2016-02-20,1554,19702,,6,5,6,2708,0,0,0,,0,007,"WEST ACACIA ST","RIKER ST",0.00,,Y,A,-,N,,,,,,,,,,Y,4,0,3,2,A,-,12,22450,A,N,D,C,A,A,H,-,A,A,0,,,,,Y,,-,,0,0,3,0,0,0,0,0,0,"- ","- ",,,MONTEREY,SALINAS,-121.66138986999999,36.666260029999997
7207441,2016,2016-03-16,2708,2016-02-18,1438,53269,,4,5,6,2708,0,0,0,,0,012,"WILLIAMS RD","QUILLA ST",0.00,,Y,A,-,N,,,,,,,,,,Y,4,0,1,2,A,-,03,22350,A,F,D,C,A,A,H,-,A,D,0,,,,,Y,,-,,0,0,1,0,0,0,0,0,0,"- ","- ",,,MONTEREY,SALINAS,-121.61806989999999,36.673350020000001
7207445,2016,2016-03-16,2708,2016-02-05,1926,19735,SPD,5,5,6,2708,0,0,0,,0,005,"NORTH MAIN ST","ROCHEX AV",0.00,,Y,A,-,N,,,,,,,,,,N,4,0,3,2,A,-,09,21801,A,N,D,C,A,A,H,-,C,D,0,,,,,Y,,-,,0,0,3,0,0,0,0,0,0,"- ","- ",,,MONTEREY,SALINAS,-121.65223989,36.700540029999999
7207449,2016,2016-03-16,2708,2016-02-15,1046,07601,,1,5,6,2708,0,0,0,,0,003,"LOS COCHES DR","NATIVIDAD RD",0.00,,Y,A,-,N,,,,,,,,,,N,4,0,2,2,A,-,03,22350,,N,C,C,A,A,H,-,A,A,0,,,,,Y,,-,,0,0,2,0,0,0,0,0,0,"- ","- ",,,MONTEREY,SALINAS,-121.62755991,36.707030080000003
7207453,2016,2016-03-16,2708,2016-02-14,1304,07661,,7,5,6,2708,0,0,0,,0,003,"HARDEN PKWY","EL DORADO DR",160.00,W,N,A,-,N,,,,,,,,,,Y,2,0,2,1,A,-,08,22107,,N,A,I,A,A,H,-,A,D,0,,,,,Y,,-,,1,1,0,0,0,0,0,0,0,"- ","- ",,,MONTEREY,SALINAS,-121.63653103999999,36.710758509999998
7207457,2016,2016-03-16,2708,2016-02-01,1740,56525,2708,1,5,6,2708,0,0,0,,0,008,"W ALISAL ST","HOMESTEAD AV",28.00,E,N,A,-,N,,,,,,,,,,N,4,0,2,2,A,-,03,22350,,N,C,C,A,A,H,-,C,A,0,,,,,Y,,-,,0,0,2,0,0,0,0,0,0,"- ","- ",,,MONTEREY,SALINAS,-121.66428584000001,36.672532799999999
7209059,2016,2016-03-16,2708,2016-01-27,1224,49986,,3,5,6,2708,0,0,0,,0,007,"W ACACIA","W ALISAL",0.00,,Y,A,-,N,,,,,,,,,,N,4,0,1,2,A,-,09,21453,B,N,D,C,A,A,H,-,A,A,0,,,,,Y,,-,,0,0,1,0,0,0,0,0,0,"- ","- ",,,MONTEREY,SALINAS,-121.67269989,36.669460030000003
7196542,2016,2016-03-10,2711,2016-02-01,1328,7944,2711,1,5,3,2711,0,0,0,,0,002,"H DE LA ROSA SR ST","NESTLES RD",0.00,,Y,A,-,N,,,,,,,,,,N,4,0,1,2,A,-,21,22106,,N,G,B,E,A,H,-,A,D,0,Y,,,,Y,,A,01,0,0,1,0,1,0,0,0,0,"- ","- ",,,MONTEREY,SOLEDAD,-121.31964988,36.417800020000001
7197326,2016,2016-03-03,2706,2016-02-19,1223,444,MPD,5,5,4,2706,0,0,0,,0,001,"FOAM ST","IRVING AV",0.00,,Y,A,-,N,,,,,,,,,,Y,4,0,1,2,A,-,12,21453,A,N,D,C,A,A,H,-,A,A,0,,,,,Y,,A,01,0,0,1,0,0,0,0,0,0,"- ","- ",,,MONTEREY,MONTEREY,-121.90279996,36.616280029999999
7197334,2016,2016-03-03,2706,2016-02-14,0929,410,2706,7,5,4,2706,0,0,0,,0,,"FREMONT ST","MUNRAS AV",59.00,W,N,A,-,N,,,,,,,,,,Y,4,0,1,2,A,-,08,22101,D,N,D,C,A,A,H,-,A,A,0,,,,,Y,,A,01,0,0,1,0,0,0,0,0,0,"- ","- ",,,MONTEREY,MONTEREY,-121.89308,36.595619999999997
7197338,2016,2016-03-03,2706,2016-02-14,1641,428,MPD,7,5,4,2706,0,0,0,,0,003,"CAMINO AGUAJITO","7TH ST",9.00,N,N,A,-,N,,,,,,,,,,Y,4,0,1,2,A,-,09,21802,A,N,D,C,A,A,H,-,A,D,0,,,,,Y,,A,07,0,0,1,0,0,0,0,0,0,"- ","- ",,,MONTEREY,MONTEREY,-121.88230677999999,36.594714109999998
7197796,2016,2016-03-21,2710,2016-01-12,1546,32771,,2,5,4,2710,0,0,0,,0,,"DEL MONTE BL","CANYON DEL REY",133.00,N,N,A,-,N,,,,,,,,,,N,4,0,1,2,A,-,03,22350,,N,C,C,A,A,H,-,A,A,0,,,,,Y,,D,22,0,0,1,0,0,0,0,0,0,"- ","- ",,,MONTEREY,SEASIDE,-121.8555934,36.607781230000001
7197836,2016,2016-04-04,2710,2016-01-26,1700,34413,,2,5,4,2710,0,0,0,,0,011,"CLEMENTINA AV","FREMONT BL",0.00,,Y,A,-,N,,,,,,,,,,N,4,0,1,2,A,-,"- ",,,N,-,G,A,A,H,-,A,A,0,,Y,,,Y,,-,"- ",0,0,1,0,0,0,1,0,0,"- ","- ",,,MONTEREY,SEASIDE,-121.84462987000001,36.610870050000003
7198810,2016,2016-08-24,2711,2016-02-17,1457,0894,,3,5,3,2711,0,0,0,,0,002,"WALKER DR","METZ RD",0.00,,Y,A,-,N,,,,,,,,,,N,4,0,1,2,A,-,11,21950,B,N,G,B,B,A,H,-,A,D,0,Y,,,,Y,,N,60,0,0,1,0,1,0,0,0,0,"- ","- ",,,MONTEREY,SOLEDAD,-121.32111997,36.42761007
7199643,2016,2018-09-27,2707,2016-01-27,1820,2119,2707,3,5,3,2707,0,0,0,,0,001,"PINE AV","FOREST AV",0.00,,Y,A,-,N,,,,,,,,,,Y,1,1,0,2,A,-,11,21950,B,N,G,B,B,A,H,-,C,A,0,Y,,,,Y,,N,60,0,0,0,1,0,0,0,0,0,"- ","- ",,,MONTEREY,"PACIFIC GROVE",-121.91879994999999,36.618850109999997
7199668,2016,2016-07-18,2710,2016-01-09,2242,38145,19,6,5,4,2710,0,0,0,,0,01B,"TRINITY AV","SAN LUCAS ST",0.00,,Y,A,-,N,,,,,,,,,,N,1,1,1,2,A,-,01,23152,F,N,A,A,A,A,E,-,C,D,0,,,Y,,Y,Y,O,05,0,0,1,0,0,0,0,1,1,"- ","- ",,,MONTEREY,SEASIDE,-121.84038,36.60464004
7199669,2016,2016-07-18,2710,2016-01-14,1627,33762,,4,5,4,2710,0,0,0,,0,01B,"KIMBALL AV","HIGHLAND ST",0.00,,Y,A,-,N,,,,,,,,,,Y,1,1,0,2,A,-,03,22350,,N,D,C,A,A,C,-,A,D,0,,,Y,,Y,,C,02,0,0,0,0,0,0,0,1,0,"- ","- ",,,MONTEREY,SEASIDE,-121.83199992999999,36.59943011
7199923,2017,2017-02-17,2706,2017-01-20,0606,627,2706,5,5,4,2706,0,0,0,,0,002,"SKYLINE DR","WYNDEMERE WY",323.00,N,N,C,G,N,,,,,,,,,,Y,1,1,0,1,A,-,03,22350,,N,E,J,A,B,C,-,D,D,0,,,,,Y,,A,07,0,0,0,0,0,0,0,0,0,"- ","- ",,,MONTEREY,MONTEREY,-121.91761928,36.589728540000003
7199945,2017,2019-04-08,2708,2017-01-30,0131,56294,SALIN,1,5,6,2708,0,0,0,,0,004,"EAST BORONDA RD","HEMINGWAY DR",1443.00,E,N,A,-,N,,,,,,,,,,Y,1,1,0,1,A,-,03,22350,,N,E,I,A,A,H,-,C,D,0,,,,,Y,Y,A,01,0,0,0,0,0,0,0,0,0,"- ","- ",,,MONTEREY,SALINAS,-121.6055832,36.710124720000003
8007436,2015,2016-09-07,2707,2015-02-28,0432,2108,2707,6,5,3,2707,0,0,0,,0,001,"FOREST AV","BISHOP AV",137.00,S,N,C,-,Y,MON,5,68,-,-,1.680,H,-,W,Y,4,0,1,1,A,-,01,23152,A,N,F,I,A,B,H,-,C,D,0,,,,,Y,Y,A,01,0,0,1,0,0,0,0,0,0,"- ","- ",,,MONTEREY,"PACIFIC GROVE",-121.92163355,36.602806489999999
8007440,2015,2016-06-18,2707,2015-06-20,1343,1983,2707,6,5,3,2707,0,0,0,,0,001,"SUNSET DR","ASILOMAR AV",0.00,,Y,A,-,N,,,,,,,,,,N,4,0,1,2,A,-,03,22350,,N,D,G,A,A,H,-,A,D,0,,Y,,,Y,,L,04,0,0,1,0,0,0,1,0,0,"- ","- ",,,MONTEREY,"PACIFIC GROVE",-121.93602986,36.616120000000002
8010262,2016,2016-04-15,2712,2016-03-23,1101,687,2712,3,5,3,2712,0,0,0,,0,001,"IMJIN PKWY","3RD AV",0.00,,Y,A,-,N,,,,,,,,,,Y,3,0,2,2,A,-,09,21802,A,N,D,C,A,A,H,-,A,A,0,,,,,Y,,A,08,0,1,1,0,0,0,0,0,0,"- ","- ",,,MONTEREY,MARINA,-121.80454999,36.666480059999998
8011987,2016,2017-02-11,2706,2016-03-21,1528,250,2706,1,5,4,2706,0,0,0,,0,003,YORK,"RT 68",200.00,N,N,A,-,Y,MON,5,68,-,-,8.150,I,6,W,N,4,0,1,2,A,-,03,22350,,N,C,C,A,A,H,-,A,A,0,,,,,Y,,A,07,0,0,1,0,0,0,0,0,0,"- ","- ",,,MONTEREY,MONTEREY,-121.80831135,36.57150678
8011991,2016,2016-04-12,2706,2016-03-24,1821,119,MPD,4,5,4,2706,0,0,0,,0,003,"DEL MONTE AV","PALO VERDE AV",0.00,,Y,A,-,N,,,,,,,,,,Y,3,0,2,2,A,-,09,21802,A,N,D,C,A,A,H,-,A,D,0,,,,,Y,,A,01,0,2,0,0,0,0,0,0,0,"- ","- ",,,MONTEREY,MONTEREY,-121.86937987,36.600840040000001
8011995,2016,2016-04-12,2706,2016-03-25,1539,142,,5,5,4,2706,0,0,0,,0,002,"FREMONT ST","CAMINO EL ESTERO",75.00,E,N,A,-,N,,,,,,,,,,N,4,0,2,2,A,-,03,22350,,N,C,C,A,A,H,-,A,A,0,,,,,Y,,A,07,0,0,2,0,0,0,0,0,0,"- ","- ",,,MONTEREY,MONTEREY,-121.88902579000001,36.595053829999998
8013150,2016,2016-04-12,2706,2016-04-04,2313,635,2706,1,5,4,2706,0,0,0,,0,003,"NORTH FREMONT ST","CASANOVA AV",0.00,,Y,A,-,N,,,,,,,,,,Y,3,0,2,2,A,-,12,21453,A,F,D,C,A,A,H,-,C,A,0,,,,,Y,,A,01,0,2,0,0,0,0,0,0,0,"- ","- ",,,MONTEREY,MONTEREY,-121.8532299,36.597670039999997
8013816,2016,2016-04-15,2706,2016-04-04,1706,896,MPD,1,5,4,2706,0,0,0,,0,002,"IRIS CANYON RD","GLENWOOD CIR",20.00,N,N,A,-,N,,,,,,,,,,N,3,0,1,1,A,-,03,22350,,N,-,J,A,A,H,-,A,D,0,,,Y,,Y,,C,02,0,1,0,0,0,0,0,0,1,"- ","- ",,,MONTEREY,MONTEREY,-121.89137175,36.584142069999999
8013817,2016,2016-04-14,2706,2016-03-30,1339,505,2706,3,5,4,2706,0,0,0,,0,001,REESIDE,"RECREATIONAL TRL",0.00,,Y,A,-,N,,,,,,,,,,N,3,0,1,2,A,-,11,21950,B,N,-,B,C,A,A,-,A,A,0,Y,,,,Y,,N,60,0,1,0,0,1,0,0,0,0,"- ","- ",,,MONTEREY,MONTEREY,,
8014413,2016,2016-04-20,2708,2016-03-11,1606,16483,,5,5,6,2708,0,0,0,,0,,"NATIVIDAD RD","RAINIER DR",330.00,N,N,B,-,N,,,,,,,,,,N,4,0,1,3,A,-,04,21703,,N,C,C,A,A,H,-,A,D,0,,,,,Y,,-,,0,0,1,0,0,0,0,0,0,"- ","- ",,,MONTEREY,SALINAS,-121.63314389,36.701496120000002
8015842,2016,2016-04-07,2710,2016-02-15,1551,40392,,1,5,4,2710,0,0,0,,0,002,"CANYON DEL REY BL","DEL MONTE BL",0.00,,Y,A,-,N,,,,,,,,,,N,3,0,1,2,A,-,10,21950,A,N,-,G,A,A,H,-,A,A,0,,Y,,,Y,,-,,0,1,0,0,0,0,1,0,0,"- ","- ",,,MONTEREY,SEASIDE,-121.85599998000001,36.607620050000001
8015843,2016,2016-04-07,2710,2016-02-11,1533,34127,,4,5,4,2710,0,0,0,,0,002,"NOCHE BUENA ST","MILITARY AV",0.00,,Y,A,-,N,,,,,,,,,,Y,4,0,1,2,A,-,09,21802,,N,D,C,A,A,H,-,A,D,0,,,,,Y,,-,,0,0,1,0,0,0,0,0,0,"- ","- ",,,MONTEREY,SEASIDE,-121.83797989999999,36.621400059999999
7209060,2016,2016-03-16,2708,2016-01-29,0633,49280,,5,5,6,2708,0,0,0,,0,011,CONSTITUTION,"E BORONDA",0.00,,Y,B,-,N,,,,,,,,,,N,3,0,1,2,A,-,05,21650,1,N,D,G,A,B,H,-,B,A,0,,Y,,,Y,,-,,0,1,0,0,0,0,1,0,0,"- ","- ",,,MONTEREY,SALINAS,-121.60334992,36.704400010000001
7209061,2016,2016-03-16,2708,2016-01-28,0802,71633,SALIN,4,5,6,2708,0,0,0,,0,011,"NORTH SANBORN RD","GARNER AV",102.00,N,N,A,-,N,,,,,,,,,,Y,4,0,1,2,A,-,07,21658,A,N,B,C,A,A,H,-,A,A,0,,,,,Y,,-,,0,0,1,0,0,0,0,0,0,"- ","- ",,,MONTEREY,SALINAS,-121.61485432000001,36.68636995
7209062,2016,2016-03-16,2708,2016-01-04,1030,75791,SALIN,1,5,6,2708,0,0,0,,0,009,"EAST BLANCO RD","ABBOTT ST",2640.00,W,N,C,-,N,,,,,,,,,,,4,0,1,2,A,-,03,22350,,N,C,C,A,B,H,-,A,D,0,,,,,Y,,-,,0,0,1,0,0,0,0,0,0,"- ","- ",,,MONTEREY,SALINAS,-121.64116091,36.651846669999998
7209063,2016,2016-03-16,2708,2016-01-22,1754,37923,SALIN,5,5,6,2708,0,0,0,,0,011,"TOWT ST","MAE AV",400.00,N,N,C,-,N,,,,,,,,,,N,4,0,2,2,A,-,04,21703,,N,C,C,A,B,H,-,C,D,0,,,,,Y,,-,,0,0,2,0,0,0,0,0,0,"- ","- ",,,MONTEREY,SALINAS,-121.60371498000001,36.687284599999998
7209257,2016,2016-03-22,2706,2016-03-06,1230,142,MPD,7,5,4,2706,0,0,0,,0,002,"CALLE PRINCIPAL","FRANKLIN ST",20.00,N,Y,B,-,N,,,,,,,,,,N,4,0,1,2,A,-,03,22350,,N,C,C,A,A,H,-,A,D,0,,,,,Y,,D,22,0,0,1,0,0,0,0,0,0,"- ","- ",,,MONTEREY,MONTEREY,-121.89502641999999,36.600121549999997
7209261,2016,2016-03-22,2706,2016-03-04,0812,505,2706,5,5,4,2706,0,0,0,,0,002,"TYLER ST","FRANKLIN ST",0.00,,Y,A,-,N,,,,,,,,,,N,4,0,1,2,A,-,10,21950,A,N,-,B,B,A,H,-,A,A,0,Y,,,,Y,,D,22,0,0,1,0,1,0,0,0,0,"- ","- ",,,MONTEREY,MONTEREY,-121.89344993,36.599840090000001
7209392,2016,2016-03-16,2706,2016-03-09,0816,181,MPD,3,5,4,2706,0,0,0,,0,003,"DEL MONTE AV","NAVY GATE",0.00,,Y,C,-,N,,,,,,,,,,N,4,0,1,2,A,-,03,22350,,N,C,C,A,B,H,-,A,D,0,,,,,Y,,D,22,0,0,1,0,0,0,0,0,0,"- ","- ",,,MONTEREY,MONTEREY,,
7209424,2016,2016-03-16,2706,2016-03-04,1708,608,2706,5,5,4,2706,0,0,0,,0,001,"LARKIN ST","JEFFERSON ST",0.00,,Y,B,-,N,,,,,,,,,,N,4,0,2,2,A,-,09,21802,A,N,D,C,A,A,H,-,A,A,0,,,,,Y,,A,01,0,0,2,0,0,0,0,0,0,"- ","- ",,,MONTEREY,MONTEREY,-121.89928998000001,36.59902005
7209448,2016,2016-03-16,2706,2016-02-28,2051,410,2706,7,5,4,2706,0,0,0,,0,002,"HERRMANN DR","PG&E POLE 78493",80.00,S,N,A,-,N,,,,,,,,,,Y,4,0,1,1,A,-,01,23152,A,N,E,I,A,A,H,-,C,D,0,,,,,Y,Y,A,01,0,0,1,0,0,0,0,0,0,"- ","- ",,,MONTEREY,MONTEREY,,
7213067,2016,2016-03-21,2710,2016-01-18,1930,40392,SEA,1,5,4,2710,0,0,0,,0,FTO,"FREMONT BL","ORD GROVE AV",0.00,,Y,E,-,N,,,,,,,,,,N,2,0,1,2,A,-,09,21801,A,N,H,G,A,A,H,-,C,A,0,,Y,,,Y,,D,22,1,0,0,0,0,0,1,0,0,"- ","- ",,,MONTEREY,SEASIDE,-121.84069988,36.619310059999997
7213607,2014,2016-06-14,2702,2014-01-06,1741,6252,MONTE,1,5,1,2702,0,0,0,,0,003,"RT 68","RT 218",685.00,E,N,B,-,Y,MON,5,68,-,-,6.940,H,-,W,N,4,0,1,2,C,-,18,,,N,C,C,A,A,H,-,D,D,0,,,Y,,Y,,-,"- ",0,0,1,0,0,0,0,0,1,"- ","- ",,,MONTEREY,"DEL REY OAKS",-121.82665827,36.579842669999998
7213837,2016,2016-03-22,2712,2016-03-01,1546,687,2712,2,5,3,2712,0,0,0,,0,001,"IMJIN PW","ABRAMS DR",935.00,S,N,A,-,N,,,,,,,,,,Y,3,0,2,2,A,-,03,22350,,N,C,C,A,A,H,-,A,A,0,,,,,Y,,A,01,0,1,1,0,0,0,0,0,0,"- ","- ",,,MONTEREY,MARINA,-121.79155504000001,36.661794669999999
7200129,2017,2019-04-08,2708,2017-03-05,2307,74764,,7,5,6,2708,0,0,0,,0,,"WEST BLANCO RD","LOS OLIVOS DR",205.00,W,N,B,-,N,,,,,,,,,,Y,1,1,0,1,A,-,00,22360,,N,E,I,A,B,H,-,D,D,0,,,,,Y,Y,A,07,0,0,0,0,0,0,0,0,0,"- ","- ",36.661520000000003,-121.66952000000001,MONTEREY,SALINAS,-121.66939297,36.661399029999998
7200166,2017,2019-04-08,2708,2017-03-23,0238,18925,,4,5,6,2708,0,0,0,,0,009,"WORK ST","WORK CIR",240.00,N,N,A,-,N,,,,,,,,,,Y,1,1,1,3,A,-,01,23152,A,F,G,B,F,A,H,-,C,D,0,Y,,,,Y,Y,-,"- ",1,0,0,1,1,0,0,0,0,"- ","- ",,,MONTEREY,SALINAS,-121.64060757,36.668975459999999
7200224,2017,2019-04-08,2708,2017-05-20,1856,71713,,6,5,6,2708,0,0,0,,0,,"NORTH MAIN ST","EAST MARKET ST",362.00,N,N,A,-,Y,MON,5,183,-,-,0.570,H,-,N,Y,1,1,0,2,A,-,11,21954,A,F,G,B,D,A,H,-,B,D,0,Y,,,,Y,Y,N,60,0,0,0,1,0,0,0,0,0,"- ","- ",,,MONTEREY,SALINAS,-121.654968,36.678859789999997
7200229,2017,2019-04-08,2708,2017-05-29,2048,12507,,1,5,6,2708,0,0,0,,0,007,"WEST BLANCO RD",PADRE,456.00,W,N,A,-,N,,,,,,,,,,N,1,1,0,2,A,-,11,21954,A,F,G,B,D,A,H,-,B,D,0,Y,,,,Y,Y,N,60,0,0,0,1,0,0,0,0,0,"- ","- ",,,MONTEREY,SALINAS,-121.66359545,36.657025419999997
7201622,2016,2016-03-05,2706,2016-01-22,0003,375,2706,5,5,4,2706,0,0,0,,0,002,"W FRANKLIN ST","PACIFIC ST",0.00,,Y,A,-,N,,,,,,,,,,N,3,0,1,2,A,-,11,21954,A,F,G,B,B,A,H,-,C,A,0,Y,,,,Y,,A,01,0,1,0,0,1,0,0,0,0,"- ","- ",,,MONTEREY,MONTEREY,-121.89580997,36.60019011
7201706,2016,2016-03-08,2706,2016-02-24,1638,320,,3,5,4,2706,0,0,0,,0,003,"RYAN RANCH RD","CANYON DEL REY BL",0.00,,Y,A,-,N,,,,,,,,,,N,4,0,1,2,A,-,05,21460,A,N,D,C,A,A,H,-,A,D,0,,,Y,,Y,,C,02,0,0,1,0,0,0,0,0,1,"- ","- ",,,MONTEREY,MONTEREY,-121.82922997,36.583940030000001
7201962,2016,2016-03-08,2704,2016-01-26,1407,7307,2704,2,5,3,2704,0,0,0,,0,003,"OAK AV","GREENLEAF LOOP ST",0.00,,N,A,-,N,,,,,,,,,,Y,4,0,2,3,A,-,07,21658,A,N,C,E,A,A,H,-,A,D,0,,,Y,,Y,,A,01,0,0,2,0,0,0,0,0,0,"- ","- ",,,MONTEREY,GREENFIELD,,
8040751,2016,2016-05-19,2708,2016-04-14,0910,56525,,4,5,6,2708,0,0,0,,0,007,"SOUTH MAIN ST","ACACIA ST",0.00,,Y,A,-,N,,,,,,,,,,Y,4,0,4,3,A,-,03,22350,,N,C,C,A,A,H,-,A,A,0,,,,,Y,,-,,0,0,4,0,0,0,0,0,0,"- ","- ",,,MONTEREY,SALINAS,-121.65715998,36.66424001
8040755,2016,2016-05-19,2708,2016-04-11,1624,30350,,1,5,6,2708,0,0,0,,0,012,"SOUTH SANBORN RD","OREGON ST",50.00,N,N,A,-,N,,,,,,,,,,N,4,0,1,2,A,-,03,22350,,N,C,C,A,A,H,-,A,A,0,,,,,Y,,-,,0,0,1,0,0,0,0,0,0,"- ","- ",,,MONTEREY,SALINAS,-121.62200798000001,36.682336050000004
8040764,2016,2016-05-19,2708,2016-04-17,2021,53268,,7,5,6,2708,0,0,0,,0,001,"NORTH MAIN ST","EAST BORONDA RD",0.00,,Y,A,-,N,,,,,,,,,,Y,3,0,3,2,D,-,00,,,N,A,C,A,A,H,-,C,A,0,,,,,Y,,-,"- ",0,1,2,0,0,0,0,0,0,"- ","- ",,,MONTEREY,SALINAS,-121.65622992,36.721620110000003
8040768,2016,2016-05-19,2708,2016-04-20,0526,76998,,3,5,6,2708,0,0,0,,0,008,"E ALISAL ST","FRONT ST",0.00,,Y,A,-,N,,,,,,,,,,Y,3,0,1,2,A,-,12,21453,A,N,D,C,A,A,H,-,B,A,0,,,,,Y,,-,,0,1,0,0,0,0,0,0,0,"- ","- ",,,MONTEREY,SALINAS,-121.64915999,36.674640099999998