CASE_ID,ACCIDENT_YEAR,PROC_DATE,JURIS,COLLISION_DATE,COLLISION_TIME,OFFICER_ID,REPORTING_DISTRICT,DAY_OF_WEEK,CHP_SHIFT,POPULATION,CNTY_CITY_LOC,SPECIAL_COND,BEAT_TYPE,CHP_BEAT_TYPE,CITY_DIVISION_LAPD,CHP_BEAT_CLASS,BEAT_NUMBER,PRIMARY_RD,SECONDARY_RD,DISTANCE,DIRECTION,INTERSECTION,WEATHER_1,WEATHER_2,STATE_HWY_IND,CALTRANS_COUNTY,CALTRANS_DISTRICT,STATE_ROUTE,ROUTE_SUFFIX,POSTMILE_PREFIX,POSTMILE,LOCATION_TYPE,RAMP_INTERSECTION,SIDE_OF_HWY,TOW_AWAY,COLLISION_SEVERITY,NUMBER_KILLED,NUMBER_INJURED,PARTY_COUNT,PRIMARY_COLL_FACTOR,PCF_CODE_OF_VIOL,PCF_VIOL_CATEGORY,PCF_VIOLATION,PCF_VIOL_SUBSECTION,HIT_AND_RUN,TYPE_OF_COLLISION,MVIW,PED_ACTION,ROAD_SURFACE,ROAD_COND_1,ROAD_COND_2,LIGHTING,CONTROL_DEVICE,CHP_ROAD_TYPE,PEDESTRIAN_ACCIDENT,BICYCLE_ACCIDENT,MOTORCYCLE_ACCIDENT,TRUCK_ACCIDENT,NOT_PRIVATE_PROPERTY,ALCOHOL_INVOLVED,STWD_VEHTYPE_AT_FAULT,CHP_VEHTYPE_AT_FAULT,COUNT_SEVERE_INJ,COUNT_VISIBLE_INJ,COUNT_COMPLAINT_PAIN,COUNT_PED_KILLED,COUNT_PED_INJURED,COUNT_BICYCLIST_KILLED,COUNT_BICYCLIST_INJURED,COUNT_MC_KILLED,COUNT_MC_INJURED,PRIMARY_RAMP,SECONDARY_RAMP,LATITUDE,LONGITUDE,COUNTY,CITY,POINT_X,POINT_Y
8040772,2016,2016-05-19,2708,2016-04-15,0758,30731,,5,5,6,2708,0,0,0,,0,2L9,"HARRIS RD","HARRIS PL",0.00,,Y,A,-,N,,,,,,,,,,Y,4,0,2,2,A,-,09,21802,A,N,D,C,A,A,H,-,A,D,0,,,,,Y,,-,,0,0,2,0,0,0,0,0,0,"- ","- ",,,MONTEREY,SALINAS,-121.61395988,36.642550010000001
8040776,2016,2016-05-19,2708,2016-04-14,1836,31967,9,4,5,6,2708,0,0,0,,0,009,"HARKINS RD","BURTON AV",150.00,W,N,A,-,N,,,,,,,,,,N,4,0,1,2,A,-,08,22102,,N,D,C,A,A,H,-,A,D,0,,,,,Y,,-,,0,0,1,0,0,0,0,0,0,"- ","- ",,,MONTEREY,SALINAS,-121.62942751999999,36.650517989999997
8040779,2016,2016-05-19,2708,2016-04-17,1106,53260,,7,5,6,2708,0,0,0,,0,012,"MACHADO ST","MOHAR ST",0.00,,Y,A,-,N,,,,,,,,,,Y,4,0,2,3,A,-,09,21800,A,N,D,A,A,A,H,-,A,A,0,,,,,Y,,-,,0,0,2,0,0,0,0,0,0,"- ","- ",,,MONTEREY,SALINAS,-121.61761987,36.682540090000003
8040780,2016,2016-05-19,2708,2016-04-07,1656,56793,,4,5,6,2708,0,0,0,,0,008,"E ALISAL","MONTEREY ST",0.00,,Y,A,-,N,,,,,,,,,,N,3,0,1,2,A,-,12,21453,A,N,D,G,A,A,H,-,A,A,0,,Y,,,Y,,L,04,0,1,0,0,0,0,1,0,0,"- ","- ",,,MONTEREY,SALINAS,-121.65368991,36.67396007
8040782,2016,2016-05-25,2708,2016-03-08,0734,56525,MUNI,2,5,6,2708,0,0,0,,0,006,"ROSSI ST","MARTELLA ST",150.00,W,N,A,-,N,,,,,,,,,,Y,3,0,6,2,A,-,08,22103,,N,D,C,A,A,H,-,A,D,0,,,,,Y,,-,,0,1,5,0,0,0,0,0,0,"- ","- ",,,MONTEREY,SALINAS,-121.65554272,36.681695840000003
8040783,2016,2016-05-19,2708,2016-04-12,0739,52823,,2,5,6,2708,0,0,0,,0,,"HOMESTEAD AV","W ALISAL ST",0.00,,Y,A,-,N,,,,,,,,,,N,3,0,1,2,A,-,09,21804,A,N,D,G,A,A,H,-,A,A,0,,Y,,,Y,,L,04,0,1,0,0,0,0,1,0,0,"- ","- ",,,MONTEREY,SALINAS,-121.66437986,36.672520069999997
8040784,2016,2016-05-19,2708,2016-04-07,1844,03185,,4,5,6,2708,0,0,0,,0,005,"REATA ST","E CURTIS",69.00,E,N,A,-,N,,,,,,,,,,N,4,0,2,2,A,-,03,22350,,F,A,C,A,A,H,-,A,D,0,,,,,Y,,-,,0,0,2,0,0,0,0,0,0,"- ","- ",,,MONTEREY,SALINAS,-121.64911641,36.702740679999998
8040787,2016,2016-05-19,2708,2016-04-08,2055,12507,,5,5,6,2708,0,0,0,,0,001,"W BORONDA RD","NORTH MAIN ST",0.00,,Y,C,-,N,,,,,,,,,,N,2,0,1,2,A,-,10,21950,A,N,G,B,B,B,H,-,C,A,0,Y,,,,Y,,-,,1,0,0,0,1,0,0,0,0,"- ","- ",,,MONTEREY,SALINAS,-121.65622992,36.721620110000003
8040791,2016,2016-05-19,2708,2016-04-04,0722,53268,,1,5,6,2708,0,0,0,,0,011,"ACOSTA PLZ","GARNER AV",165.00,S,N,A,-,N,,,,,,,,,,N,4,0,1,2,A,-,06,21750,,N,-,C,A,A,-,-,A,D,0,,,,,Y,,-,,0,0,1,0,0,0,0,0,0,"- ","- ",,,MONTEREY,SALINAS,-121.61691190000001,36.687494239999999
8040792,2016,2016-05-19,2708,2016-04-15,2143,74426,,5,5,6,2708,0,0,0,,0,007,"SOUTH MAIN ST","HARVEST ST",0.00,,Y,A,-,N,,,,,,,,,,N,2,0,1,2,A,-,10,21950,A,N,G,B,B,A,H,-,C,A,0,Y,,,,Y,Y,-,,1,0,0,0,1,0,0,0,0,"- ","- ",,,MONTEREY,SALINAS,-121.65532999,36.669350100000003
8040795,2016,2016-05-19,2708,2016-04-13,2309,05048,,3,5,6,2708,0,0,0,,0,006,"NORTH DAVIS RD","WESTRIDGE PKWY",400.00,N,N,A,-,N,,,,,,,,,,Y,2,0,1,2,A,-,09,21801,A,N,D,C,A,A,H,-,C,D,0,,,,,Y,,-,,1,0,0,0,0,0,0,0,0,"- ","- ",,,MONTEREY,SALINAS,-121.66666366,36.70507722
8040796,2016,2016-05-19,2708,2016-04-29,2153,19735,SPD,5,5,6,2708,0,0,0,,0,006,"WEST LAUREL DR","NORTH DAVIS RD",204.00,E,N,A,-,N,,,,,,,,,,Y,2,0,1,1,C,-,18,,,N,F,I,A,A,H,-,C,A,0,,,,,Y,,-,"- ",1,0,0,0,0,0,0,0,0,"- ","- ",,,MONTEREY,SALINAS,-121.66739585000001,36.697870559999998
8040799,2016,2017-02-18,2708,2016-04-14,0459,53268,,4,5,6,2708,0,0,0,,0,009,"SOUTH SANBORN RD","RT 101",12.00,N,N,C,-,Y,MON,5,101,-,-,86.280,R,1,S,Y,4,0,1,2,A,-,03,22350,,N,C,C,A,B,H,-,C,D,0,,,,,Y,,-,,0,0,1,0,0,0,0,0,0,"- ","- ",,,MONTEREY,SALINAS,-121.63066508999999,36.667484700000003
8001153,2016,2016-04-01,2706,2016-03-17,0706,142,MPD,4,5,4,2706,0,0,0,,0,001,"PRESCOTT AV","BELDEN ST",0.00,,Y,A,-,N,,,,,,,,,,Y,4,0,1,2,A,-,09,21802,A,N,D,C,A,A,H,-,A,D,0,,,,,Y,,-,"- ",0,0,1,0,0,0,0,0,0,"- ","- ",,,MONTEREY,MONTEREY,-121.90518993000001,36.613320029999997
8001177,2016,2016-04-01,2712,2016-03-22,2237,1074,2712,2,5,3,2712,0,0,0,,0,001,"RESERVATION RD","SEASIDE CR",26.00,N,N,A,-,N,,,,,,,,,,Y,3,0,1,1,A,-,01,23152,A,N,E,I,A,A,H,-,C,A,0,,,Y,,Y,Y,C,02,0,1,0,0,0,0,0,0,1,"- ","- ",,,MONTEREY,MARINA,,
8027901,2016,2016-04-26,2703,2016-04-12,1221,4989,2703,2,5,2,2703,0,0,0,,0,ALL,"DEL MONTE DR","RINCON RD",0.00,,Y,A,-,N,,,,,,,,,,Y,4,0,1,1,A,-,21,22106,,N,E,I,A,A,H,-,A,D,0,,,,,Y,,A,01,0,0,1,0,0,0,0,0,0,"- ","- ",,,MONTEREY,GONZALES,-121.44074000000001,36.515060040000002
8028352,2016,2017-02-14,2706,2016-04-21,1710,772,MPD,4,5,4,2706,0,0,0,,0,003,"RT 68","OLMSTED RD",70.00,W,N,A,-,Y,MON,5,68,-,-,5.550,H,-,E,N,4,0,2,3,A,-,03,22350,,N,C,C,A,A,H,-,A,A,0,,,,,Y,,I,09,0,0,2,0,0,0,0,0,0,"- ","- ",,,MONTEREY,MONTEREY,-121.85008186,36.583988730000002
8028354,2016,2016-05-13,2706,2016-04-14,1546,031,MPD,4,5,4,2706,0,0,0,,0,002,"SOLEDAD DR","MUNRAS AV",67.00,E,N,A,-,N,,,,,,,,,,Y,4,0,1,2,A,-,09,21801,B,N,D,C,A,A,H,-,A,D,0,,,,,Y,,D,22,0,0,1,0,0,0,0,0,0,"- ","- ",,,MONTEREY,MONTEREY,-121.90167803,36.583248879999999
8029883,2016,2016-04-27,2712,2016-04-04,0714,1073,2712,1,5,3,2712,0,0,0,,0,001,"RESERVATION RD","BAYER DR",0.00,,Y,A,-,N,,,,,,,,,,Y,4,0,2,2,A,-,09,21802,A,N,D,C,A,A,H,-,B,A,0,,,,,Y,,A,01,0,0,2,0,0,0,0,0,0,"- ","- ",,,MONTEREY,MARINA,-121.77940986999999,36.677810090000001
8029997,2016,2016-05-04,2712,2016-04-18,0750,274,,1,5,3,2712,0,0,0,,0,001,"CARMEL AV","CALIFORNIA AV",15.00,W,N,A,-,N,,,,,,,,,,N,3,0,1,2,A,-,10,21950,A,N,G,B,B,A,H,-,A,A,0,Y,,,,Y,,D,22,0,1,0,0,1,0,0,0,0,"- ","- ",,,MONTEREY,MARINA,-121.78755418,36.676980790000002
8030066,2016,2016-04-29,2712,2016-04-01,0510,567,2712,5,5,3,2712,0,0,0,,0,001,"RESERVATION RD","IMJIN PW",30.00,N,N,A,-,N,,,,,,,,,,Y,4,0,1,2,D,-,00,,,N,D,C,A,A,H,-,C,A,0,,,Y,,Y,,-,"- ",0,0,1,0,0,0,0,0,0,"- ","- ",,,MONTEREY,MARINA,-121.76668375,36.671477340000003
8030201,2016,2016-08-24,2712,2016-03-30,1824,2712,2712,3,5,3,2712,0,0,0,,0,001,"RESERVATION RD","CRESTVIEW CT",13.00,W,N,A,-,N,,,,,,,,,,N,2,0,1,2,A,-,09,21801,A,N,D,G,A,A,H,-,A,D,0,,Y,,,Y,,A,01,1,0,0,0,0,0,1,0,0,"- ","- ",,,MONTEREY,MARINA,-121.7861781,36.681228269999998
8030205,2016,2016-04-29,2712,2016-03-21,0806,687,2712,1,5,3,2712,0,0,0,,0,001,"IMJIN PW","CALIFORNIA AV",103.00,W,N,B,-,N,,,,,,,,,,N,3,0,1,2,A,-,03,22350,,N,B,C,A,B,G,-,A,A,0,,,Y,,Y,,A,01,0,1,0,0,0,0,0,0,0,"- ","- ",,,MONTEREY,MARINA,-121.79717367000001,36.666279930000002
8031710,2016,2016-05-09,2711,2016-03-28,1847,7944,2711,1,5,3,2711,0,0,0,,0,002,"H DE LA ROSA SR ST","NESTLES RD",0.00,,N,A,-,N,,,,,,,,,,Y,4,0,1,2,A,-,03,22350,,M,D,D,A,A,H,-,A,A,0,,,,,Y,,A,01,0,0,1,0,0,0,0,0,0,"- ","- ",,,MONTEREY,SOLEDAD,-121.31964988,36.417800020000001
8032914,2016,2016-05-06,2712,2016-04-25,1440,274,,1,5,3,2712,0,0,0,,0,001,"IMJIN PKWY","ABRAMS DR",196.00,S,N,A,-,N,,,,,,,,,,N,3,0,1,1,A,-,03,22350,,N,F,J,A,A,H,-,A,A,0,,,Y,,Y,,C,02,0,1,0,0,0,0,0,0,1,"- ","- ",,,MONTEREY,MARINA,-121.7932177,36.663264060000003
8040800,2016,2016-05-19,2708,2016-04-28,1315,56793,,4,5,6,2708,0,0,0,,0,008,"WEST SAN LUIS ST","SALINAS ST",0.00,,Y,A,-,N,,,,,,,,,,Y,3,0,3,2,A,-,12,21453,A,N,D,C,A,A,H,-,A,A,0,,,,,Y,,-,,0,2,1,0,0,0,0,0,0,"- ","- ",,,MONTEREY,SALINAS,-121.65565992000001,36.671810069999999
8042848,2016,2016-05-17,2708,2016-04-30,2316,18925,,6,5,6,2708,0,0,0,,0,006,"NORTH DAVIS RD","CALLE DEL ADOBE",0.00,,Y,A,-,N,,,,,,,,,,Y,3,0,1,1,A,-,01,23152,A,N,E,I,A,A,H,-,C,A,0,,,,,Y,Y,-,,0,1,0,0,0,0,0,0,0,"- ","- ",,,MONTEREY,SALINAS,-121.66808987,36.697910100000001
8042856,2016,2016-05-17,2708,2016-04-02,2101,08323,,6,5,6,2708,0,0,0,,0,011,"GARNER AV","GREEN ST",150.00,E,N,A,-,N,,,,,,,,,,N,3,0,1,2,A,-,08,22107,,N,B,E,A,A,H,-,C,D,0,,,,,Y,,-,,0,1,0,0,0,0,0,0,0,"- ","- ",,,MONTEREY,SALINAS,-121.61337077,36.684230079999999
8042860,2016,2016-05-17,2708,2016-04-06,0658,07903,EAST,3,5,6,2708,0,0,0,,0,011,"DELMONTE AV","NORTH SANBORN RD",0.00,,Y,A,-,N,,,,,,,,,,Y,3,0,3,2,A,-,09,21801,A,N,A,D,A,A,H,-,A,A,0,,,,,Y,,-,,0,3,0,0,0,0,0,0,0,"- ","- ",,,MONTEREY,SALINAS,-121.61081992,36.688660079999998
8043214,2016,2016-11-22,2707,2016-02-23,1941,1983,2707,2,5,3,2707,0,0,0,,0,001,"FOREST AV","SPRUCE AV",0.00,,Y,A,-,N,,,,,,,,,,Y,4,0,1,2,A,-,03,22350,,N,A,B,B,A,H,-,C,D,0,Y,,,,Y,,A,01,0,0,1,0,1,0,0,0,0,"- ","- ",,,MONTEREY,"PACIFIC GROVE",-121.91922996,36.617860049999997
8043516,2016,2016-05-20,2706,2016-04-14,1212,410,MPD,4,5,4,2706,0,0,0,,0,002,"PEARL ST","TYLER ST",0.00,,Y,A,-,N,,,,,,,,,,N,3,0,1,2,A,-,10,21950,A,N,G,B,B,A,H,-,A,D,0,Y,,,,Y,,A,01,0,1,0,0,1,0,0,0,0,"- ","- ",,,MONTEREY,MONTEREY,-121.89403995000001,36.5977101
8043520,2016,2016-05-20,2706,2016-04-23,0936,608,MPD,6,5,4,2706,0,0,0,,0,002,"LIGHTHOUSE AV","DEL MONTE AV",76.00,S,N,A,-,N,,,,,,,,,,N,4,0,1,2,A,-,03,22350,,N,C,C,A,A,H,-,A,A,0,,,,,Y,,A,01,0,0,1,0,0,0,0,0,0,"- ","- ",,,MONTEREY,MONTEREY,-121.89234,36.600659999999998
8043649,2016,2016-05-23,2706,2016-05-08,1512,031,2706,7,5,4,2706,0,0,0,,0,001,"HAWTHORNE ST","MCCLELLAN AV",0.00,,Y,A,-,N,,,,,,,,,,Y,4,0,2,2,A,-,09,21801,A,N,A,C,A,A,H,-,A,D,0,,,,,Y,,A,01,0,0,2,0,0,0,0,0,0,"- ","- ",,,MONTEREY,MONTEREY,-121.90168996,36.612040049999997
8043912,2016,2016-05-24,2708,2016-04-04,1710,35366,,1,5,6,2708,0,0,0,,0,008,CALIFORNIA,"JOHN ST",0.00,,Y,A,-,N,,,,,,,,,,N,4,0,1,2,A,-,08,22107,,N,G,G,A,A,H,-,A,A,0,,Y,,,Y,,L,04,0,0,1,0,0,0,1,0,0,"- ","- ",,,MONTEREY,SALINAS,-121.64994996999999,36.670000080000001
8043998,2016,2016-05-25,2712,2016-04-22,2040,706,2712,5,5,3,2712,0,0,0,,0,001,"RESERVATION RD","BEACH RD",35.00,W,N,A,-,N,,,,,,,,,,N,2,0,1,2,A,-,10,21950,A,N,G,B,B,A,H,-,C,A,0,Y,,,,Y,,A,01,1,0,0,0,1,0,0,0,0,"- ","- ",,,MONTEREY,MARINA,-121.80183053,36.69484241
8044156,2016,2016-05-24,2708,2016-03-13,1335,08067,,7,5,6,2708,0,0,0,,0,010,"E ALISAL","WOOD ST",50.00,W,N,C,-,N,,,,,,,,,,N,3,0,1,2,A,-,09,21804,B,N,D,G,A,B,H,-,A,D,0,,Y,,,Y,,L,04,0,1,0,0,0,0,1,0,0,"- ","- ",,,MONTEREY,SALINAS,-121.63556909,36.673717799999999
8045281,2016,2016-05-20,2708,2016-02-21,2156,3581,,7,5,6,2708,0,0,0,,0,001,"EAST BORONDA RD","SAN JUAN GRADE RD",51.00,W,N,A,-,N,,,,,,,,,,N,4,0,1,2,A,-,03,22350,,N,C,C,A,A,H,-,C,A,0,,,,,Y,,-,,0,0,1,0,0,0,0,0,0,"- ","- ",,,MONTEREY,SALINAS,-121.65132407999999,36.719868589999997
8015844,2016,2016-04-07,2710,2016-02-01,1940,40392,,1,5,4,2710,0,0,0,,0,FTO,"FREMONT BL","HAMILTON AV",0.00,,Y,A,-,N,,,,,,,,,,N,3,0,1,2,A,-,11,21954,A,N,G,B,D,A,H,-,C,A,0,Y,,,,Y,,N,60,0,1,0,0,1,0,0,0,0,"- ","- ",,,MONTEREY,SEASIDE,-121.84741986,36.605550049999998
8015969,2016,2016-04-07,2710,2016-02-20,2157,40386,MARIN,6,5,4,2710,0,0,0,,0,012,"FREMONT BL","ORD GROVE AV",0.00,,Y,A,-,N,,,,,,,,,,Y,4,0,2,2,A,-,12,21453,A,N,D,D,A,A,H,-,C,A,0,,,,,Y,,A,01,0,0,2,0,0,0,0,0,0,"- ","- ",,,MONTEREY,SEASIDE,-121.84069988,36.619310059999997
8017067,2016,2016-04-15,2701,2016-03-11,1659,5379,2701,5,5,2,2701,0,0,0,,0,ALL,"LOBOS ST",2ND,0.00,,Y,A,-,N,,,,,,,,,,N,2,0,1,1,C,-,18,,,N,G,B,A,A,G,-,A,D,0,,,,,Y,,-,"- ",1,0,0,0,0,0,0,0,0,"- ","- ",,,MONTEREY,CARMEL,-121.91481989,36.560610080000004
8017071,2016,2016-04-15,2701,2016-03-08,0917,5374,MCSC,2,5,2,2701,0,0,0,,0,ALL,"S 1ST AV","SAN CARLOS ST",67.00,W,N,A,-,N,,,,,,,,,,N,3,0,1,2,A,-,08,22107,,N,G,B,E,A,H,-,A,D,0,Y,,,,Y,,A,01,0,1,0,0,1,0,0,0,0,"- ","- ",,,MONTEREY,CARMEL,-121.92207818999999,36.56183
8018366,2016,2016-04-26,2706,2016-04-12,2317,310,MPD,2,5,4,2706,0,0,0,,0,001,"W FRANKLIN ST","LARKIN ST",0.00,,Y,A,-,N,,,,,,,,,,N,4,0,1,2,A,-,09,21802,A,N,D,C,A,A,H,-,-,A,0,,,,,Y,,D,22,0,0,1,0,0,0,0,0,0,"- ","- ",,,MONTEREY,MONTEREY,-121.89860987,36.600850020000003
8018370,2016,2016-04-26,2706,2016-04-09,2302,635,MPD,6,5,4,2706,0,0,0,,0,001,"LIGHTHOUSE AV","PRESCOTT AV",0.00,,Y,A,-,N,,,,,,,,,,N,4,0,2,2,A,-,12,21453,A,N,D,C,A,A,H,-,C,A,0,,,,,Y,,A,07,0,0,2,0,0,0,0,0,0,"- ","- ",,,MONTEREY,MONTEREY,-121.90268997,36.614710039999999
8018374,2016,2016-04-26,2706,2016-04-13,1706,772,,3,5,4,2706,0,0,0,,0,002,"CAMINO EL ESTERO","DEL MONTE AV",46.00,S,N,A,-,N,,,,,,,,,,N,4,0,1,2,A,-,03,22350,,N,C,C,A,A,H,-,A,A,0,,,,,Y,,A,01,0,0,1,0,0,0,0,0,0,"- ","- ",,,MONTEREY,MONTEREY,-121.88733177,36.599814840000001
8019444,2016,2016-04-28,2705,2016-03-07,0802,K23218,2705,1,5,3,2705,0,0,0,,0,0301,"SAN ANTONIO DR","BEDFORD AV",17.00,S,N,C,-,N,,,,,,,,,,Y,4,0,2,2,A,-,04,21703,,N,C,C,A,B,H,-,A,D,0,,,,,Y,,D,22,0,0,2,0,0,0,0,0,0,"- ","- ",,,MONTEREY,"KING CITY",-121.13997630999999,36.209294640000003
8020990,2016,2016-04-15,2709,2016-04-07,1710,1432,2709,4,5,1,2709,0,0,0,,0,ALL,"CALIFORNIA AV","MONTEREY RD",0.00,,Y,A,-,N,,,,,,,,,,N,4,0,1,2,A,-,03,22350,,N,C,C,A,A,H,-,A,A,0,,,,,Y,,A,01,0,0,1,0,0,0,0,0,0,"- ","- ",,,MONTEREY,"SAND CITY",-121.84178986000001,36.623690099999997
8021890,2016,2016-04-28,2708,2016-03-09,0943,97440,,3,5,6,2708,0,0,0,,0,,FREEDOM,"NORTH SANBORN RD",0.00,,Y,A,-,N,,,,,,,,,,Y,2,0,1,2,A,-,12,21453,A,N,D,C,A,A,H,-,A,A,0,,,,,Y,,-,,1,0,0,0,0,0,0,0,0,"- ","- ",,,MONTEREY,SALINAS,-121.60134986,36.692130040000002
8021986,2016,2016-04-18,2708,2016-03-01,1228,15334,,2,5,6,2708,0,0,0,,0,,"EAST LAUREL DR","NORTH DAVIS RD",0.00,,Y,A,-,N,,,,,,,,,,N,4,0,1,2,A,-,08,22107,,N,B,C,A,A,H,-,A,A,0,,,,,Y,,-,,0,0,1,0,0,0,0,0,0,"- ","- ",,,MONTEREY,SALINAS,-121.66808987,36.697910100000001
8022002,2016,2016-04-19,2708,2016-03-29,0204,06235,,2,5,6,2708,0,0,0,,0,011,"PASEO GRANDE","TOWT ST",160.00,W,N,A,-,N,,,,,,,,,,Y,3,0,1,3,A,-,05,21650,,N,A,C,A,A,H,-,C,D,0,,,,,Y,,A,01,0,1,0,0,0,0,0,0,0,"- ","- ",,,MONTEREY,SALINAS,-121.60266269,36.688418130000002
8022003,2016,2016-04-19,2708,2016-03-26,2023,49280,,6,5,6,2708,0,0,0,,0,012,TOWT,ALMA,15.00,S,N,A,-,N,,,,,,,,,,N,4,0,1,2,A,-,09,21802,A,N,D,C,A,A,H,-,C,D,0,,,,,Y,,A,01,0,0,1,0,0,0,0,0,0,"- ","- ",,,MONTEREY,SALINAS,-121.61277221,36.68199671
8022006,2016,2016-04-19,2708,2016-03-20,1526,74426,,7,5,6,2708,0,0,0,,0,005,"EAST LAUREL DR","NOICE DR",0.00,,Y,A,-,N,,,,,,,,,,Y,4,0,1,2,A,-,05,21651,A,N,D,C,A,A,H,-,A,A,0,,,,,Y,,-,,0,0,1,0,0,0,0,0,0,"- ","- ",,,MONTEREY,SALINAS,-121.65084989,36.699130070000002
8022007,2016,2016-04-28,2708,2016-03-21,1942,35838,2708,1,5,6,2708,0,0,0,,0,011,"EAST BORONDA RD",CONSTITUTION,333.00,E,N,B,-,N,,,,,,,,,,Y,3,0,5,3,A,-,01,23152,A,N,A,C,A,A,H,-,C,D,0,,,,,Y,Y,-,,0,5,0,0,0,0,0,0,0,"- ","- ",,,MONTEREY,SALINAS,-121.602937,36.703552629999997
8022010,2016,2016-04-21,2708,2016-03-28,1337,21990,SALIA,1,5,6,2708,0,0,0,,0,008,"W ALISAL ST","LINCOLN AV",0.00,,Y,A,-,N,,,,,,,,,,Y,4,0,2,3,A,-,12,21453,A,N,D,C,A,A,H,-,A,A,0,,,,,Y,,-,,0,0,2,0,0,0,0,0,0,"- ","- ",,,MONTEREY,SALINAS,-121.65684994999999,36.673520089999997
8022011,2016,2016-04-25,2708,2016-03-03,1316,56793,,4,5,6,2708,0,0,0,,0,004,"CONSTITUTION BL","LAS CASITAS DR",0.00,,Y,A,-,N,,,,,,,,,,Y,4,0,1,3,A,-,09,21801,A,N,D,C,A,A,H,-,A,D,0,,,,,Y,,-,,0,0,1,0,0,0,0,0,0,"- ","- ",,,MONTEREY,SALINAS,-121.61258991,36.698780040000003
8022014,2016,2016-04-20,2708,2016-03-17,2200,35838,2708,4,5,6,2708,0,0,0,,0,11B,"NORTH SANBORN RD","FREEDOM PKWY",0.00,,Y,A,-,N,,,,,,,,,,Y,4,0,1,2,A,-,09,21801,A,N,A,C,A,A,H,-,C,A,0,,,,,Y,,-,,0,0,1,0,0,0,0,0,0,"- ","- ",,,MONTEREY,SALINAS,-121.60134986,36.692130040000002
8022015,2016,2016-04-19,2708,2016-03-01,0045,57533,SALIN,2,5,6,2708,0,0,0,,0,,"JOHN ST","S WOOD ST",340.00,W,N,A,-,N,,,,,,,,,,Y,3,0,1,4,A,-,03,22350,A,N,A,E,A,A,H,-,C,A,0,,,,,Y,,-,,0,1,0,0,0,0,0,0,0,"- ","- ",,,MONTEREY,SALINAS,-121.63708222,36.670473549999997
8022018,2016,2016-04-19,2708,2016-03-15,1452,19943,,2,5,6,2708,0,0,0,,0,001,"EAST BORONDA RD","NORTH MAIN ST",320.00,W,N,A,-,N,,,,,,,,,,Y,4,0,1,2,A,-,03,22350,,N,C,C,A,A,H,-,A,D,0,,,,,Y,,-,,0,0,1,0,0,0,0,0,0,"- ","- ",,,MONTEREY,SALINAS,-121.65731014000001,36.72174905
8022019,2016,2016-04-19,2708,2016-03-14,0825,19702,SPD,1,5,6,2708,0,0,0,,0,007,"W ALISAL ST","PALMA DR",0.00,,Y,A,-,N,,,,,,,,,,Y,4,0,1,2,A,-,09,21801,A,N,A,C,A,A,H,-,A,D,0,,,Y,,Y,,-,,0,0,1,0,0,0,0,0,1,"- ","- ",,,MONTEREY,SALINAS,-121.67540997,36.667230070000002
8022022,2016,2016-04-19,2708,2016-03-14,1006,19943,,1,5,6,2708,0,0,0,,0,002,"NORTH MAIN ST","CHAPARRAL ST",0.00,,Y,B,-,N,,,,,,,,,,Y,4,0,1,2,A,-,09,21802,A,N,D,C,A,A,H,-,A,A,0,,,,,Y,,A,01,0,0,1,0,0,0,0,0,0,"- ","- ",,,MONTEREY,SALINAS,-121.65291994,36.704030060000001
8022023,2016,2016-04-19,2708,2016-03-06,0029,19595,,7,5,6,2708,0,0,0,,0,009,"ABBOTT ST","JOHN ST",0.00,,Y,C,-,N,,,,,,,,,,Y,3,0,1,2,A,-,01,23152,A,F,D,C,A,B,H,-,C,A,0,,,,,Y,Y,A,01,0,1,0,0,0,0,0,0,0,"- ","- ",,,MONTEREY,SALINAS,-121.64686989,36.669430009999999
8022026,2016,2016-04-18,2708,2016-03-20,0254,53268,,7,5,6,2708,0,0,0,,0,007,"CENTRAL AV","VILLA ST",0.00,,Y,A,-,N,,,,,,,,,,Y,4,0,1,1,A,-,03,22350,,N,A,I,A,A,H,-,C,A,0,,,,,Y,Y,-,,0,0,1,0,0,0,0,0,0,"- ","- ",,,MONTEREY,SALINAS,-121.66716995,36.675280110000003
8022027,2016,2016-04-19,2708,2016-03-05,2314,05048,,6,5,6,2708,0,0,0,,0,005,"EAST LAUREL DR","LINWOOD DR",500.00,E,N,C,-,N,,,,,,,,,,Y,3,0,1,4,A,-,01,23152,A,N,B,E,A,B,F,-,C,D,0,,Y,,,Y,Y,-,,0,1,0,0,0,0,1,0,0,"- ","- ",,,MONTEREY,SALINAS,-121.64241066,36.697200369999997
8022030,2016,2016-04-19,2708,2016-03-09,1657,30348,,3,5,6,2708,0,0,0,,0,009,"SOUTH SANBORN RD","PELLET AV",530.00,S,N,A,-,N,,,,,,,,,,Y,4,0,1,3,A,-,03,22350,,N,C,C,A,A,H,-,A,D,0,,,,,Y,,-,,0,0,1,0,0,0,0,0,0,"- ","- ",,,MONTEREY,SALINAS,-121.63310782000001,36.660829579999998
8022043,2016,2016-04-25,2708,2016-03-11,2139,54372,,5,5,6,2708,0,0,0,,0,2X10,"EAST MARKET ST","KERN ST",0.00,,Y,C,-,N,,,,,,,,,,Y,3,0,1,1,A,-,01,23152,A,N,E,I,A,B,-,-,C,A,0,,,,,Y,Y,A,01,0,1,0,0,0,0,0,0,0,"- ","- ",,,MONTEREY,SALINAS,-121.64007997,36.677390010000003
8022047,2016,2016-04-19,2708,2016-03-10,0631,53268,,4,5,6,2708,0,0,0,,0,010,"NORTH SANBORN RD","CIRCLE DR",0.00,,Y,A,-,N,,,,,,,,,,Y,4,0,1,2,A,-,12,21453,A,F,D,C,A,A,H,-,A,A,0,,,,,Y,Y,A,01,0,0,1,0,0,0,0,0,0,"- ","- ",,,MONTEREY,SALINAS,-121.62525994000001,36.67901002