CASE_ID,ACCIDENT_YEAR,PROC_DATE,JURIS,COLLISION_DATE,COLLISION_TIME,OFFICER_ID,REPORTING_DISTRICT,DAY_OF_WEEK,CHP_SHIFT,POPULATION,CNTY_CITY_LOC,SPECIAL_COND,BEAT_TYPE,CHP_BEAT_TYPE,CITY_DIVISION_LAPD,CHP_BEAT_CLASS,BEAT_NUMBER,PRIMARY_RD,SECONDARY_RD,DISTANCE,DIRECTION,INTERSECTION,WEATHER_1,WEATHER_2,STATE_HWY_IND,CALTRANS_COUNTY,CALTRANS_DISTRICT,STATE_ROUTE,ROUTE_SUFFIX,POSTMILE_PREFIX,POSTMILE,LOCATION_TYPE,RAMP_INTERSECTION,SIDE_OF_HWY,TOW_AWAY,COLLISION_SEVERITY,NUMBER_KILLED,NUMBER_INJURED,PARTY_COUNT,PRIMARY_COLL_FACTOR,PCF_CODE_OF_VIOL,PCF_VIOL_CATEGORY,PCF_VIOLATION,PCF_VIOL_SUBSECTION,HIT_AND_RUN,TYPE_OF_COLLISION,MVIW,PED_ACTION,ROAD_SURFACE,ROAD_COND_1,ROAD_COND_2,LIGHTING,CONTROL_DEVICE,CHP_ROAD_TYPE,PEDESTRIAN_ACCIDENT,BICYCLE_ACCIDENT,MOTORCYCLE_ACCIDENT,TRUCK_ACCIDENT,NOT_PRIVATE_PROPERTY,ALCOHOL_INVOLVED,STWD_VEHTYPE_AT_FAULT,CHP_VEHTYPE_AT_FAULT,COUNT_SEVERE_INJ,COUNT_VISIBLE_INJ,COUNT_COMPLAINT_PAIN,COUNT_PED_KILLED,COUNT_PED_INJURED,COUNT_BICYCLIST_KILLED,COUNT_BICYCLIST_INJURED,COUNT_MC_KILLED,COUNT_MC_INJURED,PRIMARY_RAMP,SECONDARY_RAMP,LATITUDE,LONGITUDE,COUNTY,CITY,POINT_X,POINT_Y
8022050,2016,2016-04-20,2708,2016-03-31,1551,30433,MONTE,4,5,6,2708,0,0,0,,0,,"NATIVIDAD RD",CHAPARRAL,0.00,,Y,A,-,N,,,,,,,,,,Y,2,0,4,3,A,-,12,21453,A,N,D,C,A,A,H,-,A,A,0,,,,,Y,,A,01,1,1,2,0,0,0,0,0,0,"- ","- ",,,MONTEREY,SALINAS,-121.63451990999999,36.700130029999997
8022051,2016,2016-04-19,2708,2016-03-19,1532,21990,SALIN,6,5,6,2708,0,0,0,,0,010,"NORTH SANBORN RD","CIRCLE DR",189.00,N,N,A,-,N,,,,,,,,,,Y,3,0,1,3,A,-,01,23152,A,M,C,C,A,A,H,-,A,A,0,,,,,Y,Y,-,,0,1,0,0,0,0,0,0,0,"- ","- ",,,MONTEREY,SALINAS,-121.62493617,36.679458959999998
8022054,2016,2016-04-19,2708,2016-03-16,2107,34245,,3,5,6,2708,0,0,0,,0,008,"PAJARO ST","E ALISAL ST",0.00,,Y,A,-,N,,,,,,,,,,Y,4,0,1,2,A,-,12,21453,A,N,D,C,A,A,H,-,C,A,0,,,,,Y,,-,,0,0,1,0,0,0,0,0,0,"- ","- ",,,MONTEREY,SALINAS,-121.65255986,36.674120000000002
8022055,2016,2016-04-19,2708,2016-03-18,1338,30348,MONTE,5,5,6,2708,0,0,0,,0,,"WEST MARKET ST","LINCOLN AV",10.00,S,N,A,-,N,,,,,,,,,,Y,4,0,2,2,A,-,12,21453,A,N,C,C,A,A,H,-,A,A,0,,,,,Y,,A,01,0,0,2,0,0,0,0,0,0,"- ","- ",,,MONTEREY,SALINAS,-121.65746900000001,36.678168540000001
8022058,2016,2016-04-19,2708,2016-03-07,1537,19735,SPD,1,5,6,2708,0,0,0,,0,11A,"GARNER AV","1ST AV",102.00,W,N,C,-,N,,,,,,,,,,N,2,0,4,2,A,-,09,21801,A,M,D,C,A,B,H,-,A,D,0,,,,,Y,,-,,1,0,3,0,0,0,0,0,0,"- ","- ",,,MONTEREY,SALINAS,-121.60994126999999,36.680318560000003
8022062,2016,2016-08-24,2708,2016-03-19,1527,79223,,6,5,6,2708,0,0,0,,0,,"NORTH MAIN ST","E BERNAL ST",0.00,,Y,A,-,N,,,,,,,,,,Y,4,0,1,3,A,-,01,23152,A,M,C,C,A,A,H,-,A,A,0,,,,,Y,Y,-,,0,0,1,0,0,0,0,0,0,"- ","- ",,,MONTEREY,SALINAS,-121.65227999,36.689970029999998
8022065,2016,2016-04-19,2708,2016-03-18,1200,90334,,5,5,6,2708,0,0,0,,0,006,"NORTH MAIN ST","CASENTINI ST",45.00,S,N,A,-,N,,,,,,,,,,N,4,0,2,3,A,-,03,22350,,N,C,C,A,A,H,-,A,D,0,,,,,Y,,-,,0,0,2,0,0,0,0,0,0,"- ","- ",,,MONTEREY,SALINAS,-121.65287406,36.684171579999997
8022069,2016,2016-04-18,2708,2016-03-28,1631,35838,2708,1,5,6,2708,0,0,0,,0,011,"WILLIAMS RD","BARDIN RD",150.00,E,N,A,-,N,,,,,,,,,,Y,3,0,1,2,A,-,09,21804,A,N,A,C,A,A,H,-,A,A,0,,,,,Y,,-,,0,1,0,0,0,0,0,0,0,"- ","- ",,,MONTEREY,SALINAS,-121.60661329,36.679889070000002
8022073,2016,2016-04-18,2708,2016-03-08,0746,57533,,2,5,6,2708,0,0,0,,0,009,"ALAMEDA AV","MAPLEWOOD DR",50.00,S,N,A,-,N,,,,,,,,,,N,4,0,1,2,A,-,09,21804,A,N,A,C,A,A,H,-,A,D,0,,,,,Y,,-,,0,0,1,0,0,0,0,0,0,"- ","- ",,,MONTEREY,SALINAS,-121.64765207000001,36.662457549999999
8022077,2016,2016-04-18,2708,2016-03-07,1514,30285,,1,5,6,2708,0,0,0,,0,,"JOHN ST","WOOD ST",200.00,,N,A,-,N,,,,,,,,,,N,4,0,1,2,A,-,03,22350,,N,C,C,A,B,H,-,A,D,0,,,,,Y,,D,,0,0,1,0,0,0,0,0,0,"- ","- ",,,MONTEREY,SALINAS,-121.63592989999999,36.67037002
8022323,2016,2016-04-20,2708,2016-02-26,2132,16301,,5,5,6,2708,0,0,0,,0,011,"FREEDOM PKWY","RIDER AV",0.00,,Y,A,-,N,,,,,,,,,,Y,4,0,1,2,A,-,12,22450,A,N,A,C,A,A,H,-,C,A,0,,,,,Y,,-,,0,0,1,0,0,0,0,0,0,"- ","- ",,,MONTEREY,SALINAS,-121.60410991000001,36.69611012
8022327,2016,2016-04-20,2708,2016-02-26,1739,12507,,5,5,6,2708,0,0,0,,0,003,"EAST ALVIN DR","SOLANO WY",150.00,E,N,A,-,N,,,,,,,,,,N,4,0,2,2,A,-,08,22103,,N,D,C,A,A,H,-,A,D,0,,,,,Y,,D,22,0,0,2,0,0,0,0,0,0,"- ","- ",,,MONTEREY,SALINAS,-121.64219013,36.706360680000003
8022331,2016,2016-04-20,2708,2016-02-22,1250,97440,,1,5,6,2708,0,0,0,,0,,"GRIFFIN ST","E ALISAL",6.00,N,N,A,-,N,,,,,,,,,,,4,0,1,2,A,-,10,21950,A,N,D,B,B,A,H,-,A,A,0,Y,,,,Y,,-,,0,0,1,0,1,0,0,0,0,"- ","- ",,,MONTEREY,SALINAS,-121.64125226,36.674303199999997
8022375,2016,2016-04-20,2708,2016-02-29,1630,19735,SPD,1,5,6,2708,0,0,0,,0,010,"EAST MARKET ST","CARR AV",20.00,W,N,A,-,N,,,,,,,,,,Y,2,0,3,2,A,-,03,22350,,N,C,C,A,A,H,-,A,D,0,,,,,Y,,A,01,1,0,2,0,0,0,0,0,0,"- ","- ",,,MONTEREY,SALINAS,-121.63555762,36.676927229999997
8022379,2016,2016-04-22,2708,2016-02-24,1611,21990,SALIN,3,5,6,2708,0,0,0,,0,005,"NORTH MAIN ST","EAST LAURLE DR",0.00,,Y,A,-,N,,,,,,,,,,N,4,0,1,2,A,-,05,21650,1,N,D,G,A,A,H,-,A,A,0,,Y,,,Y,,L,04,0,0,1,0,0,0,1,0,0,"- ","- ",,,MONTEREY,SALINAS,-121.65181,36.699320090000001
8023057,2016,2016-04-22,2708,2016-02-29,1024,53260,,1,5,6,2708,0,0,0,,0,012,"TOWT ST","EAST MARKET ST",0.00,,Y,A,-,N,,,,,,,,,,N,4,0,1,2,A,-,09,21802,A,M,-,C,A,A,H,-,A,D,0,,,,,Y,,-,,0,0,1,0,0,0,0,0,0,"- ","- ",,,MONTEREY,SALINAS,-121.62160987,36.676710030000002
8023170,2016,2016-04-22,2708,2016-01-26,1504,97440,,2,5,6,2708,0,0,0,,0,,"EAST ALISAL","SOUTH PEARL ST",108.00,E,N,A,-,N,,,,,,,,,,Y,4,0,1,2,A,-,03,22350,,F,C,C,A,A,H,-,A,A,0,,,,,Y,,-,,0,0,1,0,0,0,0,0,0,"- ","- ",,,MONTEREY,SALINAS,-121.63327413,36.673475779999997
8023174,2016,2016-04-25,2705,2016-01-19,1512,K23218,2705,2,5,3,2705,0,0,0,,0,0302,"NORTH MILDRED AV","BROADWAY ST",20.00,N,N,B,-,N,,,,,,,,,,N,3,0,1,2,A,-,17,21200,,N,A,B,F,B,H,-,A,A,0,Y,Y,,,Y,Y,L,04,0,1,0,0,1,0,0,0,0,"- ","- ",,,MONTEREY,"KING CITY",-121.13201698,36.209696049999998
8024724,2016,2016-06-14,2707,2016-03-31,1036,2119,2707,4,5,3,2707,0,0,0,,0,001,"FOREST AV","DAVID AV",39.00,S,N,A,-,N,,,,,,,,,,Y,4,0,1,3,A,-,03,22350,,N,C,C,A,A,H,-,A,A,0,,,,,Y,,A,07,0,0,1,0,0,0,0,0,0,"- ","- ",,,MONTEREY,"PACIFIC GROVE",-121.92257667,36.608343390000002
8025419,2016,2016-04-29,2705,2016-03-22,0651,23208,2705,2,5,3,2705,0,0,0,,0,002,"7TH ST","LUCKETT ST",2.00,N,N,A,-,N,,,,,,,,,,Y,4,0,3,2,A,-,09,21800,A,N,A,C,A,A,H,-,A,D,0,,,,,Y,,A,08,0,0,3,0,0,0,0,0,0,"- ","- ",,,MONTEREY,"KING CITY",-121.12950377999999,36.208124560000002
8033581,2016,2016-08-29,2711,2016-04-24,1552,7944,2711,7,5,3,2711,0,0,0,,0,002,"FRONT ST","NESTLES RD",0.00,,N,A,-,N,,,,,,,,,,Y,4,0,1,2,A,-,03,22350,,N,C,C,A,A,H,-,A,A,0,,,,,Y,,A,01,0,0,1,0,0,0,0,0,0,"- ","- ",,,MONTEREY,SOLEDAD,-121.32273999,36.420340080000003
8034373,2016,2016-05-27,2706,2016-05-13,1550,181,MPD,5,5,4,2706,0,0,0,,0,003,"FREMONT ST","CASANOVA AV",236.00,E,N,A,-,N,,,,,,,,,,Y,4,0,2,2,A,-,09,21804,A,N,D,C,A,A,H,-,A,D,0,,,,,Y,,A,01,0,0,2,0,0,0,0,0,0,"- ","- ",,,MONTEREY,MONTEREY,-121.85247506,36.597892539999997
8034613,2016,2016-05-03,2712,2016-03-24,1716,537,2712,4,5,3,2712,0,0,0,,0,001,"DEL MONTE BL","PALM AV",41.00,E,N,A,-,N,,,,,,,,,,N,3,0,1,2,B,-,22,,,N,G,G,A,A,H,-,A,D,0,,Y,,,Y,,L,04,0,1,0,0,0,0,1,0,0,"- ","- ",,,MONTEREY,MARINA,-121.80359419,36.683538949999999
8035059,2015,2016-05-06,2712,2015-12-15,1452,687,2712,2,5,3,2712,0,0,0,,0,001,"DE FOREST RD","RESERVATION RD",201.00,S,N,A,-,N,,,,,,,,,,N,4,0,1,2,D,-,00,,,N,G,B,F,A,H,-,A,D,0,Y,,,,Y,,-,"- ",0,0,1,0,1,0,0,0,0,"- ","- ",,,MONTEREY,MARINA,-121.79382442000001,36.684132509999998
8035265,2016,2016-05-27,2706,2016-05-12,1036,142,MPD,4,5,4,2706,0,0,0,,0,002,"MUNRAS AV","DEL MONTE CTR",0.00,,Y,A,-,N,,,,,,,,,,Y,4,0,1,2,A,-,09,21453,C,N,D,C,A,A,H,-,A,A,0,,,,,Y,,A,01,0,0,1,0,0,0,0,0,0,"- ","- ",,,MONTEREY,MONTEREY,-121.90089999999999,36.584810079999997
8035266,2016,2016-05-27,2706,2016-05-15,1102,181,MPD,7,5,4,2706,0,0,0,,0,003,"DEL MONTE AV",ENGLISH,20.00,E,N,B,-,N,,,,,,,,,,N,3,0,1,2,A,-,05,21650,,N,A,G,A,A,H,-,A,D,0,,Y,,,Y,,L,04,0,1,0,0,0,0,1,0,0,"- ","- ",,,MONTEREY,MONTEREY,-121.86066592,36.604853439999999
8035267,2016,2016-05-27,2706,2016-05-18,1541,939,MPD,3,5,4,2706,0,0,0,,0,001,"LIGHTHOUSE AV","IRVING AV",20.00,S,N,A,-,N,,,,,,,,,,N,4,0,1,2,A,-,03,22350,,N,C,C,A,A,H,-,A,A,0,,,Y,,Y,,C,02,0,0,1,0,0,0,0,0,1,"- ","- ",,,MONTEREY,MONTEREY,-121.90358208000001,36.615784339999998
8035298,2016,2016-05-27,2706,2016-04-26,1639,128,MPD,2,5,4,2706,0,0,0,,0,003,"NORTH FREMONT ST","CASANOVA AV",175.00,E,N,A,-,N,,,,,,,,,,N,4,0,2,2,A,-,09,21801,A,N,D,C,A,A,H,-,A,D,0,,,,,Y,,A,01,0,0,2,0,0,0,0,0,0,"- ","- ",,,MONTEREY,MONTEREY,-121.85266779,36.597829789999999
8035776,2016,2016-05-03,2706,2016-04-13,1623,590,MPD,3,5,4,2706,0,0,0,,0,001,"REESIDE AV",FOAM,0.00,,Y,A,-,N,,,,,,,,,,N,3,0,1,2,A,-,17,21461,A,N,D,G,A,A,H,-,A,A,0,,Y,,,Y,,L,04,0,1,0,0,0,0,1,0,0,"- ","- ",,,MONTEREY,MONTEREY,-121.89751991999999,36.610100109999998
8035778,2016,2016-05-03,2706,2016-04-10,1329,444,MPD,7,5,4,2706,0,0,0,,0,002,"CAMINO EL ESTERO","DEL MONTE AV",70.00,S,N,C,-,N,,,,,,,,,,N,4,0,1,2,A,-,09,21804,A,N,D,C,A,B,H,-,A,A,0,,,,,Y,,A,01,0,0,1,0,0,0,0,0,0,"- ","- ",,,MONTEREY,MONTEREY,-121.88734312,36.599749539999998
8035799,2016,2016-05-03,2712,2016-04-25,1658,274,,1,5,3,2712,0,0,0,,0,001,"IMJIN PKWY","CALIFORNIA AV",0.00,,Y,A,-,N,,,,,,,,,,N,3,0,1,2,A,-,17,21461,A,N,D,D,A,A,H,-,A,A,0,,Y,Y,,Y,,L,04,0,1,0,0,0,0,0,0,1,"- ","- ",,,MONTEREY,MARINA,-121.79684985999999,36.666170000000001
8037784,2016,2016-05-17,2701,2016-04-08,1512,5545,CARM,5,5,2,2701,0,0,0,,0,00S,"SAN CARLOS ST","12TH AV",0.00,,Y,B,-,N,,,,,,,,,,Y,4,0,1,2,A,-,09,21802,A,N,D,C,A,A,H,-,A,A,0,,,,,Y,,A,07,0,0,1,0,0,0,0,0,0,"- ","- ",,,MONTEREY,CARMEL,-121.92181995,36.547920060000003
8025431,2016,2016-04-19,2705,2016-03-07,1805,23137,2705,1,5,3,2705,0,0,0,,0,0104,"N 2ND ST","ELLIS ST",0.00,,Y,B,-,N,,,,,,,,,,N,4,0,1,2,A,-,09,21802,A,N,D,C,A,B,H,-,B,D,0,,,,,Y,Y,A,01,0,0,1,0,0,0,0,0,0,"- ","- ",,,MONTEREY,"KING CITY",-121.12638986,36.215340089999998
8026182,2015,2016-04-25,2705,2015-10-15,1307,K23208,2705,4,5,3,2705,0,0,0,,0,002,"BROADWAY ST","SAN LORENZO AV",10.00,E,N,A,-,N,,,,,,,,,,N,4,0,1,2,A,-,09,21802,A,N,D,-,A,A,H,-,A,A,0,,,,,Y,,A,07,0,0,1,0,0,0,0,0,0,"- ","- ",,,MONTEREY,"KING CITY",-121.13041149999999,36.210794870000001
8026213,2015,2016-08-23,2705,2015-10-10,1727,22951,2705,6,5,3,2705,0,0,0,,0,104,"VANDERHURST AV","KING ST",208.00,S,N,A,-,N,,,,,,,,,,Y,3,0,1,2,A,-,10,21952,,F,G,B,F,A,H,-,A,D,0,Y,,,,Y,Y,A,07,0,1,0,0,1,0,0,0,0,"- ","- ",,,MONTEREY,"KING CITY",-121.13133065,36.216673630000003
8026431,2016,2016-04-27,2706,2016-04-17,0248,103,MPD,7,5,4,2706,0,0,0,,0,001,"WATSON ST","SCOTT ST",217.00,S,N,A,-,N,,,,,,,,,,N,4,0,1,2,A,-,03,22350,,N,G,B,D,A,H,-,C,D,0,Y,,,,Y,,D,22,0,0,1,0,1,0,0,0,0,"- ","- ",,,MONTEREY,MONTEREY,-121.89896027,36.603378409999998
8026435,2016,2018-02-01,2706,2016-04-11,1224,444,MPD,1,5,4,2706,0,0,0,,0,002,"ABREGO ST","FREMONT ST",17.00,S,N,A,-,N,,,,,,,,,,Y,4,0,1,3,A,-,05,21460,A,N,B,C,A,A,H,-,A,A,0,,,,Y,Y,,G,25,0,0,1,0,0,0,0,0,0,"- ","- ",,,MONTEREY,MONTEREY,-121.89218749,36.595203679999997
8026488,2016,2016-04-26,2706,2016-04-12,1557,072,2706,2,5,4,2706,0,0,0,,0,002,"SOLEDAD DR","MUNRAS AV",286.00,E,N,A,-,N,,,,,,,,,,N,4,0,1,2,A,-,03,22350,,N,C,C,A,A,H,-,A,D,0,,,Y,,Y,,C,02,0,0,1,0,0,0,0,0,1,"- ","- ",,,MONTEREY,MONTEREY,-121.90106928,36.582901020000001
8026492,2016,2016-04-26,2706,2016-04-13,0830,031,2706,3,5,4,2706,0,0,0,,0,002,"CASS ST","EL DORADO ST",0.00,,Y,A,-,N,,,,,,,,,,N,3,0,1,2,A,-,10,21950,A,N,G,B,B,A,H,-,A,D,0,Y,,,,Y,,A,01,0,1,0,0,1,0,0,0,0,"- ","- ",,,MONTEREY,MONTEREY,-121.89580994000001,36.593420100000003
8026496,2016,2016-04-26,2706,2016-04-16,1039,142,MPD,6,5,4,2706,0,0,0,,0,001,"HAWTHORNE ST","MCCLELLAN AV",0.00,,Y,A,-,N,,,,,,,,,,Y,4,0,1,2,A,-,09,21802,A,N,D,C,A,A,H,-,A,D,0,,,,,Y,,A,07,0,0,1,0,0,0,0,0,0,"- ","- ",,,MONTEREY,MONTEREY,-121.90168996,36.612040049999997
8026500,2016,2016-04-26,2706,2016-04-17,1839,635,MPD,7,5,4,2706,0,0,0,,0,001,"REESIDE AV",FOAM,122.00,E,N,A,-,N,,,,,,,,,,N,3,0,1,2,A,-,03,22350,,N,D,G,A,A,H,-,A,D,0,,Y,,,Y,,A,08,0,1,0,0,0,0,1,0,0,"- ","- ",,,MONTEREY,MONTEREY,-121.89717467,36.61028666
8065054,2016,2016-06-21,2711,2016-05-14,1233,2119,2711,6,5,3,2711,0,0,0,,0,001,"WEST ST","GABILAN DR",0.00,,N,A,-,N,,,,,,,,,,N,4,0,1,2,A,-,08,22107,,N,D,C,A,A,H,-,A,A,0,,,,,Y,,D,22,0,0,1,0,0,0,0,0,0,"- ","- ",,,MONTEREY,SOLEDAD,-121.32727987,36.435980059999999
8065058,2016,2016-08-29,2711,2016-05-17,1734,6189,2711,2,5,3,2711,0,0,0,,0,001,"FRONT ST","MAIN ST",182.00,N,N,A,-,N,,,,,,,,,,N,4,0,1,2,A,-,04,21703,,N,C,C,A,A,H,-,A,D,0,,,,,Y,Y,D,22,0,0,1,0,0,0,0,0,0,"- ","- ",,,MONTEREY,SOLEDAD,-121.32974295,36.427142500000002
8065143,2016,2017-03-30,2708,2016-05-05,1557,5693,,4,5,6,2708,0,0,0,,0,009,"EAST ROMIE LN","SAN MARINO",342.00,E,N,C,-,N,,,,,,,,,,Y,1,1,3,4,A,-,09,21804,A,N,A,C,A,B,H,-,A,D,0,,,,,Y,,-,,0,1,2,0,0,0,0,0,0,"- ","- ",,,MONTEREY,SALINAS,-121.64162424,36.658896759999998
8045289,2016,2016-05-20,2708,2016-02-22,1554,49280,,1,5,6,2708,0,0,0,,0,001,"VAN BUREN AV",EISENHOWER,150.00,N,N,A,-,N,,,,,,,,,,N,3,0,1,2,A,-,09,21801,A,N,D,C,A,A,H,-,A,D,0,,,,,Y,,-,,0,1,0,0,0,0,0,0,0,"- ","- ",,,MONTEREY,SALINAS,-121.64948735999999,36.729391069999998
8045293,2016,2016-05-20,2708,2016-02-10,1903,80573,,3,5,6,2708,0,0,0,,0,010,"JOHN ST","SOUTH SANBORN RD",70.00,W,N,A,-,N,,,,,,,,,,N,4,0,2,2,A,-,03,22350,,N,C,C,A,A,H,-,C,A,0,,,,,Y,,-,,0,0,2,0,0,0,0,0,0,"- ","- ",,,MONTEREY,SALINAS,-121.62796572000001,36.669330410000001
8045325,2016,2017-02-11,2708,2016-02-08,1251,30348,MONTE,1,5,6,2708,0,0,0,,0,,"RT 101","W LAUREL",0.00,,Y,A,-,Y,MON,5,101,-,R,89.520,R,1,S,N,4,0,2,2,A,-,03,22350,,N,C,C,A,A,H,-,A,A,0,,,,,Y,,-,,0,0,2,0,0,0,0,0,0,"- ","- ",,,MONTEREY,SALINAS,-121.66618862,36.701271910000003
8045382,2016,2016-08-29,2708,2016-04-01,1749,56294,SALIN,5,5,6,2708,0,0,0,,0,003,"TRUCKEE WY","HUMBOLDT DR",500.00,E,N,A,-,N,,,,,,,,,,N,4,0,1,2,A,-,21,22106,,F,-,C,A,A,H,-,A,A,0,,,,,Y,,-,,0,0,1,0,0,0,0,0,0,"- ","- ",,,MONTEREY,SALINAS,-121.6274427,36.711269950000002
8045475,2016,2016-05-31,2712,2016-04-29,0708,612,2712,5,5,3,2712,0,0,0,,0,001,"IMJIN PKWY","RESERVATION RD",282.00,S,N,A,-,N,,,,,,,,,,N,4,0,1,2,A,-,07,21658,A,N,C,C,A,A,H,-,A,D,0,,,,Y,Y,,A,01,0,0,1,0,0,0,0,0,0,"- ","- ",,,MONTEREY,MARINA,-121.76714307,36.670790580000002
8049542,2016,2016-06-09,2712,2016-05-11,1742,1073,,3,5,3,2712,0,0,0,,0,001,"DEL MONTE BL","CYPRESS AV",335.00,N,N,B,-,N,,,,,,,,,,Y,4,0,2,3,A,-,01,23152,E,N,C,C,A,A,H,-,A,A,0,,,,,Y,,D,22,0,0,2,0,0,0,0,0,0,"- ","- ",,,MONTEREY,MARINA,-121.80458221000001,36.682543670000001
8054475,2016,2016-06-15,2708,2016-04-25,1107,52823,,1,5,6,2708,0,0,0,,0,,"NORTH MAIN ST","IRIS DR",500.00,N,N,A,-,N,,,,,,,,,,N,4,0,1,2,A,-,17,22109,,N,C,C,A,A,H,-,B,D,0,,,,,Y,,A,08,0,0,1,0,0,0,0,0,0,"- ","- ",,,MONTEREY,SALINAS,-121.65213317,36.694540930000002
8054733,2016,2016-07-12,2710,2016-03-13,1207,25166,,7,5,4,2710,0,0,0,,0,02B,"FREMONT BL","CLEMENTINA AV",0.00,,Y,B,-,N,,,,,,,,,,Y,3,0,2,2,A,-,12,21453,A,N,A,C,A,B,H,-,A,A,0,,,,,Y,,A,01,0,1,1,0,0,0,0,0,0,"- ","- ",,,MONTEREY,SEASIDE,-121.84462987000001,36.610870050000003
8057783,2016,2016-06-18,2703,2016-06-06,0749,9221,2703,1,5,2,2703,0,0,0,,0,ALL,"5TH ST","ALTA ST",35.00,E,N,A,-,N,,,,,,,,,,N,4,0,1,2,A,-,12,22450,A,N,D,C,A,A,H,-,A,A,0,,,,,Y,,A,01,0,0,1,0,0,0,0,0,0,"- ","- ",,,MONTEREY,GONZALES,-121.44570184,36.507424649999997
8058243,2016,2017-03-03,2706,2016-05-18,1300,031,MPD,3,5,4,2706,0,0,0,,0,003,"RT 68","OLMSTED RD",1050.00,W,N,A,-,Y,MON,5,68,-,-,5.370,H,-,W,N,4,0,1,3,A,-,03,22350,,N,C,C,A,A,H,-,A,D,0,,,,,Y,,D,22,0,0,1,0,0,0,0,0,0,"- ","- ",,,MONTEREY,MONTEREY,-121.85301723000001,36.583525190000003
8058291,2016,2016-06-14,2706,2016-06-02,1517,505,2706,4,5,4,2706,0,0,0,,0,002,"MUNRAS AV","SOLEDAD DR",138.00,N,N,A,-,N,,,,,,,,,,Y,4,0,1,2,A,-,03,22350,,N,C,E,A,A,H,-,A,D,0,,,,,Y,,A,07,0,0,1,0,0,0,0,0,0,"- ","- ",,,MONTEREY,MONTEREY,-121.90161756000001,36.583684839999997
8058324,2016,2016-06-13,2708,2016-04-03,2052,31945,2708,7,5,6,2708,0,0,0,,0,005,"NORTH MAIN ST","CURTIS ST",0.00,,Y,A,-,N,,,,,,,,,,N,4,0,3,2,A,-,03,22350,,N,C,C,A,A,H,-,C,A,0,,,,,Y,,-,,0,0,3,0,0,0,0,0,0,"- ","- ",,,MONTEREY,SALINAS,-121.65248995,36.701790109999997
8058328,2016,2017-02-18,2708,2016-04-25,1911,15945,,1,5,6,2708,0,0,0,,0,005,"WEST LAUREL DR","RT 101",0.00,,Y,A,-,Y,MON,5,101,-,R,89.520,R,4,S,Y,4,0,1,2,A,-,12,21453,A,N,D,C,A,A,H,-,B,A,0,,,,,Y,,-,,0,0,1,0,0,0,0,0,0,"- ",SF,,,MONTEREY,SALINAS,-121.66618862,36.701271910000003
8058336,2016,2016-06-10,2708,2016-04-26,1104,56793,,2,5,6,2708,0,0,0,,0,009,ABBOTT,"EAST BLANCO RD",10.00,S,N,A,-,N,,,,,,,,,,N,4,0,1,2,A,-,03,22350,,N,C,C,A,A,C,-,A,D,0,,,,,Y,,-,,0,0,1,0,0,0,0,0,0,"- ","- ",,,MONTEREY,SALINAS,-121.63580909,36.657238409999998
8058340,2016,2016-08-29,2708,2016-04-24,1128,79223,,7,5,6,2708,0,0,0,,0,,"CONSTITUTION BL","FREEDOM PKWY",0.00,,Y,A,-,N,,,,,,,,,,Y,4,0,1,2,A,-,09,21801,A,N,D,C,A,A,H,-,A,A,0,,,,,Y,,-,,0,0,1,0,0,0,0,0,0,"- ","- ",,,MONTEREY,SALINAS,-121.60972998,36.700720099999998
8058344,2016,2016-06-10,2708,2016-04-28,0827,13102,MUNIC,4,5,6,2708,0,0,0,,0,007,"WEST ACACIA ST","IVERSON DR",0.00,,Y,A,-,N,,,,,,,,,,N,4,0,1,2,A,-,12,22450,A,N,D,G,A,A,H,-,A,D,0,,Y,,,Y,,L,04,0,0,1,0,0,0,1,0,0,"- ","- ",,,MONTEREY,SALINAS,-121.66484995,36.666550110000003
8058348,2016,2016-06-10,2708,2016-04-27,0813,34245,,3,5,6,2708,0,0,0,,0,005,"EAST BERNAL DR","NORTH MAIN ST",420.00,E,N,B,-,N,,,,,,,,,,Y,4,0,2,2,A,-,09,21801,A,N,D,C,A,A,H,-,A,D,0,,,,,Y,,-,,0,0,2,0,0,0,0,0,0,"- ","- ",,,MONTEREY,SALINAS,-121.65084967999999,36.68990325
8058352,2016,2016-06-10,2708,2016-04-18,1731,54440,,1,5,6,2708,0,0,0,,0,2X5,"LAUREL DR","NOICE DR",0.00,,Y,A,-,N,,,,,,,,,,N,4,0,1,2,A,-,05,21651,,N,-,D,A,A,H,-,A,D,0,,,,,Y,,-,,0,0,1,0,0,0,0,0,0,"- ","- ",,,MONTEREY,SALINAS,-121.65084989,36.699130070000002
8058371,2016,2016-06-10,2708,2016-04-11,1624,06240,,1,5,6,2708,0,0,0,,0,,"W ALISAL ST","CAPITOL ST",0.00,,Y,B,-,N,,,,,,,,,,Y,3,0,1,4,A,-,09,21802,A,N,D,C,A,A,H,-,A,A,0,,,,,Y,,-,,0,1,0,0,0,0,0,0,0,"- ","- ",,,MONTEREY,SALINAS,-121.66007989000001,36.67311007
8058375,2016,2016-06-13,2708,2016-04-16,1143,56525,,6,5,6,2708,0,0,0,,0,007,"SOUTH MAIN ST","EAST ROMIE LN",0.00,,Y,A,-,N,,,,,,,,,,Y,3,0,3,2,A,-,03,22350,,N,C,C,A,A,H,-,A,A,0,,,,,Y,,-,,0,3,0,0,0,0,0,0,0,"- ","- ",,,MONTEREY,SALINAS,-121.65773987,36.662630110000002
8058379,2016,2016-06-13,2708,2016-04-27,1145,34245,,3,5,6,2708,0,0,0,,0,009,"EAST BLANCO RD","MAIN ST",450.00,E,N,C,-,N,,,,,,,,,,Y,4,0,1,2,A,-,04,21703,,N,C,C,A,B,H,-,A,A,0,,,,,Y,,-,,0,0,1,0,0,0,0,0,0,"- ","- ",,,MONTEREY,SALINAS,-121.6587877,36.655352059999998
8058383,2016,2016-06-10,2708,2016-04-22,1515,34245,,5,5,6,2708,0,0,0,,0,004,"EAST LAUREL DR","CONSTITUTION BL",2360.00,E,N,B,-,N,,,,,,,,,,N,4,0,3,4,A,-,04,21703,,N,C,C,A,B,H,-,A,D,0,,,,,Y,,-,,0,0,3,0,0,0,0,0,0,"- ","- ",,,MONTEREY,SALINAS,-121.62668757,36.689851599999997