CASE_ID,ACCIDENT_YEAR,PROC_DATE,JURIS,COLLISION_DATE,COLLISION_TIME,OFFICER_ID,REPORTING_DISTRICT,DAY_OF_WEEK,CHP_SHIFT,POPULATION,CNTY_CITY_LOC,SPECIAL_COND,BEAT_TYPE,CHP_BEAT_TYPE,CITY_DIVISION_LAPD,CHP_BEAT_CLASS,BEAT_NUMBER,PRIMARY_RD,SECONDARY_RD,DISTANCE,DIRECTION,INTERSECTION,WEATHER_1,WEATHER_2,STATE_HWY_IND,CALTRANS_COUNTY,CALTRANS_DISTRICT,STATE_ROUTE,ROUTE_SUFFIX,POSTMILE_PREFIX,POSTMILE,LOCATION_TYPE,RAMP_INTERSECTION,SIDE_OF_HWY,TOW_AWAY,COLLISION_SEVERITY,NUMBER_KILLED,NUMBER_INJURED,PARTY_COUNT,PRIMARY_COLL_FACTOR,PCF_CODE_OF_VIOL,PCF_VIOL_CATEGORY,PCF_VIOLATION,PCF_VIOL_SUBSECTION,HIT_AND_RUN,TYPE_OF_COLLISION,MVIW,PED_ACTION,ROAD_SURFACE,ROAD_COND_1,ROAD_COND_2,LIGHTING,CONTROL_DEVICE,CHP_ROAD_TYPE,PEDESTRIAN_ACCIDENT,BICYCLE_ACCIDENT,MOTORCYCLE_ACCIDENT,TRUCK_ACCIDENT,NOT_PRIVATE_PROPERTY,ALCOHOL_INVOLVED,STWD_VEHTYPE_AT_FAULT,CHP_VEHTYPE_AT_FAULT,COUNT_SEVERE_INJ,COUNT_VISIBLE_INJ,COUNT_COMPLAINT_PAIN,COUNT_PED_KILLED,COUNT_PED_INJURED,COUNT_BICYCLIST_KILLED,COUNT_BICYCLIST_INJURED,COUNT_MC_KILLED,COUNT_MC_INJURED,PRIMARY_RAMP,SECONDARY_RAMP,LATITUDE,LONGITUDE,COUNTY,CITY,POINT_X,POINT_Y
8058399,2016,2016-06-13,2708,2016-04-25,1526,53260,,1,5,6,2708,0,0,0,,0,011,"NORTH SANBORN RD","FREEDOM PKWY",0.00,,Y,A,-,N,,,,,,,,,,Y,2,0,3,2,A,-,09,21801,A,N,D,C,A,A,H,-,A,A,0,,,,,Y,,-,,1,0,2,0,0,0,0,0,0,"- ","- ",,,MONTEREY,SALINAS,-121.60134986,36.692130040000002
8058430,2016,2016-06-13,2706,2016-06-03,1537,031,MPD,5,5,4,2706,0,0,0,,0,003,"MARK THOMAS DR","SLOAT AV",0.00,,Y,A,-,N,,,,,,,,,,Y,3,0,1,2,A,-,09,21801,A,N,D,C,A,A,H,-,A,A,0,,,,,Y,,A,07,0,1,0,0,0,0,0,0,0,"- ","- ",,,MONTEREY,MONTEREY,-121.87712999,36.592810010000001
8038679,2016,2017-04-11,2706,2016-05-02,0959,505,MPD,1,5,4,2706,0,0,0,,0,001,"DAVID AV","SPENCER ST",0.00,,Y,A,-,N,,,,,,,,,,Y,4,0,1,2,A,-,09,21802,A,N,D,C,A,A,H,-,A,A,0,,,,,Y,,A,07,0,0,1,0,0,0,0,0,0,"- ","- ",,,MONTEREY,MONTEREY,-121.90793993,36.615170059999997
8038683,2016,2016-05-13,2706,2016-05-01,1848,772,2706,7,5,4,2706,0,0,0,,0,002,"CALLE PRINCIPAL","BONIFACIO PL",30.00,S,N,A,-,N,,,,,,,,,,N,4,0,1,2,A,-,00,21760,C,N,B,G,A,A,H,-,A,D,0,,Y,,,Y,,-,99,0,0,1,0,0,0,1,0,0,"- ","- ",,,MONTEREY,MONTEREY,-121.89546618,36.599092910000003
8038994,2016,2016-05-31,2708,2016-04-05,0824,92537,,2,5,6,2708,0,0,0,,0,009,"WORK ST","ELVEE CIR",0.00,,Y,A,-,N,,,,,,,,,,Y,4,0,1,2,A,-,09,21801,A,N,D,C,A,A,H,-,A,D,0,,,,,Y,,-,,0,0,1,0,0,0,0,0,0,"- ","- ",,,MONTEREY,SALINAS,-121.63570993,36.664720039999999
8039044,2016,2016-05-18,2708,2016-03-24,0900,19973,,4,5,6,2708,0,0,0,,0,010,"EAST MARKET ST","NORTH SANBORN RD",6.00,W,N,A,-,N,,,,,,,,,,N,4,0,1,2,A,-,08,22107,,N,D,G,A,A,H,-,A,A,0,,Y,,,Y,Y,-,,0,0,1,0,0,0,1,0,0,"- ","- ",,,MONTEREY,SALINAS,-121.62710036999999,36.676448389999997
8039111,2016,2016-05-18,2708,2016-03-31,1813,30348,MONTE,4,5,6,2708,0,0,0,,0,,"EAST LAUREL DR","SAINT EDWARDS AV",0.00,,Y,A,-,N,,,,,,,,,,N,4,0,2,2,A,-,09,21801,A,N,D,C,A,A,H,-,A,D,0,,,,,Y,,-,,0,0,2,0,0,0,0,0,0,"- ","- ",,,MONTEREY,SALINAS,-121.62309998000001,36.686330009999999
8039115,2016,2016-05-18,2708,2016-03-31,1519,92537,,4,5,6,2708,0,0,0,,0,004,"CONSTITUTION BL","EAST LAUREL DR",2640.00,N,N,A,-,N,,,,,,,,,,Y,2,0,2,1,A,-,07,21658,A,N,E,I,A,A,H,-,A,-,0,,,,,Y,,D,22,2,0,0,0,0,0,0,0,0,"- ","- ",,,MONTEREY,SALINAS,-121.62538929999999,36.699028769999998
8039119,2016,2016-05-18,2708,2016-03-27,1219,30301,,7,5,6,2708,0,0,0,,0,,"NORTH MAIN ST","EAST BERNAL DR",0.00,,Y,A,-,N,,,,,,,,,,N,4,0,2,2,A,-,04,21703,,N,C,C,A,A,H,-,A,A,0,,,,,Y,,-,,0,0,2,0,0,0,0,0,0,"- ","- ",,,MONTEREY,SALINAS,-121.65227999,36.689970029999998
8039131,2016,2016-05-19,2708,2016-04-02,1722,19735,SPD,6,5,6,2708,0,0,0,,0,002,"HARDEN PKWY","NORTH MAIN ST",134.00,E,N,A,-,N,,,,,,,,,,Y,2,0,1,3,A,-,09,21804,A,N,B,C,A,A,H,-,A,A,0,,,,,Y,,-,,1,0,0,0,0,0,0,0,0,"- ","- ",,,MONTEREY,SALINAS,-121.65407544999999,36.713285239999998
8039135,2016,2016-05-19,2708,2016-04-02,2108,19735,SPD,6,5,6,2708,0,0,0,,0,003,"NATIVIDAD RD","ARCADIA WY",0.00,,Y,A,-,N,,,,,,,,,,N,2,0,1,2,A,-,09,21801,A,F,G,B,B,A,H,-,C,A,0,Y,,,,Y,,-,,1,0,0,0,1,0,0,0,0,"- ","- ",,,MONTEREY,SALINAS,-121.62431991,36.713540029999997
8039139,2016,2016-05-19,2708,2016-04-05,0357,06235,,2,5,6,2708,0,0,0,,0,009,"TERVEN AV","AIRPORT BL",30.00,W,N,A,-,N,,,,,,,,,,N,4,0,1,2,A,-,05,21650,,N,A,C,A,A,H,-,C,D,0,,,,,Y,,-,,0,0,1,0,0,0,0,0,0,"- ","- ",,,MONTEREY,SALINAS,-121.62417095000001,36.660740390000001
8039143,2016,2016-05-19,2708,2016-04-03,1325,30349,SALIN,7,5,6,2708,0,0,0,,0,002,"EAST BORONDA RD","MCKINNON ST",450.00,E,N,A,-,N,,,,,,,,,,Y,4,0,1,2,A,-,03,22350,,N,C,C,A,A,H,-,A,A,0,,,,,Y,,-,,0,0,1,0,0,0,0,0,0,"- ","- ",,,MONTEREY,SALINAS,-121.64215356,36.716830739999999
8039147,2016,2016-05-19,2708,2016-04-04,1637,30349,SALIN,1,5,6,2708,0,0,0,,0,005,"NORTH MAIN ST","EAST BERNAL DR",400.00,S,N,A,-,N,,,,,,,,,,N,4,0,2,2,A,-,03,22350,,N,C,C,A,A,H,-,A,A,0,,,,,Y,,-,,0,0,2,0,0,0,0,0,0,"- ","- ",,,MONTEREY,SALINAS,-121.65235957,36.688873030000003
8066716,2016,2016-06-23,2712,2016-06-02,1305,1031,,4,5,3,2712,0,0,0,,0,001,"IMJIN PW","2ND AV",390.00,E,N,A,-,N,,,,,,,,,,Y,4,0,2,3,A,-,03,22350,,M,C,C,A,A,H,-,A,A,0,,,,,Y,,A,08,0,0,2,0,0,0,0,0,0,"- ","- ",,,MONTEREY,MARINA,-121.80763166,36.667298850000002
8067361,2016,2017-02-04,2706,2016-06-05,1622,119,MPD,7,5,4,2706,0,0,0,,0,003,"RT 68","JOSSELYN CANYON RD",21120.00,W,N,A,-,Y,MON,5,68,-,-,4.800,H,-,E,Y,4,0,6,2,A,-,08,22107,,N,D,C,A,A,H,-,A,D,0,,,,,Y,,A,01,0,0,6,0,0,0,0,0,0,"- ","- ",,,MONTEREY,MONTEREY,-121.8620942,36.585698819999998
8067442,2016,2016-07-06,2710,2016-04-12,2217,38145,,2,5,4,2710,0,0,0,,0,002,"SAN PABLO AV","BAKER ST",0.00,,Y,A,-,N,,,,,,,,,,Y,2,0,2,2,A,-,03,22350,,N,D,C,A,A,H,-,C,D,0,,,,,Y,,-,,1,0,1,0,0,0,0,0,0,"- ","- ",,,MONTEREY,SEASIDE,-121.83905991,36.614840039999997
8067446,2016,2016-07-06,2710,2016-04-11,0812,36403,,1,5,4,2710,0,0,0,,0,001,"HILBY AV","HARROW CT",18.00,W,N,B,-,N,,,,,,,,,,N,4,0,1,3,A,-,04,21703,,N,C,A,A,A,H,-,A,A,0,,,,,Y,,-,,0,0,1,0,0,0,0,0,0,"- ","- ",,,MONTEREY,SEASIDE,-121.8290413,36.602241669999998
8067450,2016,2016-07-06,2710,2016-04-10,1215,37346,,7,5,4,2710,0,0,0,,0,02B,"FREMONT BL","PLAYA AV",0.00,,Y,C,-,N,,,,,,,,,,Y,3,0,2,2,A,-,12,21453,A,N,D,C,A,B,H,-,A,A,0,,,,,Y,,A,01,0,1,1,0,0,0,0,0,0,"- ","- ",,,MONTEREY,SEASIDE,-121.84116993000001,36.61800006
8067454,2016,2016-07-06,2710,2016-04-06,1428,32771,,3,5,4,2710,0,0,0,,0,,"FREMONT BL","ECHO AV",0.00,,N,A,-,N,,,,,,,,,,Y,4,0,3,2,A,-,01,23153,A,N,C,C,A,A,H,-,A,A,0,,,,,Y,Y,A,08,0,0,3,0,0,0,0,0,0,"- ","- ",,,MONTEREY,SEASIDE,-121.84302,36.614000109999999
8067468,2016,2016-07-01,2704,2016-05-13,1510,5709,2704,5,5,3,2704,0,0,0,,0,001,"WALNUT AV","EL CAMINO REAL",0.00,,Y,A,-,N,,,,,,,,,,N,4,0,2,2,A,-,04,21703,,N,C,C,A,A,H,-,A,A,0,,,,,Y,,A,01,0,0,2,0,0,0,0,0,0,"- ","- ",,,MONTEREY,GREENFIELD,-121.24847991,36.326820009999999
8067486,2016,2016-07-06,2710,2016-04-20,1350,34127,,3,5,4,2710,0,0,0,,0,003,"FREMONT BL","BROADWAY AV",0.00,,Y,A,-,N,,,,,,,,,,N,4,0,2,2,A,-,03,22350,,M,C,C,A,A,H,-,A,A,0,,,,,Y,,A,01,0,0,2,0,0,0,0,0,0,"- ","- ",,,MONTEREY,SEASIDE,-121.84564992999999,36.609160009999997
8067490,2016,2016-07-06,2710,2016-04-12,1748,32771,,2,5,4,2710,0,0,0,,0,,"FREMONT BL","ELM AV",125.00,S,N,A,-,N,,,,,,,,,,Y,3,0,1,2,A,-,09,21804,A,N,D,C,A,A,H,-,A,D,0,,,,,Y,,-,,0,1,0,0,0,0,0,0,0,"- ","- ",,,MONTEREY,SEASIDE,-121.84657733,36.607360849999999
8067524,2016,2016-07-05,2710,2016-03-15,0612,38384,,2,5,4,2710,0,0,0,,0,009,"HILBY AV","PLACER ST",5.00,W,N,A,-,N,,,,,,,,,,Y,4,0,1,3,C,-,18,,,N,D,C,A,A,H,-,C,D,0,,,,,Y,,-,"- ",0,0,1,0,0,0,0,0,0,"- ","- ",,,MONTEREY,SEASIDE,-121.85098701,36.602230779999999
8067528,2016,2016-08-02,2710,2016-03-12,2356,40391,MARIN,6,5,4,2710,0,0,0,,0,,"KIMBALL AV","DOUGLAS CT",0.00,,Y,A,-,N,,,,,,,,,,Y,2,0,1,2,A,-,05,21650,,N,A,C,A,B,H,-,C,A,0,,,Y,,Y,,C,02,1,0,0,0,0,0,0,0,1,"- ","- ",,,MONTEREY,SEASIDE,-121.83602996,36.599480069999998
8067532,2016,2016-07-05,2710,2016-03-10,0811,32771,2710,4,5,4,2710,0,0,0,,0,02A,"SONOMA AV","SAN LUCAS ST",0.00,,-,-,-,N,,,,,,,,,,N,3,0,1,1,D,-,00,,,N,-,-,A,-,-,-,-,-,0,,Y,,,Y,,-,"- ",0,1,0,0,0,0,1,0,0,"- ","- ",,,MONTEREY,SEASIDE,-121.84034986,36.60611007
8058562,2016,2016-06-15,2708,2016-05-05,1119,18945,,4,5,6,2708,0,0,0,,0,006,"NORTH MAIN ST","CASSENTINI ST",433.00,S,N,A,-,N,,,,,,,,,,Y,4,0,2,3,A,-,03,22350,,N,C,C,A,A,H,-,A,D,0,,,,,Y,,-,,0,0,2,0,0,0,0,0,0,"- ","- ",,,MONTEREY,SALINAS,-121.65325968000001,36.683152110000002
8058563,2016,2016-06-15,2708,2016-05-12,1322,34245,,4,5,6,2708,0,0,0,,0,010,"N SANBORN","E ALISAL ST",128.00,N,N,B,-,N,,,,,,,,,,Y,4,0,1,2,A,-,00,21703,A,N,C,C,A,A,H,-,A,A,0,,,,,Y,,-,,0,0,1,0,0,0,0,0,0,"- ","- ",,,MONTEREY,SALINAS,-121.62744798,36.67326139
8058565,2016,2016-06-14,2708,2016-05-11,0836,31972,,3,5,6,2708,0,0,0,,0,012,"N SANBORN","E LAUREL",0.00,,Y,B,-,N,,,,,,,,,,Y,4,0,2,2,D,-,00,,,N,D,D,A,A,H,-,A,A,0,,,,,Y,,-,"- ",0,0,2,0,0,0,0,0,0,"- ","- ",,,MONTEREY,SALINAS,-121.62087993999999,36.68294006
8058566,2016,2016-06-15,2708,2016-05-21,1427,97440,,6,5,6,2708,0,0,0,,0,,"DEL MONTE AV","GREEN ST",0.00,,Y,A,-,N,,,,,,,,,,Y,3,0,5,2,A,-,09,21804,A,N,D,C,A,A,H,-,A,D,0,,,,,Y,,-,,0,1,4,0,0,0,0,0,0,"- ","- ",,,MONTEREY,SALINAS,-121.60930989000001,36.686950090000003
8058567,2016,2016-06-15,2708,2016-05-06,1252,34245,,5,5,6,2708,0,0,0,,0,003,"E BERONDA RD","EL DORADO DR",40.00,E,N,B,-,N,,,,,,,,,,Y,4,0,2,2,A,-,07,21658,A,N,C,C,A,A,H,-,A,A,0,,,,,Y,,-,,0,0,2,0,0,0,0,0,0,"- ","- ",,,MONTEREY,SALINAS,,
8058570,2016,2016-06-15,2708,2016-05-13,1730,15945,,5,5,6,2708,0,0,0,,0,,"W ALISAL ST","HOMESTEAD AV",0.00,,Y,A,-,N,,,,,,,,,,Y,2,0,3,2,A,-,12,21453,A,N,D,C,A,A,H,-,A,A,0,,,,,Y,,-,,1,0,2,0,0,0,0,0,0,"- ","- ",,,MONTEREY,SALINAS,-121.66437986,36.672520069999997
8058571,2016,2016-06-15,2708,2016-05-24,0536,18355,2708,2,5,6,2708,0,0,0,,0,010,"E MARKET","NORTH SANBORN RD",0.00,,Y,B,-,N,,,,,,,,,,Y,4,0,1,2,A,-,12,21453,A,F,D,C,A,A,H,-,B,A,0,,,,,Y,,-,,0,0,1,0,0,0,0,0,0,"- ","- ",,,MONTEREY,SALINAS,-121.62707996,36.676450039999999
8058574,2016,2016-06-15,2708,2016-05-15,1455,58340,,7,5,6,2708,0,0,0,,0,,"MARKET WY","BRIDGE ALLEY",162.00,W,N,A,-,N,,,,,,,,,,Y,4,0,2,1,A,-,03,22350,,F,A,I,A,A,H,-,A,D,0,,,,,Y,,A,01,0,0,2,0,0,0,0,0,0,"- ","- ",,,MONTEREY,SALINAS,-121.65331922999999,36.678426119999997
8058575,2016,2016-06-15,2708,2016-05-24,1545,37663,,2,5,6,2708,0,0,0,,0,010,"NORTH SANBORN RD","EAST MARKET ST",150.00,N,N,A,-,N,,,,,,,,,,Y,4,0,1,2,A,-,09,21804,A,N,D,C,A,A,H,-,A,D,0,,,,,Y,,-,,0,0,1,0,0,0,0,0,0,"- ","- ",,,MONTEREY,SALINAS,-121.62687486,36.676827160000002
8058578,2016,2016-06-20,2708,2016-05-12,1928,85123,,4,5,6,2708,0,0,0,,0,011,"NORTH SANBORN RD","FREEDOM PKWY",0.00,,Y,B,-,N,,,,,,,,,,Y,4,0,1,2,A,-,12,21453,A,M,D,C,A,A,H,-,A,A,0,,,,,Y,,-,,0,0,1,0,0,0,0,0,0,"- ","- ",,,MONTEREY,SALINAS,-121.60134986,36.692130040000002
8058579,2016,2016-06-15,2708,2016-05-31,1942,30349,SALIN,2,5,6,2708,0,0,0,,0,001,"NORTH MAIN ST","MASSA ST",75.00,N,N,A,-,N,,,,,,,,,,N,4,0,1,2,A,-,08,22107,,M,B,C,A,A,H,-,A,A,0,,,,,Y,Y,-,,0,0,1,0,0,0,0,0,0,"- ","- ",,,MONTEREY,SALINAS,-121.6563451,36.725966
8058582,2016,2017-02-18,2708,2016-05-09,1215,08067,,1,5,6,2708,0,0,0,,0,010,"KERN ST","RT 101",5.00,S,N,B,-,Y,MON,5,101,-,-,87.470,R,4,N,N,4,0,2,2,A,-,03,22350,,N,C,C,A,A,H,-,A,D,0,,,,,Y,,-,,0,0,2,0,0,0,0,0,0,"- ","- ",,,MONTEREY,SALINAS,-121.64182732,36.679982019999997
8039151,2016,2016-05-19,2708,2016-04-06,1124,30285,,3,5,6,2708,0,0,0,,0,,"NORTH MAIN ST","EAST ALVIN DR",0.00,,Y,A,-,N,,,,,,,,,,N,4,0,1,2,A,-,03,22350,,N,C,C,A,A,H,-,A,A,0,,,,,Y,,A,,0,0,1,0,0,0,0,0,0,"- ","- ",,,MONTEREY,SALINAS,-121.65346988,36.707900080000002
8039155,2016,2016-06-02,2708,2016-04-09,1012,30348,MONTE,6,5,6,2708,0,0,0,,0,,"NORTH MAIN ST","CHAPARRAL ST",0.00,,Y,B,-,N,,,,,,,,,,Y,4,0,2,2,A,-,09,21801,A,N,B,C,A,B,H,-,A,D,0,,,,,Y,,-,,0,0,2,0,0,0,0,0,0,"- ","- ",,,MONTEREY,SALINAS,-121.65291994,36.704030060000001
8039159,2016,2016-05-19,2708,2016-04-13,0615,06235,,3,5,6,2708,0,0,0,,0,011,"DEL MONTE AV","ELKINGTON AV",0.00,,Y,A,-,N,,,,,,,,,,Y,4,0,1,2,A,-,09,21801,A,N,A,C,A,A,H,-,A,D,0,,,,,Y,,-,,0,0,1,0,0,0,0,0,0,"- ","- ",,,MONTEREY,SALINAS,-121.61126987999999,36.689210029999998
8039163,2016,2016-05-19,2708,2016-04-22,0807,56525,,5,5,6,2708,0,0,0,,0,008,"E ALISAL ST","SOLEDAD ST",0.00,,Y,C,-,N,,,,,,,,,,Y,3,0,3,2,A,-,12,21453,A,N,D,C,A,B,H,-,A,A,0,,,,,Y,,-,,0,2,1,0,0,0,0,0,0,"- ","- ",,,MONTEREY,SALINAS,-121.65141994,36.674280039999999
8039167,2016,2016-06-02,2708,2016-04-01,2252,37923,SALIN,5,5,6,2708,0,0,0,,0,004,"E BORONDA","CONSTITUTION BL",250.00,E,N,A,-,N,,,,,,,,,,Y,4,0,1,1,A,-,08,22107,,N,E,I,A,A,H,-,C,D,0,,,,,Y,,-,,0,0,1,0,0,0,0,0,0,"- ","- ",,,MONTEREY,SALINAS,-121.60304877,36.703761849999999
8081138,2016,2016-08-12,2712,2016-07-17,2102,1088,2712,7,5,3,2712,0,0,0,,0,001,"BELLE DR","STEVEN CT",11.00,W,N,A,-,N,,,,,,,,,,N,4,0,1,2,A,-,10,21950,A,N,G,B,D,A,H,-,C,D,0,Y,,,,Y,,D,22,0,0,1,0,1,0,0,0,0,"- ","- ",,,MONTEREY,MARINA,-121.80075247000001,36.699385149999998
8081695,2016,2016-07-15,2706,2016-07-04,1835,772,2706,1,5,4,2706,0,0,0,,0,003,"DEL MONTE AV","PALO VERDE AV",473.00,E,N,A,-,N,,,,,,,,,,Y,3,0,2,1,A,-,08,22107,,N,D,I,A,A,H,-,A,D,0,,,,,Y,,D,22,0,2,0,0,0,0,0,0,0,"- ","- ",,,MONTEREY,MONTEREY,-121.86798623,36.601477199999998
8081707,2016,2016-07-13,2706,2016-06-30,1244,142,MPD,4,5,4,2706,0,0,0,,0,002,"MUNRAS AV","DEL MONTE CTR",0.00,,Y,A,-,N,,,,,,,,,,Y,4,0,2,2,A,-,12,21453,A,N,A,C,A,A,H,-,A,A,0,,,,,Y,,A,08,0,0,2,0,0,0,0,0,0,"- ","- ",,,MONTEREY,MONTEREY,-121.90089999999999,36.584810079999997
8081839,2016,2016-07-15,2706,2016-07-02,1944,410,MPD,6,5,4,2706,0,0,0,,0,003,"NORTH FREMONT ST","CASA VERDE WY",300.00,E,N,B,-,N,,,,,,,,,,N,3,0,1,1,A,-,"- ",,,N,H,J,A,A,A,-,A,A,0,,,Y,,Y,,C,02,0,1,0,0,0,0,0,0,1,"- ","- ",,,MONTEREY,MONTEREY,-121.86168583,36.596364049999998
8081906,2016,2016-08-15,2706,2016-06-27,1729,128,2706,1,5,4,2706,0,0,0,,0,002,MUNRAS,TYLER,0.00,,Y,A,-,N,,,,,,,,,,N,4,0,1,2,A,-,10,21952,,N,G,B,F,A,H,-,A,D,0,Y,,,,Y,,A,01,0,0,1,0,1,0,0,0,0,"- ","- ",,,MONTEREY,MONTEREY,-121.89424991999999,36.596970030000001
8081910,2016,2016-07-27,2706,2016-06-15,1328,410,MPD,3,5,4,2706,0,0,0,,0,002,"MUNRAS AV","CARMELITO AV",0.00,,N,A,-,N,,,,,,,,,,Y,4,0,2,2,A,-,09,21802,B,N,D,C,A,A,H,-,A,A,0,,,,,Y,,A,01,0,0,2,0,0,0,0,0,0,"- ","- ",,,MONTEREY,MONTEREY,-121.89449987,36.591860019999999
8083400,2016,2016-07-19,2706,2016-07-08,2327,410,,5,5,4,2706,0,0,0,,0,001,"LIGHTHOUSE AV","REESIDE AV",2112.00,S,N,A,-,N,,,,,,,,,,N,3,0,1,2,A,-,07,21658,A,N,B,C,A,A,H,-,C,D,0,,,Y,,Y,Y,D,22,0,1,0,0,0,0,0,0,0,"- ","- ",,,MONTEREY,MONTEREY,-121.89496583,36.605364870000002
8058583,2016,2016-06-15,2708,2016-05-14,1752,04125,,6,5,6,2708,0,0,0,,0,010,"NORTH SANBORN RD","E ALISAL ST",75.00,N,N,A,-,N,,,,,,,,,,N,4,0,1,2,A,-,09,21804,A,F,F,A,A,A,H,-,A,D,0,,,,,Y,,-,,0,0,1,0,0,0,0,0,0,"- ","- ",,,MONTEREY,SALINAS,-121.62744000000001,36.673116039999996
8058586,2016,2016-06-15,2708,2016-05-10,2107,56793,,2,5,6,2708,0,0,0,,0,,"N MAIN","E BOLIVAR",300.00,N,N,A,-,N,,,,,,,,,,Y,4,0,1,2,A,-,09,21804,A,N,D,C,A,A,H,-,C,D,0,,,,,Y,,-,,0,0,1,0,0,0,0,0,0,"- ","- ",,,MONTEREY,SALINAS,-121.65634729,36.725873970000002
8058589,2016,2016-06-14,2708,2016-05-29,0321,56525,,7,5,6,2708,0,0,0,,0,005,"SHERWOOD DR","BERNAL DR",408.00,S,N,A,-,N,,,,,,,,,,Y,3,0,1,1,A,-,08,22107,,N,A,I,A,A,H,-,C,D,0,,,,,Y,,-,,0,1,0,0,0,0,0,0,0,"- ","- ",,,MONTEREY,SALINAS,-121.64415842,36.691271309999998
8058590,2016,2016-06-15,2708,2016-05-09,0753,54440,,1,5,6,2708,0,0,0,,0,007,"CENTRAL AV","UNIVERSITY AV",291.00,E,N,A,-,N,,,,,,,,,,Y,4,0,1,3,A,-,08,22107,,N,-,E,A,A,H,-,A,D,0,,,,,Y,,-,,0,0,1,0,0,0,0,0,0,"- ","- ",,,MONTEREY,SALINAS,-121.67327093,36.67482966
8058591,2016,2016-06-15,2706,2016-05-28,1441,181,MPD,6,5,4,2706,0,0,0,,0,001,"LIGHTHOUSE AV","DAVID AV",22.00,S,N,A,-,N,,,,,,,,,,N,4,0,2,2,A,-,21,22106,,N,C,C,A,A,H,-,A,A,0,,,,,Y,,A,01,0,0,2,0,0,0,0,0,0,"- ","- ",,,MONTEREY,MONTEREY,-121.90442716,36.616740389999997
8058593,2016,2016-06-14,2708,2016-05-28,2349,18355,2708,6,5,6,2708,0,0,0,,0,010,"E ALISAL",FILICE,50.00,W,N,A,-,N,,,,,,,,,,Y,3,0,2,2,A,-,01,23152,A,F,C,E,A,A,H,-,C,D,0,,,,,Y,Y,-,,0,1,1,0,0,0,0,0,0,"- ","- ",,,MONTEREY,SALINAS,-121.63054918,36.673207189999999
8058594,2016,2016-06-15,2708,2016-05-04,1531,56793,,3,5,6,2708,0,0,0,,0,,"NATIVIDAD RD","E BORONDA",1848.00,N,N,A,-,N,,,,,,,,,,Y,2,0,1,2,A,-,03,22350,,N,C,C,A,A,H,-,A,D,0,,,,,Y,,-,,1,0,0,0,0,0,0,0,0,"- ","- ",,,MONTEREY,SALINAS,-121.62180533,36.720424020000003
8058595,2016,2016-06-15,2706,2016-05-28,0835,142,MPD,6,5,4,2706,0,0,0,,0,002,"MADISON ST","PACIFIC ST",0.00,,Y,A,-,N,,,,,,,,,,Y,4,0,1,2,A,-,12,21453,A,N,D,C,A,A,-,-,A,A,0,,,,,Y,,A,01,0,0,1,0,0,0,0,0,0,"- ","- ",,,MONTEREY,MONTEREY,-121.89709996000001,36.59681003
8058597,2016,2016-06-13,2708,2016-05-20,2149,06240,,5,5,6,2708,0,0,0,,0,005,"EAST LAUREL DR","GRANADA AV",0.00,,Y,A,-,N,,,,,,,,,,N,4,0,1,2,A,-,01,23152,A,N,C,C,A,A,H,-,C,D,0,,,,,Y,Y,-,,0,0,1,0,0,0,0,0,0,"- ","- ",,,MONTEREY,SALINAS,-121.64034988,36.696790030000003
8058598,2016,2017-02-18,2708,2016-05-06,0746,56525,2708,5,5,6,2708,0,0,0,,0,008,"NORTH MAIN ST","E MENKE ST",0.00,,Y,A,-,Y,MON,5,183,-,-,0.340,I,5,S,Y,4,0,1,2,A,-,06,21755,,N,D,C,A,A,H,-,A,D,0,,,,,Y,,-,,0,0,1,0,0,0,0,0,0,"- ","- ",,,MONTEREY,SALINAS,-121.65360444,36.682060219999997
8058599,2016,2016-07-06,2708,2016-05-14,1619,04125,,6,5,6,2708,0,0,0,,0,010,"E ALISAL ST","S WOOD ST",50.00,W,N,A,-,N,,,,,,,,,,N,4,0,2,2,A,-,03,22350,,F,C,C,A,A,H,-,A,A,0,,,,,Y,,-,,0,0,2,0,0,0,0,0,0,"- ","- ",,,MONTEREY,SALINAS,-121.63556909,36.673717799999999
8058601,2016,2016-06-13,2708,2016-05-07,1804,30348,MONTE,6,5,6,2708,0,0,0,,0,,"WILLIAMS RD","DEL MONTE AV",243.00,N,N,A,-,N,,,,,,,,,,N,4,0,2,2,A,-,09,21804,A,N,B,C,A,A,H,-,A,D,0,,,,,Y,,-,,0,0,2,0,0,0,0,0,0,"- ","- ",,,MONTEREY,SALINAS,-121.60362641,36.681588980000001
8058602,2015,2016-06-15,2708,2015-05-15,0820,18945,,5,5,6,2708,0,0,0,,0,007,"SOUTH MAIN ST","NISSEN RD",48.00,N,N,B,-,N,,,,,,,,,,Y,4,0,1,2,A,-,09,21801,A,N,D,C,A,A,H,-,A,D,0,,,,,Y,,-,,0,0,1,0,0,0,0,0,0,"- ","- ",,,MONTEREY,SALINAS,-121.65937481,36.657846739999997
8058603,2016,2016-06-15,2708,2016-05-13,1514,34245,,5,5,6,2708,0,0,0,,0,009,"EAST BLANCO RD","LA MESA",27.00,E,N,A,-,N,,,,,,,,,,Y,3,0,1,2,A,-,07,21658,A,F,D,C,A,A,H,-,A,D,0,,,,,Y,,-,,0,1,0,0,0,0,0,0,0,"- ","- ",,,MONTEREY,SALINAS,-121.64696164999999,36.652609150000004
8058605,2016,2016-06-14,2708,2016-05-05,1519,34245,,4,5,6,2708,0,0,0,,0,001,"W BOLIVAR ST","BRUTUS ST",35.00,E,N,B,-,N,,,,,,,,,,Y,4,0,1,3,A,-,05,21650,,N,A,C,A,A,H,-,A,D,0,,,,,Y,,-,,0,0,1,0,0,0,0,0,0,"- ","- ",,,MONTEREY,SALINAS,-121.65701061999999,36.725033140000001
8058606,2016,2016-06-15,2708,2016-05-10,2159,74426,,2,5,6,2708,0,0,0,,0,005,"WEST LAUREL DR","POLK ST",0.00,,Y,B,-,N,,,,,,,,,,Y,4,0,3,2,A,-,09,21801,A,N,A,C,A,A,H,-,C,A,0,,,,,Y,,-,,0,0,3,0,0,0,0,0,0,"- ","- ",,,MONTEREY,SALINAS,-121.66043000000001,36.69827008