CASE_ID,ACCIDENT_YEAR,PROC_DATE,JURIS,COLLISION_DATE,COLLISION_TIME,OFFICER_ID,REPORTING_DISTRICT,DAY_OF_WEEK,CHP_SHIFT,POPULATION,CNTY_CITY_LOC,SPECIAL_COND,BEAT_TYPE,CHP_BEAT_TYPE,CITY_DIVISION_LAPD,CHP_BEAT_CLASS,BEAT_NUMBER,PRIMARY_RD,SECONDARY_RD,DISTANCE,DIRECTION,INTERSECTION,WEATHER_1,WEATHER_2,STATE_HWY_IND,CALTRANS_COUNTY,CALTRANS_DISTRICT,STATE_ROUTE,ROUTE_SUFFIX,POSTMILE_PREFIX,POSTMILE,LOCATION_TYPE,RAMP_INTERSECTION,SIDE_OF_HWY,TOW_AWAY,COLLISION_SEVERITY,NUMBER_KILLED,NUMBER_INJURED,PARTY_COUNT,PRIMARY_COLL_FACTOR,PCF_CODE_OF_VIOL,PCF_VIOL_CATEGORY,PCF_VIOLATION,PCF_VIOL_SUBSECTION,HIT_AND_RUN,TYPE_OF_COLLISION,MVIW,PED_ACTION,ROAD_SURFACE,ROAD_COND_1,ROAD_COND_2,LIGHTING,CONTROL_DEVICE,CHP_ROAD_TYPE,PEDESTRIAN_ACCIDENT,BICYCLE_ACCIDENT,MOTORCYCLE_ACCIDENT,TRUCK_ACCIDENT,NOT_PRIVATE_PROPERTY,ALCOHOL_INVOLVED,STWD_VEHTYPE_AT_FAULT,CHP_VEHTYPE_AT_FAULT,COUNT_SEVERE_INJ,COUNT_VISIBLE_INJ,COUNT_COMPLAINT_PAIN,COUNT_PED_KILLED,COUNT_PED_INJURED,COUNT_BICYCLIST_KILLED,COUNT_BICYCLIST_INJURED,COUNT_MC_KILLED,COUNT_MC_INJURED,PRIMARY_RAMP,SECONDARY_RAMP,LATITUDE,LONGITUDE,COUNTY,CITY,POINT_X,POINT_Y
8058607,2016,2016-06-15,2708,2016-05-16,0803,16258,SALIN,1,5,6,2708,0,0,0,,0,006,"NORTH MAIN ST","ROSSI ST",0.00,,Y,B,-,N,,,,,,,,,,Y,4,0,3,2,A,-,03,22350,,N,C,C,A,A,H,-,A,A,0,,,,,Y,,-,,0,0,3,0,0,0,0,0,0,"- ","- ",,,MONTEREY,SALINAS,-121.65408995,36.680890079999998
8058609,2016,2016-06-14,2708,2016-05-23,1700,37923,SALIN,1,5,6,2708,0,0,0,,0,008,"CALIFORNIA ST","E SAN LUIS",0.00,,Y,A,-,N,,,,,,,,,,Y,4,0,1,2,A,-,09,21802,A,N,D,C,A,A,H,-,A,-,0,,,,,Y,,-,,0,0,1,0,0,0,0,0,0,"- ","- ",,,MONTEREY,SALINAS,-121.64989995000001,36.672630120000001
8058610,2016,2016-06-15,2708,2016-05-11,1546,34245,,3,5,6,2708,0,0,0,,0,006,"WEST LAUREL DR","NORTH DAVIS RD",230.00,E,N,B,-,N,,,,,,,,,,Y,2,0,3,3,A,-,04,21703,,N,C,C,A,A,H,-,A,A,0,,,,,Y,,-,,1,0,2,0,0,0,0,0,0,"- ","- ",,,MONTEREY,SALINAS,-121.6673074,36.697865149999998
8058613,2016,2016-06-17,2708,2016-05-21,1930,76997,2708,6,5,6,2708,0,0,0,,0,002,"WEST LAUREL DR","NORTH MAIN ST",200.00,W,N,A,-,N,,,,,,,,,,N,3,0,1,2,A,-,09,21804,B,N,D,G,A,A,H,-,B,D,0,,Y,,,Y,,L,04,0,1,0,0,0,0,1,0,0,"- ","- ",,,MONTEREY,SALINAS,-121.65270334,36.699231169999997
8058614,2016,2016-08-29,2708,2016-05-08,2010,59156,SALIN,7,5,6,2708,0,0,0,,0,003,"LESLIE DR","MARIN AV",0.00,,Y,B,-,N,,,,,,,,,,Y,4,0,1,2,A,-,09,21802,A,N,D,C,A,A,H,-,B,A,0,,,,,Y,,-,,0,0,1,0,0,0,0,0,0,"- ","- ",,,MONTEREY,SALINAS,-121.63126999000001,36.705750080000001
8058617,2016,2016-06-15,2708,2016-05-13,1617,03581,,5,5,6,2708,0,0,0,,0,002,"EAST BORONDA RD","MCKINNON ST",0.00,,Y,A,-,N,,,,,,,,,,Y,4,0,1,2,A,-,12,21453,A,N,D,D,A,A,H,-,A,A,0,,,,,Y,,-,,0,0,1,0,0,0,0,0,0,"- ","- ",,,MONTEREY,SALINAS,-121.64365988,36.71707009
8058618,2016,2016-06-15,2708,2016-05-06,1619,37923,SALIN,5,5,6,2708,0,0,0,,0,003,"EAST BORONDA RD","NATIVIDAD RD",250.00,W,N,B,C,N,,,,,,,,,,N,3,0,1,2,A,-,09,21802,A,N,D,C,A,B,H,-,A,D,0,,,,,Y,,-,,0,1,0,0,0,0,0,0,0,"- ","- ",,,MONTEREY,SALINAS,-121.62436227000001,36.715648999999999
8058621,2016,2016-06-15,2708,2016-05-13,0530,76998,SALIN,5,5,6,2708,0,0,0,,0,012,"EAST LAUREL DR","TOWT ST",0.00,,Y,A,-,N,,,,,,,,,,Y,4,0,2,2,A,-,12,21453,A,N,D,C,A,A,H,-,B,A,0,,,,,Y,,-,,0,0,2,0,0,0,0,0,0,"- ","- ",,,MONTEREY,SALINAS,-121.61766991,36.679200049999999
8058622,2016,2016-06-15,2708,2016-05-29,1330,70843,,7,5,6,2708,0,0,0,,0,,"NORTH MAIN ST","IRIS DR",20.00,S,N,A,-,N,,,,,,,,,,N,4,0,2,2,A,-,03,22350,,N,C,C,A,A,H,-,A,A,0,,,,,Y,,-,,0,0,2,0,0,0,0,0,0,"- ","- ",,,MONTEREY,SALINAS,-121.65224498000001,36.693115200000001
8058625,2016,2016-06-15,2708,2016-05-13,1541,30349,SALIN,5,5,6,2708,0,0,0,,0,,"EAST BORONDA RD","DARTMOUTH WY",250.00,W,N,A,-,N,,,,,,,,,,Y,3,0,3,2,A,-,09,21801,A,N,D,C,A,A,H,-,A,A,0,,,,,Y,,-,,0,1,2,0,0,0,0,0,0,"- ","- ",,,MONTEREY,SALINAS,-121.64945981,36.718317599999999
8058626,2016,2016-06-20,2708,2016-05-07,1853,19973,SALIN,6,5,6,2708,0,0,0,,0,MUNI,"2ND AV","GRANDHAVEN ST",0.00,,Y,B,-,N,,,,,,,,,,Y,4,0,1,2,A,-,09,21800,B,N,F,C,A,A,H,-,A,D,0,,,,,Y,,-,,0,0,1,0,0,0,0,0,0,"- ","- ",,,MONTEREY,SALINAS,-121.61427997,36.679490029999997
8058629,2016,2016-06-15,2708,2016-05-21,1909,56793,,6,5,6,2708,0,0,0,,0,,"NORTH MAIN ST","E ROSSI",50.00,S,N,A,-,N,,,,,,,,,,N,4,0,1,2,A,-,04,21703,,N,C,C,A,A,H,-,A,A,0,,,,,Y,,-,,0,0,1,0,0,0,0,0,0,"- ","- ",,,MONTEREY,SALINAS,-121.65408422,36.680907329999997
8058630,2016,2016-06-15,2708,2016-05-04,1638,03581,,3,5,6,2708,0,0,0,,0,003,"NATIVIDAD RD","LOS COCHES AV",0.00,,Y,A,-,N,,,,,,,,,,N,4,0,3,2,A,-,12,21453,A,N,D,C,A,A,H,-,A,A,0,,,,,Y,,-,,0,0,3,0,0,0,0,0,0,"- ","- ",,,MONTEREY,SALINAS,-121.62755991,36.707030080000003
8058633,2016,2016-06-15,2708,2016-05-15,1531,34245,,7,5,6,2708,0,0,0,,0,011,"NORTH SANBORN RD","GARNER AV",0.00,,Y,A,-,N,,,,,,,,,,Y,4,0,1,2,A,-,12,21453,A,N,D,C,A,A,H,-,A,A,0,,,,,Y,,-,,0,0,1,0,0,0,0,0,0,"- ","- ",,,MONTEREY,SALINAS,-121.61513994000001,36.686210070000001
8058634,2016,2016-06-15,2708,2016-05-03,1656,56793,,2,5,6,2708,0,0,0,,0,,"EAST MARKET ST","IVY ST",60.00,E,N,A,-,N,,,,,,,,,,Y,2,0,2,2,A,-,09,21804,A,N,G,B,F,A,H,-,A,D,0,Y,,,,Y,,-,,1,0,1,0,1,0,0,0,0,"- ","- ",,,MONTEREY,SALINAS,-121.64326576000001,36.678478259999999
8058637,2016,2016-06-13,2708,2016-05-24,0229,54370,,2,5,6,2708,0,0,0,,0,012,"WILLIAMS RD","QUILLA ST",50.00,S,N,A,-,N,,,,,,,,,,Y,4,0,1,2,A,-,08,22107,,N,B,E,A,A,H,-,C,D,0,,,,,Y,,-,,0,0,1,0,0,0,0,0,0,"- ","- ",,,MONTEREY,SALINAS,-121.61820951,36.673271010000001
8058638,2016,2016-06-15,2708,2016-05-01,1618,69054,,7,5,6,2708,0,0,0,,0,005,"EAST LAUREL DR","MARYAL DR",0.00,,Y,A,-,N,,,,,,,,,,N,4,0,1,2,A,-,08,22107,,N,D,G,A,A,H,-,A,A,0,,Y,,,Y,,-,,0,0,1,0,0,0,1,0,0,"- ","- ",,,MONTEREY,SALINAS,-121.64687991,36.698230100000004
8058691,2016,2016-06-11,2708,2016-03-11,1505,56793,,5,5,6,2708,0,0,0,,0,011,"NORTH SANBORN RD","BUCKHORN DR",306.00,N,N,A,-,N,,,,,,,,,,Y,4,0,1,2,A,-,09,21802,A,N,D,C,A,A,H,-,A,D,0,,,,,Y,,-,,0,0,1,0,0,0,0,0,0,"- ","- ",,,MONTEREY,SALINAS,-121.59772208,36.693750710000003
8058695,2016,2016-06-11,2708,2016-03-19,1808,30348,MONTE,6,5,6,2708,0,0,0,,0,,"N HEBBRON ST","EAST MARKET ST",10.00,N,N,A,-,N,,,,,,,,,,N,3,0,3,2,A,-,03,22350,A,N,C,C,A,A,H,-,A,A,0,,,,,Y,,-,,0,1,2,0,0,0,0,0,0,"- ","- ",,,MONTEREY,SALINAS,-121.63171636,36.676577309999999
8058778,2016,2016-06-13,2708,2016-02-25,0745,75791,,4,5,6,2708,0,0,0,,0,,"SOUTH SANBORN RD","ELVEE LN",0.00,,Y,-,-,N,,,,,,,,,,N,4,0,1,2,A,-,03,22350,A,N,C,C,A,A,H,-,A,A,0,,,,,Y,Y,-,,0,0,1,0,0,0,0,0,0,"- ","- ",,,MONTEREY,SALINAS,-121.62840994,36.666080020000003
8067536,2016,2016-07-05,2710,2016-03-01,2028,40391,MARIN,2,5,4,2710,0,0,0,,0,,"CALAVERAS ST","AMADOR AV",66.00,N,N,A,-,N,,,,,,,,,,N,4,0,1,2,A,-,03,22350,,N,G,B,D,A,H,-,C,A,0,Y,,,,Y,,-,,0,0,1,0,1,0,0,0,0,"- ","- ",,,MONTEREY,SEASIDE,-121.84755663999999,36.607161310000002
8067564,2016,2016-07-05,2710,2016-03-22,1445,40392,SALIN,2,5,4,2710,0,0,0,,0,003,"FREMONT BL","LA SALLE AV",0.00,,Y,A,-,N,,,,,,,,,,N,4,0,1,2,A,-,05,21650,1,N,D,G,A,A,H,-,A,A,0,,Y,,,Y,,L,04,0,0,1,0,0,0,1,0,0,"- ","- ",,,MONTEREY,SEASIDE,-121.84177987,36.616780110000001
8067568,2016,2016-07-05,2710,2016-03-22,0645,32771,,2,5,4,2710,0,0,0,,0,,"NOCHE BUENA ST","SONOMA AV",0.00,,Y,A,-,N,,,,,,,,,,,4,0,1,2,A,-,10,21950,A,N,G,B,B,B,H,-,B,A,0,Y,,,,Y,,A,07,0,0,1,0,1,0,0,0,0,"- ","- ",,,MONTEREY,SEASIDE,-121.8377899,36.60606009
8067572,2016,2016-11-22,2710,2016-03-20,2019,37397,2710,7,5,4,2710,0,0,0,,0,01B,"NOCHE BUENA ST","MINGO AV",0.00,,Y,A,-,N,,,,,,,,,,Y,4,0,1,2,A,-,08,22107,,M,D,D,A,A,H,-,C,D,0,,,,,Y,,A,01,0,0,1,0,0,0,0,0,0,"- ","- ",,,MONTEREY,SEASIDE,-121.83763996,36.611950020000002
8067576,2016,2016-07-05,2710,2016-03-20,0051,40391,MARIN,7,5,4,2710,0,0,0,,0,,"NORMANDY RD","POLE #6526",14.00,W,N,A,-,N,,,,,,,,,,Y,4,0,1,2,A,-,08,22107,,M,A,E,A,A,H,-,C,D,0,,,,,Y,Y,A,07,0,0,1,0,0,0,0,0,0,"- ","- ",,,MONTEREY,SEASIDE,,
8067580,2016,2016-07-05,2710,2016-03-19,1931,40391,MARIN,6,5,4,2710,0,0,0,,0,,"FREMONT BL","LA SALLE AV",49.00,N,N,A,-,N,,,,,,,,,,N,4,0,1,2,A,-,04,21703,,N,C,D,A,A,H,-,C,A,0,,,,,Y,,-,,0,0,1,0,0,0,0,0,0,"- ","- ",,,MONTEREY,SEASIDE,-121.84171757,36.616904859999998
8067584,2016,2016-07-05,2710,2016-03-15,1503,34413,,2,5,4,2710,0,0,0,,0,011,"BROADWAY AV","TERRACE ST",316.00,W,N,A,-,N,,,,,,,,,,N,3,0,1,2,A,-,05,21650,1,M,D,G,A,A,H,-,A,D,0,,Y,,,Y,,L,04,0,1,0,0,0,0,1,0,0,"- ","- ",,,MONTEREY,SEASIDE,-121.84384669000001,36.609135899999998
8067600,2016,2016-07-05,2710,2016-03-24,2035,40392,SALIN,4,5,4,2710,0,0,0,,0,003,"FREMONT BL","TRINITY AV",0.00,,Y,A,-,N,,,,,,,,,,N,4,0,1,2,B,-,22,,,N,G,B,B,A,H,-,C,D,0,Y,,,,Y,,A,01,0,0,1,0,1,0,0,0,0,"- ","- ",,,MONTEREY,SEASIDE,-121.84781988,36.604700039999997
8070357,2016,2016-07-06,2710,2016-04-04,0118,40386,MARIN,1,5,4,2710,0,0,0,,0,019,"ELM AV","ELM AV 974",6.00,W,N,A,-,N,,,,,,,,,,Y,3,0,1,4,A,-,01,23152,B,N,C,E,A,A,H,-,C,D,0,,,Y,,Y,Y,A,07,0,1,0,0,0,0,0,0,0,"- ","- ",,,MONTEREY,SEASIDE,,
8070377,2016,2017-02-18,2710,2016-04-16,1414,25166,,6,5,4,2710,0,0,0,,0,02B,"CANYON DEL REY RD","SONOMA AV",0.00,,Y,A,-,Y,MON,5,218,-,L,0.340,I,5,E,Y,4,0,1,2,A,-,12,21453,A,N,D,C,A,A,H,-,A,A,0,,,,,Y,,D,22,0,0,1,0,0,0,0,0,0,"- ","- ",,,MONTEREY,SEASIDE,-121.85551455,36.606279489999999
8070385,2016,2016-07-05,2710,2016-04-21,1727,36403,,4,5,4,2710,0,0,0,,0,003,"THE MALL","HEITZINGER PLZ",0.00,,Y,A,-,N,,,,,,,,,,Y,4,0,1,2,A,-,09,21803,,N,-,C,A,A,H,-,A,A,0,,,,,Y,,A,01,0,0,1,0,0,0,0,0,0,"- ","- ",,,MONTEREY,SEASIDE,-121.84664994000001,36.611210020000001
8070859,2016,2016-07-01,2706,2016-06-13,0239,851,2706,1,5,4,2706,0,0,0,,0,003,"DEL MONTE AV","PARK AV",13.00,E,N,B,-,N,,,,,,,,,,Y,2,0,2,1,A,-,08,22107,,N,E,I,A,A,H,-,C,D,0,,,,,Y,,D,22,1,1,0,0,0,0,0,0,0,"- ","- ",,,MONTEREY,MONTEREY,-121.88224571000001,36.599929209999999
8083408,2016,2016-07-19,2706,2016-07-01,0233,395,MPD,5,5,4,2706,0,0,0,,0,002,"DEL MONTE AV","FIGUEROA ST",205.00,,N,B,-,N,,,,,,,,,,Y,3,0,1,1,A,-,03,22350,,M,E,I,A,A,H,-,C,D,0,,,,,Y,Y,D,22,0,1,0,0,0,0,0,0,0,"- ","- ",,,MONTEREY,MONTEREY,-121.8900399,36.600260069999997
8083470,2016,2017-02-24,2706,2016-07-08,1356,142,MPD,5,5,4,2706,0,0,0,,0,003,"RT 68","OLMSTEAD RD",405.00,W,N,A,-,Y,MON,5,68,-,-,5.490,H,-,E,N,4,0,1,3,A,-,03,22350,,N,C,C,A,A,H,-,A,D,0,,,,,Y,,A,01,0,0,1,0,0,0,0,0,0,"- ","- ",,,MONTEREY,MONTEREY,-121.85107154000001,36.583877729999998
8084106,2016,2016-07-20,2711,2016-06-06,2303,7944,2711,1,5,3,2711,0,0,0,,0,002,"OAK ST","MONTEREY ST",0.00,,Y,A,-,N,,,,,,,,,,N,4,0,1,2,A,-,01,23152,A,M,C,C,A,A,H,-,C,D,0,,,,,Y,Y,A,01,0,0,1,0,0,0,0,0,0,"- ","- ",,,MONTEREY,SOLEDAD,-121.32340993,36.424810049999998
8086347,2016,2016-07-18,2703,2016-07-12,0802,0098,2703,2,5,2,2703,0,0,0,,0,ALL,"ALTA ST","3RD ST",107.00,S,N,A,-,N,,,,,,,,,,Y,3,0,2,4,A,-,08,22107,,M,C,E,A,A,H,-,A,D,0,,,,,Y,,A,01,0,1,1,0,0,0,0,0,0,"- ","- ",,,MONTEREY,GONZALES,-121.44370459,36.505640499999998
8088183,2016,2016-08-01,2710,2016-05-16,1924,40392,SALIN,1,5,4,2710,0,0,0,,0,01A,"FREMONT BL","LOPEZ AV",0.00,,Y,A,-,N,,,,,,,,,,N,4,0,1,2,A,-,00,23123,A,F,C,E,A,A,H,-,A,A,0,,,,,Y,,A,01,0,0,1,0,0,0,0,0,0,"- ","- ",,,MONTEREY,SEASIDE,-121.84856992,36.603130110000002
8088185,2016,2016-08-01,2710,2016-05-14,1900,40386,MARIN,6,5,4,2710,0,0,0,,0,012,"ORD GROVE AV","WARING ST",232.00,E,N,A,-,N,,,,,,,,,,Y,4,0,2,2,A,-,03,22350,,N,C,E,A,A,H,-,A,D,0,,,,,Y,,A,01,0,0,2,0,0,0,0,0,0,"- ","- ",,,MONTEREY,SEASIDE,-121.83384053,36.619183270000001
8088909,2016,2016-09-15,2708,2016-07-15,2049,35366,,5,5,6,2708,0,0,0,,0,010,"EAST MARKET ST","KERN ST",168.00,E,N,A,-,N,,,,,,,,,,,3,0,1,2,A,-,11,21954,A,N,-,B,D,A,H,-,C,A,0,Y,,,,Y,Y,N,60,0,1,0,0,1,0,0,0,0,"- ","- ",,,MONTEREY,SALINAS,-121.63951246000001,36.677326690000001
8089614,2016,2016-09-19,2710,2016-06-20,1742,32771,,1,5,4,2710,0,0,0,,0,,"NOCHE BUENA ST","LA SALLE AV",0.00,,Y,A,-,N,,,,,,,,,,Y,4,0,1,2,A,-,12,22450,A,N,C,C,A,A,H,-,A,A,0,,,,,Y,,A,08,0,0,1,0,0,0,0,0,0,"- ","- ",,,MONTEREY,SEASIDE,-121.83752988000001,36.61674
8089618,2016,2016-09-19,2710,2016-06-07,1749,32771,,2,5,4,2710,0,0,0,,0,,"ORD GROVE AV","EAST FRONTAGE RD",0.00,,Y,A,-,N,,,,,,,,,,Y,4,0,2,2,A,-,09,21804,A,N,D,C,A,A,H,-,A,A,0,,,,,Y,,A,01,0,0,2,0,0,0,0,0,0,"- ","- ",,,MONTEREY,SEASIDE,-121.84031998,36.619310110000001
8089978,2016,2016-10-20,2708,2016-08-15,1345,79223,,1,5,6,2708,0,0,0,,0,,"NORTH SANBORN RD","FREEDOM PKWY",0.00,,Y,A,-,N,,,,,,,,,,Y,3,0,1,2,A,-,09,21801,A,N,-,C,A,A,H,-,A,A,0,,,,,Y,,-,,0,1,0,0,0,0,0,0,0,"- ","- ",,,MONTEREY,SALINAS,-121.60134986,36.692130040000002
8091843,2016,2016-08-01,2708,2016-04-01,1815,6235,,5,5,6,2708,0,0,0,,0,003,"KLAMATH DR","CASCADE WY",0.00,,Y,A,-,N,,,,,,,,,,N,3,0,1,2,A,-,08,22107,,N,D,C,A,A,H,-,A,D,0,,,,,Y,,-,,0,1,0,0,0,0,0,0,0,"- ","- ",,,MONTEREY,SALINAS,-121.63236988,36.710190040000001
8091847,2016,2016-08-01,2708,2016-04-15,1807,54440,,5,5,6,2708,0,0,0,,0,005,"EAST LAUREL DR","NATIVIDAD RD",0.00,,Y,A,-,N,,,,,,,,,,N,4,0,1,3,A,-,04,21703,,N,C,C,A,A,H,-,A,A,0,,,,,Y,,-,,0,0,1,0,0,0,0,0,0,"- ","- ",,,MONTEREY,SALINAS,-121.63828998,36.696330019999998
8091870,2016,2016-08-01,2708,2016-02-21,0002,37923,SALIN,7,5,6,2708,0,0,0,,0,003,"NATIVIDAD RD","LOS COCHES",250.00,N,N,A,-,N,,,,,,,,,,Y,4,0,1,1,A,-,03,22350,,N,E,I,A,A,H,-,C,D,0,,,,,Y,,-,,0,0,1,0,0,0,0,0,0,"- ","- ",,,MONTEREY,SALINAS,-121.6270293,36.707567689999998
8091914,2016,2016-08-01,2708,2016-03-12,1332,29103,,6,5,6,2708,0,0,0,,0,,CONSTITUTION,INDEPENDENCE,0.00,,Y,A,-,N,,,,,,,,,,N,4,0,1,2,A,-,08,22107,,N,-,B,B,A,H,-,A,A,0,Y,,,,Y,,-,,0,0,1,0,1,0,0,0,0,"- ","- ",,,MONTEREY,SALINAS,-121.62147999,36.70041011
8093205,2016,2017-02-04,2708,2016-06-25,1607,56294,SALIN,6,5,6,2708,0,0,0,,0,008,"W MARKET","LINCOLN AV",300.00,E,N,A,-,Y,MON,5,183,-,-,0.850,I,5,S,Y,4,0,1,3,A,-,03,22350,,N,C,C,A,A,H,-,A,A,0,,,,,Y,,-,,0,0,1,0,0,0,0,0,0,"- ","- ",,,MONTEREY,SALINAS,-121.65787459000001,36.67826943
8093209,2016,2017-02-06,2708,2016-06-12,1917,59156,SALIN,7,5,6,2708,0,0,0,,0,008,"EAST MARKET ST","MONTEREY ST",0.00,,Y,B,-,N,,,,,,,,,,Y,4,0,2,2,A,-,"- ",,,F,D,C,A,A,H,-,A,A,0,,,,,Y,,-,,0,0,2,0,0,0,0,0,0,"- ","- ",36.404899999999998,-121.39100000000001,MONTEREY,SALINAS,-121.6545199,36.677700100000003
8093283,2016,2016-07-29,2708,2016-06-20,1201,34245,,1,5,6,2708,0,0,0,,0,007,"BLANCO RD","PADRE DR",0.00,,Y,A,-,N,,,,,,,,,,N,4,0,1,2,A,-,09,21801,A,N,D,C,A,A,H,-,A,A,0,,,,,Y,,A,01,0,0,1,0,0,0,0,0,0,"- ","- ",,,MONTEREY,SALINAS,-121.6622299,36.656430059999998
8093284,2016,2016-07-29,2708,2016-06-11,0739,54440,,6,5,6,2708,0,0,0,,0,002,CURTIS,"MAIN ST",0.00,,Y,A,-,N,,,,,,,,,,N,4,0,1,2,A,-,05,21650,,F,D,G,A,A,H,-,A,D,0,,Y,,,Y,,L,04,0,0,1,0,0,0,1,0,0,"- ","- ",,,MONTEREY,SALINAS,-121.65248995,36.701790109999997
8093287,2016,2016-07-29,2708,2016-06-18,1441,07904,,6,5,6,2708,0,0,0,,0,001,"SAN JUAN GRADE RD","BORONDA RD",0.00,,Y,A,-,N,,,,,,,,,,N,4,0,1,3,A,-,03,22350,,N,A,C,A,A,H,-,A,A,0,,,Y,,Y,,A,01,0,0,1,0,0,0,0,0,1,"- ","- ",,,MONTEREY,SALINAS,-121.65117988999999,36.719790109999998
8093288,2016,2016-07-29,2708,2016-06-02,1744,04125,,4,5,6,2708,0,0,0,,0,,"CALIFORNIA ST","ALISAL ST",0.00,,Y,A,-,N,,,,,,,,,,N,4,0,1,2,A,-,05,21650,A,N,A,G,A,A,H,-,A,D,0,,Y,,,Y,,L,04,0,0,1,0,0,0,1,0,0,"- ","- ",,,MONTEREY,SALINAS,-121.65030987,36.674460070000002
8093291,2016,2017-04-12,2708,2016-06-19,2100,30349,SALIN,7,5,6,2708,0,0,0,,0,005,"MAIN ST","BERNAL DR",150.00,S,N,A,-,N,,,,,,,,,,N,4,0,2,3,A,-,03,22350,,F,C,C,A,A,H,-,A,A,0,,,,,Y,Y,A,01,0,0,2,0,0,0,0,0,0,"- ","- ",,,MONTEREY,SALINAS,-121.65249391,36.689560299999997
8093295,2016,2016-07-29,2708,2016-06-22,0911,75635,SALIN,3,5,6,2708,0,0,0,,0,,"EAST MARKET ST","TOWT ST",0.00,,Y,A,-,N,,,,,,,,,,Y,3,0,2,2,A,-,09,21802,A,N,D,C,A,A,H,-,A,D,0,,,,,Y,,A,01,0,1,1,0,0,0,0,0,0,"- ","- ",,,MONTEREY,SALINAS,-121.62160987,36.676710030000002
8093299,2016,2016-07-29,2708,2016-06-15,2018,18945,2708,3,5,6,2708,0,0,0,,0,007,"ALISAL ST","CAPITOL ST",0.00,,Y,A,-,N,,,,,,,,,,Y,3,0,2,2,A,-,09,21802,A,N,D,C,A,A,H,-,A,A,0,,,,,Y,,A,01,0,1,1,0,0,0,0,0,0,"- ","- ",,,MONTEREY,SALINAS,-121.66007989000001,36.67311007
8093303,2016,2016-07-29,2708,2016-06-20,0956,34245,,1,5,6,2708,0,0,0,,0,012,"JOHN ST","SANBORN RD",0.00,,Y,A,-,N,,,,,,,,,,Y,4,0,1,3,A,-,05,21651,A,N,B,C,A,A,H,-,A,A,0,,,,,Y,,A,01,0,0,1,0,0,0,0,0,0,"- ","- ",,,MONTEREY,SALINAS,-121.62772993,36.669300020000001
8070882,2016,2016-07-05,2706,2016-06-01,1531,590,MPD,3,5,4,2706,0,0,0,,0,001,"PRESCOTT AV","LAINE ST",0.00,,Y,A,-,N,,,,,,,,,,Y,4,0,1,2,A,-,09,21802,A,N,D,C,A,A,H,-,A,A,0,,,,,Y,,A,07,0,0,1,0,0,0,0,0,0,"- ","- ",,,MONTEREY,MONTEREY,-121.90436997,36.6137801
8070890,2016,2016-07-15,2706,2016-06-14,0913,444,MPD,2,5,4,2706,0,0,0,,0,002,"MUNRAS AV","SOLEDAD DR",0.00,,Y,A,-,N,,,,,,,,,,Y,3,0,2,2,A,-,09,21453,C,N,D,C,A,A,H,-,A,A,0,,,,,Y,,A,01,0,1,1,0,0,0,0,0,0,"- ","- ",,,MONTEREY,MONTEREY,-121.90185992000001,36.583360050000003
8070894,2016,2016-07-05,2706,2016-06-08,1725,444,MPD,3,5,4,2706,0,0,0,,0,003,"NORTH FREMONT ST","RAMONA AV",15.00,W,N,A,-,N,,,,,,,,,,Y,4,0,1,2,A,-,03,22350,,N,C,C,A,A,H,-,A,A,0,,,,,Y,,A,01,0,0,1,0,0,0,0,0,0,"- ","- ",,,MONTEREY,MONTEREY,-121.85631016000001,36.597202109999998
8070897,2016,2016-06-30,2701,2016-05-27,1330,5460,2701,5,5,2,2701,0,0,0,,0,00N,"5TH AV","DOLORES ST",0.00,,Y,A,-,N,,,,,,,,,,N,2,0,1,2,A,-,10,21950,A,F,G,B,B,A,H,-,A,A,0,Y,,,,Y,,A,01,1,0,0,0,1,0,0,0,0,"- ","- ",,,MONTEREY,CARMEL,-121.92267993,36.5569001
8070898,2016,2016-07-05,2706,2016-06-14,1223,896,MPD,2,5,4,2706,0,0,0,,0,002,"MUNRAS AV","SOLEDAD DR",0.00,,Y,A,-,N,,,,,,,,,,Y,4,0,2,2,A,-,12,21453,A,N,D,C,A,A,H,-,A,A,0,,,,,Y,,A,08,0,0,2,0,0,0,0,0,0,"- ","- ",,,MONTEREY,MONTEREY,-121.90185992000001,36.583360050000003
8070917,2016,2016-07-05,2706,2016-06-09,2223,608,MPD,4,5,4,2706,0,0,0,,0,002,"ABREGO ST","FREMONT ST",0.00,,Y,B,-,N,,,,,,,,,,Y,4,0,1,2,A,-,09,21801,A,N,A,C,A,A,H,-,C,A,0,,,,,Y,,A,01,0,0,1,0,0,0,0,0,0,"- ","- ",,,MONTEREY,MONTEREY,-121.89217993,36.595250049999997
8070921,2016,2016-07-15,2706,2016-06-10,1449,505,MPD,5,5,4,2706,0,0,0,,0,003,"DEL MONTE AV","SLOAT AV",0.00,,Y,A,-,N,,,,,,,,,,Y,4,0,4,2,A,-,09,21801,A,N,-,C,A,A,H,-,A,A,0,,,,,Y,,A,08,0,0,4,0,0,0,0,0,0,"- ","- ",,,MONTEREY,MONTEREY,-121.87887996000001,36.599860020000001
8070925,2016,2016-07-05,2706,2016-06-01,2129,810,MPD,3,5,4,2706,0,0,0,,0,002,"FIGUEROA ST","REC TRAIL",0.00,,Y,B,-,N,,,,,,,,,,N,3,0,1,2,A,-,10,21950,A,N,D,G,A,A,H,-,C,D,0,,Y,,,Y,,A,01,0,1,0,0,0,0,1,0,0,"- ","- ",,,MONTEREY,MONTEREY,,
8070933,2016,2016-07-05,2706,2016-06-10,1011,896,MPD,5,5,4,2706,0,0,0,,0,002,"MUNRAS AV","SOLEDAD DR",0.00,,Y,B,-,N,,,,,,,,,,Y,4,0,1,2,A,-,12,21453,A,N,D,C,A,A,H,-,A,A,0,,,,,Y,,A,07,0,0,1,0,0,0,0,0,0,"- ","- ",,,MONTEREY,MONTEREY,-121.90185992000001,36.583360050000003