CASE_ID,ACCIDENT_YEAR,PROC_DATE,JURIS,COLLISION_DATE,COLLISION_TIME,OFFICER_ID,REPORTING_DISTRICT,DAY_OF_WEEK,CHP_SHIFT,POPULATION,CNTY_CITY_LOC,SPECIAL_COND,BEAT_TYPE,CHP_BEAT_TYPE,CITY_DIVISION_LAPD,CHP_BEAT_CLASS,BEAT_NUMBER,PRIMARY_RD,SECONDARY_RD,DISTANCE,DIRECTION,INTERSECTION,WEATHER_1,WEATHER_2,STATE_HWY_IND,CALTRANS_COUNTY,CALTRANS_DISTRICT,STATE_ROUTE,ROUTE_SUFFIX,POSTMILE_PREFIX,POSTMILE,LOCATION_TYPE,RAMP_INTERSECTION,SIDE_OF_HWY,TOW_AWAY,COLLISION_SEVERITY,NUMBER_KILLED,NUMBER_INJURED,PARTY_COUNT,PRIMARY_COLL_FACTOR,PCF_CODE_OF_VIOL,PCF_VIOL_CATEGORY,PCF_VIOLATION,PCF_VIOL_SUBSECTION,HIT_AND_RUN,TYPE_OF_COLLISION,MVIW,PED_ACTION,ROAD_SURFACE,ROAD_COND_1,ROAD_COND_2,LIGHTING,CONTROL_DEVICE,CHP_ROAD_TYPE,PEDESTRIAN_ACCIDENT,BICYCLE_ACCIDENT,MOTORCYCLE_ACCIDENT,TRUCK_ACCIDENT,NOT_PRIVATE_PROPERTY,ALCOHOL_INVOLVED,STWD_VEHTYPE_AT_FAULT,CHP_VEHTYPE_AT_FAULT,COUNT_SEVERE_INJ,COUNT_VISIBLE_INJ,COUNT_COMPLAINT_PAIN,COUNT_PED_KILLED,COUNT_PED_INJURED,COUNT_BICYCLIST_KILLED,COUNT_BICYCLIST_INJURED,COUNT_MC_KILLED,COUNT_MC_INJURED,PRIMARY_RAMP,SECONDARY_RAMP,LATITUDE,LONGITUDE,COUNTY,CITY,POINT_X,POINT_Y
8070937,2016,2016-07-05,2706,2016-06-15,0826,181,2706,3,5,4,2706,0,0,0,,0,003,"FREMONT ST","HANNON AV",0.00,,Y,A,-,N,,,,,,,,,,Y,4,0,1,3,A,-,03,22350,,N,C,C,A,A,H,-,A,D,0,,,,,Y,,A,01,0,0,1,0,0,0,0,0,0,"- ","- ",,,MONTEREY,MONTEREY,-121.85456988999999,36.59747007
8070942,2016,2016-07-05,2706,2016-06-17,2342,772,2706,5,5,4,2706,0,0,0,,0,002,"E FRANKLIN ST","ALVARADO ST",17.00,W,N,B,-,N,,,,,,,,,,N,3,0,1,2,A,-,11,21453,D,N,G,B,B,A,H,-,C,A,0,Y,,,,Y,Y,N,60,0,1,0,0,1,0,0,0,0,"- ","- ",,,MONTEREY,MONTEREY,-121.89431999999999,36.599969999999999
8070945,2016,2016-07-05,2706,2016-06-13,1104,505,MPD,1,5,4,2706,0,0,0,,0,003,"10TH ST","CAMINO AGUAJITO",57.00,E,N,B,-,N,,,,,,,,,,N,3,0,1,2,C,-,18,,,F,G,-,A,A,H,-,A,D,0,,,,,Y,,-,"- ",0,1,0,0,0,0,0,0,0,"- ","- ",,,MONTEREY,MONTEREY,,
8093304,2016,2016-07-29,2708,2016-06-05,1943,15945,,7,5,6,2708,0,0,0,,0,,"ALISAL ST","ACACIA ST",171.00,E,N,A,-,N,,,,,,,,,,Y,4,0,1,2,A,-,01,23152,A,N,C,C,A,A,H,-,A,A,0,,,,,Y,Y,A,01,0,0,1,0,0,0,0,0,0,"- ","- ",,,MONTEREY,SALINAS,-121.67228394999999,36.669789190000003
8093307,2016,2016-07-28,2708,2016-06-09,0831,30285,,4,5,6,2708,0,0,0,,0,,"WILLIAMS RD","GARNER AV",0.00,,Y,A,-,N,,,,,,,,,,N,4,0,1,2,A,-,12,22450,,N,G,B,D,A,H,-,A,D,0,Y,,,,Y,,A,01,0,0,1,0,1,0,0,0,0,"- ","- ",,,MONTEREY,SALINAS,-121.60859996000001,36.678760089999997
8093311,2016,2016-07-28,2708,2016-06-18,1911,70843,,6,5,6,2708,0,0,0,,0,,"MAIN ST","ROSSI ST",0.00,,Y,A,-,N,,,,,,,,,,N,4,0,3,2,A,-,04,21703,,N,C,C,A,A,H,-,A,A,0,,,,,Y,,A,01,0,0,3,0,0,0,0,0,0,"- ","- ",,,MONTEREY,SALINAS,-121.65408995,36.680890079999998
8093312,2016,2016-08-04,2708,2016-06-07,1713,85123,SALIN,2,5,6,2708,0,0,0,,0,006,"CASENTINI ST","MAIN ST",650.00,W,N,A,-,N,,,,,,,,,,Y,3,0,1,3,A,-,09,21804,,N,A,C,A,A,H,-,A,D,0,,,,,Y,,A,01,0,1,0,0,0,0,0,0,0,"- ","- ",,,MONTEREY,SALINAS,-121.65459899,36.685283990000002
8093315,2016,2016-07-29,2708,2016-06-07,1731,71633,SALIN,2,5,6,2708,0,0,0,,0,008,"MARKET ST","MERCED ST",0.00,,Y,A,-,N,,,,,,,,,,N,4,0,3,3,A,-,09,21802,A,N,D,C,A,A,H,-,A,D,0,,,,,Y,,A,01,0,0,3,0,0,0,0,0,0,"- ","- ",,,MONTEREY,SALINAS,-121.64231989,36.678110060000002
8093316,2016,2016-07-29,2708,2016-06-24,1517,79223,,5,5,6,2708,0,0,0,,0,,"MARKET ST","HEBBRON AV",0.00,,Y,A,-,N,,,,,,,,,,Y,4,0,1,2,A,-,09,21801,A,N,-,C,A,A,A,-,A,A,0,,,,,Y,,-,,0,0,1,0,0,0,0,0,0,"- ","- ",,,MONTEREY,SALINAS,-121.63171997000001,36.676550030000001
8093319,2016,2016-07-28,2708,2016-06-29,1325,56793,,3,5,6,2708,0,0,0,,0,009,"ROMIE LN","WILGART WY",100.00,E,N,A,-,N,,,,,,,,,,Y,3,0,1,1,A,-,03,22350,,N,E,I,A,A,H,-,A,D,0,,,Y,,Y,,C,02,0,1,0,0,0,0,0,0,1,"- ","- ",,,MONTEREY,SALINAS,-121.64714259,36.660203699999997
8093320,2016,2016-07-29,2708,2016-06-07,1816,54372,,2,5,6,2708,0,0,0,,0,003,"CONSTITUTION BL","BEACON HILL DR",0.00,,Y,A,-,N,,,,,,,,,,Y,3,0,3,3,A,-,12,21453,A,N,D,C,A,A,H,-,A,A,0,,,,,Y,,A,01,0,3,0,0,0,0,0,0,0,"- ","- ",,,MONTEREY,SALINAS,-121.61603992000001,36.698770109999998
8093323,2016,2016-07-28,2708,2016-06-19,1105,66312,,7,5,6,2708,0,0,0,,0,,"MEMORY DR",ABBOTT,200.00,W,N,A,-,N,,,,,,,,,,N,3,0,1,2,A,-,11,21954,A,N,G,B,D,A,H,-,A,A,0,Y,,,,Y,,N,60,0,1,0,0,1,0,0,0,0,"- ","- ",,,MONTEREY,SALINAS,-121.63749067000001,36.65739087
8093324,2016,2016-07-29,2708,2016-06-09,2049,35838,2708,4,5,6,2708,0,0,0,,0,012,"ALISAL RD","SCONBERG PKWY",120.00,W,N,A,-,N,,,,,,,,,,Y,4,0,2,2,A,-,03,22350,,N,A,C,A,A,H,-,C,A,0,,,,,Y,,A,01,0,0,2,0,0,0,0,0,0,"- ","- ",,,MONTEREY,SALINAS,-121.60094793,36.672753659999998
8093327,2016,2016-07-28,2708,2016-06-29,1837,30348,MONTE,3,5,6,2708,0,0,0,,0,011,"SANBORN RD","FREEDOM PKWY",18.00,S,N,A,-,N,,,,,,,,,,Y,4,0,2,2,A,-,17,21451,A,N,B,C,A,A,H,-,A,A,0,,,,,Y,,A,01,0,0,2,0,0,0,0,0,0,"- ","- ",,,MONTEREY,SALINAS,-121.60140701,36.69211164
8093328,2016,2016-07-29,2708,2016-06-26,2234,16301,,7,5,6,2708,0,0,0,,0,003,"BORONDA RD","NATIVIDAD RD",152.70,E,N,B,-,N,,,,,,,,,,Y,4,0,3,2,A,-,01,23153,A,N,C,C,A,A,H,-,C,A,0,,,,,Y,Y,A,01,0,0,3,0,0,0,0,0,0,"- ","- ",,,MONTEREY,SALINAS,-121.62300191,36.715495230000002
8061336,2016,2016-08-04,2712,2016-06-27,2236,1074,2712,1,5,3,2712,0,0,0,,0,001,"DEL MONTE BL","CYPRESS AV",0.00,,Y,A,-,N,,,,,,,,,,N,4,0,1,2,A,-,09,21802,A,N,D,C,A,A,H,-,C,A,0,,,,,Y,,A,07,0,0,1,0,0,0,0,0,0,"- ","- ",,,MONTEREY,MARINA,-121.80521994,36.681780000000003
8061394,2016,2016-08-04,2712,2016-07-09,1506,1088,2712,6,5,3,2712,0,0,0,,0,001,"9TH ST","2ND AV",265.00,W,N,A,-,N,,,,,,,,,,N,4,0,1,2,A,-,08,22107,,F,D,G,A,A,H,-,A,D,0,,Y,,,Y,,L,04,0,0,1,0,0,0,1,0,0,"- ","- ",,,MONTEREY,MARINA,-121.81021169,36.662514250000001
8062090,2016,2016-07-12,2704,2016-05-07,1716,8061,2704,6,5,3,2704,0,0,0,,0,002,"WALNUT AV","WALNUT AV 580",0.00,,-,A,-,N,,,,,,,,,,N,4,0,1,2,A,-,03,22350,,N,G,B,F,A,H,-,A,D,0,Y,,,,Y,,A,01,0,0,1,0,1,0,0,0,0,"- ","- ",,,MONTEREY,GREENFIELD,,
8104045,2016,2016-08-23,2706,2016-08-11,1104,851,MPD,4,5,4,2706,0,0,0,,0,001,"PACIFIC ST","FRANKLIN ST",45.00,S,N,F,-,N,,,,,,,,,,N,4,0,1,2,A,-,03,22350,,N,C,C,A,A,H,-,A,A,0,,,,,Y,,D,22,0,0,1,0,0,0,0,0,0,"- ","- ",,,MONTEREY,MONTEREY,-121.89584858000001,36.600070340000002
8104082,2016,2016-08-22,2706,2016-08-10,1717,635,MPD,3,5,4,2706,0,0,0,,0,003,OCEAN,"4TH ST",22.00,S,N,A,-,N,,,,,,,,,,N,4,0,1,2,A,-,08,22103,,N,D,C,A,A,H,-,A,A,0,,,,,Y,,A,07,0,0,1,0,0,0,0,0,0,"- ","- ",,,MONTEREY,MONTEREY,-121.87990519,36.59709075
8104086,2016,2016-08-22,2706,2016-08-09,0716,505,MPD,2,5,4,2706,0,0,0,,0,003,"DEL MONTE AV","PALO VERDE AV",0.00,,Y,A,-,N,,,,,,,,,,Y,4,0,1,2,A,-,09,21802,A,N,D,C,A,A,H,-,A,D,0,,,Y,,Y,,A,01,0,0,1,0,0,0,0,0,1,"- ","- ",,,MONTEREY,MONTEREY,-121.86937987,36.600840040000001
8104090,2016,2016-08-22,2706,2016-08-12,1231,181,2706,5,5,4,2706,0,0,0,,0,001,"DAVID AV",LIGHTHOUSE,35.00,W,N,A,-,N,,,,,,,,,,N,3,0,1,1,A,-,08,22107,,N,F,I,A,A,H,-,A,D,0,,Y,,,Y,,L,04,0,1,0,0,0,0,1,0,0,"- ","- ",,,MONTEREY,MONTEREY,-121.90457495,36.616744300000001
8104094,2016,2016-08-22,2706,2016-08-03,2024,119,MPD,3,5,4,2706,0,0,0,,0,003,"FREMONT ST","CASA VERDE WY",200.00,E,N,A,-,N,,,,,,,,,,N,3,0,1,2,A,-,03,22350,,F,C,C,A,A,H,-,A,D,0,,,,,Y,,A,01,0,1,0,0,0,0,0,0,0,"- ","- ",,,MONTEREY,MONTEREY,-121.86202055,36.596312699999999
8104138,2016,2016-08-22,2706,2016-08-04,1507,444,MPD,4,5,4,2706,0,0,0,,0,003,"DEL MONTE AV","CASA VERDE WY",0.00,,Y,B,-,N,,,,,,,,,,N,3,0,1,2,A,-,17,21200,A,N,D,G,A,A,H,-,A,A,0,,Y,,,Y,,L,04,0,1,0,0,0,0,1,0,0,"- ","- ",,,MONTEREY,MONTEREY,-121.86659989,36.602080010000002
8104276,2016,2016-08-29,2705,2016-04-22,1528,K22959,2705,5,5,3,2705,0,0,0,,0,0208,"BROADWAY ST","S VANDERHURST AV",30.00,W,N,A,-,N,,,,,,,,,,N,4,0,1,2,A,-,03,22350,,N,C,C,A,A,H,-,A,D,0,,,,,Y,,A,01,0,0,1,0,0,0,0,0,0,"- ","- ",,,MONTEREY,"KING CITY",-121.12778514,36.212174930000003
8104280,2016,2016-08-29,2705,2016-04-21,1707,16316,8,4,5,3,2705,0,0,0,,0,002,"S MILDRED AV","REICH ST",0.00,,Y,A,-,N,,,,,,,,,,N,4,0,1,2,A,-,12,22450,A,N,G,G,A,A,H,-,A,D,0,,Y,,,Y,,L,04,0,0,1,0,0,0,1,0,0,"- ","- ",,,MONTEREY,"KING CITY",-121.12980989,36.206930110000002
8104296,2016,2016-08-29,2708,2016-04-25,1652,69054,,1,5,6,2708,0,0,0,,0,002,"ADAMS ST","TULANE ST",40.00,S,N,A,-,N,,,,,,,,,,Y,3,0,1,2,A,-,08,22107,,N,A,G,A,A,H,-,A,D,0,,Y,,,Y,,L,04,0,1,0,0,0,0,1,0,0,"- ","- ",,,MONTEREY,SALINAS,-121.66296033,36.700441259999998
8070946,2016,2016-07-05,2706,2016-06-15,0702,395,2706,3,5,4,2706,0,0,0,,0,002,"MUNRAS AV","WEBSTER ST",86.00,W,N,A,-,N,,,,,,,,,,N,4,0,2,3,A,-,03,22350,,N,C,C,A,A,H,-,A,D,0,,,,,Y,,A,07,0,0,2,0,0,0,0,0,0,"- ","- ",,,MONTEREY,MONTEREY,-121.89388211000001,36.596561229999999
8072619,2016,2016-06-29,2712,2016-06-16,1732,1073,,4,5,3,2712,0,0,0,,0,001,"IMJIN PKWY","PRESTON AV",756.00,S,N,A,-,N,,,,,,,,,,N,4,0,3,3,A,-,03,22350,,N,C,C,A,A,H,-,A,D,0,,,,,Y,,A,01,0,0,3,0,0,0,0,0,0,"- ","- ",,,MONTEREY,MARINA,-121.77241718000001,36.666830470000001
8072677,2016,2016-06-30,2712,2016-06-19,0914,1021,2712,7,5,3,2712,0,0,0,,0,001,"SEACREST AV","CARMEL AV",9.00,N,N,A,-,N,,,,,,,,,,N,4,0,1,2,A,-,12,22450,A,N,G,B,B,A,H,-,A,A,0,Y,,,,Y,,A,01,0,0,1,0,1,0,0,0,0,"- ","- ",,,MONTEREY,MARINA,-121.79858467,36.682291419999999
8072794,2016,2016-07-05,2712,2016-06-09,1456,1073,,4,5,3,2712,0,0,0,,0,001,"IMJIN PKWY","2ND AV",35.00,E,N,A,-,N,,,,,,,,,,N,4,0,1,2,A,-,12,21453,A,N,D,C,A,A,H,-,A,A,0,,,,,Y,,D,22,0,0,1,0,0,0,0,0,0,"- ","- ",,,MONTEREY,MARINA,-121.80871462,36.667734840000001
8073820,2016,2016-08-29,2704,2016-05-25,1145,7178,,3,5,3,2704,0,0,0,,0,005,"EL CAMINO REAL","STREET LIGHT POLE #1349",41.00,S,N,A,-,N,,,,,,,,,,Y,4,0,1,2,A,-,12,22451,A,N,D,D,A,A,H,-,A,D,0,,,,,Y,,D,22,0,0,1,0,0,0,0,0,0,"- ","- ",,,MONTEREY,GREENFIELD,,
8076241,2016,2016-07-12,2706,2016-06-25,2054,772,MONTE,6,5,4,2706,0,0,0,,0,001,"LIGHTHOUSE AV",DRAKE,46.00,N,N,A,-,N,,,,,,,,,,Y,3,0,6,2,A,-,01,23153,A,F,C,C,A,A,H,-,C,A,0,,,,,Y,Y,A,01,0,1,5,0,0,0,0,0,0,"- ","- ",,,MONTEREY,MONTEREY,-121.90002719,36.611555029999998
8076242,2016,2016-07-12,2706,2016-06-19,1608,505,MPD,7,5,4,2706,0,0,0,,0,002,"DEL MONTE AV","WASHINGTON ST",68.00,E,N,A,-,N,,,,,,,,,,Y,4,0,1,2,A,-,03,22350,,M,C,C,A,A,H,-,A,D,0,,,,,Y,,A,01,0,0,1,0,0,0,0,0,0,"- ","- ",,,MONTEREY,MONTEREY,-121.89212526999999,36.60059141
8115638,2016,2016-11-08,2707,2016-05-31,1830,1622,2707,2,5,3,2707,0,0,0,,0,001,"SINEX AV","19TH ST",187.00,E,N,A,-,N,,,,,,,,,,Y,3,0,1,1,A,-,08,22107,,N,A,E,A,A,H,-,A,D,0,,,,,Y,,A,07,0,1,0,0,0,0,0,0,0,"- ","- ",,,MONTEREY,"PACIFIC GROVE",-121.92210018,36.615556789999999
8115672,2016,2016-09-02,2704,2016-06-28,0529,7150,,2,5,3,2704,0,0,0,,0,,"OAK AV","4TH ST",0.00,,N,A,-,N,,,,,,,,,,N,4,0,1,2,A,-,12,22450,A,M,H,C,A,A,H,-,A,-,0,,,,,Y,,-,,0,0,1,0,0,0,0,0,0,"- ","- ",,,MONTEREY,GREENFIELD,-121.23750996,36.324120090000001
8118594,2016,2016-11-29,2711,2016-08-08,1508,3649,2711,1,5,3,2711,0,0,0,,0,002,"FRONT ST","EAST ST",10.00,N,N,A,-,N,,,,,,,,,,N,2,0,1,2,D,-,00,,,N,G,A,A,A,H,-,A,A,0,,Y,,Y,Y,,-,"- ",1,0,0,0,0,0,1,0,0,"- ","- ",,,MONTEREY,SOLEDAD,-121.32619247,36.424908119999998
8119441,2016,2016-11-10,2712,2016-08-26,2157,1062,2712,5,5,3,2712,0,0,0,,0,001,"IMJIN PW","IMJIN RD",0.00,,Y,A,-,N,,,,,,,,,,Y,4,0,1,1,A,-,01,23152,A,N,E,I,A,A,H,-,C,A,0,,,,,Y,Y,A,01,0,0,1,0,0,0,0,0,0,"- ","- ",,,MONTEREY,MARINA,-121.79136991,36.661740090000002
8119469,2016,2016-09-13,2701,2016-08-16,1435,5543,2701,2,5,2,2701,0,0,0,,0,00S,"LINCOLN ST",7TH,44.00,N,N,A,-,N,,,,,,,,,,N,4,0,1,2,A,-,21,22106,,N,G,B,F,A,H,-,A,D,0,Y,,Y,,Y,,C,06,0,0,1,0,1,0,0,0,0,"- ","- ",,,MONTEREY,CARMEL,-121.92355907,36.553910889999997
8093331,2016,2016-07-28,2708,2016-06-25,1429,07904,,6,5,6,2708,0,0,0,,0,011,"GARNER AV","ATLANTIC ST",145.00,W,N,A,-,N,,,,,,,,,,N,4,0,1,2,A,-,09,21801,A,N,A,G,A,A,-,-,-,D,0,,Y,,,Y,,A,01,0,0,1,0,0,0,1,0,0,"- ","- ",,,MONTEREY,SALINAS,-121.61751563,36.688970759999997
8093332,2016,2016-07-29,2708,2016-06-14,1740,34245,,2,5,6,2708,0,0,0,,0,003,"BORONDA RD","NATIVIDAD RD",1000.00,E,N,A,-,N,,,,,,,,,,N,4,0,2,2,A,-,04,21703,,N,C,C,A,A,H,-,A,A,0,,,,,Y,,A,01,0,0,2,0,0,0,0,0,0,"- ","- ",,,MONTEREY,SALINAS,-121.62012051000001,36.715304109999998
8093335,2016,2016-08-01,2708,2016-06-26,1639,18945,,7,5,6,2708,0,0,0,,0,008,"JOHN ST","PAJARO ST",0.00,,Y,A,-,N,,,,,,,,,,Y,4,0,3,2,A,-,12,21453,A,N,A,C,A,A,H,-,A,A,0,,,,,Y,,A,01,0,0,3,0,0,0,0,0,0,"- ","- ",,,MONTEREY,SALINAS,-121.65220988,36.670500060000002
8093336,2016,2016-07-29,2708,2016-06-16,1827,19973,,4,5,6,2708,0,0,0,,0,,"EAST BORONDA RD","MCKINNON ST",25.00,E,N,A,-,N,,,,,,,,,,Y,2,0,1,2,A,-,03,22350,,N,C,C,A,A,H,-,A,D,0,,,,,Y,,A,01,1,0,0,0,0,0,0,0,0,"- ","- ",,,MONTEREY,SALINAS,-121.64357646000001,36.717056079999999
8093340,2016,2016-07-29,2708,2016-06-09,1813,,TARS,4,5,6,2708,0,0,0,,0,,"ALISAL ST","LINCOLN AV",0.00,,Y,A,-,N,,,,,,,,,,N,4,0,1,2,A,-,12,21453,A,N,D,C,A,A,H,-,A,A,0,,,,,Y,Y,A,01,0,0,1,0,0,0,0,0,0,"- ","- ",,,MONTEREY,SALINAS,-121.65684994999999,36.673520089999997
8093344,2016,2016-07-29,2708,2016-06-02,1657,04125,,4,5,6,2708,0,0,0,,0,,"CHEROKEE DR","DURAN ST",0.00,,Y,A,-,N,,,,,,,,,,Y,4,0,2,2,A,-,09,21802,A,N,A,C,A,A,H,-,A,D,0,,,,,Y,,A,01,0,0,2,0,0,0,0,0,0,"- ","- ",,,MONTEREY,SALINAS,-121.66209997999999,36.709960070000001
8093347,2016,2016-07-29,2708,2016-06-14,0011,34725,,2,5,6,2708,0,0,0,,0,012,"ALISAL RD","TOWT ST",680.00,E,N,A,-,N,,,,,,,,,,N,3,0,1,4,A,-,08,22107,,N,C,E,A,A,H,-,C,D,0,,,,,Y,,A,01,0,1,0,0,0,0,0,0,0,"- ","- ",,,MONTEREY,SALINAS,-121.62092721,36.672238929999999
8093348,2016,2016-07-29,2708,2016-06-19,1918,30433,,7,5,6,2708,0,0,0,,0,012,"TOWT ST","ALMA AV",0.00,,Y,A,-,N,,,,,,,,,,Y,4,0,2,2,A,-,09,21802,A,N,D,C,A,A,H,-,A,D,0,,,,,Y,,A,01,0,0,2,0,0,0,0,0,0,"- ","- ",,,MONTEREY,SALINAS,-121.61272992000001,36.68202007
8093352,2016,2016-07-29,2708,2016-06-14,1842,34245,,2,5,6,2708,0,0,0,,0,009,"ROMIE LN","PAJARO ST",0.00,,Y,A,-,N,,,,,,,,,,Y,4,0,1,2,A,-,12,21453,A,N,D,C,A,A,H,-,A,A,0,,,,,Y,,A,01,0,0,1,0,0,0,0,0,0,"- ","- ",,,MONTEREY,SALINAS,-121.65522,36.662040009999998
8093355,2016,2016-07-29,2708,2016-06-23,1818,04125,,4,5,6,2708,0,0,0,,0,008,"MARKET ST","FRONT ST",0.00,,Y,A,-,N,,,,,,,,,,Y,4,0,1,2,A,-,07,21658,A,N,B,C,A,A,H,-,A,D,0,,,,,Y,,D,22,0,0,1,0,0,0,0,0,0,"- ","- ",,,MONTEREY,SALINAS,-121.6529199,36.677790010000002
8093356,2016,2016-07-28,2708,2016-06-19,1616,71595,,7,5,6,2708,0,0,0,,0,,SANBORN,"GARNER AV",75.00,N,N,A,-,N,,,,,,,,,,N,3,0,1,2,A,-,11,21954,A,N,G,B,D,A,-,-,A,D,0,Y,,,,Y,Y,N,60,0,1,0,0,1,0,0,0,0,"- ","- ",,,MONTEREY,SALINAS,-121.61492994,36.686327609999999
8093360,2016,2016-07-29,2708,2016-06-05,1842,18945,,7,5,6,2708,0,0,0,,0,008,"MARKET ST","MERCED ST",0.00,,Y,A,-,N,,,,,,,,,,Y,4,0,1,3,A,-,09,21802,A,N,A,D,A,A,H,-,A,D,0,,,,,Y,,A,01,0,0,1,0,0,0,0,0,0,"- ","- ",,,MONTEREY,SALINAS,-121.64231989,36.678110060000002
8093504,2016,2016-08-10,2706,2016-07-16,1453,428,MPD,6,5,4,2706,0,0,0,,0,002,"LIGHTHOUSE AV","SB TNNL",0.00,,-,B,-,N,,,,,,,,,,N,4,0,1,2,A,-,03,22350,,N,C,C,A,A,H,-,A,D,0,,,,,Y,,D,22,0,0,1,0,0,0,0,0,0,"- ","- ",,,MONTEREY,MONTEREY,,
8093546,2016,2016-08-01,2706,2016-07-16,1521,428,2706,6,5,4,2706,0,0,0,,0,002,"ABREGO ST","FREMONT ST",22.00,N,N,B,-,N,,,,,,,,,,N,4,0,1,2,A,-,09,21804,A,N,B,C,A,A,H,-,A,A,0,,,Y,,Y,,C,03,0,0,1,0,0,0,0,0,0,"- ","- ",,,MONTEREY,MONTEREY,-121.89217331,36.5953102
8093550,2016,2016-08-01,2706,2016-07-19,1746,142,MPD,2,5,4,2706,0,0,0,,0,001,"CLAY ST","FRANKLIN ST",0.00,,Y,A,-,N,,,,,,,,,,N,4,0,1,2,A,-,09,21802,A,N,D,C,A,A,H,-,A,D,0,,,,,Y,,A,01,0,0,1,0,0,0,0,0,0,"- ","- ",,,MONTEREY,MONTEREY,-121.90213989999999,36.601680080000001
8093554,2016,2016-08-01,2706,2016-07-17,1843,234,,7,5,4,2706,0,0,0,,0,001,LIGHTHOUSE,PACIFIC,0.00,,Y,B,-,N,,,,,,,,,,Y,3,0,1,1,A,-,01,23152,,N,E,I,A,A,H,-,A,D,0,,,,,Y,Y,A,01,0,1,0,0,0,0,0,0,0,"- ","- ",,,MONTEREY,MONTEREY,-121.92272988000001,36.623440080000002
8093558,2016,2016-08-01,2706,2016-07-12,1726,810,MPD,2,5,4,2706,0,0,0,,0,001,"PRESCOTT AV","LOTTIE ST",32.00,E,N,A,-,N,,,,,,,,,,N,4,0,2,4,A,-,03,22350,,N,C,C,A,A,H,-,A,D,0,,,,,Y,,A,08,0,0,2,0,0,0,0,0,0,"- ","- ",,,MONTEREY,MONTEREY,-121.91611029000001,36.607299980000001
8093822,2016,2016-07-26,2706,2016-06-26,0208,608,2706,7,5,4,2706,0,0,0,,0,002,"DEL MONTE","WASHINGTON ST",180.00,E,N,A,-,N,,,,,,,,,,Y,4,0,1,1,A,-,03,22350,A,F,A,I,A,A,H,-,C,A,0,,,,,Y,Y,A,01,0,0,1,0,0,0,0,0,0,"- ","- ",,,MONTEREY,MONTEREY,-121.89175075,36.600532459999997
8094190,2016,2016-08-01,2708,2016-05-07,0448,18355,2708,6,5,6,2708,0,0,0,,0,009,"BRUNKEN AV","MALARIN ST",500.00,S,N,A,-,N,,,,,,,,,,N,3,0,1,2,A,-,21,22106,,F,H,A,A,A,H,-,C,D,0,,,,,Y,,-,,0,1,0,0,0,0,0,0,0,"- ","- ",,,MONTEREY,SALINAS,-121.63885223,36.66216489
8094202,2016,2016-08-01,2708,2016-05-04,0457,42636,,3,5,6,2708,0,0,0,,0,010,"EAST ALISAL ST","HOLADAY AV",32.00,W,N,A,-,N,,,,,,,,,,N,2,0,1,2,A,-,11,21954,A,N,G,B,D,A,H,-,C,A,0,Y,,,,Y,,N,60,1,0,0,0,1,0,0,0,0,"- ","- ",,,MONTEREY,SALINAS,-121.62910828,36.673060990000003
8094206,2016,2016-08-01,2708,2016-05-29,0353,53268,,7,5,6,2708,0,0,0,,0,012,"WILLIAMS RD","FREEDOM PKWY",1056.00,S,N,A,-,N,,,,,,,,,,,3,0,1,4,A,-,08,22107,,M,D,E,A,A,-,-,C,D,0,,,,,Y,,-,,0,1,0,0,0,0,0,0,0,"- ","- ",,,MONTEREY,SALINAS,-121.59960398,36.683903780000001
8094210,2016,2016-08-01,2708,2016-05-31,1451,57533,,2,5,6,2708,0,0,0,,0,008,"SALINAS ST","WEST SAN LUIS ST",90.00,S,N,A,-,N,,,,,,,,,,N,4,0,1,2,A,-,04,21703,,N,C,C,A,A,H,-,A,D,0,,,,,Y,,-,,0,0,1,0,0,0,0,0,0,"- ","- ",,,MONTEREY,SALINAS,-121.65559664,36.671568069999999
8094219,2016,2016-08-01,2710,2016-05-19,1511,40397,,4,5,4,2710,0,0,0,,0,001,"HILBY AV","SHAFER ST",22.00,E,N,A,-,N,,,,,,,,,,Y,3,0,2,4,A,-,08,22107,,N,B,C,A,A,H,-,A,D,0,,,,,Y,,A,01,0,2,0,0,0,0,0,0,0,"- ","- ",,,MONTEREY,SEASIDE,-121.84279506,36.602488460000004
8094235,2016,2016-08-15,2710,2016-05-23,1555,40394,,1,5,4,2710,0,0,0,,0,,"HILBY AV","WHEELER ST",37.00,E,N,A,-,N,,,,,,,,,,Y,4,0,1,2,A,-,04,21703,,N,C,C,A,A,H,-,A,D,0,,,,,Y,,-,,0,0,1,0,0,0,0,0,0,"- ","- ",,,MONTEREY,SEASIDE,-121.84536394,36.602538250000002
8104314,2016,2016-08-26,2706,2016-07-26,1654,142,,2,5,4,2706,0,0,0,,0,001,"HAWTHORNE ST","IRVING AV",19.00,S,N,B,-,N,,,,,,,,,,Y,4,0,2,2,A,-,09,21802,A,N,D,C,A,A,H,-,A,D,0,,,,,Y,,A,01,0,0,2,0,0,0,0,0,0,"- ","- ",,,MONTEREY,MONTEREY,-121.90445371,36.615306760000003
8106337,2016,2016-10-19,2705,2016-04-12,1801,K23331,,2,5,3,2705,0,0,0,,0,SALINA,"SOUTH 1ST ST","UNION RD",195.00,S,N,A,-,N,,,,,,,,,,Y,4,0,1,3,A,-,03,22350,,N,B,C,A,A,E,-,A,D,0,,,,,Y,,D,22,0,0,1,0,0,0,0,0,0,"- ","- ",,,MONTEREY,"KING CITY",,
8106341,2016,2016-08-26,2705,2016-04-14,2156,K23331,2705,4,5,3,2705,0,0,0,,0,0203,"SANDOWN ST","SANDRINGHAM ST",137.00,S,N,A,-,N,,,,,,,,,,Y,4,0,1,3,A,-,01,23152,A,M,A,E,A,A,H,-,C,D,0,,,,,Y,,A,01,0,0,1,0,0,0,0,0,0,"- ","- ",,,MONTEREY,"KING CITY",-121.13814352,36.21508103
8106365,2016,2016-10-11,2705,2016-04-19,1831,K23127,2705,2,5,3,2705,0,0,0,,0,03102,"WENTWORTH ST","WINDSOR ST",197.00,W,N,A,-,N,,,,,,,,,,N,3,0,1,2,A,-,08,22107,,N,B,E,A,A,H,-,A,D,0,,,Y,,Y,,C,06,0,1,0,0,0,0,0,0,1,"- ","- ",,,MONTEREY,"KING CITY",-121.13655285,36.213007859999998