CASE_ID,ACCIDENT_YEAR,PROC_DATE,JURIS,COLLISION_DATE,COLLISION_TIME,OFFICER_ID,REPORTING_DISTRICT,DAY_OF_WEEK,CHP_SHIFT,POPULATION,CNTY_CITY_LOC,SPECIAL_COND,BEAT_TYPE,CHP_BEAT_TYPE,CITY_DIVISION_LAPD,CHP_BEAT_CLASS,BEAT_NUMBER,PRIMARY_RD,SECONDARY_RD,DISTANCE,DIRECTION,INTERSECTION,WEATHER_1,WEATHER_2,STATE_HWY_IND,CALTRANS_COUNTY,CALTRANS_DISTRICT,STATE_ROUTE,ROUTE_SUFFIX,POSTMILE_PREFIX,POSTMILE,LOCATION_TYPE,RAMP_INTERSECTION,SIDE_OF_HWY,TOW_AWAY,COLLISION_SEVERITY,NUMBER_KILLED,NUMBER_INJURED,PARTY_COUNT,PRIMARY_COLL_FACTOR,PCF_CODE_OF_VIOL,PCF_VIOL_CATEGORY,PCF_VIOLATION,PCF_VIOL_SUBSECTION,HIT_AND_RUN,TYPE_OF_COLLISION,MVIW,PED_ACTION,ROAD_SURFACE,ROAD_COND_1,ROAD_COND_2,LIGHTING,CONTROL_DEVICE,CHP_ROAD_TYPE,PEDESTRIAN_ACCIDENT,BICYCLE_ACCIDENT,MOTORCYCLE_ACCIDENT,TRUCK_ACCIDENT,NOT_PRIVATE_PROPERTY,ALCOHOL_INVOLVED,STWD_VEHTYPE_AT_FAULT,CHP_VEHTYPE_AT_FAULT,COUNT_SEVERE_INJ,COUNT_VISIBLE_INJ,COUNT_COMPLAINT_PAIN,COUNT_PED_KILLED,COUNT_PED_INJURED,COUNT_BICYCLIST_KILLED,COUNT_BICYCLIST_INJURED,COUNT_MC_KILLED,COUNT_MC_INJURED,PRIMARY_RAMP,SECONDARY_RAMP,LATITUDE,LONGITUDE,COUNTY,CITY,POINT_X,POINT_Y
8106405,2016,2016-08-29,2708,2016-07-14,1631,54440,,4,5,6,2708,0,0,0,,0,,"HARDEN PKWY","REGENCY CIR",428.00,W,N,A,-,N,,,,,,,,,,Y,4,0,1,2,A,-,03,22350,,N,C,J,A,A,H,-,A,D,0,,,,,Y,,-,,0,0,1,0,0,0,0,0,0,"- ","- ",,,MONTEREY,SALINAS,-121.65069099999999,36.713679300000003
8106483,2016,2016-08-19,2708,2016-07-09,1936,04125,,6,5,6,2708,0,0,0,,0,012,"JOHN ST","JOHN CIR",87.00,N,N,A,-,N,,,,,,,,,,Y,2,0,3,3,A,-,03,22350,A,F,C,C,A,A,H,-,A,D,0,,,,,Y,,-,,1,0,2,0,0,0,0,0,0,"- ","- ",,,MONTEREY,SALINAS,-121.62014821,36.671675360000002
8106487,2016,2016-08-19,2708,2016-07-11,1108,07904,,1,5,6,2708,0,0,0,,0,002,"NORTH MAIN ST","MADRID ST",0.00,,Y,A,-,N,,,,,,,,,,Y,4,0,2,2,A,-,12,21453,A,N,D,C,A,A,H,-,A,A,0,,,,,Y,,-,,0,0,2,0,0,0,0,0,0,"- ","- ",,,MONTEREY,SALINAS,-121.65468988000001,36.713270059999999
8106491,2016,2016-10-13,2708,2016-07-16,2042,04125,,6,5,6,2708,0,0,0,,0,001,"SAN JUAN GRADE RD",".8 MILE MARKER ON SAN JUAN GRADE",15.00,N,N,A,-,N,,,,,,,,,,Y,2,0,2,2,A,-,01,23153,A,F,A,-,A,A,H,-,B,D,0,,,,,Y,,-,,1,0,1,0,0,0,0,0,0,"- ","- ",,,MONTEREY,SALINAS,,
8106495,2016,2016-08-19,2708,2016-07-16,1811,74686,,6,5,6,2708,0,0,0,,0,,"DENNIS AV","BARDIN RD",750.00,S,N,B,-,N,,,,,,,,,,,4,0,1,2,A,-,09,21804,A,N,B,C,A,A,H,-,A,A,0,,,,,Y,,-,,0,0,1,0,0,0,0,0,0,"- ","- ",,,MONTEREY,SALINAS,-121.60722102,36.676313219999997
8106499,2016,2016-08-19,2708,2016-07-07,1549,34245,,4,5,6,2708,0,0,0,,0,005,"EAST LAUREL DR","BOLERO AV",0.00,,Y,A,-,N,,,,,,,,,,Y,3,0,2,2,A,-,03,22350,,N,D,C,A,A,H,-,A,A,0,,,,,Y,,-,,0,2,0,0,0,0,0,0,0,"- ","- ",,,MONTEREY,SALINAS,-121.63872995,36.696430069999998
8106503,2016,2016-08-19,2708,2016-07-09,2235,19595,,6,5,6,2708,0,0,0,,0,008,"EAST MARKET ST","PEACH DR",200.00,W,N,A,-,N,,,,,,,,,,N,4,0,1,2,A,-,03,22350,A,N,C,C,A,A,H,-,C,D,0,,,,,Y,,-,,0,0,1,0,0,0,0,0,0,"- ","- ",,,MONTEREY,SALINAS,-121.64824204,36.678605789999999
8106507,2016,2016-08-19,2708,2016-07-16,2350,42636,,6,5,6,2708,0,0,0,,0,010,"EAST ALISAL","SOUTH FILICE",0.00,,Y,A,-,N,,,,,,,,,,Y,2,0,2,2,A,-,09,21802,A,N,D,C,A,A,H,-,C,A,0,,,,,Y,Y,-,,1,0,1,0,0,0,0,0,0,"- ","- ",,,MONTEREY,SALINAS,-121.63037987,36.673190009999999
8106512,2016,2016-08-19,2708,2016-07-23,1454,58340,,6,5,6,2708,0,0,0,,0,008,"EAST ALISAL ST","WORK ST",0.00,,Y,A,-,N,,,,,,,,,,Y,3,0,3,2,A,-,12,21453,A,N,D,C,A,A,H,-,A,A,0,,,,,Y,,A,01,0,1,2,0,0,0,0,0,0,"- ","- ",,,MONTEREY,SALINAS,-121.6433899,36.67449002
8106516,2016,2016-08-19,2708,2016-07-22,1921,30433,,5,5,6,2708,0,0,0,,0,012,"WILLIAMS RD","EAST MARKET ST",50.00,N,N,A,-,N,,,,,,,,,,Y,4,0,1,2,A,-,07,21658,A,N,D,C,A,A,H,-,A,D,0,,,,,Y,,A,01,0,0,1,0,0,0,0,0,0,"- ","- ",,,MONTEREY,SALINAS,-121.61492004,36.67515847
8106519,2016,2016-08-19,2708,2016-07-10,1615,49986,,7,5,6,2708,0,0,0,,0,011,"LAS CASITAS DR","RANCHERO DR",0.00,,Y,A,-,N,,,,,,,,,,Y,2,0,1,2,D,-,00,,,N,D,G,A,A,H,-,A,A,0,,Y,,,Y,,-,"- ",1,0,0,0,0,0,1,0,0,"- ","- ",,,MONTEREY,SALINAS,-121.61378994,36.695120029999998
8106523,2016,2016-08-19,2708,2016-07-22,0056,25182,,5,5,6,2708,0,0,0,,0,003,"NATIVIDAD RD","LOS COCHES AV",100.00,N,N,A,-,N,,,,,,,,,,Y,4,0,1,1,A,-,01,23152,A,N,A,I,A,A,H,-,C,D,0,,,,,Y,Y,-,,0,0,1,0,0,0,0,0,0,"- ","- ",,,MONTEREY,SALINAS,-121.62734772,36.70724508
8106527,2016,2016-08-19,2708,2016-07-10,1524,07904,,7,5,6,2708,0,0,0,,0,002,"NORTH MAIN ST","WEST CURTIS ST",163.00,S,N,A,-,N,,,,,,,,,,N,4,0,1,2,A,-,03,22350,,N,C,C,A,A,H,-,A,D,0,,,,,Y,,-,,0,0,1,0,0,0,0,0,0,"- ","- ",,,MONTEREY,SALINAS,-121.65241376,36.701346430000001
8106531,2016,2016-08-19,2708,2016-07-02,2136,06240,,6,5,6,2708,0,0,0,,0,008,"EAST LAKE ST","NORTH MAIN ST",40.00,E,N,A,-,N,,,,,,,,,,Y,4,0,1,3,A,-,03,22350,,M,B,E,A,A,H,-,D,D,0,,,,,Y,,-,,0,0,1,0,0,0,0,0,0,"- ","- ",,,MONTEREY,SALINAS,-121.65432366,36.67984852
8106536,2016,2016-08-19,2708,2016-07-20,1417,19003,,3,5,6,2708,0,0,0,,0,009,"SOUTH SANBORN RD",ABBOTT,528.00,N,N,A,-,N,,,,,,,,,,N,4,0,1,2,A,-,08,22102,,N,D,C,A,A,H,-,A,D,0,,,,,Y,,-,,0,0,1,0,0,0,0,0,0,"- ","- ",,,MONTEREY,SALINAS,-121.6349742,36.658521720000003
8106544,2016,2016-08-19,2708,2016-07-21,1514,34245,,4,5,6,2708,0,0,0,,0,010,"EAST MARKET ST","KINGS ST",95.00,E,N,A,-,N,,,,,,,,,,Y,4,0,6,3,A,-,04,21703,,N,C,C,A,A,H,-,A,A,0,,,,,Y,,-,,0,0,6,0,0,0,0,0,0,"- ","- ",,,MONTEREY,SALINAS,-121.63870823000001,36.677249359999998
8106548,2016,2016-08-19,2708,2016-07-21,1726,49014,,4,5,6,2708,0,0,0,,0,,"DAVIS RD","LEMOS DR",30.00,N,N,A,-,N,,,,,,,,,,Y,4,0,1,2,A,-,03,22350,,N,C,C,A,A,H,-,A,D,0,,,,,Y,,-,,0,0,1,0,0,0,0,0,0,"- ","- ",,,MONTEREY,SALINAS,-121.67857146999999,36.674427600000001
8106552,2016,2016-08-19,2708,2016-07-21,2246,34725,,4,5,6,2708,0,0,0,,0,005,"EAST BERNAL DR","NORTH MAIN ST",30.00,E,N,A,-,N,,,,,,,,,,N,4,0,2,2,A,-,03,22350,,N,C,C,A,A,H,-,C,A,0,,,,,Y,,-,,0,0,2,0,0,0,0,0,0,"- ","- ",,,MONTEREY,SALINAS,-121.65217783999999,36.689965229999999
8106556,2016,2016-08-19,2708,2016-07-28,0617,16258,SALIN,4,5,6,2708,0,0,0,,0,002,"HARDEN PKWY","NORTH MAIN ST",805.00,E,N,B,E,N,,,,,,,,,,Y,4,0,1,2,A,-,17,21461,A,N,A,C,A,B,H,-,B,A,0,,,,,Y,,-,,0,0,1,0,0,0,0,0,0,"- ","- ",,,MONTEREY,SALINAS,-121.6518147,36.713576850000003
8106560,2016,2016-08-19,2708,2016-07-23,1737,69054,,6,5,6,2708,0,0,0,,0,002,"HARDEN PKWY",REGENCY,0.00,,Y,A,-,N,,,,,,,,,,N,3,0,1,2,A,-,10,21950,A,F,G,B,B,A,H,-,A,D,0,Y,,,,Y,,-,,0,1,0,0,1,0,0,0,0,"- ","- ",,,MONTEREY,SALINAS,-121.64925986,36.71347008
8119509,2016,2016-09-13,2701,2016-08-10,1734,5549,2701,3,5,2,2701,0,0,0,,0,00S,"CAMINO REAL","11TH AV",0.00,,Y,B,-,N,,,,,,,,,,N,3,0,1,3,A,-,11,21950,B,N,G,B,B,A,H,-,A,A,0,Y,,,,Y,,N,60,0,1,0,0,1,0,0,0,0,"- ","- ",,,MONTEREY,CARMEL,-121.9260999,36.548840079999998
8122356,2016,2016-09-16,2706,2016-09-02,2123,896,MPD,5,5,4,2706,0,0,0,,0,002,"MUNRAS AV","ALAMEDA ST",0.00,,Y,A,-,N,,,,,,,,,,N,3,0,1,2,A,-,09,21804,A,N,A,G,A,A,H,-,C,A,0,,Y,,,Y,,D,22,0,1,0,0,0,0,1,0,0,"- ","- ",,,MONTEREY,MONTEREY,-121.89792989,36.588700099999997
8122364,2016,2016-09-16,2706,2016-09-06,0858,181,2706,2,5,4,2706,0,0,0,,0,003,"DEL MONTE AV","ENGLISH AV",0.00,,Y,A,-,N,,,,,,,,,,N,4,0,1,2,A,-,03,22350,,N,C,C,A,A,H,-,A,D,0,,,,,Y,,D,22,0,0,1,0,0,0,0,0,0,"- ","- ",,,MONTEREY,MONTEREY,-121.86071986,36.604820089999997
8122368,2016,2016-09-16,2706,2016-08-30,0737,031,MPD,2,5,4,2706,0,0,0,,0,001,"PACIFIC ST","SCOTT ST",0.00,,Y,A,-,N,,,,,,,,,,N,4,0,1,2,A,-,10,21950,A,N,A,G,A,A,H,-,A,A,0,,Y,,,Y,,D,22,0,0,1,0,0,0,1,0,0,"- ","- ",,,MONTEREY,MONTEREY,-121.89536997,36.603180070000001
8122411,2016,2016-09-15,2706,2016-08-31,1149,250,MPD,3,5,4,2706,0,0,0,,0,002,"PACIFIC ST","FRANKLIN ST",0.00,,Y,A,-,N,,,,,,,,,,Y,4,0,3,2,A,-,09,21801,A,N,A,C,A,A,H,-,A,A,0,,,,,Y,,A,01,0,0,3,0,0,0,0,0,0,"- ","- ",,,MONTEREY,MONTEREY,-121.89580997,36.60019011
8123104,2016,2016-09-19,2706,2016-09-06,1734,635,MPD,2,5,4,2706,0,0,0,,0,003,"NORTH FREMONT ST","RAMONA AV",95.00,E,N,A,-,N,,,,,,,,,,N,4,0,2,2,A,-,03,22350,,N,C,C,A,A,H,-,A,D,0,,,,,Y,,A,07,0,0,2,0,0,0,0,0,0,"- ","- ",,,MONTEREY,MONTEREY,-121.85594204,36.597258920000002
8123108,2016,2016-09-16,2706,2016-09-10,1520,250,2706,6,5,4,2706,0,0,0,,0,001,"HAWTHORNE ST","MCCLELLAN AV",0.00,,Y,A,-,N,,,,,,,,,,Y,4,0,2,2,A,-,09,21802,A,N,A,C,A,A,H,-,A,D,0,,,,,Y,,A,07,0,0,2,0,0,0,0,0,0,"- ","- ",,,MONTEREY,MONTEREY,-121.90168996,36.612040049999997
8123145,2016,2017-02-14,2710,2016-06-24,0756,40394,,5,5,4,2710,0,0,0,,0,,"CANYON DEL REY BL","DEL MONTE BL",50.00,W,N,B,-,Y,MON,5,218,-,L,0.249,H,-,E,Y,4,0,1,3,A,-,03,22350,,N,C,C,A,A,H,-,A,A,0,,,,,Y,,D,22,0,0,1,0,0,0,0,0,0,"- ","- ",,,MONTEREY,SEASIDE,-121.8559619,36.60756945
8123149,2016,2016-11-17,2710,2016-06-25,1408,40394,,6,5,4,2710,0,0,0,,0,,"LA SALLE AV","FREMONT BL",167.00,W,N,A,-,N,,,,,,,,,,N,3,0,1,2,A,-,"- ",,,N,D,G,A,A,H,-,A,D,0,,Y,,,Y,,-,"- ",0,1,0,0,0,0,1,0,0,"- ","- ",,,MONTEREY,SEASIDE,-121.84231427,36.616918329999997
8123443,2016,2016-09-19,2710,2016-07-28,1608,33762,,4,5,4,2710,0,0,0,,0,02A,"FREMONT BL","PALM AV",5.00,N,N,A,-,N,,,,,,,,,,N,3,0,1,2,A,-,08,21717,,N,G,G,A,A,H,-,A,D,0,,Y,,,Y,,L,04,0,1,0,0,0,0,1,0,0,"- ","- ",,,MONTEREY,SEASIDE,-121.84604314000001,36.608412569999999
8123447,2016,2016-09-19,2710,2016-07-20,1638,40398,,3,5,4,2710,0,0,0,,0,,"NOCHE BUENA ST","TRINITY AV",0.00,,Y,A,-,N,,,,,,,,,,Y,4,0,1,2,A,-,09,21802,A,N,A,C,A,A,H,-,A,A,0,,,,,Y,,A,01,0,0,1,0,0,0,0,0,0,"- ","- ",,,MONTEREY,SEASIDE,-121.83784996999999,36.604610010000002
8123467,2016,2016-09-19,2710,2016-07-05,1511,36403,,2,5,4,2710,0,0,0,,0,,"NORMANDY RD","CHAPEL RD",0.00,,Y,A,-,N,,,,,,,,,,Y,4,0,1,2,A,-,12,22450,A,N,C,C,A,A,H,-,A,A,0,,,,,Y,,A,01,0,0,1,0,0,0,0,0,0,"- ","- ",,,MONTEREY,SEASIDE,-121.80788991999999,36.637260050000002
8106640,2016,2016-08-19,2708,2016-07-22,2216,54440,,5,5,6,2708,0,0,0,,0,005,"CHAPARRAL ST","NATIVIDAD RD",0.00,,Y,A,-,N,,,,,,,,,,Y,4,0,1,2,A,-,12,21453,A,F,D,D,A,A,H,-,C,A,0,,,,,Y,Y,-,,0,0,1,0,0,0,0,0,0,"- ","- ",,,MONTEREY,SALINAS,-121.63451990999999,36.700130029999997
8106889,2016,2017-02-18,2708,2016-06-26,1153,35715,,7,5,6,2708,0,0,0,,0,001,"BORONDA RD","RT 101",0.00,,Y,A,-,Y,MON,5,101,-,R,90.719,R,4,N,Y,4,0,1,2,A,-,04,21703,,N,C,C,A,A,H,-,A,D,0,,,,,Y,,-,,0,0,1,0,0,0,0,0,0,"- ","- ",,,MONTEREY,SALINAS,-121.66080946,36.7178574
8106893,2016,2016-08-19,2708,2016-06-30,1913,76997,2708,4,5,6,2708,0,0,0,,0,002,"NORTH MAIN ST","HARDEN PKWY",600.00,S,N,A,-,N,,,,,,,,,,N,4,0,1,2,A,-,09,21804,A,N,D,C,A,A,H,-,A,A,0,,,,,Y,,-,,0,0,1,0,0,0,0,0,0,"- ","- ",,,MONTEREY,SALINAS,-121.65422014000001,36.71166084
8106901,2016,2016-08-19,2708,2016-06-30,0747,49986,,4,5,6,2708,0,0,0,,0,012,"WILLIAMS RD","ALMA AV",35.00,N,N,B,-,N,,,,,,,,,,N,4,0,1,2,A,-,21,22106,,N,G,B,D,A,H,-,A,D,0,Y,,,,Y,,-,,0,0,1,0,1,0,0,0,0,"- ","- ",,,MONTEREY,SALINAS,-121.60936254000001,36.678325530000002
8106905,2016,2016-08-19,2708,2016-06-29,2017,4125,,3,5,6,2708,0,0,0,,0,008,"SALINAS ST","WEST SAN LUIS ST",0.00,,Y,A,-,N,,,,,,,,,,Y,4,0,1,2,A,-,12,21453,A,F,D,C,A,A,H,-,A,A,0,,,,,Y,,-,,0,0,1,0,0,0,0,0,0,"- ","- ",,,MONTEREY,SALINAS,-121.65565992000001,36.671810069999999
8107330,2016,2016-08-22,2708,2016-07-01,2123,08323,,5,5,6,2708,0,0,0,,0,011,"NORTH SANBORN RD","FREEDOM PKWY",0.00,,Y,A,-,N,,,,,,,,,,Y,4,0,4,2,A,-,12,21453,A,N,D,C,A,A,H,-,C,A,0,,,,,Y,,-,,0,0,4,0,0,0,0,0,0,"- ","- ",,,MONTEREY,SALINAS,-121.60134986,36.692130040000002
8107360,2016,2016-08-23,2708,2016-07-11,1701,54440,,1,5,6,2708,0,0,0,,0,006,"NORTH DAVIS RD","POST DR",0.00,,Y,A,-,N,,,,,,,,,,Y,4,0,1,2,A,-,12,21453,A,N,D,C,A,A,H,-,A,A,0,,,,,Y,,-,,0,0,1,0,0,0,0,0,0,"- ","- ",,,MONTEREY,SALINAS,-121.66875994999999,36.696070050000003
8107551,2016,2017-02-24,2708,2016-07-01,0035,19735,SPD,5,5,6,2708,0,0,0,,0,001,"BORONDA RD","RT 101",25.00,W,N,A,-,Y,MON,5,101,-,R,90.719,R,4,N,Y,4,0,5,3,A,-,01,23152,A,N,C,C,A,A,H,-,C,A,0,,,,,Y,Y,-,,0,0,5,0,0,0,0,0,0,"- ",WF,,,MONTEREY,SALINAS,-121.66080946,36.7178574
8107555,2016,2017-02-24,2708,2016-07-16,1316,56793,,6,5,6,2708,0,0,0,,0,008,"W MARKET","STATION PL",0.00,,Y,A,-,Y,MON,5,183,-,-,0.850,I,5,N,N,4,0,1,2,A,-,04,21703,,N,C,C,A,A,H,-,A,A,0,,,,,Y,,D,22,0,0,1,0,0,0,0,0,0,"- ","- ",,,MONTEREY,SALINAS,-121.65857564,36.678528540000002
8107563,2016,2016-09-27,2708,2016-07-18,1129,71633,SALIN,1,5,6,2708,0,0,0,,0,006,"NORTH MAIN ST","CASENTINI ST",540.00,S,N,A,-,N,,,,,,,,,,Y,4,0,1,2,A,-,03,22350,A,N,C,C,A,A,H,-,A,A,0,,,,,Y,,-,,0,0,1,0,0,0,0,0,0,"- ","- ",,,MONTEREY,SALINAS,-121.65336041,36.682869580000002
8107587,2016,2016-08-22,2705,2016-05-17,1906,K23127,2705,2,5,3,2705,0,0,0,,0,0103,"N VANDERHURST AV","KING ST",201.00,N,N,A,-,N,,,,,,,,,,N,4,0,1,2,A,-,10,21950,A,N,H,B,D,A,H,-,A,D,0,Y,,,,Y,,A,01,0,0,1,0,1,0,0,0,0,"- ","- ",,,MONTEREY,"KING CITY",-121.13220735,36.21752583
8107591,2016,2016-08-22,2708,2016-05-14,1910,31945,,6,5,6,2708,0,0,0,,0,003,"LESLIE DR","NATIVIDAD RD",0.00,,Y,A,-,N,,,,,,,,,,N,4,0,2,2,A,-,03,22350,,F,C,C,A,A,H,-,A,D,0,,,,,Y,,-,,0,0,2,0,0,0,0,0,0,"- ","- ",,,MONTEREY,SALINAS,-121.62979998,36.70482011
8107655,2016,2016-08-22,2708,2016-07-20,1813,54372,,3,5,6,2708,0,0,0,,0,012,"BARDIN RD","CROSS AV",0.00,,Y,A,-,N,,,,,,,,,,Y,4,0,1,2,A,-,09,21802,A,N,B,C,A,A,H,-,A,D,0,,,,,Y,,-,,0,0,1,0,0,0,0,0,0,"- ","- ",,,MONTEREY,SALINAS,-121.60613993,36.67867012
8107659,2016,2016-08-22,2708,2016-07-12,1831,30350,,2,5,6,2708,0,0,0,,0,001,"SAN JUAN GRADE RD","NORTHRIDGE DR",0.00,,Y,A,-,N,,,,,,,,,,Y,4,0,1,2,A,-,03,22350,,N,C,C,A,A,H,-,A,D,0,,,,,Y,,-,,0,0,1,0,0,0,0,0,0,"- ","- ",,,MONTEREY,SALINAS,-121.64965993,36.721070079999997
8107663,2016,2016-08-22,2708,2016-07-13,1654,34245,,3,5,6,2708,0,0,0,,0,008,"E ALISAL ST","MONTEREY ST",0.00,,Y,A,-,N,,,,,,,,,,Y,4,0,1,2,A,-,09,21801,A,N,D,C,A,A,H,-,A,A,0,,,,,Y,,-,,0,0,1,0,0,0,0,0,0,"- ","- ",,,MONTEREY,SALINAS,-121.65368991,36.67396007
8107667,2016,2016-08-22,2708,2016-07-12,1710,06240,,2,5,6,2708,0,0,0,,0,012,"WILLIAMS RD","GRANDHAVEN ST",50.00,N,N,A,-,N,,,,,,,,,,Y,3,0,1,2,A,-,09,21801,A,N,D,G,A,A,H,-,A,D,0,,,,,Y,,-,,0,1,0,0,0,0,0,0,0,"- ","- ",,,MONTEREY,SALINAS,-121.61183205,36.676910749999998
8107678,2016,2016-08-22,2708,2016-06-06,1236,53260,,1,5,6,2708,0,0,0,,0,010,"NORTH SANBORN RD","EAST MARKET ST",243.00,N,N,A,-,N,,,,,,,,,,N,4,0,1,2,A,-,09,21801,A,N,D,C,A,A,H,-,A,D,0,,,,,Y,,-,,0,0,1,0,0,0,0,0,0,"- ","- ",,,MONTEREY,SALINAS,-121.62672501999999,36.677052109999998
8108840,2016,2016-09-13,2711,2016-08-30,1641,7378,2711,2,5,3,2711,0,0,0,,0,001,"MAIN ST","TICINO ST",96.00,W,N,A,-,N,,,,,,,,,,N,4,0,1,2,A,-,11,21954,A,N,G,B,D,A,H,-,A,D,0,Y,,,,Y,,N,60,0,0,1,0,1,0,0,0,0,"- ","- ",,,MONTEREY,SOLEDAD,-121.32565167,36.430482650000002
8108868,2016,2016-09-13,2711,2016-08-27,2020,7944,2711,6,5,3,2711,0,0,0,,0,002,"FRONT ST","SAN VICENTE RD",0.00,,Y,A,-,N,,,,,,,,,,Y,4,0,1,2,A,-,12,21453,A,N,D,C,A,A,H,-,C,A,0,,,,,Y,,A,01,0,0,1,0,0,0,0,0,0,"- ","- ",,,MONTEREY,SOLEDAD,-121.33375986999999,36.429699999999997
8110111,2016,2016-08-31,2706,2016-08-16,1528,505,MPD,2,5,4,2706,0,0,0,,0,001,"W FRANKLIN ST","WATSON ST",64.00,W,N,A,-,N,,,,,,,,,,N,4,0,1,2,A,-,03,22350,,N,C,C,A,A,H,-,A,D,0,,,,,Y,,A,07,0,0,1,0,0,0,0,0,0,"- ","- ",,,MONTEREY,MONTEREY,-121.89998949,36.601198879999998
8110143,2016,2016-08-31,2706,2016-08-19,1759,072,MPD,5,5,4,2706,0,0,0,,0,003,"NORTH FREMONT ST","CASANOVA AV",99.00,E,N,A,-,N,,,,,,,,,,Y,4,0,1,2,A,-,09,21801,A,N,D,C,A,A,H,-,A,D,0,,,,,Y,,D,22,0,0,1,0,0,0,0,0,0,"- ","- ",,,MONTEREY,MONTEREY,-121.85291046,36.59775715
8110447,2016,2016-08-31,2704,2016-07-17,2128,2050,,7,5,3,2704,0,0,0,,0,003,"ELM AV","5TH AV",0.00,,Y,A,-,N,,,,,,,,,,Y,4,0,1,2,A,-,09,21800,D,F,D,C,A,A,H,-,C,A,0,,,,,Y,,A,01,0,0,1,0,0,0,0,0,0,"- ","- ",,,MONTEREY,GREENFIELD,-121.23662992,36.320160110000003
8110829,2016,2016-08-31,2703,2016-08-16,1408,9221,2703,2,5,2,2703,0,0,0,,0,ALL,"BELDEN ST","1ST ST",0.00,,Y,A,-,N,,,,,,,,,,N,4,0,1,2,A,-,09,21802,A,N,D,D,A,A,H,-,A,D,0,,,,,Y,,A,01,0,0,1,0,0,0,0,0,0,"- ","- ",,,MONTEREY,GONZALES,-121.44115986,36.50520006
8110833,2016,2016-08-31,2703,2016-08-18,2013,9221,2703,4,5,2,2703,0,0,0,,0,ALL,"ALTA ST","C ST",0.00,,Y,A,-,N,,,,,,,,,,Y,4,0,1,4,A,-,03,22350,,N,C,D,A,A,H,-,C,D,0,,,,,Y,,A,01,0,0,1,0,0,0,0,0,0,"- ","- ",,,MONTEREY,GONZALES,-121.43977988,36.501970100000001
8097385,2016,2016-08-18,2701,2016-07-08,1400,5548,2701,5,5,2,2701,0,0,0,,0,ALL,"10TH AV","SAN CARLOS ST",0.00,,Y,A,-,N,,,,,,,,,,N,4,0,1,2,A,-,09,21802,A,N,D,C,A,A,H,-,A,D,0,,,,,Y,,A,01,0,0,1,0,0,0,0,0,0,"- ","- ",,,MONTEREY,CARMEL,-121.92181995999999,36.550070060000003
8097422,2016,2016-08-18,2706,2016-07-20,0726,031,MPD,3,5,4,2706,0,0,0,,0,003,"DEL MONTE AV","ROBERTS AV",0.00,,Y,A,-,N,,,,,,,,,,N,4,0,1,2,A,-,09,21801,A,N,D,C,A,A,H,-,A,A,0,,,Y,,Y,,C,02,0,0,1,0,0,0,0,0,1,"- ","- ",,,MONTEREY,MONTEREY,-121.85952987,36.605550020000003
8097426,2016,2016-08-18,2706,2016-08-01,1740,119,MPD,1,5,4,2706,0,0,0,,0,003,"NORTH FREMONT ST","CASANOVA AV",50.00,E,N,A,-,N,,,,,,,,,,N,4,0,2,2,A,-,09,21801,A,N,A,C,A,A,H,-,A,D,0,,,,,Y,,D,22,0,0,2,0,0,0,0,0,0,"- ","- ",,,MONTEREY,MONTEREY,-121.85306860999999,36.597714009999997
8097525,2016,2016-08-15,2701,2016-07-28,1236,5548,2701,4,5,2,2701,0,0,0,,0,ALL,"OCEAN AV","GUADALUPE ST",32.00,W,N,A,-,N,,,,,,,,,,N,2,0,1,1,A,-,03,22350,,N,E,I,A,A,H,-,A,D,0,,,,,Y,,A,01,1,0,0,0,0,0,0,0,0,"- ","- ",,,MONTEREY,CARMEL,-121.91654898,36.555100000000003
8097532,2016,2016-09-01,2706,2016-07-25,1646,542,2706,1,5,4,2706,0,0,0,,0,003,"MARK THOMAS","CAMINO AGUAJITO",0.00,,Y,A,-,N,,,,,,,,,,N,4,0,1,2,B,-,22,,,N,D,G,A,A,H,-,A,A,0,,Y,,,Y,,-,"- ",0,0,1,0,0,0,1,0,0,"- ","- ",,,MONTEREY,MONTEREY,,
8097536,2016,2016-09-01,2706,2016-07-24,1635,128,2706,7,5,4,2706,0,0,0,,0,002,"DEL MONTE CENTER AV","CAMINO EL ESTERO",150.00,E,N,B,-,N,,,,,,,,,,N,4,0,1,2,A,-,03,22350,,F,C,C,A,A,H,-,A,D,0,,,,,Y,,A,01,0,0,1,0,0,0,0,0,0,"- ","- ",,,MONTEREY,MONTEREY,,
8097556,2016,2017-02-24,2706,2016-07-26,1725,410,MPD,2,5,4,2706,0,0,0,,0,003,"RT 68","OLMSTED RD",2112.00,E,N,B,-,Y,MON,5,68,-,-,5.970,H,-,W,Y,4,0,1,2,A,-,03,22350,,N,C,C,A,A,H,-,A,D,0,,,,,Y,,A,01,0,0,1,0,0,0,0,0,0,"- ","- ",,,MONTEREY,MONTEREY,-121.84296902,36.582139890000001
8097560,2016,2016-08-17,2706,2016-07-27,0913,142,MPD,3,5,4,2706,0,0,0,,0,002,"SKYLINE DR","VETERANS DR",300.00,E,N,A,-,N,,,,,,,,,,Y,4,0,1,1,A,-,08,22107,,N,E,I,A,A,H,-,A,D,0,,,,,Y,,A,07,0,0,1,0,0,0,0,0,0,"- ","- ",,,MONTEREY,MONTEREY,,
8097642,2016,2016-08-16,2706,2016-08-06,1159,949,MPD,6,5,4,2706,0,0,0,,0,002,"DEL MONTE AV","CAMINO EL ESTERO",50.00,E,N,B,-,N,,,,,,,,,,N,4,0,1,2,A,-,03,22350,,N,C,C,A,A,H,-,A,A,0,,,,,Y,,A,01,0,0,1,0,0,0,0,0,0,"- ","- ",,,MONTEREY,MONTEREY,-121.88713962999999,36.599939999999997
8097666,2016,2016-08-16,2703,2016-08-04,0313,5056,,4,5,2,2703,0,0,0,,0,,"FAIRVIEW DR","CENTENNIAL DR",39.00,W,N,A,-,N,,,,,,,,,,Y,4,0,1,2,A,-,03,22350,,N,A,C,A,A,H,-,C,A,0,,,,,Y,,A,01,0,0,1,0,0,0,0,0,0,"- ","- ",,,MONTEREY,GONZALES,-121.43846272,36.507019210000003