CASE_ID,ACCIDENT_YEAR,PROC_DATE,JURIS,COLLISION_DATE,COLLISION_TIME,OFFICER_ID,REPORTING_DISTRICT,DAY_OF_WEEK,CHP_SHIFT,POPULATION,CNTY_CITY_LOC,SPECIAL_COND,BEAT_TYPE,CHP_BEAT_TYPE,CITY_DIVISION_LAPD,CHP_BEAT_CLASS,BEAT_NUMBER,PRIMARY_RD,SECONDARY_RD,DISTANCE,DIRECTION,INTERSECTION,WEATHER_1,WEATHER_2,STATE_HWY_IND,CALTRANS_COUNTY,CALTRANS_DISTRICT,STATE_ROUTE,ROUTE_SUFFIX,POSTMILE_PREFIX,POSTMILE,LOCATION_TYPE,RAMP_INTERSECTION,SIDE_OF_HWY,TOW_AWAY,COLLISION_SEVERITY,NUMBER_KILLED,NUMBER_INJURED,PARTY_COUNT,PRIMARY_COLL_FACTOR,PCF_CODE_OF_VIOL,PCF_VIOL_CATEGORY,PCF_VIOLATION,PCF_VIOL_SUBSECTION,HIT_AND_RUN,TYPE_OF_COLLISION,MVIW,PED_ACTION,ROAD_SURFACE,ROAD_COND_1,ROAD_COND_2,LIGHTING,CONTROL_DEVICE,CHP_ROAD_TYPE,PEDESTRIAN_ACCIDENT,BICYCLE_ACCIDENT,MOTORCYCLE_ACCIDENT,TRUCK_ACCIDENT,NOT_PRIVATE_PROPERTY,ALCOHOL_INVOLVED,STWD_VEHTYPE_AT_FAULT,CHP_VEHTYPE_AT_FAULT,COUNT_SEVERE_INJ,COUNT_VISIBLE_INJ,COUNT_COMPLAINT_PAIN,COUNT_PED_KILLED,COUNT_PED_INJURED,COUNT_BICYCLIST_KILLED,COUNT_BICYCLIST_INJURED,COUNT_MC_KILLED,COUNT_MC_INJURED,PRIMARY_RAMP,SECONDARY_RAMP,LATITUDE,LONGITUDE,COUNTY,CITY,POINT_X,POINT_Y
8098379,2016,2016-08-10,2712,2016-07-14,1920,1081,2712,4,5,3,2712,0,0,0,,0,001,"DEL MONTE BL","BEACH RD",16.00,S,N,A,-,N,,,,,,,,,,Y,4,0,1,2,A,-,12,22450,A,N,D,C,A,A,H,-,A,A,0,,,,,Y,,A,01,0,0,1,0,0,0,0,0,0,"- ","- ",,,MONTEREY,MARINA,-121.79749686,36.693601729999997
90392809,2017,2017-02-14,9730,2017-02-08,0127,019127,,3,3,9,2700,0,1,3,,1,074,"SR-1 S/B","JENSEN RD.",1584.00,S,N,B,C,Y,,,1,,,,,,S,Y,3,0,1,1,A,-,01,23152,A,N,E,I,A,B,H,-,D,D,0,,,,,Y,Y,A,01,0,1,0,0,0,0,0,0,0,"- ","- ",36.851300000000002,-121.77113,MONTEREY,UNINCORPORATED,-121.77113107,36.851300010000003
8123471,2016,2016-09-19,2710,2016-07-17,2027,38383,,7,5,4,2710,0,0,0,,0,01B,"CONTRA COSTA ST","BROADWAY AV",2.00,S,N,B,-,N,,,,,,,,,,N,4,0,1,2,A,-,05,21202,A,N,D,G,A,A,H,-,B,A,0,,Y,,,Y,Y,L,04,0,0,1,0,0,0,1,0,0,"- ","- ",,,MONTEREY,SEASIDE,-121.85209021,36.609304510000001
8123475,2016,2016-09-19,2710,2016-07-10,1221,38145,,7,5,4,2710,0,0,0,,0,002,"MARIPOSA ST","MARIPOSA ST 1900 BLK",0.00,,N,A,-,N,,,,,,,,,,N,4,0,1,2,A,-,08,22107,,F,B,E,A,A,H,-,A,D,0,,,,,Y,,-,,0,0,1,0,0,0,0,0,0,"- ","- ",,,MONTEREY,SEASIDE,,
8125859,2016,2016-11-16,2712,2016-09-07,0900,1055,2712,3,5,3,2712,0,0,0,,0,001,"IMJIN PW","2ND AV",519.00,E,N,A,-,N,,,,,,,,,,Y,4,0,1,2,A,-,03,22350,,N,C,C,A,A,H,-,A,A,0,,,,,Y,,A,01,0,0,1,0,0,0,0,0,0,"- ","- ",,,MONTEREY,MARINA,-121.80723935,36.667138450000003
8126964,2016,2016-11-17,2710,2016-06-09,1708,38384,,4,5,4,2710,0,0,0,,0,,"MARIN ST","FRANCIS AV",63.00,N,N,A,-,N,,,,,,,,,,N,3,0,1,1,A,-,03,22350,A,N,E,I,A,A,H,-,A,A,0,,,Y,,Y,,C,02,0,1,0,0,0,0,0,0,1,"- ","- ",,,MONTEREY,SEASIDE,-121.85231752999999,36.601733080000002
8126976,2016,2016-11-16,2710,2016-06-25,0517,40391,MARIN,6,5,4,2710,0,0,0,,0,002,"MILITARY AV","NOCHE BUENA ST",154.00,W,N,E,-,N,,,,,,,,,,Y,4,0,1,2,A,-,08,22107,,N,C,E,A,A,H,-,B,D,0,,,,,Y,Y,A,01,0,0,1,0,0,0,0,0,0,"- ","- ",,,MONTEREY,SEASIDE,-121.83850486,36.621404490000003
8126980,2016,2016-09-27,2710,2016-06-22,2022,40397,,3,5,4,2710,0,0,0,,0,,"FREMONT BL","BROADWAY AV",0.00,,Y,A,-,N,,,,,,,,,,N,3,0,1,2,A,-,06,21755,A,N,D,G,A,A,H,-,A,A,0,,Y,,,Y,,L,04,0,1,0,0,0,0,1,0,0,"- ","- ",,,MONTEREY,SEASIDE,-121.84564992999999,36.609160009999997
8126984,2016,2016-09-27,2710,2016-06-17,2013,40386,MARIN,5,5,4,2710,0,0,0,,0,008,"PLUMAS AV","HIGHLAND ST",408.00,E,N,A,-,N,,,,,,,,,,N,4,0,1,1,A,-,08,22107,,N,F,A,A,A,B,-,B,D,0,,,Y,,Y,,C,06,0,0,1,0,0,0,0,0,1,"- ","- ",,,MONTEREY,SEASIDE,-121.83073032999999,36.596880059999997
8127638,2016,2016-09-30,2712,2016-09-21,0826,1074,2712,3,5,3,2712,0,0,0,,0,001,"IMJIN PW","CALIFORNIA AV",1.00,W,N,B,-,N,,,,,,,,,,N,3,0,1,2,A,-,09,21453,B,N,D,G,A,A,H,-,A,A,0,,Y,,,Y,,A,07,0,1,0,0,0,0,1,0,0,"- ","- ",,,MONTEREY,MARINA,-121.79685314,36.666171069999997
8127762,2016,2016-09-30,2708,2016-08-09,1310,19003,MONT,2,5,6,2708,0,0,0,,0,011,"OLD STAGE RD",WILLIAMS,4224.00,W,N,A,-,N,,,,,,,,,,Y,4,0,1,1,A,-,03,22350,,N,F,I,A,A,H,-,A,D,0,,,,,Y,,-,"- ",0,0,1,0,0,0,0,0,0,"- ","- ",,,MONTEREY,SALINAS,-121.58270822,36.707806939999998
8127765,2016,2017-02-24,2708,2016-08-30,1744,58964,3PD,2,5,6,2708,0,0,0,,0,009,"SOUTH MAIN ST","MAPLE ST",75.00,S,N,A,-,Y,MON,5,68,-,-,20.900,H,-,E,N,4,0,1,2,A,-,03,22350,,N,C,C,A,A,H,-,A,D,0,,,,,Y,,-,,0,0,1,0,0,0,0,0,0,"- ","- ",,,MONTEREY,SALINAS,-121.65567102999999,36.668623140000001
8127766,2016,2016-09-30,2708,2016-08-18,0602,53260,,4,5,6,2708,0,0,0,,0,012,"1ST AV","EAST LAUREL DR",0.00,,Y,A,-,N,,,,,,,,,,N,4,0,1,4,A,-,09,21802,A,N,D,C,A,A,H,-,A,D,0,,,,,Y,,-,,0,0,1,0,0,0,0,0,0,"- ","- ",,,MONTEREY,SALINAS,-121.61554993,36.676760020000003
8127770,2016,2016-09-30,2708,2016-08-01,1618,56793,,1,5,6,2708,0,0,0,,0,008,"E ALISAL",CALIFORNIA,0.00,,Y,A,-,N,,,,,,,,,,Y,3,0,2,2,A,-,09,21802,A,N,D,C,A,A,H,-,A,A,0,,,,,Y,,-,,0,1,1,0,0,0,0,0,0,"- ","- ",,,MONTEREY,SALINAS,-121.65030987,36.674460070000002
8111484,2016,2017-03-04,2707,2016-07-08,1450,1983,2707,5,5,3,2707,0,0,0,,0,001,"SUNSET DR","WALNUT ST",126.00,N,N,A,-,Y,MON,5,68,-,-,0.610,H,-,E,N,4,0,1,2,A,-,11,21954,A,N,A,B,D,A,H,-,A,D,0,Y,,,,Y,,N,60,0,0,1,0,1,0,0,0,0,"- ","- ",,,MONTEREY,"PACIFIC GROVE",-121.93005748,36.614010139999998
8111791,2016,2016-09-01,2707,2016-06-20,1840,1275,,1,5,3,2707,0,0,0,,0,001,"PINE AV","FOUNTAIN AV",0.00,,Y,A,-,N,,,,,,,,,,Y,4,0,1,2,A,-,12,22450,A,N,D,C,A,A,H,-,A,A,0,,,,,Y,,A,01,0,0,1,0,0,0,0,0,0,"- ","- ",,,MONTEREY,"PACIFIC GROVE",-121.91753986000001,36.61847006
8112371,2016,2017-02-18,2706,2016-08-24,1756,772,2706,3,5,4,2706,0,0,0,,0,002,"FREMONT ST","CAMINO AGUAJITO",0.00,,Y,A,-,Y,MON,5,1,-,R,77.550,R,4,S,N,4,0,1,2,A,-,03,22350,,N,C,C,A,A,H,-,A,A,0,,,,,Y,,D,22,0,0,1,0,0,0,0,0,0,"- ","- ",,,MONTEREY,MONTEREY,-121.87829444,36.593034770000003
8113099,2016,2016-09-07,2706,2016-08-23,0815,250,MPD,2,5,4,2706,0,0,0,,0,003,"UPPER RAGSDALE DR","JUSTIN CT",135.00,E,N,A,-,N,,,,,,,,,,Y,4,0,4,3,A,-,03,22350,,N,D,C,A,A,H,-,A,D,0,,,,,Y,,A,01,0,0,4,0,0,0,0,0,0,"- ","- ",,,MONTEREY,MONTEREY,-121.81545126,36.579899500000003
8113222,2016,2016-09-07,2706,2016-08-29,0115,395,2706,1,5,4,2706,0,0,0,,0,001,"VETERANS DR","JOHNSON ST",538.00,W,N,A,-,N,,,,,,,,,,Y,4,0,1,1,A,-,08,22107,,N,H,-,A,A,H,-,D,D,0,,,,,Y,,D,22,0,0,1,0,0,0,0,0,0,"- ","- ",,,MONTEREY,MONTEREY,-121.90834063,36.600876679999999
90392833,2017,2017-02-14,9730,2017-02-08,2010,017840,,3,2,1,2709,0,1,3,,2,062,"SR-1 SB","CALIFORNIA AVE",890.00,S,N,A,-,Y,,,1,,,,,,S,Y,4,0,1,1,A,-,08,22107,,N,E,I,A,A,H,-,C,D,0,,,,,Y,,A,01,0,0,1,0,0,0,0,0,0,"- ","- ",36.622839999999997,-121.84545,MONTEREY,"SAND CITY",-121.84529096999999,36.622651779999998
90392892,2017,2017-02-14,9730,2017-02-09,0747,019745,,4,1,9,2700,0,1,3,,1,066,"N/B SR-183","BLACKIE RD",0.00,,Y,B,-,Y,,,183,,,,,,,Y,4,0,1,2,A,-,12,21453,A,N,D,C,A,A,H,-,A,A,0,,,,Y,Y,,F,21,0,0,1,0,0,0,0,0,0,"- ","- ",36.7575,-121.7467,MONTEREY,UNINCORPORATED,-121.74674975000001,36.757433919999997
90392906,2017,2017-02-14,9730,2017-02-09,1500,017803,,4,2,9,2700,0,3,5,,2,006,"RESERVATION RD","BLANCO RD",30.00,E,N,B,C,N,,,,,,,,,,N,4,0,1,2,A,-,21,22106,,N,C,C,A,B,H,-,A,A,0,,,,,Y,,A,07,0,0,1,0,0,0,0,0,0,"- ","- ",36.666800000000002,-121.75645,MONTEREY,UNINCORPORATED,-121.75660120000001,36.666889070000003
90393561,2017,2017-02-15,9730,2017-02-07,1437,012332,,2,2,9,2700,0,1,2,,1,070,"US-101 (N/B)","CRAZY HORSE CYN RD",528.00,N,N,C,-,Y,,,,,,,,,,Y,3,0,1,1,A,-,08,22107,,N,E,J,A,B,H,-,A,D,0,,,,,Y,,A,07,0,1,0,0,0,0,0,0,0,"- ","- ",,,MONTEREY,UNINCORPORATED,-121.63285,36.818489999999997
90393798,2017,2017-02-15,9730,2017-02-11,1400,020245,,6,2,4,2710,0,1,3,,2,062,"STATE HIGHWAY 1","FREMONT BOULEVARD",1800.00,N,N,A,-,Y,,,1,,,,,,,N,4,0,2,2,A,-,03,22350,,N,C,C,A,A,H,-,A,D,0,,,,,Y,,A,01,0,0,2,0,0,0,0,0,0,"- ","- ",36.62885,-121.83779,MONTEREY,SEASIDE,-121.83783068,36.628882079999997
90394502,2017,2017-02-16,9730,2017-02-10,1525,020245,,5,2,9,2700,0,3,5,,2,007,"DOLAN ROAD","CASTROVILLE BOULEVARD",0.00,,Y,B,-,N,,,,,,,,,,Y,4,0,5,3,A,-,09,21801,A,N,D,C,A,A,H,-,A,A,0,,,,,Y,,A,01,0,0,5,0,0,0,0,0,0,"- ","- ",36.796430000000001,-121.72453,MONTEREY,UNINCORPORATED,-121.72462994,36.796610010000002
90394662,2017,2017-02-16,9730,2017-02-13,0910,019529,,1,1,9,2700,0,1,3,,2,062,"IMJIN PARKWAY","NORTHBOUND STATE ROUTE 1 TO IMJIN PKWY",0.00,,Y,A,-,Y,,,,,,,,,,N,4,0,1,2,A,-,21,22106,,N,D,C,A,A,H,-,A,D,0,,,,,Y,,A,01,0,0,1,0,0,0,0,0,0,"- ","- ",36.401609999999998,-121.48748999999999,MONTEREY,UNINCORPORATED,,
90395092,2017,2017-02-16,9730,2017-02-12,1130,019956,,7,1,9,2700,0,1,3,,1,074,SR-1,"POTRERO RD",1056.00,S,N,A,-,Y,,,1,,,,,,,Y,4,0,1,2,B,-,22,,,N,B,C,A,A,H,-,A,D,0,,,,,Y,,A,01,0,0,1,0,0,0,0,0,0,"- ","- ",36.78781,-121.78237,MONTEREY,UNINCORPORATED,-121.78232559999999,36.787827999999998
90395099,2017,2017-02-16,9730,2017-02-13,1007,021407,,1,1,9,2700,0,1,2,,1,030,"US-101 NORTHBOUND","FRONT STREET",1162.00,N,N,A,-,Y,,,101,,,,,,N,Y,4,0,1,1,A,-,08,22107,,N,E,I,A,A,H,-,A,D,0,,,,,Y,,A,01,0,0,1,0,0,0,0,0,0,"- ","- ",36.434699999999999,-121.3396,MONTEREY,UNINCORPORATED,-121.33947969,36.434879119999998
90396120,2017,2017-02-20,9730,2017-02-16,1513,018543,,4,2,9,2700,0,1,3,,2,062,"SR-1 N/B","DEL MONTE BOULEVARD",2640.00,S,N,A,-,Y,,,1,,,,,,N,N,4,0,1,1,C,-,18,,,N,E,J,A,A,B,-,A,D,0,,,,,Y,,-,"- ",0,0,1,0,0,0,0,0,0,"- ","- ",36.716349999999998,-121.79378,MONTEREY,UNINCORPORATED,-121.7940966,36.716477300000001
90396126,2017,2017-02-20,9730,2017-02-09,0708,019934,,4,1,9,2700,0,2,4,,1,073,"SAN MIGUEL CANYON ROAD","MORO  ROAD",0.00,,Y,A,-,N,,,,,,,,,,Y,3,0,3,2,A,-,09,21801,A,N,D,A,A,A,H,-,A,A,0,,,,,Y,,D,22,0,1,2,0,0,0,0,0,0,"- ","- ",36.80303,-121.66672,MONTEREY,UNINCORPORATED,-121.66671997,36.802670059999997
90396130,2017,2017-02-20,9730,2017-02-11,1625,021120,,6,2,9,2700,0,1,3,,1,072,SR-156,"CASTROVILLE BLVD.",800.00,E,N,A,-,Y,,,156,,,,,,,Y,4,0,1,2,A,-,03,22350,,N,C,C,A,A,H,-,A,D,0,,,,,Y,,D,22,0,0,1,0,0,0,0,0,0,"- ","- ",36.769159999999999,-121.74044000000001,MONTEREY,UNINCORPORATED,-121.74042996999999,36.76913459
90396379,2017,2017-02-20,9730,2017-02-12,0036,020970,,7,3,9,2700,0,1,3,,1,014,SR-1,"WESTON RIDGE ROAD",528.00,N,N,A,-,Y,,,,,,,,,,Y,3,0,1,1,A,-,08,22107,,N,F,I,A,A,H,-,D,D,0,,,,,Y,,A,01,0,1,0,0,0,0,0,0,0,"- ","- ",36.40108,-121.91457,MONTEREY,UNINCORPORATED,,
90396404,2017,2017-02-20,9730,2017-02-04,0120,020677,,6,3,9,2700,0,1,2,,1,030,"US-101 N/B","BROOME RD",100.00,S,N,A,-,Y,,,101,,,,,,N,Y,3,0,2,2,A,-,03,22350,,N,C,C,A,A,H,-,D,D,0,,,,,Y,,A,01,0,2,0,0,0,0,0,0,0,"- ","- ",36.554020000000001,-121.50218,MONTEREY,UNINCORPORATED,-121.50219588,36.554002420000003
90396491,2017,2017-02-20,9730,2017-02-12,1650,021120,,7,2,9,2700,0,3,5,,2,007,"CASTROVILLE BLVD.","VIVA LN.",0.00,,Y,A,-,N,,,,,,,,,,Y,4,0,2,2,A,-,09,21801,A,N,D,C,A,A,H,-,A,D,0,,,,,Y,,A,01,0,0,2,0,0,0,0,0,0,"- ","- ",36.788220000000003,-121.72901,MONTEREY,UNINCORPORATED,-121.7290699,36.788220070000001
90397045,2017,2017-02-21,9735,2017-02-11,0900,017681,,6,1,9,2700,0,1,3,,1,035,SR-198,"PINE VALLEY ROAD",53856.00,E,N,A,-,Y,,,198,,,,,,,Y,4,0,2,1,A,-,08,22107,,N,E,A,A,A,H,-,A,D,0,,,,,Y,,A,01,0,0,2,0,0,0,0,0,0,"- ","- ",36.187690000000003,-120.74927,MONTEREY,UNINCORPORATED,-120.74926075,36.187724930000002
90398729,2017,2017-02-23,9730,2017-02-10,1425,021320,,5,2,9,2700,0,3,5,,2,002,"CARMEL RANCHO BLVD","555 CARMEL RANCHO BLVD",0.00,,Y,B,-,N,,,,,,,,,,Y,3,0,2,2,A,-,12,21457,A,N,D,C,A,B,H,-,A,A,0,,,,,Y,,A,01,0,2,0,0,0,0,0,0,0,"- ","- ",36.54251,-121.90492999999999,MONTEREY,UNINCORPORATED,,
90398820,2017,2017-02-23,9730,2017-02-13,1950,020576,,1,2,9,2700,0,3,5,,2,004,"LANINI ROAD","SILLMAN ROAD",50.00,W,N,A,-,N,,,,,,,,,,Y,4,0,1,1,A,-,08,22107,,M,E,I,A,A,H,-,D,D,0,,,,,Y,,A,01,0,0,1,0,0,0,0,0,0,"- ","- ",36.465359999999997,-121.38982,MONTEREY,UNINCORPORATED,,
90398984,2017,2017-02-23,9735,2017-02-20,0710,016696,,1,1,9,2700,0,1,2,,1,041,"US 101 S/B","BROADWAY AVENUE",2640.00,N,N,C,-,Y,,,,,,,,,,Y,4,0,1,1,A,-,03,22350,,N,E,I,A,B,H,-,A,D,0,,,,,Y,,A,01,0,0,1,0,0,0,0,0,0,"- ","- ",36.200569999999999,-121.14265,MONTEREY,UNINCORPORATED,-121.12954000000001,36.203200000000002
90399078,2017,2017-02-23,9730,2017-02-16,1607,021320,,4,2,9,2700,0,3,5,,2,006,"DAVIS ROAD","ACACIA STREET",200.00,S,N,A,-,N,,,,,,,,,,N,4,0,3,3,A,-,03,22350,,N,C,C,A,A,H,-,A,D,0,,,,,Y,Y,D,22,0,0,3,0,0,0,0,0,0,"- ","- ",36.671819999999997,-121.68080999999999,MONTEREY,UNINCORPORATED,-121.6807471,36.671893259999997
90399087,2017,2017-02-23,9730,2017-02-17,1620,017184,,5,2,4,2710,0,1,3,,2,062,SR-1,"LIGHTFIGHTER DR.",4224.00,S,N,B,C,Y,,,1,,,,,,,Y,3,0,1,1,A,-,03,22350,,N,F,A,A,B,H,-,A,A,0,,,,,Y,,A,01,0,1,0,0,0,0,0,0,0,"- ","- ",36.640880000000003,-121.82652,MONTEREY,SEASIDE,-121.82660337999999,36.640984899999999
90399584,2017,2017-02-24,9735,2017-02-20,1400,018069,,1,2,9,2700,0,1,2,,2,043,"US-101 N/B","PARIS VALLEY ROAD OVER-CROSSING",2640.00,S,N,B,C,Y,,,101,,,,,,N,Y,4,0,1,2,A,-,03,22350,,N,C,C,A,B,F,-,A,D,0,,,,,Y,,A,01,0,0,1,0,0,0,0,0,0,"- ","- ",36.070369999999997,-120.9892,MONTEREY,UNINCORPORATED,-120.98911452999999,36.070459649999997
90400079,2017,2017-02-27,9730,2017-02-14,2057,018810,,2,2,9,2700,0,1,3,,2,062,"SR-1 N/B","TIOGA AVENUE O/C",550.00,N,N,A,-,Y,,,,,,,,,,Y,4,0,1,1,A,-,08,22107,,N,E,I,A,A,H,-,D,D,0,,,,Y,Y,,G,27,0,0,1,0,0,0,0,0,0,"- ","- ",36.619239999999998,-121.84742,MONTEREY,UNINCORPORATED,-121.84767669999999,36.618995239999997
90400080,2017,2017-08-10,9730,2017-02-14,2100,018543,,2,2,9,2700,0,1,3,,2,062,SR-1,"TIOGA AVE. O/C",528.00,N,N,A,-,Y,,,,,,,,,,Y,4,0,2,2,A,-,03,22350,,N,C,C,A,A,H,-,D,D,0,,,,,Y,,A,01,0,0,2,0,0,0,0,0,0,"- ","- ",36.618209999999998,-121.84859,MONTEREY,UNINCORPORATED,-121.84790675000001,36.619054210000002
90400081,2017,2017-02-27,9730,2017-02-17,1900,020245,,5,2,9,2700,0,3,5,,2,005,"ESPINOSA ROAD","N. MAIN STREET",0.00,,Y,C,-,N,,,,,,,,,,Y,3,0,2,2,A,-,09,21801,,N,D,C,A,B,H,-,C,A,0,,,,,Y,,A,01,0,2,0,0,0,0,0,0,0,"- ","- ",36.734430000000003,-121.65617,MONTEREY,UNINCORPORATED,-121.65620989999999,36.734430039999999
90400112,2017,2017-02-27,9730,2017-02-20,1151,019569,,1,1,9,2700,0,1,2,,1,030,"US-101 N/B","CHUALAR RIVER RD",15312.00,S,N,C,-,Y,,,101,,,,,,N,Y,4,0,1,2,A,-,03,22350,,N,C,C,A,B,H,-,A,D,0,,,,,Y,,A,01,0,0,1,0,0,0,0,0,0,"- ","- ",36.537939999999999,-121.48285,MONTEREY,UNINCORPORATED,-121.48286125999999,36.537926409999997
90400123,2017,2017-02-27,9730,2017-02-20,0310,020677,,1,3,9,2700,0,1,3,,2,062,"SR-1 S/B","DEL MONTE BLVD",600.00,N,N,C,-,Y,,,1,,,,,,S,Y,4,0,1,1,A,-,08,22107,,N,F,I,A,B,H,-,D,D,0,,,,,Y,,D,22,0,0,1,0,0,0,0,0,0,"- ","- ",36.726570000000002,-121.78841,MONTEREY,UNINCORPORATED,-121.78863105000001,36.726766349999998
90400134,2017,2017-02-27,9730,2017-02-20,2032,021396,,1,2,9,2700,0,1,2,,1,030,"S/B US-101","CORRECTIONAL TRAINING FACILITY",1320.00,N,N,C,-,Y,,,101,,,,,,,Y,4,0,1,2,A,-,03,22350,,N,C,C,A,B,H,-,D,D,0,,,,,Y,,A,01,0,0,1,0,0,0,0,0,0,"- ","- ",36.470930000000003,-121.39819,MONTEREY,UNINCORPORATED,-121.39818553000001,36.47093692
90400139,2017,2017-02-27,9730,2017-02-20,1107,021407,,1,1,9,2700,0,1,2,,1,050,"US-101 NORTHBOUND","SALA ROAD",669.00,S,N,C,-,Y,,,101,,,,,,N,Y,3,0,1,1,A,-,08,22107,,N,E,I,A,B,H,-,A,D,0,,,,,Y,,A,01,0,1,0,0,0,0,0,0,0,"- ","- ",36.732599999999998,-121.65689999999999,MONTEREY,UNINCORPORATED,-121.65697966,36.732607450000003
90400155,2017,2017-02-27,9730,2017-02-21,1645,020584,,2,2,9,2700,0,2,4,,1,075,"SAN JUAN RD.","CARPENTERIA RD.",0.00,,Y,B,-,N,,,,,,,,,,Y,4,0,4,2,A,-,09,21801,A,N,A,C,A,B,H,-,A,A,0,,,,,Y,,A,01,0,0,4,0,0,0,0,0,0,"- ","- ",36.860190000000003,-121.6534,MONTEREY,UNINCORPORATED,-121.65342990000001,36.860180020000001
90400477,2017,2017-02-27,9730,2017-02-20,1040,018350,,1,1,9,2700,0,1,2,,1,070,"US-101 S/B","CRAZY HORSE CANYON ROAD",1056.00,S,N,B,C,Y,,,101,,,,,,S,Y,4,0,1,1,A,-,03,22350,,N,E,I,A,B,H,-,A,D,0,,,,,Y,,A,07,0,0,1,0,0,0,0,0,0,"- ","- ",36.814979999999998,-121.63977,MONTEREY,UNINCORPORATED,-121.6397236,36.814902699999998
90401109,2017,2017-02-27,9730,2017-02-18,1513,021320,,6,2,9,2700,0,3,5,,2,007,"TARPEY ROAD","MAHER ROAD",500.00,E,N,B,-,N,,,,,,,,,,Y,3,0,1,2,A,-,05,21460,A,N,D,C,A,A,H,-,A,D,0,,,,,Y,,A,08,0,1,0,0,0,0,0,0,0,"- ","- ",36.86112,-121.68547,MONTEREY,UNINCORPORATED,-121.68535881,36.861174650000002
90401169,2017,2017-02-27,9730,2017-02-21,0140,019934,,2,3,9,2700,0,1,2,,1,030,"US101 S/B","OLD STAGE ROAD O/C",860.00,N,N,B,-,Y,,,101,,,,,,S,Y,3,0,1,1,A,-,01,23152,A,N,E,I,A,A,H,-,C,D,0,,,,,Y,Y,A,07,0,1,0,0,0,0,0,0,0,"- ","- ",36.52413,-121.46612,MONTEREY,UNINCORPORATED,-121.46610235,36.524163819999998
90401446,2017,2017-02-28,9730,2017-02-22,1340,018350,,3,1,9,2700,0,1,3,,1,068,"SR-68 (SALINAS-MONTEREY HWY)","SAN BENANCIO ROAD",528.00,E,N,A,B,Y,,,68,,,,,,,Y,4,0,2,3,A,-,03,22350,,N,C,C,A,A,H,-,A,A,0,,,,,Y,,A,07,0,0,2,0,0,0,0,0,0,"- ","- ",36.581180000000003,-121.71836999999999,MONTEREY,UNINCORPORATED,-121.71833658,36.581119489999999
90401522,2017,2017-02-28,9730,2017-02-24,1841,021320,,5,2,9,2700,0,2,4,,1,073,"SALINAS ROAD","WERNER ROAD",1584.00,E,N,A,-,N,,,,,,,,,,Y,4,0,2,2,A,-,09,21801,A,N,D,C,A,A,H,-,D,A,0,,,,,Y,,A,01,0,0,2,0,0,0,0,0,0,"- ","- ",36.882129999999997,-121.74688,MONTEREY,UNINCORPORATED,-121.74734216,36.88079286
90401787,2017,2017-02-28,9735,2017-02-20,1405,019503,,1,2,9,2700,0,1,2,,2,043,"US-101 N/B","PARIS VALLEY ROAD O/C",2640.00,S,N,C,-,Y,,,101,,,,,,N,Y,4,0,2,4,A,-,03,22350,,N,C,C,A,B,H,-,A,D,0,,,,,Y,,A,01,0,0,2,0,0,0,0,0,0,"- ","- ",36.070369999999997,-120.9892,MONTEREY,UNINCORPORATED,-120.98911452999999,36.070459649999997
90402006,2017,2017-02-28,9730,2017-02-22,1855,018543,,3,2,9,2700,0,1,3,,1,066,SR-183,"COOPER ROAD",2640.00,N,N,A,-,Y,,,183,,,,,,,Y,3,0,2,2,A,-,03,22350,,N,F,C,A,A,H,-,D,D,0,,,,,Y,,A,01,0,2,0,0,0,0,0,0,0,"- ","- ",36.720570000000002,-121.72391,MONTEREY,UNINCORPORATED,-121.72394712000001,36.7205339
90403607,2017,2017-03-01,9730,2017-02-11,1430,017184,,6,2,9,2700,0,1,3,,1,014,SR-1,"BIG SUR GRANGE",350.00,S,N,A,-,Y,,,1,,,,,,,N,3,0,1,2,A,-,03,22350,,N,D,C,A,B,H,-,A,A,0,,,Y,,Y,,C,02,0,1,0,0,0,0,0,0,1,"- ","- ",36.26426,-121.79741,MONTEREY,UNINCORPORATED,-121.79741312,36.264295869999998
90403633,2017,2017-04-21,9730,2017-02-20,1934,021396,,1,2,9,2700,0,3,5,,2,003,"RIVER ROAD","PARKER ROAD",1584.00,E,N,C,-,N,,,,,,,,,,Y,3,0,1,1,A,-,08,22107,,N,E,I,A,B,H,-,D,D,0,,,,,Y,,A,01,0,1,0,0,0,0,0,0,0,"- ","- ",36.575600000000001,-121.58705,MONTEREY,UNINCORPORATED,-121.60072157,36.585799979999997
90404189,2017,2017-03-02,9730,2017-02-26,1100,021407,,7,1,9,2700,0,3,5,,2,003,"CACHAGUA ROAD","TASSAJARA ROAD",12672.00,W,N,A,-,N,,,,,,,,,,Y,3,0,1,1,A,-,01,23152,A,N,E,I,A,A,H,-,A,D,0,,,,,Y,Y,D,22,0,1,0,0,0,0,0,0,0,"- ","- ",36.391599999999997,-121.6309,MONTEREY,UNINCORPORATED,-121.63013035,36.392048189999997