CASE_ID,ACCIDENT_YEAR,PROC_DATE,JURIS,COLLISION_DATE,COLLISION_TIME,OFFICER_ID,REPORTING_DISTRICT,DAY_OF_WEEK,CHP_SHIFT,POPULATION,CNTY_CITY_LOC,SPECIAL_COND,BEAT_TYPE,CHP_BEAT_TYPE,CITY_DIVISION_LAPD,CHP_BEAT_CLASS,BEAT_NUMBER,PRIMARY_RD,SECONDARY_RD,DISTANCE,DIRECTION,INTERSECTION,WEATHER_1,WEATHER_2,STATE_HWY_IND,CALTRANS_COUNTY,CALTRANS_DISTRICT,STATE_ROUTE,ROUTE_SUFFIX,POSTMILE_PREFIX,POSTMILE,LOCATION_TYPE,RAMP_INTERSECTION,SIDE_OF_HWY,TOW_AWAY,COLLISION_SEVERITY,NUMBER_KILLED,NUMBER_INJURED,PARTY_COUNT,PRIMARY_COLL_FACTOR,PCF_CODE_OF_VIOL,PCF_VIOL_CATEGORY,PCF_VIOLATION,PCF_VIOL_SUBSECTION,HIT_AND_RUN,TYPE_OF_COLLISION,MVIW,PED_ACTION,ROAD_SURFACE,ROAD_COND_1,ROAD_COND_2,LIGHTING,CONTROL_DEVICE,CHP_ROAD_TYPE,PEDESTRIAN_ACCIDENT,BICYCLE_ACCIDENT,MOTORCYCLE_ACCIDENT,TRUCK_ACCIDENT,NOT_PRIVATE_PROPERTY,ALCOHOL_INVOLVED,STWD_VEHTYPE_AT_FAULT,CHP_VEHTYPE_AT_FAULT,COUNT_SEVERE_INJ,COUNT_VISIBLE_INJ,COUNT_COMPLAINT_PAIN,COUNT_PED_KILLED,COUNT_PED_INJURED,COUNT_BICYCLIST_KILLED,COUNT_BICYCLIST_INJURED,COUNT_MC_KILLED,COUNT_MC_INJURED,PRIMARY_RAMP,SECONDARY_RAMP,LATITUDE,LONGITUDE,COUNTY,CITY,POINT_X,POINT_Y
90404384,2017,2017-07-14,9735,2017-02-11,1355,019700,,6,1,9,2700,0,3,5,,2,003,"ELM AVENUE","ESPINOSA RD",2112.00,E,N,A,-,N,,,,,,,,,,Y,1,1,2,4,A,-,01,23152,A,N,E,I,E,A,H,-,A,A,0,Y,,,,Y,Y,A,01,1,0,1,1,2,0,0,0,0,"- ","- ",36.337690000000002,-121.20522,MONTEREY,UNINCORPORATED,-121.20641431,36.337030720000001
90405782,2017,2017-03-06,9730,2017-02-24,1735,020899,,5,2,9,2700,0,1,3,,1,024,"SR-68 (HOLMAN HWY.)",SR-1,31.00,W,N,A,-,Y,,,68,,,,,,,N,4,0,1,2,A,-,03,22350,,N,C,C,A,A,H,-,A,A,0,,,,,Y,,A,01,0,0,1,0,0,0,0,0,0,"- ","- ",36.575380000000003,-121.91312000000001,MONTEREY,UNINCORPORATED,-121.91305149999999,36.575442760000001
90405805,2017,2017-03-06,9730,2017-02-28,0658,020391,,2,1,9,2700,0,3,5,,2,007,"SALINAS RD",SR-1,690.00,E,N,A,-,N,,,,,,,,,,Y,3,0,2,2,A,-,03,22350,,N,C,C,A,A,H,-,A,D,0,,,,,Y,,A,07,0,1,1,0,0,0,0,0,0,"- ","- ",36.870199999999997,-121.7676,MONTEREY,UNINCORPORATED,-121.77025,36.869669999999999
90405815,2016,2017-03-06,9730,2016-12-16,1517,020065,,5,2,9,2700,0,1,3,,1,068,"SR-68 (MONTEREY/SALINAS HWY.)","STEPHANIE DRIVE",921.00,W,N,A,-,Y,,,68,,,,,,,Y,1,1,1,2,A,-,08,22107,,N,D,C,A,A,H,-,A,D,0,,,,,Y,,A,01,0,0,1,0,0,0,0,0,0,"- ","- ",36.65175,-121.66159,MONTEREY,UNINCORPORATED,-121.66160096999999,36.651753849999999
8127774,2016,2016-09-30,2708,2016-08-04,1022,30285,,4,5,6,2708,0,0,0,,0,,"SALINAS ST","W ALISAL ST",0.00,,Y,A,-,N,,,,,,,,,,Y,4,0,2,2,A,-,12,21453,A,N,D,C,A,A,H,-,A,A,0,,,,,Y,,-,,0,0,2,0,0,0,0,0,0,"- ","- ",,,MONTEREY,SALINAS,-121.65602994,36.673620020000001
8127778,2016,2016-09-30,2708,2016-08-15,1119,37663,,1,5,6,2708,0,0,0,,0,010,"E ALISAL ST","WOOD ST",0.00,,Y,A,-,N,,,,,,,,,,Y,3,0,1,2,A,-,12,21453,A,N,-,C,A,A,H,-,A,A,0,,,,,Y,,-,"- ",0,1,0,0,0,0,0,0,0,"- ","- ",,,MONTEREY,SALINAS,-121.63539987,36.673700019999998
8127782,2016,2016-09-30,2708,2016-08-06,1542,07661,,6,5,6,2708,0,0,0,,0,004,LEWIS,"FAULKNER CIR",0.00,,Y,B,-,N,,,,,,,,,,Y,3,0,1,2,A,-,03,22350,,N,C,C,A,A,H,-,A,D,0,,,,,Y,,-,,0,1,0,0,0,0,0,0,0,"- ","- ",,,MONTEREY,SALINAS,-121.60848993,36.707929999999998
8127786,2016,2016-09-30,2712,2016-08-17,0752,1031,,3,5,3,2712,0,0,0,,0,001,"DEL MONTE BL","RESERVATION RD",50.00,S,N,B,-,N,,,,,,,,,,Y,3,0,1,2,A,-,03,22350,,N,C,C,A,A,H,-,A,A,0,,,,,Y,,A,01,0,1,0,0,0,0,0,0,0,"- ","- ",,,MONTEREY,MARINA,-121.79983074,36.687589150000001
8127806,2016,2016-09-30,2708,2016-08-13,1736,70801,,6,5,6,2708,0,0,0,,0,006,"CASENTINI ST","RICO ST",400.00,E,N,A,-,N,,,,,,,,,,Y,3,0,1,2,A,-,09,21804,A,N,D,C,A,A,H,-,A,D,0,,,,,Y,,-,,0,1,0,0,0,0,0,0,0,"- ","- ",,,MONTEREY,SALINAS,-121.65851029,36.686788960000001
8127810,2016,2016-09-30,2708,2016-08-20,0740,06240,,6,5,6,2708,0,0,0,,0,005,"LINWOOD DR","VALLEJO ST",0.00,,Y,A,-,N,,,,,,,,,,Y,4,0,1,2,C,-,18,,,N,C,E,A,A,H,-,A,D,0,,,,,Y,,-,"- ",0,0,1,0,0,0,0,0,0,"- ","- ",,,MONTEREY,SALINAS,-121.64381998,36.698320019999997
8127814,2016,2016-09-30,2708,2016-08-13,2214,18945,,6,5,6,2708,0,0,0,,0,001,"RUSSELL RD","NORTH MAIN ST",528.00,E,N,A,-,N,,,,,,,,,,Y,3,0,2,3,A,-,03,22350,,F,B,C,A,A,H,-,C,D,0,,,,,Y,,-,,0,1,1,0,0,0,0,0,0,"- ","- ",,,MONTEREY,SALINAS,-121.65451193,36.73394536
8127818,2016,2016-09-30,2708,2016-08-25,1045,53260,,4,5,6,2708,0,0,0,,0,012,"SKYWAY BL","AIRPORT BL",444.00,N,N,A,-,N,,,,,,,,,,Y,4,0,1,2,A,-,05,21460,A,F,-,C,A,A,H,-,A,D,0,,,,,Y,,-,,0,0,1,0,0,0,0,0,0,"- ","- ",,,MONTEREY,SALINAS,-121.61420871,36.667933349999998
8127822,2016,2016-09-30,2708,2016-08-24,2241,06240,,3,5,6,2708,0,0,0,,0,002,"NORTH MAIN ST","NAVAJO DR",0.00,,Y,A,-,N,,,,,,,,,,Y,3,0,5,2,A,-,12,22450,A,N,D,C,A,A,H,-,C,A,0,,,,,Y,,-,,0,1,4,0,0,0,0,0,0,"- ","- ",,,MONTEREY,SALINAS,-121.65324988,36.705700069999999
8127911,2016,2016-10-03,2712,2016-09-12,1650,1052,2712,1,5,3,2712,0,0,0,,0,001,"IMJIN PW","3RD AV",42.00,W,N,B,-,N,,,,,,,,,,Y,3,0,1,3,A,-,03,22350,,N,C,C,A,A,H,-,A,D,0,,,,,Y,,D,22,0,1,0,0,0,0,0,0,0,"- ","- ",,,MONTEREY,MARINA,-121.80468877,36.666508569999998
8132089,2016,2016-10-03,2706,2016-09-20,1413,181,MPD,2,5,4,2706,0,0,0,,0,002,"TYLER ST","DEL MONTE AV",0.00,,Y,A,-,N,,,,,,,,,,Y,3,0,2,2,A,-,12,21453,A,N,D,C,A,A,H,-,A,A,0,,,,,Y,,A,01,0,2,0,0,0,0,0,0,0,"- ","- ",,,MONTEREY,MONTEREY,-121.89317991,36.600770109999999
8132215,2016,2016-09-30,2706,2016-09-09,1419,505,2706,5,5,4,2706,0,0,0,,0,002,"LINDA VISTA DR","MAR VISTA DR",173.00,S,N,A,-,N,,,,,,,,,,Y,3,0,1,1,A,-,08,22107,,N,E,I,A,A,H,-,A,D,0,,,,,Y,,A,01,0,1,0,0,0,0,0,0,0,"- ","- ",,,MONTEREY,MONTEREY,-121.90855443,36.584045570000001
90405823,2016,2017-03-06,9730,2016-10-18,2115,020065,,2,2,9,2700,0,3,5,,2,003,"FOLETTA ROAD","ALTA STREET",5280.00,N,N,A,-,N,,,,,,,,,,Y,1,1,0,3,A,-,11,21954,A,F,G,B,E,A,H,-,D,D,0,Y,,,,Y,,N,60,0,0,0,1,0,0,0,0,0,"- ","- ",36.533670000000001,-121.47886,MONTEREY,UNINCORPORATED,-121.46535,36.523139999999998
90405841,2017,2017-03-06,9730,2017-02-26,1835,021120,,7,2,9,2700,0,1,3,,2,062,SR-1,"CALIFORNIA AVE.",1000.00,S,N,A,-,Y,,,,,,,,,,Y,4,0,2,2,A,-,03,22350,,N,C,C,A,A,H,-,C,D,0,,,,,Y,,A,01,0,0,2,0,0,0,0,0,0,"- ","- ",36.622489999999999,-121.84498000000001,MONTEREY,UNINCORPORATED,-121.84476907,36.622767289999999
90406255,2017,2017-03-06,9735,2017-03-03,1945,020057,,5,2,9,2700,0,1,2,,1,040,"US-101 N/B","HUDSON RD",1320.00,N,N,A,-,Y,,,101,,,,,,N,Y,3,0,1,1,A,-,08,22107,,N,F,A,A,A,H,-,D,D,0,,,,,Y,,A,01,0,1,0,0,0,0,0,0,0,"- ","- ",36.356720000000003,-121.27146,MONTEREY,UNINCORPORATED,-121.2713833,36.356792679999998
90406272,2017,2017-03-06,9735,2017-03-03,1405,017681,,5,2,9,2700,0,3,5,,2,001,"SR-25 SOUTHBOUND",SR-146,1.50,S,N,A,-,Y,,,,,,,,,,Y,3,0,1,1,A,-,08,22107,,N,F,A,A,A,H,-,A,D,0,,,Y,,Y,,C,02,0,1,0,0,0,0,0,0,1,"- ","- ",36.506279999999997,-121.10916,MONTEREY,UNINCORPORATED,,
90406463,2017,2017-03-06,9730,2017-02-27,0810,020208,,1,1,9,2700,0,2,4,,1,073,"SAN MIGUEL CANYON ROAD","LANGLEY CANYON ROAD",5.00,E,N,A,-,N,,,,,,,,,,Y,4,0,1,3,A,-,03,22350,,N,C,C,A,A,H,-,A,D,0,,,,,Y,,A,01,0,0,1,0,0,0,0,0,0,"- ","- ",36.4816,-121.40430000000001,MONTEREY,UNINCORPORATED,-121.66777334,36.804467350000003
90406531,2017,2017-03-06,9730,2017-01-20,2240,020916,,5,3,9,2700,0,1,3,,1,068,SR-68,"TORERO DRIVE",3168.00,W,N,C,-,Y,,,68,,,,,,,Y,1,1,1,2,A,-,05,21650,,N,D,C,A,B,H,-,D,D,0,,,,,Y,,A,07,0,0,1,0,0,0,0,0,0,"- ","- ",36.586970000000001,-121.71184,MONTEREY,UNINCORPORATED,-121.71188184,36.58698674
90407202,2017,2017-03-07,9730,2017-03-02,1735,012332,,4,2,9,2700,0,1,2,,1,070,"US-101 (S/B)","SAN JUAN RD",300.00,S,N,A,-,Y,,,,,,,,,,Y,4,0,1,2,A,-,03,22350,,N,C,C,A,A,H,-,A,D,0,,,,,Y,,A,01,0,0,1,0,0,0,0,0,0,"- ","- ",,,MONTEREY,UNINCORPORATED,,
90407630,2017,2017-03-07,9730,2017-03-03,0428,020065,,5,3,9,2700,0,1,2,,1,070,"US-101 S/B","SALA ROAD O/C",2006.00,S,N,A,-,Y,,,101,,,,,,S,Y,3,0,1,1,A,-,08,22107,,N,E,I,A,A,H,-,D,D,0,,,,,Y,,A,07,0,1,0,0,0,0,0,0,0,"- ","- ",36.738329999999998,-121.65823,MONTEREY,UNINCORPORATED,-121.65846602000001,36.738237750000003
90407645,2017,2017-03-07,9730,2017-03-06,0837,017840,,1,1,9,2700,0,1,3,,1,024,SR-68,"SKYLINE FOREST DR",528.00,W,N,B,-,Y,,,68,,,,,,,Y,4,0,1,2,A,-,03,22350,,N,C,C,A,B,H,-,A,D,0,,,,Y,Y,,A,01,0,0,1,0,0,0,0,0,0,"- ","- ",36.587690000000002,-121.92016,MONTEREY,UNINCORPORATED,-121.92016522999999,36.587685299999997
90408119,2017,2017-03-08,9730,2017-03-02,1910,012332,,4,2,9,2700,0,3,5,,2,005,"RUSSELL RD","VAN BUREN AVE",0.00,,Y,A,-,N,,,,,,,,,,Y,3,0,3,2,A,-,09,21801,A,N,D,C,A,A,H,-,C,D,0,,,,,Y,,A,01,0,1,2,0,0,0,0,0,0,"- ","- ",36.73216,-121.64809,MONTEREY,UNINCORPORATED,-121.64804986,36.732130040000001
90408154,2017,2017-03-08,9730,2017-03-05,0747,019956,,7,1,9,2700,0,1,3,,2,062,"SR-1 N/B","RESERVATION RD",125.00,S,N,B,-,Y,,,,,,,,,,Y,4,0,2,1,A,-,08,22107,,N,E,I,A,B,H,-,A,D,0,,,,,Y,,A,07,0,0,2,0,0,0,0,0,0,"- ","- ",36.696249999999999,-121.80486999999999,MONTEREY,UNINCORPORATED,-121.80485827,36.696388030000001
8132239,2016,2016-09-30,2706,2016-09-18,1344,505,MPD,7,5,4,2706,0,0,0,,0,001,"WAVE ST","HOFFMAN AV",80.00,S,N,A,-,N,,,,,,,,,,N,3,0,2,2,A,-,21,22106,,N,D,C,A,A,H,-,A,D,0,,,Y,,Y,,C,02,0,2,0,0,0,0,0,0,2,"- ","- ",,,MONTEREY,MONTEREY,-121.89992535,36.61424899
8132678,2016,2016-11-21,2708,2016-10-11,0729,82326,,2,5,6,2708,0,0,0,,0,002,"N 1ST ST","W ALVIN DR",0.00,,Y,B,-,N,,,,,,,,,,N,4,0,1,2,A,-,09,21802,A,N,D,C,A,A,H,-,A,D,0,,,,,Y,,-,,0,0,1,0,0,0,0,0,0,"- ","- ",,,MONTEREY,SALINAS,-121.65602996,36.7075101
8132924,2016,2016-10-27,2706,2016-10-17,0742,142,MPD,1,5,4,2706,0,0,0,,0,002,"WASHINGTON ST","DEL MONTE AV",0.00,,Y,A,-,N,,,,,,,,,,N,4,0,1,2,A,-,03,22350,,N,C,C,A,B,H,-,A,A,0,,,,,Y,,D,22,0,0,1,0,0,0,0,0,0,"- ","- ",,,MONTEREY,MONTEREY,-121.89233987,36.60066003
8133123,2016,2016-11-15,2708,2016-10-15,1739,03581,,6,5,6,2708,0,0,0,,0,003,"EAST LAUREL DR","CONSTITUTION BL",31.00,W,N,A,-,N,,,,,,,,,,N,4,0,1,3,A,-,00,21703,A,N,B,C,A,A,H,-,A,A,0,,,,,Y,,A,01,0,0,1,0,0,0,0,0,0,"- ","- ",,,MONTEREY,SALINAS,-121.63239553,36.694540089999997
8133127,2016,2016-11-15,2701,2016-10-18,1638,5548,2701,2,5,2,2701,0,0,0,,0,ALL,"11TH AV","SAN CARLOS ST",36.00,E,N,A,-,N,,,,,,,,,,N,3,0,1,1,A,-,03,22350,,N,E,I,A,A,H,-,A,D,0,,,,,Y,,A,01,0,1,0,0,0,0,0,0,0,"- ","- ",,,MONTEREY,CARMEL,-121.92169742,36.548861350000003
8133135,2016,2016-11-15,2701,2016-10-26,1004,5548,2701,3,5,2,2701,0,0,0,,0,ALL,"OCEAN AV","TORRES ST",0.00,,Y,A,-,N,,,,,,,,,,Y,4,0,3,2,A,-,09,21802,A,N,D,C,A,A,H,-,A,A,0,,,,,Y,,A,01,0,0,3,0,0,0,0,0,0,"- ","- ",,,MONTEREY,CARMEL,-121.91906992,36.555100080000003
8133186,2016,2016-11-15,2708,2016-10-28,1508,13102,,5,5,6,2708,0,0,0,,0,007,"RIKER ST","ROMIE LN",0.00,,Y,A,-,N,,,,,,,,,,Y,4,0,1,2,A,-,09,21802,A,N,D,C,A,A,H,-,A,A,0,,,,,Y,,A,01,0,0,1,0,0,0,0,0,0,"- ","- ",,,MONTEREY,SALINAS,-121.66275996,36.663820110000003
8133190,2016,2016-11-15,2708,2016-10-13,1121,34245,,4,5,6,2708,0,0,0,,0,003,"ALVIN DR","MCKINNON ST",0.00,,Y,A,-,N,,,,,,,,,,Y,2,0,2,2,A,-,12,21453,A,N,D,C,A,A,H,-,A,A,0,,,,,Y,,A,01,1,0,1,0,0,0,0,0,0,"- ","- ",,,MONTEREY,SALINAS,-121.64585,36.707230080000002
8133194,2016,2016-11-15,2708,2016-10-11,1623,4125,,2,5,6,2708,0,0,0,,0,005,"LAUREL DR","CONSTITUTION BL",620.00,W,N,A,-,N,,,,,,,,,,N,4,0,4,3,A,-,04,21703,,N,C,C,A,A,H,-,B,A,0,,,,,Y,,A,01,0,0,4,0,0,0,0,0,0,"- ","- ",,,MONTEREY,SALINAS,-121.63414383999999,36.695320430000002
8133198,2016,2016-11-16,2708,2016-10-17,1021,71633,SALIN,1,5,6,2708,0,0,0,,0,006,"SHERWOOD DR","SIOUX DR",235.00,S,N,A,-,N,,,,,,,,,,N,4,0,2,2,A,-,01,23152,A,F,B,C,A,A,H,-,A,D,0,,,,,Y,Y,A,01,0,0,2,0,0,0,0,0,0,"- ","- ",,,MONTEREY,SALINAS,,
8133713,2016,2016-10-03,2708,2016-07-11,0224,85123,SPD,1,5,6,2708,0,0,0,,0,003,"HARDEN PKY","MCKINNON ST",0.00,,Y,A,-,N,,,,,,,,,,Y,3,0,1,1,A,-,08,22107,,N,E,I,A,A,H,-,C,D,0,,,,,Y,,-,,0,1,0,0,0,0,0,0,0,"- ","- ",,,MONTEREY,SALINAS,-121.64407996,36.712090099999998
8133717,2016,2016-10-11,2708,2016-07-22,1452,08067,,5,5,6,2708,0,0,0,,0,,"OSAGE DR","ADAMS ST",225.00,E,N,A,-,N,,,,,,,,,,,3,0,1,2,A,-,11,21954,A,N,D,G,C,A,H,-,A,D,0,Y,,,,Y,,N,60,0,1,0,0,1,0,0,0,0,"- ","- ",,,MONTEREY,SALINAS,-121.66150930000001,36.704200870000001
90408866,2017,2017-03-22,9730,2017-03-08,1755,020245,,3,2,9,2700,0,3,5,,2,002,"AQUAJITO ROAD","LOMA ALTA ROAD",500.00,E,N,A,-,N,,,,,,,,,,N,3,0,1,2,A,-,09,21801,A,N,D,G,A,A,H,-,A,D,0,,Y,,,Y,,A,01,0,1,0,0,0,0,1,0,0,"- ","- ",36.568570000000001,-121.89561999999999,MONTEREY,UNINCORPORATED,,
90409163,2017,2017-03-09,9735,2017-03-07,1700,019503,,2,2,9,2700,0,1,2,,1,041,"US-101 NORTHBOUND","CENTRAL AVENUE EXTENSION",550.00,S,N,A,-,Y,,,101,,,,,,N,N,4,0,2,2,A,-,08,22107,,N,E,C,A,A,H,-,A,D,0,,,,Y,Y,,G,25,0,0,2,0,0,0,0,0,0,"- ","- ",36.200690000000002,-121.15409,MONTEREY,UNINCORPORATED,-121.15413374000001,36.200655769999997
90409166,2017,2017-03-09,9730,2017-03-05,1625,021338,,7,2,9,2700,0,3,5,,2,006,"RESERVATION ROAD","DAVIS ROAD",3168.00,W,N,B,-,N,,,,,,,,,,Y,3,0,2,2,A,-,09,21801,A,N,D,C,A,A,H,-,A,D,0,,,,,Y,,A,01,0,2,0,0,0,0,0,0,0,"- ","- ",36.643799999999999,-121.71563,MONTEREY,UNINCORPORATED,-121.70768,36.638280000000002
90409172,2017,2017-03-09,9730,2017-03-05,1730,021338,,7,2,9,2700,0,3,5,,2,006,"RESERVATION ROAD","DAVIS ROAD",3168.00,W,N,B,-,N,,,,,,,,,,Y,4,0,2,2,A,-,03,22350,,N,C,C,A,A,H,-,A,D,0,,,,,Y,,A,01,0,0,2,0,0,0,0,0,0,"- ","- ",36.643799999999999,-121.71563,MONTEREY,UNINCORPORATED,-121.70768,36.638280000000002
90409512,2017,2017-03-31,9730,2017-03-03,1640,021120,,5,2,9,2700,0,1,2,,1,050,"US 101 (N/B)","MAIN ST.",1584.00,N,N,A,-,Y,,,,,,,,,,Y,3,0,2,1,A,-,03,22350,,N,F,C,A,A,H,-,A,D,0,,,,,Y,,D,22,0,1,1,0,0,0,0,0,0,"- ","- ",36.690559999999998,-121.65754,MONTEREY,UNINCORPORATED,-121.52153455,36.572675519999997
90410748,2017,2017-03-13,9730,2017-03-04,1420,021338,,6,2,9,2700,0,1,3,,1,068,SR-68,"TORERO DRIVE",2640.00,W,N,A,-,N,,,68,,,,,,,Y,4,0,2,2,A,-,09,21804,A,N,D,C,A,A,H,-,A,D,0,,,,,Y,,A,01,0,0,2,0,0,0,0,0,0,"- ","- ",36.587040000000002,-121.71177,MONTEREY,UNINCORPORATED,-121.71184805,36.587071219999999
90411231,2017,2017-03-13,9730,2017-03-04,0750,019956,,6,1,9,2700,0,2,4,,1,073,"SAN MIGUEL CANYON RD","ECHO VALLEY RD",170.00,S,N,A,-,N,,,,,,,,,,N,4,0,1,3,A,-,03,22350,,M,C,C,A,A,H,-,A,D,0,,,,Y,Y,,A,01,0,0,1,0,0,0,0,0,0,"- ","- ",36.821190000000001,-121.67337000000001,MONTEREY,UNINCORPORATED,-121.67321603000001,36.821239970000001
90411304,2017,2017-03-13,9730,2017-01-18,1330,017502,,3,1,4,2706,0,1,3,,2,062,"SR-1 S/B TO FREMONT STREET","AGUAJITO ROAD",1056.00,N,N,C,-,Y,,,1,,,,R,,S,Y,1,1,0,1,A,-,08,22107,,N,E,I,A,B,H,-,A,D,0,,,,,Y,,D,22,0,0,0,0,0,0,0,0,0,"- ","- ",36.592939999999999,-121.87916,MONTEREY,MONTEREY,-121.87916,36.592939999999999
90411322,2017,2017-03-13,9730,2017-03-04,0150,020916,,6,3,9,2700,0,2,4,,2,063,"W. BLANCO ROAD","ARMSTRONG ROAD",2640.00,W,N,B,-,N,,,,,,,,,,Y,3,0,1,1,A,-,08,22107,,N,F,A,A,A,H,-,D,B,0,,,,,Y,,A,01,0,1,0,0,0,0,0,0,0,"- ","- ",36.678660000000001,-121.71727,MONTEREY,UNINCORPORATED,-121.71692373,36.678710000000002
90411499,2017,2017-03-13,9730,2017-03-07,1208,019818,,2,1,9,2700,0,3,5,,2,004,"ALISAL RD","SPENCE RD",7392.00,N,N,A,-,N,,,,,,,,,,Y,4,0,1,2,A,-,03,22350,,M,C,C,A,A,H,-,A,D,0,,,,,Y,,A,01,0,0,1,0,0,0,0,0,0,"- ","- ",36.63729,-121.56129,MONTEREY,UNINCORPORATED,,
90412015,2017,2017-03-14,9730,2017-03-02,0750,019529,,4,1,9,2700,0,1,3,,2,062,"STATE ROUTE 1 (SOUTHBOUND)","TIOGA AVE.",600.00,S,N,A,-,Y,,,,,,,,,,Y,3,0,2,4,A,-,03,22350,,N,C,C,A,A,H,-,A,D,0,,,,,Y,,D,22,0,1,1,0,0,0,0,0,0,"- ","- ",36.369660000000003,-121.50997,MONTEREY,UNINCORPORATED,-121.85004026,36.616476830000003
8133721,2016,2016-10-03,2708,2016-07-29,1745,74125,,5,5,6,2708,0,0,0,,0,006,"NORTH DAVIS RD","WESTRIDGE PKWY",1010.00,S,N,A,-,N,,,,,,,,,,Y,4,0,1,4,A,-,09,21802,,N,-,C,A,A,H,-,A,A,0,,,,,Y,,-,,0,0,1,0,0,0,0,0,0,"- ","- ",,,MONTEREY,SALINAS,-121.66696521999999,36.701234159999998
8133725,2016,2016-10-03,2708,2016-07-24,1320,19973,,7,5,6,2708,0,0,0,,0,002,"MCKINNON ST","PENNSYLVANIA DR",45.00,S,N,A,-,N,,,,,,,,,,N,2,0,1,2,A,-,08,22100,B,N,D,G,A,A,H,-,A,D,0,,Y,,,Y,Y,L,04,1,0,0,0,0,0,1,0,0,"- ","- ",,,MONTEREY,SALINAS,-121.64402413000001,36.715396900000002
8133736,2016,2016-10-03,2708,2016-06-30,1415,92537,,4,5,6,2708,0,0,0,,0,,"BORONDA RD","NATIVIDAD RD",265.00,W,N,A,-,N,,,,,,,,,,Y,4,0,1,1,A,-,03,22350,,N,H,A,A,A,H,-,A,A,0,,,,,Y,,-,,0,0,1,0,0,0,0,0,0,"- ","- ",,,MONTEREY,SALINAS,-121.62441259000001,36.715656549999999
8134409,2016,2016-11-16,2703,2016-09-27,1420,0098,2703,2,5,2,2703,0,0,0,,0,ALL,"ELKO ST","1ST ST",0.00,N,N,A,-,N,,,,,,,,,,Y,4,0,1,3,A,-,21,22106,,F,B,C,A,A,H,-,A,D,0,,,,Y,Y,,A,01,0,0,1,0,0,0,0,0,0,"- ","- ",,,MONTEREY,GONZALES,-121.43903994999999,36.50685009
8135638,2016,2016-10-06,2706,2016-09-16,1042,505,MPD,5,5,4,2706,0,0,0,,0,001,"DAVID AV","PINE ST",174.00,W,N,A,-,N,,,,,,,,,,Y,4,0,1,2,A,-,08,22107,,N,C,E,A,A,H,-,A,D,0,,,,,Y,,A,01,0,0,1,0,0,0,0,0,0,"- ","- ",,,MONTEREY,MONTEREY,-121.91010932,36.614149189999999
8135642,2016,2017-02-18,2706,2016-09-08,1052,505,2706,4,5,4,2706,0,0,0,,0,003,"RT 68","OLMSTED RD",1535.00,E,N,A,-,Y,MON,5,68,-,-,5.860,H,-,W,Y,4,0,1,2,A,-,04,21703,,N,C,C,A,A,H,-,A,A,0,,,,,Y,,D,22,0,0,1,0,0,0,0,0,0,"- ","- ",,,MONTEREY,MONTEREY,-121.84481716000001,36.582732829999998
8135713,2016,2016-10-05,2706,2016-09-07,1602,031,2706,3,5,4,2706,0,0,0,,0,002,"CAMINO AGUAJITO","FREMONT ST",0.00,,Y,A,-,N,,,,,,,,,,Y,4,0,1,3,A,-,03,22350,,N,C,C,A,A,H,-,A,A,0,,,,,Y,,A,01,0,0,1,0,0,0,0,0,0,"- ","- ",,,MONTEREY,MONTEREY,-121.88249995,36.593760009999997
8135717,2016,2016-10-05,2706,2016-09-10,1148,181,2706,6,5,4,2706,0,0,0,,0,002,"HARTNELL ST","POLK ST",199.00,S,N,A,-,N,,,,,,,,,,Y,3,0,2,3,A,-,03,22350,,N,C,C,A,A,H,-,A,D,0,,,,,Y,Y,A,01,0,1,1,0,0,0,0,0,0,"- ","- ",,,MONTEREY,MONTEREY,-121.89583879,36.596420420000001
8135725,2016,2016-10-05,2706,2016-09-02,1145,181,2706,5,5,4,2706,0,0,0,,0,002,"MUNRAS AV","DEL MONTE CTR M",15.00,E,N,A,-,N,,,,,,,,,,N,4,0,1,2,A,-,17,21200,A,N,D,G,A,A,H,-,A,A,0,,Y,,,Y,,L,04,0,0,1,0,0,0,1,0,0,"- ","- ",,,MONTEREY,MONTEREY,,
8136332,2016,2016-10-06,2712,2016-09-22,2058,1080,,4,5,3,2712,0,0,0,,0,001,"IMJIN PKWY","CALIFORNIA AV",18.00,W,N,A,-,N,,,,,,,,,,Y,4,0,1,2,A,-,09,21800,A,N,D,C,A,A,H,-,C,A,0,,,,,Y,,A,07,0,0,1,0,0,0,0,0,0,"- ","- ",,,MONTEREY,MARINA,-121.79690656,36.666189209999999
8136356,2016,2016-10-06,2712,2016-09-13,1152,1052,2712,2,5,3,2712,0,0,0,,0,001,"RESERVATION RD","RESERVATION RD 267",0.00,,Y,A,-,N,,,,,,,,,,N,4,0,1,2,B,-,22,,,N,C,C,A,A,G,H,A,D,0,,,,,Y,,A,07,0,0,1,0,0,0,0,0,0,"- ","- ",,,MONTEREY,MARINA,,
8136579,2016,2016-10-07,2706,2016-09-13,1855,410,MPD,2,5,4,2706,0,0,0,,0,002,"DEL MONTE AV","CORTES ST",73.00,W,N,A,-,N,,,,,,,,,,N,4,0,2,2,A,-,03,22350,,N,C,C,A,A,H,-,A,A,0,,,,,Y,,A,01,0,0,2,0,0,0,0,0,0,"- ","- ",,,MONTEREY,MONTEREY,-121.88910342,36.600101260000002
90412047,2017,2017-03-14,9730,2017-03-03,1220,016537,,5,1,9,2700,0,3,5,,2,006,"HITCHCOCK RD.","DAVIS RD.",0.00,,Y,A,-,N,,,,,,,,,,Y,4,0,2,2,A,-,12,22450,A,N,D,C,A,A,H,-,A,A,0,,,,,Y,,A,01,0,0,2,0,0,0,0,0,0,"- ","- ",36.658700000000003,-121.69195000000001,MONTEREY,UNINCORPORATED,-121.69199996,36.6587101