CASE_ID,ACCIDENT_YEAR,PROC_DATE,JURIS,COLLISION_DATE,COLLISION_TIME,OFFICER_ID,REPORTING_DISTRICT,DAY_OF_WEEK,CHP_SHIFT,POPULATION,CNTY_CITY_LOC,SPECIAL_COND,BEAT_TYPE,CHP_BEAT_TYPE,CITY_DIVISION_LAPD,CHP_BEAT_CLASS,BEAT_NUMBER,PRIMARY_RD,SECONDARY_RD,DISTANCE,DIRECTION,INTERSECTION,WEATHER_1,WEATHER_2,STATE_HWY_IND,CALTRANS_COUNTY,CALTRANS_DISTRICT,STATE_ROUTE,ROUTE_SUFFIX,POSTMILE_PREFIX,POSTMILE,LOCATION_TYPE,RAMP_INTERSECTION,SIDE_OF_HWY,TOW_AWAY,COLLISION_SEVERITY,NUMBER_KILLED,NUMBER_INJURED,PARTY_COUNT,PRIMARY_COLL_FACTOR,PCF_CODE_OF_VIOL,PCF_VIOL_CATEGORY,PCF_VIOLATION,PCF_VIOL_SUBSECTION,HIT_AND_RUN,TYPE_OF_COLLISION,MVIW,PED_ACTION,ROAD_SURFACE,ROAD_COND_1,ROAD_COND_2,LIGHTING,CONTROL_DEVICE,CHP_ROAD_TYPE,PEDESTRIAN_ACCIDENT,BICYCLE_ACCIDENT,MOTORCYCLE_ACCIDENT,TRUCK_ACCIDENT,NOT_PRIVATE_PROPERTY,ALCOHOL_INVOLVED,STWD_VEHTYPE_AT_FAULT,CHP_VEHTYPE_AT_FAULT,COUNT_SEVERE_INJ,COUNT_VISIBLE_INJ,COUNT_COMPLAINT_PAIN,COUNT_PED_KILLED,COUNT_PED_INJURED,COUNT_BICYCLIST_KILLED,COUNT_BICYCLIST_INJURED,COUNT_MC_KILLED,COUNT_MC_INJURED,PRIMARY_RAMP,SECONDARY_RAMP,LATITUDE,LONGITUDE,COUNTY,CITY,POINT_X,POINT_Y
90412299,2017,2017-03-14,9730,2017-03-13,0849,019569,,1,1,9,2700,0,2,4,,1,023,"CARMEL VALLEY ROAD","RANCHO SAN CARLOS ROAD",528.00,W,N,A,-,N,,,,,,,,,,Y,4,0,2,2,A,-,03,22350,,N,C,C,A,A,H,-,A,A,0,,,,,Y,,A,01,0,0,2,0,0,0,0,0,0,"- ","- ",36.539929999999998,-121.87266,MONTEREY,UNINCORPORATED,-121.87236179,36.539883490000001
90412616,2017,2017-03-15,9730,2017-03-14,0815,017502,,2,1,4,2706,0,1,3,,2,062,"SR-1 S/B","SR-68 (SALINAS) O/C",1056.00,N,N,A,-,Y,,,1,,,,,,S,Y,4,0,1,3,A,-,03,22350,,N,C,C,A,A,H,-,A,D,0,,,,,Y,,D,22,0,0,1,0,0,0,0,0,0,"- ","- ",36.596699999999998,-121.8665,MONTEREY,MONTEREY,-121.86658605,36.596774840000002
90412865,2017,2017-03-15,9730,2017-03-11,1705,021120,,6,2,9,2700,0,2,4,,1,073,"SAN MIGUEL CANYON ROAD","CASTROVILLE BLVD.",540.00,E,N,A,-,N,,,,,,,,,,Y,2,0,1,3,A,-,08,22107,,N,A,C,A,A,H,-,A,D,0,,,,,Y,,A,01,1,0,0,0,0,0,0,0,0,"- ","- ",36.807389999999998,-121.67053,MONTEREY,UNINCORPORATED,-121.67053794,36.807408359999997
90412968,2017,2017-03-15,9730,2017-03-15,0645,017840,,3,1,9,2700,0,1,2,,1,070,"US-101 NB","REESE CIRCLE",0.00,,Y,B,-,Y,,,101,,,,,,N,Y,4,0,1,1,A,-,03,22350,,N,F,A,A,A,H,-,A,A,0,,,,,Y,,A,01,0,0,1,0,0,0,0,0,0,"- ","- ",36.772289999999998,-121.66855,MONTEREY,UNINCORPORATED,-121.66911364000001,36.77225696
90413166,2017,2017-03-15,9730,2017-03-13,1730,012332,,1,2,9,2700,0,3,5,,2,006,"BLACKIE RD","BORROMEO DR",1320.00,W,N,A,-,N,,,,,,,,,,Y,4,0,1,2,A,-,09,21804,A,N,D,C,A,A,H,-,A,D,0,,,Y,,Y,,A,01,0,0,1,0,0,0,0,0,1,"- ","- ",36.775860000000002,-121.68398000000001,MONTEREY,UNINCORPORATED,-121.67777981,36.775260009999997
90413943,2017,2017-03-16,9735,2017-02-18,1600,017681,,6,2,9,2700,0,1,2,,1,040,"US-101 SOUTHBOUND","THORNE ROAD",1056.00,N,N,B,-,Y,,,101,,,,,,S,Y,1,1,0,1,A,-,01,23152,A,N,E,I,A,A,H,-,A,D,0,,,,,Y,Y,A,01,0,0,0,0,0,0,0,0,0,"- ","- ",36.341569999999997,-121.25744,MONTEREY,UNINCORPORATED,-121.25730724,36.341689150000001
90414992,2017,2017-03-20,9730,2017-03-11,1500,020584,,6,2,4,2710,0,1,3,,2,062,"SR-1 S/B","FREMONT ST. (SEASIDE)",144.00,S,N,A,-,Y,,,1,,,,,,S,N,4,0,1,2,A,-,03,22350,,N,C,C,A,A,H,-,A,D,0,,,,,Y,,A,01,0,0,1,0,0,0,0,0,0,"- ","- ",36.623899999999999,-121.8432,MONTEREY,SEASIDE,-121.84315592,36.623783410000001
90414993,2017,2017-03-20,9730,2017-03-11,0315,020677,,6,3,9,2700,0,1,2,,1,070,"US-101 N/B","MALLORY CYN RD.",540.00,N,N,A,-,Y,,,101,,,,,,N,Y,3,0,1,2,A,-,03,22350,,F,C,C,A,A,H,-,D,D,0,,,,,Y,,-,99,0,1,0,0,0,0,0,0,0,"- ","- ",36.816159999999996,-121.63693000000001,MONTEREY,UNINCORPORATED,-121.63696992,36.816234809999997
90415002,2017,2017-03-20,9730,2017-03-12,1455,021120,,7,2,9,2700,0,3,5,,2,005,"POLLOCK LN.","PESANTE RD.",74.00,S,N,A,-,N,,,,,,,,,,Y,3,0,1,1,A,-,08,22107,,N,F,A,A,A,H,-,A,D,0,,,,,Y,,A,07,0,1,0,0,0,0,0,0,0,"- ","- ",36.776400000000002,-121.6631,MONTEREY,UNINCORPORATED,-121.66312478,36.776506740000002
90415018,2017,2017-03-20,9730,2017-03-13,0900,018350,,1,1,9,2700,0,1,3,,1,068,"SR-68 W/B (SALINAS-MONTEREY HIGHWAY)","PORTOLA ROAD",348.00,W,N,A,-,Y,,,68,,,,,,W,Y,2,0,1,3,A,-,03,22350,,N,C,C,A,A,H,-,A,D,0,,,,,Y,,D,22,1,0,0,0,0,0,0,0,0,"- ","- ",36.6068,-121.69347999999999,MONTEREY,UNINCORPORATED,-121.69348536,36.606803540000001
8136628,2016,2016-10-10,2706,2016-09-12,1634,896,MPD,1,5,4,2706,0,0,0,,0,003,"NORTH FREMONT ST","CASANOVA AV",40.00,E,N,B,-,N,,,,,,,,,,N,4,0,1,2,A,-,03,22350,,N,C,C,A,A,H,-,A,A,0,,,,,Y,,A,01,0,0,1,0,0,0,0,0,0,"- ","- ",,,MONTEREY,MONTEREY,-121.85310088999999,36.597705210000001
8137683,2016,2017-02-24,2708,2016-08-20,1617,70843,,6,5,6,2708,0,0,0,,0,,"WEST MARKET ST","STONE ST",75.00,W,N,A,-,Y,MON,5,183,-,-,0.910,H,-,N,Y,4,0,1,2,A,-,10,21954,B,N,B,B,E,A,H,-,A,D,0,Y,,,,Y,,-,,0,0,1,0,1,0,0,0,0,"- ","- ",,,MONTEREY,SALINAS,-121.65946484,36.678853140000001
8137692,2016,2016-11-04,2706,2016-08-16,2500,810,MPD,2,5,4,2706,0,0,0,,0,001,"LIGHTHOUSE AV","HOFFMAN AV",70.00,N,N,A,-,N,,,,,,,,,,N,4,0,1,2,A,-,10,21954,B,M,G,B,E,A,H,-,A,D,0,Y,,,,Y,,A,01,0,0,1,0,1,0,0,0,0,"- ","- ",,,MONTEREY,MONTEREY,-121.90184508,36.613718519999999
8137716,2016,2016-10-13,2708,2016-08-16,1423,56793,,2,5,6,2708,0,0,0,,0,009,"ABBOTT ST","EAST BLANCO RD",0.00,,Y,A,-,N,,,,,,,,,,Y,4,0,1,2,A,-,08,22107,,N,D,C,A,A,H,-,A,A,0,,,,,Y,,-,,0,0,1,0,0,0,0,0,0,"- ","- ",,,MONTEREY,SALINAS,-121.63583989,36.657250050000002
8137720,2016,2016-10-13,2708,2016-08-23,1640,58340,,2,5,6,2708,0,0,0,,0,,"TOWT ST","ACOSTA ST",0.00,,Y,A,-,N,,,,,,,,,,Y,3,0,1,4,A,-,09,21802,A,M,D,C,A,A,H,-,A,D,0,,,,,Y,,A,01,0,1,0,0,0,0,0,0,0,"- ","- ",,,MONTEREY,SALINAS,-121.61691997,36.679640079999999
8137724,2016,2016-10-13,2708,2016-08-26,0714,19595,,5,5,6,2708,0,0,0,,0,008,"SHERWOOD DR","EAST MARKET ST",10.00,N,N,A,-,N,,,,,,,,,,Y,4,0,1,2,A,-,03,22350,,F,-,C,A,A,-,-,A,A,0,,,,,Y,,-,,0,0,1,0,0,0,0,0,0,"- ","- ",,,MONTEREY,SALINAS,-121.65002,36.678377470000001
8137824,2016,2016-10-24,2708,2016-09-19,1354,19003,,1,5,6,2708,0,0,0,,0,008,"JOHN ST","SPRING ST",0.00,,Y,A,-,N,,,,,,,,,,Y,4,0,3,2,A,-,07,21658,A,N,B,C,A,A,H,-,A,A,0,,,,,Y,,-,,0,0,3,0,0,0,0,0,0,"- ","- ",,,MONTEREY,SALINAS,-121.64577995,36.669750059999998
8137851,2016,2016-10-12,2708,2016-09-30,0449,54370,,5,5,6,2708,0,0,0,,0,009,"ABBOTT ST","MERRILL ST",0.00,,Y,A,-,N,,,,,,,,,,Y,4,0,2,2,A,-,09,21801,A,N,D,C,A,A,H,-,C,D,0,,,,,Y,,-,,0,0,2,0,0,0,0,0,0,"- ","- ",,,MONTEREY,SALINAS,-121.63159994,36.655470059999999
8137892,2016,2016-10-12,2708,2016-09-15,0759,56793,,4,5,6,2708,0,0,0,,0,,CONSTITUTION,"LAS CASITAS",0.00,,Y,A,-,N,,,,,,,,,,Y,3,0,2,1,A,-,08,22107,,N,F,I,A,A,H,-,A,A,0,,,,,Y,,-,,0,2,0,0,0,0,0,0,0,"- ","- ",,,MONTEREY,SALINAS,-121.61258991,36.698780040000003
8137908,2016,2016-10-12,2708,2016-09-07,0642,54370,,3,5,6,2708,0,0,0,,0,012,"JOHN ST","E ALISAL ST",70.00,W,N,A,-,N,,,,,,,,,,N,4,0,1,2,A,-,09,21804,A,N,D,C,A,A,H,-,A,D,0,,,,,Y,,-,,0,0,1,0,0,0,0,0,0,"- ","- ",,,MONTEREY,SALINAS,-121.6199855,36.67198045
8137912,2016,2016-10-12,2708,2016-09-15,0739,31977,,4,5,6,2708,0,0,0,,0,007,"WEST MARKET ST","CLARK ST",0.00,,Y,A,-,N,,,,,,,,,,Y,4,0,2,2,A,-,09,21802,A,N,D,C,A,A,H,-,A,D,0,,,,,Y,,-,,0,0,2,0,0,0,0,0,0,"- ","- ",,,MONTEREY,SALINAS,-121.67085987999999,36.683310059999997
8137916,2016,2016-10-12,2708,2016-09-17,1458,53260,,6,5,6,2708,0,0,0,,0,001,"NORTH DAVIS RD","BORONDA CROSSING LN",0.00,,Y,A,-,N,,,,,,,,,,Y,3,0,4,2,A,-,12,21453,A,N,D,C,A,A,H,-,A,A,0,,,,,Y,,-,,0,3,1,0,0,0,0,0,0,"- ","- ",,,MONTEREY,SALINAS,-121.66704993,36.720210080000001
90415360,2017,2017-03-20,9730,2017-03-16,0040,019127,,4,3,9,2700,0,1,2,,1,070,"NB US-101 SALA RD. OFF-RAMP","SALA RD.",0.00,,Y,B,-,Y,,,101,,,,,,,Y,4,0,1,1,A,-,03,22350,,N,E,I,A,A,H,-,C,A,0,,,,,Y,,A,01,0,0,1,0,0,0,0,0,0,"- ","- ",36.74389,-121.65958999999999,MONTEREY,UNINCORPORATED,-121.66039379,36.743587230000003
90415522,2017,2017-03-20,9730,2017-03-14,1850,021359,,2,2,9,2700,0,1,3,,2,062,"SR-1 N/B",SR-68,500.00,S,N,A,-,Y,,,1,,,,,,N,Y,3,0,1,3,A,-,07,21658,A,N,B,C,A,A,H,-,D,D,0,,,,,Y,,A,01,0,1,0,0,0,0,0,0,0,"- ","- ",36.593899999999998,-121.87309999999999,MONTEREY,UNINCORPORATED,-121.87310889,36.593954940000003
90415812,2017,2017-03-20,9730,2017-03-14,1800,020245,,2,2,4,2710,0,1,3,,2,062,"STATE HIGHWAY 1","FREMONT BOULEVARD",2000.00,N,N,A,-,Y,,,1,,,,,,,Y,4,0,1,2,A,-,03,22350,,N,C,C,A,A,H,-,A,D,0,,,Y,,Y,,C,02,0,0,1,0,0,0,0,0,1,"- ","- ",36.628819999999997,-121.83747,MONTEREY,SEASIDE,-121.83752156,36.628866799999997
90415913,2017,2017-03-20,9730,2017-03-16,1540,020584,,4,2,9,2700,0,3,5,,2,003,"HARRIS RD.","ABBOTT ST.",5500.00,S,N,A,-,N,,,,,,,,,,Y,3,0,1,3,A,-,06,21751,,N,B,C,A,A,H,-,A,D,0,,,,Y,Y,,A,01,0,1,0,0,0,0,0,0,0,"- ","- ",36.627429999999997,-121.62752999999999,MONTEREY,UNINCORPORATED,-121.62303008000001,36.632523630000001
90415955,2017,2017-03-20,9730,2017-03-16,1207,019745,,4,1,9,2700,0,2,4,,1,075,"SAN JUAN RD","SALINAS RD",90.00,W,N,A,-,N,,,,,,,,,,Y,3,0,2,3,A,-,03,22350,,N,C,C,A,A,H,-,A,D,0,,,,,Y,,A,07,0,1,1,0,0,0,0,0,0,"- ","- ",36.904499999999999,-121.7487,MONTEREY,UNINCORPORATED,-121.74875780000001,36.90449563
90416412,2017,2017-03-21,9730,2017-03-17,0730,017502,,5,1,9,2700,0,3,5,,2,002,"PINE HILLS DRIVE","OUTLOOK  DRIVE",1584.00,N,N,A,-,N,,,,,,,,,,Y,3,0,1,1,A,-,08,22107,,N,E,I,A,A,H,-,A,D,0,,,,,Y,,A,01,0,1,0,0,0,0,0,0,0,"- ","- ",36.559899999999999,-121.89409999999999,MONTEREY,UNINCORPORATED,-121.89372674000001,36.56013506
90416462,2017,2017-03-21,9730,2017-03-17,1250,019956,,5,1,9,2700,0,3,5,,2,007,"SALINAS RD","WERNER RD",0.00,,Y,A,-,N,,,,,,,,,,Y,4,0,1,2,A,-,09,21802,A,N,D,C,A,A,H,-,A,A,0,,,,,Y,,A,07,0,0,1,0,0,0,0,0,0,"- ","- ",36.878450000000001,-121.75012,MONTEREY,UNINCORPORATED,-121.75139999,36.878270030000003
90416612,2017,2017-03-22,9735,2017-03-18,1443,020057,,6,2,9,2700,0,1,2,,2,042,"US-101 S/B","WILD HORSE RD",3696.00,S,N,A,-,Y,,,101,,,,,,S,Y,4,0,1,1,A,-,08,22107,,N,F,A,A,A,H,-,A,D,0,,,,,Y,,A,01,0,0,1,0,0,0,0,0,0,"- ","- ",36.179130000000001,-121.06395999999999,MONTEREY,UNINCORPORATED,-121.06407519,36.179060560000003
90416619,2017,2017-03-22,9735,2017-03-19,1850,020057,,7,2,9,2700,0,3,5,,2,003,"METZ RD.","BLUE JAY LN.",8976.00,S,N,A,-,N,,,,,,,,,,Y,4,0,1,1,A,-,08,22107,,N,F,A,A,A,H,-,A,D,0,,,,,Y,,A,01,0,0,1,0,0,0,0,0,0,"- ","- ",36.378680000000003,-121.24083,MONTEREY,UNINCORPORATED,-121.24496219,36.383992720000002
90416891,2016,2017-03-24,9730,2016-07-03,2240,019934,,7,3,9,2700,0,1,2,,1,030,"US101 N/B","CAMPHORA GLORIA O/C",2640.00,S,N,B,-,Y,,,101,,,,,,N,N,2,0,1,1,C,-,18,,,F,H,A,A,A,H,-,D,D,0,,,,,Y,Y,-,"- ",1,0,0,0,0,0,0,0,0,"- ","- ",36.443980000000003,-121.35590000000001,MONTEREY,UNINCORPORATED,-121.35587311,36.444021730000003
90417036,2017,2017-03-22,9730,2017-03-14,1530,020245,,2,2,1,2702,0,2,S,,2,901,"RANCHO SAUCITO LANE","SOUTH BOUNDRY ROAD",0.00,,Y,A,-,N,,,,,,,,,,Y,4,0,1,2,A,-,09,21801,A,N,B,C,A,A,H,-,A,A,0,,,,,Y,,D,22,0,0,1,0,0,0,0,0,0,"- ","- ",36.580240000000003,-121.81286,MONTEREY,"DEL REY OAKS",,
90417257,2017,2017-03-22,9730,2017-03-14,1812,018543,,2,2,9,2700,0,1,3,,1,074,SR-1,"STRUVE ROAD",200.00,S,N,A,-,Y,,,1,,,,,,,Y,3,0,1,2,A,-,01,23152,A,N,F,C,A,A,H,-,A,D,0,,,,,Y,Y,A,07,0,1,0,0,0,0,0,0,0,"- ","- ",36.83079,-121.77106999999999,MONTEREY,UNINCORPORATED,-121.7710613,36.83078785
90417984,2017,2017-03-22,9735,2017-03-22,0630,017257,,3,1,9,2700,0,1,2,,2,042,"MESA VERDE RD","FIRST STREET",528.00,S,N,C,-,N,,,,,,,,,,N,4,0,1,2,A,-,03,22350,,N,D,C,A,B,H,-,D,D,0,,,,,Y,,D,22,0,0,1,0,0,0,0,0,0,"- ","- ",36.199449999999999,-121.11185999999999,MONTEREY,UNINCORPORATED,-121.11150071,36.199347469999999
90418051,2017,2017-03-22,9730,2017-03-21,1050,019239,,2,1,9,2700,0,1,2,,1,070,"US-101 NB","SALA RD O/C",200.00,S,N,B,C,Y,,,101,,,,,,N,N,4,0,1,1,A,-,03,22350,,N,E,I,A,B,H,-,A,D,0,,,,,Y,,A,01,0,0,1,0,0,0,0,0,0,"- ","- ",36.742609999999999,-121.65973,MONTEREY,UNINCORPORATED,-121.65998895,36.74251246
90418303,2017,2017-03-23,9730,2017-03-17,1730,021120,,5,2,9,2700,0,1,3,,1,068,"SR-68 W/B","YORK RD.",850.00,E,N,A,-,Y,,,68,,,,,,W,Y,4,0,2,3,A,-,03,22350,,N,C,C,A,A,H,-,A,D,0,,,,,Y,,A,01,0,0,2,0,0,0,0,0,0,"- ","- ",36.570990000000002,-121.80551,MONTEREY,UNINCORPORATED,-121.80551767999999,36.570949990000003
90418506,2017,2017-07-31,9730,2017-03-21,1008,019239,,2,1,6,2708,0,1,2,,1,050,"US-101 NB FROM LAUREL DR EB","LAUREL DR O/C",50.00,S,N,B,C,Y,,,101,,,,R,,N,Y,4,0,1,1,A,-,03,22350,,N,E,I,A,B,H,-,A,D,0,,,,,Y,,A,01,0,0,1,0,0,0,0,0,0,"- ","- ",36.69755,-121.66412,MONTEREY,SALINAS,-121.66412,36.69755
90418791,2017,2017-03-23,9730,2017-03-12,0425,020916,,7,3,9,2700,0,1,2,,1,070,"US-101 SOUTHBOUND","PESANTE ROAD",396.00,N,N,A,-,Y,,,101,,,,,,S,Y,3,0,1,1,A,-,08,22107,,M,E,A,A,A,H,-,D,D,0,,,,,Y,,A,01,0,1,0,0,0,0,0,0,0,"- ","- ",36.777140000000003,-121.66964,MONTEREY,UNINCORPORATED,-121.66961773,36.777141469999997
90420065,2017,2017-03-24,9735,2017-03-12,0043,020417,,7,3,9,2700,0,1,2,,2,045,"US-101 N/B","BRADLEY RD.",607.00,N,N,A,-,Y,,,101,,,,,,N,Y,3,0,1,1,A,-,08,22107,,N,E,I,A,A,H,-,D,D,0,,,,,Y,,A,01,0,1,0,0,0,0,0,0,0,"- ","- ",35.818069999999999,-120.75579999999999,MONTEREY,UNINCORPORATED,-120.75602316,35.817935040000002
90420132,2017,2017-03-24,9735,2017-03-18,2347,020168,,6,3,9,2700,0,3,5,,2,002,"CENTRAL AVE","KENNER RD",1584.00,S,N,A,-,Y,,,,,,,,,,Y,3,0,1,1,A,-,01,23152,A,N,F,A,A,A,H,-,D,D,0,,,,,Y,Y,A,01,0,1,0,0,0,0,0,0,0,"- ","- ",36.28537,-121.23815,MONTEREY,UNINCORPORATED,,
90420195,2017,2017-03-24,9730,2017-03-22,0900,017502,,3,1,4,2706,0,1,3,,2,062,"SR-1 S/B TO FREMONT STREET","AGUAJITO ROAD",100.00,E,N,C,-,Y,,,1,,,,R,,S,N,4,0,5,3,A,-,03,22350,,N,C,C,A,B,H,-,A,A,0,,,,,Y,,A,07,0,0,5,0,0,0,0,0,0,"- ","- ",36.593670000000003,-121.88191999999999,MONTEREY,MONTEREY,-121.88191999999999,36.593670000000003
90421006,2017,2017-03-27,9730,2017-03-17,2039,020621,,5,2,9,2700,0,1,2,,1,070,"N/B US-101","CRAZY HORSE CANYON ROAD",200.00,S,N,A,-,Y,,,101,,,,,,,Y,3,0,4,2,A,-,07,21658,A,N,F,A,A,A,H,-,D,D,0,,,,,Y,,A,01,0,1,3,0,0,0,0,0,0,"- ","- ",36.817500000000003,-121.63428,MONTEREY,UNINCORPORATED,-121.63430852,36.81756017
90421013,2017,2017-03-27,9730,2017-03-21,0820,019569,,2,1,9,2700,0,2,4,,1,073,"ELKHORN RD","SALINAS RD",120.00,S,N,C,-,N,,,,,,,,,,Y,3,0,1,2,A,-,03,22350,,N,B,C,A,B,H,-,A,D,0,,,,Y,Y,,G,25,0,1,0,0,0,0,0,0,0,"- ","- ",36.881880000000002,-121.74679999999999,MONTEREY,UNINCORPORATED,-121.74682479000001,36.882723329999997
90421306,2017,2017-03-27,9730,2017-03-20,2200,020896,,1,3,9,2700,0,1,3,,2,062,"SR-1 SOUTHBOUND","MUNRAS AVE UNDERCROSSING",200.00,S,N,C,-,Y,,,,,,,,,,Y,3,0,1,1,A,-,03,22350,,N,E,I,A,B,H,-,D,D,0,,,,,Y,,D,22,0,1,0,0,0,0,0,0,0,"- ","- ",36.582180000000001,-121.89958,MONTEREY,UNINCORPORATED,,
90421596,2017,2017-03-27,9730,2017-03-22,0455,019127,,3,3,9,2700,0,1,2,,1,070,"US-101 N/B","REESE CIR.",1584.00,S,N,B,C,Y,,,101,,,,,,N,Y,4,0,1,2,A,-,03,22350,,N,E,I,A,B,H,-,D,D,0,,,,,Y,,A,01,0,0,1,0,0,0,0,0,0,"- ","- ",36.768070000000002,-121.66867000000001,MONTEREY,UNINCORPORATED,-121.66869831,36.768063419999997
90421692,2017,2017-06-01,9730,2017-03-23,1515,012332,,4,2,9,2700,0,3,5,,2,005,"CALLE DEL ADOBE","POST DR",0.00,,Y,A,-,N,,,,,,,,,,Y,3,0,1,3,A,-,09,21801,A,N,D,C,A,A,H,-,A,D,0,,,,,Y,,A,07,0,1,0,0,0,0,0,0,0,"- ","- ",36.698070000000001,-121.67076,MONTEREY,UNINCORPORATED,-121.6706999,36.698030070000002
90421853,2017,2017-03-27,9730,2017-03-23,0725,017840,,4,1,9,2700,0,3,5,,2,003,"RIVER ROAD",SR-68,75.00,S,N,A,-,N,,,,,,,,,,N,4,0,1,2,A,-,01,23152,E,N,C,C,A,A,H,-,A,A,0,,,,,Y,,A,01,0,0,1,0,0,0,0,0,0,"- ","- ",36.624040000000001,-121.68116999999999,MONTEREY,UNINCORPORATED,,
90421878,2017,2017-03-27,9730,2017-03-21,0955,020208,,2,1,9,2700,0,1,2,,1,070,"US-101 S/B","DUNBARTON ROAD",2640.00,S,N,C,-,Y,,,101,,,,,,S,Y,4,0,1,1,A,-,03,22350,,N,E,I,A,B,H,-,A,D,0,,,,,Y,,D,22,0,0,1,0,0,0,0,0,0,"- ","- ",36.829990000000002,-121.62948,MONTEREY,UNINCORPORATED,-121.62950764,36.82997392
90421900,2017,2017-03-27,9730,2017-03-20,1545,020208,,1,2,9,2700,0,1,2,,1,050,"US-101 N/B","MARKET STREET",925.00,N,N,C,-,Y,,,,,,,,,,Y,3,0,1,2,A,-,03,22350,,N,D,C,A,B,H,-,A,D,0,,,,,Y,,D,22,0,1,0,0,0,0,0,0,0,"- ","- ",36.68018,-121.64190000000001,MONTEREY,UNINCORPORATED,-121.64189652,36.68012968
90421906,2017,2017-03-27,9730,2017-03-25,1320,019818,,6,1,9,2700,0,1,3,,1,072,SR-156,"MERIDIAN RD",528.00,E,N,A,-,Y,,,156,,,,,,,Y,4,0,3,2,A,-,03,22350,,N,C,C,A,A,H,-,A,D,0,,,,,Y,,A,01,0,0,3,0,0,0,0,0,0,"- ","- ",36.788490000000003,-121.67672,MONTEREY,UNINCORPORATED,-121.67671021,36.788428330000002
90421916,2017,2017-03-27,9730,2017-03-25,1340,019956,,6,1,9,2700,0,1,3,,2,062,"SR-1 S/B","TIOGA AVE",66.00,S,N,A,-,Y,,,,,,,,,,Y,4,0,3,3,A,-,03,22350,,N,C,C,A,A,H,-,A,D,0,,,,,Y,,A,01,0,0,3,0,0,0,0,0,0,"- ","- ",36.617690000000003,-121.84911,MONTEREY,UNINCORPORATED,-121.84902884,36.617696039999998
90421920,2017,2017-03-27,9730,2017-03-25,1908,020621,,6,2,9,2700,0,3,5,,2,007,"VEGA ROAD","EAGLEHILL DRIVE",2640.00,W,N,A,-,N,,,,,,,,,,Y,4,0,1,1,A,-,08,22107,,N,E,I,A,A,H,-,B,D,0,,,,,Y,,A,07,0,0,1,0,0,0,0,0,0,"- ","- ",36.888919999999999,-121.71982,MONTEREY,UNINCORPORATED,-121.71895119,36.889692310000001
90422336,2017,2017-03-28,9730,2017-03-19,2320,020701,,7,3,9,2700,0,3,5,,2,003,"ABBOTT STREET","340 EL CAMINO REAL SOUTH DRIVEWAY",0.00,,Y,A,-,N,,,,,,,,,,Y,4,0,1,2,A,-,09,21804,A,N,D,C,A,A,H,-,C,A,0,,,,,Y,,A,01,0,0,1,0,0,0,0,0,0,"- ","- ",36.629860000000001,-121.59173,MONTEREY,UNINCORPORATED,,
90423315,2017,2017-03-29,9735,2017-03-28,1410,016816,,2,2,9,2700,0,1,2,,1,040,"US-101 S/B","HUDSON RD.",200.00,S,N,A,-,Y,,,101,,,,,,S,N,4,0,1,2,A,-,03,22350,,N,C,C,A,A,H,-,A,D,0,,,,,Y,,A,01,0,0,1,0,0,0,0,0,0,"- ","- ",36.350920000000002,-121.26599,MONTEREY,UNINCORPORATED,-121.26606898,36.35084758
8137920,2016,2016-10-12,2708,2016-09-27,1505,56793,,2,5,6,2708,0,0,0,,0,,"NORTH SANBORN RD","MOHAR ST",50.00,N,N,A,-,N,,,,,,,,,,N,4,0,1,2,A,-,09,21801,A,N,D,C,A,A,H,-,A,D,0,,,,,Y,,-,,0,0,1,0,0,0,0,0,0,"- ","- ",,,MONTEREY,SALINAS,-121.61880077000001,36.684129329999998
8138489,2016,2016-10-13,2708,2016-07-06,1551,19003,,3,5,6,2708,0,0,0,,0,001,"NORTH DAVIS RD","BORONDA CROSSING PL",792.00,N,N,A,-,N,,,,,,,,,,Y,4,0,2,1,A,-,03,22350,,N,F,I,A,A,H,-,A,D,0,,,,,Y,,-,,0,0,2,0,0,0,0,0,0,"- ","- ",,,MONTEREY,SALINAS,-121.66498498999999,36.721613339999998
8138514,2016,2016-10-13,2704,2016-08-06,1734,7150,2704,6,5,3,2704,0,0,0,,0,006,"DEL PONTE DR","APPLE AV",0.00,,N,A,-,N,,,,,,,,,,N,4,0,1,2,C,-,18,,,N,G,B,A,A,H,-,A,D,0,,,,,Y,,-,"- ",0,0,1,0,0,0,0,0,0,"- ","- ",,,MONTEREY,GREENFIELD,-121.23293996,36.331090039999999
8140562,2016,2016-10-11,2708,2016-09-08,0817,35838,SALIM,4,5,6,2708,0,0,0,,0,005,"CHAPARRAL ST","TAMPICO AV",45.00,W,N,B,-,N,,,,,,,,,,N,4,0,2,2,A,-,21,22106,,N,A,C,A,A,H,-,A,D,0,,,,,Y,,-,,0,0,2,0,0,0,0,0,0,"- ","- ",,,MONTEREY,SALINAS,-121.63876731000001,36.701234820000003