CASE_ID,ACCIDENT_YEAR,PROC_DATE,JURIS,COLLISION_DATE,COLLISION_TIME,OFFICER_ID,REPORTING_DISTRICT,DAY_OF_WEEK,CHP_SHIFT,POPULATION,CNTY_CITY_LOC,SPECIAL_COND,BEAT_TYPE,CHP_BEAT_TYPE,CITY_DIVISION_LAPD,CHP_BEAT_CLASS,BEAT_NUMBER,PRIMARY_RD,SECONDARY_RD,DISTANCE,DIRECTION,INTERSECTION,WEATHER_1,WEATHER_2,STATE_HWY_IND,CALTRANS_COUNTY,CALTRANS_DISTRICT,STATE_ROUTE,ROUTE_SUFFIX,POSTMILE_PREFIX,POSTMILE,LOCATION_TYPE,RAMP_INTERSECTION,SIDE_OF_HWY,TOW_AWAY,COLLISION_SEVERITY,NUMBER_KILLED,NUMBER_INJURED,PARTY_COUNT,PRIMARY_COLL_FACTOR,PCF_CODE_OF_VIOL,PCF_VIOL_CATEGORY,PCF_VIOLATION,PCF_VIOL_SUBSECTION,HIT_AND_RUN,TYPE_OF_COLLISION,MVIW,PED_ACTION,ROAD_SURFACE,ROAD_COND_1,ROAD_COND_2,LIGHTING,CONTROL_DEVICE,CHP_ROAD_TYPE,PEDESTRIAN_ACCIDENT,BICYCLE_ACCIDENT,MOTORCYCLE_ACCIDENT,TRUCK_ACCIDENT,NOT_PRIVATE_PROPERTY,ALCOHOL_INVOLVED,STWD_VEHTYPE_AT_FAULT,CHP_VEHTYPE_AT_FAULT,COUNT_SEVERE_INJ,COUNT_VISIBLE_INJ,COUNT_COMPLAINT_PAIN,COUNT_PED_KILLED,COUNT_PED_INJURED,COUNT_BICYCLIST_KILLED,COUNT_BICYCLIST_INJURED,COUNT_MC_KILLED,COUNT_MC_INJURED,PRIMARY_RAMP,SECONDARY_RAMP,LATITUDE,LONGITUDE,COUNTY,CITY,POINT_X,POINT_Y
8140570,2016,2016-10-11,2708,2016-09-18,1604,34245,,7,5,6,2708,0,0,0,,0,011,"ORCHARD ST","DEL MONTE AV",700.00,S,N,A,-,N,,,,,,,,,,Y,3,0,1,4,A,-,01,23152,A,M,D,E,A,A,H,-,A,D,0,,,,,Y,Y,-,,0,1,0,0,0,0,0,0,0,"- ","- ",,,MONTEREY,SALINAS,-121.61349434,36.688423710000002
8140574,2016,2016-10-11,2708,2016-09-14,2231,49280,,3,5,6,2708,0,0,0,,0,006,"LARKIN ST","DAVIS RD",0.00,,Y,A,-,N,,,,,,,,,,Y,4,0,2,2,A,-,12,21453,A,N,D,C,A,A,H,-,C,A,0,,,,,Y,,-,,0,0,2,0,0,0,0,0,0,"- ","- ",,,MONTEREY,SALINAS,-121.66839997,36.69374002
8140578,2016,2016-12-09,2708,2016-09-21,1311,56793,,3,5,6,2708,0,0,0,,0,009,"SOUTH MAIN ST","EAST ROMIE LN",0.00,,Y,A,-,N,,,,,,,,,,N,4,0,1,2,A,-,12,21453,A,N,D,C,A,A,H,-,A,D,0,,,,,Y,,-,,0,0,1,0,0,0,0,0,0,"- ","- ",,,MONTEREY,SALINAS,-121.65773987,36.662630110000002
8140582,2016,2016-10-11,2708,2016-09-13,1553,34245,,2,5,6,2708,0,0,0,,0,009,"ABBOTT ST","MALARIN ST",0.00,,Y,A,-,N,,,,,,,,,,Y,4,0,1,2,A,-,09,21801,A,N,D,C,A,A,H,-,A,A,0,,,,,Y,,-,,0,0,1,0,0,0,0,0,0,"- ","- ",,,MONTEREY,SALINAS,-121.64169995,36.66238001
8140586,2016,2016-10-11,2708,2016-09-14,1752,03581,,3,5,6,2708,0,0,0,,0,006,"LARKIN ST","O'FARRELL CT",0.00,,Y,A,-,N,,,,,,,,,,N,3,0,1,2,A,-,03,22350,,N,C,C,A,A,H,-,A,A,0,,,,,Y,,-,,0,1,0,0,0,0,0,0,0,"- ","- ",,,MONTEREY,SALINAS,-121.66170996,36.690940089999998
8140590,2016,2016-10-11,2708,2016-09-22,1925,57307,SALIN,4,5,6,2708,0,0,0,,0,012,"NORTH SANBORN RD",EUCALYPTUS,0.00,,Y,A,-,N,,,,,,,,,,Y,4,0,1,2,A,-,01,23152,A,M,A,C,A,A,H,-,C,D,0,,,,,Y,Y,-,,0,0,1,0,0,0,0,0,0,"- ","- ",,,MONTEREY,SALINAS,-121.62437994,36.680230020000003
8140594,2016,2016-10-11,2708,2016-09-13,0701,54370,,2,5,6,2708,0,0,0,,0,012,"TOWT ST","ACOSTA ST",0.00,,Y,A,-,N,,,,,,,,,,Y,4,0,1,2,A,-,09,21801,A,N,D,C,A,A,H,-,A,D,0,,,,,Y,,-,,0,0,1,0,0,0,0,0,0,"- ","- ",,,MONTEREY,SALINAS,-121.61691997,36.679640079999999
8140606,2016,2016-12-09,2708,2016-09-01,1312,56793,,4,5,6,2708,0,0,0,,0,007,"SOUTH MAIN ST","GEIL ST",0.00,,Y,A,-,N,,,,,,,,,,Y,3,0,2,2,A,-,09,21801,A,N,D,C,A,A,H,-,A,A,0,,,,,Y,,-,,0,1,1,0,0,0,0,0,0,"- ","- ",,,MONTEREY,SALINAS,-121.65675994,36.665420040000001
8140610,2016,2016-10-11,2708,2016-09-08,1536,56793,,4,5,6,2708,0,0,0,,0,,MCKINNON,"HARDEN PKWY",0.00,,Y,A,-,N,,,,,,,,,,Y,4,0,2,2,A,-,09,21802,A,N,D,C,A,A,H,-,A,A,0,,,,,Y,,-,,0,0,2,0,0,0,0,0,0,"- ","- ",,,MONTEREY,SALINAS,-121.64407996,36.712090099999998
8140614,2016,2016-10-11,2708,2016-09-15,2246,6235,,4,5,6,2708,0,0,0,,0,012,"E ALISAL ST","NORTH SANBORN RD",20.00,E,N,A,-,N,,,,,,,,,,Y,4,0,5,2,A,-,01,23152,A,N,C,C,A,A,H,-,C,A,0,,,,,Y,Y,-,,0,0,5,0,0,0,0,0,0,"- ","- ",,,MONTEREY,SALINAS,-121.62737238,36.672902790000002
8140618,2016,2016-10-11,2708,2016-09-03,2135,15945,,6,5,6,2708,0,0,0,,0,,"E ALISAL ST","SOLEDAD ST",0.00,,Y,A,-,N,,,,,,,,,,Y,4,0,1,2,A,-,12,22450,A,F,D,C,A,A,H,-,A,A,0,,,,,Y,Y,-,,0,0,1,0,0,0,0,0,0,"- ","- ",,,MONTEREY,SALINAS,-121.65141994,36.674280039999999
8140622,2016,2016-10-11,2708,2016-09-21,0832,19702,SPD,3,5,6,2708,0,0,0,,0,003,"NATIVIDAD RD","EAST BORONDA RD",0.00,,Y,A,-,N,,,,,,,,,,N,4,0,1,2,A,-,00,23153,E,F,D,G,A,A,H,-,A,A,0,,Y,,,Y,,-,,0,0,1,0,0,0,1,0,0,"- ","- ",,,MONTEREY,SALINAS,-121.62351989,36.715540019999999
8140642,2016,2016-10-10,2708,2016-08-25,0946,28920,SALIN,4,5,6,2708,0,0,0,,0,008,"MAIN ST","MENKE ST",300.00,N,N,A,-,N,,,,,,,,,,N,4,0,1,3,A,-,03,22350,,N,C,C,A,A,H,-,A,D,0,,,,,Y,,A,01,0,0,1,0,0,0,0,0,0,"- ","- ",,,MONTEREY,SALINAS,-121.65332495,36.682969040000003
8140646,2016,2016-10-10,2708,2016-08-18,0714,06240,,4,5,6,2708,0,0,0,,0,009,"PAJARO ST","ROMIE LN",0.00,,Y,A,-,N,,,,,,,,,,N,4,0,1,2,A,-,12,21453,A,N,D,C,A,A,H,-,A,A,0,,,,,Y,,A,01,0,0,1,0,0,0,0,0,0,"- ","- ",,,MONTEREY,SALINAS,-121.65522,36.662040009999998
8140650,2016,2016-10-10,2708,2016-08-25,0600,31977,,4,5,6,2708,0,0,0,,0,005,"EAST LAUREL DR",GRANADA,0.00,,Y,A,-,N,,,,,,,,,,Y,4,0,2,2,A,-,09,21801,A,N,D,C,A,A,H,-,A,D,0,,,,,Y,,A,01,0,0,2,0,0,0,0,0,0,"- ","- ",,,MONTEREY,SALINAS,-121.64034988,36.696790030000003
8140654,2016,2016-10-10,2708,2016-08-29,1858,78725,2708,1,5,6,2708,0,0,0,,0,004,"PROVINCETOWN DR","HIDDEN CREEK RD",0.00,,Y,A,-,N,,,,,,,,,,Y,4,0,3,2,A,-,03,22350,,N,D,C,A,A,H,-,A,A,0,,,,,Y,,A,01,0,0,3,0,0,0,0,0,0,"- ","- ",,,MONTEREY,SALINAS,-121.6204499,36.705830050000003
8140658,2016,2016-10-10,2708,2016-08-29,0958,49986,,1,5,6,2708,0,0,0,,0,008,"ALISAL ST","SALINAS ST",0.00,,Y,A,-,N,,,,,,,,,,Y,4,0,1,2,A,-,09,21453,,N,D,C,A,A,H,-,A,A,0,,,,,Y,,A,01,0,0,1,0,0,0,0,0,0,"- ","- ",,,MONTEREY,SALINAS,-121.65602994,36.673620020000001
8140662,2016,2016-10-10,2708,2016-08-22,1605,04125,,1,5,6,2708,0,0,0,,0,012,"MARKET ST","CEDAR ST",130.00,E,N,A,-,N,,,,,,,,,,N,4,0,1,2,A,-,09,21804,A,N,D,C,A,A,H,-,A,D,0,,,,,Y,,A,01,0,0,1,0,0,0,0,0,0,"- ","- ",,,MONTEREY,SALINAS,-121.62473925,36.676894660000002
8140666,2016,2016-10-10,2708,2016-08-23,1204,71633,SALIN,2,5,6,2708,0,0,0,,0,008,"FRONT ST","ALISAL ST",288.00,S,N,A,-,N,,,,,,,,,,N,3,0,1,2,A,-,08,22100,A,N,D,G,A,A,H,-,A,D,0,,Y,,,Y,,D,22,0,1,0,0,0,0,1,0,0,"- ","- ",,,MONTEREY,SALINAS,-121.64898204000001,36.673861879999997
8140694,2016,2016-10-10,2708,2016-08-14,1208,52823,,7,5,6,2708,0,0,0,,0,,"MARYAL DR","REATA ST",0.00,,Y,A,-,N,,,,,,,,,,N,4,0,3,2,A,-,12,22450,A,N,D,C,A,A,H,-,A,A,0,,,,,Y,,A,01,0,0,3,0,0,0,0,0,0,"- ","- ",,,MONTEREY,SALINAS,-121.64636989,36.702090089999999
90424243,2017,2017-03-30,9730,2017-03-29,1045,019529,,3,1,9,2700,0,3,5,,2,007,"ESPINOSA RD.","FOXWOOD LN.",2640.00,E,N,A,-,N,,,,,,,,,,Y,4,0,1,2,A,-,03,22350,,N,C,C,A,A,H,-,A,D,0,,,,,Y,,A,01,0,0,1,0,0,0,0,0,0,"- ","- ",36.741439999999997,-121.6812,MONTEREY,UNINCORPORATED,-121.68120750999999,36.741459620000001
90424259,2017,2017-03-30,9730,2017-03-28,0552,019569,,2,3,9,2700,0,1,2,,1,070,"US-101 S/B","TUSTIN RD",2640.00,N,N,A,-,Y,,,101,,,,,,S,Y,3,0,1,1,A,-,03,22350,,N,E,J,A,A,C,-,D,D,0,,,,,Y,,A,01,0,1,0,0,0,0,0,0,0,"- ","- ",36.809240000000003,-121.64552999999999,MONTEREY,UNINCORPORATED,-121.64556643,36.80928085
90425085,2017,2017-03-31,9730,2017-03-19,1644,020841,,7,2,4,2710,0,1,3,,2,062,"SR-1 S/B TO FREMONT BLVD. (SEASIDE)","MONTEREY ROAD",18.00,W,N,B,-,Y,,,1,,,,R,,S,Y,4,0,2,2,A,-,03,22350,,N,C,C,A,A,H,-,A,A,0,,,,,Y,Y,A,01,0,0,2,0,0,0,0,0,0,"- ","- ",36.624180000000003,-121.84134,MONTEREY,SEASIDE,-121.84134,36.624180000000003
90425089,2017,2017-03-31,9730,2017-03-22,1315,020677,,3,1,9,2700,0,2,4,,1,073,"STRAWBERRY CANYON RD","TUCKER RD.",300.00,E,N,A,-,N,,,,,,,,,,N,3,0,1,2,A,-,11,21954,A,N,G,B,D,A,H,-,A,D,0,Y,,,,Y,,N,60,0,1,0,0,1,0,0,0,0,"- ","- ",36.828290000000003,-121.70740000000001,MONTEREY,UNINCORPORATED,,
90425105,2017,2017-03-31,9730,2017-03-27,1544,019239,,1,2,9,2700,0,3,5,,2,006,"BORONDA RD","FONTES LN",0.00,,Y,A,-,N,,,,,,,,,,Y,4,0,1,2,A,-,09,21802,A,N,D,C,A,A,H,-,A,D,0,,,,,Y,,A,01,0,0,1,0,0,0,0,0,0,"- ","- ",36.697969999999998,-121.67843999999999,MONTEREY,UNINCORPORATED,-121.67842985999999,36.69791008
90425643,2017,2017-04-03,9730,2017-03-27,0510,019818,,1,3,9,2700,0,3,5,,2,003,"ABBOTT RD","HARRIS RD",8448.00,S,N,B,-,N,,,,,,,,,,Y,3,0,1,2,A,-,08,22107,,N,C,E,A,B,H,-,D,D,0,,,,,Y,,A,01,0,1,0,0,0,0,0,0,0,"- ","- ",36.627780000000001,-121.58977,MONTEREY,UNINCORPORATED,-121.59076186,36.62901866
90425649,2017,2017-04-03,9730,2017-03-24,1557,021320,,5,2,9,2700,0,2,4,,1,073,"ELKHORN ROAD","WERNER ROAD",100.00,N,N,B,C,N,,,,,,,,,,N,3,0,1,2,A,-,09,21801,A,N,D,C,A,B,H,-,A,D,0,,,,,Y,,A,01,0,1,0,0,0,0,0,0,0,"- ","- ",36.879309999999997,-121.74715,MONTEREY,UNINCORPORATED,-121.74718038,36.87925182
90425656,2017,2017-04-03,9730,2017-03-27,0710,020208,,1,1,9,2700,0,1,2,,1,070,"US-101 S/B","CRAZY HORSE CANYON ROAD",245.00,N,N,A,-,Y,,,101,,,,,,S,Y,3,0,1,1,A,-,03,22350,,N,F,A,A,B,H,-,A,D,0,,,,,Y,,A,01,0,1,0,0,0,0,0,0,0,"- ","- ",36.818840000000002,-121.63218999999999,MONTEREY,UNINCORPORATED,-121.63214614,36.818774210000001
90425661,2017,2017-04-03,9730,2017-03-22,1515,020916,,3,2,9,2700,0,3,5,,2,003,"RIVER ROAD","CHUALAR RIVER ROAD",5808.00,S,N,A,-,N,,,,,,,,,,Y,3,0,3,1,A,-,08,22107,,N,F,A,A,A,H,-,A,D,0,,,,,Y,,A,07,0,2,1,0,0,0,0,0,0,"- ","- ",36.541719999999998,-121.54243,MONTEREY,UNINCORPORATED,-121.54303360999999,36.542049939999998
90425698,2017,2017-04-03,9730,2017-03-27,2323,020990,,1,3,9,2700,0,1,3,,2,062,"SR-1 NORTHBOUND OFF-RAMP","ENGLISH AVENUE",300.00,S,N,A,-,Y,,,,,,,,,,Y,3,0,1,1,A,-,08,22107,,N,E,I,A,A,H,-,D,D,0,,,,,Y,,A,01,0,1,0,0,0,0,0,0,0,"- ","- ",36.602989999999998,-121.86038000000001,MONTEREY,UNINCORPORATED,,
90425707,2017,2017-04-03,9730,2017-03-28,0847,019239,,2,1,9,2700,0,3,5,,2,006,"DAVIS RD","RESERVATION RD",528.00,N,N,A,-,N,,,,,,,,,,Y,3,0,2,2,A,-,03,22350,,N,C,C,A,A,H,-,A,D,0,,,,,Y,,D,22,0,1,1,0,0,0,0,0,0,"- ","- ",36.643590000000003,-121.70509,MONTEREY,UNINCORPORATED,-121.70555229999999,36.642952010000002
90427161,2017,2017-04-04,9735,2017-04-03,0850,017257,,1,1,9,2700,0,1,2,,2,045,"US 101 SOUTHBOUND","EAST GARRISON ROAD O/C",1320.00,N,N,A,-,Y,,,,,,,,,,Y,4,0,2,1,A,-,08,22107,,N,F,I,A,A,H,-,A,D,0,,,,,Y,,A,01,0,0,2,0,0,0,0,0,0,"- ","- ",35.828510000000001,-120.75944,MONTEREY,UNINCORPORATED,,
90427310,2017,2017-04-04,9730,2017-03-28,1730,018543,,2,2,9,2700,0,3,5,,2,007,"BLACKIE ROAD","COMMERCIAL PKWY",2640.00,E,N,A,-,N,,,,,,,,,,N,3,0,1,1,A,-,08,22107,,N,E,A,A,A,H,-,A,D,0,,,,,Y,,A,07,0,1,0,0,0,0,0,0,0,"- ","- ",36.764600000000002,-121.72895,MONTEREY,UNINCORPORATED,-121.73416089,36.762856309999997
90427342,2017,2017-04-04,9730,2017-03-30,1337,019239,,4,1,9,2700,0,1,3,,1,068,SR-68,"FOSTER RD",75.00,W,N,A,-,Y,,,68,,,,,,,Y,4,0,2,3,A,-,08,22107,,N,B,C,A,A,H,-,A,D,0,,,,,Y,,A,01,0,0,2,0,0,0,0,0,0,"- ","- ",36.636699999999998,-121.6671,MONTEREY,UNINCORPORATED,-121.66718564,36.636730749999998
90427373,2017,2017-04-04,9730,2017-03-30,1630,020245,,4,2,9,2700,0,1,3,,1,024,"STATE ROUTE 68","SCENIC DRIVE",1500.00,W,N,A,-,Y,,,68,,,,,,,N,4,0,1,3,A,-,03,22350,,N,C,C,A,A,H,-,A,A,0,,,,,Y,,D,22,0,0,1,0,0,0,0,0,0,"- ","- ",36.580249999999999,-121.91656999999999,MONTEREY,UNINCORPORATED,-121.91649794,36.580344400000001
90427426,2017,2017-04-04,9730,2017-03-30,1615,019512,,4,2,9,2700,0,1,2,,1,070,"US-101 NORTHBOUND","BLACKIE ROAD",2112.00,S,N,A,-,Y,,,101,,,,,,N,Y,4,0,1,1,A,-,03,22350,,N,F,A,A,A,H,-,A,D,0,,,,,Y,,A,01,0,0,1,0,0,0,0,0,0,"- ","- ",36.76632,-121.66807,MONTEREY,UNINCORPORATED,-121.66818198999999,36.76628118
90427631,2017,2017-04-05,9730,2017-03-27,1040,018350,,1,1,9,2700,0,1,3,,1,068,"SR-68 E/B","FOSTER ROAD",70.00,W,N,A,-,Y,,,68,,,,,,E,Y,3,0,3,4,A,-,07,21658,A,N,H,A,A,A,D,-,A,A,0,,,,,Y,,A,01,0,1,2,0,0,0,0,0,0,"- ","- ",36.636449999999996,-121.6674,MONTEREY,UNINCORPORATED,-121.66730683,36.636412989999997
90427660,2017,2017-04-05,9730,2017-03-27,0825,018350,,1,1,9,2700,0,3,5,,2,003,"RIVER ROAD","COREY ROAD",7920.00,S,N,A,-,N,,,,,,,,,,Y,3,0,1,1,A,-,08,22107,,N,E,I,A,A,H,-,A,D,0,,,,,Y,,A,01,0,1,0,0,0,0,0,0,0,"- ","- ",36.574620000000003,-121.58453,MONTEREY,UNINCORPORATED,-121.58565976,36.574988500000003
90428150,2017,2017-04-05,9730,2017-04-02,0513,019956,,7,3,9,2700,0,1,2,,1,050,"US-101 N/B","LAUREL DR",2112.00,N,N,B,-,Y,,,101,,,,,,N,Y,2,0,1,1,A,-,01,23152,A,N,F,A,A,A,H,-,D,D,0,,,,,Y,Y,D,22,1,0,0,0,0,0,0,0,0,"- ","- ",36.703899999999997,-121.6662,MONTEREY,UNINCORPORATED,-121.66623973,36.703906179999997
90428188,2017,2017-04-05,9730,2017-04-02,0804,019818,,7,1,9,2700,0,2,4,,1,023,"CARMEL VALLEY RD","KLONDIKE RD",860.00,E,N,B,-,N,,,,,,,,,,Y,4,0,1,1,A,-,03,22350,,N,E,I,A,A,H,-,A,D,0,,,,,Y,,A,01,0,0,1,0,0,0,0,0,0,"- ","- ",36.468209999999999,-121.71293,MONTEREY,UNINCORPORATED,,
90428202,2017,2017-04-05,9730,2017-04-03,0425,020970,,1,3,9,2700,0,2,4,,2,063,"DAVIS ROAD","HITCHCOCK RD",1056.00,S,N,B,-,N,,,,,,,,,,Y,3,0,1,1,A,-,01,23152,A,N,F,A,A,A,H,-,D,D,0,,,,,Y,Y,A,01,0,1,0,0,0,0,0,0,0,"- ","- ",36.661450000000002,-121.68962999999999,MONTEREY,UNINCORPORATED,-121.69400797,36.65630239
90428260,2017,2017-04-05,9730,2017-04-03,1040,019529,,1,1,9,2700,0,1,3,,1,074,"STATE ROUTE 1 (SOUTHBOUND)","PAJARO RIVER BRIDGE",100.00,S,N,A,-,Y,,,1,,,,,,,Y,4,0,1,2,A,-,08,22107,,N,B,C,A,A,H,-,A,D,0,,,,,Y,,A,07,0,0,1,0,0,0,0,0,0,"- ","- ",36.882429999999999,-121.7723,MONTEREY,UNINCORPORATED,-121.77231685,36.88242735
8140705,2016,2016-10-10,2708,2016-09-13,1706,18945,,2,5,6,2708,0,0,0,,0,002,"LAUREL DR","MONROE ST",0.00,,Y,A,-,N,,,,,,,,,,Y,4,0,1,2,A,-,09,21801,A,N,D,C,A,A,H,-,A,A,0,,,,,Y,,D,22,0,0,1,0,0,0,0,0,0,"- ","- ",,,MONTEREY,SALINAS,-121.66142995,36.698140100000003
8140709,2016,2016-10-10,2708,2016-08-25,1428,75635,SALIN,4,5,6,2708,0,0,0,,0,,"ALISAL ST",HOMESTEAD,100.00,W,N,A,-,N,,,,,,,,,,Y,4,0,1,2,A,-,09,21801,A,N,D,C,A,A,H,-,A,D,0,,,,,Y,,A,01,0,0,1,0,0,0,0,0,0,"- ","- ",,,MONTEREY,SALINAS,-121.66471653000001,36.672475419999998
8140812,2016,2017-01-06,2708,2016-09-21,1531,37923,SALIN,3,5,6,2708,0,0,0,,0,16-091,"E BORONDA",MCKINNON,10.00,W,N,A,-,N,,,,,,,,,,Y,4,0,1,2,A,-,01,23152,A,N,A,C,A,A,H,-,A,A,0,,,,,Y,Y,-,,0,0,1,0,0,0,0,0,0,"- ","- ",,,MONTEREY,SALINAS,-121.64369357,36.717074930000003
8140906,2016,2016-10-10,2708,2016-09-06,0741,30510,,2,5,6,2708,0,0,0,,0,002,"WEST CURTIS ST","NORTH MAIN ST",345.00,W,N,A,-,N,,,,,,,,,,Y,4,0,1,2,A,-,08,22107,,M,C,E,A,A,H,-,A,-,0,,,,,Y,,-,,0,0,1,0,0,0,0,0,0,"- ","- ",,,MONTEREY,SALINAS,-121.65365097999999,36.701633899999997
8140961,2016,2017-02-18,2708,2016-09-02,2350,06240,,5,5,6,2708,0,0,0,,0,009,"EAST ACACIA ST","SOUTH MAIN ST",196.00,E,N,A,-,Y,MON,5,68,-,-,20.610,I,6,E,Y,4,0,1,2,A,-,03,22350,,N,C,E,A,A,H,-,D,D,0,,,,,Y,,-,,0,0,1,0,0,0,0,0,0,"- ","- ",,,MONTEREY,SALINAS,-121.65711278000001,36.664545760000003
8140965,2016,2016-10-10,2708,2016-09-10,1709,19595,,6,5,6,2708,0,0,0,,0,008,"NORTH DAVIS RD","WEST LAUREL DR",400.00,N,N,A,-,N,,,,,,,,,,N,4,0,1,3,A,-,03,22350,A,N,C,C,A,A,H,-,A,D,0,,,,,Y,,-,,0,0,1,0,0,0,0,0,0,"- ","- ",,,MONTEREY,SALINAS,-121.66779219,36.698974319999998
8140969,2016,2016-10-10,2708,2016-09-04,1849,30350,,7,5,6,2708,0,0,0,,0,001,"VAN BUREN AV","EISENHOWER ST",0.00,,Y,A,-,N,,,,,,,,,,Y,4,0,1,3,A,-,09,21801,A,N,A,C,A,A,H,-,A,D,0,,,,,Y,,-,,0,0,1,0,0,0,0,0,0,"- ","- ",,,MONTEREY,SALINAS,-121.64970999000001,36.729020069999997
8140973,2016,2016-10-10,2708,2016-09-03,2258,16301,,6,5,6,2708,0,0,0,,0,001,"SAN JUAN GRADE RD","VAN BUREN ST",457.00,S,N,B,-,N,,,,,,,,,,N,4,0,1,2,A,-,11,21954,A,N,A,B,E,A,H,-,D,D,0,Y,,,,Y,,N,60,0,0,1,0,1,0,0,0,0,"- ","- ",,,MONTEREY,SALINAS,-121.64747593,36.722822479999998
8140977,2016,2016-10-10,2708,2016-09-19,0637,07903,EAST,1,5,6,2708,0,0,0,,0,011,"CONSTITUTION BL","LAS CASITAS DR",0.00,,Y,B,-,N,,,,,,,,,,,4,0,1,2,A,-,09,21801,A,N,A,C,A,A,H,-,A,-,0,,,,,Y,,-,,0,0,1,0,0,0,0,0,0,"- ","- ",,,MONTEREY,SALINAS,-121.61258991,36.698780040000003
8141009,2016,2016-10-10,2706,2016-09-24,0036,128,2706,6,5,4,2706,0,0,0,,0,001,"LIGHTHOUSE AV","DEL MONTE AV",53.00,N,N,B,-,N,,,,,,,,,,Y,3,0,2,1,A,-,03,22350,,F,F,A,A,A,H,-,C,A,0,,,,,Y,,A,01,0,2,0,0,0,0,0,0,0,"- ","- ",,,MONTEREY,MONTEREY,-121.89243277999999,36.600784840000003
8141013,2016,2016-10-10,2706,2016-09-20,1516,627,MPD,2,5,4,2706,0,0,0,,0,002,"CAMINO EL ESTERO","PEARL ST",54.00,N,N,A,-,N,,,,,,,,,,N,4,0,1,2,A,-,03,22350,,N,C,C,A,A,H,-,A,A,0,,,,,Y,,A,01,0,0,1,0,0,0,0,0,0,"- ","- ",,,MONTEREY,MONTEREY,-121.88788451000001,36.597815490000002
8141017,2016,2016-10-11,2708,2016-09-06,1505,04125,,2,5,6,2708,0,0,0,,0,008,"E ALISAL ST","FRONT ST",126.00,E,N,A,-,N,,,,,,,,,,N,4,0,1,3,A,-,03,22350,,N,C,C,A,A,H,-,A,A,0,,,,,Y,,-,,0,0,1,0,0,0,0,0,0,"- ","- ",,,MONTEREY,SALINAS,-121.64873178000001,36.674669029999997
90428279,2017,2017-04-05,9730,2017-04-03,0706,019569,,1,1,9,2700,0,2,4,,1,073,"SAN MIGUEL CANYON RD","APRICOT LANE",0.00,,Y,B,-,N,,,,,,,,,,Y,3,0,1,2,A,-,09,21804,A,F,D,C,A,A,H,-,A,D,0,,,,,Y,,A,01,0,1,0,0,0,0,0,0,0,"- ","- ",36.854089999999999,-121.69184,MONTEREY,UNINCORPORATED,-121.69191988,36.854070020000002
90428336,2017,2017-04-05,9730,2017-04-04,0815,019569,,2,1,9,2700,0,1,2,,1,070,"US-101 S/B","ECHO VALLEY RD",2640.00,N,N,A,-,Y,,,101,,,,,,S,Y,4,0,1,2,A,-,03,22350,,N,C,C,A,A,C,-,A,D,0,,,,Y,Y,,F,26,0,0,1,0,0,0,0,0,0,"- ","- ",36.832140000000003,-121.63011,MONTEREY,UNINCORPORATED,-121.63017927999999,36.832134600000003
90428359,2017,2017-04-05,9730,2017-04-05,0714,019569,,3,1,9,2700,0,2,4,,2,063,"BLANCO RD","DAVIS RD",2640.00,W,N,A,-,N,,,,,,,,,,N,4,0,3,3,A,-,03,22350,,N,C,C,A,A,H,-,A,D,0,,,,,Y,,A,01,0,0,3,0,0,0,0,0,0,"- ","- ",36.67024,-121.69128000000001,MONTEREY,UNINCORPORATED,-121.69253336,36.670896200000001
90428688,2017,2017-04-06,9730,2017-04-03,1727,018810,,1,2,9,2700,0,1,3,,2,062,"SR-1 N/B","CASA VERDE WAY",300.00,S,N,A,-,Y,,,,,,,,,,N,4,0,2,2,A,-,03,22350,,N,C,C,A,A,H,-,A,D,0,,,,,Y,,A,01,0,0,2,0,0,0,0,0,0,"- ","- ",36.59693,-121.86611000000001,MONTEREY,UNINCORPORATED,-121.8649977,36.598220040000001
90429161,2017,2017-04-06,9730,2017-03-14,2320,020576,,2,3,9,2700,0,2,4,,1,073,"SAN MIGUEL CANYON ROAD","HAMBEY LANE",52.00,S,N,B,E,N,,,,,,,,,,Y,1,1,3,2,A,-,01,23152,A,N,A,C,A,A,H,-,D,D,0,,,,,Y,Y,A,01,3,0,0,0,0,0,0,0,0,"- ","- ",36.838120000000004,-121.68384,MONTEREY,UNINCORPORATED,-121.68385177,36.838098090000003
90430126,2017,2017-04-10,9730,2017-04-01,1830,021407,,6,2,9,2700,0,2,4,,1,075,"SAN JUAN ROAD","EL CERRITO WAY",350.00,E,N,A,-,N,,,,,,,,,,N,4,0,1,2,A,-,09,21801,A,N,B,C,A,A,H,-,A,D,0,,,,,Y,,J,48,0,0,1,0,0,0,0,0,0,"- ","- ",36.855539999999998,-121.64077,MONTEREY,UNINCORPORATED,-121.64361999,36.857121820000003
90430127,2017,2017-04-10,9730,2017-04-02,1740,020841,,7,2,4,2706,0,1,3,,2,062,"SR-1 N/B","SLOAT AVENUE",1373.00,N,N,A,-,Y,,,1,,,,,,N,Y,3,0,2,2,A,-,08,22107,,N,D,C,A,A,H,-,A,D,0,,,,,Y,,A,01,0,1,1,0,0,0,0,0,0,"- ","- ",36.59404,-121.87245,MONTEREY,MONTEREY,-121.87245119000001,36.594049509999998
90430438,2017,2017-04-10,9730,2017-03-31,0640,019956,,5,1,9,2700,0,2,4,,1,073,"SAN MIGUEL CANYON RD","CHARMI LN",0.00,,Y,A,-,N,,,,,,,,,,Y,2,0,2,2,A,-,09,21802,A,N,D,C,A,A,H,-,B,D,0,,,Y,,Y,,A,01,1,0,1,0,0,0,0,0,1,"- ","- ",36.856319999999997,-121.69398,MONTEREY,UNINCORPORATED,-121.69393992000001,36.856300009999998