CASE_ID,ACCIDENT_YEAR,PROC_DATE,JURIS,COLLISION_DATE,COLLISION_TIME,OFFICER_ID,REPORTING_DISTRICT,DAY_OF_WEEK,CHP_SHIFT,POPULATION,CNTY_CITY_LOC,SPECIAL_COND,BEAT_TYPE,CHP_BEAT_TYPE,CITY_DIVISION_LAPD,CHP_BEAT_CLASS,BEAT_NUMBER,PRIMARY_RD,SECONDARY_RD,DISTANCE,DIRECTION,INTERSECTION,WEATHER_1,WEATHER_2,STATE_HWY_IND,CALTRANS_COUNTY,CALTRANS_DISTRICT,STATE_ROUTE,ROUTE_SUFFIX,POSTMILE_PREFIX,POSTMILE,LOCATION_TYPE,RAMP_INTERSECTION,SIDE_OF_HWY,TOW_AWAY,COLLISION_SEVERITY,NUMBER_KILLED,NUMBER_INJURED,PARTY_COUNT,PRIMARY_COLL_FACTOR,PCF_CODE_OF_VIOL,PCF_VIOL_CATEGORY,PCF_VIOLATION,PCF_VIOL_SUBSECTION,HIT_AND_RUN,TYPE_OF_COLLISION,MVIW,PED_ACTION,ROAD_SURFACE,ROAD_COND_1,ROAD_COND_2,LIGHTING,CONTROL_DEVICE,CHP_ROAD_TYPE,PEDESTRIAN_ACCIDENT,BICYCLE_ACCIDENT,MOTORCYCLE_ACCIDENT,TRUCK_ACCIDENT,NOT_PRIVATE_PROPERTY,ALCOHOL_INVOLVED,STWD_VEHTYPE_AT_FAULT,CHP_VEHTYPE_AT_FAULT,COUNT_SEVERE_INJ,COUNT_VISIBLE_INJ,COUNT_COMPLAINT_PAIN,COUNT_PED_KILLED,COUNT_PED_INJURED,COUNT_BICYCLIST_KILLED,COUNT_BICYCLIST_INJURED,COUNT_MC_KILLED,COUNT_MC_INJURED,PRIMARY_RAMP,SECONDARY_RAMP,LATITUDE,LONGITUDE,COUNTY,CITY,POINT_X,POINT_Y
90430655,2017,2017-04-10,9730,2017-04-02,1718,020899,,7,2,9,2700,0,3,5,,2,006,"ESPINOSA ROAD",US-101,4407.00,W,N,A,-,N,,,,,,,,,,Y,4,0,1,2,A,-,03,22350,,N,C,C,A,A,H,-,A,D,0,,,,,Y,,A,01,0,0,1,0,0,0,0,0,0,"- ","- ",36.738799999999998,-121.67164,MONTEREY,UNINCORPORATED,-121.6714439,36.738725010000003
90430697,2017,2017-04-10,9730,2017-04-03,0735,019818,,1,1,9,2700,0,3,5,,2,005,"VIERRA CANYON RD","VIERRA MEADOWS PL",346.00,W,N,B,C,N,,,,,,,,,,Y,4,0,1,1,A,-,08,22107,,N,E,A,A,A,H,-,A,D,0,,,,,Y,,A,01,0,0,1,0,0,0,0,0,0,"- ","- ",36.795740000000002,-121.65644,MONTEREY,UNINCORPORATED,-121.65626125999999,36.79582405
90430806,2017,2017-04-10,9730,2017-04-03,1115,017840,,1,1,9,2700,0,2,4,,1,023,"CARMEL VALLEY ROAD","RANCHO SAN CARLOS",200.00,W,N,A,-,N,,,,,,,,,,Y,3,0,1,3,A,-,17,22109,,M,C,C,A,A,H,-,A,D,0,,,,,Y,,A,01,0,1,0,0,0,0,0,0,0,"- ","- ",36.539619999999999,-121.87088,MONTEREY,UNINCORPORATED,-121.87128269,36.53965324
8141021,2016,2016-10-10,2708,2016-09-02,1727,07661,,5,5,6,2708,0,0,0,,0,,"EAST LAUREL DR","NATIVIDAD RD",720.00,E,N,A,-,N,,,,,,,,,,Y,4,0,2,2,A,-,03,22350,,N,C,C,A,A,H,-,A,D,0,,,,,Y,,-,,0,0,2,0,0,0,0,0,0,"- ","- ",,,MONTEREY,SALINAS,-121.63593155,36.695778820000001
8141025,2016,2016-10-10,2708,2016-09-02,1524,19595,,5,5,6,2708,0,0,0,,0,,"NORTH MAIN ST","WEST CURTIS ST",45.00,S,N,A,-,N,,,,,,,,,,Y,4,0,3,6,A,-,03,22350,,F,C,C,A,A,H,-,A,D,0,,,,,Y,,-,,0,0,3,0,0,0,0,0,0,"- ","- ",,,MONTEREY,SALINAS,-121.65246895,36.701667540000003
8142030,2016,2016-10-12,2704,2016-09-01,1749,5641,2704,4,5,3,2704,0,0,0,,0,003,"ELM AV",HEIDI,0.00,,Y,A,-,N,,,,,,,,,,N,3,0,1,2,C,-,18,,,N,G,G,A,A,H,-,A,A,0,,Y,,,Y,,-,"- ",0,1,0,0,0,0,1,0,0,"- ","- ",,,MONTEREY,GREENFIELD,-121.24692992,36.314430049999999
8142356,2016,2016-10-20,2701,2016-09-21,2212,5549,2701,3,5,2,2701,0,0,0,,0,00S,"SAN CARLOS ST","13TH AV",267.00,S,N,A,-,N,,,,,,,,,,Y,4,0,1,2,A,-,11,21950,B,N,H,I,A,A,H,-,D,D,0,,,,,Y,Y,-,,0,0,1,0,0,0,0,0,0,"- ","- ",,,MONTEREY,CARMEL,-121.92177273999999,36.545646550000001
8142582,2016,2016-11-16,2708,2016-09-22,1039,52823,,4,5,6,2708,0,0,0,,0,,"E ALISAL ST","GRIFFIN ST",0.00,,Y,A,-,N,,,,,,,,,,N,4,0,1,2,A,-,03,22350,,N,C,C,A,A,H,-,A,A,0,,,,,Y,,-,,0,0,1,0,0,0,0,0,0,"- ","- ",,,MONTEREY,SALINAS,-121.64123986,36.6742901
8142587,2016,2016-10-27,2708,2016-07-06,1721,74696,,3,5,6,2708,0,0,0,,0,,"RIDER AV","FREEDOM PKWY",0.00,,Y,B,-,N,,,,,,,,,,N,3,0,1,2,A,-,05,21650,,N,D,G,A,A,H,-,A,A,0,,Y,,,Y,,L,04,0,1,0,0,0,0,1,0,0,"- ","- ",,,MONTEREY,SALINAS,-121.60410991000001,36.69611012
8142591,2016,2016-10-21,2708,2016-08-28,1650,07815,SALIN,7,5,6,2708,0,0,0,,0,002,"MADRID ST","NORTH MAIN ST",0.00,,Y,A,-,N,,,,,,,,,,,4,0,1,2,A,-,21,22106,,N,D,C,A,A,H,-,A,A,0,,,,,Y,,A,01,0,0,1,0,0,0,0,0,0,"- ","- ",,,MONTEREY,SALINAS,-121.65468988000001,36.713270059999999
8142626,2016,2017-02-18,2708,2016-09-14,1513,66372,,3,5,6,2708,0,0,0,,0,,"S MAIN","JOHN ST",0.00,,Y,A,-,Y,MON,5,68,-,-,21.074,I,5,E,N,4,0,1,2,D,-,00,,,N,G,B,B,A,H,-,A,A,0,Y,,,,Y,,-,"- ",0,0,1,0,1,0,0,0,0,"- ","- ",,,MONTEREY,SALINAS,-121.65481692,36.671073319999998
8142709,2016,2016-10-21,2712,2016-09-27,1211,1073,2712,2,5,3,2712,0,0,0,,0,001,"TALCOTT AV","REINDOLLAR AV",38.00,S,N,A,-,N,,,,,,,,,,N,4,0,1,2,A,-,03,22350,,N,E,I,A,A,H,-,A,D,0,,,,,Y,,A,01,0,0,1,0,0,0,0,0,0,"- ","- ",,,MONTEREY,MARINA,-121.80000599,36.678020140000001
8143760,2016,2016-11-14,2708,2016-10-31,2142,07815,,1,5,6,2708,0,0,0,,0,007,"VILLA ST","WILSON ST",40.00,S,N,A,-,N,,,,,,,,,,Y,4,0,1,3,A,-,01,23152,A,N,C,C,A,A,H,-,C,D,0,,,,,Y,Y,A,01,0,0,1,0,0,0,0,0,0,"- ","- ",,,MONTEREY,SALINAS,-121.66791684,36.678671700000002
8143847,2016,2016-11-30,2708,2016-10-30,1159,97440,,7,5,6,2708,0,0,0,,0,,"E ALISAL ST","FRONT ST",43.00,E,N,C,-,N,,,,,,,,,,Y,4,0,1,2,A,-,01,23152,A,N,C,C,A,B,H,-,A,A,0,,,,,Y,Y,-,,0,0,1,0,0,0,0,0,0,"- ","- ",,,MONTEREY,SALINAS,-121.64901386,36.674649909999999
8143859,2016,2016-11-30,2708,2016-10-12,1118,34245,,3,5,6,2708,0,0,0,,0,005,"POLK ST","POLK CIR",342.00,S,N,A,-,N,,,,,,,,,,Y,3,0,2,2,A,-,03,22350,,N,D,C,A,A,H,-,A,D,0,,,,,Y,,-,,0,2,0,0,0,0,0,0,0,"- ","- ",,,MONTEREY,SALINAS,-121.66069431,36.694634950000001
90430987,2017,2017-04-10,9730,2017-04-06,1433,019956,,4,2,9,2700,0,1,2,,1,070,"US-101 S/B",SR-156,75.00,S,N,A,-,Y,,,101,,,,,,S,Y,4,0,2,2,A,-,03,22350,,N,C,C,A,A,H,-,A,D,0,,,,,Y,,A,07,0,0,2,0,0,0,0,0,0,"- ","- ",36.789250000000003,-121.6677,MONTEREY,UNINCORPORATED,-121.66771623,36.789253430000002
90431148,2017,2017-04-10,9730,2017-04-05,0534,019569,,3,3,9,2700,0,2,4,,2,063,"BLANCO RD","DAVIS RD",0.00,,Y,A,-,N,,,,,,,,,,Y,3,0,1,2,A,-,12,21453,A,N,D,C,A,A,H,-,C,A,0,,,,Y,Y,,F,26,0,1,0,0,0,0,0,0,0,"- ","- ",36.666870000000003,-121.68506000000001,MONTEREY,UNINCORPORATED,-121.68510999,36.666800000000002
90431311,2017,2017-04-11,9730,2017-03-31,2137,021320,,5,2,9,2700,0,2,4,,1,073,"SAN MIGUEL CANYON ROAD","CASTROVILLE BLVD",38.00,S,N,A,-,N,,,,,,,,,,Y,3,0,3,1,A,-,03,22350,,N,E,I,A,A,H,-,D,A,0,,,,,Y,,A,01,0,1,2,0,0,0,0,0,0,"- ","- ",36.80836,-121.67174,MONTEREY,UNINCORPORATED,-121.67181371,36.808329970000003
90431457,2017,2017-04-11,9730,2017-04-07,1345,020841,,5,1,9,2700,0,3,5,,2,006,"BLACKIE ROAD","DEL MONTE AVENUE",119.00,E,N,B,-,N,,,,,,,,,,Y,4,0,1,2,A,-,03,22350,,N,C,C,A,A,H,-,A,D,0,,,,,Y,,D,22,0,0,1,0,0,0,0,0,0,"- ","- ",36.758020000000002,-121.74370999999999,MONTEREY,UNINCORPORATED,-121.74374936,36.75804866
90431940,2017,2017-04-11,9730,2017-04-07,0203,019956,,5,3,9,2700,0,1,3,,1,074,"SR-1 S/B","TRAFTON RD",100.00,N,N,B,C,Y,,,1,,,,,,S,Y,4,0,1,1,A,-,03,22350,,N,E,I,A,B,H,-,D,D,0,,,,,Y,,A,01,0,0,1,0,0,0,0,0,0,"- ","- ",36.8767,-121.77123,MONTEREY,UNINCORPORATED,-121.77121033,36.876704240000002
90432018,2017,2017-04-11,9730,2017-04-05,1807,018312,,3,2,9,2700,0,1,2,,1,030,"US 101 (NORTHBOUND)","SOLEDAD PRISON ROAD",7920.00,N,N,A,-,Y,,,,,,,,,,Y,3,0,2,2,A,-,01,23152,A,N,C,C,A,A,H,-,A,D,0,,,,,Y,Y,A,01,0,2,0,0,0,0,0,0,0,"- ","- ",36.4788,-121.40974,MONTEREY,UNINCORPORATED,-121.40917293,36.478070860000003
90432317,2017,2017-04-12,9730,2017-04-05,1822,018810,,3,2,9,2700,0,1,3,,1,074,SR-1,"STRUVE ROAD",500.00,N,N,B,-,Y,,,1,,,,,,,Y,4,0,1,3,A,-,05,21460,A,N,A,C,A,A,H,-,A,D,0,,,,,Y,,A,01,0,0,1,0,0,0,0,0,0,"- ","- ",36.835009999999997,-121.77101,MONTEREY,UNINCORPORATED,-121.77100634999999,36.835010019999999
90432320,2017,2017-04-12,9730,2017-04-07,0753,019956,,5,1,9,2700,0,1,2,,1,070,"US-101 S/B","PRUNEDALE SOUTH RD",4752.00,S,N,B,C,Y,,,101,,,,,,S,Y,4,0,2,2,A,-,03,22350,,N,C,C,A,B,H,-,A,D,0,,,,,Y,,A,01,0,0,2,0,0,0,0,0,0,"- ","- ",36.757530000000003,-121.66556,MONTEREY,UNINCORPORATED,-121.66556706999999,36.757527809999999
90432349,2017,2017-04-12,9730,2017-04-08,1539,020584,,6,2,9,2700,0,1,3,,1,024,"SR-68 (HOLMAN HIGHWAY)","SKYLINE FOREST DR.",1320.00,E,N,A,-,Y,,,68,,,,,,,Y,4,0,1,2,A,-,05,21460,A,N,B,C,A,A,H,-,A,D,0,,,,,Y,,E,22,0,0,1,0,0,0,0,0,0,"- ","- ",36.582030000000003,-121.91794,MONTEREY,UNINCORPORATED,-121.91790036,36.582033860000003
90432486,2017,2017-04-12,9730,2017-04-09,1525,020841,,7,2,9,2700,0,3,5,,2,007,"DOLAN ROAD","VIA TANQUES ROAD",0.00,,Y,A,-,N,,,,,,,,,,Y,4,0,1,2,A,-,09,21802,A,N,A,C,A,A,H,-,A,A,0,,,,,Y,,D,22,0,0,1,0,0,0,0,0,0,"- ","- ",36.797690000000003,-121.75697,MONTEREY,UNINCORPORATED,,
90432585,2017,2017-04-12,9730,2017-04-09,1050,019818,,7,1,9,2700,0,1,3,,1,066,"MERRIT ST (SR-183)","SR-156 WB",0.00,,Y,A,-,Y,,,183,,,,,,,N,4,0,1,2,A,-,09,21802,A,N,D,C,A,A,H,-,A,A,0,,,,,Y,,A,01,0,0,1,0,0,0,0,0,0,"- ","- ",36.761850000000003,-121.7526,MONTEREY,UNINCORPORATED,-121.75267218,36.761751789999998
90433503,2017,2017-04-13,9730,2017-04-07,1030,017502,,5,1,9,2700,0,2,4,,1,023,"CARMEL VALLEY ROAD","SCARLETT ROAD",1056.00,W,N,C,-,N,,,,,,,,,,Y,3,0,2,2,A,-,05,21460,A,N,E,I,A,B,H,-,A,D,0,,,,,Y,,A,01,0,1,1,0,0,0,0,0,0,"- ","- ",36.524799999999999,-121.79649999999999,MONTEREY,UNINCORPORATED,-121.79693114,36.524711539999998
90433935,2017,2017-04-13,9730,2017-04-10,1530,019981,,1,2,9,2700,0,3,5,,2,002,"PALO COLORADO ROAD",SR-1,10560.00,E,N,A,-,N,,,,,,,,,,Y,2,0,1,1,A,-,08,22107,,N,E,I,A,A,H,-,A,D,0,,,,,Y,,A,07,1,0,0,0,0,0,0,0,0,"- ","- ",36.389789999999998,-121.87161999999999,MONTEREY,UNINCORPORATED,,
90433959,2017,2017-04-13,9735,2017-04-04,1510,016816,,2,2,9,2700,0,3,5,,2,002,"NACIMIENTO LAKE DR.","JOLON RD.",2640.00,S,N,A,-,Y,,,,,,,,,,Y,2,0,1,2,A,-,05,21651,A,N,B,C,A,A,H,-,A,D,0,,,Y,,Y,,C,02,1,0,0,0,0,0,0,0,1,"- ","- ",35.869929999999997,-120.82746,MONTEREY,UNINCORPORATED,-120.8382939,35.866693040000001
90434030,2017,2017-04-13,9730,2017-04-11,1513,019981,,2,2,9,2700,0,1,3,,1,014,SR-1,"PALO COLRADO ROAD",0.00,,Y,A,-,Y,,,1,,,,,,,Y,4,0,3,2,A,-,09,21801,A,N,D,C,A,A,H,-,A,D,0,,,,,Y,,A,01,0,0,3,0,0,0,0,0,0,"- ","- ",36.39931,-121.90455,MONTEREY,UNINCORPORATED,-121.90456786,36.399295950000003
90434239,2017,2017-04-14,9730,2017-04-08,1940,020677,,6,2,9,2700,0,1,3,,1,066,SR-183,"SAN JON RD.",30.00,S,N,A,-,N,,,183,,,,,,,Y,3,0,4,2,A,-,01,23152,A,N,C,C,A,A,H,-,D,D,0,,,,,Y,Y,A,07,0,3,1,0,0,0,0,0,0,"- ","- ",36.703629999999997,-121.70735000000001,MONTEREY,UNINCORPORATED,-121.70744974999999,36.703533620000002
90434404,2017,2017-04-14,9735,2017-03-31,0105,020417,,5,3,9,2700,0,1,2,,2,042,"US-101 S/B","PARIS VALLEY O/C",2930.00,S,N,B,-,Y,,,101,,,,,,S,Y,3,0,1,2,A,-,08,22107,,N,B,D,A,A,H,-,D,D,0,,,,Y,Y,,A,01,0,1,0,0,0,0,0,0,0,"- ","- ",36.071309999999997,-120.99052,MONTEREY,UNINCORPORATED,-120.99052929,36.07129922
90435458,2017,2017-04-17,9730,2017-04-09,2305,020896,,7,3,9,2700,0,1,3,,1,022,SR-1,"OCEAN AVE",100.00,N,N,A,-,Y,,,1,,,,,,,Y,3,0,1,1,A,-,08,22107,,N,E,I,A,A,H,-,C,D,0,,,,,Y,,A,07,0,1,0,0,0,0,0,0,0,"- ","- ",36.556550000000001,-121.91137000000001,MONTEREY,UNINCORPORATED,-121.91124751,36.55656638
90435487,2017,2017-04-17,9730,2017-04-10,1601,019239,,1,2,9,2700,0,3,5,,2,003,"FOLETTA RD","BROOME RD",1056.00,N,N,A,-,N,,,,,,,,,,Y,4,0,1,1,A,-,08,22107,,N,F,A,A,A,H,-,A,D,0,,,,,Y,,A,01,0,0,1,0,0,0,0,0,0,"- ","- ",36.556980000000003,-121.50644,MONTEREY,UNINCORPORATED,-121.5054919,36.556010389999997
90435493,2017,2017-04-17,9730,2017-04-10,1739,019239,,1,2,6,2708,0,1,2,,1,050,"US-101 NB","MARKET ST U/C",100.00,S,N,A,-,Y,,,101,,,,,,N,N,4,0,2,2,A,-,03,22350,,N,C,C,A,A,H,-,A,D,0,,,,,Y,,A,01,0,0,2,0,0,0,0,0,0,"- ","- ",36.675710000000002,-121.64093,MONTEREY,SALINAS,-121.64088317,36.675718019999998
90435742,2017,2017-04-17,9730,2017-04-15,2130,021407,,6,2,9,2700,0,1,2,,1,030,"US-101 SOUTHBOUND","CHUALAR ROAD",7920.00,S,N,A,-,Y,,,101,,,,,,S,Y,3,0,1,1,A,-,03,22350,,N,E,I,A,A,H,-,C,D,0,,,,,Y,,D,22,0,1,0,0,0,0,0,0,0,"- ","- ",36.556480000000001,-121.50536,MONTEREY,UNINCORPORATED,-121.50532521,36.556516189999996
90435914,2017,2017-04-17,9730,2017-04-06,1524,020899,,4,2,9,2700,0,3,5,,2,004,"GRANT STREET","MAIN STREET",191.00,S,N,B,-,N,,,,,,,,,,N,3,0,1,2,A,-,09,21804,A,N,D,G,A,A,H,-,A,D,0,,Y,,,Y,,L,04,0,1,0,0,0,0,1,0,0,"- ","- ",36.569200000000002,-121.51727,MONTEREY,UNINCORPORATED,-121.51726341,36.569186999999999
90436058,2017,2017-04-17,9730,2017-04-12,0640,015160,,3,1,9,2700,0,1,3,,1,074,SR-1,"STRUVE ROAD (SOUTH)",528.00,N,N,C,-,Y,,,1,,,,,,,N,4,0,2,3,A,-,03,22350,,N,C,C,A,B,H,-,A,D,0,,,,,Y,,A,01,0,0,2,0,0,0,0,0,0,"- ","- ",36.826160000000002,-121.77527000000001,MONTEREY,UNINCORPORATED,-121.77529042,36.826184179999998
90436381,2017,2017-04-18,9730,2017-04-11,1750,018543,,2,2,9,2700,0,1,3,,1,066,"MERRITT STREET","RICO STREET",50.00,N,N,A,-,Y,,,,,,,,,,N,3,0,1,2,A,-,08,22107,,N,B,G,A,A,H,-,A,D,0,,Y,,,Y,,A,01,0,1,0,0,0,0,1,0,0,"- ","- ",36.764710000000001,-121.75677,MONTEREY,UNINCORPORATED,-121.75657428,36.764624189999999
90436956,2017,2017-04-18,9730,2017-04-14,1750,020621,,5,2,9,2700,0,1,2,,1,070,"S/B US-101","SAN MIGUEL CANYON ROAD O/C",100.00,S,N,A,-,Y,,,101,,,,,,,Y,4,0,1,2,A,-,03,22350,,N,C,C,A,A,H,-,A,D,0,,,,Y,Y,,G,25,0,0,1,0,0,0,0,0,0,"- ","- ",36.799019999999999,-121.66464999999999,MONTEREY,UNINCORPORATED,-121.66466306,36.799030639999998
90436975,2017,2017-04-18,9730,2017-04-12,0008,019934,,3,3,9,2700,0,3,5,,2,007,"VEGA ROAD","MARLIN LN",1056.00,W,N,B,-,N,,,,,,,,,,Y,3,0,1,1,A,-,01,23152,A,M,E,I,A,B,H,-,D,D,0,,,,,Y,Y,D,22,0,1,0,0,0,0,0,0,0,"- ","- ",36.893369999999997,-121.70407,MONTEREY,UNINCORPORATED,-121.7049562,36.893392550000002
90437046,2017,2017-04-18,9730,2017-04-16,1420,020621,,7,2,6,2708,0,1,2,,1,050,"N/B US-101","SHERWOOD DRIVE O/C",75.00,N,N,B,C,Y,,,101,,,,,,,Y,4,0,1,2,A,-,03,22350,,N,C,C,A,B,H,-,A,D,0,,,,,Y,,A,01,0,0,1,0,0,0,0,0,0,"- ","- ",36.684980000000003,-121.64861999999999,MONTEREY,SALINAS,-121.64860091,36.685016179999998
90437072,2017,2017-04-18,9730,2017-04-16,1453,020621,,7,2,6,2708,0,1,2,,1,050,"S/B US-101","BORONDA ROAD",1056.00,S,N,B,C,Y,,,101,,,,,,,Y,4,0,1,1,A,-,03,22350,,N,E,I,A,B,H,-,A,D,0,,,,,Y,,A,01,0,0,1,0,0,0,0,0,0,"- ","- ",36.714590000000001,-121.66184,MONTEREY,SALINAS,-121.66195879999999,36.714625650000002
90437075,2017,2017-04-18,9735,2017-04-15,1050,019965,,6,1,9,2700,0,3,5,,2,004,"INDIAN VALLEY RD","CROSS COUNTRY RD",15840.00,W,N,A,-,N,,,,,,,,,,N,4,0,1,1,C,-,18,,,N,E,H,A,A,H,-,A,D,0,,,Y,,Y,,-,"- ",0,0,1,0,0,0,0,0,1,"- ","- ",35.884909999999998,-120.78147,MONTEREY,UNINCORPORATED,-120.70471422999999,35.830129130000003
90437083,2017,2017-04-18,9730,2017-04-16,1502,020621,,7,2,6,2708,0,1,2,,1,050,"S/B US-101","BORONDA ROAD",1100.00,S,N,B,C,Y,,,101,,,,,,,Y,4,0,1,2,A,-,03,22350,,N,C,C,A,B,H,-,A,D,0,,,,,Y,,A,01,0,0,1,0,0,0,0,0,0,"- ","- ",36.714590000000001,-121.66184,MONTEREY,SALINAS,-121.66195879999999,36.714625650000002
90437107,2017,2017-04-18,9730,2017-04-12,0014,020233,,3,3,9,2700,0,2,4,,1,073,"PORTER DRIVE","SALINAS ROAD",150.00,W,N,B,-,N,,,,,,,,,,Y,2,0,2,2,A,-,01,23152,A,F,D,E,A,B,H,-,C,D,0,,,,,Y,Y,A,01,1,1,0,0,0,0,0,0,0,"- ","- ",36.902749999999997,-121.74879,MONTEREY,UNINCORPORATED,-121.74877646,36.902844379999998
90437349,2017,2017-04-19,9730,2017-04-11,1419,018312,,2,2,9,2700,0,2,4,,2,063,"BLANCO ROAD","HITCHCOCK ROAD",2640.00,E,N,A,-,N,,,,,,,,,,Y,3,0,2,3,A,-,03,22350,,N,C,C,A,A,H,-,A,D,0,,,,,Y,,A,01,0,1,1,0,0,0,0,0,0,"- ","- ",36.671669999999999,-121.69398,MONTEREY,UNINCORPORATED,-121.69437670000001,36.671936889999998
90437516,2017,2017-04-19,9730,2017-04-16,0325,020990,,7,3,9,2700,0,2,4,,1,023,"CARMEL VALLEY ROAD","SAN CLEMENTE DRIVE",200.00,E,N,B,-,N,,,,,,,,,,Y,3,0,1,1,A,-,01,23152,F,N,E,I,A,A,H,-,D,D,0,,,,,Y,,A,01,0,1,0,0,0,0,0,0,0,"- ","- ",36.457650000000001,-121.70699999999999,MONTEREY,UNINCORPORATED,-121.70613,36.458399999999997
90437700,2017,2017-04-19,9730,2017-04-17,2108,019934,,1,2,9,2700,0,3,5,,2,005,"HARRISON RD.","BORGES LN.",90.00,N,N,B,-,N,,,,,,,,,,Y,3,0,1,1,A,-,08,22107,,N,E,I,A,B,H,-,D,D,0,,,,,Y,,A,01,0,1,0,0,0,0,0,0,0,"- ","- ",36.755400000000002,-121.65575,MONTEREY,UNINCORPORATED,,
90437949,2017,2017-04-19,9730,2017-04-14,1110,016537,,5,1,9,2700,0,1,2,,1,030,"US-101 N/B","SILLMAN RD.",528.00,N,N,A,-,Y,,,101,,,,,,N,Y,4,0,2,2,A,-,03,22350,,N,C,C,A,A,H,-,A,D,0,,,,,Y,,A,07,0,0,2,0,0,0,0,0,0,"- ","- ",36.452030000000001,-121.36729,MONTEREY,UNINCORPORATED,-121.36727166999999,36.452058630000003
90437985,2017,2017-04-19,9730,2017-04-13,1708,012332,,4,2,9,2700,0,3,5,,2,005,"SAN JUAN GRADE RD","HEBERT RD",2112.00,N,N,A,-,N,,,,,,,,,,Y,3,0,3,1,A,-,08,22107,,N,F,A,A,A,H,-,A,D,0,,,,,Y,,A,01,0,1,2,0,0,0,0,0,0,"- ","- ",36.76426,-121.6116,MONTEREY,UNINCORPORATED,-121.61160096,36.764346740000001
90438006,2017,2017-04-19,9735,2017-04-18,0615,017257,,2,1,9,2700,0,1,3,,1,034,SR-198,"US 101 (N/B)",1056.00,E,N,C,-,Y,,,198,,,,,,,Y,4,0,2,2,A,-,03,22350,,N,C,C,A,B,H,-,B,A,0,,,,,Y,,A,07,0,0,2,0,0,0,0,0,0,"- ","- ",36.124180000000003,-121.01934,MONTEREY,UNINCORPORATED,-121.01931344,36.12412355
90438317,2017,2017-04-20,9730,2017-04-08,0000,021338,,6,3,9,2700,0,1,3,,1,074,"STATE ROUTE -1","STRUVE ROAD",1569.00,N,N,A,-,Y,,,1,,,,,,,Y,3,0,2,2,A,-,01,23152,A,F,C,C,A,A,H,-,D,D,0,,,,,Y,Y,A,01,0,1,1,0,0,0,0,0,0,"- ","- ",36.835299999999997,-121.77101999999999,MONTEREY,UNINCORPORATED,-121.77100772,36.835300060000002
90438347,2017,2017-04-20,9730,2017-04-18,1055,015160,,2,1,9,2700,0,3,5,,2,006,"ESPINOSA ROAD",SR-183,48.00,E,N,C,-,Y,,,,,,,,,,Y,4,0,1,1,A,-,08,22107,,N,E,I,A,B,H,-,A,A,0,,,,,Y,,A,01,0,0,1,0,0,0,0,0,0,"- ","- ",36.744869999999999,-121.74012,MONTEREY,UNINCORPORATED,,
90438412,2017,2017-04-20,9730,2017-04-19,0659,019569,,3,1,9,2700,0,3,5,,2,005,"VIERRA CANYON RD","VIERRA MEADOWS PL",528.00,W,N,A,-,N,,,,,,,,,,Y,4,0,1,1,A,-,08,22107,,N,E,I,A,A,H,-,A,D,0,,,,,Y,,A,01,0,0,1,0,0,0,0,0,0,"- ","- ",36.796170000000004,-121.6561,MONTEREY,UNINCORPORATED,-121.65671879999999,36.795485749999997
90440074,2017,2018-05-25,9730,2017-04-16,1810,021120,,7,2,9,2700,0,1,3,,1,074,SR-1,"DOLAN RD.",0.00,,Y,C,-,N,,,1,,,,,,,Y,1,1,0,2,A,-,09,21801,A,N,A,C,A,B,H,-,A,D,0,,,,,Y,,A,01,0,0,0,0,0,0,0,0,0,"- ","- ",36.804110000000001,-121.78377999999999,MONTEREY,UNINCORPORATED,-121.7837966,36.804110999999999
90440283,2017,2017-04-24,9730,2017-04-13,1955,020916,,4,2,9,2700,0,2,4,,1,073,"HALL ROAD","LAS LOMAS DRIVE",465.00,E,N,A,-,N,,,,,,,,,,Y,4,0,1,2,A,-,03,22350,,N,C,C,A,A,H,-,C,A,0,,,,,Y,,A,01,0,0,1,0,0,0,0,0,0,"- ","- ",36.864649999999997,-121.732,MONTEREY,UNINCORPORATED,-121.73229141,36.864638560000003
90440300,2017,2017-04-24,9730,2017-04-15,1150,016537,,6,1,9,2700,0,3,5,,2,003,"LAURELES GRADE RD.","LA RANCHERIA RD.",0.00,,Y,A,-,N,,,,,,,,,,Y,4,0,1,2,A,-,09,21804,A,N,D,C,A,A,H,-,A,D,0,,,,,Y,,A,01,0,0,1,0,0,0,0,0,0,"- ","- ",36.506909999999998,-121.75281,MONTEREY,UNINCORPORATED,-121.75280999,36.50669001