CASE_ID,ACCIDENT_YEAR,PROC_DATE,JURIS,COLLISION_DATE,COLLISION_TIME,OFFICER_ID,REPORTING_DISTRICT,DAY_OF_WEEK,CHP_SHIFT,POPULATION,CNTY_CITY_LOC,SPECIAL_COND,BEAT_TYPE,CHP_BEAT_TYPE,CITY_DIVISION_LAPD,CHP_BEAT_CLASS,BEAT_NUMBER,PRIMARY_RD,SECONDARY_RD,DISTANCE,DIRECTION,INTERSECTION,WEATHER_1,WEATHER_2,STATE_HWY_IND,CALTRANS_COUNTY,CALTRANS_DISTRICT,STATE_ROUTE,ROUTE_SUFFIX,POSTMILE_PREFIX,POSTMILE,LOCATION_TYPE,RAMP_INTERSECTION,SIDE_OF_HWY,TOW_AWAY,COLLISION_SEVERITY,NUMBER_KILLED,NUMBER_INJURED,PARTY_COUNT,PRIMARY_COLL_FACTOR,PCF_CODE_OF_VIOL,PCF_VIOL_CATEGORY,PCF_VIOLATION,PCF_VIOL_SUBSECTION,HIT_AND_RUN,TYPE_OF_COLLISION,MVIW,PED_ACTION,ROAD_SURFACE,ROAD_COND_1,ROAD_COND_2,LIGHTING,CONTROL_DEVICE,CHP_ROAD_TYPE,PEDESTRIAN_ACCIDENT,BICYCLE_ACCIDENT,MOTORCYCLE_ACCIDENT,TRUCK_ACCIDENT,NOT_PRIVATE_PROPERTY,ALCOHOL_INVOLVED,STWD_VEHTYPE_AT_FAULT,CHP_VEHTYPE_AT_FAULT,COUNT_SEVERE_INJ,COUNT_VISIBLE_INJ,COUNT_COMPLAINT_PAIN,COUNT_PED_KILLED,COUNT_PED_INJURED,COUNT_BICYCLIST_KILLED,COUNT_BICYCLIST_INJURED,COUNT_MC_KILLED,COUNT_MC_INJURED,PRIMARY_RAMP,SECONDARY_RAMP,LATITUDE,LONGITUDE,COUNTY,CITY,POINT_X,POINT_Y
90440430,2017,2017-10-09,9730,2017-04-16,1438,021320,,7,2,9,2700,0,3,5,,2,007,"ECHO VALLEY ROAD","SAN MIGUEL CANYON ROAD",0.00,,Y,B,C,N,,,,,,,,,,Y,4,0,1,2,A,-,09,21802,A,N,D,C,A,B,H,-,A,A,0,,,,,Y,,A,08,0,0,1,0,0,0,0,0,0,"- ","- ",36.821759999999998,-121.67349,MONTEREY,UNINCORPORATED,-121.67346996000001,36.821660080000001
8144974,2016,2016-12-27,2708,2016-11-03,0545,18925,,4,5,6,2708,0,0,0,,0,009,"ABBOTT ST","MERRILL ST",0.00,,Y,A,-,N,,,,,,,,,,Y,4,0,1,3,A,-,09,21801,A,N,D,C,A,A,H,-,C,D,0,,,,,Y,,-,,0,0,1,0,0,0,0,0,0,"- ","- ",,,MONTEREY,SALINAS,-121.63159994,36.655470059999999
8144978,2016,2016-12-27,2708,2016-11-10,1730,31967,,4,5,6,2708,0,0,0,,0,008,"LINCOLN AV","ALISAL ST",0.00,,Y,A,-,N,,,,,,,,,,N,4,0,1,2,A,-,11,21954,A,N,G,B,E,A,H,-,B,D,0,Y,,,,Y,,N,60,0,0,1,0,1,0,0,0,0,"- ","- ",,,MONTEREY,SALINAS,-121.65684994999999,36.673520089999997
8145014,2016,2016-12-27,2708,2016-11-07,1157,08037,,1,5,6,2708,0,0,0,,0,012,"E ALISAL ST","TOWT ST",10.00,E,N,A,-,N,,,,,,,,,,Y,4,0,1,2,A,-,03,22350,,N,C,C,A,A,H,-,A,A,0,,,,,Y,,-,,0,0,1,0,0,0,0,0,0,"- ","- ",,,MONTEREY,SALINAS,-121.62319613,36.672456750000002
8147155,2016,2016-10-17,2706,2016-10-07,1807,635,MPD,5,5,4,2706,0,0,0,,0,003,"VIRGINIA AV","MONTECITO AV",148.00,N,N,A,-,N,,,,,,,,,,N,2,0,1,2,A,-,09,21804,A,N,D,G,A,-,H,-,A,D,0,,Y,,,Y,,L,04,1,0,0,0,0,0,1,0,0,"- ","- ",,,MONTEREY,MONTEREY,-121.8575211,36.603319499999998
8147159,2016,2016-10-17,2706,2016-10-09,1531,142,MPD,7,5,4,2706,0,0,0,,0,001,"DAVID AV","SPENCER ST",0.00,,Y,A,-,N,,,,,,,,,,Y,4,0,1,2,A,-,09,21801,A,N,D,C,A,A,H,-,A,D,0,,,,,Y,,A,01,0,0,1,0,0,0,0,0,0,"- ","- ",,,MONTEREY,MONTEREY,-121.90793993,36.615170059999997
8147171,2016,2016-10-17,2706,2016-10-06,1715,896,MPD,4,5,4,2706,0,0,0,,0,002,"PACIFIC ST","MADISON ST",0.00,,Y,A,-,N,,,,,,,,,,N,3,0,1,2,A,-,09,21801,A,N,A,G,A,A,H,-,A,A,0,,Y,,,Y,,A,01,0,1,0,0,0,0,1,0,0,"- ","- ",,,MONTEREY,MONTEREY,-121.89709996000001,36.59681003
8147742,2016,2016-12-01,2706,2016-10-03,1717,608,MPD,1,5,4,2706,0,0,0,,0,003,"DEL MONTE AV","SLOAT AV",0.00,,Y,A,-,N,,,,,,,,,,Y,4,0,2,2,A,-,09,21801,A,N,A,C,A,A,H,-,A,A,0,,,,,Y,,A,01,0,0,2,0,0,0,0,0,0,"- ","- ",,,MONTEREY,MONTEREY,-121.87887996000001,36.599860020000001
8147880,2016,2016-10-18,2706,2016-10-04,2226,772,MPD,2,5,4,2706,0,0,0,,0,001,"HOFFMAN AV","LIGHTHOUSE AV",0.00,,Y,A,-,N,,,,,,,,,,Y,4,0,1,2,A,-,12,21453,A,N,D,C,A,A,H,-,A,A,0,,,,,Y,,A,01,0,0,1,0,0,0,0,0,0,"- ","- ",,,MONTEREY,MONTEREY,-121.90170992,36.613560079999999
8147884,2016,2016-10-18,2706,2016-10-04,1541,949,MPD,2,5,4,2706,0,0,0,,0,002,"FREMONT ST","CAMINO AGUAJITO",0.00,,Y,A,-,N,,,,,,,,,,N,4,0,1,2,A,-,03,22350,,N,C,C,A,A,H,-,A,A,0,,,,,Y,,A,01,0,0,1,0,0,0,0,0,0,"- ","- ",,,MONTEREY,MONTEREY,-121.88249995,36.593760009999997
8147986,2016,2016-10-18,2703,2016-09-27,1444,4989,2703,2,5,2,2703,0,0,0,,0,ALL,"5TH ST","RINCON RD",0.00,,Y,A,-,N,,,,,,,,,,N,4,0,1,2,A,-,10,21950,A,N,G,B,A,A,H,-,A,A,0,,Y,,,Y,,A,07,0,0,1,0,0,0,1,0,0,"- ","- ",,,MONTEREY,GONZALES,-121.43905988,36.512310110000001
8151074,2016,2016-10-24,2706,2016-10-07,1423,428,MPD,5,5,4,2706,0,0,0,,0,002,"GLENWOOD CIR","COSTANOAN DR",3168.00,N,N,A,-,N,,,,,,,,,,Y,4,0,1,2,A,-,08,22107,,N,B,E,A,A,H,-,A,D,0,,,,,Y,,A,01,0,0,1,0,0,0,0,0,0,"- ","- ",,,MONTEREY,MONTEREY,,
8151106,2016,2016-10-25,2706,2016-10-10,1804,772,2706,1,5,4,2706,0,0,0,,0,003,"CASA VERDE WY","NORTH FREMONT ST",247.00,N,N,B,-,N,,,,,,,,,,N,4,0,1,2,A,-,09,21801,A,N,D,C,A,A,H,-,A,D,0,,,,,Y,,A,01,0,0,1,0,0,0,0,0,0,"- ","- ",,,MONTEREY,MONTEREY,-121.86285631,36.596875230000002
90440789,2017,2017-04-24,9730,2017-04-18,1738,019818,,2,2,9,2700,0,2,4,,1,073,"SAN MIGUEL CANYON RD","MORRO RD",4.00,N,N,A,-,N,,,,,,,,,,N,4,0,2,2,A,-,03,22350,,N,C,C,A,A,H,-,A,A,0,,,,,Y,,D,22,0,0,2,0,0,0,0,0,0,"- ","- ",36.802790000000002,-121.66689,MONTEREY,UNINCORPORATED,-121.66672681,36.802679529999999
90440849,2017,2017-04-24,9735,2017-04-12,2500,016696,,3,4,3,2705,0,1,2,,1,041,"US 101 SB","BROADWAY CIRCLE",297.00,E,N,B,-,Y,,,,,,,,,,Y,2,0,1,1,A,-,08,22107,,N,E,J,A,A,H,-,D,D,0,,,,,Y,,D,22,1,0,0,0,0,0,0,0,0,"- ","- ",36.203609999999998,-121.13588,MONTEREY,"KING CITY",-121.13658099,36.204114650000001
90441695,2017,2017-04-25,9730,2017-04-21,1105,019529,,5,1,9,2700,0,1,3,,2,062,"STATE ROUTE 1 (NORTHBOUND)","RESERVATION ROAD",200.00,N,N,A,-,Y,,,,,,,,,,Y,4,0,1,2,A,-,07,21658,A,N,B,C,A,A,H,-,A,D,0,,,,Y,Y,,G,25,0,0,1,0,0,0,0,0,0,"- ","- ",36.699469999999998,-121.80313,MONTEREY,UNINCORPORATED,-121.80475583,36.697349549999998
90441723,2017,2017-04-25,9730,2017-04-21,1620,020584,,5,2,4,2706,0,1,3,,2,062,"SR-1 N/B (CABRILLO HWY) FROM SOLEDAD DR","SOLEDAD DR.",300.00,N,N,A,-,Y,,,1,,,,R,,N,N,4,0,1,2,A,-,03,22350,,N,C,C,A,A,H,-,A,D,0,,,,,Y,,A,01,0,0,1,0,0,0,0,0,0,"- ","- ",36.581949999999999,-121.89792,MONTEREY,MONTEREY,-121.89792,36.581949999999999
90442808,2017,2017-04-26,9730,2017-04-20,1145,015160,,4,1,9,2700,0,3,5,,2,007,"SAN MIGUEL CANYON ROAD","VEGA ROAD",5280.00,S,N,A,-,N,,,,,,,,,,N,4,0,3,2,A,-,21,22106,,N,C,C,A,A,H,-,A,D,0,,,,,Y,,J,48,0,0,3,0,0,0,0,0,0,"- ","- ",36.88214,-121.68158,MONTEREY,UNINCORPORATED,-121.68380897,36.880481840000002
90443274,2017,2017-04-27,9730,2017-04-21,2356,020065,,5,3,9,2700,0,3,5,,2,006,"BLACKIE ROAD","MORRO TERRACE",1220.00,W,N,A,-,N,,,,,,,,,,Y,4,0,3,1,A,-,08,22107,,N,E,I,A,A,H,-,D,D,0,,,,,Y,,A,01,0,0,3,0,0,0,0,0,0,"- ","- ",36.777009999999997,-121.69315,MONTEREY,UNINCORPORATED,-121.69247704999999,36.777207760000003
90443320,2017,2017-04-27,9730,2017-04-23,1345,020208,,7,1,9,2700,0,1,2,,1,070,"US-101 N/B","BERTA CANYON ROAD",20.00,N,N,A,-,Y,,,101,,,,,,N,Y,4,0,1,2,A,-,03,22350,,N,C,C,A,A,H,-,A,D,0,,,,,Y,,A,07,0,0,1,0,0,0,0,0,0,"- ","- ",36.787779999999998,-121.66789,MONTEREY,UNINCORPORATED,-121.66786875,36.787775699999997
90443396,2017,2017-04-27,9730,2017-04-24,1530,018810,,1,2,9,2700,0,1,3,,2,062,"SR-1 S/B","SR-68 (HOLMAN HIGHWAY)",200.00,N,N,B,-,Y,,,1,,,,,,S,Y,4,0,1,3,A,-,03,22350,,N,C,C,A,A,H,-,A,D,0,,,,,Y,,A,01,0,0,1,0,0,0,0,0,0,"- ","- ",36.576569999999997,-121.91025999999999,MONTEREY,UNINCORPORATED,-121.91027927,36.576602520000002
90443433,2017,2017-04-27,9730,2017-04-25,0800,019529,,2,1,9,2700,0,2,4,,1,073,"SAN MIGUEL CANYON RD.","CORTO SAN MIGUEL CANYON RD.",50.00,S,N,A,-,N,,,,,,,,,,N,4,0,1,3,A,-,03,22350,,N,C,C,A,A,H,-,A,D,0,,,,,Y,,A,01,0,0,1,0,0,0,0,0,0,"- ","- ",36.856639999999999,-121.69401000000001,MONTEREY,UNINCORPORATED,,
90443621,2017,2017-04-27,9730,2017-04-25,0655,019529,,2,1,9,2700,0,2,4,,1,073,"HALL ROAD","JOHNSON ROAD",600.00,E,N,A,-,N,,,,,,,,,,Y,2,0,5,4,A,-,08,22107,,N,B,C,A,A,H,-,A,D,0,,,,,Y,,A,01,1,1,3,0,0,0,0,0,0,"- ","- ",36.860469999999999,-121.70417,MONTEREY,UNINCORPORATED,-121.70532392,36.860644780000001
90443754,2017,2017-04-27,9735,2017-04-21,1250,017681,,5,1,9,2700,0,1,2,,1,040,"US-101 NORTHBOUND","HARDEN FARMS ROAD",1320.00,S,N,A,-,Y,,,101,,,,,,N,Y,4,0,2,1,A,-,07,21658,A,N,E,I,A,A,H,-,A,D,0,,,,,Y,,A,01,0,0,2,0,0,0,0,0,0,"- ","- ",36.377940000000002,-121.29392,MONTEREY,UNINCORPORATED,-121.29397126000001,36.377878989999999
90444902,2017,2017-04-28,9730,2017-04-24,0005,021320,,1,3,9,2700,0,3,5,,2,004,"OLD STAGE ROAD","ALISAL ROAD",86.00,S,N,A,-,N,,,,,,,,,,Y,3,0,3,2,A,-,01,23152,A,N,C,C,A,A,H,-,D,D,0,,,,,Y,Y,A,07,0,1,2,0,0,0,0,0,0,"- ","- ",36.630890000000001,-121.54263,MONTEREY,UNINCORPORATED,-121.54244256,36.630803270000001
90444923,2017,2017-04-28,9730,2017-04-25,1925,018543,,2,2,9,2700,0,3,5,,2,006,"MONTE ROAD N/B","NEPONSET ROAD",528.00,N,N,A,-,N,,,,,,,,,,Y,3,0,1,2,A,-,09,21801,B,N,A,C,A,A,H,-,A,D,0,,,,Y,Y,,A,07,0,1,0,0,0,0,0,0,0,"- ","- ",36.728580000000001,-121.78558,MONTEREY,UNINCORPORATED,-121.78696739,36.727266710000002
90444973,2017,2017-04-28,9730,2017-04-26,1620,019239,,3,2,9,2700,0,1,2,,1,050,"US-101 NB","SPENCE RD",0.00,,Y,A,-,Y,,,101,,,,,,N,Y,4,0,1,2,A,-,09,21801,A,N,C,C,A,A,H,-,A,D,0,,,,Y,Y,,G,25,0,0,1,0,0,0,0,0,0,"- ","- ",36.612850000000002,-121.56702,MONTEREY,UNINCORPORATED,-121.56700511,36.612870260000001
90445299,2017,2017-04-28,9735,2017-04-22,1534,020057,,6,2,9,2700,0,3,5,,2,003,"MAIN ST.","TERESA ST.",14.00,N,N,A,-,N,,,,,,,,,,Y,3,0,1,1,A,-,01,23152,A,N,F,A,A,A,H,-,A,D,0,,,,,Y,Y,A,07,0,1,0,0,0,0,0,0,0,"- ","- ",36.128680000000003,-121.01896000000001,MONTEREY,UNINCORPORATED,-121.01900555,36.128750660000001
90446654,2017,2017-05-01,9730,2017-04-28,1900,017803,,5,2,9,2700,0,3,5,,2,007,"DOLAN RD",SR-1,20.00,E,N,A,-,Y,,,,,,,,,,N,4,0,1,2,A,-,21,22106,,N,C,C,A,A,H,-,A,A,0,,,,,Y,,A,01,0,0,1,0,0,0,0,0,0,"- ","- ",36.804110000000001,-121.78364000000001,MONTEREY,UNINCORPORATED,-121.78374448,36.804074419999999
90446707,2017,2017-05-01,9730,2017-04-20,1320,015160,,4,1,9,2700,0,2,4,,1,073,"SAN MIGUEL CANYON ROAD","HALL ROAD",528.00,S,N,A,-,N,,,,,,,,,,Y,4,0,2,2,A,-,21,22106,,N,C,C,A,A,H,-,A,A,0,,,,,Y,,A,07,0,0,2,0,0,0,0,0,0,"- ","- ",36.85765,-121.69448,MONTEREY,UNINCORPORATED,-121.69467263,36.857932779999999
90447275,2017,2017-05-02,9730,2017-04-20,2145,019239,,4,2,9,2700,0,1,2,,1,050,"US-101 NB","GOULD RD",4224.00,N,N,A,-,Y,,,101,,,,,,N,Y,3,0,3,2,A,-,01,23152,A,N,C,C,A,A,H,-,D,D,0,,,,,Y,Y,A,01,0,1,2,0,0,0,0,0,0,"- ","- ",36.636319999999998,-121.59895,MONTEREY,UNINCORPORATED,-121.59899806,36.636254100000002
90447851,2017,2017-05-03,9730,2017-04-25,0545,020208,,2,3,9,2700,0,1,2,,1,030,"US-101 S/B","SOLEDAD PRISON ROAD",1056.00,N,N,B,-,Y,,,101,,,,,,S,Y,3,0,4,4,A,-,03,22350,,N,C,C,A,A,H,-,A,D,0,,,,,Y,,A,01,0,1,3,0,0,0,0,0,0,"- ","- ",36.4666,-121.39136999999999,MONTEREY,UNINCORPORATED,-121.39131771,36.466700799999998
90448060,2017,2017-05-03,9735,2017-04-25,1500,016696,,2,2,9,2700,0,3,5,,2,001,"14TH STREET","WALNUT AVENUE",1584.00,S,N,A,-,N,,,,,,,,,,Y,2,0,1,2,A,-,08,22107,,N,A,D,A,A,H,-,A,D,0,,,,Y,Y,,A,01,1,0,0,0,0,0,0,0,0,"- ","- ",36.310949999999998,-121.26758,MONTEREY,UNINCORPORATED,-121.26752526,36.310839139999999
90448339,2017,2017-05-03,9730,2017-04-29,1600,020621,,6,2,9,2700,0,1,2,,1,070,"S/B US-101","SAN MIGUEL CANYON ROAD",500.00,S,N,A,-,Y,,,101,,,,,,,N,4,0,1,2,A,-,07,21658,A,N,B,C,A,A,H,-,A,D,0,,,,,Y,,D,22,0,0,1,0,0,0,0,0,0,"- ","- ",36.796660000000003,-121.66614,MONTEREY,UNINCORPORATED,-121.66602009,36.796615559999999
90448490,2017,2017-05-03,9730,2017-02-06,0500,020208,,1,3,9,2700,0,1,3,,1,014,SR-1,"MIDDLE ROAD",14784.00,S,N,B,-,Y,,,1,,,,,,,Y,1,1,0,1,A,-,08,22107,,N,E,I,A,B,H,-,D,D,0,,,,,Y,,A,01,0,0,0,0,0,0,0,0,0,"- ","- ",36.27281,-121.81259,MONTEREY,UNINCORPORATED,-121.81258387,36.27287372
90448511,2017,2017-05-03,9730,2017-04-30,1638,020584,,7,2,4,2706,0,1,3,,2,062,"SR-1 N/B (CABRILLO HWY)","SR-68 (HOLMAN HWY)",1320.00,N,N,A,-,Y,,,1,,,,,,N,Y,4,0,2,1,C,-,18,,,N,E,J,A,A,H,-,A,D,0,,,,,Y,,-,"- ",0,0,2,0,0,0,0,0,0,"- ","- ",36.577060000000003,-121.90900999999999,MONTEREY,MONTEREY,-121.90903849999999,36.577107509999998
90448650,2017,2017-05-03,9730,2017-04-24,0810,020208,,1,1,9,2700,1,3,5,,2,006,"DAVIS ROAD","BLANCO ROAD",50.00,N,N,B,-,N,,,,,,,,,,Y,4,0,1,2,A,-,21,22106,,N,C,C,A,A,H,-,A,D,0,,,,,Y,,H,13,0,0,1,0,0,0,0,0,0,"- ","- ",36.667729999999999,-121.66432,MONTEREY,UNINCORPORATED,-121.68500973,36.666911110000001
90449074,2017,2017-05-04,9730,2017-05-01,1725,018543,,1,2,9,2700,0,3,5,,2,006,"NASHUA ROAD","COOPER ROAD",20.00,N,N,A,-,N,,,,,,,,,,Y,3,0,2,2,A,-,05,21650,,N,A,C,A,A,H,-,A,D,0,,,,,Y,,A,01,0,1,1,0,0,0,0,0,0,"- ","- ",36.701689999999999,-121.73548,MONTEREY,UNINCORPORATED,-121.7350161,36.700933390000003
90449927,2017,2017-05-05,9735,2017-04-29,0530,017681,,6,3,9,2700,0,1,3,,1,035,SR-198,"PRIEST VALLEY ROAD",2112.00,E,N,A,-,Y,,,198,,,,,,,Y,3,0,1,1,A,-,08,22107,,N,F,A,A,A,H,-,B,D,0,,,,,Y,,A,07,0,1,0,0,0,0,0,0,0,"- ","- ",36.179369999999999,-120.6934,MONTEREY,UNINCORPORATED,-120.6934318,36.179318510000002
90450426,2017,2017-05-08,9730,2017-04-29,1520,021320,,6,2,9,2700,0,3,5,,2,003,"RIVER ROAD","CHUALAR RIVER ROAD",1056.00,N,N,A,-,N,,,,,,,,,,N,4,0,1,1,A,-,08,22107,,N,E,I,A,A,H,-,A,A,0,,,,,Y,,A,01,0,0,1,0,0,0,0,0,0,"- ","- ",36.567230000000002,-121.56774,MONTEREY,UNINCORPORATED,-121.55231546,36.558494359999997
90450427,2017,2017-05-08,9730,2017-04-29,0835,019818,,6,1,9,2700,0,1,3,,1,014,SR-1,"COAST RD",528.00,N,N,A,-,Y,,,1,,,,,,,N,4,0,1,2,A,-,03,22350,,N,C,C,A,A,D,-,A,A,0,,,,,Y,,D,22,0,0,1,0,0,0,0,0,0,"- ","- ",36.288910000000001,-121.84627,MONTEREY,UNINCORPORATED,-121.84627981,36.288850150000002
90450448,2017,2017-05-08,9730,2017-04-30,1035,019956,,7,1,9,2700,0,1,2,,1,070,"US-101 N/B","RALPH LN",1584.00,N,N,A,-,Y,,,101,,,,,,N,Y,4,0,3,2,A,-,03,22350,,N,C,C,A,A,H,-,A,D,0,,,,,Y,,D,22,0,0,3,0,0,0,0,0,0,"- ","- ",36.760869999999997,-121.66651,MONTEREY,UNINCORPORATED,-121.66647570000001,36.76088077
90450450,2017,2017-05-08,9730,2017-04-29,2244,019818,,6,3,9,2700,0,1,2,,1,030,"US 101 SB",SR-146,700.00,S,N,A,-,Y,,,,,,,,,,Y,4,0,1,1,A,-,03,22350,,N,E,I,A,A,H,-,D,D,0,,,,,Y,,A,01,0,0,1,0,0,0,0,0,0,"- ","- ",36.41742,-121.32276,MONTEREY,UNINCORPORATED,,
90450461,2017,2017-05-08,9730,2017-05-01,1853,020584,,1,2,9,2700,0,3,5,,2,005,"CRAZY HORSE CANYON RD.","DUMP RD.",400.00,S,N,A,-,N,,,,,,,,,,N,2,0,1,1,A,-,03,22350,,N,E,I,A,A,H,-,A,D,0,,,Y,,Y,,C,02,1,0,0,0,0,0,0,0,1,"- ","- ",36.801360000000003,-121.61532,MONTEREY,UNINCORPORATED,,
90450469,2017,2017-05-08,9730,2017-05-02,0730,019529,,2,1,9,2700,0,1,3,,1,068,"STATE ROUTE 68","TORERO DR.",800.00,W,N,A,-,Y,,,68,,,,,,,N,4,0,1,2,A,-,03,22350,,N,C,C,A,A,H,-,A,D,0,,,,,Y,,A,01,0,0,1,0,0,0,0,0,0,"- ","- ",36.593449999999997,-121.70471999999999,MONTEREY,UNINCORPORATED,-121.70473032,36.593463730000003
90451868,2017,2017-05-09,9730,2017-05-02,1110,019529,,2,1,9,2700,0,2,4,,1,023,"CARMEL VALLEY ROAD","STORY RD.",13200.00,W,N,A,-,N,,,,,,,,,,Y,2,0,1,2,A,-,03,22350,,N,E,C,A,A,H,-,A,D,0,,,Y,,Y,,C,02,1,0,0,0,0,0,0,0,1,"- ","- ",36.337609999999998,-121.53292,MONTEREY,UNINCORPORATED,,
90452049,2017,2017-05-09,9730,2017-05-03,0330,019934,,3,3,6,2708,0,1,2,,1,050,"US-101 S/B","MAIN STREET U/C",1056.00,N,N,A,-,Y,,,101,,,,,,S,Y,4,0,1,1,A,-,08,22107,,N,E,I,A,A,H,-,C,D,0,,,,,Y,,A,01,0,0,1,0,0,0,0,0,0,"- ","- ",36.694000000000003,-121.66267999999999,MONTEREY,SALINAS,-121.66262003,36.694054649999998
90452110,2017,2017-05-09,9735,2017-05-05,1610,019700,,5,2,9,2700,0,1,3,,1,034,SR-198,198MON16,2640.00,E,N,A,-,Y,,,,,,,,,,Y,3,0,1,1,A,-,08,22107,,N,F,A,A,A,H,-,A,D,0,,,,,Y,,D,22,0,1,0,0,0,0,0,0,0,"- ","- ",36.115549999999999,-120.47216,MONTEREY,UNINCORPORATED,,
90452120,2017,2017-05-09,9735,2017-05-08,0930,017292,,1,1,9,2700,0,1,3,,1,034,SR-198,"NORTH FORK RD",10032.00,W,N,A,-,Y,,,198,,,,,,,Y,3,0,1,1,A,-,08,22107,,N,E,I,A,A,H,-,A,D,0,,,,,Y,,A,01,0,1,0,0,0,0,0,0,0,"- ","- ",36.199109999999997,-120.73649,MONTEREY,UNINCORPORATED,-120.73654062999999,36.19915889
90452811,2017,2017-05-10,9730,2017-05-02,1725,020576,,2,2,9,2700,0,1,2,,1,070,"US-101 NORTHBOUND",SR-156,600.00,N,N,A,-,Y,,,101,,,,,,N,Y,3,0,2,2,A,-,03,22350,,N,C,C,A,A,H,-,A,D,0,,,,,Y,,D,22,0,1,1,0,0,0,0,0,0,"- ","- ",36.793689999999998,-121.66665999999999,MONTEREY,UNINCORPORATED,-121.66662522999999,36.793682769999997
90453063,2017,2017-05-10,9730,2017-05-02,1838,018312,,2,2,9,2700,0,1,3,,1,068,"STATE ROUTE 68","QUAIL RIDGE LANE",20.00,E,N,A,-,Y,,,68,,,,,,,N,4,0,1,2,A,-,03,22350,,N,C,C,A,A,H,-,A,D,0,,,,,Y,,A,01,0,0,1,0,0,0,0,0,0,"- ","- ",36.570920000000001,-121.74697999999999,MONTEREY,UNINCORPORATED,-121.74698548000001,36.57094377
90453154,2017,2017-05-10,9730,2017-05-03,1340,017840,,3,1,9,2700,0,2,4,,1,023,"CARMEL VALLEY ROAD","SAN CLEMENTE DR",528.00,E,N,A,-,N,,,,,,,,,,Y,3,0,1,1,A,-,08,22107,,N,F,A,A,A,H,-,A,D,0,,,Y,,Y,,C,02,0,1,0,0,0,0,0,0,1,"- ","- ",36.457619999999999,-121.7069,MONTEREY,UNINCORPORATED,-121.70613,36.458399999999997
90453242,2017,2018-05-25,9730,2017-05-06,1300,019745,,6,1,9,2700,0,1,3,,2,062,"S/B SR-1","LAPIS RD O/C",95.00,N,N,B,G,Y,,,1,,,,,,,Y,1,1,0,1,A,-,08,22107,,N,E,J,A,A,H,-,A,D,0,,,Y,,Y,,C,02,0,0,0,0,0,0,0,1,0,"- ","- ",36.712899999999998,-121.7955,MONTEREY,UNINCORPORATED,-121.79552913000001,36.712913280000002
90453313,2017,2017-05-10,9730,2017-05-04,1602,018810,,4,2,9,2700,0,1,3,,1,072,"SR-156 W/B","CASTROVILLE BLVD",302.00,E,N,B,-,Y,,,156,,,,,,W,Y,4,0,1,3,A,-,03,22350,,N,C,C,A,A,H,-,A,A,0,,,,,Y,,A,01,0,0,1,0,0,0,0,0,0,"- ","- ",36.768650000000001,-121.74243,MONTEREY,UNINCORPORATED,-121.74244148,36.768688400000002
90454444,2017,2017-05-12,9730,2017-05-04,1539,018543,,4,2,9,2700,0,1,3,,1,074,SR-1,"MOSS LANDING ROAD",0.00,,Y,B,-,Y,,,1,,,,,,,Y,3,0,1,2,A,-,09,21801,A,N,D,C,A,A,H,-,A,A,0,,,,,Y,,M,47,0,1,0,0,0,0,0,0,0,"- ","- ",36.799900000000001,-121.78335,MONTEREY,UNINCORPORATED,-121.78325554,36.799916869999997
90454467,2017,2017-05-12,9730,2017-05-05,0459,019934,,5,3,9,2700,0,1,2,,1,050,"US-101 N/B","SPENCE ROAD",0.00,,Y,A,-,Y,,,101,,,,,,N,Y,3,0,2,4,A,-,09,21801,A,N,D,C,A,A,H,-,D,D,0,,,,Y,Y,,G,25,0,1,1,0,0,0,0,0,0,"- ","- ",36.612839999999998,-121.56694,MONTEREY,UNINCORPORATED,-121.56694838,36.612828589999999
90454495,2017,2017-05-12,9730,2017-05-04,0655,016537,,4,1,9,2700,0,1,2,,1,050,"US-101 N/B","AIRPORT BVD.",4752.00,S,N,A,-,Y,,,101,,,,,,N,Y,4,0,1,1,A,-,08,22107,,N,F,I,A,A,H,-,A,D,0,,,,,Y,,D,22,0,0,1,0,0,0,0,0,0,"- ","- ",36.650100000000002,-121.61642999999999,MONTEREY,UNINCORPORATED,-121.61651772,36.650050270000001
8151110,2016,2016-10-25,2706,2016-10-10,1541,031,2706,1,5,4,2706,0,0,0,,0,002,"DELMONTE AV","CAMINO EL ESTERO",154.00,E,N,A,-,N,,,,,,,,,,N,4,0,2,3,A,-,03,22350,,N,C,C,A,A,H,-,A,A,0,,,,,Y,,A,01,0,0,2,0,0,0,0,0,0,"- ","- ",,,MONTEREY,MONTEREY,-121.88678525,36.599939999999997
8151114,2016,2016-10-24,2706,2016-10-15,1904,896,MPD,6,5,4,2706,0,0,0,,0,003,"DELMONTE AV","CASA VERDE AV",0.00,,Y,A,B,N,,,,,,,,,,N,4,0,1,2,A,-,09,21801,A,N,D,G,A,B,H,-,C,A,0,,Y,,,Y,,A,01,0,0,1,0,0,0,1,0,0,"- ","- ",,,MONTEREY,MONTEREY,-121.86659989,36.602080010000002
8151361,2016,2016-10-28,2706,2016-09-29,1353,335,2706,4,5,4,2706,0,0,0,,0,003,"DEL MONTE AV","ENGLISH AV",23.00,E,N,A,-,N,,,,,,,,,,N,2,0,1,2,A,-,05,21650,1,N,D,G,A,A,H,-,A,A,0,,Y,,,Y,,L,04,1,0,0,0,0,0,1,0,0,"- ","- ",,,MONTEREY,MONTEREY,-121.86065781000001,36.604858460000003