CASE_ID,ACCIDENT_YEAR,PROC_DATE,JURIS,COLLISION_DATE,COLLISION_TIME,OFFICER_ID,REPORTING_DISTRICT,DAY_OF_WEEK,CHP_SHIFT,POPULATION,CNTY_CITY_LOC,SPECIAL_COND,BEAT_TYPE,CHP_BEAT_TYPE,CITY_DIVISION_LAPD,CHP_BEAT_CLASS,BEAT_NUMBER,PRIMARY_RD,SECONDARY_RD,DISTANCE,DIRECTION,INTERSECTION,WEATHER_1,WEATHER_2,STATE_HWY_IND,CALTRANS_COUNTY,CALTRANS_DISTRICT,STATE_ROUTE,ROUTE_SUFFIX,POSTMILE_PREFIX,POSTMILE,LOCATION_TYPE,RAMP_INTERSECTION,SIDE_OF_HWY,TOW_AWAY,COLLISION_SEVERITY,NUMBER_KILLED,NUMBER_INJURED,PARTY_COUNT,PRIMARY_COLL_FACTOR,PCF_CODE_OF_VIOL,PCF_VIOL_CATEGORY,PCF_VIOLATION,PCF_VIOL_SUBSECTION,HIT_AND_RUN,TYPE_OF_COLLISION,MVIW,PED_ACTION,ROAD_SURFACE,ROAD_COND_1,ROAD_COND_2,LIGHTING,CONTROL_DEVICE,CHP_ROAD_TYPE,PEDESTRIAN_ACCIDENT,BICYCLE_ACCIDENT,MOTORCYCLE_ACCIDENT,TRUCK_ACCIDENT,NOT_PRIVATE_PROPERTY,ALCOHOL_INVOLVED,STWD_VEHTYPE_AT_FAULT,CHP_VEHTYPE_AT_FAULT,COUNT_SEVERE_INJ,COUNT_VISIBLE_INJ,COUNT_COMPLAINT_PAIN,COUNT_PED_KILLED,COUNT_PED_INJURED,COUNT_BICYCLIST_KILLED,COUNT_BICYCLIST_INJURED,COUNT_MC_KILLED,COUNT_MC_INJURED,PRIMARY_RAMP,SECONDARY_RAMP,LATITUDE,LONGITUDE,COUNTY,CITY,POINT_X,POINT_Y
8151509,2016,2016-10-25,2703,2016-10-09,1730,5056,2703,7,5,2,2703,0,0,0,,0,ALL,"7TH ST","CENTER ST",0.00,,Y,A,-,N,,,,,,,,,,N,4,0,1,2,A,-,08,22107,,N,A,C,A,A,H,-,A,D,0,,,,,Y,,A,01,0,0,1,0,0,0,0,0,0,"- ","- ",,,MONTEREY,GONZALES,-121.44559993,36.510340059999997
8153097,2016,2016-10-24,2711,2016-09-26,1941,02618,2711,1,5,3,2711,0,0,0,,0,001,"CESAR CHAVEZ ST","BENITO ST",0.00,,Y,A,-,N,,,,,,,,,,N,4,0,1,1,B,-,22,,,N,E,I,A,A,H,-,C,D,0,,,,,Y,,-,"- ",0,0,1,0,0,0,0,0,0,"- ","- ",,,MONTEREY,SOLEDAD,-121.32779999,36.431670009999998
8155373,2016,2016-11-03,2706,2016-10-19,1853,772,2706,3,5,4,2706,0,0,0,,0,002,"MUNICIPAL WHARF 2","DEL MONTE AV",861.00,N,N,A,-,N,,,,,,,,,,N,3,0,1,2,A,-,05,21650,,N,B,C,A,A,H,-,C,D,0,,,,,Y,,D,22,0,1,0,0,0,0,0,0,0,"- ","- ",,,MONTEREY,MONTEREY,,
8155649,2016,2016-11-02,2706,2016-10-19,1519,939,MPD,3,5,4,2706,0,0,0,,0,002,"ALVARADO ST",FRANKLIN,64.00,S,N,A,-,N,,,,,,,,,,N,4,0,1,1,A,-,03,22350,,N,E,I,A,A,H,-,A,D,0,,Y,,,Y,,L,04,0,0,1,0,0,0,1,0,0,"- ","- ",,,MONTEREY,MONTEREY,-121.89437013,36.599798870000001
8155661,2016,2016-11-02,2706,2016-10-19,0750,505,MPD,3,5,4,2706,0,0,0,,0,001,"W FRANKLIN ST","BOWEN ST",16.00,W,N,A,-,N,,,,,,,,,,N,4,0,1,2,A,-,11,21954,A,N,G,B,D,A,H,-,A,D,0,Y,,,,Y,,N,60,0,0,1,0,1,0,0,0,0,"- ","- ",,,MONTEREY,MONTEREY,-121.90880152,36.603294380000001
8156900,2016,2016-11-08,2706,2016-10-19,1454,031,2706,3,5,4,2706,0,0,0,,0,003,"NORTH FREMONT ST","AIRPORT RD",252.00,E,N,A,-,N,,,,,,,,,,N,4,0,2,3,A,-,03,22350,,N,C,C,A,A,H,-,A,A,0,,,,Y,Y,,F,26,0,0,2,0,0,0,0,0,0,"- ","- ",,,MONTEREY,MONTEREY,-121.85804575,36.596766199999998
8157922,2016,2016-11-03,2704,2016-09-27,1217,5321,2704,2,5,3,2704,0,0,0,,0,001,"PRIMAVERA CT","LIGHT POLE",75.00,,N,A,-,N,,,,,,,,,,Y,2,0,1,1,D,-,00,,,N,B,I,A,A,H,-,A,D,0,,,,,Y,,-,"- ",1,0,0,0,0,0,0,0,0,"- ","- ",,,MONTEREY,GREENFIELD,,
8157946,2016,2016-11-03,2704,2016-09-15,1652,7178,,4,5,3,2704,0,0,0,,0,006,"3RD ST","OAK AV",1000.00,N,N,A,-,N,,,,,,,,,,N,2,0,1,2,A,-,09,21804,A,N,G,G,A,A,H,-,A,D,0,,Y,,,Y,,L,04,1,0,0,0,0,0,1,0,0,"- ","- ",,,MONTEREY,GREENFIELD,-121.23609080999999,36.328259359999997
8157963,2016,2016-11-03,2703,2016-10-19,1720,5056,,3,5,2,2703,0,0,0,,0,ALL,"5TH ST","BELDEN ST",0.00,,Y,A,-,N,,,,,,,,,,N,3,0,1,2,A,-,09,21801,A,N,A,C,A,A,H,-,A,A,0,,,,,Y,,A,01,0,1,0,0,0,0,0,0,0,"- ","- ",,,MONTEREY,GONZALES,-121.44472996,36.508150030000003
90454680,2017,2017-05-12,9730,2017-05-05,1548,020841,,5,2,9,2700,0,3,5,,2,006,"ESPINOSA ROAD",SR-183,2270.00,E,N,A,-,N,,,,,,,,,,Y,2,0,4,3,A,-,05,21460,A,N,A,C,A,A,H,-,A,D,0,,,,,Y,,A,01,2,0,2,0,0,0,0,0,0,"- ","- ",36.742469999999997,-121.73302,MONTEREY,UNINCORPORATED,,
90454786,2017,2017-05-12,9730,2017-05-08,1445,020245,,1,2,9,2700,0,3,5,,2,007,"MAHER ROAD","ECHO VALLEY ROAD",600.00,W,N,A,-,N,,,,,,,,,,N,4,0,1,2,A,-,03,22350,,F,C,C,A,A,H,-,A,D,0,,,,,Y,,-,99,0,0,1,0,0,0,0,0,0,"- ","- ",36.830069999999999,-121.66707,MONTEREY,UNINCORPORATED,-121.66579056,36.826330429999999
90454800,2017,2017-05-12,9730,2017-05-07,0550,019818,,7,3,9,2700,0,1,2,,1,050,"US 101 SOUTHBOUND","MAIN STREET",528.00,N,N,B,-,Y,,,,,,,,,,Y,2,0,1,3,A,-,08,22107,,N,E,I,A,A,H,-,B,D,0,,,,,Y,,A,07,1,0,0,0,0,0,0,0,0,"- ","- ",36.687620000000003,-121.6546,MONTEREY,UNINCORPORATED,-121.51922030999999,36.570454939999998
90455510,2017,2017-05-15,9730,2017-05-07,0125,021120,,7,3,9,2700,0,1,2,,1,070,"US-101 S/B","DUNBARTON RD.",1500.00,S,N,A,-,Y,,,101,,,,,,S,Y,3,0,1,1,A,-,01,23152,A,N,F,A,A,A,H,-,D,D,0,,,,,Y,Y,A,01,0,1,0,0,0,0,0,0,0,"- ","- ",36.841479999999997,-121.63305,MONTEREY,UNINCORPORATED,-121.63300208,36.841501649999998
90455822,2017,2017-05-15,9730,2017-05-06,1950,021320,,6,2,9,2700,0,2,4,,1,073,"SAN MIGUEL CANYON ROAD","DIRT ROAD",15.00,S,N,A,-,N,,,,,,,,,,Y,3,0,3,2,A,-,09,21804,A,N,D,C,A,A,H,-,A,A,0,,,Y,,Y,,A,08,0,1,2,0,0,0,0,0,1,"- ","- ",36.832079999999998,-121.67937999999999,MONTEREY,UNINCORPORATED,-121.67944996999999,36.83205959
90456253,2017,2017-05-15,9730,2017-05-08,0620,020065,,1,1,9,2700,0,3,5,,2,006,"HITCHCOCK ROAD","DAVIS ROAD",1800.00,E,N,B,-,N,,,,,,,,,,Y,4,0,2,2,A,-,06,21750,,N,D,C,A,A,H,-,A,D,0,,,,,Y,,A,07,0,0,2,0,0,0,0,0,0,"- ","- ",36.656019999999998,-121.68652,MONTEREY,UNINCORPORATED,-121.68679595,36.656088629999999
90456299,2017,2017-05-15,9730,2017-05-11,2305,020990,,4,3,9,2700,0,1,3,,1,068,"EASTBOUND SR-68","RIVER ROAD",535.00,W,N,A,-,Y,,,68,,,,,,,Y,3,0,2,1,A,-,01,23152,A,N,F,I,A,A,H,-,C,D,0,,,,,Y,Y,A,01,0,1,1,0,0,0,0,0,0,"- ","- ",36.621220000000001,-121.68477,MONTEREY,UNINCORPORATED,-121.68491215,36.621301070000001
90456665,2017,2017-05-16,9735,2017-05-09,1950,016816,,2,2,9,2700,0,3,5,,2,001,"PINE CANYON RD. W/B","ROYAL DR.",30.00,E,N,A,-,N,,,,,,,,,,Y,4,0,1,2,A,-,03,22350,,N,C,C,A,A,H,-,A,D,0,,,,,Y,,A,01,0,0,1,0,0,0,0,0,0,"- ","- ",36.183869999999999,-121.15054000000001,MONTEREY,UNINCORPORATED,-121.15047,36.183790000000002
90457826,2017,2017-05-17,9730,2017-05-12,0645,019818,,5,1,9,2700,0,3,5,,2,007,"DOLAN RD",SR-1,1056.00,E,N,A,-,N,,,,,,,,,,Y,4,0,3,2,A,-,04,21703,,N,C,C,A,A,H,-,A,D,0,,,,,Y,,D,22,0,0,3,0,0,0,0,0,0,"- ","- ",36.803069999999998,-121.77934999999999,MONTEREY,UNINCORPORATED,-121.78034839999999,36.80327278
90457866,2017,2017-05-17,9730,2017-05-12,1200,019818,,5,1,9,2700,0,1,3,,1,022,SR-1,"RIO RD",100.00,N,N,A,-,Y,,,1,,,,,,,Y,4,0,2,2,A,-,03,22350,,N,C,C,A,A,H,-,A,A,0,,,,,Y,,D,22,0,0,2,0,0,0,0,0,0,"- ","- ",36.5398,-121.91001,MONTEREY,UNINCORPORATED,-121.90996405,36.539762029999999
90457978,2017,2017-05-17,9730,2017-05-11,1045,017184,,4,1,9,2700,0,3,5,,2,002,"PALO COLORADO","LONG RIDGE RD",1584.00,E,N,A,-,N,,,,,,,,,,N,2,0,1,1,A,-,03,22350,,N,F,A,A,A,G,-,A,D,0,,,Y,,Y,,C,06,1,0,0,0,0,0,0,0,1,"- ","- ",36.375709999999998,-121.84862,MONTEREY,UNINCORPORATED,,
90458956,2017,2017-09-15,9735,2017-05-12,0819,017681,,5,1,9,2700,0,2,4,,2,010,"ARROYO SECO ROAD","US-101 SOUTHBOUND",0.00,,Y,A,-,N,,,,,,,,,,Y,3,0,3,2,A,-,09,21803,A,N,D,C,A,A,H,-,A,D,0,,,,,Y,,A,01,0,2,1,0,0,0,0,0,0,"- ","- ",36.403019999999998,-121.31806,MONTEREY,UNINCORPORATED,-121.31669993,36.403320000000001
90460039,2017,2017-05-22,9730,2017-05-10,1723,018312,,3,2,9,2700,0,3,5,,2,006,"DAVIS ROAD","BLANCO ROAD",680.00,S,N,B,-,N,,,,,,,,,,N,4,0,1,2,A,-,03,22350,,N,B,C,A,A,H,-,A,A,0,,,,Y,Y,,G,25,0,0,1,0,0,0,0,0,0,"- ","- ",36.665199999999999,-121.68651,MONTEREY,UNINCORPORATED,-121.68645892000001,36.665280439999997
90460047,2017,2017-05-22,9730,2017-05-11,1637,020899,,4,2,9,2700,0,2,4,,1,075,"SAN JUAN ROAD","ALLISON STREET",0.00,,Y,A,-,N,,,,,,,,,,Y,2,0,1,2,A,-,09,21802,A,N,D,C,A,A,H,-,A,A,0,,,,,Y,,A,08,1,0,0,0,0,0,0,0,0,"- ","- ",36.904229999999998,-121.73621,MONTEREY,UNINCORPORATED,-121.73619994000001,36.904240080000001
90460246,2017,2017-05-22,9730,2017-05-03,0912,017803,,3,1,9,2700,0,1,3,,1,012,"SR-1 (CABRILLO HIGHWAY)","WILL CREEK ROAD",2640.00,S,N,A,-,Y,,,1,,,,,,,Y,2,0,1,1,A,-,01,23152,A,N,F,A,A,A,D,-,A,D,0,,,Y,,Y,Y,C,02,1,0,0,0,0,0,0,0,1,"- ","- ",35.881709999999998,-121.45215,MONTEREY,UNINCORPORATED,-121.45214785,35.881712469999997
90460757,2017,2017-05-22,9730,2017-05-14,1335,019529,,7,1,9,2700,0,3,5,,2,006,"DAVIS RD.","BLANCO RD.",0.00,,Y,A,-,N,,,,,,,,,,N,4,0,1,2,A,-,21,22106,,N,C,C,A,A,H,-,A,D,0,,,,,Y,,A,01,0,0,1,0,0,0,0,0,0,"- ","- ",36.667119999999997,-121.68512,MONTEREY,UNINCORPORATED,-121.68510999,36.666800000000002
90460932,2017,2017-05-22,9730,2017-05-13,1855,021120,,6,2,9,2700,0,1,3,,1,074,"STATE ROUTE 1","JETTY RD.",0.00,,Y,A,-,Y,,,1,,,,,,,Y,4,0,1,2,A,-,09,21802,A,N,D,C,A,A,H,-,A,D,0,,,,,Y,,A,01,0,0,1,0,0,0,0,0,0,"- ","- ",36.816969999999998,-121.78591,MONTEREY,UNINCORPORATED,-121.78590749999999,36.816970189999999
90461060,2017,2017-05-22,9730,2017-05-16,2220,020233,,2,3,9,2700,0,1,2,,1,070,"US-101 S/B","SAN JUAN RD",1584.00,S,N,B,-,Y,,,101,,,,,,S,Y,4,0,1,1,A,-,08,22107,,N,E,I,A,A,H,-,C,D,0,,,,,Y,,D,22,0,0,1,0,0,0,0,0,0,"- ","- ",36.852530000000002,-121.63505000000001,MONTEREY,UNINCORPORATED,-121.63507266000001,36.852545079999999
90461102,2017,2017-05-22,9730,2017-05-16,1800,020245,,2,2,9,2700,0,2,4,,2,063,"WEST BLANCO ROAD","HITCHCOCK ROAD",600.00,E,N,A,-,N,,,,,,,,,,Y,4,0,1,4,A,-,03,22350,,N,C,C,A,A,H,-,A,D,0,,,,,Y,,D,22,0,0,1,0,0,0,0,0,0,"- ","- ",36.675289999999997,-121.70014999999999,MONTEREY,UNINCORPORATED,-121.70000399,36.675232100000002
90461126,2017,2017-05-22,9730,2017-05-16,1930,020584,,2,2,9,2700,0,2,4,,1,073,"ELKHORN RD.","WERNER RD.",0.00,,Y,A,-,N,,,,,,,,,,Y,3,0,1,3,A,-,09,21801,A,N,A,C,A,A,H,-,B,A,0,,,,,Y,,D,22,0,1,0,0,0,0,0,0,0,"- ","- ",36.878799999999998,-121.74733000000001,MONTEREY,UNINCORPORATED,-121.74722986,36.878980040000002
90461482,2017,2017-05-23,9730,2017-05-17,1615,020896,,3,2,9,2700,0,3,5,,2,004,"GRANT ST","JACKSON ST",100.00,S,N,A,-,N,,,,,,,,,,Y,4,0,2,2,A,-,03,22350,,N,C,C,A,A,H,-,A,D,0,,,,,Y,,A,01,0,0,2,0,0,0,0,0,0,"- ","- ",36.570210000000003,-121.51828,MONTEREY,UNINCORPORATED,-121.51830305999999,36.570198220000002
90461543,2017,2018-05-25,9730,2017-05-19,0449,017785,,5,3,9,2700,0,1,2,,1,050,"US-101 NORTHBOUND","GOULD ROAD",0.00,,Y,A,-,Y,,,101,,,,,,N,Y,1,1,0,2,A,-,03,22350,,N,D,C,A,A,H,-,D,D,0,,,,Y,Y,,A,01,0,0,0,0,0,0,0,0,0,"- ","- ",36.645380000000003,-121.61149,MONTEREY,UNINCORPORATED,-121.61149502000001,36.645373130000003
90462019,2017,2017-05-23,9730,2017-05-21,1319,019569,,7,1,9,2700,0,1,2,,1,070,"US-101 N/B","PRUNEDALE SOUTH RD O/C",1584.00,S,N,A,-,Y,,,,,,,,,,Y,2,0,2,2,A,-,03,22350,,N,C,C,A,A,H,-,A,D,0,,,Y,,Y,,C,02,1,1,0,0,0,0,0,0,2,"- ","- ",36.768799999999999,-121.66784,MONTEREY,UNINCORPORATED,-121.66790976,36.76544612
90462074,2017,2017-05-23,9730,2017-05-18,1830,020245,,4,2,9,2700,0,1,3,,1,022,"RIO ROAD","STATE ROUTE 1",0.00,,Y,A,-,Y,,,,,,,,,,N,4,0,1,2,A,-,07,21658,A,N,B,C,A,A,H,-,A,A,0,,,,,Y,,A,01,0,0,1,0,0,0,0,0,0,"- ","- ",36.53969,-121.91070999999999,MONTEREY,UNINCORPORATED,-121.91023992,36.539410050000001
90462399,2017,2017-05-24,9730,2017-05-16,2113,018810,,2,2,9,2700,0,1,3,,1,022,SR-1,"OCEAN AVENUE",528.00,S,N,B,-,Y,,,1,,,,,,,Y,3,0,1,1,A,-,08,22107,,N,E,I,A,A,H,-,C,D,0,,,,,Y,,A,01,0,1,0,0,0,0,0,0,0,"- ","- ",36.553939999999997,-121.91078,MONTEREY,UNINCORPORATED,-121.91085279000001,36.553927440000002
90462404,2017,2017-05-24,9730,2017-05-21,1251,019981,,7,1,9,2700,0,2,4,,1,023,"CARMEL VALLEY ROAD","LAURELES GRADE",200.00,W,N,A,-,N,,,,,,,,,,N,3,0,1,1,A,-,08,22107,,N,F,A,A,A,G,-,A,D,0,,Y,,,Y,,L,04,0,1,0,0,0,0,1,0,0,"- ","- ",36.501809999999999,-121.75791,MONTEREY,UNINCORPORATED,-121.75707764000001,36.501276760000003
90462440,2017,2017-05-26,9735,2017-05-14,1155,020036,,7,1,9,2700,0,3,5,,2,002,"MCCANDLESS RD","NORTH SHORE ROAD",1056.00,S,N,A,-,N,,,,,,,,,,N,2,0,1,1,A,-,16,38330,,N,F,A,A,A,G,-,A,D,0,,,,,Y,,M,44,1,0,0,0,0,0,0,0,0,"- ","- ",35.865189999999998,-120.97444,MONTEREY,UNINCORPORATED,,
90463108,2017,2017-05-24,9730,2017-05-22,1628,018312,,1,2,9,2700,0,2,4,,2,063,"BLANCO ROAD","COOPER ROAD",3696.00,E,N,A,-,N,,,,,,,,,,N,4,0,1,2,A,-,21,22106,,N,C,C,A,A,H,-,A,D,0,,,,,Y,,A,01,0,0,1,0,0,0,0,0,0,"- ","- ",36.678750000000001,-121.7223,MONTEREY,UNINCORPORATED,-121.72241382,36.678710049999999
90465059,2017,2017-05-26,9730,2017-05-18,2133,020584,,4,2,9,2700,0,3,5,,2,004,"OLD STAGE RD.","IVERSON RD.",3400.00,S,N,A,-,N,,,,,,,,,,Y,3,0,1,1,A,-,08,22107,,N,F,A,A,A,H,-,D,D,0,,,,,Y,,A,01,0,1,0,0,0,0,0,0,0,"- ","- ",36.54927,-121.47225,MONTEREY,UNINCORPORATED,-121.47216097,36.549046019999999
90465060,2017,2017-05-26,9730,2017-05-21,0520,019818,,7,3,9,2700,0,3,5,,2,003,"RIVER RD","CHUALAR RIVER RD",10032.00,S,N,A,-,N,,,,,,,,,,Y,3,0,1,1,A,-,08,22107,,N,F,A,A,A,H,-,B,D,0,,,,,Y,,A,01,0,1,0,0,0,0,0,0,0,"- ","- ",36.532679999999999,-121.53556,MONTEREY,UNINCORPORATED,-121.53730683000001,36.533143670000001
90465065,2017,2017-05-26,9730,2017-05-22,1720,020584,,1,2,6,2708,0,1,2,,1,050,"US-101 S/B","MARKET ST.",250.00,N,N,A,-,Y,,,101,,,,,,S,N,4,0,1,2,A,-,03,22350,,N,C,C,A,A,H,-,A,D,0,,,,,Y,,A,01,0,0,1,0,0,0,0,0,0,"- ","- ",36.678609999999999,-121.64156,MONTEREY,SALINAS,-121.64161903,36.678598970000003
90465067,2017,2017-05-26,9730,2017-05-25,1740,020584,,4,2,6,2708,0,1,2,,1,050,"US-101 N/B","MARKET ST.",300.00,S,N,B,-,Y,,,101,,,,,,N,Y,4,0,1,2,A,-,03,22350,,N,C,C,A,A,H,-,A,D,0,,,,,Y,,A,01,0,0,1,0,0,0,0,0,0,"- ","- ",36.676720000000003,-121.64108,MONTEREY,SALINAS,-121.64105553,36.676724190000002
90465069,2017,2017-05-26,9730,2017-05-23,1640,018543,,2,2,9,2700,0,1,3,,1,074,SR-1,"MOLERA ROAD",528.00,S,N,B,-,Y,,,1,,,,,,,Y,4,0,2,2,A,-,03,22350,,N,C,C,A,A,H,-,A,D,0,,,,,Y,,A,01,0,0,2,0,0,0,0,0,0,"- ","- ",36.77901,-121.77607,MONTEREY,UNINCORPORATED,-121.77608544,36.778991670000003
8161901,2016,2016-11-15,2708,2016-10-14,1746,57307,SALIN,5,5,6,2708,0,0,0,,0,010,"NORTH SANBORN RD","CEDAR ST",80.00,S,N,B,-,N,,,,,,,,,,Y,3,0,1,3,A,-,03,22350,,N,C,C,A,A,H,-,-,D,0,,,,,Y,,-,,0,1,0,0,0,0,0,0,0,"- ","- ",,,MONTEREY,SALINAS,-121.62631279999999,36.67759272
8161909,2016,2016-11-15,2708,2016-10-07,1851,07815,SALIN,5,5,6,2708,0,0,0,,0,012,"WILLIAMS RD","GRANDHAVEN ST",30.00,E,N,A,-,N,,,,,,,,,,Y,4,0,1,2,A,-,10,21950,A,N,G,B,B,A,H,-,A,A,0,Y,,,,Y,Y,-,,0,0,1,0,1,0,0,0,0,"- ","- ",,,MONTEREY,SALINAS,-121.61188722999999,36.676878449999997
8161913,2016,2016-11-15,2708,2016-10-06,0756,28920,SALIN,4,5,6,2708,0,0,0,,0,005,"RAINIER ST","LINWOOD ST",0.00,,Y,A,-,N,,,,,,,,,,N,4,0,1,2,A,-,12,22450,A,N,G,G,A,A,H,-,-,D,0,,Y,,,Y,,-,,0,0,1,0,0,0,1,0,0,"- ","- ",,,MONTEREY,SALINAS,-121.64221999999999,36.702820029999998
8161917,2016,2016-11-15,2708,2016-10-06,0805,53269,,4,5,6,2708,0,0,0,,0,001,"MASSA ST","BRUTUS ST",0.00,,Y,A,-,N,,,,,,,,,,Y,4,0,1,2,A,-,09,21800,A,N,D,C,A,A,H,-,A,D,0,,,,,Y,,-,,0,0,1,0,0,0,0,0,0,"- ","- ",,,MONTEREY,SALINAS,-121.65712997,36.725760020000003
8162302,2016,2016-11-15,2708,2016-10-03,0849,75635,SALIN,1,5,6,2708,0,0,0,,0,,"E ALISAL ST","EAST MARKET ST",0.00,,Y,A,-,N,,,,,,,,,,Y,3,0,2,2,A,-,09,21802,A,N,D,C,A,A,H,-,A,D,0,,,,,Y,,-,,0,1,1,0,0,0,0,0,0,"- ","- ",,,MONTEREY,SALINAS,-121.61354993,36.672620080000002
8162314,2016,2016-11-15,2708,2016-10-04,0616,82326,,2,5,6,2708,0,0,0,,0,005,"EAST LAUREL DR","RAMONA AV",0.00,,Y,B,-,N,,,,,,,,,,N,3,0,1,2,A,-,11,21954,A,N,G,B,D,A,H,-,C,D,0,Y,,,,Y,,N,60,0,1,0,0,1,0,0,0,0,"- ","- ",,,MONTEREY,SALINAS,-121.63950987,36.696600109999999
8162318,2016,2016-11-15,2708,2016-10-03,1330,19702,SPD,1,5,6,2708,0,0,0,,0,009,"SOUTH MAIN ST","WINHAM ST",0.00,,Y,B,-,N,,,,,,,,,,,4,0,1,2,A,-,03,22350,,N,C,C,A,A,H,-,A,A,0,,,,,Y,,-,,0,0,1,0,0,0,0,0,0,"- ","- ",,,MONTEREY,SALINAS,-121.65502992,36.670250060000001
8162810,2016,2016-11-18,2706,2016-11-05,1333,031,2706,6,5,4,2706,0,0,0,,0,002,"SOLEDAD DR",MUNRAS,170.00,E,N,A,-,N,,,,,,,,,,Y,4,0,2,2,A,-,09,21801,A,N,D,C,A,A,H,-,A,D,0,,,,,Y,,A,01,0,0,2,0,0,0,0,0,0,"- ","- ",,,MONTEREY,MONTEREY,-121.90139172000001,36.583085269999998
8163525,2016,2016-11-17,2711,2016-10-15,1853,7378,2711,6,5,3,2711,0,0,0,,0,002,"4TH ST","PALM AV",0.00,W,N,A,-,N,,,,,,,,,,N,4,0,1,6,A,-,03,22350,,F,D,C,A,A,H,-,A,D,0,,,,,Y,,A,01,0,0,1,0,0,0,0,0,0,"- ","- ",,,MONTEREY,SOLEDAD,-121.31566986,36.422520069999997
8163553,2016,2016-11-17,2706,2016-10-28,1528,939,MPD,5,5,4,2706,0,0,0,,0,001,"LIGHTHOUSE AV","DAVID AV",3.00,S,N,A,-,N,,,,,,,,,,N,4,0,1,2,A,-,10,21950,A,N,A,B,B,A,H,-,A,A,0,Y,,,,Y,,A,07,0,0,1,0,1,0,0,0,0,"- ","- ",,,MONTEREY,MONTEREY,-121.90446416,36.616783239999997
8163557,2016,2016-11-17,2706,2016-10-31,1946,335,2706,1,5,4,2706,0,0,0,,0,002,"SOLEDAD DR","MUNRAS AV",8.00,E,N,A,-,N,,,,,,,,,,N,4,0,1,2,A,-,03,22350,,N,C,C,A,A,H,-,C,A,0,,,,,Y,,A,07,0,0,1,0,0,0,0,0,0,"- ","- ",,,MONTEREY,MONTEREY,-121.90183828000001,36.583346730000002
8163671,2016,2017-03-04,2706,2016-11-03,0717,505,MPD,4,5,4,2706,0,0,0,,0,003,"RT 68","OLMSTED RD",103.00,E,N,A,-,Y,MON,5,68,-,-,5.590,H,-,W,Y,4,0,1,2,A,-,03,22350,,N,C,C,A,A,H,-,A,A,0,,,,,Y,,A,01,0,0,1,0,0,0,0,0,0,"- ","- ",,,MONTEREY,MONTEREY,-121.8493957,36.583991930000003
90465193,2017,2017-05-26,9735,2017-05-25,1350,020057,,4,1,9,2700,0,3,5,,2,004,"INDIAN VALLEY RD.","BIG SANDY RD",19536.00,N,N,A,-,N,,,,,,,,,,N,4,0,1,1,A,-,08,22107,,N,F,A,A,A,H,-,A,D,0,,Y,,,Y,,L,04,0,0,1,0,0,0,1,0,0,"- ","- ",35.991579999999999,-120.64592,MONTEREY,UNINCORPORATED,-120.64575721999999,36.006545989999999
90466259,2017,2017-05-29,9730,2017-05-21,0545,019569,,7,3,9,2700,0,1,2,,1,030,"US-101 N/B","SOMAVIA RD",645.00,N,N,E,-,Y,,,101,,,,,,N,Y,3,0,2,2,A,-,01,23152,A,N,C,C,A,A,H,-,B,D,0,,,,,Y,Y,A,07,0,1,1,0,0,0,0,0,0,"- ","- ",36.597239999999999,-121.54731,MONTEREY,UNINCORPORATED,-121.54721386,36.597339400000003
90466368,2017,2017-05-29,9730,2017-05-25,1536,018810,,4,2,9,2700,0,1,3,,2,062,"SR-1 S/B",SR-218,300.00,N,N,B,-,Y,,,,,,,,,,Y,4,0,1,3,A,-,03,22350,,N,C,C,A,A,H,-,A,D,0,,,,,Y,,A,01,0,0,1,0,0,0,0,0,0,"- ","- ",36.61139,-121.85642,MONTEREY,UNINCORPORATED,,
90466494,2017,2017-05-30,9730,2017-05-23,1810,018312,,2,2,9,2700,0,3,5,,2,003,"RIVER ROAD","BERRY DRIVE",240.00,N,N,B,-,N,,,,,,,,,,Y,4,0,2,2,A,-,03,22350,,N,C,C,A,A,H,-,A,D,0,,,,,Y,,D,22,0,0,2,0,0,0,0,0,0,"- ","- ",36.599969999999999,-121.6306,MONTEREY,UNINCORPORATED,-121.63162911000001,36.600502040000002
90466495,2017,2017-05-30,9730,2017-05-24,1933,018312,,3,2,9,2700,0,3,5,,2,006,"DAVIS ROAD","RESERVATION ROAD",700.00,S,N,B,-,N,,,,,,,,,,Y,3,0,1,2,A,-,03,22350,,N,C,C,A,A,H,-,A,D,0,,,,Y,Y,,A,01,0,1,0,0,0,0,0,0,0,"- ","- ",36.64237,-121.70519,MONTEREY,UNINCORPORATED,-121.70654,36.641739999999999
90466831,2017,2017-05-30,9730,2017-05-24,0715,015160,,3,1,9,2700,0,1,3,,2,062,"SR-1 SOUTHBOUND","IMJIN PARKWAY",50.00,N,N,B,-,Y,,,1,,,,,,S,N,4,0,2,4,A,-,03,22350,,N,C,C,A,A,H,-,A,D,0,,,,,Y,,A,07,0,0,2,0,0,0,0,0,0,"- ","- ",36.669699999999999,-121.81301000000001,MONTEREY,UNINCORPORATED,-121.81305906999999,36.669728640000002