CASE_ID,ACCIDENT_YEAR,PROC_DATE,JURIS,COLLISION_DATE,COLLISION_TIME,OFFICER_ID,REPORTING_DISTRICT,DAY_OF_WEEK,CHP_SHIFT,POPULATION,CNTY_CITY_LOC,SPECIAL_COND,BEAT_TYPE,CHP_BEAT_TYPE,CITY_DIVISION_LAPD,CHP_BEAT_CLASS,BEAT_NUMBER,PRIMARY_RD,SECONDARY_RD,DISTANCE,DIRECTION,INTERSECTION,WEATHER_1,WEATHER_2,STATE_HWY_IND,CALTRANS_COUNTY,CALTRANS_DISTRICT,STATE_ROUTE,ROUTE_SUFFIX,POSTMILE_PREFIX,POSTMILE,LOCATION_TYPE,RAMP_INTERSECTION,SIDE_OF_HWY,TOW_AWAY,COLLISION_SEVERITY,NUMBER_KILLED,NUMBER_INJURED,PARTY_COUNT,PRIMARY_COLL_FACTOR,PCF_CODE_OF_VIOL,PCF_VIOL_CATEGORY,PCF_VIOLATION,PCF_VIOL_SUBSECTION,HIT_AND_RUN,TYPE_OF_COLLISION,MVIW,PED_ACTION,ROAD_SURFACE,ROAD_COND_1,ROAD_COND_2,LIGHTING,CONTROL_DEVICE,CHP_ROAD_TYPE,PEDESTRIAN_ACCIDENT,BICYCLE_ACCIDENT,MOTORCYCLE_ACCIDENT,TRUCK_ACCIDENT,NOT_PRIVATE_PROPERTY,ALCOHOL_INVOLVED,STWD_VEHTYPE_AT_FAULT,CHP_VEHTYPE_AT_FAULT,COUNT_SEVERE_INJ,COUNT_VISIBLE_INJ,COUNT_COMPLAINT_PAIN,COUNT_PED_KILLED,COUNT_PED_INJURED,COUNT_BICYCLIST_KILLED,COUNT_BICYCLIST_INJURED,COUNT_MC_KILLED,COUNT_MC_INJURED,PRIMARY_RAMP,SECONDARY_RAMP,LATITUDE,LONGITUDE,COUNTY,CITY,POINT_X,POINT_Y
90467332,2017,2017-05-30,9735,2017-05-20,1930,020417,,6,2,9,2700,0,3,5,,2,003,"METZ RD.","TOPO RD.",800.00,S,N,A,-,N,,,,,,,,,,Y,3,0,4,1,A,-,08,22107,,N,E,I,A,A,H,-,A,D,0,,,,,Y,,A,07,0,2,2,0,0,0,0,0,0,"- ","- ",36.355020000000003,-121.2116,MONTEREY,UNINCORPORATED,-121.21166789999999,36.355078480000003
90468096,2017,2017-05-31,9730,2017-05-29,1400,014800,,1,2,9,2700,0,1,2,,1,050,"U.S. 101 SOUTHBOUND","LAUREL DRIVE",340.00,S,N,A,-,Y,,,,,,,,,,Y,3,0,1,1,A,-,08,22107,,N,F,A,A,A,H,-,A,D,0,,,,,Y,,A,01,0,1,0,0,0,0,0,0,0,"- ","- ",36.697409999999998,-121.6645,MONTEREY,UNINCORPORATED,-121.66420993,36.696913250000001
90468114,2017,2017-05-31,9730,2017-05-29,1420,020841,,1,2,9,2700,0,3,5,,2,006,"MCFADDEN ROAD","COOPER ROAD",3960.00,E,N,B,-,N,,,,,,,,,,N,4,0,1,2,A,-,09,21804,A,N,D,C,A,A,H,-,A,D,0,,,,,Y,,D,22,0,0,1,0,0,0,0,0,0,"- ","- ",36.693249999999999,-121.72138,MONTEREY,UNINCORPORATED,-121.72146076999999,36.693182040000003
90468185,2017,2017-05-31,9730,2017-05-26,0625,019529,,5,1,9,2700,0,1,2,,1,070,"UNITED STATES 101 (NORTHBOUND)","DUNBARTON RD.",200.00,S,N,A,-,Y,,,,,,,,,,Y,4,0,1,1,A,-,08,22107,,N,B,I,A,A,H,-,A,D,0,,,,,Y,,A,01,0,0,1,0,0,0,0,0,0,"- ","- ",36.841430000000003,-121.63191999999999,MONTEREY,UNINCORPORATED,-121.63436048,36.844745400000001
90468479,2017,2017-05-31,9730,2017-05-26,1025,017502,,5,1,9,2700,0,1,3,,1,074,SR-1,"MOSS LANDING ROAD",440.00,N,N,B,-,Y,,,1,,,,,,,Y,2,0,5,2,A,-,05,21460,A,N,A,C,A,A,H,-,A,D,0,,,,,Y,,A,08,2,2,1,0,0,0,0,0,0,"- ","- ",36.801200000000001,-121.7835,MONTEREY,UNINCORPORATED,-121.78348513,36.801202660000001
8164281,2016,2016-11-08,2703,2016-10-28,0807,9221,2703,5,5,2,2703,0,0,0,,0,ALL,"5TH ST","GABILAN ST",0.00,,Y,C,-,N,,,,,,,,,,N,4,0,1,2,A,-,10,21950,A,N,G,B,B,B,H,-,A,A,0,Y,,,,Y,,A,01,0,0,1,0,1,0,0,0,0,"- ","- ",,,MONTEREY,GONZALES,-121.43975996,36.51183004
8164754,2016,2016-11-14,2706,2016-10-25,1406,301,MPD,2,5,4,2706,0,0,0,,0,001,"LIGHTHOUSE AV","HOFFMAN AV",9.00,S,N,A,-,N,,,,,,,,,,N,4,0,1,2,A,-,10,21950,A,N,G,B,B,A,H,-,A,A,0,Y,,,,Y,,D,22,0,0,1,0,1,0,0,0,0,"- ","- ",,,MONTEREY,MONTEREY,-121.9016927,36.613539580000001
8164758,2016,2016-11-14,2706,2016-10-28,0958,335,2706,5,5,4,2706,0,0,0,,0,003,"VIRGIN AV","DEL MONTE AV",3.00,S,N,A,-,N,,,,,,,,,,N,4,0,1,2,A,-,10,21950,A,N,G,B,B,A,H,-,A,A,0,Y,,,,Y,,D,22,0,0,1,0,1,0,0,0,0,"- ","- ",,,MONTEREY,MONTEREY,-121.85982324,36.605183820000001
8164762,2016,2016-11-14,2706,2016-10-30,0145,410,MPD,7,5,4,2706,0,0,0,,0,001,"LIGHTHOUSE AV","HOFFMAN AV",0.00,,Y,B,-,N,,,,,,,,,,Y,4,0,3,3,A,-,01,23152,A,N,C,C,A,A,H,-,C,A,0,,,,,Y,Y,D,22,0,0,3,0,0,0,0,0,0,"- ","- ",,,MONTEREY,MONTEREY,-121.90170992,36.613560079999999
8164798,2016,2017-03-04,2706,2016-10-24,2140,410,MPD,1,5,4,2706,0,0,0,,0,003,"RT 68","OLMSTED RD",1040.00,W,N,A,-,Y,MON,5,68,-,-,5.370,H,-,E,Y,2,0,1,1,C,-,18,,,N,E,I,A,A,H,-,D,D,0,,,,,Y,Y,-,"- ",1,0,0,0,0,0,0,0,0,"- ","- ",,,MONTEREY,MONTEREY,-121.85302805000001,36.583523079999999
8164911,2016,2016-11-09,2712,2016-10-30,1132,1087,2712,7,5,3,2712,0,0,0,,0,001,"IMJIN PKWY","CALIFORNIA AV",397.00,E,N,B,-,N,,,,,,,,,,Y,3,0,1,1,A,-,01,23152,A,N,E,I,A,B,H,-,A,D,0,,,,,Y,Y,A,01,0,1,0,0,0,0,0,0,0,"- ","- ",,,MONTEREY,MARINA,-121.79570065999999,36.665596190000002
8164984,2016,2016-11-14,2706,2016-10-26,1415,335,2706,3,5,4,2706,0,0,0,,0,003,"DEL MONTE AV","SLOAT AV",0.00,,Y,A,-,N,,,,,,,,,,N,3,0,1,2,A,-,09,21801,A,N,D,C,A,A,H,-,A,A,0,,,Y,,Y,,A,01,0,1,0,0,0,0,0,0,1,"- ","- ",,,MONTEREY,MONTEREY,-121.87887996000001,36.599860020000001
8165031,2016,2016-11-14,2712,2016-10-20,1705,1055,2712,4,5,3,2712,0,0,0,,0,001,"RESERVATION RD","CRESTVIEW CT",354.00,W,N,A,-,N,,,,,,,,,,Y,3,0,3,3,A,-,07,21658,A,N,A,C,A,A,H,-,A,D,0,,,,,Y,,A,01,0,2,1,0,0,0,0,0,0,"- ","- ",,,MONTEREY,MARINA,-121.78717761,36.681707410000001
8165361,2016,2016-11-10,2708,2016-10-18,1542,34245,,2,5,6,2708,0,0,0,,0,003,"EAST BORONDA RD",MCKINNON,30.00,E,N,A,-,N,,,,,,,,,,Y,3,0,3,3,A,-,03,22350,,N,C,C,A,A,H,-,A,A,0,,,,,Y,,-,,0,1,2,0,0,0,0,0,0,"- ","- ",,,MONTEREY,SALINAS,-121.64355974999999,36.717053290000003
8165365,2016,2016-11-10,2708,2016-10-14,1622,71595,,5,5,6,2708,0,0,0,,0,012,"WILLIAMS RD","EAST MARKET ST",24.00,S,N,B,-,N,,,,,,,,,,N,4,0,1,2,A,-,21,22106,,F,C,C,A,A,H,-,A,A,0,,,,,Y,,-,,0,0,1,0,0,0,0,0,0,"- ","- ",,,MONTEREY,SALINAS,-121.61512663000001,36.675041700000001
8165366,2016,2016-11-10,2708,2016-10-07,1351,97440,,5,5,6,2708,0,0,0,,0,,"MCKINNON ST","CHARDONNAY DR",0.00,,Y,A,-,N,,,,,,,,,,Y,3,0,3,2,A,-,03,22350,,F,C,C,A,A,H,-,A,D,0,,,,,Y,Y,-,,0,1,2,0,0,0,0,0,0,"- ","- ",,,MONTEREY,SALINAS,-121.64407996,36.714910009999997
8165369,2016,2017-02-23,2708,2016-10-20,0925,19943,,4,5,6,2708,0,0,0,,0,007,"RT 68","CHESTNUT ST",30.00,S,N,A,-,Y,MON,5,68,-,-,20.840,H,-,E,Y,4,0,1,2,A,-,03,22350,,N,C,C,A,A,H,-,A,B,0,,,,,Y,,-,,0,0,1,0,0,0,0,0,0,"- ","- ",,,MONTEREY,SALINAS,-121.65596538,36.667777860000001
90468530,2017,2017-05-31,9730,2017-05-29,1730,017803,,1,2,9,2700,0,1,3,,1,074,SR-1,SR-183,528.00,S,N,A,-,Y,,,1,,,,,,,N,4,0,1,2,A,-,03,22350,,N,C,C,A,A,H,-,A,D,0,,,,,Y,,A,01,0,0,1,0,0,0,0,0,0,"- ","- ",36.764229999999998,-121.76542999999999,MONTEREY,UNINCORPORATED,-121.76541874,36.76422883
90468541,2017,2017-05-31,9730,2017-05-23,1857,019239,,2,2,6,2708,0,1,2,,1,050,"US-101 SB","BORONDA RD",4224.00,S,N,A,-,Y,,,101,,,,,,S,Y,4,0,1,1,A,-,01,23152,A,N,E,I,A,A,H,-,A,D,0,,,,,Y,Y,A,01,0,0,1,0,0,0,0,0,0,"- ","- ",36.709719999999997,-121.66406000000001,MONTEREY,SALINAS,-121.66408680000001,36.70973231
90468557,2017,2017-05-31,9730,2017-05-29,1315,018298,,1,1,9,2700,0,2,4,,1,023,"CARMEL VALLEY ROAD","CACHAGUA RD.",1584.00,W,N,A,-,N,,,,,,,,,,N,4,0,1,1,A,-,08,22107,,N,F,A,A,A,H,-,A,D,0,,,Y,,Y,,C,02,0,0,1,0,0,0,0,0,1,"- ","- ",36.448610000000002,-121.68557,MONTEREY,UNINCORPORATED,-121.68546472,36.448552360000001
90468824,2017,2017-06-01,9730,2017-05-21,1535,020701,,7,2,6,2708,0,1,2,,1,050,"US-101 NORTHBOUND","NORTH MAIN STREET",900.00,S,N,A,-,Y,,,101,,,,,,N,Y,4,0,1,1,A,-,08,22107,,N,F,A,A,A,H,-,A,D,0,,,,,Y,,A,01,0,0,1,0,0,0,0,0,0,"- ","- ",36.68582,-121.64987000000001,MONTEREY,SALINAS,-121.64992540999999,36.685714969999999
90469366,2017,2017-06-01,9730,2017-05-30,1520,020584,,2,2,9,2700,0,2,4,,1,073,"SAN MIGUEL CANYON RD.","PARADISE RD.",0.00,,Y,A,-,N,,,,,,,,,,Y,2,0,1,2,A,-,09,21802,A,N,D,C,A,A,H,-,A,A,0,,,,,Y,,A,01,1,0,0,0,0,0,0,0,0,"- ","- ",36.825150000000001,-121.67583,MONTEREY,UNINCORPORATED,-121.67580991,36.825180019999998
90469386,2017,2017-06-01,9730,2017-05-30,1738,012332,,2,2,9,2700,0,2,4,,1,075,"SAN JUAN RD","AROMAS RD",0.00,,Y,B,-,N,,,,,,,,,,N,4,0,1,2,A,-,09,21802,A,N,D,C,A,A,H,-,A,D,0,,,,Y,Y,,G,27,0,0,1,0,0,0,0,0,0,"- ","- ",36.882550000000002,-121.66177999999999,MONTEREY,UNINCORPORATED,-121.66188996,36.882570110000003
90469456,2017,2017-06-01,9730,2017-05-30,0715,015160,,2,1,9,2700,0,1,3,,1,072,SR-156,"MONTE DEL LAGO",1584.00,E,N,B,-,Y,,,156,,,,,,,Y,4,0,1,3,A,-,03,22350,,N,C,C,A,A,H,-,A,D,0,,,,,Y,,A,07,0,0,1,0,0,0,0,0,0,"- ","- ",36.772039999999997,-121.73077000000001,MONTEREY,UNINCORPORATED,-121.73076880000001,36.772035639999999
90469797,2017,2017-06-02,9730,2017-05-25,1829,019239,,4,2,9,2700,0,1,2,,1,030,"US-101 SB","SOLEDAD PRISON RD O.C.",100.00,N,N,A,-,Y,,,101,,,,,,S,Y,4,0,1,3,A,-,03,22350,,N,C,C,A,A,H,-,A,D,0,,,,,Y,,A,01,0,0,1,0,0,0,0,0,0,"- ","- ",36.465009999999999,-121.38821,MONTEREY,UNINCORPORATED,-121.38819354,36.465040070000001
90470625,2017,2017-06-05,9730,2017-05-28,1927,020990,,7,2,9,2700,0,3,5,,2,006,"CALLE DEL ADOBE","ADDINGTON LANE",0.00,,Y,A,-,N,,,,,,,,,,Y,3,0,1,2,A,-,09,21801,A,N,A,C,A,A,H,-,B,D,0,,,,,Y,Y,A,01,0,1,0,0,0,0,0,0,0,"- ","- ",36.699550000000002,-121.67572,MONTEREY,UNINCORPORATED,-121.67569998,36.699490089999998
90470635,2017,2017-06-05,9730,2017-05-31,1920,020208,,3,2,9,2700,0,3,5,,2,005,"SAN JUAN GRADE ROAD","ROGGE VILLAGE WAY",3168.00,N,N,B,-,N,,,,,,,,,,N,4,0,1,2,A,-,09,21804,A,N,D,C,A,A,H,-,A,D,0,,,,Y,Y,,F,26,0,0,1,0,0,0,0,0,0,"- ","- ",36.73762,-121.63482,MONTEREY,UNINCORPORATED,-121.62987909,36.743298660000001
90470811,2017,2017-06-05,9730,2017-05-29,1625,021320,,1,2,9,2700,0,3,5,,2,007,"ECHO VALLEY ROAD","VIA DEL SOL ROAD",20.00,E,N,A,-,N,,,,,,,,,,Y,4,0,1,1,A,-,08,22107,,N,E,I,A,A,H,-,A,D,0,,,,,Y,,A,07,0,0,1,0,0,0,0,0,0,"- ","- ",36.828659999999999,-121.65015,MONTEREY,UNINCORPORATED,-121.65058311999999,36.828839530000003
90471081,2017,2017-06-05,9730,2017-06-03,1403,019956,,6,2,9,2700,0,1,3,,1,068,SR-68,"TORERO DR",0.00,,Y,A,-,Y,,,68,,,,,,,Y,2,0,1,2,A,-,09,21802,A,N,D,C,A,A,H,-,A,D,0,,,Y,,Y,,A,07,1,0,0,0,0,0,0,0,1,"- ","- ",36.593670000000003,-121.70456,MONTEREY,UNINCORPORATED,-121.70452244000001,36.593620039999998
90471263,2017,2017-06-05,9730,2017-05-22,0921,019569,,1,1,9,2700,0,2,4,,1,073,"SAN MIGUEL CANYON RD","HALL RD",0.00,,Y,A,-,N,,,,,,,,,,Y,1,1,0,2,A,-,09,21453,C,N,D,C,A,A,H,-,A,A,0,,,,Y,Y,,D,22,0,0,0,0,0,0,0,0,0,"- ","- ",36.859310000000001,-121.69522000000001,MONTEREY,UNINCORPORATED,-121.69519993999999,36.859320099999998
90471468,2017,2017-06-06,9730,2017-06-04,0144,020990,,7,3,9,2700,0,3,5,,2,005,"HARRISON ROAD","MARTINES ROAD",119.00,N,N,A,-,N,,,,,,,,,,Y,2,0,2,1,A,-,01,23152,A,N,F,A,A,A,H,-,D,D,0,,,,,Y,Y,A,01,2,0,0,0,0,0,0,0,0,"- ","- ",36.74962,-121.65751,MONTEREY,UNINCORPORATED,-121.65731445999999,36.749393419999997
90471535,2017,2017-06-06,9730,2017-05-15,1055,018350,,1,1,6,2708,0,1,2,,1,050,"US-101 N/B","LAUREL DRIVE",2112.00,N,N,B,-,Y,,,101,,,,,,N,N,4,0,1,2,A,-,03,22350,,M,C,C,A,A,H,-,A,D,0,,,,Y,Y,,G,25,0,0,1,0,0,0,0,0,0,"- ","- ",36.706400000000002,-121.66534,MONTEREY,SALINAS,-121.66537919,36.706417999999999
90471766,2017,2017-06-06,9730,2017-06-04,1425,021120,,7,2,9,2700,0,2,4,,1,073,"SAN MIGUEL CANYON RD.","US-101 S/B",300.00,W,N,A,-,N,,,,,,,,,,N,4,0,1,3,A,-,12,21453,A,N,B,A,A,A,H,-,A,A,0,,,,,Y,,A,01,0,0,1,0,0,0,0,0,0,"- ","- ",36.80021,-121.66484,MONTEREY,UNINCORPORATED,,
90472002,2017,2017-06-06,9735,2017-05-29,1338,017257,,1,1,9,2700,0,1,2,,2,045,"US 101 SOUTHBOUND","CAMP ROBERTS",528.00,N,N,A,-,Y,,,,,,,,,,Y,4,0,1,1,A,-,08,22107,,N,F,A,A,A,H,-,A,A,0,,,,,Y,,A,01,0,0,1,0,0,0,0,0,0,"- ","- ",35.800080000000001,-120.74458,MONTEREY,UNINCORPORATED,,
90472058,2017,2017-06-06,9735,2017-05-24,0555,016696,,3,3,9,2700,0,3,5,,2,003,"METZ ROAD","ELM AVENUE",5808.00,N,N,A,-,N,,,,,,,,,,Y,4,0,1,1,A,-,08,22107,,N,F,A,A,A,H,-,A,D,0,,,,,Y,,A,08,0,0,1,0,0,0,0,0,0,"- ","- ",36.358899999999998,-121.21617000000001,MONTEREY,UNINCORPORATED,-121.20883655999999,36.353447340000002
90472224,2017,2017-06-06,9735,2017-06-05,1420,019486,,1,2,9,2700,0,1,2,,1,040,"US 101 S/B","UNDERWOOD RD",3168.00,N,N,A,-,Y,,,,,,,,,,Y,2,0,1,2,A,-,03,22350,,N,C,C,A,A,H,-,A,D,0,,,,,Y,,A,01,1,0,0,0,0,0,0,0,0,"- ","- ",36.304600000000001,-121.22392000000001,MONTEREY,UNINCORPORATED,-121.22261654,36.30342504
90473386,2017,2017-06-08,9730,2017-05-30,2231,020576,,2,3,9,2700,0,1,2,,1,030,"US-101 SOUTHBOUND","5TH ST.",4224.00,N,N,B,-,Y,,,101,,,,,,S,Y,3,0,1,2,C,-,18,,,N,C,C,A,A,H,-,D,D,0,,,,,Y,,-,"- ",0,1,0,0,0,0,0,0,0,"- ","- ",36.52028,-121.44541,MONTEREY,UNINCORPORATED,-121.44540053999999,36.520297390000003
90473387,2017,2017-06-08,9730,2017-05-30,2230,020576,,2,3,9,2700,0,1,2,,1,030,"US-101 SOUTHBOUND","5TH STREET",4752.00,N,N,B,-,Y,,,101,,,,,,S,Y,4,0,1,1,A,-,03,22350,,N,E,I,A,A,H,-,D,D,0,,,,,Y,,A,01,0,0,1,0,0,0,0,0,0,"- ","- ",36.521209999999996,-121.44757,MONTEREY,UNINCORPORATED,-121.4475707,36.521207459999999
90473389,2017,2017-06-08,9730,2017-05-30,1700,012332,,2,2,9,2700,0,2,4,,1,075,"SAN JUAN RD","MURPHY RD",850.00,E,N,B,-,N,,,,,,,,,,N,3,0,1,2,A,-,08,22107,,N,B,G,A,A,H,-,A,D,0,,Y,,,Y,,L,04,0,1,0,0,0,0,1,0,0,"- ","- ",36.894939999999998,-121.6743,MONTEREY,UNINCORPORATED,-121.67409120000001,36.894710199999999
8165370,2016,2016-11-10,2708,2016-10-10,1938,19735,SPD,1,5,6,2708,0,0,0,,0,005,"NORTH MAIN ST","EAST BERNAL DR",250.00,S,N,A,-,N,,,,,,,,,,Y,4,0,1,2,A,-,01,23152,A,N,C,C,A,A,H,-,C,A,0,,,,,Y,Y,-,,0,0,1,0,0,0,0,0,0,"- ","- ",,,MONTEREY,SALINAS,-121.65232684,36.689284270000002
8165373,2016,2016-11-10,2708,2016-10-07,1428,71633,SALIN,5,5,6,2708,0,0,0,,0,008,"SALINAS ST","CENTRAL AV",20.00,N,N,A,-,N,,,,,,,,,,N,4,0,1,3,A,-,04,21703,,N,C,C,A,A,H,-,A,D,0,,,,,Y,,-,,0,0,1,0,0,0,0,0,0,"- ","- ",,,MONTEREY,SALINAS,-121.65638214000001,36.67685015
8165374,2016,2016-11-10,2708,2016-10-06,1856,56793,,4,5,6,2708,0,0,0,,0,,WILLIAMS,BORONDA,0.00,,Y,A,-,N,,,,,,,,,,Y,2,0,4,2,A,-,09,21801,A,N,D,C,A,A,H,-,B,D,0,,,,,Y,,-,,1,3,0,0,0,0,0,0,0,"- ","- ",,,MONTEREY,SALINAS,-121.59071989,36.689000010000001
8165377,2016,2016-11-10,2708,2016-10-22,1458,04125,,6,5,6,2708,0,0,0,,0,005,"EAST LAUREL DR","NATIVIDAD RD",263.00,E,N,A,-,N,,,,,,,,,,N,4,0,1,2,A,-,04,21703,,F,C,C,A,A,H,-,A,D,0,,,,,Y,,-,,0,0,1,0,0,0,0,0,0,"- ","- ",,,MONTEREY,SALINAS,-121.63743259,36.696117170000001
8165378,2016,2016-11-10,2708,2016-10-03,0758,06240,,1,5,6,2708,0,0,0,,0,006,"NORTH DAVIS RD","WEST ROSSI ST",0.00,S,N,A,-,N,,,,,,,,,,N,4,0,1,3,A,-,03,22350,,M,C,C,A,A,H,-,A,A,0,,,,,Y,,-,,0,0,1,0,0,0,0,0,0,"- ","- ",,,MONTEREY,SALINAS,-121.67192991,36.68842008
8165381,2016,2016-11-10,2708,2016-10-08,2338,06235,,6,5,6,2708,0,0,0,,0,011,"WILLIAMS RD","BORONDA RD",2112.00,N,N,A,-,N,,,,,,,,,,Y,4,0,1,1,A,-,01,23152,A,N,A,J,A,A,H,-,D,D,0,,,,,Y,Y,-,,0,0,1,0,0,0,0,0,0,"- ","- ",,,MONTEREY,SALINAS,-121.58483749,36.692349700000001
8165382,2016,2016-11-10,2708,2016-10-05,0838,70801,,3,5,6,2708,0,0,0,,0,002,"EAST BORONDA RD","DARTMOUTH WY",15.00,E,N,A,-,N,,,,,,,,,,Y,3,0,1,2,A,-,03,22350,,N,C,C,A,A,H,-,A,A,0,,,,,Y,,-,,0,1,0,0,0,0,0,0,0,"- ","- ",,,MONTEREY,SALINAS,-121.64871393999999,36.71791202
8165385,2016,2016-11-10,2708,2016-10-19,2146,05048,,3,5,6,2708,0,0,0,,0,012,"WILLIAMS RD","GRANDHAVEN ST",20.00,N,N,A,-,N,,,,,,,,,,Y,3,0,1,2,A,-,05,21651,A,N,A,C,A,A,H,-,C,D,0,,,,,Y,,-,,0,1,0,0,0,0,0,0,0,"- ","- ",,,MONTEREY,SALINAS,-121.61191482,36.676862300000003
8165386,2016,2016-11-10,2708,2016-10-17,2236,49286,,1,5,6,2708,0,0,0,,0,008,"N MAIN",CASENTINI,0.00,,Y,A,-,N,,,,,,,,,,Y,3,0,2,2,A,-,12,21453,A,N,A,D,A,A,H,-,C,A,0,,,,,Y,,-,,0,1,1,0,0,0,0,0,0,"- ","- ",,,MONTEREY,SALINAS,-121.65282993,36.684290070000003
8165389,2016,2016-11-10,2708,2016-10-10,2017,58964,SPD,1,5,6,2708,0,0,0,,0,009,"ROMIE LN","PAJARO ST",0.00,,Y,A,-,N,,,,,,,,,,Y,4,0,2,3,A,-,12,21453,A,N,D,C,A,A,H,-,C,A,0,,,,,Y,,-,,0,0,2,0,0,0,0,0,0,"- ","- ",,,MONTEREY,SALINAS,-121.65522,36.662040009999998
8165390,2016,2016-11-10,2708,2016-10-20,1159,06240,,4,5,6,2708,0,0,0,,0,,"COMMISSION ST","SUN ST",0.00,,Y,A,-,N,,,,,,,,,,Y,4,0,1,2,A,-,12,22450,,N,D,C,A,A,H,-,A,A,0,,,,,Y,,-,,0,0,1,0,0,0,0,0,0,"- ","- ",,,MONTEREY,SALINAS,-121.64620988,36.678100059999998
8165393,2016,2016-11-10,2708,2016-10-07,1717,19735,SPD,5,5,6,2708,0,0,0,,0,001,"SAN JUAN GRADE RD","EAST BORONDA RD",20.00,N,N,A,-,N,,,,,,,,,,Y,3,0,1,4,C,-,18,,,M,B,C,A,A,H,-,A,A,0,,,,,Y,Y,-,"- ",0,1,0,0,0,0,0,0,0,"- ","- ",,,MONTEREY,SALINAS,-121.65113393,36.719830539999997
8165397,2016,2016-11-10,2708,2016-10-19,1920,31967,,3,5,6,2708,0,0,0,,0,,"WEST CURTIS ST","NORTH MAIN ST",0.00,,Y,A,-,N,,,,,,,,,,Y,2,0,5,3,A,-,12,21453,A,N,D,C,A,A,H,-,C,A,0,,,,,Y,Y,-,,3,1,1,0,0,0,0,0,0,"- ","- ",,,MONTEREY,SALINAS,-121.65248995,36.701790109999997
8165401,2016,2016-11-10,2708,2016-10-17,1825,15702,,1,5,6,2708,0,0,0,,0,,"SAN JUAN GRADE RD","NORTHRIDGE WY",145.00,S,N,A,-,N,,,,,,,,,,Y,3,0,1,2,A,-,01,23152,A,F,B,C,A,A,H,-,A,D,0,,,,,Y,Y,-,,0,1,0,0,0,0,0,0,0,"- ","- ",,,MONTEREY,SALINAS,-121.650019,36.720795850000002
8165405,2016,2016-11-10,2708,2016-10-22,2226,71595,,6,5,6,2708,0,0,0,,0,,"NORTH SANBORN RD","GARNER AV",528.00,N,N,A,-,N,,,,,,,,,,Y,3,0,2,2,A,-,03,22350,,N,D,C,A,A,H,-,C,A,0,,,,,Y,,-,,0,1,1,0,0,0,0,0,0,"- ","- ",,,MONTEREY,SALINAS,-121.61366117999999,36.687037949999997
8165409,2016,2016-11-10,2708,2016-10-22,2355,49280,,6,5,6,2708,0,0,0,,0,228,"W ROSSI",STOCKTON,0.00,,Y,A,-,N,,,,,,,,,,Y,4,0,2,2,A,-,09,21802,A,F,D,C,A,A,H,-,C,D,0,,,,,Y,,-,,0,0,2,0,0,0,0,0,0,"- ","- ",,,MONTEREY,SALINAS,-121.66641988000001,36.68586011
8165413,2016,2016-11-10,2708,2016-10-14,1658,54372,,5,5,6,2708,0,0,0,,0,011,"FREEDOM PKWY","TOWT ST",0.00,,Y,B,-,N,,,,,,,,,,,2,0,1,2,A,-,12,22450,,N,A,B,B,A,H,-,A,-,0,Y,,,,Y,,-,,1,0,0,0,1,0,0,0,0,"- ","- ",,,MONTEREY,SALINAS,-121.59982986,36.689200069999998
8165417,2016,2016-11-10,2708,2016-10-19,0857,06240,,3,5,6,2708,0,0,0,,0,006,"NORTH MAIN ST","CASENTINI ST",180.00,S,N,A,-,N,,,,,,,,,,N,4,0,1,2,A,-,04,21703,,N,C,C,A,A,H,-,A,A,0,,,,,Y,,-,,0,0,1,0,0,0,0,0,0,"- ","- ",,,MONTEREY,SALINAS,-121.65300827,36.683816829999998
8165421,2016,2016-11-10,2708,2016-10-01,0301,82326,,6,5,6,2708,0,0,0,,0,004,"EAST LAUREL DR","CONSTITUTION BL",0.00,,Y,A,-,N,,,,,,,,,,Y,4,0,2,2,A,-,03,22350,,N,C,C,A,A,H,-,C,A,0,,,,,Y,,-,,0,0,2,0,0,0,0,0,0,"- ","- ",,,MONTEREY,SALINAS,-121.63230994,36.694490109999997
8165425,2016,2016-12-19,2708,2016-10-01,1818,58964,SPD,6,5,6,2708,0,0,0,,0,009,"SOUTH SANBORN RD","ABBOTT ST",20.00,N,N,A,-,N,,,,,,,,,,N,4,0,1,2,A,-,01,23152,A,N,C,C,A,A,H,-,A,A,0,,,,,Y,Y,A,01,0,0,1,0,0,0,0,0,0,"- ","- ",,,MONTEREY,SALINAS,-121.63580773,36.657298400000002
8165429,2016,2016-11-10,2708,2016-10-09,0942,49986,,7,5,6,2708,0,0,0,,0,002,"WEST LAUREL DR","ADAMS ST",0.00,,Y,A,-,N,,,,,,,,,,Y,4,0,2,3,A,-,03,22350,,N,C,C,A,A,H,-,A,A,0,,,,,Y,,-,,0,0,2,0,0,0,0,0,0,"- ","- ",,,MONTEREY,SALINAS,-121.66245999,36.698010089999997
8165433,2016,2016-11-10,2708,2016-10-19,1419,56793,,3,5,6,2708,0,0,0,,0,,"LINCOLN AV","CENTRAL AV",0.00,,Y,A,-,N,,,,,,,,,,Y,3,0,2,2,A,-,12,21453,A,N,D,C,A,A,H,-,A,A,0,,,,,Y,,-,,0,1,1,0,0,0,0,0,0,"- ","- ",,,MONTEREY,SALINAS,-121.65755996999999,36.6766401