CASE_ID,ACCIDENT_YEAR,PROC_DATE,JURIS,COLLISION_DATE,COLLISION_TIME,OFFICER_ID,REPORTING_DISTRICT,DAY_OF_WEEK,CHP_SHIFT,POPULATION,CNTY_CITY_LOC,SPECIAL_COND,BEAT_TYPE,CHP_BEAT_TYPE,CITY_DIVISION_LAPD,CHP_BEAT_CLASS,BEAT_NUMBER,PRIMARY_RD,SECONDARY_RD,DISTANCE,DIRECTION,INTERSECTION,WEATHER_1,WEATHER_2,STATE_HWY_IND,CALTRANS_COUNTY,CALTRANS_DISTRICT,STATE_ROUTE,ROUTE_SUFFIX,POSTMILE_PREFIX,POSTMILE,LOCATION_TYPE,RAMP_INTERSECTION,SIDE_OF_HWY,TOW_AWAY,COLLISION_SEVERITY,NUMBER_KILLED,NUMBER_INJURED,PARTY_COUNT,PRIMARY_COLL_FACTOR,PCF_CODE_OF_VIOL,PCF_VIOL_CATEGORY,PCF_VIOLATION,PCF_VIOL_SUBSECTION,HIT_AND_RUN,TYPE_OF_COLLISION,MVIW,PED_ACTION,ROAD_SURFACE,ROAD_COND_1,ROAD_COND_2,LIGHTING,CONTROL_DEVICE,CHP_ROAD_TYPE,PEDESTRIAN_ACCIDENT,BICYCLE_ACCIDENT,MOTORCYCLE_ACCIDENT,TRUCK_ACCIDENT,NOT_PRIVATE_PROPERTY,ALCOHOL_INVOLVED,STWD_VEHTYPE_AT_FAULT,CHP_VEHTYPE_AT_FAULT,COUNT_SEVERE_INJ,COUNT_VISIBLE_INJ,COUNT_COMPLAINT_PAIN,COUNT_PED_KILLED,COUNT_PED_INJURED,COUNT_BICYCLIST_KILLED,COUNT_BICYCLIST_INJURED,COUNT_MC_KILLED,COUNT_MC_INJURED,PRIMARY_RAMP,SECONDARY_RAMP,LATITUDE,LONGITUDE,COUNTY,CITY,POINT_X,POINT_Y
8165437,2016,2016-11-10,2708,2016-10-19,0651,30433,,3,5,6,2708,0,0,0,,0,012,"WILLIAMS RD","GARNER AV",0.00,,Y,A,-,N,,,,,,,,,,Y,3,0,2,2,A,-,09,21802,A,N,D,C,A,A,H,-,A,D,0,,,,,Y,,A,01,0,2,0,0,0,0,0,0,0,"- ","- ",,,MONTEREY,SALINAS,-121.60859996000001,36.678760089999997
8165567,2016,2016-11-17,2708,2016-09-22,1834,70801,,4,5,6,2708,0,0,0,,0,008,"RIKER ST","PARK ST",0.00,,Y,A,-,N,,,,,,,,,,Y,4,0,2,4,A,-,09,21802,A,N,D,C,A,A,H,-,B,D,0,,,,,Y,,-,,0,0,2,0,0,0,0,0,0,"- ","- ",,,MONTEREY,SALINAS,-121.66217995,36.67780011
90474251,2017,2017-06-09,9730,2017-06-05,1720,020245,,1,2,9,2700,0,1,3,,1,072,"STATE ROUTE 156","MONTE DE LAGO",0.00,,Y,A,-,Y,,,156,,,,,,,Y,3,0,2,2,A,-,03,22350,,N,C,C,A,A,H,-,A,A,0,,,,,Y,,A,01,0,1,1,0,0,0,0,0,0,"- ","- ",36.771189999999997,-121.73357,MONTEREY,UNINCORPORATED,-121.73357712000001,36.771216889999998
90474256,2017,2017-06-09,9730,2017-06-01,1640,014800,,4,2,6,2708,0,1,2,,1,050,"U.S. 101 NORTHBOUND","MARKET STREET",500.00,S,N,A,-,Y,,,,,,,,,,Y,4,0,1,2,A,-,01,23152,A,N,C,C,A,A,H,-,A,D,0,,,,,Y,Y,A,01,0,0,1,0,0,0,0,0,0,"- ","- ",36.676209999999998,-121.64091000000001,MONTEREY,SALINAS,-121.64095655,36.676300449999999
90474260,2017,2017-06-09,9730,2017-06-03,1212,019818,,6,1,9,2700,0,1,3,,1,074,SR-1,"MOSS LANDING RD",0.00,,Y,A,-,Y,,,1,,,,,,,N,4,0,1,2,A,-,09,21801,A,N,D,C,A,A,H,-,A,D,0,,,,,Y,,A,01,0,0,1,0,0,0,0,0,0,"- ","- ",36.799840000000003,-121.78332,MONTEREY,UNINCORPORATED,-121.78324402,36.799851310000001
90474267,2017,2017-06-09,9730,2017-06-05,0020,021359,,1,3,9,2700,0,3,5,,2,007,"MAHER ROAD","ROYAL OAK DRIVE",50.00,N,N,A,-,N,,,,,,,,,,Y,4,0,1,1,A,-,03,22350,,N,E,I,A,A,H,-,D,D,0,,,,,Y,,A,07,0,0,1,0,0,0,0,0,0,"- ","- ",36.838900000000002,-121.67270000000001,MONTEREY,UNINCORPORATED,-121.67311244,36.839500319999999
90474675,2017,2017-06-09,9730,2017-06-08,1320,017502,,4,1,9,2700,0,1,3,,1,022,SR-1,"SAN JOSE CREEK BRIDGE",100.00,N,N,B,-,Y,,,,,,,,,,N,4,0,2,3,A,-,03,22350,,N,C,C,A,A,H,-,A,D,0,,,,,Y,,A,07,0,0,2,0,0,0,0,0,0,"- ","- ",36.527799999999999,-121.9255,MONTEREY,UNINCORPORATED,,
90476553,2017,2017-06-13,9730,2017-06-01,1457,018312,,4,2,9,2700,0,1,3,,1,068,"STATE ROUTE 68","YORK ROAD",400.00,E,N,A,-,Y,,,68,,,,,,,Y,4,0,2,3,A,-,03,22350,,N,C,C,A,A,H,-,A,A,0,,,,,Y,,A,07,0,0,2,0,0,0,0,0,0,"- ","- ",36.571300000000001,-121.80687,MONTEREY,UNINCORPORATED,-121.80688821,36.571213829999998
90476695,2017,2017-06-13,9730,2017-06-03,1555,021320,,6,2,9,2700,0,1,2,,1,030,"US-101 N/B FROM JOHN STREET E/B","JOHN STREET",1056.00,N,N,A,-,Y,,,,,,,,,,Y,3,0,1,1,A,-,08,22107,,N,F,A,A,A,H,-,A,D,0,,,,,Y,,A,01,0,1,0,0,0,0,0,0,0,"- ","- ",36.669750000000001,-121.63726,MONTEREY,UNINCORPORATED,-121.64044031,36.673397299999998
90477003,2017,2017-06-13,9730,2017-06-09,1330,017580,,5,1,9,2700,0,1,2,,1,070,"RT 101","PESANTE ROAD",2640.00,N,N,A,-,Y,,,101,,,,,,,Y,4,0,1,1,A,-,03,22350,,N,H,A,A,A,H,-,A,D,0,,,,,Y,,E,22,0,0,1,0,0,0,0,0,0,"- ","- ",36.776449999999997,-121.66933,MONTEREY,UNINCORPORATED,-121.66941826,36.776444210000001
90477117,2017,2017-06-13,9730,2017-06-07,2230,020233,,3,3,9,2700,0,3,5,,2,005,"CRAZY HORSE CANYON ROAD","HIDDEN CANYON ROAD",160.00,N,N,B,-,N,,,,,,,,,,Y,3,0,1,1,A,-,01,23152,A,N,E,I,A,A,H,-,D,D,0,,,,,Y,Y,D,22,0,1,0,0,0,0,0,0,0,"- ","- ",36.788499999999999,-121.61109,MONTEREY,UNINCORPORATED,-121.61115374000001,36.788354320000003
90477132,2017,2017-06-13,9730,2017-06-07,1400,019529,,3,2,9,2700,0,1,2,,1,070,"UNTED STATES 101 (SOUTHBOUND)","CRAZYHORSE CANYON ROAD",900.00,N,N,A,-,Y,,,,,,,,,,Y,4,0,1,2,A,-,07,21658,A,N,C,C,A,A,H,-,A,D,0,,,,Y,Y,,A,01,0,0,1,0,0,0,0,0,0,"- ","- ",36.818869999999997,-121.63441,MONTEREY,UNINCORPORATED,,
90477282,2017,2017-06-13,9730,2017-06-08,0345,019127,,4,3,6,2708,0,1,2,,1,050,"N. MAIN ST. ON RAMP TO S/B US-101","E. BERNAL DR.",1056.00,S,N,A,-,Y,,,,,,,,,,Y,3,0,1,1,A,-,01,23152,A,N,E,I,A,A,H,-,D,D,0,,,,,Y,Y,A,01,0,1,0,0,0,0,0,0,0,"- ","- ",36.68674,-121.65286,MONTEREY,SALINAS,,
8165614,2016,2016-11-14,2708,2016-09-25,1835,04125,,7,5,6,2708,0,0,0,,0,010,"CIRCLE DR","N MADEIRA",364.00,S,N,A,-,N,,,,,,,,,,N,3,0,1,4,A,-,03,22350,,M,A,E,A,A,H,-,A,D,0,,,,,Y,,-,,0,1,0,0,0,0,0,0,0,"- ","- ",,,MONTEREY,SALINAS,-121.63107791,36.682901049999998
8165633,2016,2017-03-03,2708,2016-09-13,1145,30731,,2,5,6,2708,0,0,0,,0,009,"SOUTH MAIN ST","MAPLE ST",10.00,N,N,B,-,Y,MON,5,68,-,-,20.910,H,-,E,N,3,0,1,2,A,-,09,21801,A,N,D,G,A,A,H,-,A,D,0,,Y,,,Y,,L,04,0,1,0,0,0,0,1,0,0,"- ","- ",,,MONTEREY,SALINAS,-121.65562188,36.668764289999999
8165637,2016,2016-11-14,2708,2016-09-23,1554,49014,,5,5,6,2708,0,0,0,,0,,"W ALISAL ST",HOMESTEAD,0.00,,Y,A,-,N,,,,,,,,,,Y,4,0,2,2,A,-,09,21801,A,N,D,C,A,A,H,-,A,A,0,,,,,Y,,-,,0,0,2,0,0,0,0,0,0,"- ","- ",,,MONTEREY,SALINAS,-121.66437986,36.672520069999997
8165661,2016,2016-11-14,2708,2016-09-12,1948,78725,2708,1,5,6,2708,0,0,0,,0,004,"CONSTITUTION BL","EAST LAUREL DR",401.00,N,N,A,-,N,,,,,,,,,,N,2,0,1,2,A,-,11,21954,A,N,G,B,D,A,H,-,C,D,0,Y,,,,Y,,N,60,1,0,0,0,1,0,0,0,0,"- ","- ",,,MONTEREY,SALINAS,-121.63138775,36.695302249999997
8165665,2016,2016-11-14,2708,2016-09-29,1509,37923,SALIN,4,5,6,2708,0,0,0,,0,005,"N MAIN","E BERNAL",75.00,S,N,A,-,N,,,,,,,,,,Y,4,0,1,3,A,-,04,21703,,M,C,C,A,A,H,-,A,A,0,,,,,Y,,-,,0,0,1,0,0,0,0,0,0,"- ","- ",,,MONTEREY,SALINAS,-121.65229144,36.689764160000003
8165669,2016,2016-11-14,2708,2016-09-14,1717,34245,,3,5,6,2708,0,0,0,,0,009,"WEST BLANCO RD","S RIKER ST",0.00,,Y,A,-,N,,,,,,,,,,Y,4,0,2,2,A,-,09,21801,A,N,A,C,A,A,H,-,A,A,0,,,,,Y,,-,,0,0,2,0,0,0,0,0,0,"- ","- ",,,MONTEREY,SALINAS,-121.66511998999999,36.6588201
8165673,2016,2016-11-14,2708,2016-09-29,2253,76953,,4,5,6,2708,0,0,0,,0,010,"NORTH SANBORN RD","EAST MARKET ST",0.00,,Y,A,-,N,,,,,,,,,,Y,4,0,1,2,A,-,12,21453,A,N,D,C,A,A,H,-,C,A,0,,,,,Y,,-,,0,0,1,0,0,0,0,0,0,"- ","- ",,,MONTEREY,SALINAS,-121.62707996,36.676450039999999
8165677,2016,2016-11-14,2708,2016-09-18,1408,92575,,7,5,6,2708,0,0,0,,0,011,"GARNER AV","PACIFIC AV",0.00,,Y,A,-,N,,,,,,,,,,Y,3,0,1,2,A,-,08,22107,,N,D,C,A,A,H,-,A,D,0,,,,,Y,,-,,0,1,0,0,0,0,0,0,0,"- ","- ",,,MONTEREY,SALINAS,-121.61643986999999,36.687740040000001
8166751,2016,2018-09-27,2708,2016-08-23,1157,35838,,2,5,6,2708,0,0,0,,0,010,"EAST LAUREL DR","ST EDWARDS AV",0.00,,Y,A,-,N,,,,,,,,,,Y,1,1,1,2,A,-,01,23152,E,N,-,C,A,A,H,-,A,D,0,,,,,Y,,-,,0,1,0,0,0,0,0,0,0,"- ","- ",,,MONTEREY,SALINAS,-121.62309998000001,36.686330009999999
8166752,2016,2017-03-09,2708,2016-11-16,1720,03581,,3,5,6,2708,0,0,0,,0,005,"NORTH MAIN ST","EAST LAUREL DR",345.00,S,N,A,-,N,,,,,,,,,,N,1,1,0,2,A,-,11,21954,A,N,G,B,D,A,H,-,A,A,0,Y,,,,Y,,N,60,0,0,0,1,0,0,0,0,0,"- ","- ",,,MONTEREY,SALINAS,-121.65168,36.698378779999999
8166771,2016,2017-03-30,2708,2016-01-25,2117,58964,SPD,1,5,6,2708,0,0,0,,0,,"NORTH MAIN ST","HARDEN PKWY",522.00,S,N,A,-,N,,,,,,,,,,N,1,1,0,2,A,-,11,21954,A,N,G,B,D,A,H,-,C,D,0,Y,,,,Y,,N,60,0,0,0,1,0,0,0,0,0,"- ","- ",,,MONTEREY,SALINAS,-121.65425553999999,36.711873220000001
8166772,2016,2017-03-10,2708,2016-04-21,2207,71633,SALIN,4,5,6,2708,0,0,0,,0,005,"NATIVIDAD RD","SORRENTINI DR",290.00,N,N,A,-,N,,,,,,,,,,Y,1,1,0,2,A,-,11,21954,A,N,G,B,D,A,H,-,C,D,0,Y,,,,Y,,N,60,0,0,0,1,0,0,0,0,0,"- ","- ",,,MONTEREY,SALINAS,-121.63976906000001,36.69500558
90477523,2017,2017-06-14,9735,2017-05-05,1915,019700,,5,2,9,2700,0,3,5,,2,001,"LOCKWOOD SAN LUCAS ROAD","LOCKWOOD JOLON ROAD",14784.00,E,N,A,-,N,,,,,,,,,,Y,1,1,0,2,A,-,05,21650,,N,A,C,A,A,H,-,A,D,0,,,Y,,Y,Y,C,02,0,0,0,0,0,0,0,1,0,"- ","- ",36.003660000000004,-121.06744,MONTEREY,UNINCORPORATED,-121.08629000000001,35.966119999999997
90477553,2017,2017-06-14,9735,2017-06-11,0817,019800,,7,1,9,2700,0,3,5,,2,002,"LOCKWOOD SAN LUCAS RD",US-101,15840.00,W,N,A,-,N,,,,,,,,,,Y,3,0,1,1,A,-,08,22107,,N,F,A,A,A,H,-,A,D,0,,,,Y,Y,,G,25,0,1,0,0,0,0,0,0,0,"- ","- ",36.047750000000001,-121.05959,MONTEREY,UNINCORPORATED,-121.02348000000001,36.121969999999997
90477569,2017,2017-06-14,9735,2017-06-09,1318,019965,,5,1,9,2700,0,1,2,,1,041,"US 101 S/B","CENTRAL AVE",200.00,S,N,A,-,Y,,,,,,,,,,Y,2,0,1,2,A,-,01,23152,A,N,C,C,A,A,H,-,A,D,0,,,,,Y,Y,A,01,1,0,0,0,0,0,0,0,0,"- ","- ",36.233690000000003,-121.17462,MONTEREY,UNINCORPORATED,-121.17445530000001,36.233252399999998
90477574,2017,2017-06-14,9735,2017-06-09,1445,020036,,5,2,9,2700,0,1,2,,2,042,"US-101 N/B","WILD HORSE RD",2640.00,S,N,B,-,Y,,,101,,,,,,N,Y,4,0,1,1,A,-,08,22107,,N,F,A,A,A,H,-,A,D,0,,,,,Y,,A,01,0,0,1,0,0,0,0,0,0,"- ","- ",36.181609999999999,-121.06599,MONTEREY,UNINCORPORATED,-121.06583617,36.181769549999999
90477966,2017,2017-06-14,9730,2017-06-11,1110,019529,,7,1,9,2700,0,3,5,,2,007,"ELKHORN RD.","GARIN RD.",900.00,N,N,A,-,N,,,,,,,,,,Y,4,0,4,1,A,-,08,22107,,N,F,I,A,A,H,-,A,D,0,,,,,Y,,A,07,0,0,4,0,0,0,0,0,0,"- ","- ",36.876469999999998,-121.74527,MONTEREY,UNINCORPORATED,-121.746115,36.87547532
90478064,2017,2017-06-14,9730,2017-06-11,0048,021407,,7,3,9,2700,0,3,5,,2,005,"SAN JUAN GRADE ROAD","HEBERT ROAD",1320.00,S,N,A,-,N,,,,,,,,,,Y,3,0,1,1,A,-,08,22107,,N,F,A,A,A,H,-,C,D,0,,,,,Y,,D,22,0,1,0,0,0,0,0,0,0,"- ","- ",36.755899999999997,-121.6189,MONTEREY,UNINCORPORATED,-121.61829914,36.756610639999998
90478141,2017,2017-06-14,9730,2017-06-13,1725,018810,,2,2,9,2700,0,1,3,,1,066,SR-183,"DEL MONTE AVENUE",520.00,N,N,A,-,Y,,,183,,,,,,,Y,4,0,1,3,A,-,03,22350,,N,C,C,A,A,H,-,A,D,0,,,,,Y,,A,01,0,0,1,0,0,0,0,0,0,"- ","- ",36.756079999999997,-121.74505000000001,MONTEREY,UNINCORPORATED,-121.74501653,36.756132119999997
90478591,2017,2017-06-15,9730,2017-06-10,1325,016537,,6,1,9,2700,0,1,2,,1,030,"US-101 N/B","OLD STAGE RD.",5280.00,N,N,A,-,Y,,,101,,,,,,N,Y,4,0,1,2,A,-,03,22350,,N,C,C,A,A,H,-,A,D,0,,,,,Y,,D,22,0,0,1,0,0,0,0,0,0,"- ","- ",36.541499999999999,-121.48715,MONTEREY,UNINCORPORATED,-121.48717281,36.541472630000001
90478867,2017,2017-06-15,9735,2017-06-15,0625,019800,,4,1,9,2700,0,1,3,,1,034,SR-198,"FREEMAN FLAT RD",8448.00,E,N,A,-,Y,,,198,,,,,,,Y,3,0,1,1,A,-,08,22107,,N,E,I,A,A,H,-,A,D,0,,,,,Y,,D,22,0,1,0,0,0,0,0,0,0,"- ","- ",36.158270000000002,-120.98385,MONTEREY,UNINCORPORATED,-120.98385829,36.158319710000001
90479953,2017,2017-06-16,9730,2017-06-10,1527,020841,,6,2,9,2700,0,2,4,,1,023,"CARMEL VALLEY ROAD","DOUD ROAD",50.00,E,N,A,-,N,,,,,,,,,,Y,3,0,5,2,A,-,05,21460,A,N,A,C,A,A,H,-,A,D,0,,,,,Y,,D,22,0,1,4,0,0,0,0,0,0,"- ","- ",36.524059999999999,-121.81086999999999,MONTEREY,UNINCORPORATED,,
90480579,2017,2017-06-19,9730,2017-06-08,2053,020899,,4,2,9,2700,0,2,4,,1,073,"HALL ROAD","WILLOW ROAD",473.00,W,N,B,-,N,,,,,,,,,,Y,4,0,1,2,A,-,06,21755,,N,C,C,A,A,H,-,D,D,0,,,,,Y,,A,07,0,0,1,0,0,0,0,0,0,"- ","- ",36.865929999999999,-121.73675,MONTEREY,UNINCORPORATED,-121.73665493999999,36.865875750000001
90480793,2017,2017-06-19,9730,2017-06-08,2250,021338,,4,3,9,2700,0,2,4,,1,073,"HALL ROAD","PINI ROAD",100.00,W,N,C,-,N,,,,,,,,,,N,4,0,2,2,A,-,03,22350,,N,C,C,A,B,H,-,D,D,0,,,,,Y,,A,01,0,0,2,0,0,0,0,0,0,"- ","- ",36.864080000000001,-121.7165,MONTEREY,UNINCORPORATED,-121.7170819,36.864119129999999
90480835,2017,2017-06-19,9730,2017-06-10,1453,021320,,6,2,9,2700,0,2,4,,1,073,"SAN MIGUEL CANYON ROAD","CASTROVILLE BLVD",898.00,S,N,A,-,N,,,,,,,,,,Y,3,0,2,4,A,-,03,22350,,N,C,C,A,A,H,-,A,A,0,,,,,Y,,A,07,0,1,1,0,0,0,0,0,0,"- ","- ",36.806690000000003,-121.6696,MONTEREY,UNINCORPORATED,-121.66963036,36.806750289999997
90481094,2017,2017-06-19,9730,2017-06-07,0925,017840,,3,1,9,2700,0,1,3,,1,022,SR-1,"CARPENTER ST.",200.00,N,N,A,-,Y,,,1,,,,,,,Y,4,0,1,4,A,-,03,22350,,N,C,C,A,A,H,-,A,D,0,,,,,Y,,A,01,0,0,1,0,0,0,0,0,0,"- ","- ",36.566920000000003,-121.91298,MONTEREY,UNINCORPORATED,-121.91299939,36.566921630000003
90481238,2017,2017-06-19,9730,2017-06-12,1540,020841,,1,2,9,2700,0,3,5,,2,006,"RESERVATION ROAD","DAVIS ROAD",2112.00,E,N,B,-,N,,,,,,,,,,Y,2,0,3,2,A,-,09,21804,A,N,D,C,A,A,H,-,A,D,0,,,,,Y,,A,01,1,0,2,0,0,0,0,0,0,"- ","- ",36.636789999999998,-121.70193,MONTEREY,UNINCORPORATED,-121.70238594,36.637239020000003
90481295,2017,2017-06-19,9730,2017-06-12,0609,019569,,1,1,9,2700,0,1,3,,1,068,SR-68,"HUNTER LN",30.00,E,N,B,-,Y,,,68,,,,,,,Y,3,0,1,1,A,-,08,22107,,M,E,I,A,A,H,-,A,D,0,,,,,Y,,A,01,0,1,0,0,0,0,0,0,0,"- ","- ",36.648820000000001,-121.6632,MONTEREY,UNINCORPORATED,-121.66269932,36.648638550000001
90481564,2017,2017-06-20,9735,2017-06-15,0435,020417,,4,3,9,2700,0,3,5,,2,003,"SPRECKELS RD","CEMETERY ROAD",3696.00,N,N,A,-,N,,,,,,,,,,Y,4,0,1,1,A,-,08,22107,,N,F,I,A,A,H,-,B,D,0,,,,,Y,,D,22,0,0,1,0,0,0,0,0,0,"- ","- ",36.238379999999999,-121.14439,MONTEREY,UNINCORPORATED,,
90482101,2017,2017-06-20,9730,2017-06-15,1055,019818,,4,1,9,2700,0,3,5,,2,002,"EL CAMINITO RD","CHAPARRAL RD",35.00,N,N,A,-,N,,,,,,,,,,Y,3,0,1,1,A,-,21,22106,,N,E,I,A,A,H,-,A,D,0,,,,,Y,,D,22,0,1,0,0,0,0,0,0,0,"- ","- ",36.484990000000003,-121.72655,MONTEREY,UNINCORPORATED,-121.72662725000001,36.485005440000002
90482699,2017,2017-06-21,9730,2017-06-17,1605,020621,,6,2,9,2700,0,1,3,,1,072,SR-156,"MERIDIAN ROAD",75.00,E,N,A,-,Y,,,156,,,,,,,Y,4,0,1,3,A,-,03,22350,,N,C,C,A,A,H,-,A,D,0,,,,,Y,,A,01,0,0,1,0,0,0,0,0,0,"- ","- ",36.788060000000002,-121.67861000000001,MONTEREY,UNINCORPORATED,-121.67860949999999,36.788056869999998
90483041,2017,2017-06-21,9730,2017-06-17,0418,020970,,6,3,9,2700,0,1,3,,1,074,SR-1,"STRUVE ROAD",1425.00,S,N,A,-,Y,,,1,,,,,,,Y,3,0,1,1,A,-,01,23152,A,N,F,A,A,A,H,-,D,D,0,,,,,Y,Y,A,01,0,1,0,0,0,0,0,0,0,"- ","- ",36.821570000000001,-121.78424,MONTEREY,UNINCORPORATED,-121.78421063,36.821526939999998
90486270,2017,2017-06-23,9730,2017-06-15,1305,020391,,4,1,9,2700,0,3,5,,2,006,"ESPINOSA RD",SR-183,1848.00,E,N,A,-,N,,,,,,,,,,Y,3,0,1,1,A,-,08,22107,,N,E,A,A,A,H,-,A,D,0,,,,,Y,,A,01,0,1,0,0,0,0,0,0,0,"- ","- ",36.74241,-121.73303,MONTEREY,UNINCORPORATED,,
90486277,2017,2017-06-23,9730,2017-06-16,2127,020933,,5,2,9,2700,0,2,4,,1,023,"CARMEL VALLEY ROAD","PACIFIC MEADOWS LANE",35.00,E,N,A,-,N,,,,,,,,,,Y,3,0,1,1,A,-,01,23152,A,N,E,I,A,A,H,-,A,A,0,,,,,Y,Y,A,01,0,1,0,0,0,0,0,0,0,"- ","- ",36.542490000000001,-121.88397999999999,MONTEREY,UNINCORPORATED,-121.88406087,36.54257741
8166953,2016,2018-09-24,2708,2016-11-20,0307,75791,,7,5,6,2708,0,0,0,,0,,"EAST ALISAL ST","FRONT ST",472.00,E,N,C,-,N,,,,,,,,,,Y,1,2,0,1,A,-,03,22350,,N,D,I,A,B,H,-,C,A,0,,,,,Y,Y,-,,0,0,0,0,0,0,0,0,0,"- ","- ",,,MONTEREY,SALINAS,-121.64755589000001,36.674748749999999
8166954,2016,2018-09-24,2708,2016-07-30,2212,59156,SALIN,6,5,6,2708,0,0,0,,0,005,"NORTH MAIN ST","EAST BERNAL DR",147.00,N,N,B,-,N,,,,,,,,,,Y,1,1,0,2,A,-,11,21955,,N,D,B,D,A,H,-,C,D,0,Y,,,,Y,Y,N,60,0,0,0,1,0,0,0,0,0,"- ","- ",36.412599999999998,-121.399,MONTEREY,SALINAS,-121.65225119999999,36.690373180000002
8167063,2018,2018-03-08,2708,2018-01-14,0102,88215,,7,5,6,2708,0,0,0,,0,,"CONSTITUTION BL","MANCHESTER DR",189.00,N,N,A,-,N,,,,,,,,,,Y,1,2,1,1,A,-,"- ",,,N,E,I,A,A,H,-,C,A,0,,,,,Y,Y,-,,1,0,0,0,0,0,0,0,0,"- ","- ",,,MONTEREY,SALINAS,-121.62256622314453,36.7001953125
8167081,2017,2018-10-02,2710,2017-08-29,1119,34824,,2,5,4,2710,0,0,0,,0,009,"FREMONT BL","CHARLES AV",0.00,,Y,A,-,N,,,,,,,,,,Y,1,1,0,2,A,-,07,21658,A,N,D,C,A,A,H,-,A,D,0,,,Y,,Y,,A,07,0,0,0,0,0,0,0,1,0,"- ","- ",,,MONTEREY,SEASIDE,-121.84999994,36.600060030000002
8167178,2018,2018-06-05,2708,2018-02-18,1216,58964,,7,5,6,2708,0,0,0,,0,,"SAN JUAN GRADE RD","VAN BUREN",0.00,,Y,A,-,N,,,,,,,,,,Y,1,1,0,2,A,-,09,21801,A,N,D,C,A,A,H,-,A,D,0,,,Y,,Y,,A,01,0,0,0,0,0,0,0,1,0,"- ","- ",,,MONTEREY,SALINAS,-121.64658355712891,36.723850250244141
8168208,2017,2018-05-19,2711,2017-07-28,0536,00894,2711,5,5,3,2711,0,0,0,,0,001,"SAN VICENTE RD","FRONT ST",0.00,,Y,E,-,N,,,,,,,,,,N,1,1,0,2,A,-,03,22350,,F,G,B,D,A,D,-,C,D,0,Y,,,,Y,,D,22,0,0,0,1,0,0,0,0,0,"- ","- ",,,MONTEREY,SOLEDAD,-121.33375986999999,36.429699999999997
8168739,2016,2016-11-28,2706,2016-11-07,2003,896,MPD,1,5,4,2706,0,0,0,,0,002,"SOLEDAD DR",PACIFIC,111.00,E,N,B,-,N,,,,,,,,,,Y,3,0,1,1,A,-,08,22107,,N,E,I,A,A,H,-,C,D,0,,,,,Y,,A,01,0,1,0,0,0,0,0,0,0,"- ","- ",,,MONTEREY,MONTEREY,-121.9026703,36.583994539999999
8168743,2016,2016-11-28,2706,2016-11-16,0744,142,MPD,3,5,4,2706,0,0,0,,0,002,"CASS ST","CARMELO ST",69.00,N,N,A,-,N,,,,,,,,,,N,4,0,1,2,A,-,17,22517,,N,H,G,A,A,H,-,A,D,0,,Y,,,Y,,A,07,0,0,1,0,0,0,1,0,0,"- ","- ",,,MONTEREY,MONTEREY,-121.89720077,36.591001859999999
8168747,2016,2016-11-28,2706,2016-11-09,1748,635,MPD,3,5,4,2706,0,0,0,,0,003,"DEL MONTE AV","HANNON AV",0.00,,Y,A,-,N,,,,,,,,,,N,4,0,2,2,A,-,09,21801,A,N,D,C,A,A,H,-,C,D,0,,,,,Y,,A,01,0,0,2,0,0,0,0,0,0,"- ","- ",,,MONTEREY,MONTEREY,-121.86239998000001,36.603980040000003
8168751,2016,2016-11-28,2706,2016-11-12,0728,031,2706,6,5,4,2706,0,0,0,,0,002,"MUNRAS AV","SOLEDAD DR",0.00,,Y,A,-,N,,,,,,,,,,Y,3,0,3,2,A,-,12,21453,A,N,D,C,A,A,H,-,A,A,0,,,,,Y,,A,01,0,1,2,0,0,0,0,0,0,"- ","- ",,,MONTEREY,MONTEREY,-121.90185992000001,36.583360050000003
8170233,2016,2016-11-21,2707,2016-09-17,1200,1635,,6,5,3,2707,0,0,0,,0,002,"OCEAN VIEW BL","1ST ST",117.00,E,N,A,-,N,,,,,,,,,,N,3,0,1,2,A,-,21,22106,,N,H,G,A,A,H,-,A,D,0,,Y,,,Y,,D,22,0,1,0,0,0,0,1,0,0,"- ","- ",,,MONTEREY,"PACIFIC GROVE",-121.90711401999999,36.620529210000001
8170287,2016,2017-02-23,2707,2016-10-08,1850,1762,2707,6,5,3,2707,0,0,0,,0,001,"FOREST AV","FOREST AV 1000",25.00,E,N,A,-,Y,MON,5,68,-,-,1.240,H,-,W,N,4,0,1,2,A,-,21,22106,,M,C,C,A,A,H,-,C,A,0,,,,,Y,,A,01,0,0,1,0,0,0,0,0,0,"- ","- ",,,MONTEREY,"PACIFIC GROVE",-121.92258,36.608511620000002
90486320,2017,2017-06-23,9730,2017-06-17,1811,020899,,6,2,9,2700,0,3,5,,2,002,"ESQUILINE ROAD","CALLE DE LOS OSITOS",528.00,N,N,A,-,N,,,,,,,,,,Y,3,0,1,1,A,-,01,23152,A,M,E,I,A,A,H,-,A,D,0,,,,,Y,Y,D,22,0,1,0,0,0,0,0,0,0,"- ","- ",36.473100000000002,-121.72514,MONTEREY,UNINCORPORATED,-121.72575629000001,36.47332085
90486354,2017,2017-06-23,9730,2017-06-18,1800,020208,,7,2,9,2700,0,1,3,,1,074,SR-1,"STRUVE ROAD SOUTH",430.00,S,N,A,-,Y,,,1,,,,,,,Y,4,0,1,2,A,-,03,22350,,N,C,C,A,A,H,-,A,D,0,,,,,Y,,A,01,0,0,1,0,0,0,0,0,0,"- ","- ",36.822710000000001,-121.78142,MONTEREY,UNINCORPORATED,-121.78143955,36.822756220000002