CASE_ID,ACCIDENT_YEAR,PROC_DATE,JURIS,COLLISION_DATE,COLLISION_TIME,OFFICER_ID,REPORTING_DISTRICT,DAY_OF_WEEK,CHP_SHIFT,POPULATION,CNTY_CITY_LOC,SPECIAL_COND,BEAT_TYPE,CHP_BEAT_TYPE,CITY_DIVISION_LAPD,CHP_BEAT_CLASS,BEAT_NUMBER,PRIMARY_RD,SECONDARY_RD,DISTANCE,DIRECTION,INTERSECTION,WEATHER_1,WEATHER_2,STATE_HWY_IND,CALTRANS_COUNTY,CALTRANS_DISTRICT,STATE_ROUTE,ROUTE_SUFFIX,POSTMILE_PREFIX,POSTMILE,LOCATION_TYPE,RAMP_INTERSECTION,SIDE_OF_HWY,TOW_AWAY,COLLISION_SEVERITY,NUMBER_KILLED,NUMBER_INJURED,PARTY_COUNT,PRIMARY_COLL_FACTOR,PCF_CODE_OF_VIOL,PCF_VIOL_CATEGORY,PCF_VIOLATION,PCF_VIOL_SUBSECTION,HIT_AND_RUN,TYPE_OF_COLLISION,MVIW,PED_ACTION,ROAD_SURFACE,ROAD_COND_1,ROAD_COND_2,LIGHTING,CONTROL_DEVICE,CHP_ROAD_TYPE,PEDESTRIAN_ACCIDENT,BICYCLE_ACCIDENT,MOTORCYCLE_ACCIDENT,TRUCK_ACCIDENT,NOT_PRIVATE_PROPERTY,ALCOHOL_INVOLVED,STWD_VEHTYPE_AT_FAULT,CHP_VEHTYPE_AT_FAULT,COUNT_SEVERE_INJ,COUNT_VISIBLE_INJ,COUNT_COMPLAINT_PAIN,COUNT_PED_KILLED,COUNT_PED_INJURED,COUNT_BICYCLIST_KILLED,COUNT_BICYCLIST_INJURED,COUNT_MC_KILLED,COUNT_MC_INJURED,PRIMARY_RAMP,SECONDARY_RAMP,LATITUDE,LONGITUDE,COUNTY,CITY,POINT_X,POINT_Y
90486395,2017,2018-03-19,9730,2017-06-18,1255,019529,,7,1,9,2700,0,1,3,,1,066,"STATE ROUTE 183","STATE ROUTE 1",200.00,S,N,A,-,Y,,,183,,,,,,,N,4,0,1,2,A,-,09,21801,A,N,D,C,A,A,H,-,A,D,0,,,,,Y,,A,07,0,0,1,0,0,0,0,0,0,"- ","- ",36.770429999999998,-121.7645,MONTEREY,UNINCORPORATED,-121.76445651,36.770487320000001
90486460,2017,2017-06-23,9730,2017-06-18,1748,019956,,7,2,6,2708,0,1,2,,1,050,"US-101 S/B FROM MAIN ST","SHERWOOD DR",300.00,S,N,A,-,Y,,,101,,,,R,,S,Y,4,0,1,2,A,-,01,23152,A,N,C,E,A,A,H,-,A,D,0,,,,,Y,Y,A,01,0,0,1,0,0,0,0,0,0,"- ","- ",36.684089999999998,-121.64755,MONTEREY,SALINAS,-121.64755,36.684089999999998
90486543,2017,2017-07-17,9730,2017-06-19,1410,020621,,1,2,9,2700,0,2,4,,1,073,"SAN MIGUEL CANYON ROAD","ECHO VALLEY ROAD",600.00,N,N,A,-,N,,,,,,,,,,Y,3,0,5,2,A,-,09,21801,A,N,D,C,A,A,H,-,A,D,0,,,,,Y,,A,01,0,2,3,0,0,0,0,0,0,"- ","- ",36.82311,-121.67452,MONTEREY,UNINCORPORATED,-121.67457707,36.823047070000001
90486720,2017,2017-06-23,9730,2017-06-21,1730,020245,,3,2,9,2700,0,1,3,,2,062,"STATE ROUTE 1","MUNRAS AVENUE",1000.00,S,N,A,-,Y,,,1,,,,,,,Y,4,0,1,1,A,-,08,22107,,N,F,I,A,A,H,-,A,D,0,,,,,Y,,A,08,0,0,1,0,0,0,0,0,0,"- ","- ",36.576819999999998,-121.90940999999999,MONTEREY,UNINCORPORATED,-121.90943753000001,36.576864739999998
90486766,2017,2017-06-23,9730,2017-06-21,1543,020584,,3,2,4,2706,0,1,3,,2,062,"SR-1 N/B","SR-68 (SALINAS)",1320.00,S,N,A,-,Y,,,1,,,,,,N,Y,4,0,1,2,A,-,03,22350,,N,C,C,A,A,H,-,A,D,0,,,,,Y,,A,08,0,0,1,0,0,0,0,0,0,"- ","- ",36.59393,-121.87353,MONTEREY,MONTEREY,-121.87352319,36.593887899999999
90486778,2017,2017-06-23,9730,2017-06-22,1705,020584,,4,2,9,2700,0,1,2,,1,070,"US-101 S/B","PRUNEDALE SOUTH RD.",2640.00,S,N,A,-,Y,,,101,,,,,,S,N,4,0,3,2,A,-,03,22350,,N,C,C,A,A,H,-,A,D,0,,,,,Y,,A,01,0,0,3,0,0,0,0,0,0,"- ","- ",36.763100000000001,-121.6673,MONTEREY,UNINCORPORATED,-121.66730364,36.763098800000002
90487462,2017,2017-06-26,9730,2017-06-17,1851,021320,,6,2,9,2700,0,2,4,,1,073,"SAN MIGUEL CANYON ROAD","MORO ROAD",50.00,N,N,A,-,N,,,,,,,,,,N,4,0,1,2,A,-,03,22350,,M,C,C,A,A,H,-,A,A,0,,,,,Y,,A,01,0,0,1,0,0,0,0,0,0,"- ","- ",36.803489999999996,-121.66733000000001,MONTEREY,UNINCORPORATED,-121.66680508,36.802789109999999
90487536,2017,2017-06-26,9730,2017-06-17,1112,019818,,6,1,9,2700,0,1,3,,1,074,"SR-1 NORTHBOUND","SALINAS RD",1584.00,N,N,A,-,Y,,,1,,,,,,N,Y,3,0,1,2,A,-,07,21658,A,N,B,C,A,A,H,-,A,D,0,,,,,Y,,A,01,0,1,0,0,0,0,0,0,0,"- ","- ",36.874380000000002,-121.77029,MONTEREY,UNINCORPORATED,-121.77045479,36.874367280000001
90487752,2017,2017-06-26,9730,2017-06-20,1215,016730,,2,1,9,2700,0,1,3,,1,022,"SR-1 S/B","CARPENTER ST.",100.00,N,N,B,-,Y,,,1,,,,,,S,N,4,0,1,2,A,-,07,21658,A,N,C,C,A,A,H,-,A,D,0,,,,,Y,,D,22,0,0,1,0,0,0,0,0,0,"- ","- ",36.567250000000001,-121.91285000000001,MONTEREY,UNINCORPORATED,-121.91294967,36.567284280000003
90487757,2017,2017-06-26,9730,2017-06-21,0045,020233,,3,3,9,2700,0,3,5,,2,007,"LEWIS ROAD","VEGA ROAD",528.00,W,N,B,-,N,,,,,,,,,,Y,3,0,1,1,A,-,01,23152,A,M,F,I,A,A,H,-,D,D,0,,,,,Y,Y,D,22,0,1,0,0,0,0,0,0,0,"- ","- ",36.884799999999998,-121.72781000000001,MONTEREY,UNINCORPORATED,-121.72828653000001,36.884656390000004
90488011,2017,2017-06-26,9730,2017-06-22,1315,017840,,4,1,9,2700,0,2,4,,1,023,"CARMEL VALLEY ROAD","TASSAJAR ROAD",14784.00,E,N,A,-,N,,,,,,,,,,Y,4,0,1,1,A,-,08,22107,,N,E,I,A,A,H,-,A,D,0,,,,,Y,,A,01,0,0,1,0,0,0,0,0,0,"- ","- ",36.377369999999999,-121.56332,MONTEREY,UNINCORPORATED,-121.56310397,36.377205480000001
90488317,2017,2017-07-25,9730,2017-06-19,1444,021320,,1,2,9,2700,0,3,5,,2,004,"OLD STAGE ROAD","SPENCE ROAD",100.00,N,N,A,-,N,,,,,,,,,,Y,3,0,1,2,A,-,09,21804,A,N,B,C,A,A,H,-,A,D,0,,,,Y,Y,,F,26,0,1,0,0,0,0,0,0,0,"- ","- ",36.630130000000001,-121.54035,MONTEREY,UNINCORPORATED,-121.54020097,36.629992479999999
90488379,2017,2017-06-27,9730,2017-06-19,0840,018298,,1,1,9,2700,0,1,2,,1,050,"US-101 N/B","SPENCE RD.",0.00,,Y,A,-,Y,,,101,,,,,,N,Y,4,0,1,2,A,-,09,21801,A,N,D,C,A,A,H,-,A,D,0,,,,Y,Y,,G,25,0,0,1,0,0,0,0,0,0,"- ","- ",36.612720000000003,-121.56671,MONTEREY,UNINCORPORATED,-121.56674175000001,36.612676790000002
90488652,2017,2017-06-27,9730,2017-06-24,1109,019745,,6,1,9,2700,0,2,4,,1,073,"SALINAS RD","STENDER RD",2.00,S,N,A,-,N,,,,,,,,,,N,4,0,1,2,A,-,06,21755,,N,B,C,A,A,H,-,A,D,0,,,,,Y,,A,01,0,0,1,0,0,0,0,0,0,"- ","- ",36.902299999999997,-121.7482,MONTEREY,UNINCORPORATED,-121.74845693,36.902515090000001
90488861,2017,2017-06-27,9730,2017-06-22,1625,020245,,4,2,3,2712,0,1,3,,2,062,"STATE ROUTE 1 N/B TO IMJIN PARKWAY","IMJIN PARKWAY",100.00,S,N,A,-,Y,,,1,,,,R,,N,N,4,0,1,2,A,-,03,22350,,N,C,C,A,A,H,-,A,A,0,,,,,Y,,A,01,0,0,1,0,0,0,0,0,0,"- ","- ",36.668390000000002,-121.81307,MONTEREY,MARINA,-121.81307,36.668390000000002
90489271,2017,2017-06-28,9730,2017-06-20,1735,020576,,2,2,9,2700,0,3,5,,2,004,"HARTNELL ROAD","ALISAL ROAD",2640.00,W,N,A,-,N,,,,,,,,,,Y,3,0,1,1,A,-,08,22107,,N,F,A,A,A,H,-,A,D,0,,,,,Y,,A,01,0,1,0,0,0,0,0,0,0,"- ","- ",36.639830000000003,-121.57915,MONTEREY,UNINCORPORATED,-121.57941357999999,36.638622920000003
90489320,2017,2017-06-28,9730,2017-06-26,0610,019529,,1,1,9,2700,0,1,3,,1,066,"STATE ROUTE 183","ESPINOSA RD.",422.00,S,N,B,E,Y,,,183,,,,,,,Y,3,0,1,2,A,-,09,21801,A,N,D,C,A,A,H,-,A,D,0,,,,,Y,,I,11,0,1,0,0,0,0,0,0,0,"- ","- ",36.732790000000001,-121.73546,MONTEREY,UNINCORPORATED,-121.73542379,36.732814240000003
90489369,2017,2017-06-28,9730,2017-06-24,1602,021320,,6,2,9,2700,0,2,4,,1,075,"SAN JUAN ROAD","SAN MIGUEL CANYON ROAD",3696.00,W,N,A,-,N,,,,,,,,,,Y,3,0,2,2,A,-,01,23152,A,N,B,C,A,A,H,-,A,D,0,,,,,Y,Y,D,22,0,2,0,0,0,0,0,0,0,"- ","- ",36.904060000000001,-121.70371,MONTEREY,UNINCORPORATED,-121.7023731,36.903706210000003
90489681,2017,2017-06-28,9730,2017-06-25,1855,019956,,7,2,9,2700,0,1,3,,1,072,SR-156,"MONTE DEL LAGO",528.00,E,N,A,-,Y,,,156,,,,,,,Y,4,0,2,3,A,-,03,22350,,N,C,C,A,A,H,-,A,D,0,,,,,Y,,A,01,0,0,2,0,0,0,0,0,0,"- ","- ",36.771900000000002,-121.73128,MONTEREY,UNINCORPORATED,-121.73127791,36.77189259
90489700,2017,2017-06-28,9730,2017-06-26,1750,020621,,1,2,9,2700,0,2,4,,1,073,"SAN MIGUEL CANYON ROAD","CHARLES SCHELL LANE",100.00,S,N,A,-,N,,,,,,,,,,Y,4,0,1,3,A,-,03,22350,,N,C,C,A,A,H,-,A,D,0,,,,,Y,,D,22,0,0,1,0,0,0,0,0,0,"- ","- ",36.850259999999999,-121.68997,MONTEREY,UNINCORPORATED,-121.6900105,36.850505409999997
8170690,2016,2016-11-18,2708,2016-07-25,1650,34245,,1,5,6,2708,0,0,0,,0,009,"EAST BLANCO RD","BLANCO CIR",390.00,W,N,A,-,N,,,,,,,,,,N,4,0,1,2,A,-,04,21703,,N,C,C,A,A,H,-,A,A,0,,,,,Y,,-,,0,0,1,0,0,0,0,0,0,"- ","- ",,,MONTEREY,SALINAS,-121.6377499,36.653835579999999
8172681,2016,2016-11-28,2708,2016-07-15,1030,97440,,5,5,6,2708,0,0,0,,0,,"DEL MONTE AV","NEW DEAL AV",128.00,W,N,A,-,N,,,,,,,,,,N,3,0,1,2,A,-,09,21804,A,N,D,G,A,A,H,-,A,D,0,,Y,,,Y,,L,04,0,1,0,0,0,0,1,0,0,"- ","- ",,,MONTEREY,SALINAS,-121.60693151,36.684227440000001
8172755,2016,2017-03-22,2712,2016-11-02,1116,1062,2712,3,5,3,2712,0,0,0,,0,001,"IMJIN PW","2ND AV",0.00,,Y,A,-,N,,,,,,,,,,Y,3,0,1,3,D,-,00,,,N,D,C,A,A,H,-,A,A,0,,,,,Y,,-,"- ",0,1,0,0,0,0,0,0,0,"- ","- ",,,MONTEREY,MARINA,-121.80881986,36.66778008
8172759,2016,2016-12-02,2712,2016-11-03,0753,1062,2712,4,5,3,2712,0,0,0,,0,001,"IMJIN PKWY","3RD AV",0.00,,Y,A,-,N,,,,,,,,,,Y,4,0,1,3,A,-,09,21801,A,N,D,C,A,A,H,-,A,D,0,,,,,Y,,A,01,0,0,1,0,0,0,0,0,0,"- ","- ",,,MONTEREY,MARINA,-121.80454999,36.666480059999998
8172802,2016,2016-11-29,2712,2016-11-16,1749,1062,2712,3,5,3,2712,0,0,0,,0,001,"GENERAL STILLWELL DR","2ND AV",56.00,W,N,A,-,N,,,,,,,,,,N,4,0,1,2,A,-,03,22350,,N,C,C,A,A,H,-,C,A,0,,,,,Y,,A,01,0,0,1,0,0,0,0,0,0,"- ","- ",,,MONTEREY,MARINA,-121.80947098,36.666159999999998
8172822,2016,2016-11-29,2712,2016-11-02,1121,1055,2712,3,5,3,2712,0,0,0,,0,001,"DEL MONTE BL","RESERVATION RD",0.00,,Y,A,-,N,,,,,,,,,,N,3,0,1,2,A,-,09,21803,A,N,D,C,A,A,H,-,A,A,0,,Y,,,Y,,L,04,0,1,0,0,0,0,1,0,0,"- ","- ",,,MONTEREY,MARINA,-121.79972999,36.687700100000001
8172826,2016,2017-02-09,2712,2016-11-03,0828,1062,2712,4,5,3,2712,0,0,0,,0,001,"IMJIN PKWY","4TH AV",0.00,,Y,A,-,N,,,,,,,,,,Y,4,0,1,2,A,-,09,21801,A,N,D,C,A,A,H,-,A,D,0,,,,,Y,,A,01,0,0,1,0,0,0,0,0,0,"- ","- ",,,MONTEREY,MARINA,-121.80053992000001,36.666540019999999
8172830,2016,2017-02-03,2712,2016-11-09,0944,1031,,3,5,3,2712,0,0,0,,0,001,"IMJIN PKWY","PRESTON AV",969.00,S,N,A,-,N,,,,,,,,,,Y,4,0,2,3,A,-,03,22350,,N,C,C,A,A,H,-,A,A,0,,,,,Y,,A,01,0,0,2,0,0,0,0,0,0,"- ","- ",,,MONTEREY,MARINA,-121.77295474,36.66643689
8175975,2016,2016-12-21,2712,2016-11-01,1248,1031,,2,5,3,2712,0,0,0,,0,001,"RESERVATION RD","LAKE DR",0.00,E,N,A,-,N,,,,,,,,,,N,4,0,1,2,A,-,03,22350,,N,C,C,A,A,H,-,A,A,0,,,,Y,Y,,F,26,0,0,1,0,0,0,0,0,0,"- ","- ",,,MONTEREY,MARINA,,
8179134,2016,2016-12-06,2706,2016-11-08,0938,428,MPD,2,5,4,2706,0,0,0,,0,002,"FREMONT ST","CAMINO AGUAJITO",0.00,W,N,F,-,N,,,,,,,,,,N,4,0,1,3,A,-,03,22350,,N,C,C,A,A,H,-,A,A,0,,,,,Y,Y,-,"- ",0,0,1,0,0,0,0,0,0,"- ","- ",,,MONTEREY,MONTEREY,-121.88249995,36.593760009999997
8180288,2016,2016-12-02,2712,2016-11-06,2218,1055,2712,7,5,3,2712,0,0,0,,0,001,"RESERVATION RD","IMJIN PKWY",0.00,,Y,B,-,N,,,,,,,,,,Y,3,0,2,2,A,-,12,21453,A,N,D,C,A,A,H,-,C,A,0,,,,,Y,,A,01,0,2,0,0,0,0,0,0,0,"- ","- ",,,MONTEREY,MARINA,-121.76659991,36.671430030000003
8181418,2016,2016-12-06,2706,2016-11-23,1737,375,2706,3,5,4,2706,0,0,0,,0,002,"POLK ST","MUNRAS AV",17.00,N,N,A,-,N,,,,,,,,,,N,4,0,1,2,A,-,03,22350,,N,C,C,A,A,H,-,C,D,0,,,,,Y,,A,01,0,0,1,0,0,0,0,0,0,"- ","- ",,,MONTEREY,MONTEREY,-121.89494000000001,36.597740000000002
90490850,2017,2017-06-29,9730,2017-06-21,0805,018350,,3,1,9,2700,0,2,4,,1,023,"LAURELES GRADE","CARMEL VALLEY ROAD",0.00,,Y,A,B,N,,,,,,,,,,Y,2,0,1,1,A,-,03,22350,,N,E,I,A,A,H,-,A,A,0,,,,Y,Y,,F,27,1,0,0,0,0,0,0,0,0,"- ","- ",36.500579999999999,-121.75658,MONTEREY,UNINCORPORATED,-121.75655988,36.500920100000002
90491540,2017,2017-06-30,9735,2017-06-25,1621,019800,,7,2,9,2700,0,1,2,,1,041,"US-101 S/B","CENTRAL AVE",0.00,,Y,A,-,Y,,,101,,,,,,S,Y,3,0,1,2,A,-,03,22350,,N,D,C,A,A,H,-,A,D,0,,,Y,,Y,,C,02,0,1,0,0,0,0,0,0,1,"- ","- ",36.233789999999999,-121.17451,MONTEREY,UNINCORPORATED,-121.17450594,36.233790460000002
90491545,2017,2017-06-30,9735,2017-06-25,1620,019800,,7,2,9,2700,0,1,2,,1,041,"US-101 S/B","CENTRAL AVE",0.00,,Y,A,-,Y,,,101,,,,,,S,Y,4,0,1,2,A,-,03,22350,,N,D,C,A,A,H,-,A,D,0,,,Y,,Y,,C,02,0,0,1,0,0,0,0,0,1,"- ","- ",36.233789999999999,-121.17451,MONTEREY,UNINCORPORATED,-121.17450594,36.233790460000002
90491575,2017,2017-06-30,9730,2017-06-27,1547,012332,,2,2,9,2700,0,3,5,,2,003,"RIVER RD","LAS PALMAS RD",1214.00,W,N,A,-,N,,,,,,,,,,Y,3,0,1,2,A,-,09,21804,A,N,D,C,A,A,H,-,A,D,0,,,,,Y,,E,22,0,1,0,0,0,0,0,0,0,"- ","- ",36.622410000000002,-121.67332999999999,MONTEREY,UNINCORPORATED,-121.67330312999999,36.622336939999997
90491727,2017,2017-06-30,9735,2017-06-25,1530,019330,,7,2,9,2700,0,1,2,,2,042,"US-101 N/B","WILD HORSE RD",4224.00,S,N,A,-,Y,,,101,,,,,,N,Y,4,0,1,1,A,-,08,22107,,N,F,A,A,A,H,-,A,D,0,,,,,Y,,A,07,0,0,1,0,0,0,0,0,0,"- ","- ",36.17756,-121.06296,MONTEREY,UNINCORPORATED,-121.06292240000001,36.177578990000001
90492380,2017,2017-07-03,9730,2017-06-23,2212,020990,,5,3,9,2700,0,3,5,,2,006,"ESPINOSA ROAD","RODGERS ROAD",330.00,E,N,B,-,N,,,,,,,,,,N,4,0,2,1,A,-,08,22107,,N,E,I,A,A,H,-,C,D,0,,,,,Y,,A,01,0,0,2,0,0,0,0,0,0,"- ","- ",36.743960000000001,-121.69042,MONTEREY,UNINCORPORATED,-121.69032973,36.744017839999998
90492769,2017,2017-07-03,9730,2017-06-26,1834,019818,,1,2,9,2700,0,3,5,,2,004,"LINCOLN ST","MAIN ST",0.00,,Y,A,-,N,,,,,,,,,,N,2,0,1,1,A,-,08,22107,,N,F,A,A,A,B,-,A,A,0,,,Y,,Y,,C,06,1,0,0,0,0,0,0,0,1,"- ","- ",36.570920000000001,-121.51573,MONTEREY,UNINCORPORATED,-121.51569993,36.57091003
90492831,2017,2017-07-03,9730,2017-06-27,1042,019981,,2,1,9,2700,0,1,3,,1,022,SR-1,"GRANITE CREEK BRIDGE",40.00,S,N,A,-,Y,,,1,,,,,,,N,3,0,1,1,A,-,08,22107,,N,F,A,A,A,H,-,A,D,0,,Y,,,Y,,L,04,0,1,0,0,0,0,1,0,0,"- ","- ",36.43562,-121.91898,MONTEREY,UNINCORPORATED,-121.91897367,36.435622680000002
90493323,2017,2017-07-04,9730,2017-06-15,1833,012332,,4,2,6,2708,0,1,2,,1,050,"US-101 NORTHBOUND","LAUREL DRIVE",330.00,N,N,A,-,Y,,,101,,,,,,N,Y,1,1,0,2,A,-,11,21954,A,N,G,B,E,A,H,-,A,A,0,Y,,,,Y,,N,60,0,0,0,1,0,0,0,0,0,"- ","- ",36.698770000000003,-121.66488,MONTEREY,SALINAS,-121.66482425,36.698795760000003
90493325,2017,2017-07-04,9730,2017-06-25,0210,021359,,7,3,9,2700,0,3,5,,2,006,"ESPINOSA ROAD","CHRITENSEN ROAD",1320.00,W,N,A,-,N,,,,,,,,,,Y,3,0,2,1,A,-,01,23152,A,N,E,I,A,B,H,-,C,D,0,,,,,Y,Y,A,07,0,1,1,0,0,0,0,0,0,"- ","- ",36.735999999999997,-121.6619,MONTEREY,UNINCORPORATED,,
90493792,2017,2017-07-05,9735,2017-06-30,0750,019800,,5,1,9,2700,0,1,2,,2,045,"US-101 S/B","BRADLEY RD",7392.00,S,N,B,-,Y,,,101,,,,,,S,Y,3,0,1,1,A,-,08,22107,,N,E,I,A,A,H,-,A,D,0,,,,Y,Y,,F,26,0,1,0,0,0,0,0,0,0,"- ","- ",35.855310000000003,-120.79747999999999,MONTEREY,UNINCORPORATED,-120.79747028,35.85524058
8181422,2016,2016-12-06,2706,2016-11-23,1242,142,2706,3,5,4,2706,0,0,0,,0,003,"FAIRGROUND RD","CASA VERDE WY",71.00,E,N,A,-,N,,,,,,,,,,Y,4,0,1,2,A,-,08,22107,,N,D,C,A,A,H,-,A,D,0,,,,,Y,,A,01,0,0,1,0,0,0,0,0,0,"- ","- ",,,MONTEREY,MONTEREY,-121.86217477,36.59513553
8181426,2016,2016-12-06,2706,2016-11-19,1800,375,2706,6,5,4,2706,0,0,0,,0,001,"DRAKE AV","FOAM ST",12.00,S,N,A,-,N,,,,,,,,,,N,2,0,1,2,A,-,06,21751,,N,A,G,A,B,H,-,C,A,0,,Y,,,Y,,L,04,1,0,0,0,0,0,1,0,0,"- ","- ",,,MONTEREY,MONTEREY,-121.8991437,36.611891319999998
8181430,2016,2016-12-06,2706,2016-11-16,1359,181,2706,3,5,4,2706,0,0,0,,0,001,"FOAM ST",LIGHTHOUSE,147.00,E,N,A,-,N,,,,,,,,,,Y,2,0,1,1,A,-,03,22350,,N,E,I,A,A,H,-,A,D,0,,,,,Y,,A,01,1,0,0,0,0,0,0,0,0,"- ","- ",,,MONTEREY,MONTEREY,-121.8956,36.607770000000002
8182881,2016,2016-12-12,2710,2016-09-16,1644,40386,MARIN,5,5,4,2710,0,0,0,,0,010,"ELM AV","LOWELL ST",0.00,,Y,A,-,N,,,,,,,,,,Y,4,0,1,2,A,-,09,21802,A,N,A,D,A,A,H,-,A,A,0,,,,,Y,,D,22,0,0,1,0,0,0,0,0,0,"- ","- ",,,MONTEREY,SEASIDE,-121.83648986999999,36.60750007
8182893,2016,2016-12-16,2710,2016-10-02,1942,38383,,7,5,4,2710,0,0,0,,0,01B,"AMADOR AV",CALAVERAS,31.00,S,N,A,-,N,,,,,,,,,,Y,4,0,1,2,A,-,01,23152,A,N,D,C,A,A,H,-,C,A,0,,,,Y,Y,Y,A,01,0,0,1,0,0,0,0,0,0,"- ","- ",,,MONTEREY,SEASIDE,-121.84756,36.60698
8182905,2016,2016-12-16,2710,2016-10-18,1708,40392,SALIN,2,5,4,2710,0,0,0,,0,02A,"DEL MONTE BL","PLAYA AV",0.00,,Y,A,-,N,,,,,,,,,,N,4,0,3,3,A,-,00,21953,A,N,D,C,A,A,H,-,A,A,0,,,,,Y,,D,22,0,0,3,0,0,0,0,0,0,"- ","- ",,,MONTEREY,SEASIDE,-121.84261988999999,36.618500009999998
8182941,2016,2016-12-12,2710,2016-08-27,1403,38383,,6,5,4,2710,0,0,0,,0,02B,"FREMONT BL","PLAYA AV",50.00,S,N,A,-,N,,,,,,,,,,N,3,0,1,2,A,-,04,21703,,N,C,C,A,A,H,-,A,A,0,,,,Y,Y,,F,26,0,1,0,0,0,0,0,0,0,"- ","- ",,,MONTEREY,SEASIDE,-121.84123371,36.617872589999998
8182950,2016,2016-12-12,2710,2016-09-15,0716,38383,,4,5,4,2710,0,0,0,,0,02B,"NOCHE BUENA ST","MILITARY AV",0.00,,Y,A,-,N,,,,,,,,,,Y,3,0,2,3,A,-,03,22350,,N,D,C,A,A,H,-,A,A,0,,,,Y,Y,,A,01,0,1,1,0,0,0,0,0,0,"- ","- ",,,MONTEREY,SEASIDE,-121.83797989999999,36.621400059999999
8182961,2016,2016-12-13,2710,2016-10-24,1454,40399,,1,5,4,2710,0,0,0,,0,005,"LUXTON ST","SAN PABLO AV",135.00,S,N,B,-,N,,,,,,,,,,N,3,0,1,2,A,-,21,22106,,N,G,G,A,A,H,-,A,D,0,,Y,,,Y,,A,01,0,1,0,0,0,0,1,0,0,"- ","- ",,,MONTEREY,SEASIDE,-121.83569685000001,36.614309349999999
8182965,2016,2016-12-13,2710,2016-10-28,1549,40397,,5,5,4,2710,0,0,0,,0,003,"FREMONT BL","ORD GROVE AV",264.00,S,N,B,-,N,,,,,,,,,,N,4,0,1,2,A,-,03,22350,,N,-,C,A,B,H,-,A,A,0,,,,,Y,,A,08,0,0,1,0,0,0,0,0,0,"- ","- ",,,MONTEREY,SEASIDE,-121.84088591,36.618602520000003
8182969,2016,2016-12-13,2710,2016-10-31,2025,38384,,1,5,4,2710,0,0,0,,0,015,"NOCHE BUENA ST","ROUSCH AV",26.00,N,N,A,-,N,,,,,,,,,,N,3,0,1,2,D,-,00,,,N,B,E,A,A,H,-,C,D,0,,Y,,,Y,,-,"- ",0,1,0,0,0,0,1,0,0,"- ","- ",,,MONTEREY,SEASIDE,-121.83794,36.60054143
8182973,2016,2016-12-13,2710,2016-10-21,1554,40386,MARIN,5,5,4,2710,0,0,0,,0,019,"BROADWAY AV","NOCHE BUENA ST",280.00,S,N,A,-,N,,,,,,,,,,Y,4,0,1,3,A,-,03,22350,,N,C,C,A,A,H,-,A,D,0,,,,,Y,,A,08,0,0,1,0,0,0,0,0,0,"- ","- ",36.363300000000002,-121.50190000000001,MONTEREY,SEASIDE,-121.83772999999999,36.609029999999997
8182989,2016,2016-12-13,2710,2016-10-13,1547,40386,MARIN,4,5,4,2710,0,0,0,,0,001,"FREMONT BL",BROADWAY,274.00,S,N,A,-,N,,,,,,,,,,Y,4,0,1,2,A,-,09,21800,B,N,A,D,A,A,H,-,A,A,0,,,,,Y,,A,01,0,0,1,0,0,0,0,0,0,"- ","- ",,,MONTEREY,SEASIDE,-121.84601365,36.608466649999997
8182993,2016,2016-12-13,2710,2016-10-18,1654,32225,,2,5,4,2710,0,0,0,,0,,"DEL MONTE BL","DEL MONTE BL 1400",1.00,N,N,A,-,N,,,,,,,,,,Y,4,0,1,2,-,-,"- ",,,N,D,C,A,A,H,-,A,A,0,,,,,Y,,-,"- ",0,0,1,0,0,0,0,0,0,"- ","- ",,,MONTEREY,SEASIDE,,
8182997,2016,2016-12-13,2710,2016-10-18,0748,40396,,2,5,4,2710,0,0,0,,0,002,"BROADWAY AV","YOSEMITE ST",0.00,,Y,A,-,N,,,,,,,,,,N,4,0,1,2,A,-,10,21950,A,N,G,B,B,A,H,-,A,D,0,Y,,,,Y,,A,01,0,0,1,0,1,0,0,0,0,"- ","- ",,,MONTEREY,SEASIDE,-121.82954994000001,36.608820049999999
8183001,2016,2016-12-13,2710,2016-10-06,0754,40396,,4,5,4,2710,0,0,0,,0,001,"SOTO ST","BROADWAY AV",0.00,,Y,A,-,N,,,,,,,,,,N,4,0,1,2,A,-,10,21950,A,N,G,B,D,A,H,-,A,D,0,Y,,,,Y,,A,01,0,0,1,0,1,0,0,0,0,"- ","- ",,,MONTEREY,SEASIDE,-121.83076998,36.608920019999999
8183005,2016,2016-12-13,2710,2016-10-06,1730,32711,,4,5,4,2710,0,0,0,,0,003,"COE AV",BUTTERCUP,120.00,W,N,A,-,N,,,,,,,,,,Y,2,0,2,2,A,-,03,22350,,N,D,C,A,A,H,-,A,D,0,,,,,Y,,-,,1,0,1,0,0,0,0,0,0,"- ","- ",,,MONTEREY,SEASIDE,-121.82706017,36.622480189999997
8183009,2016,2016-12-13,2710,2016-10-06,1155,40396,,4,5,4,2710,0,0,0,,0,001,"CANYON DEL REY BL","FREMONT BL",0.00,,Y,A,-,N,,,,,,,,,,N,4,0,1,2,A,-,04,21703,,N,C,C,A,A,H,-,A,A,0,,,,,Y,,A,01,0,0,1,0,0,0,0,0,0,"- ","- ",,,MONTEREY,SEASIDE,-121.85087991,36.598970059999999