CASE_ID,ACCIDENT_YEAR,PROC_DATE,JURIS,COLLISION_DATE,COLLISION_TIME,OFFICER_ID,REPORTING_DISTRICT,DAY_OF_WEEK,CHP_SHIFT,POPULATION,CNTY_CITY_LOC,SPECIAL_COND,BEAT_TYPE,CHP_BEAT_TYPE,CITY_DIVISION_LAPD,CHP_BEAT_CLASS,BEAT_NUMBER,PRIMARY_RD,SECONDARY_RD,DISTANCE,DIRECTION,INTERSECTION,WEATHER_1,WEATHER_2,STATE_HWY_IND,CALTRANS_COUNTY,CALTRANS_DISTRICT,STATE_ROUTE,ROUTE_SUFFIX,POSTMILE_PREFIX,POSTMILE,LOCATION_TYPE,RAMP_INTERSECTION,SIDE_OF_HWY,TOW_AWAY,COLLISION_SEVERITY,NUMBER_KILLED,NUMBER_INJURED,PARTY_COUNT,PRIMARY_COLL_FACTOR,PCF_CODE_OF_VIOL,PCF_VIOL_CATEGORY,PCF_VIOLATION,PCF_VIOL_SUBSECTION,HIT_AND_RUN,TYPE_OF_COLLISION,MVIW,PED_ACTION,ROAD_SURFACE,ROAD_COND_1,ROAD_COND_2,LIGHTING,CONTROL_DEVICE,CHP_ROAD_TYPE,PEDESTRIAN_ACCIDENT,BICYCLE_ACCIDENT,MOTORCYCLE_ACCIDENT,TRUCK_ACCIDENT,NOT_PRIVATE_PROPERTY,ALCOHOL_INVOLVED,STWD_VEHTYPE_AT_FAULT,CHP_VEHTYPE_AT_FAULT,COUNT_SEVERE_INJ,COUNT_VISIBLE_INJ,COUNT_COMPLAINT_PAIN,COUNT_PED_KILLED,COUNT_PED_INJURED,COUNT_BICYCLIST_KILLED,COUNT_BICYCLIST_INJURED,COUNT_MC_KILLED,COUNT_MC_INJURED,PRIMARY_RAMP,SECONDARY_RAMP,LATITUDE,LONGITUDE,COUNTY,CITY,POINT_X,POINT_Y
8183025,2016,2017-02-28,2710,2016-10-16,1836,32771,,7,5,4,2710,0,0,0,,0,,"CANYON DEL REY","HILBY AV",180.00,W,N,A,-,Y,MON,5,218,-,L,0.620,H,-,W,Y,4,0,2,3,A,-,03,22350,,N,C,C,A,A,H,-,B,D,0,,,,,Y,,-,,0,0,2,0,0,0,0,0,0,"- ","- ",,,MONTEREY,SEASIDE,-121.85375159,36.602432409999999
8183038,2016,2016-12-13,2710,2016-10-23,0838,40392,SALIN,7,5,4,2710,0,0,0,,0,02B,"FLORES ST","POLE #1261",38.00,,N,A,-,N,,,,,,,,,,Y,3,0,1,4,A,-,03,22350,,N,F,E,A,A,H,-,A,A,0,,,,,Y,,A,01,0,1,0,0,0,0,0,0,0,"- ","- ",,,MONTEREY,SEASIDE,,
8183283,2016,2016-12-12,2710,2016-08-17,1907,40396,,3,5,4,2710,0,0,0,,0,002,"MINGO AV","LUXTON ST",0.00,,Y,A,-,N,,,,,,,,,,Y,4,0,2,2,A,-,09,21801,A,N,-,C,A,A,H,-,A,A,0,,,,,Y,,A,01,0,0,2,0,0,0,0,0,0,"- ","- ",,,MONTEREY,SEASIDE,-121.83575997,36.611930020000003
8183287,2016,2016-12-12,2710,2016-08-05,1638,40396,,5,5,4,2710,0,0,0,,0,001,"BROADWAY AV","ALHAMBRA ST",0.00,,Y,A,-,N,,,,,,,,,,N,4,0,1,2,A,-,04,21703,,N,C,C,A,A,H,-,A,A,0,,,,,Y,,A,01,0,0,1,0,0,0,0,0,0,"- ","- ",,,MONTEREY,SEASIDE,-121.84902992000001,36.609240100000001
8183291,2016,2017-01-11,2710,2016-08-24,0351,40396,2710,3,5,4,2710,0,0,0,,0,FTO,"FREMONT BL","LA SALLE AV",0.00,,Y,A,-,N,,,,,,,,,,Y,2,0,1,2,A,-,08,22107,,F,G,B,F,A,H,-,C,A,0,Y,,,,Y,,A,01,1,0,0,0,1,0,0,0,0,"- ","- ",,,MONTEREY,SEASIDE,-121.84177987,36.616780110000001
8183295,2016,2016-12-12,2710,2016-08-19,1725,38145,,5,5,4,2710,0,0,0,,0,002,"SAN PABLO AV","LUXTON ST",67.00,W,N,A,-,N,,,,,,,,,,N,3,0,1,2,A,-,11,21954,A,N,A,B,D,A,C,-,A,D,0,Y,,,,Y,,N,60,0,1,0,0,1,0,0,0,0,"- ","- ",,,MONTEREY,SEASIDE,-121.83589483,36.614617629999998
90493802,2017,2017-07-05,9735,2017-06-30,1115,019330,,5,1,9,2700,0,3,5,,2,003,SR-25,SR-198,9504.00,N,N,A,-,Y,,,25,,,,,,,Y,3,0,1,1,A,-,08,22107,,N,F,A,A,A,H,-,A,D,0,,,Y,,Y,,C,02,0,1,0,0,0,0,0,0,1,"- ","- ",36.203420000000001,-120.84451,MONTEREY,UNINCORPORATED,-120.84452331999999,36.203392749999999
90493810,2017,2017-07-25,9730,2017-06-27,2125,019818,,2,2,9,2700,0,3,5,,2,003,"ALTA RD","FOLETTA RD",375.00,S,N,A,-,N,,,,,,,,,,Y,3,0,2,2,A,-,09,21804,A,N,D,C,A,A,H,-,D,D,0,,,,Y,Y,,F,77,0,1,1,0,0,0,0,0,0,"- ","- ",36.522829999999999,-121.46493,MONTEREY,UNINCORPORATED,-121.46502396,36.522882600000003
90493825,2017,2017-07-05,9735,2017-06-30,1533,019700,,5,2,9,2700,0,1,3,,2,031,SR-25,"LONOAK ROAD",1056.00,N,N,A,-,Y,,,,,,,,,,Y,2,0,1,1,A,-,08,22107,,N,F,A,A,A,H,-,A,D,0,,,Y,,Y,,C,02,1,0,0,0,0,0,0,0,1,"- ","- ",36.164230000000003,-120.56261000000001,MONTEREY,UNINCORPORATED,,
90494158,2017,2017-07-05,9730,2017-06-29,1738,012332,,4,2,6,2708,0,1,2,,1,050,"US-101 N/B","JOHN ST",2112.00,S,N,A,-,Y,,,101,,,,,,N,N,4,0,2,2,A,-,03,22350,,N,C,C,A,A,H,-,A,D,0,,,,,Y,,A,01,0,0,2,0,0,0,0,0,0,"- ","- ",36.668100000000003,-121.63205000000001,MONTEREY,SALINAS,-121.632064,36.668051249999998
90494662,2017,2017-07-06,9730,2017-06-28,1950,019956,,3,2,9,2700,0,1,3,,1,014,SR-1,"CAPTAIN COOPER ELEM. SCHOOL RD",528.00,S,N,A,-,Y,,,1,,,,,,,Y,2,0,1,1,A,-,08,22107,,N,E,I,A,A,H,-,B,D,0,,,,,Y,,A,01,1,0,0,0,0,0,0,0,0,"- ","- ",36.273699999999998,-121.8182,MONTEREY,UNINCORPORATED,-121.81814519,36.273750839999998
90494663,2017,2017-07-06,9730,2017-06-29,1530,020245,,4,2,9,2700,0,1,3,,1,066,"STATE ROUTE 183","SANCHEZ STREET",125.00,S,N,A,-,Y,,,183,,,,,,,Y,3,0,3,2,A,-,09,21804,A,N,D,C,A,A,H,-,A,D,0,,,,,Y,,A,01,0,2,1,0,0,0,0,0,0,"- ","- ",36.766950000000001,-121.75979,MONTEREY,UNINCORPORATED,-121.75976299,36.766986709999998
90494667,2017,2017-07-06,9730,2017-06-28,2135,020896,,3,2,9,2700,0,2,4,,1,073,"HALL RD","139 HALL RD PVT DRVWY",20.00,E,N,A,-,N,,,,,,,,,,Y,3,0,1,2,A,-,01,23152,A,N,C,C,A,A,H,-,D,D,0,,,,,Y,Y,A,07,0,1,0,0,0,0,0,0,0,"- ","- ",36.865540000000003,-121.73442,MONTEREY,UNINCORPORATED,,
90494669,2017,2017-07-06,9730,2017-06-29,0655,018298,,4,1,9,2700,0,3,5,,2,007,"BLACKIE RD.","DEL MONTE AVE.",194.00,E,N,B,-,N,,,,,,,,,,Y,3,0,1,2,A,-,09,21801,A,N,A,C,A,A,H,-,A,D,0,,,,,Y,,A,01,0,1,0,0,0,0,0,0,0,"- ","- ",36.758119999999998,-121.74368,MONTEREY,UNINCORPORATED,-121.74351378999999,36.758128110000001
90494677,2017,2017-07-06,9730,2017-06-25,2200,020208,,7,3,9,2700,0,1,3,,2,062,"SR-1 S/B","FREMONT STREET",1584.00,S,N,B,-,Y,,,1,,,,,,S,Y,4,0,1,2,A,-,03,22350,,N,C,C,A,A,H,-,D,D,0,,,,,Y,,A,07,0,0,1,0,0,0,0,0,0,"- ","- ",36.593960000000003,-121.87387,MONTEREY,UNINCORPORATED,-121.87387326,36.593979750000003
90494716,2017,2017-07-06,9730,2017-06-27,1647,018312,,2,2,9,2700,0,1,2,,1,030,"US 101 (SOUTHBOUND)","SILLMAN ROAD O/C",800.00,N,N,A,-,Y,,,,,,,,,,Y,4,0,1,2,A,-,03,22350,,N,C,C,A,A,H,-,A,D,0,,,,,Y,,A,08,0,0,1,0,0,0,0,0,0,"- ","- ",36.450519999999997,-121.3652,MONTEREY,UNINCORPORATED,,
90495747,2017,2017-07-07,9735,2017-07-06,1030,017681,,4,1,9,2700,0,2,4,,1,021,"JOLON ROAD","PINE CANYON ROAD",4752.00,S,N,A,-,N,,,,,,,,,,Y,3,0,1,1,A,-,08,22107,,N,E,I,A,A,H,-,A,D,0,,,,,Y,,D,22,0,1,0,0,0,0,0,0,0,"- ","- ",36.18253,-121.13581000000001,MONTEREY,UNINCORPORATED,-121.13568938,36.182388770000003
8183299,2016,2016-12-12,2710,2016-08-23,0851,40399,,2,5,4,2710,0,0,0,,0,,"FREMONT BL","SONOMA AV",0.00,,Y,A,-,N,,,,,,,,,,N,3,0,1,2,A,-,12,21453,A,N,B,G,A,A,H,-,A,A,0,,Y,,,Y,,L,04,0,1,0,0,0,0,1,0,0,"- ","- ",,,MONTEREY,SEASIDE,-121.84709986,36.606250119999999
8183303,2016,2016-12-12,2710,2016-08-21,0826,38383,,7,5,4,2710,0,0,0,,0,02B,"WANDA AV","MESCAL ST",108.00,W,N,B,-,N,,,,,,,,,,N,3,0,1,1,A,-,03,22350,,N,E,I,A,A,H,-,A,D,0,,,,,Y,,A,01,0,1,0,0,0,0,0,0,0,"- ","- ",,,MONTEREY,SEASIDE,-121.82783241999999,36.603832689999997
8183319,2016,2016-12-12,2710,2016-08-05,1418,40386,MARIN,5,5,4,2710,0,0,0,,0,011,"FREMONT BL N","OLYMPIA AV",38.00,N,N,A,-,N,,,,,,,,,,Y,4,0,1,1,A,-,08,22107,,N,E,I,A,A,H,-,A,A,0,,,,,Y,,A,01,0,0,1,0,0,0,0,0,0,"- ","- ",,,MONTEREY,SEASIDE,-121.84510392999999,36.610237570000002
8183988,2016,2016-12-27,2708,2016-08-27,2040,07815,,6,5,6,2708,0,0,0,,0,002,"NORTH MAIN ST","LAUREL DR",14.00,N,N,A,-,N,,,,,,,,,,N,4,0,1,2,A,-,03,22350,,N,C,C,A,A,H,-,C,A,0,,,,Y,Y,,-,"- ",0,0,1,0,0,0,0,0,0,"- ","- ",,,MONTEREY,SALINAS,-121.65203735,36.699357999999997
8183992,2016,2016-12-27,2708,2016-10-15,1836,07815,,6,5,6,2708,0,0,0,,0,,"LAUREL DR","NATIVIDAD RD",200.00,S,N,A,-,N,,,,,,,,,,N,4,0,2,2,A,-,03,22350,,M,C,C,A,A,H,-,A,A,0,,,,,Y,,I,11,0,0,2,0,0,0,0,0,0,"- ","- ",,,MONTEREY,SALINAS,-121.63763797,36.696168149999998
8184269,2016,2017-02-18,2710,2016-09-04,2226,40386,MARIN,7,5,4,2710,0,0,0,,0,001,"FREMONT BL","CANYON DEL REY BL",0.00,,Y,A,-,Y,MON,5,218,-,-,0.000,I,6,W,Y,4,0,1,3,A,-,03,22350,,F,C,C,A,A,H,-,C,A,0,,,,,Y,Y,A,01,0,0,1,0,0,0,0,0,0,"- ","- ",,,MONTEREY,SEASIDE,-121.85079106000001,36.598905809999998
8184287,2016,2016-12-23,2710,2016-09-06,1931,32225,,2,5,4,2710,0,0,0,,0,,"DEL MONTE BL","OLYMPIA AV",26.00,S,N,A,-,N,,,,,,,,,,Y,4,0,1,2,A,-,08,22107,,N,-,C,A,A,H,-,B,A,0,,,,,Y,,-,,0,0,1,0,0,0,0,0,0,"- ","- ",,,MONTEREY,SEASIDE,-121.85113799,36.610296089999999
8184299,2016,2017-01-11,2710,2016-09-20,1627,40399,,2,5,4,2710,0,0,0,,0,,"SAN PABLO AV","LUZERN ST",0.00,,Y,A,-,N,,,,,,,,,,Y,4,0,2,2,A,-,09,21802,A,N,D,C,A,A,H,-,A,D,0,,,,,Y,,A,01,0,0,2,0,0,0,0,0,0,"- ","- ",,,MONTEREY,SEASIDE,-121.83121992,36.6147201
8184303,2016,2016-12-23,2710,2016-09-21,1525,40396,,3,5,4,2710,0,0,0,,0,001,"FREMONT BL","KIMBALL AV",0.00,,Y,A,-,N,,,,,,,,,,N,3,0,1,2,A,-,10,21950,A,N,B,G,A,A,H,-,A,A,0,,Y,,,Y,,A,01,0,1,0,0,0,0,1,0,0,"- ","- ",,,MONTEREY,SEASIDE,-121.85014993999999,36.599820059999999
8184592,2016,2016-12-14,2708,2016-11-05,1915,04125,,6,5,6,2708,0,0,0,,0,011,"NORTH SANBORN RD","DEL MONTE AV",0.00,,Y,A,-,N,,,,,,,,,,N,4,0,1,2,A,-,03,22350,A,F,-,C,A,A,H,-,C,A,0,,,,,Y,,-,,0,0,1,0,0,0,0,0,0,"- ","- ",,,MONTEREY,SALINAS,-121.61081992,36.688660079999998
8184596,2016,2016-12-14,2708,2016-11-19,2126,03581,,6,5,6,2708,0,0,0,,0,005,"EAST BERNAL DR","ROSARITA DR",0.00,,Y,C,-,N,,,,,,,,,,N,4,0,1,2,A,-,12,22450,A,F,D,C,A,B,H,-,C,A,0,,,,,Y,,-,,0,0,1,0,0,0,0,0,0,"- ","- ",,,MONTEREY,SALINAS,-121.64563991,36.691160060000001
8184600,2016,2016-12-14,2708,2016-11-01,1734,51290,2708,2,5,6,2708,0,0,0,,0,004,"BEACON HILL DR","CONSTITUTION BL",0.00,,Y,A,-,N,,,,,,,,,,N,3,0,1,2,A,-,11,21950,B,N,G,B,B,A,H,-,A,A,0,Y,,,,Y,,N,60,0,1,0,0,1,0,0,0,0,"- ","- ",,,MONTEREY,SALINAS,-121.61603992000001,36.698770109999998
90496434,2017,2017-07-10,9730,2017-06-29,1840,021707,,4,2,9,2700,0,1,2,,1,030,"US 101 S/B","SOLEDAD PRISON RD.",500.00,N,N,A,-,Y,,,,,,,,,,N,4,0,1,2,A,-,03,22350,,N,C,C,A,A,H,-,A,D,0,,,,,Y,,A,01,0,0,1,0,0,0,0,0,0,"- ","- ",36.465629999999997,-121.38928,MONTEREY,UNINCORPORATED,-121.3892417,36.465583530000004
90496437,2017,2017-07-10,9730,2017-06-29,0625,021776,,4,1,9,2700,0,1,3,,2,062,"SR-1 NB","RESERVATION RD",5280.00,N,N,B,-,Y,,,1,,,,,,N,Y,3,0,1,1,A,-,08,22107,,N,F,A,A,A,H,-,A,D,0,,,,,Y,,A,01,0,1,0,0,0,0,0,0,0,"- ","- ",36.710140000000003,-121.79707000000001,MONTEREY,UNINCORPORATED,-121.79702038000001,36.71011172
90496460,2017,2017-07-10,9730,2017-07-01,2114,020621,,6,2,9,2700,0,1,2,,1,070,"N/B US-101","SALA ROAD",200.00,S,N,A,-,Y,,,101,,,,,,,Y,4,0,1,2,A,-,08,22107,,N,B,C,A,A,H,-,C,D,0,,,,,Y,,A,01,0,0,1,0,0,0,0,0,0,"- ","- ",36.742330000000003,-121.65933,MONTEREY,UNINCORPORATED,-121.65984688,36.742135300000001
90496475,2017,2017-07-10,9730,2017-07-01,1640,020841,,6,2,9,2700,0,3,5,,2,007,"SALINAS ROAD","BAY FARMS ROAD",50.00,W,N,A,-,N,,,,,,,,,,N,4,0,1,2,A,-,03,22350,,M,C,C,A,A,H,-,A,D,0,,,,,Y,,-,99,0,0,1,0,0,0,0,0,0,"- ","- ",36.872680000000003,-121.7629,MONTEREY,UNINCORPORATED,-121.76279341999999,36.872765229999999
90496677,2017,2017-07-10,9730,2017-06-29,1625,020701,,4,2,9,2700,0,1,2,,1,030,"US 101 SOUTHBOUND","SOLEDAD PRISON ROAD",1350.00,N,N,A,-,Y,,,,,,,,,,Y,3,0,2,4,A,-,03,22350,,N,C,C,A,A,H,-,A,D,0,,,,,Y,,A,08,0,1,1,0,0,0,0,0,0,"- ","- ",36.466900000000003,-121.39167999999999,MONTEREY,UNINCORPORATED,-121.39166658000001,36.466854730000001
90496679,2017,2017-07-10,9730,2017-07-01,2330,020677,,6,3,9,2700,0,3,5,,2,005,"HARRISON RD.","SALA RD.",528.00,S,N,A,-,N,,,,,,,,,,N,2,0,1,2,A,-,11,21954,A,N,A,B,D,A,H,-,D,D,0,Y,,,,Y,Y,N,60,1,0,0,0,1,0,0,0,0,"- ","- ",36.742809999999999,-121.65678,MONTEREY,UNINCORPORATED,-121.65693333,36.742993810000002
90496929,2017,2017-07-10,9730,2017-06-29,2244,020916,,4,3,9,2700,0,3,5,,2,006,"ESPINOSA ROAD","CHRISTENSEN ROAD",4118.00,W,N,A,-,N,,,,,,,,,,Y,4,0,2,2,A,-,03,22350,,F,C,C,A,A,H,-,C,D,0,,,,,Y,,A,01,0,0,2,0,0,0,0,0,0,"- ","- ",36.738799999999998,-121.67171,MONTEREY,UNINCORPORATED,-121.67155701,36.73875658
90496957,2017,2017-07-10,9730,2017-06-29,1733,021707,,4,2,9,2700,0,3,5,,2,006,"NORTHBOUND DAVIS ROAD",CENTRAL,200.00,S,N,B,-,N,,,,,,,,,,N,4,0,2,2,A,-,03,22350,,N,C,C,A,A,H,-,A,D,0,,,,,Y,,A,07,0,0,2,0,0,0,0,0,0,"- ","- ",36.676079999999999,-121.67713999999999,MONTEREY,UNINCORPORATED,-121.67734068999999,36.67586155
90497175,2017,2017-07-10,9730,2017-06-30,1355,021707,,5,1,9,2700,0,2,4,,2,063,"BLANCO ROAD WESTBOUND",ARMSTRONG,1600.00,W,N,A,-,N,,,,,,,,,,Y,3,0,1,2,A,-,08,22107,,N,A,C,A,A,H,-,A,D,0,,,,Y,Y,,F,26,0,1,0,0,0,0,0,0,0,"- ","- ",36.678739999999998,-121.71344000000001,MONTEREY,UNINCORPORATED,-121.71337651,36.678710010000003
90497521,2017,2017-07-10,9730,2017-07-03,1328,016730,,1,1,9,2700,0,3,5,,2,002,"CARMEL VALLEY RD.","SCARLETT RD.",2112.00,W,N,A,-,N,,,,,,,,,,Y,4,0,1,1,A,-,08,22107,,N,E,I,A,A,H,-,A,D,0,,,,,Y,,A,08,0,0,1,0,0,0,0,0,0,"- ","- ",36.521479999999997,-121.79102,MONTEREY,UNINCORPORATED,-121.80007929,36.523517490000003
90497537,2017,2017-07-10,9730,2017-07-03,2105,020245,,1,2,9,2700,0,3,5,,2,006,"MONTE ROAD","NASHUA ROAD",0.00,,Y,A,-,N,,,,,,,,,,Y,4,0,1,1,A,-,08,22107,,N,E,I,A,A,H,-,C,D,0,,,,,Y,,A,01,0,0,1,0,0,0,0,0,0,"- ","- ",36.741120000000002,-121.7662,MONTEREY,UNINCORPORATED,-121.76628986,36.74115011
90497716,2017,2017-07-11,9730,2017-07-08,0207,020990,,6,3,9,2700,0,1,2,,1,030,"SOUTHBOUND US-101","GOULD ROAD",3000.00,N,N,A,-,Y,,,101,,,,,,,Y,3,0,1,2,A,-,01,23152,A,N,C,C,A,A,H,-,D,D,0,,,,,Y,Y,A,01,0,1,0,0,0,0,0,0,0,"- ","- ",36.628920000000001,-121.58929000000001,MONTEREY,UNINCORPORATED,-121.58929916,36.628907439999999
90497719,2017,2017-07-11,9730,2017-07-01,0110,021338,,6,3,9,2700,0,3,5,,2,007,"SALINAS ROAD","TRAFTON ROAD",820.00,N,N,A,-,N,,,,,,,,,,Y,2,0,3,2,A,-,09,21801,A,N,D,C,A,A,H,-,C,D,0,,,,,Y,Y,D,22,1,0,2,0,0,0,0,0,0,"- ","- ",36.889870000000002,-121.74669,MONTEREY,UNINCORPORATED,-121.7472229,36.889040899999998
90497721,2017,2017-07-11,9730,2017-07-03,0602,021776,,1,1,9,2700,0,3,5,,2,003,"RIVER ROAD","COREY ROAD",528.00,N,N,B,-,N,,,,,,,,,,Y,4,0,1,2,A,-,08,22107,,N,A,C,A,A,H,-,A,D,0,,,,,Y,,A,01,0,0,1,0,0,0,0,0,0,"- ","- ",36.590620000000001,-121.60720999999999,MONTEREY,UNINCORPORATED,-121.60695092,36.590463
90497740,2017,2017-07-11,9730,2017-07-06,0841,016730,,4,1,9,2700,0,2,4,,1,023,"CARMEL VALLEY RD.","CARMEL KNOLLS DR.",0.00,,Y,A,-,N,,,,,,,,,,Y,4,0,3,2,A,-,12,21453,A,N,D,A,A,A,H,-,A,A,0,,,,,Y,,D,22,0,0,3,0,0,0,0,0,0,"- ","- ",36.543770000000002,-121.90483999999999,MONTEREY,UNINCORPORATED,-121.90487997,36.543810049999998
90497781,2017,2017-07-11,9730,2017-07-03,1713,018810,,1,2,9,2700,0,1,3,,2,062,"N/B SR-1 FROM SOLEDAD DRIVE","SOLEDAD DRIVE",300.00,N,N,B,-,Y,,,,,,,,,,Y,3,0,1,2,A,-,03,22350,,N,C,C,A,A,H,-,A,D,0,,,,,Y,,A,01,0,1,0,0,0,0,0,0,0,"- ","- ",36.582129999999999,-121.89704,MONTEREY,UNINCORPORATED,,
90497844,2017,2017-07-11,9735,2017-07-06,2205,020057,,4,3,9,2700,0,1,2,,1,041,"US-101 S/B TO BROADWAY ST.","BROADWAY ST.",250.00,E,N,A,-,Y,,,101,,,,R,,S,Y,3,0,2,1,A,-,03,22350,,N,E,I,A,A,H,-,D,D,0,,,,,Y,,-,28,0,1,1,0,0,0,0,0,0,"- ","- ",36.203589999999998,-121.13597,MONTEREY,UNINCORPORATED,-121.13597,36.203589999999998
90498810,2017,2017-07-12,9730,2017-07-04,1940,018312,,2,2,9,2700,0,3,5,,2,003,"RIVER ROAD","PARKER ROAD",7920.00,S,N,A,-,N,,,,,,,,,,Y,3,0,1,1,A,-,03,22350,,N,F,A,A,A,H,-,A,D,0,,,,,Y,,A,07,0,1,0,0,0,0,0,0,0,"- ","- ",36.574829999999999,-121.58506,MONTEREY,UNINCORPORATED,-121.58440077,36.5746368
90498816,2017,2017-07-12,9730,2017-07-05,0753,021776,,3,1,9,2700,0,1,2,,1,030,"US 101 S/B TO CTF","SILLMAN ROAD",65.00,N,N,B,-,Y,,,,,,,,,,Y,3,0,1,1,C,-,18,,,N,E,J,A,A,H,-,A,A,0,,,,,Y,,-,"- ",0,1,0,0,0,0,0,0,0,"- ","- ",36.465629999999997,-121.38997000000001,MONTEREY,UNINCORPORATED,,
90499723,2017,2017-07-13,9730,2017-07-07,1825,020208,,5,2,9,2700,0,1,3,,1,022,SR-1,"OCEAN AVENUE",105.00,S,N,A,-,Y,,,1,,,,,,,N,4,0,3,2,A,-,03,22350,,N,C,C,A,A,H,-,A,D,0,,,,,Y,,D,22,0,0,3,0,0,0,0,0,0,"- ","- ",36.555570000000003,-121.91103,MONTEREY,UNINCORPORATED,-121.91110343,36.555558849999997
90499751,2017,2017-07-13,9730,2017-07-08,0350,020677,,6,3,9,2700,0,1,2,,1,070,"US-101 S/B","SAN MIGUEL CANYON RD.",1742.00,N,N,A,-,Y,,,101,,,,,,S,Y,3,0,2,1,A,-,08,22107,,N,A,I,A,A,H,-,D,D,0,,,,,Y,,D,22,0,1,1,0,0,0,0,0,0,"- ","- ",36.802399999999999,-121.65807,MONTEREY,UNINCORPORATED,-121.65803648000001,36.802271580000003
90499867,2017,2017-07-13,9730,2017-07-08,0351,020677,,6,3,9,2700,0,1,2,,1,070,"US-101 S/B","SAN MIGUEL CANYON RD.",1742.00,N,N,A,-,Y,,,101,,,,,,S,Y,4,0,2,2,A,-,03,22350,,N,C,C,A,A,H,-,D,D,0,,,,,Y,,A,01,0,0,2,0,0,0,0,0,0,"- ","- ",36.802399999999999,-121.65807,MONTEREY,UNINCORPORATED,-121.65803648000001,36.802271580000003
8184604,2016,2016-12-14,2708,2016-11-03,0149,54370,,4,5,6,2708,0,0,0,,0,012,"ALMA AV","1ST AV",0.00,,Y,A,-,N,,,,,,,,,,Y,4,0,1,2,A,-,09,21800,A,F,D,C,A,A,H,-,C,D,0,,,,,Y,,D,22,0,0,1,0,0,0,0,0,0,"- ","- ",,,MONTEREY,SALINAS,-121.61057988,36.67960008
8184628,2016,2016-12-14,2708,2016-11-25,0727,71633,SALIN,5,5,6,2708,0,0,0,,0,006,"WEST ROSSI ST","RICO ST",0.00,,Y,A,-,N,,,,,,,,,,Y,2,0,1,1,A,-,03,22350,A,N,E,I,A,A,H,-,A,A,0,,,,,Y,,-,,1,0,0,0,0,0,0,0,0,"- ","- ",,,MONTEREY,SALINAS,-121.66150992999999,36.683930099999998
8184632,2016,2016-12-13,2708,2016-11-08,1555,78725,2708,2,5,6,2708,0,0,0,,0,012,"WILLIAMS RD","ALMA AV",0.00,,Y,A,-,N,,,,,,,,,,Y,2,0,1,2,A,-,09,21802,A,F,D,C,A,A,H,-,A,D,0,,,,,Y,,A,01,1,0,0,0,0,0,0,0,0,"- ","- ",,,MONTEREY,SALINAS,-121.60945993,36.678270019999999
8184640,2016,2016-12-14,2708,2016-11-18,0757,71633,SALIN,5,5,6,2708,0,0,0,,0,008,"JOHN ST","FRONT ST",0.00,,Y,A,-,N,,,,,,,,,,Y,4,0,3,2,A,-,03,22350,A,N,C,C,A,A,H,-,A,D,0,,,,,Y,,-,,0,0,3,0,0,0,0,0,0,"- ","- ",,,MONTEREY,SALINAS,-121.64840989,36.669630050000002
8184730,2016,2016-12-14,2708,2016-10-29,1237,19735,SPD,6,5,6,2708,0,0,0,,0,007,"SOUTH MAIN ST","GEIL ST",0.00,,Y,A,-,N,,,,,,,,,,Y,4,0,1,2,A,-,09,21801,A,N,D,C,A,A,H,-,A,A,0,,,,,Y,,-,,0,0,1,0,0,0,0,0,0,"- ","- ",,,MONTEREY,SALINAS,-121.65675994,36.665420040000001
8184742,2016,2016-12-14,2708,2016-10-31,2013,04125,,1,5,6,2708,0,0,0,,0,008,"LINCOLN AV","CENTRAL AV",0.00,,Y,A,-,N,,,,,,,,,,Y,4,0,1,2,A,-,09,21801,A,N,A,C,A,A,H,-,C,A,0,,,,,Y,,-,,0,0,1,0,0,0,0,0,0,"- ","- ",,,MONTEREY,SALINAS,-121.65755996999999,36.6766401
8184746,2016,2016-12-14,2708,2016-10-19,0748,06240,,3,5,6,2708,0,0,0,,0,007,"NISSEN RD","SOUTH MAIN ST",0.00,W,N,A,-,N,,,,,,,,,,N,4,0,1,2,A,-,11,21954,A,N,-,B,D,A,H,-,A,D,0,Y,,,,Y,,N,60,0,0,1,0,1,0,0,0,0,"- ","- ",,,MONTEREY,SALINAS,-121.65941995,36.65772003
8184754,2016,2016-12-14,2708,2016-10-28,1152,19003,,5,5,6,2708,0,0,0,,0,003,"EL DORADO DR","BORONDA RD",0.00,,Y,A,-,N,,,,,,,,,,N,4,0,1,2,A,-,04,21703,,N,C,C,A,A,H,-,A,A,0,,,,,Y,,-,,0,0,1,0,0,0,0,0,0,"- ","- ",,,MONTEREY,SALINAS,-121.63334996,36.715870010000003
8187896,2016,2016-12-29,2712,2016-12-08,1654,1062,2712,4,5,3,2712,0,0,0,,0,001,"DE FOREST RD","RESERVATION RD",0.00,,Y,B,-,N,,,,,,,,,,N,3,0,1,2,A,-,10,21950,A,N,G,B,B,B,H,-,C,A,0,Y,,,,Y,,A,01,0,1,0,0,1,0,0,0,0,"- ","- ",,,MONTEREY,MARINA,-121.79347996,36.684610069999998
8187900,2016,2016-12-29,2712,2016-12-14,1454,1031,,3,5,3,2712,0,0,0,,0,001,"RESERVATION RD","RESERVATION RD 215",0.00,,N,B,-,N,,,,,,,,,,N,3,0,1,2,A,-,09,21804,A,N,D,G,A,A,H,-,A,A,0,,Y,,,Y,,A,01,0,1,0,0,0,0,1,0,0,"- ","- ",,,MONTEREY,MARINA,,