CASE_ID,ACCIDENT_YEAR,PROC_DATE,JURIS,COLLISION_DATE,COLLISION_TIME,OFFICER_ID,REPORTING_DISTRICT,DAY_OF_WEEK,CHP_SHIFT,POPULATION,CNTY_CITY_LOC,SPECIAL_COND,BEAT_TYPE,CHP_BEAT_TYPE,CITY_DIVISION_LAPD,CHP_BEAT_CLASS,BEAT_NUMBER,PRIMARY_RD,SECONDARY_RD,DISTANCE,DIRECTION,INTERSECTION,WEATHER_1,WEATHER_2,STATE_HWY_IND,CALTRANS_COUNTY,CALTRANS_DISTRICT,STATE_ROUTE,ROUTE_SUFFIX,POSTMILE_PREFIX,POSTMILE,LOCATION_TYPE,RAMP_INTERSECTION,SIDE_OF_HWY,TOW_AWAY,COLLISION_SEVERITY,NUMBER_KILLED,NUMBER_INJURED,PARTY_COUNT,PRIMARY_COLL_FACTOR,PCF_CODE_OF_VIOL,PCF_VIOL_CATEGORY,PCF_VIOLATION,PCF_VIOL_SUBSECTION,HIT_AND_RUN,TYPE_OF_COLLISION,MVIW,PED_ACTION,ROAD_SURFACE,ROAD_COND_1,ROAD_COND_2,LIGHTING,CONTROL_DEVICE,CHP_ROAD_TYPE,PEDESTRIAN_ACCIDENT,BICYCLE_ACCIDENT,MOTORCYCLE_ACCIDENT,TRUCK_ACCIDENT,NOT_PRIVATE_PROPERTY,ALCOHOL_INVOLVED,STWD_VEHTYPE_AT_FAULT,CHP_VEHTYPE_AT_FAULT,COUNT_SEVERE_INJ,COUNT_VISIBLE_INJ,COUNT_COMPLAINT_PAIN,COUNT_PED_KILLED,COUNT_PED_INJURED,COUNT_BICYCLIST_KILLED,COUNT_BICYCLIST_INJURED,COUNT_MC_KILLED,COUNT_MC_INJURED,PRIMARY_RAMP,SECONDARY_RAMP,LATITUDE,LONGITUDE,COUNTY,CITY,POINT_X,POINT_Y
8188106,2016,2017-01-18,2704,2016-11-04,1745,5321,2704,5,5,3,2704,0,0,0,,0,003,"ELM AV","ELMWOOD DR",0.00,,Y,A,-,N,,,,,,,,,,N,3,0,1,2,A,-,09,21804,A,N,G,G,A,A,H,-,B,D,0,,Y,,,Y,,A,08,0,1,0,0,0,0,1,0,0,"- ","- ",,,MONTEREY,GREENFIELD,-121.24553994999999,36.315220099999998
8188138,2016,2016-12-13,2708,2016-11-08,1626,51290,,2,5,6,2708,0,0,0,,0,001,"NORTH MAIN ST","E BOLIVAR ST",0.00,,Y,B,-,N,,,,,,,,,,Y,3,0,4,2,A,-,12,21453,A,N,D,D,A,A,H,-,A,A,0,,,,,Y,,-,,0,1,3,0,0,0,0,0,0,"- ","- ",,,MONTEREY,SALINAS,-121.65636988,36.725050070000002
8188142,2016,2016-12-13,2708,2016-11-02,1333,71633,SALIN,3,5,6,2708,0,0,0,,0,008,"MAIN ST","EAST SAN LUIS ST",0.00,,Y,A,-,N,,,,,,,,,,N,4,0,1,2,A,-,05,21650,1,N,G,B,A,A,H,-,A,A,0,,Y,,,Y,,L,04,0,0,1,0,0,0,1,0,0,"- ","- ",,,MONTEREY,SALINAS,-121.65445991999999,36.6719601
8188146,2016,2016-12-12,2708,2016-11-23,1947,34245,,3,5,6,2708,0,0,0,,0,009,"JOHN ST","WORK ST",95.00,W,N,A,-,N,,,,,,,,,,Y,4,0,1,2,A,-,03,22350,,N,C,C,A,A,H,-,C,A,0,,,,,Y,,-,,0,0,1,0,0,0,0,0,0,"- ","- ",,,MONTEREY,SALINAS,-121.64238535,36.670772759999998
8188150,2016,2017-03-04,2708,2016-11-16,0920,56793,,3,5,6,2708,0,0,0,,0,,"JOHN ST","MONTEREY ST",100.00,E,N,A,-,Y,MON,5,68,-,-,21.200,H,-,W,N,4,0,1,2,A,-,07,21658,A,N,B,C,A,A,H,-,A,A,0,,,,,Y,,-,,0,0,1,0,0,0,0,0,0,"- ","- ",,,MONTEREY,SALINAS,-121.65275972000001,36.670615750000003
8188154,2016,2016-12-12,2708,2016-11-02,1840,92575,SALIN,3,5,6,2708,0,0,0,,0,008,"W ALISAL",SALINAS,0.00,,Y,A,-,N,,,,,,,,,,Y,3,0,1,2,A,-,09,21802,A,N,D,-,A,A,H,-,C,A,0,,,,,Y,,-,,0,1,0,0,0,0,0,0,0,"- ","- ",,,MONTEREY,SALINAS,-121.65602994,36.673620020000001
8188158,2016,2016-12-12,2708,2016-11-14,1715,49014,,1,5,6,2708,0,0,0,,0,,"FRONT ST","EAST SAN LUIS ST",200.00,S,N,A,-,N,,,,,,,,,,N,4,0,2,2,A,-,05,21460,A,N,D,C,A,A,H,-,C,D,0,,,,,Y,,-,,0,0,2,0,0,0,0,0,0,"- ","- ",,,MONTEREY,SALINAS,-121.64862927999999,36.672247839999997
8188322,2016,2016-12-13,2708,2016-11-22,2355,57333,,2,5,6,2708,0,0,0,,0,012,"AIRPORT BL","SKYWAY BL",0.00,,Y,A,-,N,,,,,,,,,,N,4,0,1,2,A,-,01,23152,A,M,A,C,A,A,H,-,C,D,0,,,,,Y,Y,-,,0,0,1,0,0,0,0,0,0,"- ","- ",,,MONTEREY,SALINAS,-121.61332996,36.666940009999998
8188326,2016,2016-12-13,2708,2016-11-09,1704,78725,2708,3,5,6,2708,0,0,0,,0,007,"IVERSON ST","LANG ST",0.00,,Y,A,-,N,,,,,,,,,,N,2,0,1,2,A,-,05,21650,,N,D,G,A,A,H,-,B,D,0,,Y,,,Y,,L,04,1,0,0,0,0,0,1,0,0,"- ","- ",,,MONTEREY,SALINAS,-121.66345998,36.66888007
8188330,2016,2016-12-13,2708,2016-11-11,1727,71595,,5,5,6,2708,0,0,0,,0,,"SOUTH SANBORN RD","MAYFAIR DR",0.00,,Y,A,-,N,,,,,,,,,,Y,4,0,2,2,A,-,09,21801,A,N,D,C,A,A,H,-,B,D,0,,,,,Y,,-,,0,0,2,0,0,0,0,0,0,"- ","- ",,,MONTEREY,SALINAS,-121.62785999,36.66771001
8188334,2016,2016-12-13,2708,2016-11-23,1711,74426,,3,5,6,2708,0,0,0,,0,006,"CASENTINI ST","RICO ST",210.00,E,N,A,-,N,,,,,,,,,,N,4,0,1,2,A,-,09,21804,A,N,D,C,A,A,H,-,B,A,0,,,,,Y,,-,,0,0,1,0,0,0,0,0,0,"- ","- ",,,MONTEREY,SALINAS,-121.65910445999999,36.686997410000004
8188338,2016,2016-12-13,2708,2016-11-22,1207,08067,,2,5,6,2708,0,0,0,,0,,"AIRPORT BL","SKYWAY BL",300.00,W,N,A,-,N,,,,,,,,,,Y,3,0,2,3,A,-,03,22350,,N,C,C,A,A,H,-,A,D,0,,,,,Y,,-,,0,1,1,0,0,0,0,0,0,"- ","- ",,,MONTEREY,SALINAS,-121.61420314999999,36.666510529999996
8188342,2016,2016-12-13,2708,2016-11-18,1153,06240,MUNIC,5,5,6,2708,0,0,0,,0,008,"ABBOTT ST","SUMMER ST",0.00,,Y,A,-,N,,,,,,,,,,Y,3,0,2,2,A,-,09,21802,A,N,D,C,A,A,H,-,A,A,0,,,,,Y,,-,,0,1,1,0,0,0,0,0,0,"- ","- ",,,MONTEREY,SALINAS,-121.64759995,36.670700070000002
8188346,2016,2016-12-13,2708,2016-11-10,0909,13102,,4,5,6,2708,0,0,0,,0,009,"JOHN ST","WORK ST",0.00,,Y,A,-,N,,,,,,,,,,N,4,0,1,2,A,-,03,22350,,N,C,C,A,A,H,-,A,A,0,,,,,Y,,-,,0,0,1,0,0,0,0,0,0,"- ","- ",,,MONTEREY,SALINAS,-121.64207992999999,36.670860050000002
90499927,2017,2017-07-13,9730,2017-07-09,1045,019745,,7,1,9,2700,0,1,2,,1,030,"N/B US-101","SOLEDAD PRISON RD",4752.00,N,N,A,-,Y,,,101,,,,,,,Y,4,0,1,2,A,-,07,21658,A,N,B,C,A,A,H,-,A,D,0,,,,,Y,,A,07,0,0,1,0,0,0,0,0,0,"- ","- ",36.473700000000001,-121.4019,MONTEREY,UNINCORPORATED,-121.40190457999999,36.473692960000001
90499969,2017,2017-07-13,9730,2017-07-09,1310,019745,,7,1,9,2700,0,2,4,,1,023,"CARMEL VALLEY RD","PANNETA RD",70.00,E,N,A,-,N,,,,,,,,,,Y,4,0,1,3,A,-,03,22350,,N,C,C,A,A,H,-,A,D,0,,,,,Y,,A,01,0,0,1,0,0,0,0,0,0,"- ","- ",36.486600000000003,-121.73909999999999,MONTEREY,UNINCORPORATED,-121.73920826,36.486704709999998
90500017,2017,2017-07-13,9730,2017-07-09,2050,020621,,7,2,9,2700,0,1,2,,1,070,"S/B US-101","TUSTIN ROAD",1056.00,N,N,A,-,Y,,,101,,,,,,,Y,4,0,1,1,C,-,18,,,N,E,H,A,A,H,-,D,D,0,,,,,Y,,-,"- ",0,0,1,0,0,0,0,0,0,"- ","- ",36.81129,-121.64376,MONTEREY,UNINCORPORATED,-121.64372521,36.811260259999997
90500049,2017,2017-07-13,9730,2017-07-09,0039,020970,,7,3,9,2700,0,2,4,,1,023,"CARMEL VALLEY ROAD",SR-1,420.00,E,N,A,-,N,,,,,,,,,,Y,3,0,1,1,A,-,01,23152,A,N,E,I,A,A,H,-,C,D,0,,,,,Y,Y,A,01,0,1,0,0,0,0,0,0,0,"- ","- ",36.543640000000003,-121.90685999999999,MONTEREY,UNINCORPORATED,-121.90751,36.543640000000003
90500120,2017,2017-07-13,9730,2017-07-08,1050,018543,,6,1,9,2700,0,1,3,,1,074,"SR-1 S/B","SALINAS ROAD",1056.00,N,N,A,-,Y,,,1,,,,,,S,N,4,0,1,2,D,-,00,,,N,B,C,A,A,H,-,A,D,0,,,,,Y,,-,"- ",0,0,1,0,0,0,0,0,0,"- ","- ",36.876559999999998,-121.7709,MONTEREY,UNINCORPORATED,-121.7711668,36.876502459999998
90501591,2017,2017-07-17,9730,2017-07-08,1413,021707,,6,2,9,2700,0,1,3,,2,062,"SR-1 S/B FROM FREMONT STREET","FREMONT STREET",1265.00,S,N,A,-,Y,,,,,,,,,,Y,3,0,1,1,A,-,01,23152,A,N,E,I,A,A,H,-,A,D,0,,,,,Y,Y,D,22,0,1,0,0,0,0,0,0,0,"- ","- ",36.595779999999998,-121.87000999999999,MONTEREY,UNINCORPORATED,,
90501838,2017,2017-07-17,9730,2017-07-10,1317,019745,,1,1,9,2700,0,2,4,,1,073,"ELKHORN RD","WERNER RD",5.00,S,N,A,-,N,,,,,,,,,,N,4,0,1,2,A,-,03,22350,,N,C,C,A,A,H,-,A,D,0,,,,,Y,,A,01,0,0,1,0,0,0,0,0,0,"- ","- ",36.878900000000002,-121.7444,MONTEREY,UNINCORPORATED,-121.74723197,36.87896636
90501849,2017,2017-08-01,9730,2017-05-31,1524,019981,,3,2,9,2700,0,1,3,,1,014,"STATE ROUTE 1","CAPTAIN COOPER ROAD",198.00,S,N,A,-,Y,,,1,,,,,,,Y,1,1,5,1,A,-,08,22107,,N,E,I,A,A,H,-,A,D,0,,,,,Y,,A,08,0,1,4,0,0,0,0,0,0,"- ","- ",36.274799999999999,-121.81898,MONTEREY,UNINCORPORATED,-121.81899098,36.274789319999996
90501863,2017,2017-07-17,9730,2017-07-07,1728,021707,,5,2,9,2700,0,3,5,,2,002,"LAURELES GRADE N/B","SOUTHVIEW LN",2112.00,S,N,A,-,N,,,,,,,,,,Y,3,0,3,2,A,-,03,22350,,N,C,C,A,A,H,-,A,D,0,,,,,Y,,A,01,0,1,2,0,0,0,0,0,0,"- ","- ",36.51361,-121.75622,MONTEREY,UNINCORPORATED,-121.75603456,36.513167469999999
90501908,2017,2017-07-17,9730,2017-07-09,1045,018543,,7,1,9,2700,0,1,3,,1,066,"MERRITT STREET","WOOD STREET",80.00,S,N,A,-,N,,,,,,,,,,Y,3,0,2,3,A,-,03,22350,,N,C,C,A,A,H,-,A,A,0,,,,,Y,,A,01,0,1,1,0,0,0,0,0,0,"- ","- ",36.760390000000001,-121.75078999999999,MONTEREY,UNINCORPORATED,-121.75105736,36.760562620000002
90501938,2017,2017-07-17,9730,2017-07-07,1758,020899,,5,2,9,2700,0,2,4,,1,073,"SAN MIGUEL CANYON ROAD","MARK RYAN ESTATES",11.00,N,N,A,-,N,,,,,,,,,,Y,3,0,1,2,A,-,09,21804,A,N,D,C,A,A,H,-,A,A,0,,,,,Y,,D,22,0,1,0,0,0,0,0,0,0,"- ","- ",36.840789999999998,-121.68687,MONTEREY,UNINCORPORATED,,
8188350,2016,2016-12-13,2708,2016-11-09,1540,52823,,3,5,6,2708,0,0,0,,0,,"WEST ALISAL ST","ACACIA ST",0.00,,Y,A,-,N,,,,,,,,,,Y,3,0,3,2,A,-,09,21801,A,N,A,C,A,A,H,-,A,A,0,,,,,Y,,-,,0,2,1,0,0,0,0,0,0,"- ","- ",,,MONTEREY,SALINAS,-121.67269989,36.669460030000003
8188354,2016,2016-12-13,2708,2016-11-14,1044,79562,SALIN,1,5,6,2708,0,0,0,,0,005,"EAST LAUREL DR","TAPADERO ST",30.00,W,N,A,-,N,,,,,,,,,,N,4,0,1,2,A,-,09,21802,A,N,B,C,A,A,H,-,A,A,0,,,,,Y,,-,,0,0,1,0,0,0,0,0,0,"- ","- ",,,MONTEREY,SALINAS,-121.64988821999999,36.698903170000001
8188358,2016,2016-12-13,2708,2016-11-14,1934,03185,,1,5,6,2708,0,0,0,,0,005,"NORTH MAIN ST","IRIS DR",800.00,N,N,A,-,N,,,,,,,,,,N,3,0,1,2,A,-,09,21801,A,N,-,G,A,A,H,-,C,D,0,,Y,,,Y,,-,,0,1,0,0,0,0,1,0,0,"- ","- ",,,MONTEREY,SALINAS,-121.65208416,36.695364130000002
8188362,2016,2016-12-13,2708,2016-11-06,1031,080867,,7,5,6,2708,0,0,0,,0,012,"EAST MARKET ST","KENNETH AV",40.00,W,N,A,-,N,,,,,,,,,,Y,3,0,1,2,A,-,08,22107,,N,F,E,A,A,H,-,A,D,0,,,,,Y,,-,,0,1,0,0,0,0,0,0,0,"- ","- ",,,MONTEREY,SALINAS,-121.61607963,36.675314239999999
8188366,2016,2017-01-06,2708,2016-11-02,1728,70843,,3,5,6,2708,0,0,0,,0,,"NATIVIDAD RD","LOS COCHES AV",0.00,,Y,A,-,N,,,,,,,,,,Y,3,0,1,2,A,-,12,21453,A,N,A,C,A,A,H,-,A,A,0,,,,,Y,,-,"- ",0,1,0,0,0,0,0,0,0,"- ","- ",,,MONTEREY,SALINAS,-121.62755991,36.707030080000003
8188382,2016,2016-12-13,2708,2016-11-05,1850,,,6,5,6,2708,0,0,0,,0,004,"CONSTITUTION BL","INDEPENDENCE BL",0.00,,Y,B,-,N,,,,,,,,,,Y,4,0,1,2,A,-,09,21801,A,N,A,C,A,A,H,-,C,A,0,,,,,Y,,-,,0,0,1,0,0,0,0,0,0,"- ","- ",,,MONTEREY,SALINAS,-121.62147999,36.70041011
8188405,2016,2016-12-19,2712,2016-12-02,1742,1033,2712,5,5,3,2712,0,0,0,,0,001,"IMJIN PKWY","ABRAMS DR",160.00,S,N,A,-,N,,,,,,,,,,N,4,0,1,2,A,-,03,22350,,N,C,C,A,A,H,-,C,A,0,,,,,Y,,A,01,0,0,1,0,0,0,0,0,0,"- ","- ",,,MONTEREY,MARINA,-121.79329018999999,36.663343879999999
8188452,2016,2016-12-14,2708,2016-10-15,1532,53269,,6,5,6,2708,0,0,0,,0,001,"NORTH MAIN ST","E BOLIVAR ST",0.00,,Y,A,-,N,,,,,,,,,,,3,0,1,2,A,-,09,21801,A,N,A,C,A,-,H,-,A,A,0,,,,,Y,,-,,0,1,0,0,0,0,0,0,0,"- ","- ",,,MONTEREY,SALINAS,-121.65636988,36.725050070000002
8188472,2016,2016-12-13,2708,2016-10-24,0935,19735,,1,5,6,2708,0,0,0,,0,007,HOMESTEAD,"CENTRAL AV",200.00,S,N,A,-,N,,,,,,,,,,Y,4,0,1,2,A,-,03,22350,,N,C,C,A,A,H,-,A,D,0,,,,,Y,,-,,0,0,1,0,0,0,0,0,0,"- ","- ",,,MONTEREY,SALINAS,-121.66491843,36.675057950000003
8188476,2016,2016-12-14,2708,2016-10-25,1324,78725,2708,2,5,6,2708,0,0,0,,0,,"PASARO ST","PASARO CIR",84.00,N,N,A,-,N,,,,,,,,,,Y,2,0,2,2,A,-,08,22103,,N,D,C,A,A,H,-,A,D,0,,,,,Y,,-,,1,0,1,0,0,0,0,0,0,"- ","- ",,,MONTEREY,SALINAS,-121.65537713000001,36.660523179999998
8188480,2016,2016-12-14,2708,2016-10-25,0802,49986,,2,5,6,2708,0,0,0,,0,007,"W ALISAL","CAPITOL ST",0.00,,Y,B,-,N,,,,,,,,,,Y,3,0,1,2,A,-,09,21802,A,N,D,C,A,A,H,-,A,A,0,,,,,Y,,-,,0,1,0,0,0,0,0,0,0,"- ","- ",,,MONTEREY,SALINAS,-121.66007989000001,36.67311007
8188481,2016,2016-12-13,2708,2016-10-30,2000,07661,,7,5,6,2708,0,0,0,,0,004,"CONSTITUTION BL","INDEPENDENCE BL",0.00,,Y,A,-,N,,,,,,,,,,Y,4,0,2,2,A,-,09,21801,A,N,A,C,A,A,H,-,C,A,0,,,,,Y,,-,,0,0,2,0,0,0,0,0,0,"- ","- ",,,MONTEREY,SALINAS,-121.62147999,36.70041011
90501977,2017,2017-07-17,9730,2017-07-09,0845,019569,,7,1,9,2700,0,3,5,,2,003,"CORRAL DE TIERRA RD",SR-68,1056.00,S,N,A,-,N,,,,,,,,,,Y,3,0,2,2,A,-,03,22350,,N,C,C,A,A,H,-,A,D,0,,,,,Y,,D,22,0,1,1,0,0,0,0,0,0,"- ","- ",36.574210000000001,-121.72678999999999,MONTEREY,UNINCORPORATED,,
90502006,2017,2017-07-17,9730,2017-07-09,1304,019569,,7,1,9,2700,0,1,3,,1,066,"S. DAVIS RD.",SR-183,12.00,S,N,A,-,Y,,,,,,,,,,Y,4,0,1,2,A,-,08,22107,,N,D,C,A,A,H,-,A,A,0,,,,,Y,,A,01,0,0,1,0,0,0,0,0,0,"- ","- ",36.684959999999997,-121.67614,MONTEREY,UNINCORPORATED,,
90503034,2017,2017-07-18,9730,2017-07-13,1313,019569,,4,1,9,2700,0,1,3,,1,022,SR-1,"ATHERTON DR",528.00,N,N,A,-,Y,,,1,,,,,,,N,4,0,1,2,A,-,03,22350,,N,C,C,A,A,H,-,A,D,0,,,,,Y,,A,01,0,0,1,0,0,0,0,0,0,"- ","- ",36.547020000000003,-121.90975,MONTEREY,UNINCORPORATED,-121.90974413000001,36.547020920000001
90503593,2017,2017-07-19,9730,2017-07-11,1630,020621,,2,2,6,2708,0,1,2,,1,050,"S/B US-101","E. ALISAL STREET",25.00,N,N,A,-,Y,,,101,,,,,,,Y,3,0,3,1,A,-,08,22107,,N,E,I,A,A,H,-,A,D,0,,,,,Y,,A,07,0,1,2,0,0,0,0,0,0,"- ","- ",36.674370000000003,-121.6409,MONTEREY,SALINAS,-121.64086067,36.674377110000002
90503649,2017,2017-07-19,9730,2017-07-11,1528,018312,,2,2,9,2700,0,2,4,,1,023,"CARMEL VALEY ROAD","BORONDA ROAD",0.00,,Y,A,-,N,,,,,,,,,,Y,3,0,2,3,A,-,03,22350,,N,C,C,A,A,H,-,A,D,0,,,,,Y,,A,01,0,1,1,0,0,0,0,0,0,"- ","- ",36.494070000000001,-121.74681,MONTEREY,UNINCORPORATED,-121.74671988999999,36.494310059999997
90503681,2017,2017-07-19,9730,2017-07-11,0600,018350,,2,1,9,2700,0,2,4,,1,073,"SALINAS ROAD","PAJARO SCHOOL",173.00,N,N,B,-,N,,,,,,,,,,Y,4,0,2,3,A,-,03,22350,,N,C,C,A,A,H,-,A,A,0,,,,,Y,,A,01,0,0,2,0,0,0,0,0,0,"- ","- ",36.899410000000003,-121.74811,MONTEREY,UNINCORPORATED,,
90503737,2017,2017-07-19,9730,2017-07-11,0732,019745,,2,1,9,2700,0,1,3,,1,072,"SR-156 (W/B)","CASTROVILLE BLVD",150.00,E,N,A,-,Y,,,156,,,,,,,Y,4,0,1,2,A,-,07,21658,A,N,C,C,A,A,H,-,A,A,0,,,,Y,Y,,F,26,0,0,1,0,0,0,0,0,0,"- ","- ",36.768700000000003,-121.7424,MONTEREY,UNINCORPORATED,-121.74240021999999,36.768700729999999
90504599,2017,2017-07-20,9730,2017-07-11,0642,021776,,2,1,9,2700,0,3,5,,2,007,"SAN MIGUEL CANYON ROAD",LEWIS,2640.00,S,N,B,-,N,,,,,,,,,,Y,3,0,1,1,A,-,08,22107,,N,E,I,A,A,H,-,A,D,0,,,,,Y,,D,22,0,1,0,0,0,0,0,0,0,"- ","- ",36.88306,-121.68127,MONTEREY,UNINCORPORATED,-121.69020677,36.870737689999999
90505912,2017,2017-07-21,9730,2017-07-12,1617,019818,,3,2,9,2700,0,1,3,,1,074,SR-1,"STRUVE RD N",1584.00,S,N,B,-,Y,,,1,,,,,,,Y,3,0,2,2,A,-,08,22107,,N,A,C,A,A,H,-,A,D,0,,,,,Y,,D,22,0,2,0,0,0,0,0,0,0,"- ","- ",36.826540000000001,-121.77485,MONTEREY,UNINCORPORATED,-121.77485797999999,36.826549450000002
90505922,2017,2017-07-21,9730,2017-07-13,1122,016730,,4,1,4,2706,0,1,3,,2,062,"SR-1 S/B","SLOAT AVE.",740.00,N,N,A,-,Y,,,1,,,,,,S,Y,4,0,4,3,A,-,03,22350,,N,C,C,A,A,H,-,A,D,0,,,,,Y,,A,01,0,0,4,0,0,0,0,0,0,"- ","- ",36.59384,-121.87437,MONTEREY,MONTEREY,-121.87437928,36.593896139999998
90505946,2017,2017-07-21,9730,2017-07-13,1733,019818,,4,2,9,2700,0,2,4,,1,073,"SAN MIGUEL CANYON RD","CASTROVILLE BLVD",528.00,N,N,B,-,N,,,,,,,,,,Y,2,0,1,2,A,-,09,21804,A,N,D,C,A,A,H,-,A,D,0,,,,,Y,,A,01,1,0,0,0,0,0,0,0,0,"- ","- ",36.80986,-121.67305,MONTEREY,UNINCORPORATED,-121.67295958,36.809570800000003
8189215,2016,2016-12-15,2706,2016-11-28,0825,103,,1,5,4,2706,0,0,0,,0,002,"SOLEDAD DR","PACIFIC ST",60.00,E,N,-,-,N,,,,,,,,,,N,4,0,2,3,A,-,03,22350,,N,C,C,A,-,H,-,-,A,0,,,,,Y,,-,"- ",0,0,2,0,0,0,0,0,0,"- ","- ",,,MONTEREY,MONTEREY,-121.90277723,36.584103110000001
8189317,2016,2016-12-15,2706,2016-11-30,1800,810,MPD,3,5,4,2706,0,0,0,,0,002,"MUNRAS AV","FREMONT ST",40.00,N,N,C,-,N,,,,,,,,,,N,4,0,1,2,A,-,10,21950,A,N,-,B,C,B,H,-,C,D,0,Y,,,,Y,,A,01,0,0,1,0,1,0,0,0,0,"- ","- ",,,MONTEREY,MONTEREY,-121.89315643,36.595710990000001
8189321,2016,2016-12-15,2706,2016-11-28,1401,939,MPD,1,5,4,2706,0,0,0,,0,002,"SOLEDAD DR","MUNRAS AV",190.00,E,N,B,-,N,,,,,,,,,,Y,4,0,1,2,A,-,03,22350,,N,C,C,A,A,H,-,A,A,0,,,,,Y,,A,01,0,0,1,0,0,0,0,0,0,"- ","- ",,,MONTEREY,MONTEREY,-121.90133613,36.583053499999998
8189353,2016,2016-12-15,2706,2016-11-27,1432,627,MPD,7,5,4,2706,0,0,0,,0,001,"LIGHTHOUSE AV","HOFFMAN AV",178.00,S,N,A,-,N,,,,,,,,,,N,3,0,1,3,A,-,03,22350,,N,C,C,A,A,H,-,A,A,0,,,Y,,Y,,C,02,0,1,0,0,0,0,0,0,1,"- ","- ",,,MONTEREY,MONTEREY,-121.90136775000001,36.61315622
8189357,2016,2016-12-15,2706,2016-11-15,1442,627,2706,2,5,4,2706,0,0,0,,0,002,"CASS ST","WEBSTER ST",92.00,S,N,A,-,N,,,,,,,,,,N,4,0,1,2,D,-,00,,,N,G,B,E,A,H,-,A,D,0,Y,,,,Y,,-,"- ",0,0,1,0,1,0,0,0,0,"- ","- ",,,MONTEREY,MONTEREY,-121.89455321,36.595777580000004
8189378,2016,2016-12-15,2708,2016-08-22,1916,72945,,1,5,6,2708,0,0,0,,0,,"EAST BORONDA RD","SAN JUAN GRADE RD",0.00,W,N,A,-,N,,,,,,,,,,Y,4,0,2,2,A,-,12,21453,A,N,B,C,A,A,H,-,A,A,0,,,,,Y,,A,,0,0,2,0,0,0,0,0,0,"- ","- ",,,MONTEREY,SALINAS,-121.65117988999999,36.719790109999998
8189746,2016,2017-01-13,2711,2016-11-02,0638,02618,2711,3,5,3,2711,0,0,0,,0,001,"GABILAN DR","INCA DR",0.00,,Y,A,-,N,,,,,,,,,,N,4,0,1,2,A,-,03,22350,,N,G,B,D,A,H,-,C,D,0,Y,,,,Y,,A,01,0,0,1,0,1,0,0,0,0,"- ","- ",,,MONTEREY,SOLEDAD,-121.32466999,36.435370089999999
8189750,2016,2017-01-20,2711,2016-11-12,1924,3620,,6,5,3,2711,0,0,0,,0,,"FRONT ST","SAN VICENTE RD",0.00,,Y,A,-,N,,,,,,,,,,Y,4,0,2,2,A,-,09,21801,A,N,A,D,A,A,H,-,C,A,0,,,,,Y,,A,01,0,0,2,0,0,0,0,0,0,"- ","- ",,,MONTEREY,SOLEDAD,-121.33375986999999,36.429699999999997
8191196,2016,2016-12-20,2707,2016-11-24,0426,1622,2707,4,5,3,2707,0,0,0,,0,001,"CONGRESS AV","FOREST LODGE",854.00,N,N,A,-,N,,,,,,,,,,Y,4,0,1,1,A,-,03,22350,,N,E,J,A,A,H,-,C,D,0,,,,,Y,Y,A,01,0,0,1,0,0,0,0,0,0,"- ","- ",,,MONTEREY,"PACIFIC GROVE",-121.93031990999999,36.609238500000004
8191476,2016,2017-01-11,2707,2016-10-26,1607,2178,2707,3,5,3,2707,0,0,0,,0,002,"FOREST AV","LAUREL AV",0.00,,Y,A,-,N,,,,,,,,,,N,2,0,1,2,A,-,10,21950,A,N,G,B,B,A,H,-,A,-,0,Y,,,,Y,,A,01,1,0,0,0,1,0,0,0,0,"- ","- ",,,MONTEREY,"PACIFIC GROVE",-121.91838995000001,36.619810039999997
8191496,2016,2016-12-22,2707,2016-10-23,1700,1275,,7,5,3,2707,0,0,0,,0,001,"GROVE ACRE AV","DENNETT ST",209.00,N,N,A,-,N,,,,,,,,,,N,4,0,1,1,A,-,03,22350,,N,E,G,A,A,G,-,A,D,0,,Y,,,Y,,L,04,0,0,1,0,0,0,1,0,0,"- ","- ",,,MONTEREY,"PACIFIC GROVE",-121.93181792,36.620962089999999
8191695,2016,2016-12-22,2706,2016-12-03,1917,611,MPD,6,5,4,2706,0,0,0,,0,003,"CASANOVA AV","EUCLID AV",215.00,S,N,A,-,N,,,,,,,,,,Y,3,0,1,3,A,-,08,22107,,N,C,C,A,A,H,-,C,D,0,,,,,Y,,A,01,0,1,0,0,0,0,0,0,0,"- ","- ",,,MONTEREY,MONTEREY,-121.84868027,36.594053760000001
90505975,2017,2017-07-24,9730,2017-07-16,1737,020245,,7,2,9,2700,0,1,3,,1,074,"STATE ROUTE 1","JENSEN ROAD",300.00,S,N,A,-,Y,,,1,,,,,,,Y,2,0,1,2,A,-,11,21954,A,N,B,C,E,A,H,-,A,D,0,Y,,,,Y,,N,60,1,0,0,0,1,0,0,0,0,"- ","- ",36.85304,-121.77113,MONTEREY,UNINCORPORATED,-121.77112205,36.853039959999997
90505989,2017,2017-07-24,9730,2017-07-16,0802,019745,,7,1,9,2700,0,3,5,,2,004,"OLD STAGE RD","CHUALAR RD",528.00,S,N,A,-,N,,,,,,,,,,Y,2,0,1,1,A,-,01,23152,A,N,E,I,A,A,H,-,A,D,0,,,,,Y,Y,A,01,1,0,0,0,0,0,0,0,0,"- ","- ",36.579900000000002,-121.49679999999999,MONTEREY,UNINCORPORATED,-121.49733675,36.580430980000003