CASE_ID,ACCIDENT_YEAR,PROC_DATE,JURIS,COLLISION_DATE,COLLISION_TIME,OFFICER_ID,REPORTING_DISTRICT,DAY_OF_WEEK,CHP_SHIFT,POPULATION,CNTY_CITY_LOC,SPECIAL_COND,BEAT_TYPE,CHP_BEAT_TYPE,CITY_DIVISION_LAPD,CHP_BEAT_CLASS,BEAT_NUMBER,PRIMARY_RD,SECONDARY_RD,DISTANCE,DIRECTION,INTERSECTION,WEATHER_1,WEATHER_2,STATE_HWY_IND,CALTRANS_COUNTY,CALTRANS_DISTRICT,STATE_ROUTE,ROUTE_SUFFIX,POSTMILE_PREFIX,POSTMILE,LOCATION_TYPE,RAMP_INTERSECTION,SIDE_OF_HWY,TOW_AWAY,COLLISION_SEVERITY,NUMBER_KILLED,NUMBER_INJURED,PARTY_COUNT,PRIMARY_COLL_FACTOR,PCF_CODE_OF_VIOL,PCF_VIOL_CATEGORY,PCF_VIOLATION,PCF_VIOL_SUBSECTION,HIT_AND_RUN,TYPE_OF_COLLISION,MVIW,PED_ACTION,ROAD_SURFACE,ROAD_COND_1,ROAD_COND_2,LIGHTING,CONTROL_DEVICE,CHP_ROAD_TYPE,PEDESTRIAN_ACCIDENT,BICYCLE_ACCIDENT,MOTORCYCLE_ACCIDENT,TRUCK_ACCIDENT,NOT_PRIVATE_PROPERTY,ALCOHOL_INVOLVED,STWD_VEHTYPE_AT_FAULT,CHP_VEHTYPE_AT_FAULT,COUNT_SEVERE_INJ,COUNT_VISIBLE_INJ,COUNT_COMPLAINT_PAIN,COUNT_PED_KILLED,COUNT_PED_INJURED,COUNT_BICYCLIST_KILLED,COUNT_BICYCLIST_INJURED,COUNT_MC_KILLED,COUNT_MC_INJURED,PRIMARY_RAMP,SECONDARY_RAMP,LATITUDE,LONGITUDE,COUNTY,CITY,POINT_X,POINT_Y
90505997,2017,2017-07-24,9730,2017-07-16,0221,021407,,7,3,9,2700,0,1,3,,1,074,SR-1,"DOLAN ROAD",2640.00,N,N,A,-,Y,,,1,,,,,,,Y,4,0,2,2,A,-,16,24002,A,N,A,C,A,A,H,-,C,D,0,,,,Y,Y,,G,27,0,0,2,0,0,0,0,0,0,"- ","- ",36.808109999999999,-121.78408,MONTEREY,UNINCORPORATED,-121.7840489,36.80811679
90506096,2017,2017-07-24,9730,2017-07-17,1716,018810,,1,2,9,2700,0,1,3,,1,074,SR-1,"JETTY ROAD",1056.00,S,N,A,-,Y,,,1,,,,,,,Y,4,0,1,3,A,-,03,22350,,N,C,C,A,A,H,-,A,D,0,,,,,Y,,D,22,0,0,1,0,0,0,0,0,0,"- ","- ",36.813389999999998,-121.78555,MONTEREY,UNINCORPORATED,-121.78560905000001,36.813385019999998
90506098,2017,2017-07-24,9730,2017-07-18,0730,016730,,2,1,4,2710,0,1,3,,2,062,"SR-1 S/B","FREMONT BLVD.",2640.00,N,N,B,-,Y,,,1,,,,,,S,Y,4,0,2,3,A,-,03,22350,,N,C,C,A,A,H,-,A,D,0,,,,,Y,,A,01,0,0,2,0,0,0,0,0,0,"- ","- ",36.635339999999999,-121.83172,MONTEREY,SEASIDE,-121.83181064,36.635417619999998
90506160,2017,2017-07-24,9730,2017-07-16,1315,018543,,7,1,9,2700,0,1,3,,1,072,SR-156,"CATHEDRAL OAKS",100.00,W,N,A,-,Y,,,156,,,,,,,N,4,0,1,3,A,-,03,22350,,N,C,C,A,A,H,-,A,D,0,,,,,Y,,A,07,0,0,1,0,0,0,0,0,0,"- ","- ",36.776150000000001,-121.71701,MONTEREY,UNINCORPORATED,-121.71698474999999,36.776067310000002
90506575,2017,2017-07-24,9735,2017-07-14,0330,020168,,5,3,9,2700,0,1,2,,1,041,"US-101 S/B","CENTRAL AVE",1056.00,N,N,A,-,Y,,,101,,,,,,S,Y,4,0,1,2,A,-,08,22107,,N,C,C,A,A,H,-,D,D,0,,,,,Y,,A,01,0,0,1,0,0,0,0,0,0,"- ","- ",36.239260000000002,-121.1752,MONTEREY,UNINCORPORATED,-121.17511402,36.239269200000003
90506600,2017,2017-07-24,9735,2017-07-15,1113,019700,,6,1,3,2705,0,1,2,,2,042,"US-101 NORTHBOUND FIRST ST OFF RAMP","FIRST ST",15.00,S,N,A,-,Y,,,,,,,,,,N,4,0,1,2,A,-,03,22350,,N,C,C,A,A,H,-,A,A,0,,,,,Y,,D,22,0,0,1,0,0,0,0,0,0,"- ","- ",36.126640000000002,-121.6454,MONTEREY,"KING CITY",,
90506787,2017,2017-07-24,9730,2017-07-14,0620,018543,,5,1,9,2700,0,3,5,,2,007,"HALL ROAD","WILLOW ROAD",0.00,,Y,B,-,N,,,,,,,,,,Y,4,0,2,2,A,-,01,23152,A,N,D,C,A,A,H,-,A,A,0,,,,,Y,,A,01,0,0,2,0,0,0,0,0,0,"- ","- ",36.86551,-121.73502999999999,MONTEREY,UNINCORPORATED,-121.73505991,36.865670090000002
90506871,2017,2017-07-24,9730,2017-07-18,1620,018312,,2,2,9,2700,0,1,3,,1,068,"STATE ROUTE 68","YORK ROAD",1584.00,E,N,A,-,Y,,,68,,,,,,,N,4,0,1,2,A,-,03,22350,,N,C,C,A,A,H,-,A,D,0,,,,,Y,,D,22,0,0,1,0,0,0,0,0,0,"- ","- ",36.570369999999997,-121.80235999999999,MONTEREY,UNINCORPORATED,-121.80236487000001,36.570344640000002
90506915,2017,2017-07-24,9730,2017-07-18,1734,018810,,2,2,9,2700,0,1,3,,2,062,"SR-1 N/B","FREMONT BLVD OVERCROSSING",1056.00,S,N,A,-,Y,,,,,,,,,,Y,4,0,1,2,A,-,03,22350,,N,C,C,A,A,H,-,A,D,0,,,,,Y,,A,01,0,0,1,0,0,0,0,0,0,"- ","- ",36.618130000000001,-121.84849,MONTEREY,UNINCORPORATED,,
90507610,2017,2017-07-25,9730,2017-07-16,1315,018350,,7,1,9,2700,0,1,2,,1,070,"US-101 N/B","REESE CIRCLE",2640.00,S,N,A,-,Y,,,101,,,,,,N,Y,4,0,1,2,A,-,03,22350,,N,C,C,A,A,H,-,A,D,0,,,,,Y,,A,01,0,0,1,0,0,0,0,0,0,"- ","- ",36.767789999999998,-121.66865,MONTEREY,UNINCORPORATED,-121.66863555,36.767793359999999
90507676,2017,2017-07-25,9730,2017-07-16,1030,018350,,7,1,9,2700,0,3,5,,2,004,"OLD STAGE ROAD","WILLIAMS ROAD",30.00,E,N,A,-,N,,,,,,,,,,Y,3,0,1,1,A,-,03,22350,,N,E,I,A,A,H,-,A,A,0,,,,,Y,,A,01,0,1,0,0,0,0,0,0,0,"- ","- ",36.69847,-121.57402999999999,MONTEREY,UNINCORPORATED,-121.5741506,36.698372890000002
90507733,2017,2017-07-25,9730,2017-07-18,1737,019818,,2,2,9,2700,0,1,3,,1,074,SR-1,"POTRERO RD",528.00,N,N,A,-,Y,,,1,,,,,,,N,4,0,1,3,A,-,03,22350,,N,C,C,A,A,H,-,A,D,0,,,,,Y,,A,07,0,0,1,0,0,0,0,0,0,"- ","- ",36.792520000000003,-121.7838,MONTEREY,UNINCORPORATED,-121.78371643,36.792517400000001
90508676,2017,2017-07-26,9730,2017-07-17,1725,018312,,1,2,9,2700,0,2,4,,2,063,"BLANCO ROAD","DAVIS ROAD",1056.00,W,N,A,-,N,,,,,,,,,,Y,4,0,1,3,A,-,03,22350,,N,C,C,A,A,H,-,A,D,0,,,,,Y,,A,01,0,0,1,0,0,0,0,0,0,"- ","- ",36.668460000000003,-121.68816,MONTEREY,UNINCORPORATED,-121.68809906,36.668410880000003
90508714,2017,2017-08-10,9730,2017-07-17,0446,020576,,1,3,9,2700,0,1,2,,1,030,"US-101 SOUTHBOUND","OLD STAGE O/C",12672.00,N,N,A,-,Y,,,,,,,,,,Y,4,0,1,2,A,-,01,23152,F,N,B,C,A,A,H,-,D,D,0,,,,,Y,,A,01,0,0,1,0,0,0,0,0,0,"- ","- ",36.54363,-121.49241000000001,MONTEREY,UNINCORPORATED,-121.49496556,36.547617719999998
90508867,2017,2017-07-26,9730,2017-07-21,0913,017184,,5,1,1,2709,0,1,3,,2,062,"SR-1 S/B TO SR-218",SR-218,220.00,N,N,A,-,Y,,,1,,,,R,,S,Y,4,0,1,3,A,-,03,22350,,N,C,C,A,A,H,-,A,A,0,,,,,Y,,A,07,0,0,1,0,0,0,0,0,0,"- ","- ",36.61103,-121.8574,MONTEREY,"SAND CITY",-121.8574,36.61103
90508973,2017,2017-07-26,9730,2017-07-16,0730,018350,,7,1,9,2700,0,3,5,,2,006,"OLD STAGE ROAD","NATIVIDAD ROAD",462.00,N,N,A,-,N,,,,,,,,,,Y,2,0,4,2,A,-,08,22107,,N,B,C,A,A,H,-,A,D,0,,,,,Y,,A,01,1,2,1,0,0,0,0,0,0,"- ","- ",36.741329999999998,-121.60223999999999,MONTEREY,UNINCORPORATED,-121.60229398,36.741215910000001
90511565,2017,2017-07-28,9735,2017-07-23,1949,019700,,7,2,9,2700,0,1,3,,1,034,SR-198,"FREEMAN FLAT ROAD",300.00,W,N,A,-,Y,,,,,,,,,,Y,3,0,4,1,A,-,01,23152,A,N,F,A,A,A,H,-,A,D,0,,,,,Y,Y,A,01,0,2,2,0,0,0,0,0,0,"- ","- ",36.822339999999997,-121.0412,MONTEREY,UNINCORPORATED,-121.01134845999999,36.13947958
90511573,2017,2017-07-28,9735,2017-07-22,0030,020302,,6,3,9,2700,0,3,5,,2,002,"NACIMIENTO LAKE DR","JOLON RD",26928.00,S,N,A,-,N,,,,,,,,,,Y,4,0,1,1,A,-,08,22107,,N,F,I,A,A,H,-,D,D,0,,,,,Y,,A,07,0,0,1,0,0,0,0,0,0,"- ","- ",35.809130000000003,-120.85553,MONTEREY,UNINCORPORATED,-120.85560169999999,35.809052450000003
90511860,2017,2017-07-28,9735,2017-07-27,0350,020057,,4,3,9,2700,0,1,2,,2,044,"US-101 N/B","ALVARADO RD",3696.00,S,N,A,-,Y,,,101,,,,,,N,Y,4,0,1,1,A,-,08,22107,,N,E,I,A,A,H,-,D,D,0,,,,,Y,,A,07,0,0,1,0,0,0,0,0,0,"- ","- ",35.9375,-120.87229000000001,MONTEREY,UNINCORPORATED,-120.87244235,35.937453980000001
90512140,2017,2017-07-31,9730,2017-07-16,2154,020899,,7,2,9,2700,0,2,4,,1,073,"SALINAS ROAD","JONATHAN STREET",63.00,N,N,A,-,N,,,,,,,,,,Y,2,0,1,2,A,-,11,21954,A,F,G,B,D,A,H,-,D,D,0,Y,,,,Y,Y,N,60,1,0,0,0,1,0,0,0,0,"- ","- ",36.901049999999998,-121.74817,MONTEREY,UNINCORPORATED,-121.74818174000001,36.900992819999999
8191699,2016,2017-01-24,2706,2016-12-06,1709,608,MPD,2,5,4,2706,0,0,0,,0,003,"NORTH FREMONT ST","CASANOVA AV",146.00,E,N,A,-,N,,,,,,,,,,Y,4,0,1,2,A,-,09,21801,A,N,-,C,A,A,H,-,C,-,0,,,,Y,Y,,F,26,0,0,1,0,0,0,0,0,0,"- ","- ",,,MONTEREY,MONTEREY,-121.85275942,36.597799960000003
8191763,2016,2016-12-20,2706,2016-12-01,1125,627,2706,4,5,4,2706,0,0,0,,0,003,"NORTH FREMONT ST","CASANOVA AV",251.00,E,N,A,-,N,,,,,,,,,,N,3,0,1,2,A,-,21,22106,,N,D,G,A,A,H,-,A,D,0,,Y,,,Y,,A,01,0,1,0,0,0,0,1,0,0,"- ","- ",,,MONTEREY,MONTEREY,-121.85242767,36.597907970000001
8191767,2016,2016-12-20,2706,2016-12-08,0226,310,2706,4,5,4,2706,0,0,0,,0,003,"NORTH FREMONT ST","CASANOVA AV",107.00,E,N,C,-,N,,,,,,,,,,Y,2,0,1,1,A,-,01,23152,A,N,E,I,A,B,H,-,C,D,0,,,,,Y,Y,A,01,1,0,0,0,0,0,0,0,0,"- ","- ",,,MONTEREY,MONTEREY,-121.85288464,36.597764189999999
8191771,2016,2016-12-20,2706,2016-12-09,1131,250,,5,5,4,2706,0,0,0,,0,,"BELDEN ST","HOFFMAN AV",0.00,,Y,A,-,N,,,,,,,,,,Y,4,0,1,1,A,-,08,22107,,N,E,I,A,A,H,-,A,D,0,,,,,Y,,A,01,0,0,1,0,0,0,0,0,0,"- ","- ",,,MONTEREY,MONTEREY,-121.90417995999999,36.612170050000003
8191815,2016,2016-12-21,2706,2016-12-09,1540,428,MPD,5,5,4,2706,0,0,0,,0,003,"CAMINO AGUAJITO","3RD ST",0.00,,Y,A,-,N,,,,,,,,,,N,4,0,1,2,A,-,09,21802,A,N,B,C,A,A,H,-,A,D,0,,,,,Y,Y,A,07,0,0,1,0,0,0,0,0,0,"- ","- ",,,MONTEREY,MONTEREY,-121.88271985,36.597400069999999
8191819,2016,2016-12-21,2706,2016-12-04,0950,627,2706,7,5,4,2706,0,0,0,,0,002,"W FRANKLIN ST","CALLE PRINCIPAL",20.00,E,N,A,-,N,,,,,,,,,,N,4,0,1,2,A,-,03,22350,,N,C,C,A,A,H,-,A,A,0,,,,,Y,,A,01,0,0,1,0,0,0,0,0,0,"- ","- ",,,MONTEREY,MONTEREY,-121.89498281,36.600060800000001
8195413,2016,2017-03-06,2708,2016-11-30,0853,79223,,3,5,6,2708,0,0,0,,0,,"FREEDOM PKWY","TORONA WY",0.00,,Y,A,-,N,,,,,,,,,,N,4,0,1,2,A,-,09,21801,A,N,D,C,A,A,H,-,A,D,0,,,,,Y,,-,,0,0,1,0,0,0,0,0,0,"- ","- ",,,MONTEREY,SALINAS,-121.59809988000001,36.687110089999997
8195437,2016,2017-03-06,2708,2016-12-05,1721,92575,SALIN,1,5,6,2708,0,0,0,,0,008,"SOUTH MAIN ST","JOHN ST",150.00,N,N,A,-,Y,MON,5,68,-,-,21.100,H,-,E,Y,4,0,1,2,A,-,04,21703,,N,C,C,A,A,H,-,C,A,0,,,,,Y,,-,,0,0,1,0,0,0,0,0,0,"- ","- ",,,MONTEREY,SALINAS,-121.65439505000001,36.670984279999999
8196091,2017,2017-03-14,2706,2017-02-23,1550,395,2706,4,5,4,2706,0,0,0,,0,003,"DEL MONTE AV","SLOAT AV",88.00,E,N,A,-,N,,,,,,,,,,N,4,0,1,2,A,-,08,22107,,N,C,C,A,A,H,-,A,D,0,,,,,Y,,D,22,0,0,1,0,0,0,0,0,0,"- ","- ",,,MONTEREY,MONTEREY,-121.87858031,36.599851899999997
8199311,2016,2017-01-03,2712,2016-12-02,2143,1017,2712,5,5,3,2712,0,0,0,,0,001,"IMJIN PW","PRESTON AV",187.00,S,N,A,-,N,,,,,,,,,,N,4,0,1,2,A,-,03,22350,,N,G,G,A,A,H,-,C,A,0,,Y,,,Y,,A,01,0,0,1,0,0,0,1,0,0,"- ","- ",,,MONTEREY,MARINA,-121.77097082,36.667872500000001
8199315,2016,2017-01-03,2712,2016-12-05,1535,1031,,1,5,3,2712,0,0,0,,0,001,"IMJIN PKWY","2ND AV",65.00,W,N,B,-,N,,,,,,,,,,N,4,0,3,3,A,-,03,22350,,N,C,C,A,A,H,-,A,A,0,,,,,Y,,A,08,0,0,3,0,0,0,0,0,0,"- ","- ",,,MONTEREY,MARINA,-121.8090169,36.667862040000003
8201307,2017,2017-03-24,2712,2017-03-09,1004,1031,,4,5,3,2712,0,0,0,,0,001,"DEL MONTE BL","MORTIMER LN",243.00,N,N,A,-,N,,,,,,,,,,N,4,0,1,2,A,-,08,22100,A,N,D,C,A,A,H,-,A,A,0,,,,,Y,,A,08,0,0,1,0,0,0,0,0,0,"- ","- ",,,MONTEREY,MARINA,-121.80122428999999,36.686028970000002
90512144,2017,2017-07-31,9730,2017-07-21,1555,020841,,5,2,6,2708,0,1,2,,1,050,"US-101 S/B","MAIN STREET",185.00,S,N,A,-,Y,,,101,,,,,,S,Y,4,0,1,2,A,-,03,22350,,N,C,C,A,A,H,-,A,D,0,,,,,Y,,A,01,0,0,1,0,0,0,0,0,0,"- ","- ",36.68656,-121.65194,MONTEREY,SALINAS,-121.65193889,36.686562139999999
90512150,2017,2017-07-31,9730,2017-07-21,1710,019818,,5,2,9,2700,0,2,4,,1,075,"SAN JUAN RD","MURPHY RD",0.00,,Y,A,-,N,,,,,,,,,,Y,3,0,1,3,A,-,03,22350,,N,C,C,A,A,H,-,A,D,0,,,,,Y,,A,01,0,1,0,0,0,0,0,0,0,"- ","- ",36.896459999999998,-121.6763,MONTEREY,UNINCORPORATED,-121.67607999000001,36.896410070000002
90512159,2017,2017-07-31,9730,2017-07-21,1220,018543,,5,1,3,2712,0,1,3,,2,062,"SR-1 S/B","RESERVATION ROAD",200.00,S,N,A,-,Y,,,1,,,,,,S,Y,4,0,1,2,A,-,08,22107,,N,B,C,A,A,C,-,A,D,0,,,,,Y,,A,01,0,0,1,0,0,0,0,0,0,"- ","- ",36.694510000000001,-121.80656999999999,MONTEREY,MARINA,-121.80646032,36.694447070000002
90512165,2017,2017-07-31,9730,2017-07-22,1705,020208,,6,2,9,2700,0,1,3,,2,062,"SR-1 S/B",SR-218,50.00,N,N,A,-,Y,,,,,,,,,,N,4,0,2,2,A,-,03,22350,,N,C,C,A,A,H,-,A,D,0,,,,,Y,,D,22,0,0,2,0,0,0,0,0,0,"- ","- ",36.610799999999998,-121.85765000000001,MONTEREY,UNINCORPORATED,,
90512167,2017,2017-07-31,9730,2017-07-22,1212,016730,,6,1,4,2710,0,1,3,,2,062,"SR-1 S/B","FREMONT BLVD. (SEASIDE)",4224.00,N,N,B,-,Y,,,,,,,,,,N,4,0,2,2,A,-,03,22350,,N,C,C,A,A,H,-,A,D,0,,,,,Y,,A,01,0,0,2,0,0,0,0,0,0,"- ","- ",,,MONTEREY,SEASIDE,,
90512175,2017,2017-07-31,9730,2017-07-22,1308,019745,,6,1,9,2700,0,1,3,,2,062,"SR-1 S/B FROM LIGHTFIGHTER AVE W/B","LIGHTFIGHTER AVE",528.00,S,N,B,-,Y,,,1,,,,R,,S,Y,4,0,1,2,A,-,17,21658,,N,D,C,A,A,H,-,A,D,0,,,,,Y,,A,07,0,0,1,0,0,0,0,0,0,"- ","- ",36.646000000000001,-121.81910000000001,MONTEREY,UNINCORPORATED,-121.81910000000001,36.646000000000001
90512181,2017,2017-07-31,9730,2017-07-22,1542,020621,,6,2,9,2700,0,2,4,,1,073,"SALINAS ROAD","JONATHAN STREET",170.00,S,N,A,-,N,,,,,,,,,,N,4,0,4,4,A,-,03,22350,,N,C,C,A,A,H,-,A,D,0,,,,,Y,,A,01,0,0,4,0,0,0,0,0,0,"- ","- ",36.900500000000001,-121.74823000000001,MONTEREY,UNINCORPORATED,-121.74813220999999,36.900353959999997
90512184,2017,2017-07-31,9730,2017-07-22,1137,019745,,6,1,9,2700,0,1,3,,2,062,"SR-1 (S/B)","TIOGA AVE",75.00,N,N,A,-,Y,,,,,,,,,,Y,4,0,1,3,A,-,03,22350,,N,C,C,A,A,H,-,A,D,0,,,,,Y,,A,01,0,0,1,0,0,0,0,0,0,"- ","- ",36.618099999999998,-121.8486,MONTEREY,UNINCORPORATED,-121.8487653,36.618019859999997
90512202,2017,2017-07-31,9730,2017-07-23,1200,018350,,7,1,9,2700,0,3,5,,2,007,"SALINAS ROAD","WERNER ROAD",10.00,E,N,A,-,N,,,,,,,,,,Y,3,0,1,2,A,-,08,22107,,N,D,C,A,A,H,-,A,D,0,,,,,Y,,E,22,0,1,0,0,0,0,0,0,0,"- ","- ",36.878549999999997,-121.75001,MONTEREY,UNINCORPORATED,-121.75136695,36.87827704
90512305,2017,2017-08-14,9730,2017-07-20,1035,018886,,4,1,9,2700,0,3,5,,2,003,"ABBOTT STREET","HARRIS ROAD",6864.00,S,N,A,-,N,,,,,,,,,,Y,4,0,1,2,A,-,08,22107,,N,B,C,A,A,H,-,A,D,0,,,,Y,Y,,D,22,0,0,1,0,0,0,0,0,0,"- ","- ",36.630980000000001,-121.59321,MONTEREY,UNINCORPORATED,-121.59459754,36.632059890000001
90512314,2017,2017-07-31,9730,2017-07-24,0840,020391,,1,1,9,2700,0,1,3,,1,022,"SR-1 SOUTHBOUND","VALLEY WAY",220.00,N,N,B,-,Y,,,1,,,,,,S,Y,4,0,1,2,A,-,07,21658,A,N,B,C,A,A,H,-,A,D,0,,,,,Y,,A,01,0,0,1,0,0,0,0,0,0,"- ","- ",36.56073,-121.91117,MONTEREY,UNINCORPORATED,-121.91174313,36.560706670000002
90512315,2017,2017-07-31,9730,2017-07-22,1812,021707,,6,2,9,2700,0,1,2,,1,070,"US 101 N/B","DUNBARTON ROAD",185.00,S,N,A,-,Y,,,,,,,,,,Y,4,0,2,3,A,-,03,22350,,N,C,C,A,A,H,-,A,D,0,,,,,Y,,D,22,0,0,2,0,0,0,0,0,0,"- ","- ",36.844639999999998,-121.63436,MONTEREY,UNINCORPORATED,-121.63437844000001,36.844783990000003
90512317,2017,2017-07-31,9730,2017-07-21,1708,020841,,5,2,9,2700,0,3,5,,2,005,"HARRISON ROAD","MARTINES ROAD",1003.00,N,N,A,-,N,,,,,,,,,,Y,4,0,1,2,A,-,05,21460,C,N,A,C,A,A,H,-,A,D,0,,,,,Y,Y,A,07,0,0,1,0,0,0,0,0,0,"- ","- ",36.751829999999998,-121.65652,MONTEREY,UNINCORPORATED,-121.65646221999999,36.7517231
90512320,2017,2017-07-31,9730,2017-07-22,1048,017184,,6,1,9,2700,0,3,5,,2,002,"CARPENTER ST.","SERRA AVE.",0.00,,Y,A,-,N,,,,,,,,,,Y,4,0,1,2,A,-,09,21802,A,N,D,C,A,A,H,-,A,A,0,,,Y,,Y,,A,01,0,0,1,0,0,0,0,0,1,"- ","- ",36.565519999999999,-121.91488,MONTEREY,UNINCORPORATED,-121.91479995,36.565530109999997
90512322,2017,2017-07-31,9730,2017-07-23,0930,020391,,7,1,9,2700,0,1,2,,1,030,"US-101 N/B TO FRONT ST N/B","4TH ST",35.00,S,N,A,-,Y,,,101,,,,R,,N,N,4,0,2,3,A,-,03,22350,,N,C,C,A,A,H,-,A,A,0,,,,,Y,,A,01,0,0,2,0,0,0,0,0,0,"- ","- ",36.417169999999999,-121.32158,MONTEREY,UNINCORPORATED,-121.32158,36.417169999999999
90512392,2017,2017-07-31,9730,2017-07-24,1621,018810,,1,2,9,2700,0,1,3,,2,062,"SR-1 N/B","CASA VERDE WAY OVERCROSSING",1056.00,S,N,B,-,Y,,,1,,,,,,N,Y,4,0,1,3,A,-,07,21658,A,N,C,C,A,A,H,-,A,D,0,,,Y,,Y,,A,01,0,0,1,0,0,0,0,0,0,"- ","- ",36.594589999999997,-121.86971,MONTEREY,UNINCORPORATED,-121.86968561,36.594519720000001
90512400,2017,2017-07-31,9730,2017-07-24,2015,019818,,1,2,9,2700,0,2,4,,1,073,"SAN MIGUEL CANYON RD","PRUNEDALE NORTH RD",0.00,,Y,A,B,N,,,,,,,,,,Y,3,0,1,3,A,-,12,21453,A,F,D,C,A,A,H,-,B,A,0,,,,,Y,,A,01,0,1,0,0,0,0,0,0,0,"- ","- ",36.801560000000002,-121.66587,MONTEREY,UNINCORPORATED,-121.66584992999999,36.801540019999997
90512419,2017,2017-07-31,9730,2017-07-23,0930,018543,,7,1,4,2706,0,1,3,,2,062,"SR-1 S/B","FREMONT STREET (MONTEREY)",250.00,N,N,B,-,Y,,,1,,,,,,S,Y,4,0,2,3,A,-,08,22107,,M,B,C,A,A,H,-,A,D,0,,,,,Y,,-,99,0,0,2,0,0,0,0,0,0,"- ","- ",36.594200000000001,-121.87253,MONTEREY,MONTEREY,-121.87252697,36.594174639999999
90512603,2017,2017-07-31,9730,2017-07-22,0210,021359,,6,3,9,2700,0,3,5,,2,007,"TRAFTON ROAD","SALINAS ROAD",1320.00,W,N,A,-,N,,,,,,,,,,Y,3,0,1,1,A,-,01,23152,A,N,F,A,A,A,H,-,D,D,0,,,,,Y,Y,A,01,0,1,0,0,0,0,0,0,0,"- ","- ",36.882199999999997,-121.76439999999999,MONTEREY,UNINCORPORATED,-121.7513994,36.88565938
90512736,2017,2017-07-31,9730,2017-07-25,1822,019745,,2,2,9,2700,0,3,5,,2,007,"DOLAN RD","CASTROVILLE BLVD",0.00,,Y,A,-,N,,,,,,,,,,Y,4,0,2,2,A,-,09,21801,A,N,D,C,A,A,H,-,A,A,0,,,,,Y,,A,01,0,0,2,0,0,0,0,0,0,"- ","- ",36.796599999999998,-121.7244,MONTEREY,UNINCORPORATED,-121.72462994,36.796610010000002
90513149,2017,2017-07-31,9735,2017-07-23,1142,017681,,7,1,9,2700,0,2,4,,2,010,"ARROYO SECO ROAD","THORNE ROAD",525.00,N,N,A,-,N,,,,,,,,,,Y,2,0,1,1,A,-,01,23152,A,N,E,I,A,A,H,-,A,D,0,,,,,Y,Y,D,22,1,0,0,0,0,0,0,0,0,"- ","- ",36.315869999999997,-121.31159,MONTEREY,UNINCORPORATED,-121.31156659,36.31618418
90514717,2017,2017-08-02,9730,2017-07-27,1551,018810,,4,2,9,2700,0,1,3,,2,062,"SR-1 N/B","NORTH EDGE MUNRAS AVENUE UNDERCROSSING",9.00,S,N,A,-,Y,,,1,,,,,,N,Y,3,0,1,1,A,-,03,22350,,N,E,I,A,A,H,-,A,D,0,,,,,Y,,A,01,0,1,0,0,0,0,0,0,0,"- ","- ",36.58032,-121.90366,MONTEREY,UNINCORPORATED,-121.9036924,36.580372709999999
8201471,2017,2017-03-28,2712,2017-03-14,1601,1031,,2,5,3,2712,0,0,0,,0,001,"RESERVATION RD","DE FOREST RD",22.00,W,N,A,-,N,,,,,,,,,,N,3,0,2,2,A,-,08,22107,,N,D,G,A,A,H,-,A,A,0,,Y,Y,,Y,,L,04,0,1,1,0,0,0,1,0,1,"- ","- ",,,MONTEREY,MARINA,-121.79354487000001,36.684640379999998
8201475,2017,2017-03-28,2712,2017-03-08,2227,1073,2712,3,5,3,2712,0,0,0,,0,001,"RESERVATION RD","IMJIN PKWY",0.00,,Y,A,-,N,,,,,,,,,,Y,4,0,1,2,A,-,12,21453,A,N,D,C,A,A,H,-,C,A,0,,,,,Y,,A,07,0,0,1,0,0,0,0,0,0,"- ","- ",,,MONTEREY,MARINA,-121.76659991,36.671430030000003
8204758,2016,2017-01-11,2706,2016-12-22,1442,939,MPD,4,5,4,2706,0,0,0,,0,002,"MUNRAS AV","SOLEDAD DR",88.00,N,N,-,-,N,,,,,,,,,,Y,4,0,2,3,A,-,"- ",,,N,-,-,A,-,-,-,-,-,0,,,,,Y,,-,"- ",0,0,2,0,0,0,0,0,0,"- ","- ",,,MONTEREY,MONTEREY,-121.90170624,36.583567549999998
8204778,2016,2017-01-11,2706,2016-12-22,1104,611,MPD,4,5,4,2706,0,0,0,,0,003,"FAIRGROUND RD","GARDEN AV",0.00,,Y,A,-,N,,,,,,,,,,N,4,0,1,2,A,-,03,22350,,N,C,C,A,A,H,-,A,A,0,,,,,Y,,A,07,0,0,1,0,0,0,0,0,0,"- ","- ",,,MONTEREY,MONTEREY,-121.86653998,36.594300050000001
8204785,2016,2017-03-06,2706,2016-12-20,1414,428,MPD,2,5,4,2706,0,0,0,,0,003,"RT 68","CANYON DEL REY BL",1584.00,W,N,A,-,Y,MON,5,68,-,-,6.520,H,-,W,Y,4,0,1,2,A,-,04,21703,,N,C,C,A,A,H,-,A,D,0,,,,,Y,Y,A,01,0,0,1,0,0,0,0,0,0,"- ","- ",,,MONTEREY,MONTEREY,-121.8335344,36.581513620000003
8204881,2016,2017-01-11,2706,2016-12-21,2027,410,MPD,3,5,4,2706,0,0,0,,0,001,"PRESCOTT AV","JESSIE ST",9.00,W,N,A,-,N,,,,,,,,,,N,3,0,1,2,A,-,06,21750,,N,C,C,A,A,H,-,C,D,0,,,Y,,Y,,C,02,0,1,0,0,0,0,0,0,1,"- ","- ",,,MONTEREY,MONTEREY,-121.91760621,36.60646715