CASE_ID,ACCIDENT_YEAR,PROC_DATE,JURIS,COLLISION_DATE,COLLISION_TIME,OFFICER_ID,REPORTING_DISTRICT,DAY_OF_WEEK,CHP_SHIFT,POPULATION,CNTY_CITY_LOC,SPECIAL_COND,BEAT_TYPE,CHP_BEAT_TYPE,CITY_DIVISION_LAPD,CHP_BEAT_CLASS,BEAT_NUMBER,PRIMARY_RD,SECONDARY_RD,DISTANCE,DIRECTION,INTERSECTION,WEATHER_1,WEATHER_2,STATE_HWY_IND,CALTRANS_COUNTY,CALTRANS_DISTRICT,STATE_ROUTE,ROUTE_SUFFIX,POSTMILE_PREFIX,POSTMILE,LOCATION_TYPE,RAMP_INTERSECTION,SIDE_OF_HWY,TOW_AWAY,COLLISION_SEVERITY,NUMBER_KILLED,NUMBER_INJURED,PARTY_COUNT,PRIMARY_COLL_FACTOR,PCF_CODE_OF_VIOL,PCF_VIOL_CATEGORY,PCF_VIOLATION,PCF_VIOL_SUBSECTION,HIT_AND_RUN,TYPE_OF_COLLISION,MVIW,PED_ACTION,ROAD_SURFACE,ROAD_COND_1,ROAD_COND_2,LIGHTING,CONTROL_DEVICE,CHP_ROAD_TYPE,PEDESTRIAN_ACCIDENT,BICYCLE_ACCIDENT,MOTORCYCLE_ACCIDENT,TRUCK_ACCIDENT,NOT_PRIVATE_PROPERTY,ALCOHOL_INVOLVED,STWD_VEHTYPE_AT_FAULT,CHP_VEHTYPE_AT_FAULT,COUNT_SEVERE_INJ,COUNT_VISIBLE_INJ,COUNT_COMPLAINT_PAIN,COUNT_PED_KILLED,COUNT_PED_INJURED,COUNT_BICYCLIST_KILLED,COUNT_BICYCLIST_INJURED,COUNT_MC_KILLED,COUNT_MC_INJURED,PRIMARY_RAMP,SECONDARY_RAMP,LATITUDE,LONGITUDE,COUNTY,CITY,POINT_X,POINT_Y
8204885,2016,2017-01-11,2706,2016-12-21,1210,181,MPD,3,5,4,2706,0,0,0,,0,002,"PACIFIC ST","COLTON ST",137.00,S,N,A,-,N,,,,,,,,,,N,3,0,1,2,A,-,09,21804,A,N,D,C,A,A,H,-,A,D,0,,,Y,,Y,,A,01,0,1,0,0,0,0,0,0,1,"- ","- ",,,MONTEREY,MONTEREY,-121.8987814,36.591814470000003
8204901,2016,2017-01-11,2706,2016-12-30,1307,250,2706,5,5,4,2706,0,0,0,,0,003,"DEL MONTE AV","OCEAN AV",69.00,E,N,A,-,N,,,,,,,,,,N,3,0,1,1,A,-,03,22350,,N,F,A,A,A,H,-,A,A,0,,,Y,,Y,,C,02,0,1,0,0,0,0,0,0,1,"- ","- ",,,MONTEREY,MONTEREY,-121.88036499,36.599894220000003
8204905,2016,2017-01-11,2706,2016-12-27,2120,635,MPD,2,5,4,2706,0,0,0,,0,001,"PRESCOTT AV","LIGHTHOUSE AV",0.00,,Y,A,-,N,,,,,,,,,,Y,4,0,2,3,A,-,03,22350,,N,C,C,A,A,H,-,C,A,0,,,,,Y,,A,07,0,0,2,0,0,0,0,0,0,"- ","- ",,,MONTEREY,MONTEREY,-121.90268997,36.614710039999999
8204913,2016,2017-01-11,2706,2016-12-30,2203,375,2706,5,5,4,2706,0,0,0,,0,001,"LIGHTHOUSE AV","PRIVATE BOLIO RD",74.00,S,N,A,-,N,,,,,,,,,,Y,3,0,1,1,A,-,03,22350,,N,E,I,A,A,H,-,C,D,0,,,,,Y,,A,01,0,1,0,0,0,0,0,0,0,"- ","- ",,,MONTEREY,MONTEREY,-121.89701076999999,36.608369799999998
8204917,2016,2017-01-11,2706,2016-12-17,1930,627,2706,6,5,4,2706,0,0,0,,0,002,"DON DAHVEE LN","ALTA MESA CIR",440.00,W,N,B,-,N,,,,,,,,,,N,4,0,1,1,A,-,03,22350,,N,H,J,A,B,H,-,D,D,0,,,,,Y,,A,01,0,0,1,0,0,0,0,0,0,"- ","- ",,,MONTEREY,MONTEREY,-121.89831896,36.586834889999999
8204921,2016,2017-01-11,2706,2016-12-19,1513,428,MPD,1,5,4,2706,0,0,0,,0,003,"ENGLISH AV","DEL MONTE AV",0.00,,Y,C,-,N,,,,,,,,,,N,4,0,1,2,A,-,03,22350,,N,C,C,A,B,H,-,A,A,0,,,,,Y,,A,08,0,0,1,0,0,0,0,0,0,"- ","- ",,,MONTEREY,MONTEREY,-121.86071986,36.604820089999997
90514899,2017,2017-08-02,9730,2017-07-28,1730,020208,,5,2,9,2700,0,1,3,,2,062,"SR-1 N/B TO SR-68 E/B","SR-68 SALINAS",1214.00,S,N,B,-,Y,,,1,,,,R,,N,Y,3,0,1,4,A,-,03,22350,,N,C,C,A,A,H,-,A,D,0,,,,,Y,,A,07,0,1,0,0,0,0,0,0,0,"- ","- ",36.593969999999999,-121.87229000000001,MONTEREY,UNINCORPORATED,-121.87229000000001,36.593969999999999
90515166,2017,2017-08-02,9735,2017-07-31,1708,019486,,1,2,9,2700,0,2,4,,2,010,"ARROYO SECO RD","THORNE RD",396.00,W,N,A,-,N,,,,,,,,,,Y,2,0,6,2,A,-,05,21460,C,N,B,C,A,A,H,-,A,D,0,,,,Y,Y,,A,08,2,1,3,0,0,0,0,0,0,"- ","- ",36.313420000000001,-121.3113,MONTEREY,UNINCORPORATED,-121.31147221000001,36.315838120000002
90515185,2017,2017-08-02,9735,2017-08-01,1705,019486,,2,2,9,2700,0,1,3,,2,030,"S/R 146","STONEWALL CANYON RD",2112.00,E,N,A,-,Y,,,,,,,,,,Y,4,0,1,1,A,-,03,22350,,N,F,A,A,A,H,-,A,D,0,,,,,Y,,D,22,0,0,1,0,0,0,0,0,0,"- ","- ",36.423110000000001,-121.28767000000001,MONTEREY,UNINCORPORATED,,
90516554,2017,2017-08-04,9735,2017-08-03,0510,020036,,4,3,9,2700,0,1,2,,2,043,"US-101 N/B","LOCKWOOD SAN LUCAS RD",528.00,N,N,B,-,Y,,,101,,,,,,N,Y,4,0,2,1,A,-,08,22107,,N,F,A,A,A,H,-,D,D,0,,,,,Y,,A,01,0,0,2,0,0,0,0,0,0,"- ","- ",36.095469999999999,-121.02311,MONTEREY,UNINCORPORATED,-121.02321846,36.095361539999999
90517268,2017,2017-08-07,9730,2017-07-27,0635,018543,,4,1,9,2700,0,3,5,,2,007,"NATIVIDAD ROAD","MPM 1.6",80.00,W,N,B,-,N,,,,,,,,,,Y,3,0,1,1,A,-,03,22350,,N,H,J,A,A,H,-,A,D,0,,,Y,,Y,,C,02,0,1,0,0,0,0,0,0,1,"- ","- ",36.731479999999998,-121.61188,MONTEREY,UNINCORPORATED,,
90517269,2017,2017-08-07,9730,2017-07-28,1600,021794,,5,2,4,2706,0,1,3,,2,062,"SR-1 N/B","MUNRAS AVENUE",59.00,N,N,A,-,Y,,,1,,,,,,N,N,4,0,1,2,D,-,00,,,N,C,C,A,A,H,-,A,D,0,,,,,Y,,-,"- ",0,0,1,0,0,0,0,0,0,"- ","- ",36.580660000000002,-121.90316,MONTEREY,MONTEREY,-121.90317434000001,36.580684060000003
90517272,2017,2017-08-07,9730,2017-07-29,1125,020391,,6,1,9,2700,0,2,4,,1,073,"SAN MIGUEL CYN RD","ECHO VALLEY RD",0.00,,Y,A,-,N,,,,,,,,,,Y,3,0,1,3,A,-,09,21801,A,N,D,C,A,A,H,-,A,A,0,,,,Y,Y,,A,01,0,1,0,0,0,0,0,0,0,"- ","- ",36.821739999999998,-121.67346000000001,MONTEREY,UNINCORPORATED,-121.67346996000001,36.821660080000001
90517283,2017,2017-08-07,9730,2017-07-29,1859,021407,,6,2,9,2700,0,3,5,,2,003,"RIVER ROAD","SANCHEZ ROAD",0.00,,N,A,-,N,,,,,,,,,,N,3,0,1,2,A,-,08,22107,,F,A,G,A,A,H,-,A,D,0,,Y,,,Y,,-,99,0,1,0,0,0,0,1,0,0,"- ","- ",36.4711,-121.46810000000001,MONTEREY,UNINCORPORATED,-121.46168987999999,36.46911008
90517293,2017,2017-08-07,9730,2017-07-29,2339,020990,,6,3,9,2700,0,3,5,,2,007,"BLACKIE ROAD","COMMERCIAL PARKWAY",4205.00,E,N,A,-,N,,,,,,,,,,Y,2,0,3,1,A,-,01,23152,A,N,F,A,A,A,H,-,D,D,0,,,,,Y,Y,A,07,1,2,0,0,0,0,0,0,0,"- ","- ",36.771619999999999,-121.7161,MONTEREY,UNINCORPORATED,-121.7292313,36.76451599
90517294,2017,2017-08-07,9730,2017-07-30,1707,020621,,7,2,9,2700,0,1,2,,1,070,"US-101 S/B","SALA ROAD OVER CROSSING",0.00,,Y,A,-,Y,,,101,,,,,,S,Y,3,0,1,2,A,-,03,22350,,N,C,C,A,A,H,-,A,D,0,,,Y,,Y,,C,02,0,1,0,0,0,0,0,0,1,"- ","- ",36.743580000000001,-121.66037,MONTEREY,UNINCORPORATED,-121.66049932,36.743530790000001
90517312,2017,2017-08-07,9730,2017-07-31,2241,021320,,1,3,9,2700,0,3,5,,2,007,"SAN JUAN GRADE ROAD","CRAZY HORSE CANYON ROAD",7920.00,N,N,A,-,N,,,,,,,,,,Y,3,0,1,1,A,-,01,23152,A,N,E,I,A,A,H,-,D,D,0,,,,,Y,Y,A,01,0,1,0,0,0,0,0,0,0,"- ","- ",36.790500000000002,-121.5891,MONTEREY,UNINCORPORATED,-121.58828775000001,36.789642399999998
90517339,2017,2017-08-07,9730,2017-08-01,1806,012332,,2,2,9,2700,0,1,2,,1,070,"US-101 S/B",SR-156,100.00,S,N,A,-,Y,,,101,,,,,,S,Y,3,0,1,4,A,-,03,22350,,N,C,C,A,A,H,-,A,D,0,,,,,Y,,D,22,0,1,0,0,0,0,0,0,0,"- ","- ",36.78922,-121.6677,MONTEREY,UNINCORPORATED,-121.66772229,36.789224709999999
90517729,2017,2018-07-17,9730,2017-05-13,1258,020391,,6,1,9,2700,0,3,5,,2,006,"ESPINOSA ROAD","RODGERS ROAD",1475.00,E,N,A,G,N,,,,,,,,,,Y,1,3,0,3,A,-,01,23152,F,N,D,C,A,A,H,-,A,D,0,,,,Y,Y,,A,01,0,0,0,0,0,0,0,0,0,"- ","- ",36.742939999999997,-121.68662,MONTEREY,UNINCORPORATED,-121.68663891999999,36.742982589999997
90517754,2017,2017-08-07,9730,2017-08-02,0609,017785,,3,1,9,2700,0,1,2,,1,030,"US-101 NORTHBOUND","CHUALAR RIVER ROAD O/C",8448.00,S,N,B,-,Y,,,101,,,,,,N,Y,3,0,1,2,A,-,07,21658,A,N,B,C,A,A,H,-,A,D,0,,,,,Y,,D,22,0,1,0,0,0,0,0,0,0,"- ","- ",36.61056,-121.56375,MONTEREY,UNINCORPORATED,-121.5637887,36.610507319999996
90517904,2017,2017-08-07,9730,2017-08-03,0740,018543,,4,1,9,2700,0,1,3,,1,014,"SR-1 N/B","MPM 62.2",40.00,N,N,A,-,Y,,,1,,,,,,N,Y,4,0,3,1,A,-,08,22107,,N,F,A,A,A,H,-,A,D,0,,,,,Y,,A,01,0,0,3,0,0,0,0,0,0,"- ","- ",36.409610000000001,-121.91437000000001,MONTEREY,UNINCORPORATED,-121.91429903,36.409675919999998
90518027,2017,2017-08-07,9735,2017-08-07,0630,017257,,1,1,9,2700,0,1,2,,2,043,"US 101 SOUTHBOUND","SAN ARDO UNDERCROSSING",528.00,N,N,B,-,Y,,,,,,,,,,Y,4,0,1,1,A,-,08,22107,,N,F,A,A,A,H,-,B,A,0,,,,,Y,,A,01,0,0,1,0,0,0,0,0,0,"- ","- ",36.0137,-120.92281,MONTEREY,UNINCORPORATED,,
90518045,2017,2017-08-07,9730,2017-08-03,1520,019239,,4,2,2,2703,0,1,2,,1,030,"US-101 NB","5TH STREET O.C.",900.00,S,N,A,-,Y,,,,,,,,,,Y,4,0,1,2,A,-,07,21658,A,N,B,C,A,A,H,-,A,D,0,,,,Y,Y,,A,01,0,0,1,0,0,0,0,0,0,"- ","- ",36.618009999999998,-121.57431,MONTEREY,GONZALES,,
90518170,2017,2017-08-07,9730,2017-08-03,1330,017785,,4,1,9,2700,0,1,2,,1,030,"US-101 NORTHBOUND","SPENCE ROAD",1056.00,S,N,A,-,Y,,,101,,,,,,N,Y,4,0,1,2,A,-,03,22350,,N,C,C,A,A,H,-,A,D,0,,,,,Y,,A,01,0,0,1,0,0,0,0,0,0,"- ","- ",36.61056,-121.56375,MONTEREY,UNINCORPORATED,-121.5637887,36.610507319999996
90518453,2017,2017-08-08,9730,2017-07-31,2030,021320,,1,2,9,2700,0,2,4,,1,073,"HALL ROAD","LAS LOMAS DRIVE",200.00,E,N,A,-,N,,,,,,,,,,Y,4,0,5,2,A,-,03,22350,,N,C,C,A,A,H,-,C,A,0,,,,,Y,Y,A,01,0,0,5,0,0,0,0,0,0,"- ","- ",36.864919999999998,-121.73287999999999,MONTEREY,UNINCORPORATED,-121.73308638,36.864987259999999
90518464,2017,2017-08-08,9730,2017-08-04,1802,019956,,5,2,9,2700,0,3,5,,2,002,"HATTON RD","OCEAN AVE",0.00,,Y,A,-,N,,,,,,,,,,Y,4,0,3,2,A,-,09,21802,A,N,D,C,A,A,H,-,A,A,0,,,,,Y,,A,07,0,0,3,0,0,0,0,0,0,"- ","- ",36.555860000000003,-121.91228,MONTEREY,UNINCORPORATED,-121.91221991,36.555860070000001
90518598,2017,2017-08-08,9730,2017-08-01,0610,015160,,2,1,9,2700,0,1,3,,1,074,SR-1,SR-183,0.00,,Y,B,-,Y,,,1,,,,,,,Y,4,0,1,2,A,-,09,21802,A,N,D,C,A,A,H,-,A,A,0,,,,,Y,,D,22,0,0,1,0,0,0,0,0,0,"- ","- ",36.770800000000001,-121.7655,MONTEREY,UNINCORPORATED,-121.7654388,36.770836590000002
90518640,2017,2017-08-08,9730,2017-08-04,1350,019956,,5,1,9,2700,0,1,3,,1,024,"SR-68 (HOLMAN HIGHWAY)","SKYLINE FOREST DR",1584.00,E,N,A,-,Y,,,68,,,,,,,N,4,0,1,3,A,-,03,22350,,N,C,C,A,A,H,-,A,D,0,,,,Y,Y,,G,26,0,0,1,0,0,0,0,0,0,"- ","- ",36.581829999999997,-121.91791000000001,MONTEREY,UNINCORPORATED,-121.91789373,36.581829759999998
90518851,2017,2017-08-08,9730,2017-08-04,0740,018298,,5,1,6,2708,0,1,2,,1,050,"US-101 S/B","BORONDA RD.",3696.00,S,N,A,-,Y,,,101,,,,,,S,Y,3,0,1,1,A,-,08,22107,,N,E,I,A,A,H,-,B,D,0,,,,,Y,,A,01,0,1,0,0,0,0,0,0,0,"- ","- ",36.709780000000002,-121.66416,MONTEREY,SALINAS,-121.66408147,36.709743950000004
90518940,2017,2017-08-16,9730,2017-08-06,1135,018298,,7,1,9,2700,0,1,3,,1,068,SR-68,"SAN BENANCIO RD.",3168.00,E,N,A,-,Y,,,68,,,,,,,Y,3,0,1,1,A,-,08,22107,,N,E,I,A,A,H,-,A,D,0,,,,,Y,,A,07,0,1,0,0,0,0,0,0,0,"- ","- ",36.585470000000001,-121.71243,MONTEREY,UNINCORPORATED,-121.71236820999999,36.585448710000001
90519113,2017,2017-08-08,9730,2017-08-04,1235,017502,,5,1,9,2700,0,2,4,,1,023,"CARMEL VALLEY ROAD","BORONDA ROAD",30.00,E,N,A,-,N,,,,,,,,,,Y,3,0,3,4,A,-,03,22350,,N,C,C,A,A,H,-,A,D,0,,,,,Y,,D,22,0,1,2,0,0,0,0,0,0,"- ","- ",36.494300000000003,-121.7467,MONTEREY,UNINCORPORATED,-121.74665262000001,36.494248079999998
90520342,2017,2017-08-10,9730,2017-08-02,1620,020208,,3,2,9,2700,0,2,4,,1,073,"HALL ROAD","JOHNSON ROAD",0.00,,Y,A,-,N,,,,,,,,,,N,4,0,1,2,A,-,09,21802,A,N,D,C,A,A,H,-,A,D,0,,,,,Y,Y,D,22,0,0,1,0,0,0,0,0,0,"- ","- ",36.8611,-121.70725,MONTEREY,UNINCORPORATED,-121.70721989,36.861260110000003
90520349,2017,2017-08-10,9730,2017-08-03,2334,020990,,4,3,9,2700,0,1,3,,1,068,"EASTBOUND SR-68","JOSSELYN CANYON ROAD",1584.00,W,N,A,-,Y,,,68,,,,,,,Y,2,0,1,1,A,-,08,22107,,N,E,I,A,A,H,-,D,D,0,,,,,Y,Y,A,07,1,0,0,0,0,0,0,0,0,"- ","- ",36.586640000000003,-121.8643,MONTEREY,UNINCORPORATED,-121.86425662000001,36.586702580000001
90520398,2017,2017-08-10,9730,2017-07-30,0230,021707,,7,3,6,2708,0,1,2,,1,050,"US-101 N/B","SHERWOOD O/C",70.00,S,N,A,-,Y,,,101,,,,,,N,Y,3,0,1,1,A,-,01,23152,A,N,F,I,A,A,H,-,D,D,0,,,,,Y,Y,A,01,0,1,0,0,0,0,0,0,0,"- ","- ",36.68479,-121.64830000000001,MONTEREY,SALINAS,-121.64827235,36.684843190000002
90520478,2017,2017-08-10,9730,2017-08-05,1247,016730,,6,1,9,2700,0,1,3,,1,072,"SR-156 W/B","PRUNDALE ROAD NORTH",94.00,W,N,A,-,Y,,,156,,,,,,W,Y,3,0,3,2,A,-,08,22107,,N,D,C,A,A,H,-,A,D,0,,,,,Y,,A,07,0,1,2,0,0,0,0,0,0,"- ","- ",36.78875,-121.67126,MONTEREY,UNINCORPORATED,-121.67126269000001,36.788728620000001
90520621,2017,2017-08-10,9730,2017-08-06,1050,020424,,7,1,6,2708,0,1,2,,1,050,"US-101 NORTHBOUND","MARKET STREET",1056.00,N,N,A,-,Y,,,101,,,,,,N,Y,3,0,2,1,A,-,08,22107,,N,E,I,A,A,H,-,A,D,0,,,,,Y,,A,01,0,1,1,0,0,0,0,0,0,"- ","- ",36.681010000000001,-121.64252999999999,MONTEREY,SALINAS,-121.64247412,36.68105594
90520648,2017,2017-08-10,9735,2017-08-09,0015,020302,,3,3,9,2700,0,1,2,,2,042,"N/B US-101 OFFRAMP TO WILD HORSE ROAD","WILD HORSE RD",235.00,S,N,A,-,Y,,,101,,,,R,,,Y,3,0,1,2,A,-,08,22107,,N,C,E,A,A,H,-,D,D,0,,,,Y,Y,,A,01,0,1,0,0,0,0,0,0,0,"- ","- ",36.187049999999999,-121.07101,MONTEREY,UNINCORPORATED,-121.07101,36.187049999999999
90520720,2017,2017-08-10,9730,2017-08-07,1140,018886,,1,1,9,2700,0,1,3,,1,074,SR-1,"DOLAN ROAD",0.00,,Y,A,-,Y,,,1,,,,,,,N,4,0,1,2,A,-,03,22350,,N,C,C,A,A,H,-,A,D,0,,,,Y,Y,,F,26,0,0,1,0,0,0,0,0,0,"- ","- ",36.804200000000002,-121.78368,MONTEREY,UNINCORPORATED,-121.78379083999999,36.80420668
90520728,2017,2017-08-10,9730,2017-08-07,2000,021776,,1,2,9,2700,0,2,4,,1,023,"CARMEL VALLEY ROAD","53 EAST CARMEL VALLEY ROAD(PVT DRIVEWAY)",93.00,W,N,A,-,N,,,,,,,,,,Y,3,0,1,1,A,-,01,23152,A,N,F,A,A,A,H,-,C,D,0,,,,,Y,Y,D,22,0,1,0,0,0,0,0,0,0,"- ","- ",36.476860000000002,-121.7261,MONTEREY,UNINCORPORATED,,
90520913,2017,2017-08-10,9730,2017-08-09,0714,017502,,3,1,9,2700,0,1,3,,1,066,SR-183,"MCFADDEN ROAD",550.00,N,N,B,-,Y,,,183,,,,,,,Y,4,0,2,1,A,-,08,22107,,N,F,I,A,B,H,-,A,D,0,,,,,Y,,A,07,0,0,2,0,0,0,0,0,0,"- ","- ",36.698,-121.7021,MONTEREY,UNINCORPORATED,-121.70202897999999,36.698075660000001
90520925,2017,2017-08-10,9730,2017-08-09,1103,017785,,3,1,9,2700,0,3,5,,2,004,"OLD STAGE ROAD","IVERSON ROAD",1584.00,N,N,A,-,N,,,,,,,,,,N,3,0,1,2,A,-,08,22107,,N,B,C,A,A,H,-,A,D,0,,,,,Y,,M,46,0,1,0,0,0,0,0,0,0,"- ","- ",36.560960000000001,-121.48151,MONTEREY,UNINCORPORATED,-121.48126188000001,36.560602080000002
90522502,2017,2017-08-14,9730,2017-08-07,0737,018298,,1,1,3,2711,0,1,2,,1,030,"US-101 S/B TO SR-146",SR-146,380.00,S,N,B,-,Y,,,101,,,,R,,S,Y,3,0,1,1,A,-,03,22350,,N,F,A,A,A,H,-,A,D,0,,,,,Y,,A,07,0,1,0,0,0,0,0,0,0,"- ","- ",36.417630000000003,-121.32274,MONTEREY,SOLEDAD,-121.32274,36.417630000000003
90522693,2017,2017-08-14,9730,2017-08-04,1946,012332,,5,2,6,2708,0,1,2,,1,050,"US-101 S/B","BORONDA RD",400.00,S,N,A,-,Y,,,101,,,,,,S,Y,4,0,1,3,A,-,03,22350,,N,C,C,A,A,H,-,A,D,0,,,,Y,Y,,F,26,0,0,1,0,0,0,0,0,0,"- ","- ",36.720790000000001,-121.66037,MONTEREY,SALINAS,-121.660341,36.720782329999999
90522720,2017,2017-08-14,9730,2017-08-04,1624,012332,,5,2,9,2700,0,3,5,,2,005,"SAN JUAN GRADE RD","CRAZY HORSE CYN RD",8448.00,N,N,A,-,N,,,,,,,,,,Y,2,0,2,2,A,-,08,22107,,N,D,C,A,A,H,-,A,D,0,,,,,Y,,A,07,1,0,1,0,0,0,0,0,0,"- ","- ",36.791449999999998,-121.58532,MONTEREY,UNINCORPORATED,-121.58677186,36.790427270000002
90522837,2017,2017-08-14,9730,2017-08-06,1240,018543,,7,1,9,2700,0,1,3,,1,072,"SR-156 E/B","CATHEDRAL OAKS BLVD",528.00,W,N,A,-,Y,,,156,,,,,,E,Y,4,0,4,5,A,-,03,22350,,N,C,C,A,A,H,-,A,D,0,,,,,Y,,A,08,0,0,4,0,0,0,0,0,0,"- ","- ",36.772069999999999,-121.73059000000001,MONTEREY,UNINCORPORATED,-121.73059384,36.772083909999999
90522922,2017,2017-08-14,9730,2017-08-08,0705,018886,,2,1,9,2700,0,3,5,,2,006,"ESPINOSA ROAD","FOXWOOD LANE",2640.00,E,N,A,-,N,,,,,,,,,,N,3,0,3,2,A,-,03,22350,,N,C,C,A,A,H,-,A,D,0,,,,,Y,,A,07,0,1,2,0,0,0,0,0,0,"- ","- ",36.741660000000003,-121.68214,MONTEREY,UNINCORPORATED,-121.68120750999999,36.741459620000001
90524053,2017,2017-08-15,9730,2017-08-10,2001,020576,,4,2,9,2700,0,3,5,,2,002,"PESCADERO ROAD","CASTRO LANE",1056.00,S,N,B,-,N,,,,,,,,,,Y,3,0,1,1,A,-,01,23152,A,N,E,I,A,A,H,-,B,D,0,,,,,Y,Y,A,01,0,1,0,0,0,0,0,0,0,"- ","- ",36.565930000000002,-121.92084,MONTEREY,UNINCORPORATED,-121.91836000000001,36.566789999999997
90524060,2017,2017-08-15,9730,2017-08-10,0645,019127,,4,1,9,2700,0,2,4,,1,075,"SAN JUAN RD","MURPHY RD",1056.00,E,N,B,-,N,,,,,,,,,,N,4,0,1,2,A,-,03,22350,,N,C,C,A,A,H,-,A,D,0,,,,,Y,,D,22,0,0,1,0,0,0,0,0,0,"- ","- ",36.894469999999998,-121.67379,MONTEREY,UNINCORPORATED,-121.67362181,36.894288150000001
90524459,2017,2017-08-16,9730,2017-08-11,1045,017502,,5,1,9,2700,0,3,5,,2,006,"DAVIS ROAD","HITCHCOCK ROAD",0.00,,Y,A,-,N,,,,,,,,,,Y,3,0,2,4,A,-,09,21801,A,F,D,C,A,A,H,-,A,D,0,,,,,Y,,-,99,0,2,0,0,0,0,0,0,0,"- ","- ",36.658999999999999,-121.6919,MONTEREY,UNINCORPORATED,-121.69199996,36.6587101
90524535,2017,2017-08-16,9730,2017-08-11,1600,019956,,5,2,9,2700,0,1,3,,2,062,"SR-1 N/B","LAKE DR",60.00,S,N,B,-,Y,,,,,,,,,,Y,4,0,2,3,A,-,04,21703,,N,C,A,A,A,H,-,A,D,0,,,,,Y,,A,08,0,0,2,0,0,0,0,0,0,"- ","- ",36.683129999999998,-121.80809000000001,MONTEREY,UNINCORPORATED,-121.8081203,36.683160090000001
90524790,2017,2017-08-16,9735,2017-08-15,1740,020841,,2,2,9,2700,0,3,5,,2,002,"LOCKWOOD SAN LUCAS ROAD",US-101,20592.00,W,N,A,-,N,,,,,,,,,,Y,4,0,1,1,A,-,08,22107,,N,F,A,A,A,H,-,A,D,0,,,,,Y,,D,22,0,0,1,0,0,0,0,0,0,"- ","- ",36.046869999999998,-121.06037000000001,MONTEREY,UNINCORPORATED,-121.02348000000001,36.121969999999997
90525438,2017,2017-08-17,9730,2017-08-12,1058,019981,,6,1,9,2700,0,1,3,,1,022,SR-1,"RIBERA ROAD",1320.00,N,N,A,-,Y,,,1,,,,,,,Y,4,0,1,2,A,-,08,22107,,N,C,C,A,A,H,-,A,D,0,,,,,Y,,A,01,0,0,1,0,0,0,0,0,0,"- ","- ",36.532470000000004,-121.916,MONTEREY,UNINCORPORATED,-121.91601011,36.532478130000001
90525691,2017,2017-08-17,9730,2017-08-12,1425,021407,,6,2,9,2700,0,2,4,,1,073,"SAN MIGUEL CANYON ROAD","PARADISE ROAD",12.00,N,N,A,-,N,,,,,,,,,,Y,3,0,2,3,A,-,09,21801,A,N,D,C,A,A,H,-,A,D,0,,,,,Y,,D,22,0,1,1,0,0,0,0,0,0,"- ","- ",36.825000000000003,-121.6759,MONTEREY,UNINCORPORATED,-121.67582637,36.825210220000002
90526990,2017,2017-08-21,9730,2017-08-10,2345,021707,,4,3,9,2700,0,2,4,,1,023,"EAST CARMEL VALLEY ROAD","SAN CLEMENTE DRIVE",230.00,E,N,A,-,N,,,,,,,,,,Y,3,0,1,1,A,-,01,23152,A,N,E,I,A,A,H,-,C,D,0,,,,,Y,Y,D,22,0,1,0,0,0,0,0,0,0,"- ","- ",36.45787,-121.70657,MONTEREY,UNINCORPORATED,-121.70613,36.458399999999997
90527175,2017,2017-08-21,9730,2017-08-12,2327,021776,,6,3,9,2700,0,3,5,,2,005,"SAN JUAN GRADE ROAD","CORNWALL STREET",350.00,S,N,A,-,N,,,,,,,,,,Y,4,0,1,4,A,-,01,23152,A,N,B,E,F,A,H,-,C,D,0,Y,,,,Y,Y,A,01,0,0,1,0,1,0,0,0,0,"- ","- ",36.732460000000003,-121.63873,MONTEREY,UNINCORPORATED,-121.63906351999999,36.732631570000002
90527263,2017,2017-08-21,9730,2017-08-13,1417,018810,,7,2,9,2700,0,1,3,,2,062,"SR-1 S/B","FREMONT STREET O/C",100.00,S,N,B,-,Y,,,,,,,,,,N,4,0,1,2,A,-,03,22350,,N,C,C,A,A,H,-,A,D,0,,,,,Y,,A,01,0,0,1,0,0,0,0,0,0,"- ","- ",36.623690000000003,-121.84778,MONTEREY,UNINCORPORATED,,
90527374,2017,2017-08-21,9730,2017-08-13,1340,020424,,7,1,9,2700,0,1,2,,1,070,"US-101 N/B","SAN JUAN ROAD",6336.00,S,N,A,-,Y,,,101,,,,,,N,Y,4,0,1,2,A,-,03,22350,,N,C,C,A,A,H,-,A,D,0,,,,,Y,,A,01,0,0,1,0,0,0,0,0,0,"- ","- ",36.841009999999997,-121.63205000000001,MONTEREY,UNINCORPORATED,-121.63250338,36.840788279999998
90527514,2017,2017-09-11,9735,2017-05-21,1026,017257,,7,1,9,2700,0,1,2,,2,045,"US 101 NORTHBOUND","BRADELY ROAD UNDERCROSSING",2770.00,S,N,A,-,Y,,,,,,,,,,Y,1,2,3,3,A,-,08,22107,,N,A,C,A,A,H,-,A,A,0,,,,,Y,,D,22,1,1,1,0,0,0,0,0,0,"- ","- ",35.860370000000003,-120.8079,MONTEREY,UNINCORPORATED,,