CASE_ID,ACCIDENT_YEAR,PROC_DATE,JURIS,COLLISION_DATE,COLLISION_TIME,OFFICER_ID,REPORTING_DISTRICT,DAY_OF_WEEK,CHP_SHIFT,POPULATION,CNTY_CITY_LOC,SPECIAL_COND,BEAT_TYPE,CHP_BEAT_TYPE,CITY_DIVISION_LAPD,CHP_BEAT_CLASS,BEAT_NUMBER,PRIMARY_RD,SECONDARY_RD,DISTANCE,DIRECTION,INTERSECTION,WEATHER_1,WEATHER_2,STATE_HWY_IND,CALTRANS_COUNTY,CALTRANS_DISTRICT,STATE_ROUTE,ROUTE_SUFFIX,POSTMILE_PREFIX,POSTMILE,LOCATION_TYPE,RAMP_INTERSECTION,SIDE_OF_HWY,TOW_AWAY,COLLISION_SEVERITY,NUMBER_KILLED,NUMBER_INJURED,PARTY_COUNT,PRIMARY_COLL_FACTOR,PCF_CODE_OF_VIOL,PCF_VIOL_CATEGORY,PCF_VIOLATION,PCF_VIOL_SUBSECTION,HIT_AND_RUN,TYPE_OF_COLLISION,MVIW,PED_ACTION,ROAD_SURFACE,ROAD_COND_1,ROAD_COND_2,LIGHTING,CONTROL_DEVICE,CHP_ROAD_TYPE,PEDESTRIAN_ACCIDENT,BICYCLE_ACCIDENT,MOTORCYCLE_ACCIDENT,TRUCK_ACCIDENT,NOT_PRIVATE_PROPERTY,ALCOHOL_INVOLVED,STWD_VEHTYPE_AT_FAULT,CHP_VEHTYPE_AT_FAULT,COUNT_SEVERE_INJ,COUNT_VISIBLE_INJ,COUNT_COMPLAINT_PAIN,COUNT_PED_KILLED,COUNT_PED_INJURED,COUNT_BICYCLIST_KILLED,COUNT_BICYCLIST_INJURED,COUNT_MC_KILLED,COUNT_MC_INJURED,PRIMARY_RAMP,SECONDARY_RAMP,LATITUDE,LONGITUDE,COUNTY,CITY,POINT_X,POINT_Y
90528035,2017,2017-08-22,9730,2017-08-14,0616,018298,,1,1,9,2700,0,1,2,,1,030,"US-101 S/B TO FRONT ST.","FRONT ST. TO US-101 S/B",0.00,,Y,B,-,Y,,,101,,,,R,,S,Y,2,0,2,2,A,-,01,23152,A,N,A,C,A,A,H,-,A,D,0,,,,,Y,,A,01,1,1,0,0,0,0,0,0,0,"- ","- ",36.435499999999998,-121.34312,MONTEREY,UNINCORPORATED,-121.34312,36.435499999999998
90528189,2017,2017-08-22,9730,2017-08-14,0630,018886,,1,1,9,2700,0,3,5,,2,007,"LEWIS ROAD","COVENANT LANE",1584.00,W,N,B,C,N,,,,,,,,,,Y,3,0,2,1,A,-,03,22350,,N,E,I,A,B,H,-,B,D,0,,,,,Y,,A,01,0,1,1,0,0,0,0,0,0,"- ","- ",36.881869999999999,-121.70665,MONTEREY,UNINCORPORATED,-121.70668001,36.881901220000003
90528203,2017,2017-08-22,9730,2017-08-14,1310,018886,,1,1,9,2700,0,1,3,,1,072,SR-156,"MERIDIAN ROAD",0.00,,Y,B,-,Y,,,156,,,,,,,Y,4,0,2,2,A,-,09,21801,A,N,B,C,A,A,H,-,A,D,0,,,,,Y,,A,01,0,0,2,0,0,0,0,0,0,"- ","- ",36.788060000000002,-121.67896,MONTEREY,UNINCORPORATED,-121.67896184999999,36.788069389999997
90528249,2017,2017-08-22,9730,2017-08-15,1214,017785,,2,1,9,2700,0,1,2,,1,030,"US-101 SOUTHBOUND TO ALTA STREET","FOLETTA ROAD",0.00,,Y,A,-,Y,,,101,,,,R,,S,Y,3,0,2,2,A,-,09,21802,,N,D,C,A,A,H,-,A,A,0,,,,,Y,,D,22,0,1,1,0,0,0,0,0,0,"- ","- ",36.52373,-121.46574,MONTEREY,UNINCORPORATED,-121.46574,36.52373
90528309,2017,2017-08-22,9730,2017-08-14,1813,020621,,1,2,9,2700,0,2,4,,1,073,"HALL ROAD","SAN MIGUEL CANYON ROAD",1056.00,W,N,A,-,N,,,,,,,,,,Y,3,0,2,2,A,-,01,23152,A,N,D,C,A,A,H,-,A,D,0,,,,,Y,Y,A,01,0,2,0,0,0,0,0,0,0,"- ","- ",36.859650000000002,-121.69924,MONTEREY,UNINCORPORATED,-121.69878873,36.85955483
90528321,2017,2017-08-22,9730,2017-08-15,1326,018886,,2,1,9,2700,0,3,5,,2,006,"BLACKIE ROAD",US-101,100.00,W,N,A,-,N,,,,,,,,,,Y,4,0,1,2,A,-,01,23152,A,N,B,C,A,A,H,-,A,D,0,,,,,Y,Y,A,07,0,0,1,0,0,0,0,0,0,"- ","- ",36.778500000000001,-121.67067,MONTEREY,UNINCORPORATED,-121.6695715,36.773006690000003
90528349,2017,2017-08-22,9730,2017-08-15,1905,014800,,2,2,9,2700,0,2,4,,1,075,"SAN JUAN ROAD","SUMMERLAND ROAD",0.00,,Y,A,-,N,,,,,,,,,,Y,3,0,9,2,A,-,09,21802,A,N,D,C,A,A,H,-,A,A,0,,,,,Y,,A,07,0,5,4,0,0,0,0,0,0,"- ","- ",36.862200000000001,-121.66002,MONTEREY,UNINCORPORATED,-121.65991986,36.862200090000002
90528638,2017,2017-08-22,9730,2017-08-16,0825,017502,,3,1,4,2710,0,1,3,,2,062,SR-1,"TIOGA AVENUE O/C",2112.00,N,N,B,-,Y,,,,,,,,,,N,4,0,1,4,A,-,03,22350,,N,C,C,A,A,H,-,A,D,0,,,,,Y,,A,08,0,0,1,0,0,0,0,0,0,"- ","- ",36.618960000000001,-121.84802000000001,MONTEREY,SEASIDE,-121.84711,36.620190000000001
90529784,2017,2017-08-24,9730,2017-08-16,1610,018312,,3,2,6,2708,0,1,2,,1,050,"US 101 (SOUTHBOUND)","AIRPORT BOULEVARD",500.00,N,N,A,-,Y,,,,,,,,,,Y,4,0,1,2,A,-,03,22350,,N,C,C,A,A,H,-,A,D,0,,,,,Y,,A,01,0,0,1,0,0,0,0,0,0,"- ","- ",36.662010000000002,-121.62374,MONTEREY,SALINAS,-121.62370839,36.661969050000003
90529791,2017,2017-08-24,9730,2017-08-16,0755,015160,,3,1,9,2700,0,1,3,,2,062,"SR-1 SOUTHBOUND","IMJIN PARKWAY",150.00,N,N,B,-,Y,,,1,,,,,,S,N,4,0,1,2,A,-,03,22350,,N,C,C,A,A,H,-,A,D,0,,,,,Y,,A,01,0,0,1,0,0,0,0,0,0,"- ","- ",36.670270000000002,-121.81281,MONTEREY,UNINCORPORATED,-121.81276011,36.670240880000001
90529803,2017,2017-08-24,9730,2017-08-17,1027,016730,,4,1,9,2700,0,3,5,,2,006,"ARMSTRONG RD.","MCFADDEN RD.",900.00,S,N,B,-,N,,,,,,,,,,Y,4,0,1,2,A,-,08,22107,,N,A,C,A,A,H,-,A,D,0,,,,,Y,,A,01,0,0,1,0,0,0,0,0,0,"- ","- ",36.689689999999999,-121.70775999999999,MONTEREY,UNINCORPORATED,-121.70781454999999,36.689527470000002
90529816,2017,2017-08-24,9730,2017-08-17,1320,017184,,4,1,9,2700,0,1,3,,1,068,"SR-68 (MONTEREY-SALINAS HWY)","YORK RD..",528.00,E,N,A,-,Y,,,68,,,,,,,Y,3,0,1,2,A,-,03,22350,,N,C,C,A,A,H,-,A,A,0,,,,,Y,,A,07,0,1,0,0,0,0,0,0,0,"- ","- ",36.570619999999998,-121.80303000000001,MONTEREY,UNINCORPORATED,-121.80305734,36.570477599999997
90529823,2017,2017-08-24,9730,2017-08-17,1649,019956,,4,2,9,2700,0,1,3,,2,062,"SR-1 N/B","SR-68 (EAST)",100.00,N,N,A,-,Y,,,,,,,,,,N,4,0,1,2,A,-,03,22350,,N,C,C,A,A,H,-,A,D,0,,,,,Y,,A,01,0,0,1,0,0,0,0,0,0,"- ","- ",36.595880000000001,-121.86703,MONTEREY,UNINCORPORATED,-121.91205397,36.57486522
90529852,2017,2017-08-24,9730,2017-08-17,1613,019239,,4,2,9,2700,0,1,3,,1,068,"SR-68 WB","TORERO DRIVE",1056.00,W,N,A,-,Y,,,68,,,,,,W,Y,4,0,1,3,A,-,03,22350,,N,C,C,A,A,H,-,A,D,0,,,,,Y,,M,47,0,0,1,0,0,0,0,0,0,"- ","- ",36.59037,-121.70887,MONTEREY,UNINCORPORATED,-121.70876615,36.590238710000001
90533829,2017,2017-08-25,9730,2017-08-04,1900,020208,,5,2,9,2700,0,1,3,,1,014,SR-1,"40970 SR-1 BIG SUR",250.00,S,N,B,-,Y,,,1,,,,,,,Y,3,0,2,1,A,-,03,22350,,N,F,A,A,A,H,-,A,D,0,,,,,Y,,A,01,0,1,1,0,0,0,0,0,0,"- ","- ",36.351689999999998,-121.8982,MONTEREY,UNINCORPORATED,-121.8980097,36.352053290000001
90533856,2017,2017-08-25,9730,2017-08-20,1125,018298,,7,1,9,2700,0,3,5,,2,004,"OLD STAGE RD.","SPENCE RD.",31.00,S,N,A,-,N,,,,,,,,,,Y,2,0,2,2,A,-,12,22450,A,N,A,C,A,A,H,-,A,A,0,,,,,Y,,A,01,1,0,1,0,0,0,0,0,0,"- ","- ",36.629989999999999,-121.53973999999999,MONTEREY,UNINCORPORATED,-121.53979296,36.629846299999997
90533881,2017,2017-08-25,9730,2017-08-19,1015,020424,,6,1,9,2700,0,1,2,,1,070,"US-101 SOUTHBOUND","SAN MIGUEL CANYON ROAD",3168.00,N,N,B,-,Y,,,101,,,,,,S,N,4,0,1,2,A,-,07,21658,A,N,B,C,A,A,H,-,A,D,0,,,,,Y,,A,01,0,0,1,0,0,0,0,0,0,"- ","- ",36.802230000000002,-121.65812,MONTEREY,UNINCORPORATED,-121.65812483000001,36.802248519999999
90534471,2017,2017-08-28,9730,2017-08-18,1423,019981,,5,2,9,2700,0,1,3,,1,068,SR-68,"BOOTS RD",100.00,E,N,A,-,Y,,,68,,,,,,,Y,4,0,1,3,A,-,03,22350,,N,C,C,A,A,H,-,A,D,0,,,,,Y,,A,07,0,0,1,0,0,0,0,0,0,"- ","- ",36.567729999999997,-121.77777,MONTEREY,UNINCORPORATED,-121.77776745,36.567704579999997
90534496,2017,2017-08-28,9730,2017-08-18,1151,017184,,5,1,9,2700,0,2,4,,1,023,"CARMEL VALLEY RD.","RIO RD.",0.00,,Y,A,-,N,,,,,,,,,,N,4,0,1,2,A,-,10,21950,A,N,G,B,E,A,H,-,A,A,0,Y,,,,Y,,A,07,0,0,1,0,1,0,0,0,0,"- ","- ",36.542639999999999,-121.89167999999999,MONTEREY,UNINCORPORATED,-121.89181996000001,36.542730050000003
90534502,2017,2017-08-28,9730,2017-08-19,0105,020990,,6,3,9,2700,0,2,4,,1,073,"HALL ROAD","SILL ROAD",1580.00,W,N,A,-,N,,,,,,,,,,Y,3,0,1,1,A,-,08,22107,,N,E,I,A,A,H,-,D,D,0,,,,,Y,,A,01,0,1,0,0,0,0,0,0,0,"- ","- ",36.864159999999998,-121.73119,MONTEREY,UNINCORPORATED,-121.72793184,36.864127850000003
90534534,2017,2017-08-28,9730,2017-08-19,1200,020391,,6,1,9,2700,0,1,3,,1,074,"SR-1 SOUTHBOUND","STRUVE RD",191.00,S,N,B,-,Y,,,1,,,,,,S,Y,2,0,1,2,A,-,06,21755,,N,B,C,A,A,H,-,A,D,0,,,Y,,Y,,C,02,1,0,0,0,0,0,0,0,1,"- ","- ",36.830440000000003,-121.77126,MONTEREY,UNINCORPORATED,-121.77118484,36.830411040000001
90534536,2017,2017-08-28,9730,2017-08-19,0530,020391,,6,3,9,2700,0,1,3,,1,074,"SR-1 NORTHBOUND","SALINAS RD",1584.00,N,N,B,-,Y,,,1,,,,,,N,Y,4,0,1,1,C,-,18,,,N,E,H,A,A,H,-,D,D,0,,,,,Y,,-,"- ",0,0,1,0,0,0,0,0,0,"- ","- ",36.873860000000001,-121.77030000000001,MONTEREY,UNINCORPORATED,-121.77044472,36.873860639999997
90534559,2017,2017-08-28,9730,2017-08-22,0943,017785,,2,1,9,2700,0,1,2,,1,050,"US-101 NORTHBOUND","AIRPORT BOULEVARD",1056.00,S,N,A,-,Y,,,101,,,,,,N,Y,4,0,1,2,A,-,03,22350,,N,C,C,A,A,D,-,A,D,0,,,,,Y,,D,22,0,0,1,0,0,0,0,0,0,"- ","- ",36.656320000000001,-121.6202,MONTEREY,UNINCORPORATED,-121.62016294999999,36.65634146
90534573,2017,2017-08-28,9730,2017-08-22,1810,018312,,2,2,9,2700,0,2,4,,2,063,"BLANCO ROAD","ARMSTRONG ROAD",1056.00,W,N,B,-,N,,,,,,,,,,Y,4,0,2,4,A,-,03,22350,,N,C,C,A,A,H,-,A,D,0,,,,,Y,,A,01,0,0,2,0,0,0,0,0,0,"- ","- ",36.678660000000001,-121.71234,MONTEREY,UNINCORPORATED,-121.71152105,36.678706859999998
90534576,2017,2017-08-28,9730,2017-08-22,0505,017785,,2,3,9,2700,0,3,5,,2,003,"HARKINS ROAD","NUTTING STREET",528.00,W,N,A,-,N,,,,,,,,,,Y,4,0,1,3,A,-,08,22107,,N,B,C,A,A,H,-,D,D,0,,,,,Y,,A,01,0,0,1,0,0,0,0,0,0,"- ","- ",36.646880000000003,-121.63619,MONTEREY,UNINCORPORATED,-121.63424044,36.644473599999998
8206962,2016,2017-02-15,2712,2016-12-20,1518,1073,,2,5,3,2712,0,0,0,,0,001,"DEL MONTE BL","REINDOLLAR AV",0.00,S,N,A,-,N,,,,,,,,,,N,4,0,1,2,C,-,18,,,N,C,C,A,A,H,-,A,A,0,,,,,Y,,-,"- ",0,0,1,0,0,0,0,0,0,"- ","- ",,,MONTEREY,MARINA,-121.80595987,36.680990080000001
8282492,2017,2017-01-31,2706,2017-01-03,1756,810,MPD,2,5,4,2706,0,0,0,,0,001,"VAN BUREN CIR","FRANKLIN ST",0.00,,Y,C,-,N,,,,,,,,,,N,4,0,1,2,A,-,10,21950,A,N,-,B,B,B,H,-,C,A,0,Y,,,,Y,,A,01,0,0,1,0,1,0,0,0,0,"- ","- ",,,MONTEREY,MONTEREY,-121.89742987,36.600570089999998
8282496,2017,2017-01-30,2706,2017-01-08,1749,810,MPD,7,5,4,2706,0,0,0,,0,001,"HAWTHORNE ST",IRVING,7.00,S,N,C,-,N,,,,,,,,,,N,3,0,1,2,A,-,10,21950,A,F,G,B,B,B,H,-,C,D,0,Y,,,,Y,Y,A,01,0,1,0,0,1,0,0,0,0,"- ","- ",,,MONTEREY,MONTEREY,-121.90447663,36.615334070000003
8282500,2017,2017-01-31,2706,2017-01-06,1357,142,2706,5,5,4,2706,0,0,0,,0,002,"DEL MONTE AV","ALVARADO ST",35.00,E,N,A,-,N,,,,,,,,,,N,3,0,2,2,A,-,03,22350,,N,C,C,A,A,H,-,A,A,0,,,,,Y,,A,01,0,1,1,0,0,0,0,0,0,"- ","- ",,,MONTEREY,MONTEREY,-121.89399305000001,36.600901139999998
8282508,2017,2017-03-02,2712,2017-01-06,0549,1080,,5,5,3,2712,0,0,0,,0,001,"CALIFORNIA AV","CARMEL AV",26.00,S,N,A,-,N,,,,,,,,,,N,4,0,1,2,A,-,12,22450,A,N,B,G,A,A,H,-,C,A,0,,Y,,,Y,,L,04,0,0,1,0,0,0,1,0,0,"- ","- ",,,MONTEREY,MARINA,-121.78755841,36.676900150000002
8285072,2016,2017-01-24,2708,2016-11-17,0748,13102,MUNIL,4,5,6,2708,0,0,0,,0,007,"CAPITOL ST","W ALISAL ST",0.00,,Y,A,-,N,,,,,,,,,,N,2,0,1,2,A,-,10,21950,A,F,G,B,B,A,H,-,A,D,0,Y,,,,Y,,-,,1,0,0,0,1,0,0,0,0,"- ","- ",,,MONTEREY,SALINAS,-121.66007989000001,36.67311007
8285080,2016,2017-01-24,2708,2016-11-22,2236,06235,,2,5,6,2708,0,0,0,,0,010,"EAST MARKET ST","HEBBRON AV",0.00,,Y,A,-,N,,,,,,,,,,N,4,0,1,2,A,-,03,22350,,N,C,C,A,A,H,-,C,A,0,,,,,Y,,-,,0,0,1,0,0,0,0,0,0,"- ","- ",,,MONTEREY,SALINAS,-121.63171997000001,36.676550030000001
8285084,2016,2017-01-24,2708,2016-11-22,1132,56793,,2,5,6,2708,0,0,0,,0,010,"KERN ST","EAST MARKET ST",150.00,N,N,A,-,N,,,,,,,,,,N,4,0,3,2,A,-,04,21703,,N,C,C,A,A,H,-,A,A,0,,,,,Y,,-,,0,0,3,0,0,0,0,0,0,"- ","- ",,,MONTEREY,SALINAS,-121.64012699,36.677799710000002
8285092,2016,2017-01-24,2708,2016-11-20,0115,34725,,7,5,6,2708,0,0,0,,0,005,"NATIVIDAD RD","EAST LAUREL DR",100.00,S,N,C,-,N,,,,,,,,,,Y,4,0,1,2,A,-,09,21801,A,N,D,C,A,B,H,-,C,D,0,,,,,Y,,-,,0,0,1,0,0,0,0,0,0,"- ","- ",,,MONTEREY,SALINAS,-121.63849308,36.69610926
8285100,2016,2017-01-24,2708,2016-11-30,1454,56793,,3,5,6,2708,0,0,0,,0,009,ABBOTT,"LOS PALOS",0.00,,Y,A,-,N,,,,,,,,,,Y,3,0,3,2,A,-,09,21801,A,N,D,C,A,A,H,-,A,A,0,,,,,Y,,-,,0,3,0,0,0,0,0,0,0,"- ","- ",,,MONTEREY,SALINAS,-121.64169995,36.66238001
8285104,2016,2017-01-24,2708,2016-11-27,0927,18945,,7,5,6,2708,0,0,0,,0,001,"NORTH MAIN ST","E LAMAR ST",0.00,,Y,B,-,N,,,,,,,,,,Y,4,0,3,2,A,-,04,21703,,N,C,C,A,B,H,-,A,D,0,,,,,Y,,-,,0,0,3,0,0,0,0,0,0,"- ","- ",,,MONTEREY,SALINAS,-121.65640997,36.7236501
8285108,2016,2017-01-24,2708,2016-11-17,1450,71633,SALIN,4,5,6,2708,0,0,0,,0,009,"KATHERINE AV","PAIRO ST",200.00,E,N,A,-,N,,,,,,,,,,Y,4,0,2,2,A,-,05,21650,,N,D,C,A,A,H,-,A,D,0,,,,,Y,,-,,0,0,2,0,0,0,0,0,0,"- ","- ",,,MONTEREY,SALINAS,,
8285112,2016,2017-01-24,2708,2016-11-10,1109,10122,,4,5,6,2708,0,0,0,,0,010,"E ALISAL ST","KERN ST",0.00,,Y,A,-,N,,,,,,,,,,Y,3,0,1,2,A,-,09,21802,A,N,D,D,A,A,H,-,A,D,0,,,,,Y,,-,,0,1,0,0,0,0,0,0,0,"- ","- ",,,MONTEREY,SALINAS,-121.64025989,36.674200040000002
8285283,2016,2017-02-01,2708,2016-12-19,1146,28920,SALIN,1,5,6,2708,0,0,0,,0,005,"SHERWOOD DR","LA POSADA WY",0.00,,Y,A,-,N,,,,,,,,,,Y,4,0,1,2,A,-,12,21453,A,N,-,C,A,A,H,-,A,A,0,,,,,Y,,-,,0,0,1,0,0,0,0,0,0,"- ","- ",,,MONTEREY,SALINAS,-121.64396988,36.691540070000002
8285287,2016,2017-01-31,2708,2016-12-21,2043,56793,,3,5,6,2708,0,0,0,,0,006,STOCKTON,"FULTON WY",135.00,N,N,A,-,N,,,,,,,,,,N,4,0,1,3,A,-,03,22350,,N,C,E,A,A,H,-,D,D,0,,,,,Y,,-,,0,0,1,0,0,0,0,0,0,"- ","- ",,,MONTEREY,SALINAS,-121.66579295,36.686891279999998
8285291,2016,2017-02-01,2708,2016-12-03,1602,97440,,6,5,6,2708,0,0,0,,0,,"N SANBORN","GARNER AV",0.00,,Y,A,-,N,,,,,,,,,,Y,4,0,1,2,A,-,12,21453,A,N,D,C,A,A,H,-,A,A,0,,,,,Y,,-,,0,0,1,0,0,0,0,0,0,"- ","- ",,,MONTEREY,SALINAS,-121.61513994000001,36.686210070000001
8285295,2016,2017-02-01,2708,2016-12-07,1709,59186,SALIN,3,5,6,2708,0,0,0,,0,009,"ABBOTT ST","MERRILL ST",0.00,,Y,C,-,N,,,,,,,,,,Y,4,0,2,2,A,-,17,24250,,N,D,C,A,B,H,-,C,D,0,,,,,Y,,-,,0,0,2,0,0,0,0,0,0,"- ","- ",36.131700000000002,-121.3749,MONTEREY,SALINAS,-121.63159994,36.655470059999999
8285307,2016,2017-02-01,2708,2016-12-16,2319,04125,,5,5,6,2708,0,0,0,,0,001,"NORTH MAIN ST","BORONDA RD",165.00,S,N,A,-,N,,,,,,,,,,N,4,0,1,2,A,-,05,21650,,N,-,G,A,A,H,-,C,D,0,,Y,,,Y,,L,04,0,0,1,0,0,0,1,0,0,"- ","- ",,,MONTEREY,SALINAS,-121.65622558,36.721180250000003
8285311,2016,2017-02-01,2708,2016-12-08,1856,15945,,4,5,6,2708,0,0,0,,0,,"SHERWOOD DR","CALLE CEBU",150.00,S,N,C,-,N,,,,,,,,,,Y,4,0,2,2,A,-,03,22350,A,N,C,C,A,B,H,-,C,A,0,,,,,Y,,-,,0,0,2,0,0,0,0,0,0,"- ","- ",,,MONTEREY,SALINAS,-121.65027986,36.679794360000002
8285315,2016,2017-02-01,2708,2016-12-27,1404,97440,,2,5,6,2708,0,0,0,,0,,"GARNER AV","MAE AV",163.00,W,N,A,-,N,,,,,,,,,,Y,4,0,1,2,A,-,03,22350,,N,C,C,A,A,H,-,A,D,0,,,,,Y,Y,-,,0,0,1,0,0,0,0,0,0,"- ","- ",,,MONTEREY,SALINAS,-121.61285109000001,36.683619319999998
8285319,2016,2017-02-01,2708,2016-12-25,0102,76998,SALIN,7,5,6,2708,0,0,0,,0,011,"N SANBORN","E LAUREL RD",0.00,,Y,A,-,N,,,,,,,,,,Y,4,0,1,2,A,-,01,23153,A,N,C,C,A,A,H,-,C,A,0,,,,,Y,Y,-,,0,0,1,0,0,0,0,0,0,"- ","- ",,,MONTEREY,SALINAS,-121.62087993999999,36.68294006
8285323,2016,2017-01-31,2708,2016-12-15,0748,31977,,4,5,6,2708,0,0,0,,0,008,"PAJARO ST","SAN LUIS ST",105.00,N,N,C,-,N,,,,,,,,,,Y,4,0,1,3,A,-,03,22350,,N,F,E,A,B,H,-,A,D,0,,,,,Y,,-,,0,0,1,0,0,0,0,0,0,"- ","- ",,,MONTEREY,SALINAS,-121.65223908,36.672574509999997
8285327,2016,2017-02-01,2708,2016-12-16,1458,75635,MUNI,5,5,6,2708,0,0,0,,0,,"EL DORADO DR","BORONDA RD",0.00,,Y,A,-,N,,,,,,,,,,Y,4,0,2,2,A,-,12,21453,A,N,D,C,A,A,H,-,A,A,0,,,,,Y,,-,,0,0,2,0,0,0,0,0,0,"- ","- ",,,MONTEREY,SALINAS,-121.63334996,36.715870010000003
8285331,2016,2017-01-31,2708,2016-12-21,1312,18945,,3,5,6,2708,0,0,0,,0,002,"EAST BORONDA RD","DARTMOUTH WY",15.00,E,N,A,-,N,,,,,,,,,,N,3,0,1,2,A,-,03,22350,,N,C,C,A,A,H,-,A,A,0,,,,,Y,,-,,0,1,0,0,0,0,0,0,0,"- ","- ",,,MONTEREY,SALINAS,-121.64871393999999,36.71791202
8285335,2016,2017-02-01,2708,2016-12-06,0755,37923,SALIN,2,5,6,2708,0,0,0,,0,005,"E LAUREL","SANTA TERESA",100.00,E,N,A,-,N,,,,,,,,,,N,4,0,1,2,A,-,21,22106,,N,-,C,A,A,H,-,A,D,0,,,,,Y,,-,,0,0,1,0,0,0,0,0,0,"- ","- ",,,MONTEREY,SALINAS,-121.64470247,36.697733130000003
8285339,2016,2017-02-01,2708,2016-12-12,1443,37923,SALIN,1,5,6,2708,0,0,0,,0,003,"NATIVIDAD RD","SARATOGA DR",0.00,,Y,A,-,N,,,,,,,,,,Y,2,0,2,2,A,-,09,21801,A,N,D,C,A,A,H,-,A,D,0,,,,,Y,,-,,1,1,0,0,0,0,0,0,0,"- ","- ",,,MONTEREY,SALINAS,-121.62932986,36.705270110000001
8285343,2016,2017-02-01,2708,2016-12-08,2214,15945,,4,5,6,2708,0,0,0,,0,,"NORTH DAVIS RD","WEST LAUREL DR",0.00,,Y,C,-,N,,,,,,,,,,Y,4,0,1,2,A,-,12,21453,A,N,D,C,A,B,H,-,C,A,0,,,,,Y,,-,,0,0,1,0,0,0,0,0,0,"- ","- ",,,MONTEREY,SALINAS,-121.66808987,36.697910100000001
8285347,2016,2017-02-01,2708,2016-12-05,0952,19735,SPD,1,5,6,2708,0,0,0,,0,001,"NORTH MAIN ST","BORONDA RD",0.00,,Y,A,-,N,,,,,,,,,,N,4,0,2,2,A,-,12,21453,A,N,D,C,A,A,H,-,A,A,0,,,,,Y,,-,,0,0,2,0,0,0,0,0,0,"- ","- ",,,MONTEREY,SALINAS,-121.65622992,36.721620110000003
8285351,2016,2017-01-31,2708,2016-12-09,0814,19943,,5,5,6,2708,0,0,0,,0,001,"NORTHRIDGE DR","SWANER AV",200.00,S,N,B,-,N,,,,,,,,,,Y,4,0,2,2,A,-,09,21804,A,N,D,C,A,B,H,-,A,D,0,,,,,Y,,A,07,0,0,2,0,0,0,0,0,0,"- ","- ",,,MONTEREY,SALINAS,-121.65302,36.722130550000003
8285355,2016,2017-02-01,2708,2016-12-27,1102,75635,SALIN,2,5,6,2708,0,0,0,,0,,"SOUTH SANBORN RD",ALISAL,0.00,,Y,A,-,N,,,,,,,,,,Y,4,0,1,3,A,-,04,21703,,N,B,C,A,A,H,-,A,D,0,,,,,Y,,-,,0,0,1,0,0,0,0,0,0,"- ","- ",,,MONTEREY,SALINAS,-121.62743992999999,36.67291007
8285359,2016,2017-02-01,2708,2016-12-28,1143,56793,,3,5,6,2708,0,0,0,,0,,"JOHN ST",GRIFFIN,30.00,W,N,A,-,N,,,,,,,,,,N,4,0,2,3,A,-,07,21658,A,N,B,C,A,A,H,-,A,A,0,,,,,Y,,-,,0,0,2,0,0,0,0,0,0,"- ","- ",,,MONTEREY,SALINAS,-121.64147843000001,36.671017499999998
8285783,2016,2017-01-30,2708,2016-12-11,1354,97440,2708,7,5,6,2708,0,0,0,,0,,MIMBRERA,"NOGAL DR",25.00,E,N,B,-,N,,,,,,,,,,Y,4,0,1,2,A,-,01,23152,A,F,A,C,A,A,H,-,A,D,0,,,,,Y,Y,-,,0,0,1,0,0,0,0,0,0,"- ","- ",,,MONTEREY,SALINAS,-121.61091939000001,36.69600148
8285815,2016,2017-01-26,2701,2016-12-16,1631,5548,2701,5,5,2,2701,0,0,0,,0,ALL,"7TH AV","DOLORES ST",0.00,,Y,B,-,N,,,,,,,,,,N,4,0,1,2,A,-,00,20001,A,F,G,B,E,A,H,-,A,A,0,Y,,,,Y,,-,99,0,0,1,0,1,0,0,0,0,"- ","- ",,,MONTEREY,CARMEL,-121.92265987,36.553789999999999
8285828,2016,2017-01-26,2708,2016-12-06,2017,49014,,2,5,6,2708,0,0,0,,0,,"SAINT ANN DR","ARCHER ST",200.00,N,N,A,-,N,,,,,,,,,,N,4,0,1,3,A,-,03,22350,,F,A,E,A,A,H,-,C,D,0,,,,,Y,,-,,0,0,1,0,0,0,0,0,0,"- ","- ",,,MONTEREY,SALINAS,-121.67213679,36.675906429999998
8285832,2016,2017-01-26,2708,2016-12-19,1914,30349,SALIN,1,5,6,2708,0,0,0,,0,,"CONSTITUTION BL","EAST BORONDA RD",0.00,,Y,A,-,N,,,,,,,,,,Y,4,0,1,2,A,-,08,22107,,N,D,C,A,A,H,-,C,A,0,,,,,Y,,-,,0,0,1,0,0,0,0,0,0,"- ","- ",,,MONTEREY,SALINAS,-121.60334992,36.704400010000001
8285836,2016,2017-01-26,2708,2016-12-15,1454,08067,,4,5,6,2708,0,0,0,,0,012,"EAST MARKET ST","CROSS AV",0.00,,Y,C,-,N,,,,,,,,,,Y,4,0,1,2,A,-,08,22107,,N,D,C,A,B,H,-,A,A,0,,,,,Y,,-,,0,0,1,0,0,0,0,0,0,"- ","- ",,,MONTEREY,SALINAS,-121.6141999,36.67409009
8285840,2016,2017-01-26,2708,2016-12-21,1728,59989,,3,5,6,2708,0,0,0,,0,012,"EAST MARKET ST",MIDWAY,45.00,E,N,A,-,N,,,,,,,,,,Y,3,0,1,2,A,-,11,21954,A,N,G,B,D,A,H,-,B,A,0,Y,,,,Y,,N,60,0,1,0,0,1,0,0,0,0,"- ","- ",,,MONTEREY,SALINAS,-121.61785355000001,36.675773020000001