CASE_ID,ACCIDENT_YEAR,PROC_DATE,JURIS,COLLISION_DATE,COLLISION_TIME,OFFICER_ID,REPORTING_DISTRICT,DAY_OF_WEEK,CHP_SHIFT,POPULATION,CNTY_CITY_LOC,SPECIAL_COND,BEAT_TYPE,CHP_BEAT_TYPE,CITY_DIVISION_LAPD,CHP_BEAT_CLASS,BEAT_NUMBER,PRIMARY_RD,SECONDARY_RD,DISTANCE,DIRECTION,INTERSECTION,WEATHER_1,WEATHER_2,STATE_HWY_IND,CALTRANS_COUNTY,CALTRANS_DISTRICT,STATE_ROUTE,ROUTE_SUFFIX,POSTMILE_PREFIX,POSTMILE,LOCATION_TYPE,RAMP_INTERSECTION,SIDE_OF_HWY,TOW_AWAY,COLLISION_SEVERITY,NUMBER_KILLED,NUMBER_INJURED,PARTY_COUNT,PRIMARY_COLL_FACTOR,PCF_CODE_OF_VIOL,PCF_VIOL_CATEGORY,PCF_VIOLATION,PCF_VIOL_SUBSECTION,HIT_AND_RUN,TYPE_OF_COLLISION,MVIW,PED_ACTION,ROAD_SURFACE,ROAD_COND_1,ROAD_COND_2,LIGHTING,CONTROL_DEVICE,CHP_ROAD_TYPE,PEDESTRIAN_ACCIDENT,BICYCLE_ACCIDENT,MOTORCYCLE_ACCIDENT,TRUCK_ACCIDENT,NOT_PRIVATE_PROPERTY,ALCOHOL_INVOLVED,STWD_VEHTYPE_AT_FAULT,CHP_VEHTYPE_AT_FAULT,COUNT_SEVERE_INJ,COUNT_VISIBLE_INJ,COUNT_COMPLAINT_PAIN,COUNT_PED_KILLED,COUNT_PED_INJURED,COUNT_BICYCLIST_KILLED,COUNT_BICYCLIST_INJURED,COUNT_MC_KILLED,COUNT_MC_INJURED,PRIMARY_RAMP,SECONDARY_RAMP,LATITUDE,LONGITUDE,COUNTY,CITY,POINT_X,POINT_Y
8286325,2016,2017-01-19,2706,2016-12-22,1238,590,2706,4,5,4,2706,0,0,0,,0,002,"MUNRAS AV","VIA ZARAGOSA",124.00,N,N,A,-,N,,,,,,,,,,N,4,0,4,4,A,-,03,22350,,N,C,C,A,A,H,-,A,D,0,,,,,Y,,A,01,0,0,4,0,0,0,0,0,0,"- ","- ",,,MONTEREY,MONTEREY,-121.90250562,36.58252865
8287272,2017,2017-01-25,2706,2017-01-06,1546,181,,5,5,4,2706,0,0,0,,0,,"MARK THOMAS DR","GARDEN RD",19.00,W,N,A,-,N,,,,,,,,,,N,3,0,1,2,A,-,08,22100,A,N,B,G,A,A,H,-,A,A,0,,Y,,,Y,,A,08,0,1,0,0,0,0,1,0,0,"- ","- ",,,MONTEREY,MONTEREY,,
8289879,2017,2017-02-02,2706,2017-01-14,1946,410,2706,6,5,4,2706,0,0,0,,0,003,"DEL MONTE AV","ENGLISH AV",0.00,,Y,A,-,N,,,,,,,,,,Y,2,0,3,3,A,-,07,21658,A,N,C,C,A,A,H,-,C,A,0,,,,,Y,,D,22,1,1,1,0,0,0,0,0,0,"- ","- ",,,MONTEREY,MONTEREY,-121.86071986,36.604820089999997
8290188,2017,2017-01-31,2706,2017-01-16,1430,896,MPD,1,5,4,2706,0,0,0,,0,001,"PRESCOTT AV","RECREATIONAL TRL",0.00,,Y,A,-,N,,,,,,,,,,N,3,0,1,2,A,-,10,21950,C,N,G,B,C,A,H,-,A,D,0,Y,,,,Y,,A,07,0,1,0,0,1,0,0,0,0,"- ","- ",,,MONTEREY,MONTEREY,,
8290224,2017,2017-01-31,2706,2017-01-07,0217,128,2706,6,5,4,2706,0,0,0,,0,002,"CAMINO EL ESTERO","DEL MONTE AV",0.00,,Y,C,-,N,,,,,,,,,,Y,4,0,1,2,A,-,05,21651,B,F,D,C,A,B,H,-,C,A,0,,,,,Y,,A,01,0,0,1,0,0,0,0,0,0,"- ","- ",,,MONTEREY,MONTEREY,-121.88730995,36.599940080000003
8290228,2017,2017-01-31,2706,2017-01-17,0817,505,2706,2,5,4,2706,0,0,0,,0,003,"AGUAJITO RD","DEL MONTE AV",0.00,,Y,A,-,N,,,,,,,,,,N,4,0,1,2,A,-,17,21200,A,F,H,G,A,A,H,-,A,A,0,,Y,,,Y,,L,04,0,0,1,0,0,0,1,0,0,"- ","- ",,,MONTEREY,MONTEREY,,
8291339,2017,2017-03-29,2703,2017-01-20,1356,7248,2703,5,5,2,2703,0,0,0,,0,ALL,"NORTH ALTA ST","10TH ST",52.00,N,N,A,-,N,,,,,,,,,,Y,4,0,1,2,A,-,03,22350,,N,C,C,A,B,B,-,A,D,0,,,,,Y,,A,01,0,0,1,0,0,0,0,0,0,"- ","- ",,,MONTEREY,GONZALES,-121.45052007,36.510906859999999
8291719,2017,2017-02-22,2704,2017-01-11,1149,5321,2704,3,5,3,2704,0,0,0,,0,006,"BLOCK OAK","ALVES LN",0.00,,Y,A,-,N,,,,,,,,,,Y,2,0,1,2,A,-,04,21703,,N,C,C,A,B,H,-,A,D,0,,,,,Y,Y,A,01,1,0,0,0,0,0,0,0,0,"- ","- ",,,MONTEREY,GREENFIELD,,
8293054,2016,2017-03-06,2708,2016-12-15,1516,78725,2708,4,5,6,2708,0,0,0,,0,008,"NORTH MAIN ST","W MARKET",0.00,,Y,C,-,Y,MON,5,183,-,-,0.710,I,5,S,N,4,0,1,2,A,-,10,21950,A,N,-,B,B,B,H,-,A,A,0,Y,,,,Y,,-,,0,0,1,0,1,0,0,0,0,"- ","- ",,,MONTEREY,SALINAS,-121.65566457,36.677545649999999
8293062,2016,2017-03-06,2708,2016-12-04,0139,49280,MONTE,7,5,6,2708,0,0,0,,0,008,JOHN,ABBOTT,215.00,E,N,A,-,Y,MON,5,68,-,-,21.610,H,-,W,Y,3,0,2,1,A,-,09,21801,A,N,F,A,A,A,H,-,C,A,0,,,,,Y,,-,,0,2,0,0,0,0,0,0,0,"- ","- ",,,MONTEREY,SALINAS,-121.64604595,36.669671450000003
8293691,2016,2017-02-01,2708,2016-10-25,0650,74426,,2,5,6,2708,0,0,0,,0,009,"AIRPORT BL","TERVEN AV",520.00,W,N,A,-,N,,,,,,,,,,N,4,0,1,2,A,-,07,21658,A,F,C,C,A,A,H,-,C,D,0,,,,,Y,,-,,0,0,1,0,0,0,0,0,0,"- ","- ",,,MONTEREY,SALINAS,-121.62518716,36.659567750000001
8293740,2016,2017-12-26,2708,2016-11-13,1400,74130,,7,5,6,2708,0,0,0,,0,006,"W LAUREL","RT 101",0.00,,Y,A,-,Y,MON,5,101,-,R,89.520,R,4,S,Y,3,0,2,2,A,-,12,21453,A,N,B,C,A,A,H,-,A,A,0,,,,,Y,,-,,0,1,1,0,0,0,0,0,0,"- ","- ",,,MONTEREY,SALINAS,-121.66618862,36.701271910000003
8295146,2017,2017-03-10,2706,2017-01-06,1441,627,MPD,5,5,4,2706,0,0,0,,0,003,"DEL MONTE AV","PALO VERDE AV",0.00,,Y,A,-,N,,,,,,,,,,Y,4,0,1,2,D,-,00,,,N,D,C,A,A,H,-,A,D,0,,,,,Y,,-,"- ",0,0,1,0,0,0,0,0,0,"- ","- ",,,MONTEREY,MONTEREY,-121.86937987,36.600840040000001
8295178,2017,2017-02-06,2706,2017-01-23,1724,611,MPD,1,5,4,2706,0,0,0,,0,003,"DEL MONTE AV",MCCORMICK,102.00,W,N,A,-,N,,,,,,,,,,Y,3,0,1,1,A,-,08,22107,,N,E,I,A,A,H,-,C,D,0,,,,,Y,,D,22,0,1,0,0,0,0,0,0,0,"- ","- ",,,MONTEREY,MONTEREY,,
8295288,2017,2017-02-10,2706,2017-01-29,0929,428,MPD,7,5,4,2706,0,0,0,,0,001,"FRANKLIN ST","VAN BUREN ST",0.00,,Y,A,-,N,,,,,,,,,,N,3,0,1,2,A,-,10,21950,A,N,G,B,B,A,H,-,A,A,0,Y,,,,Y,,A,01,0,1,0,0,1,0,0,0,0,"- ","- ",,,MONTEREY,MONTEREY,-121.89742987,36.600570089999998
8295312,2017,2017-06-27,2706,2017-01-26,1522,505,2706,4,5,4,2706,0,0,0,,0,003,"RT 68","YORK RD",35.00,W,N,A,-,Y,MON,5,68,-,-,7.070,H,-,W,Y,3,0,4,4,A,-,00,23153,F,N,-,C,A,A,H,-,A,A,0,,,,,Y,Y,D,22,0,2,2,0,0,0,0,0,0,"- ","- ",,,MONTEREY,MONTEREY,-121.82527005999999,36.57804745
8295332,2017,2017-02-07,2706,2017-01-21,1552,103,2706,6,5,4,2706,0,0,0,,0,002,"DEL MONTE AV","FIGUEROA ST",184.00,E,N,B,-,N,,,,,,,,,,N,4,0,1,2,A,-,03,22350,,N,C,C,A,A,H,-,A,A,0,,,,,Y,,A,01,0,0,1,0,0,0,0,0,0,"- ","- ",,,MONTEREY,MONTEREY,-121.88942643,36.600156009999999
8295336,2017,2017-02-07,2706,2017-01-25,1528,410,MPD,3,5,4,2706,0,0,0,,0,002,"DEL MONTE AV","FIGUEROA ST",49.00,W,N,A,-,N,,,,,,,,,,N,4,0,1,2,A,-,03,22350,,F,C,C,A,A,H,-,A,A,0,,,,,Y,Y,A,07,0,0,1,0,0,0,0,0,0,"- ","- ",,,MONTEREY,MONTEREY,-121.89020376000001,36.600286250000003
8301277,2017,2017-02-13,2712,2017-01-26,1725,1073,2712,4,5,3,2712,0,0,0,,0,001,"IMJIN PW","ABRAMS DR",60.00,N,N,A,-,N,,,,,,,,,,N,4,0,1,2,A,-,14,24252,A,N,C,C,A,A,H,-,B,A,0,,,,,Y,,A,01,0,0,1,0,0,0,0,0,0,"- ","- ",,,MONTEREY,MARINA,-121.79373661,36.663829489999998
8301559,2017,2017-02-10,2712,2017-01-24,1602,1073,,2,5,3,2712,0,0,0,,0,001,"IMJIN PW","IMJIN RD",35.00,E,N,A,-,N,,,,,,,,,,N,3,0,1,2,A,-,03,22350,,N,C,C,A,A,H,-,A,A,0,,,Y,,Y,,C,02,0,1,0,0,0,0,0,0,1,"- ","- ",,,MONTEREY,MARINA,-121.79125415999999,36.661716830000003
8301771,2017,2017-02-10,2712,2017-01-15,2046,712,2719,7,5,3,2712,0,0,0,,0,ALL,"IMJIN PKWY","ABRAMS DR",0.00,,Y,A,-,N,,,,,,,,,,Y,4,0,1,2,A,-,12,21453,A,F,B,C,A,A,H,-,C,A,0,,,,,Y,,A,01,0,0,1,0,0,0,0,0,0,"- ","- ",,,MONTEREY,MARINA,-121.79360991999999,36.663700009999999
8303927,2016,2017-02-15,2704,2016-12-05,1712,5546,2704,1,5,3,2704,0,0,0,,0,001,"EL CAMINO REAL","APPLE AV",0.00,N,N,A,-,N,,,,,,,,,,N,3,0,1,2,B,-,22,,,N,G,B,B,A,H,-,B,D,0,Y,,,,Y,,A,07,0,1,0,0,1,0,0,0,0,"- ","- ",,,MONTEREY,GREENFIELD,-121.24594996,36.323860009999997
8303931,2016,2017-02-15,2704,2016-12-24,2244,5381,2704,6,5,3,2704,0,0,0,,0,002,"EL CAMINO REAL","ELM AV",0.00,,Y,C,-,N,,,,,,,,,,Y,4,0,1,2,D,-,00,,,M,B,C,A,B,H,-,A,A,0,,,,,Y,,-,"- ",0,0,1,0,0,0,0,0,0,"- ","- ",,,MONTEREY,GREENFIELD,-121.24084987000001,36.317810059999999
8305717,2017,2017-02-15,2706,2017-01-26,1453,939,MPD,4,5,4,2706,0,0,0,,0,002,"MUNRAS AV",WEBSTER,120.00,E,N,A,-,N,,,,,,,,,,N,4,0,1,2,A,-,08,22107,,N,B,C,A,A,H,-,A,D,0,,,,,Y,,A,01,0,0,1,0,0,0,0,0,0,"- ","- ",,,MONTEREY,MONTEREY,-121.8934807,36.596097030000003
8305721,2017,2017-06-27,2706,2017-01-25,1712,358,2706,3,5,4,2706,0,0,0,,0,003,"RT 68","RAGSDALE DR",460.00,W,N,A,-,Y,MON,5,68,-,-,6.990,H,-,W,Y,4,0,2,3,A,-,03,22350,,N,C,C,A,A,H,-,A,A,0,,,,,Y,,A,07,0,0,2,0,0,0,0,0,0,"- ","- ",,,MONTEREY,MONTEREY,-121.82612794000001,36.57916865
8305725,2017,2017-02-15,2706,2017-01-30,0759,103,MPD,1,5,4,2706,0,0,0,,0,003,"MARK THOMAS DR","SLOAT AV",226.00,W,N,A,-,N,,,,,,,,,,N,4,0,1,2,A,-,03,22350,,N,C,C,A,A,H,-,A,A,0,,,,,Y,,A,01,0,0,1,0,0,0,0,0,0,"- ","- ",,,MONTEREY,MONTEREY,-121.87778161999999,36.592479179999998
8305783,2017,2017-02-23,2706,2017-02-02,1723,250,,4,5,4,2706,0,0,0,,0,001,"LIGHTHOUSE AV","MCCLELLAN AV",0.00,,Y,B,-,N,,,,,,,,,,Y,4,0,1,2,A,-,09,21804,A,N,A,C,A,A,H,-,B,A,0,,,,,Y,,A,08,0,0,1,0,0,0,0,0,0,"- ","- ",,,MONTEREY,MONTEREY,-121.90081993,36.612510049999997
8306404,2017,2017-02-24,2712,2017-02-02,1239,1031,,4,5,3,2712,0,0,0,,0,001,"REINDOLLAR AV","CALIFORNIA AV",70.00,W,N,B,-,N,,,,,,,,,,N,4,0,2,2,A,-,08,22107,,N,B,C,A,A,H,-,A,A,0,,,,,Y,,A,08,0,0,2,0,0,0,0,0,0,"- ","- ",,,MONTEREY,MARINA,-121.78985565000001,36.674257689999997
8306479,2017,2017-02-24,2712,2017-02-02,1525,1073,,4,5,3,2712,0,0,0,,0,001,"CRESCENT AV","PATTON PKWY",25.00,N,N,B,-,N,,,,,,,,,,N,4,0,1,2,A,-,21,22106,,N,C,C,A,A,H,-,A,A,0,,,,,Y,,A,01,0,0,1,0,0,0,0,0,0,"- ","- ",,,MONTEREY,MARINA,-121.79864591,36.675258790000001
8307116,2017,2017-06-27,2708,2017-01-16,0842,52823,,1,5,6,2708,0,0,0,,0,,"NORTH MAIN ST","IRIS DR",0.00,,Y,A,-,N,,,,,,,,,,N,4,0,2,2,A,-,12,21453,A,N,D,C,A,A,H,-,A,A,0,,,,,Y,,-,,0,0,2,0,0,0,0,0,0,"- ","- ",,,MONTEREY,SALINAS,-121.65223997,36.693170029999997
8307120,2017,2017-06-27,2708,2017-01-16,1117,19223,,1,5,6,2708,0,0,0,,0,,"NORTH SANBORN RD","GARNER AV",0.00,,Y,A,-,N,,,,,,,,,,N,3,0,1,2,A,-,10,21950,A,F,G,B,B,A,H,-,A,A,0,Y,,,,Y,,-,,0,1,0,0,1,0,0,0,0,"- ","- ",,,MONTEREY,SALINAS,-121.61513994000001,36.686210070000001
8307188,2017,2017-03-07,2708,2017-01-12,0900,30731,,4,5,6,2708,0,0,0,,0,2L9,"RIKER ST","GEIL ST",0.00,,Y,B,C,N,,,,,,,,,,Y,4,0,1,2,A,-,09,21802,A,N,D,C,A,B,H,-,A,A,0,,,,,Y,,-,,0,0,1,0,0,0,0,0,0,"- ","- ",,,MONTEREY,SALINAS,-121.66088987000001,36.666950059999998
8307424,2016,2017-04-08,2708,2016-05-26,1714,19973,2708,4,5,6,2708,0,0,0,,0,009,"SOUTH SANBORN RD","RT 101",20.00,N,N,B,-,Y,MON,5,101,-,-,85.980,R,4,S,N,3,0,1,3,A,-,08,22107,,N,B,C,A,A,H,-,A,A,0,,,,,Y,,-,,0,1,0,0,0,0,0,0,0,"- ",SO,,,MONTEREY,SALINAS,-121.62620151,36.665270059999997
8307427,2016,2017-03-17,2708,2016-06-04,1453,74686,,6,5,6,2708,0,0,0,,0,,"PAJARO ST","EAST SAN LUIS ST",30.00,N,N,A,-,N,,,,,,,,,,N,4,0,1,2,A,-,05,21650,,F,A,C,A,A,H,-,A,A,0,,,,,Y,,-,,0,0,1,0,0,0,0,0,0,"- ","- ",,,MONTEREY,SALINAS,-121.65219688000001,36.672371290000001
8307428,2016,2017-04-07,2708,2016-05-19,1012,52823,,4,5,6,2708,0,0,0,,0,,"NATIVIDAD RD","ARCADIA ST",0.00,,Y,B,-,N,,,,,,,,,,N,4,0,1,2,A,-,12,21453,A,F,D,C,A,A,H,-,A,A,0,,,,,Y,,-,"- ",0,0,1,0,0,0,0,0,0,"- ","- ",,,MONTEREY,SALINAS,-121.62431991,36.713540029999997
8307445,2016,2017-04-07,2708,2016-06-23,1453,30510,,4,5,6,2708,0,0,0,,0,004,"INDEPENDENCE BL","LEXINGTON DR",0.00,,Y,A,-,N,,,,,,,,,,Y,4,0,2,2,A,-,03,22350,A,N,C,C,A,A,H,-,A,A,0,,,,,Y,,-,,0,0,2,0,0,0,0,0,0,"- ","- ",,,MONTEREY,SALINAS,-121.62104988,36.704150030000001
8307449,2016,2017-04-07,2708,2016-06-10,0228,18925,,5,5,6,2708,0,0,0,,0,009,"BLANCO RD","ABBOTT ST",0.00,,Y,A,-,N,,,,,,,,,,Y,3,0,1,1,A,-,08,22107,,N,A,I,A,A,H,-,C,A,0,,,,,Y,,-,,0,1,0,0,0,0,0,0,0,"- ","- ",,,MONTEREY,SALINAS,-121.63583989,36.657250050000002
8307867,2016,2017-03-21,2705,2016-11-11,1604,16316,11,5,5,3,2705,0,0,0,,0,001,"SAN ANTONIO DR","MILDRED AV",0.00,,Y,A,-,N,,,,,,,,,,N,3,0,1,2,A,-,10,21950,A,N,G,B,B,A,H,-,A,A,0,Y,,,,Y,,A,01,0,1,0,0,1,0,0,0,0,"- ","- ",,,MONTEREY,"KING CITY",-121.13802986,36.216320090000004
8308087,2017,2017-06-27,2708,2017-01-28,1938,25182,,6,5,6,2708,0,0,0,,0,002,"NORTH MAIN ST","NAVAJO DR",0.00,,Y,A,-,N,,,,,,,,,,Y,4,0,2,2,A,-,09,21801,A,N,D,C,A,A,-,-,C,D,0,,,,,Y,,-,,0,0,2,0,0,0,0,0,0,"- ","- ",,,MONTEREY,SALINAS,-121.65324988,36.705700069999999
8308091,2017,2017-06-27,2708,2017-01-27,1051,52823,,5,5,6,2708,0,0,0,,0,,"DE CUNHA CT","DECLARATION ST",400.00,S,N,A,-,N,,,,,,,,,,N,3,0,1,1,B,-,22,,,N,H,J,A,A,H,-,A,D,0,,,,,Y,,-,,0,1,0,0,0,0,0,0,0,"- ","- ",,,MONTEREY,SALINAS,-121.60571587,36.705651289999999
8311401,2017,2017-04-07,2706,2017-02-07,2228,428,MPD,2,5,4,2706,0,0,0,,0,003,"NORTH FREMONT ST","DELA VINA AV",49.00,W,N,B,-,N,,,,,,,,,,N,3,0,1,1,A,-,07,21658,A,N,E,I,A,A,H,-,B,A,0,,,,,Y,,D,22,0,1,0,0,0,0,0,0,0,"- ","- ",,,MONTEREY,MONTEREY,-121.85909396,36.596764589999999
8313172,2016,2017-03-01,2707,2016-12-28,1338,2215,2707,3,5,3,2707,0,0,0,,0,002,"OCEAN VIEW BL","OCEAN VIEW 1300",0.00,,N,A,-,N,,,,,,,,,,N,4,0,1,2,A,-,08,22107,,N,C,G,A,A,H,-,A,D,0,,Y,,,Y,,A,08,0,0,1,0,0,0,1,0,0,"- ","- ",,,MONTEREY,"PACIFIC GROVE",,
8313205,2016,2017-04-08,2707,2016-12-29,1707,2215,2707,4,5,3,2707,0,0,0,,0,001,"FOREST AV","SYIDA DR",100.00,S,N,A,-,Y,MON,5,68,-,-,1.890,H,-,W,Y,3,0,3,3,A,-,03,22350,,N,C,C,A,A,H,-,A,D,0,,,,,Y,,A,01,0,1,2,0,0,0,0,0,0,"- ","- ",,,MONTEREY,"PACIFIC GROVE",-121.92491096000001,36.601898820000002
8313256,2017,2017-02-28,2708,2017-01-09,2357,54440,,1,5,6,2708,0,0,0,,0,005,"ROSARITA DR","EAST BERNAL DR",0.00,,Y,A,-,N,,,,,,,,,,Y,4,0,1,1,A,-,01,23152,A,N,A,I,A,A,H,-,C,D,0,,,,,Y,Y,-,,0,0,1,0,0,0,0,0,0,"- ","- ",,,MONTEREY,SALINAS,-121.64563991,36.691160060000001
8313284,2017,2017-02-28,2708,2017-01-17,1356,59989,,2,5,6,2708,0,0,0,,0,,"BLANCO RD","SOUTH MAIN ST",220.00,W,N,A,-,N,,,,,,,,,,Y,4,0,1,3,A,-,03,22350,,N,C,C,A,A,H,-,A,A,0,,,,,Y,,-,,0,0,1,0,0,0,0,0,0,"- ","- ",,,MONTEREY,SALINAS,-121.66093978000001,36.655955560000002
8313288,2017,2017-02-28,2708,2017-01-31,2335,19735,SALIN,2,5,6,2708,0,0,0,,0,008,"MARKET WY","SHERWOOD DR",0.00,,Y,A,-,N,,,,,,,,,,N,2,0,1,2,A,-,05,21650,1,N,D,G,A,A,H,-,C,A,0,,Y,,,Y,,L,04,1,0,0,0,0,0,1,0,0,"- ","- ",,,MONTEREY,SALINAS,-121.65001993,36.678350080000001
8313292,2017,2017-02-28,2708,2017-01-19,1614,10122,,4,5,6,2708,0,0,0,,0,012,"TOWT ST","GARNER AV",0.00,,Y,C,-,N,,,,,,,,,,Y,4,0,1,2,A,-,12,22450,A,N,D,C,A,B,H,-,A,D,0,,,,,Y,,-,"- ",0,0,1,0,0,0,0,0,0,"- ","- ",,,MONTEREY,SALINAS,-121.61185997,36.682490039999998
8313296,2017,2017-02-28,2708,2017-01-28,1234,71633,SALIN,6,5,6,2708,0,0,0,,0,006,"WEST ROSSI ST","RICO ST",0.00,,Y,A,-,N,,,,,,,,,,N,3,0,1,2,A,-,05,21650,,N,D,G,A,A,H,-,A,A,0,,Y,,,Y,,L,04,0,1,0,0,0,0,1,0,0,"- ","- ",,,MONTEREY,SALINAS,-121.66150992999999,36.683930099999998
8313300,2017,2017-02-28,2708,2017-01-29,2023,54372,,7,5,6,2708,0,0,0,,0,011,"DEL MONTE AV","WILLIAMS RD",0.00,,Y,A,-,N,,,,,,,,,,N,3,0,1,2,A,-,10,21950,A,N,G,-,B,A,H,-,C,A,0,Y,,,,Y,,-,,0,1,0,0,1,0,0,0,0,"- ","- ",,,MONTEREY,SALINAS,-121.60429995,36.68120004
8313304,2017,2017-02-28,2708,2017-01-31,1906,56793,,2,5,6,2708,0,0,0,,0,011,"FREEDOM PKWY","RIDER AV",0.00,,Y,A,-,N,,,,,,,,,,Y,4,0,1,2,A,-,12,22450,A,N,D,C,A,A,H,-,C,A,0,,,,,Y,,-,,0,0,1,0,0,0,0,0,0,"- ","- ",,,MONTEREY,SALINAS,-121.60410991000001,36.69611012
8313308,2017,2017-02-28,2708,2017-01-27,1836,57307,SALIN,5,5,6,2708,0,0,0,,0,007,"NISSEN RD","PADRE DR",0.00,,Y,A,-,N,,,,,,,,,,Y,4,0,1,2,A,-,09,21802,A,N,D,C,A,A,H,-,C,D,0,,,,,Y,,-,,0,0,1,0,0,0,0,0,0,"- ","- ",,,MONTEREY,SALINAS,-121.66133988999999,36.65982004
8313311,2017,2017-02-28,2708,2017-01-14,1646,92575,SALIN,6,5,6,2708,0,0,0,,0,005,"E BERNAL",MARYAL,286.00,W,N,A,-,N,,,,,,,,,,N,4,0,1,2,A,-,04,21703,,N,C,C,A,A,H,-,A,D,0,,,,,Y,,-,,0,0,1,0,0,0,0,0,0,"- ","- ",,,MONTEREY,SALINAS,-121.64695034,36.690599489999997
8313312,2017,2017-02-28,2708,2017-01-26,1534,75635,SALIN,4,5,6,2708,0,0,0,,0,,"EAST MARKET ST","SHERWOOD DR",100.00,E,N,A,-,N,,,,,,,,,,N,3,0,1,2,A,-,09,21804,A,N,B,G,A,A,H,-,A,D,0,,Y,,,Y,,L,04,0,1,0,0,0,0,1,0,0,"- ","- ",,,MONTEREY,SALINAS,-121.64968331,36.678393919999998
8313316,2017,2017-02-28,2708,2017-01-09,1159,06235,,1,5,6,2708,0,0,0,,0,002,"NORTH MAIN ST","HARDEN PKWY",40.00,S,N,A,-,N,,,,,,,,,,N,4,0,1,2,A,-,03,22350,,N,C,C,A,A,H,-,A,A,0,,,,,Y,,-,,0,0,1,0,0,0,0,0,0,"- ","- ",,,MONTEREY,SALINAS,-121.65450912,36.713181400000003
8313320,2017,2017-02-28,2708,2017-01-12,1502,19943,,4,5,6,2708,0,0,0,,0,008,"E ALISAL ST","PAJARO ST",0.00,,Y,B,-,N,,,,,,,,,,N,4,0,1,2,A,-,10,21950,A,N,G,B,B,B,H,-,A,A,0,Y,,,,Y,,-,,0,0,1,0,1,0,0,0,0,"- ","- ",,,MONTEREY,SALINAS,-121.65255986,36.674120000000002
8313324,2017,2017-02-28,2708,2017-01-10,1643,69054,,2,5,6,2708,0,0,0,,0,002,"N MAIN","W CURTIS",0.00,,Y,C,-,N,,,,,,,,,,Y,4,0,1,2,A,-,09,21453,C,N,A,C,A,B,H,-,A,A,0,,,,,Y,,-,,0,0,1,0,0,0,0,0,0,"- ","- ",,,MONTEREY,SALINAS,-121.65248995,36.701790109999997
8313328,2017,2017-02-28,2708,2017-01-15,1746,16258,SALIN,7,5,6,2708,0,0,0,,0,003,"EAST BORONDA RD","NATIVIDAD RD",600.00,W,N,A,-,N,,,,,,,,,,Y,3,0,3,3,A,-,03,22350,,N,C,C,A,A,H,-,C,-,0,,,,,Y,,-,,0,1,2,0,0,0,0,0,0,"- ","- ",,,MONTEREY,SALINAS,-121.62554517,36.715778790000002
8313332,2017,2017-02-28,2708,2017-01-02,1146,18945,,1,5,6,2708,0,0,0,,0,005,"NORTH MAIN ST","IRIS DR",0.00,,Y,C,-,N,,,,,,,,,,Y,4,0,2,2,A,-,03,22350,,N,C,C,A,B,H,-,A,A,0,,,,,Y,,-,,0,0,2,0,0,0,0,0,0,"- ","- ",,,MONTEREY,SALINAS,-121.65223997,36.693170029999997
8313336,2017,2017-02-28,2708,2017-01-28,1423,34245,,6,5,6,2708,0,0,0,,0,004,"EAST LAUREL DR","CONSTITUTION BL",10.00,W,N,A,-,N,,,,,,,,,,N,4,0,1,2,A,-,04,21703,,N,C,C,A,A,H,-,A,A,0,,,,,Y,,-,,0,0,1,0,0,0,0,0,0,"- ","- ",,,MONTEREY,SALINAS,-121.63233759000001,36.694506160000003
8313339,2017,2017-02-28,2708,2017-01-14,0305,16301,,6,5,6,2708,0,0,0,,0,006,"NORTH MAIN ST","W LAKE ST",0.00,,Y,A,-,N,,,,,,,,,,Y,4,0,1,1,A,-,01,23152,A,N,E,I,A,A,H,-,C,D,0,,,,,Y,Y,-,,0,0,1,0,0,0,0,0,0,"- ","- ",,,MONTEREY,SALINAS,-121.65444994000001,36.679890049999997
8313343,2017,2017-02-28,2708,2017-01-17,0906,18945,,2,5,6,2708,0,0,0,,0,008,"WEST MARKET ST","LINCOLN AV",0.00,,Y,B,-,N,,,,,,,,,,Y,4,0,2,2,A,-,03,22350,,N,C,C,A,A,H,-,A,A,0,,,,,Y,,-,,0,0,2,0,0,0,0,0,0,"- ","- ",,,MONTEREY,SALINAS,-121.65749993999999,36.67818003
8313347,2017,2017-02-28,2708,2017-01-12,2159,30510,,4,5,6,2708,0,0,0,,0,005,"MARIN AV","PLUMAS WY",150.00,N,N,A,-,N,,,,,,,,,,Y,4,0,1,2,A,-,06,21751,,F,A,E,A,A,H,-,C,D,0,,,,,Y,,-,"- ",0,0,1,0,0,0,0,0,0,"- ","- ",,,MONTEREY,SALINAS,-121.63406857,36.70231399
8313351,2017,2017-02-28,2708,2017-01-03,1749,34245,,2,5,6,2708,0,0,0,,0,005,"IRIS DR","NORTH MAIN ST",195.00,W,N,C,-,N,,,,,,,,,,N,4,0,1,2,A,-,04,21703,,N,C,C,A,B,H,-,C,A,0,,,,,Y,,-,,0,0,1,0,0,0,0,0,0,"- ","- ",,,MONTEREY,SALINAS,-121.65290408,36.693201330000001
8313355,2017,2017-02-28,2708,2017-01-22,2027,35366,,7,5,6,2708,0,0,0,,0,010,"E MARKET","N HEBBRON",20.00,E,N,C,-,N,,,,,,,,,,Y,4,0,1,2,A,-,01,23152,A,N,C,C,A,B,H,-,C,A,0,,,,,Y,Y,-,,0,0,1,0,0,0,0,0,0,"- ","- ",,,MONTEREY,SALINAS,-121.63165229000001,36.67654332
8313359,2017,2017-02-28,2708,2017-01-13,1916,34245,,5,5,6,2708,0,0,0,,0,001,"NORTH MAIN ST","MASSA ST",450.00,N,N,A,-,N,,,,,,,,,,Y,4,0,1,2,A,-,04,21703,,N,C,C,A,A,-,-,C,D,0,,,,,Y,,-,,0,0,1,0,0,0,0,0,0,"- ","- ",,,MONTEREY,SALINAS,-121.65633893,36.726996
8313360,2017,2017-02-28,2708,2017-01-17,1551,56793,,2,5,6,2708,0,0,0,,0,003,"EAST BORONDA RD",HEMINGWAY,550.00,E,N,A,-,N,,,,,,,,,,Y,4,0,1,3,A,-,00,23123,A,N,D,C,A,A,H,-,A,D,0,,,,,Y,,-,,0,0,1,0,0,0,0,0,0,"- ","- ",,,MONTEREY,SALINAS,-121.60807618,36.711511119999997