CASE_ID,ACCIDENT_YEAR,PROC_DATE,JURIS,COLLISION_DATE,COLLISION_TIME,OFFICER_ID,REPORTING_DISTRICT,DAY_OF_WEEK,CHP_SHIFT,POPULATION,CNTY_CITY_LOC,SPECIAL_COND,BEAT_TYPE,CHP_BEAT_TYPE,CITY_DIVISION_LAPD,CHP_BEAT_CLASS,BEAT_NUMBER,PRIMARY_RD,SECONDARY_RD,DISTANCE,DIRECTION,INTERSECTION,WEATHER_1,WEATHER_2,STATE_HWY_IND,CALTRANS_COUNTY,CALTRANS_DISTRICT,STATE_ROUTE,ROUTE_SUFFIX,POSTMILE_PREFIX,POSTMILE,LOCATION_TYPE,RAMP_INTERSECTION,SIDE_OF_HWY,TOW_AWAY,COLLISION_SEVERITY,NUMBER_KILLED,NUMBER_INJURED,PARTY_COUNT,PRIMARY_COLL_FACTOR,PCF_CODE_OF_VIOL,PCF_VIOL_CATEGORY,PCF_VIOLATION,PCF_VIOL_SUBSECTION,HIT_AND_RUN,TYPE_OF_COLLISION,MVIW,PED_ACTION,ROAD_SURFACE,ROAD_COND_1,ROAD_COND_2,LIGHTING,CONTROL_DEVICE,CHP_ROAD_TYPE,PEDESTRIAN_ACCIDENT,BICYCLE_ACCIDENT,MOTORCYCLE_ACCIDENT,TRUCK_ACCIDENT,NOT_PRIVATE_PROPERTY,ALCOHOL_INVOLVED,STWD_VEHTYPE_AT_FAULT,CHP_VEHTYPE_AT_FAULT,COUNT_SEVERE_INJ,COUNT_VISIBLE_INJ,COUNT_COMPLAINT_PAIN,COUNT_PED_KILLED,COUNT_PED_INJURED,COUNT_BICYCLIST_KILLED,COUNT_BICYCLIST_INJURED,COUNT_MC_KILLED,COUNT_MC_INJURED,PRIMARY_RAMP,SECONDARY_RAMP,LATITUDE,LONGITUDE,COUNTY,CITY,POINT_X,POINT_Y
8313551,2016,2017-03-08,2708,2016-12-29,0757,51290,,4,5,6,2708,0,0,0,,0,007,"BLANCO RD","RIKER ST",0.00,,Y,A,-,N,,,,,,,,,,Y,4,0,3,2,A,-,12,21453,A,N,D,D,A,A,H,-,A,A,0,,,,,Y,,-,,0,0,3,0,0,0,0,0,0,"- ","- ",,,MONTEREY,SALINAS,-121.66511998999999,36.6588201
8313559,2016,2017-03-08,2708,2016-11-02,1707,76953,SALIN,3,5,6,2708,0,0,0,,0,002,"N MAIN","W CURTIS",0.00,,Y,A,-,N,,,,,,,,,,Y,2,0,1,2,A,-,11,21954,A,N,G,G,A,A,H,-,A,A,0,,Y,,,Y,,-,,1,0,0,0,0,0,1,0,0,"- ","- ",,,MONTEREY,SALINAS,-121.65248995,36.701790109999997
8313563,2016,2017-03-08,2708,2016-11-15,1001,30285,,2,5,6,2708,0,0,0,,0,,"SOUTH MAIN ST","MAPLE ST",0.00,,Y,A,-,N,,,,,,,,,,N,4,0,1,2,A,-,03,22350,A,N,C,D,A,A,H,-,A,D,0,,,,,Y,,-,,0,0,1,0,0,0,0,0,0,"- ","- ",,,MONTEREY,SALINAS,-121.65564993,36.668460070000002
8313583,2016,2017-03-08,2708,2016-12-14,2119,30349,SALIN,3,5,6,2708,0,0,0,,0,009,"JOHN ST","WORK ST",0.00,,Y,A,-,N,,,,,,,,,,N,3,0,1,2,A,-,12,21453,A,N,D,C,A,A,H,-,C,A,0,,,,,Y,,-,,0,1,0,0,0,0,0,0,0,"- ","- ",,,MONTEREY,SALINAS,-121.64207992999999,36.670860050000002
8313587,2016,2017-03-08,2708,2016-12-27,1355,53269,,2,5,6,2708,0,0,0,,0,001,"MADRID ST","NORTH MAIN ST",875.00,W,N,A,-,N,,,,,,,,,,N,4,0,1,2,A,-,11,21954,A,N,D,B,D,A,H,-,A,D,0,Y,,,,Y,,N,60,0,0,1,0,1,0,0,0,0,"- ","- ",,,MONTEREY,SALINAS,-121.65764077,36.712907420000001
8313591,2016,2017-11-15,2708,2016-12-28,1508,74689,,3,5,6,2708,0,0,0,,0,,"WILLIAMS RD",GRANDHAVEN,50.00,S,N,A,-,N,,,,,,,,,,Y,4,0,1,2,A,-,08,22107,,N,-,E,A,A,H,-,A,A,0,,,,,Y,,-,,0,0,1,0,0,0,0,0,0,"- ","- ",,,MONTEREY,SALINAS,-121.61210963000001,36.676751150000001
8313595,2016,2017-03-08,2708,2016-12-16,1039,56793,,5,5,6,2708,0,0,0,,0,,"NATIVIDAD RD","PACHECO ST",100.00,S,N,A,-,N,,,,,,,,,,Y,4,0,1,3,A,-,03,22350,,N,C,C,A,A,H,-,A,D,0,,,,,Y,,-,,0,0,1,0,0,0,0,0,0,"- ","- ",,,MONTEREY,SALINAS,-121.63686481000001,36.697826579999997
8313599,2016,2017-03-08,2708,2016-12-29,1922,92575,SALIN,4,5,6,2708,0,0,0,,0,005,"NATIVIDAD RD","E LAUREL",290.00,S,N,A,-,N,,,,,,,,,,Y,3,0,1,2,A,-,09,21801,A,N,D,C,A,A,H,-,C,D,0,,,,,Y,,-,,0,1,0,0,0,0,0,0,0,"- ","- ",,,MONTEREY,SALINAS,-121.63888907,36.69569628
8314214,2017,2017-03-10,2710,2017-01-05,1642,40396,,4,5,4,2710,0,0,0,,0,001,"FREMONT BL","HAMILTON AV",0.00,,Y,A,-,N,,,,,,,,,,Y,4,0,1,2,A,-,08,22107,,N,D,-,A,A,H,-,A,D,0,,,,,Y,,A,01,0,0,1,0,0,0,0,0,0,"- ","- ",,,MONTEREY,SEASIDE,-121.84741986,36.605550049999998
8314242,2016,2017-02-28,2710,2016-11-17,1401,34127,,4,5,4,2710,0,0,0,,0,003,"7TH AV","COLONEL DURHAM ST",0.00,,Y,A,-,N,,,,,,,,,,Y,3,0,2,2,A,-,12,22450,A,N,D,C,A,A,H,-,A,D,0,,,,,Y,,A,01,0,1,1,0,0,0,0,0,0,"- ","- ",,,MONTEREY,SEASIDE,,
8314294,2016,2017-03-06,2710,2016-11-11,1054,38145,,5,5,4,2710,0,0,0,,0,003,"RT 218","FREMONT BL",138.00,W,N,A,-,Y,MON,5,218,-,L,0.899,H,-,E,N,4,0,1,4,A,-,03,22350,,N,C,C,A,A,H,-,A,A,0,,,,,Y,,D,,0,0,1,0,0,0,0,0,0,"- ","- ",,,MONTEREY,SEASIDE,-121.85102620000001,36.59915788
8314981,2016,2017-03-06,2710,2016-11-17,1726,32771,,4,5,4,2710,0,0,0,,0,001,"BROADWAY AV","NOCHE BUENA ST",0.00,,Y,A,-,N,,,,,,,,,,N,4,0,1,2,D,-,00,,,N,D,G,A,A,H,-,C,A,0,,Y,,,Y,,-,"- ",0,0,1,0,0,0,1,0,0,"- ","- ",,,MONTEREY,SEASIDE,-121.83772995,36.609030009999998
8315005,2016,2017-03-06,2710,2016-11-05,1700,40386,MARIN,6,5,4,2710,0,0,0,,0,003,"GENERAL JIM MOORE BL","SAN PABLO AV",0.00,,Y,A,-,N,,,,,,,,,,Y,4,0,2,2,A,-,03,22350,,N,C,C,A,A,H,-,B,A,0,,,,,Y,,A,07,0,0,2,0,0,0,0,0,0,"- ","- ",,,MONTEREY,SEASIDE,,
8315009,2016,2017-03-06,2710,2016-11-20,1808,40386,MARIN,7,5,4,2710,0,0,0,,0,011,"PLAYA AV","FREMONT BL",62.00,E,N,B,C,N,,,,,,,,,,N,4,0,3,4,A,-,10,21950,A,N,G,B,B,B,H,-,C,A,0,Y,,,,Y,,A,08,0,0,3,0,3,0,0,0,0,"- ","- ",,,MONTEREY,SEASIDE,-121.84097789,36.6179293
8315021,2016,2017-03-10,2710,2016-11-28,0817,32771,,1,5,4,2710,0,0,0,,0,003,"TRINITY AV","HAMILTON AV",65.00,S,N,A,-,N,,,,,,,,,,N,4,0,1,2,A,-,21,22106,,N,B,C,A,A,H,-,A,D,0,,,,,Y,,-,,0,0,1,0,0,0,0,0,0,"- ","- ",,,MONTEREY,SEASIDE,-121.85414496,36.605497020000001
8315025,2016,2017-03-10,2710,2016-11-21,1252,34127,,1,5,4,2710,0,0,0,,0,002,"LA SALLE AV","DARWIN ST",0.00,,Y,A,-,N,,,,,,,,,,Y,4,0,1,2,A,-,09,21802,,N,D,C,A,A,H,-,A,D,0,,,,,Y,,-,,0,0,1,0,0,0,0,0,0,"- ","- ",,,MONTEREY,SEASIDE,-121.83237991,36.616700059999999
8315029,2016,2017-03-10,2710,2016-11-13,2106,40397,,7,5,4,2710,0,0,0,,0,003,"CANYON DEL REY BL","ROBERTS AV",0.00,,-,A,-,N,,,,,,,,,,N,3,0,2,2,A,-,03,22350,,N,C,C,A,A,H,-,C,A,0,,,,,Y,,A,01,0,1,1,0,0,0,0,0,0,"- ","- ",,,MONTEREY,SEASIDE,-121.85747995,36.60910002
8315033,2016,2017-03-10,2710,2016-11-03,1221,40400,MONTE,4,5,4,2710,0,0,0,,0,,"BROADWAY AV",SOUTH,25.00,N,N,A,-,N,,,,,,,,,,N,4,0,1,2,-,-,"- ",,,N,C,C,A,A,H,-,A,A,0,,,,,Y,,-,"- ",0,0,1,0,0,0,0,0,0,"- ","- ",,,MONTEREY,SEASIDE,,
8316003,2016,2017-03-09,2710,2016-12-04,2015,40397,,7,5,4,2710,0,0,0,,0,001,"KIMBALL AV","CARSON ST",0.00,,Y,A,-,N,,,,,,,,,,Y,4,0,3,2,A,-,03,22350,,N,C,C,A,A,H,-,C,D,0,,,,,Y,,A,01,0,0,3,0,0,0,0,0,0,"- ","- ",,,MONTEREY,SEASIDE,-121.84647997,36.599690039999999
8316007,2016,2017-03-09,2710,2016-12-05,1700,40401,MARIN,1,5,4,2710,0,0,0,,0,,"NOCHE BUENA ST","MINGO AV",0.00,,Y,B,-,N,,,,,,,,,,N,4,0,1,2,A,-,09,21801,B,N,D,C,A,A,H,-,B,D,0,,,,,Y,,A,07,0,0,1,0,0,0,0,0,0,"- ","- ",,,MONTEREY,SEASIDE,-121.83763996,36.611950020000002
8316011,2016,2017-03-09,2710,2016-12-02,1822,40392,SALIN,5,5,4,2710,0,0,0,,0,01B,"FREMONT BL","HILBY AV",0.00,,Y,A,-,N,,,,,,,,,,N,4,0,1,2,A,-,08,22107,,N,C,C,A,A,H,-,C,A,0,,,,,Y,,A,01,0,0,1,0,0,0,0,0,0,"- ","- ",,,MONTEREY,SEASIDE,-121.84881987999999,36.602610040000002
8316035,2016,2017-03-09,2710,2016-12-24,1500,40386,MARIN,6,5,4,2710,0,0,0,,0,019,"SONOMA AV","SAN LUCAS ST",0.00,,Y,A,G,N,,,,,,,,,,Y,4,0,2,2,A,-,03,22350,,N,D,D,A,A,H,-,A,A,0,,,,,Y,,A,07,0,0,2,0,0,0,0,0,0,"- ","- ",,,MONTEREY,SEASIDE,-121.84034986,36.60611007
8316039,2016,2017-03-09,2710,2016-12-21,1915,32225,,3,5,4,2710,0,0,0,,0,,"FREMONT BL","LA SALLE AV",0.00,,Y,A,-,N,,,,,,,,,,N,4,0,1,2,-,-,"- ",,,N,D,G,A,A,H,-,-,A,0,,Y,,,Y,,-,"- ",0,0,1,0,0,0,1,0,0,"- ","- ",,,MONTEREY,SEASIDE,-121.84177987,36.616780110000001
8316043,2016,2017-03-09,2710,2016-12-04,2151,40397,,7,5,4,2710,0,0,0,,0,003,"GENERAL JIM MOORE BL","POLE G21",45.00,N,N,A,-,N,,,,,,,,,,Y,4,0,1,1,A,-,08,22107,,N,E,I,A,A,H,-,C,D,0,,,,,Y,,A,01,0,0,1,0,0,0,0,0,0,"- ","- ",,,MONTEREY,SEASIDE,,
8316056,2016,2017-03-08,2710,2016-12-08,1801,33362,,4,5,4,2710,0,0,0,,0,,"HILBY AV","VIRGINIA ST",0.00,,Y,A,-,N,,,,,,,,,,Y,3,0,1,3,A,-,06,21750,A,N,B,C,A,A,H,-,C,A,0,,,,,Y,,A,01,0,1,0,0,0,0,0,0,0,"- ","- ",,,MONTEREY,SEASIDE,-121.84821991,36.60257008
8316074,2016,2017-04-07,2710,2016-12-03,1532,40386,MARIN,6,5,4,2710,0,0,0,,0,009,"FREMONT BL","CANYON DEL REY BL",307.00,S,N,A,-,N,,,,,,,,,,N,4,0,1,3,A,-,06,21750,,F,B,C,A,A,H,-,A,D,0,,,,,Y,Y,-,99,0,0,1,0,0,0,0,0,0,"- ","- ",,,MONTEREY,SEASIDE,-121.85088,36.598970000000001
8316604,2017,2017-03-07,2706,2017-02-01,1500,129,2706,3,5,4,2706,0,0,0,,0,003,"DEL MONTE AV","AGUAJITO RD",20.00,W,N,A,-,N,,,,,,,,,,N,4,0,1,2,A,-,03,22350,,F,C,C,A,A,H,-,A,D,0,,,,,Y,Y,-,99,0,0,1,0,0,0,0,0,0,"- ","- ",,,MONTEREY,MONTEREY,,
8316644,2017,2017-03-06,2706,2017-02-11,1030,505,MPD,6,5,4,2706,0,0,0,,0,002,"PACIFIC ST","LOGAN LN",0.00,,Y,A,-,N,,,,,,,,,,N,4,0,3,2,A,-,03,22350,,N,C,C,A,A,H,-,A,A,0,,,,,Y,,A,01,0,0,3,0,0,0,0,0,0,"- ","- ",,,MONTEREY,MONTEREY,-121.89796999000001,36.594350030000001
8316648,2017,2017-03-06,2706,2017-02-11,2237,608,2706,6,5,4,2706,0,0,0,,0,002,"LIGHTHOUSE AV","DEL MONTE AV",40.00,,N,A,-,N,,,,,,,,,,N,4,0,1,2,A,-,03,22350,A,N,C,C,A,A,H,-,C,A,0,,,,,Y,,A,01,0,0,1,0,0,0,0,0,0,"- ","- ",,,MONTEREY,MONTEREY,-121.89233987,36.60066003
8316656,2017,2017-03-06,2706,2017-02-07,0752,320,2706,2,5,4,2706,0,0,0,,0,003,"NORTH FREMONT ST","CASA VERDE WY",105.00,E,N,C,-,N,,,,,,,,,,Y,4,0,1,2,A,-,03,22350,,N,C,C,A,B,H,-,A,A,0,,,,,Y,,A,07,0,0,1,0,0,0,0,0,0,"- ","- ",,,MONTEREY,MONTEREY,-121.86233854,36.596263919999998
8316680,2017,2017-03-06,2706,2017-02-14,1715,310,MPD,2,5,4,2706,0,0,0,,0,001,"PRESCOTT AV","GRACE ST",69.00,E,N,A,-,N,,,,,,,,,,Y,3,0,1,2,A,-,03,22350,,N,C,C,A,A,H,-,A,D,0,,,,,Y,,A,07,0,1,0,0,0,0,0,0,0,"- ","- ",,,MONTEREY,MONTEREY,-121.91169567,36.609736740000002
8317633,2017,2017-03-08,2712,2017-02-16,1305,1073,2712,4,5,3,2712,0,0,0,,0,001,"IMJIN PW","PRESTON AV",500.00,N,N,-,-,N,,,,,,,,,,N,4,0,1,2,A,-,03,22350,,N,C,C,A,-,H,-,A,A,0,,,,,Y,,A,01,0,0,1,0,0,0,0,0,0,"- ","- ",,,MONTEREY,MARINA,-121.76922197,36.669128430000001
8318403,2017,2017-03-14,2712,2017-02-13,1440,1031,,1,5,3,2712,0,0,0,,0,001,"RESERVATION RD","CARDOZA AV",0.00,,N,A,-,N,,,,,,,,,,N,4,0,1,2,D,-,00,,,N,G,B,D,A,H,-,A,A,0,Y,,,,Y,,-,"- ",0,0,1,0,1,0,0,0,0,"- ","- ",,,MONTEREY,MARINA,-121.8028699,36.695920020000003
8318407,2017,2017-03-14,2712,2017-02-14,0807,1034,2712,2,5,3,2712,0,0,0,,0,001,"PATTON PKWY","PATTON PKWY 298",0.00,,N,A,-,N,,,,,,,,,,N,4,0,1,2,B,-,22,,,N,D,G,A,A,H,-,A,A,0,,Y,,,Y,,L,04,0,0,1,0,0,0,1,0,0,"- ","- ",,,MONTEREY,MARINA,,
8319122,2017,2017-06-27,2710,2017-01-13,1515,40400,SEASI,5,5,4,2710,0,0,0,,0,01B,"FREMONT BL","ELM AV",39.00,N,N,A,-,N,,,,,,,,,,N,3,0,1,2,A,-,11,21955,,N,H,B,E,A,H,-,A,D,0,Y,,,,Y,,N,60,0,1,0,0,1,0,0,0,0,"- ","- ",,,MONTEREY,SEASIDE,-121.84636913,36.60777899
8319126,2017,2017-03-02,2710,2017-01-06,1546,40386,MARIN,5,5,4,2710,0,0,0,,0,,"BROADWAY AV","DARWIN ST",0.00,,Y,A,-,N,,,,,,,,,,Y,4,0,2,2,A,-,03,22350,,N,C,C,A,A,H,-,A,D,0,,,,,Y,,A,01,0,0,2,0,0,0,0,0,0,"- ","- ",,,MONTEREY,SEASIDE,-121.83259996,36.608940070000003
8319193,2017,2017-03-02,2710,2017-01-14,1825,40392,SALIN,6,5,4,2710,0,0,0,,0,02B,"OLYMPIA AV","SAN LUCAS ST",0.00,,Y,A,-,N,,,,,,,,,,N,3,0,1,2,A,-,11,21954,A,F,G,B,D,A,H,-,A,A,0,Y,,,,Y,,N,60,0,1,0,0,1,0,0,0,0,"- ","- ",,,MONTEREY,SEASIDE,-121.8402,36.610060079999997
8319197,2017,2017-03-02,2710,2017-01-23,0937,40391,MARIN,1,5,4,2710,0,0,0,,0,003,"FREMONT BL","FREMONT BL 1451",0.00,,Y,A,-,N,,,,,,,,,,Y,3,0,1,1,A,-,00,20002,B,N,A,I,A,B,H,-,A,D,0,,,,,Y,,A,01,0,1,0,0,0,0,0,0,0,"- ","- ",,,MONTEREY,SEASIDE,,
8319536,2017,2017-03-03,2710,2017-01-22,1939,40386,MARIN,7,5,4,2710,0,0,0,,0,009,"FREMONT ST","HILBY AV",0.00,,Y,C,G,N,,,,,,,,,,Y,4,0,1,2,A,-,09,21801,B,N,A,C,A,B,H,-,C,A,0,,,,,Y,,A,07,0,0,1,0,0,0,0,0,0,"- ","- ",,,MONTEREY,SEASIDE,-121.84881987999999,36.602610040000002
8319945,2016,2017-04-08,2710,2016-12-15,2008,36403,,4,5,4,2710,0,0,0,,0,003,"RT 218","WILLIAMS AV",142.00,E,N,C,-,Y,MON,5,218,-,L,0.800,H,-,E,Y,4,0,1,1,D,-,00,,,N,E,I,A,B,H,-,C,A,0,,,,,Y,,-,"- ",0,0,1,0,0,0,0,0,0,"- ","- ",,,MONTEREY,SEASIDE,-121.85200939000001,36.60030819
8320682,2017,2017-04-04,2707,2017-01-10,1355,2119,2707,2,5,3,2707,0,0,0,,0,001,"DAVID AV","CLARK LN",110.00,E,N,C,-,N,,,,,,,,,,N,4,0,1,2,A,-,08,22107,,N,B,C,A,B,H,-,A,D,0,,,,,Y,,A,08,0,0,1,0,0,0,0,0,0,"- ","- ",,,MONTEREY,"PACIFIC GROVE",-121.93051144,36.60474928
8321310,2017,2017-03-10,2706,2017-02-14,0814,142,,2,5,4,2706,0,0,0,,0,,"NORTH FREMONT ST","RAMONA AV",0.00,,Y,A,-,N,,,,,,,,,,N,4,0,1,2,A,-,12,21453,A,N,D,C,A,A,H,-,A,A,0,,,,,Y,,A,01,0,0,1,0,0,0,0,0,0,"- ","- ",,,MONTEREY,MONTEREY,-121.85625992999999,36.597210019999999
8321314,2017,2017-03-10,2706,2017-02-08,1023,301,MPD,3,5,4,2706,0,0,0,,0,003,"NORTH FREMONT ST","CASA VERDE WY",12.00,E,N,C,-,N,,,,,,,,,,N,4,0,1,2,A,-,03,22350,,N,C,C,A,B,H,-,A,A,0,,,,,Y,,A,01,0,0,1,0,0,0,0,0,0,"- ","- ",,,MONTEREY,MONTEREY,-121.86264983,36.596216159999997
8321468,2017,2017-03-15,2706,2017-02-28,0828,505,2706,2,5,4,2706,0,0,0,,0,002,"ALVARADO ST","PEARL ST",219.00,N,N,A,-,N,,,,,,,,,,N,3,0,1,1,B,-,22,,,N,F,I,A,A,H,-,A,D,0,,Y,,,Y,,L,04,0,1,0,0,0,0,1,0,0,"- ","- ",,,MONTEREY,MONTEREY,-121.89478344,36.598328299999999
8321472,2017,2017-03-17,2706,2017-02-26,1743,121,MPD,7,5,4,2706,0,0,0,,0,001,"DAVID AV","ALICE ST",0.00,,Y,A,-,N,,,,,,,,,,Y,4,0,1,2,A,-,03,22350,,N,C,C,A,A,H,-,A,D,0,,,,,Y,,A,01,0,0,1,0,0,0,0,0,0,"- ","- ",,,MONTEREY,MONTEREY,-121.91713993,36.610810000000001
8321923,2016,2017-03-20,2705,2016-10-19,1516,K23482,2705,3,5,3,2705,0,0,0,,0,001,"BROADWAY ST","VANDERHURST AV",0.00,,Y,A,-,N,,,,,,,,,,N,3,0,1,2,A,-,10,21950,A,N,H,G,A,A,H,-,A,D,0,,Y,,,Y,,D,22,0,1,0,0,0,0,0,0,0,"- ","- ",,,MONTEREY,"KING CITY",-121.12769999,36.212220070000001
8322163,2017,2017-03-22,2706,2017-03-05,1916,OLNEY,2706,7,5,4,2706,0,0,0,,0,002,"DEL MONTE AV","CAMINO EL ESTERO",1.00,E,N,-,-,N,,,,,,,,,,N,4,0,2,3,B,-,22,,,N,-,-,-,-,-,-,-,-,0,Y,,,,Y,,N,60,0,0,2,0,1,0,0,0,0,"- ","- ",,,MONTEREY,MONTEREY,-121.88730658999999,36.599939999999997
8322167,2017,2017-03-22,2706,2017-03-08,1420,410,MPD,3,5,4,2706,0,0,0,,0,003,"NORTH FREMONT ST","CASA VERDE WY",275.00,E,N,A,-,N,,,,,,,,,,N,4,0,1,2,A,-,03,22350,,N,C,C,A,A,D,-,A,A,0,,,,,Y,,A,08,0,0,1,0,0,0,0,0,0,"- ","- ",,,MONTEREY,MONTEREY,-121.86176951,36.596351210000002
8322171,2017,2017-03-22,2706,2017-03-02,1736,310,,4,5,4,2706,0,0,0,,0,003,"MARK THOMAS DR","SLOAT AV",276.00,E,N,A,-,N,,,,,,,,,,N,3,0,1,2,A,-,08,22107,,N,B,G,A,D,-,-,A,-,0,,Y,,,Y,,A,07,0,1,0,0,0,0,1,0,0,"- ","- ",,,MONTEREY,MONTEREY,-121.87630649,36.593174500000003
8322175,2017,2017-03-22,2706,2017-03-04,2244,772,MPD,6,5,4,2706,0,0,0,,0,002,"WEBSTER ST","MUNRAS AV",0.00,,Y,B,-,N,,,,,,,,,,N,3,0,2,3,A,-,10,21950,A,N,G,B,B,A,H,-,C,A,0,Y,,,,Y,Y,A,01,0,2,0,0,2,0,0,0,0,"- ","- ",,,MONTEREY,MONTEREY,-121.89370991,36.596370090000001
8322263,2016,2017-04-08,2705,2016-08-17,0550,K23127,2705,3,5,3,2705,0,0,0,,0,03106,"BROADWAY ST","RT 101",0.00,,Y,A,-,Y,MON,5,101,-,R,41.290,R,4,N,Y,2,0,1,2,A,-,09,21801,A,N,A,C,A,A,H,-,B,D,0,,,,,Y,,A,01,1,0,0,0,0,0,0,0,0,"- ",NO,,,MONTEREY,"KING CITY",-121.13950776999999,36.204246099999999
8322264,2016,2017-03-20,2705,2016-10-10,1820,K22959,2705,1,5,3,2705,0,0,0,,0,04/01,"ELLIS ST","3RD ST",0.00,,Y,A,-,N,,,,,,,,,,Y,4,0,1,2,A,-,09,21802,B,N,D,C,A,-,H,-,A,D,0,,,,,Y,,A,01,0,0,1,0,0,0,0,0,0,"- ","- ",,,MONTEREY,"KING CITY",-121.12772991999999,36.214630079999999
8322271,2016,2017-03-20,2705,2016-09-16,1652,16316,1,5,5,3,2705,0,0,0,,0,003,"N SAN LORENZO AV","BROADWAY ST",0.00,,Y,A,-,N,,,,,,,,,,N,4,0,1,2,A,-,10,21950,A,N,G,G,A,A,H,-,A,A,0,,Y,,,Y,,A,01,0,0,1,0,0,0,1,0,0,"- ","- ",,,MONTEREY,"KING CITY",-121.13043992999999,36.21078
8322913,2017,2017-03-14,2701,2017-01-05,1348,5460,2701,4,5,2,2701,0,0,0,,0,00S,"JUNIPERO AV","10TH AV",204.00,S,N,A,-,N,,,,,,,,,,Y,3,0,1,2,A,-,08,22107,,N,E,E,A,A,H,-,A,D,0,,,,,Y,,A,01,0,1,0,0,0,0,0,0,0,"- ","- ",,,MONTEREY,CARMEL,-121.92004269,36.549540319999998
8326246,2017,2017-06-27,2703,2017-02-28,1530,7248,2703,2,5,2,2703,0,0,0,,0,ALL,"5TH ST","RT 101",0.00,,Y,A,-,Y,MON,5,101,-,-,70.960,R,4,S,N,4,0,1,2,A,-,10,21950,A,N,G,B,B,A,H,-,A,A,0,Y,,,,Y,,A,01,0,0,1,0,1,0,0,0,0,"- ",SF,,,MONTEREY,GONZALES,-121.43855052000001,36.514731820000002
8326659,2017,2017-04-29,2712,2017-03-02,1919,1073,2712,4,5,3,2712,0,0,0,,0,001,"RESERVATION RD","IMJIN PKWY",65.00,E,N,A,-,N,,,,,,,,,,N,4,0,2,2,A,-,07,21658,A,N,B,C,A,A,H,-,C,A,0,,,,,Y,,A,01,0,0,2,0,0,0,0,0,0,"- ","- ",,,MONTEREY,MARINA,-121.76640839,36.671340190000002
8326663,2017,2017-04-29,2712,2017-03-09,1456,BACHTEL,2712,4,5,3,2712,0,0,0,,0,001,"IMJIN PKWY","2ND AV",56.00,W,N,A,-,N,,,,,,,,,,N,4,0,1,2,A,-,03,22350,,F,C,C,A,A,H,-,A,A,0,,,,,Y,,-,,0,0,1,0,0,0,0,0,0,"- ","- ",,,MONTEREY,MARINA,-121.80898963,36.667850680000001
8328627,2017,2017-03-24,2706,2017-03-02,1259,103,2706,4,5,4,2706,0,0,0,,0,002,"PEARL ST","FIGUEROA ST",86.00,W,N,A,-,N,,,,,,,,,,Y,4,0,1,1,A,-,21,22106,,N,E,I,A,A,H,-,A,D,0,,,,,Y,,A,07,0,0,1,0,0,0,0,0,0,"- ","- ",,,MONTEREY,MONTEREY,-121.89072132,36.598024469999999
8329178,2016,2017-04-08,2708,2016-12-19,1741,7084,,1,5,6,2708,0,0,0,,0,,"BORONDA RD","RT 101",0.00,,Y,A,-,Y,MON,5,101,-,R,90.719,R,4,N,N,4,0,2,2,A,-,03,22350,,N,C,C,A,A,H,-,C,A,0,,,,,Y,,-,,0,0,2,0,0,0,0,0,0,"- ","- ",,,MONTEREY,SALINAS,-121.66080946,36.7178574
8329184,2016,2017-03-27,2708,2016-12-14,0750,19702,SPD,3,5,6,2708,0,0,0,,0,012,"EAST MARKET ST","E TOWT ST",8.00,E,N,B,-,N,,,,,,,,,,N,3,0,1,2,A,-,10,21950,A,N,G,B,B,A,H,-,A,A,0,Y,,,,Y,,-,,0,1,0,0,1,0,0,0,0,"- ","- ",,,MONTEREY,SALINAS,-121.62158416,36.676702949999999
8329609,2017,2017-03-29,2706,2017-03-21,1355,538,MPD,2,5,4,2706,0,0,0,,0,003,OLMSTEAD,"GARDEN RD",0.00,,Y,A,-,N,,,,,,,,,,Y,3,0,1,2,A,-,09,21801,A,N,A,C,A,A,H,-,A,D,0,,,,,Y,,D,22,0,1,0,0,0,0,0,0,0,"- ","- ",,,MONTEREY,MONTEREY,-121.84888998,36.585260050000002
8329621,2017,2017-03-29,2706,2017-03-07,0840,320,MPD,2,5,4,2706,0,0,0,,0,001,"DAVID AV","HAWTHORNE ST",0.00,,Y,A,-,N,,,,,,,,,,N,4,0,1,2,A,-,08,22107,,F,G,B,B,A,H,-,A,A,0,Y,,,,Y,,D,22,0,0,1,0,1,0,0,0,0,"- ","- ",,,MONTEREY,MONTEREY,-121.90538995,36.616380040000003
8332048,2016,2017-04-08,2708,2016-12-20,1736,70843,,2,5,6,2708,0,0,0,,0,,"NORTH MAIN ST","BERNAL DR",400.00,S,N,A,-,Y,MON,5,101,-,-,87.920,R,2,S,Y,3,0,3,2,A,-,03,22350,,N,C,C,A,A,H,-,C,-,0,,,,,Y,,-,,0,1,2,0,0,0,0,0,0,"- ","- ",,,MONTEREY,SALINAS,-121.64773288000001,36.68434809
8332196,2017,2017-04-06,2708,2017-02-17,1404,52823,,5,5,6,2708,0,0,0,,0,,"W ALISAL ST","MONTEREY ST",0.00,,Y,C,-,N,,,,,,,,,,N,4,0,1,2,A,-,11,21954,A,N,G,B,B,B,H,-,A,B,0,Y,,,,Y,,N,60,0,0,1,0,1,0,0,0,0,"- ","- ",,,MONTEREY,SALINAS,-121.65368991,36.67396007
8332319,2017,2017-03-28,2708,2017-03-04,2041,03185,,6,5,6,2708,0,0,0,,0,003,"EAST BORONDA RD","HEMINGWAY DR",0.00,,Y,A,-,N,,,,,,,,,,Y,4,0,1,2,A,-,09,21802,A,M,B,C,A,A,H,-,C,D,0,,,,,Y,,-,,0,0,1,0,0,0,0,0,0,"- ","- ",,,MONTEREY,SALINAS,-121.60973995000001,36.712210079999998
8332323,2017,2017-03-28,2708,2017-02-06,1726,76997,,1,5,6,2708,0,0,0,,0,004,"EAST LAUREL DR","CONSTITUTION BL",1200.00,W,N,C,-,N,,,,,,,,,,N,4,0,2,3,A,-,03,22350,A,N,C,-,A,B,H,-,B,A,0,,,,,Y,,A,01,0,0,2,0,0,0,0,0,0,"- ","- ",,,MONTEREY,SALINAS,-121.63602935999999,36.695799559999998