CASE_ID,ACCIDENT_YEAR,PROC_DATE,JURIS,COLLISION_DATE,COLLISION_TIME,OFFICER_ID,REPORTING_DISTRICT,DAY_OF_WEEK,CHP_SHIFT,POPULATION,CNTY_CITY_LOC,SPECIAL_COND,BEAT_TYPE,CHP_BEAT_TYPE,CITY_DIVISION_LAPD,CHP_BEAT_CLASS,BEAT_NUMBER,PRIMARY_RD,SECONDARY_RD,DISTANCE,DIRECTION,INTERSECTION,WEATHER_1,WEATHER_2,STATE_HWY_IND,CALTRANS_COUNTY,CALTRANS_DISTRICT,STATE_ROUTE,ROUTE_SUFFIX,POSTMILE_PREFIX,POSTMILE,LOCATION_TYPE,RAMP_INTERSECTION,SIDE_OF_HWY,TOW_AWAY,COLLISION_SEVERITY,NUMBER_KILLED,NUMBER_INJURED,PARTY_COUNT,PRIMARY_COLL_FACTOR,PCF_CODE_OF_VIOL,PCF_VIOL_CATEGORY,PCF_VIOLATION,PCF_VIOL_SUBSECTION,HIT_AND_RUN,TYPE_OF_COLLISION,MVIW,PED_ACTION,ROAD_SURFACE,ROAD_COND_1,ROAD_COND_2,LIGHTING,CONTROL_DEVICE,CHP_ROAD_TYPE,PEDESTRIAN_ACCIDENT,BICYCLE_ACCIDENT,MOTORCYCLE_ACCIDENT,TRUCK_ACCIDENT,NOT_PRIVATE_PROPERTY,ALCOHOL_INVOLVED,STWD_VEHTYPE_AT_FAULT,CHP_VEHTYPE_AT_FAULT,COUNT_SEVERE_INJ,COUNT_VISIBLE_INJ,COUNT_COMPLAINT_PAIN,COUNT_PED_KILLED,COUNT_PED_INJURED,COUNT_BICYCLIST_KILLED,COUNT_BICYCLIST_INJURED,COUNT_MC_KILLED,COUNT_MC_INJURED,PRIMARY_RAMP,SECONDARY_RAMP,LATITUDE,LONGITUDE,COUNTY,CITY,POINT_X,POINT_Y
8332327,2017,2017-03-27,2708,2017-02-14,1144,53991,,2,5,6,2708,0,0,0,,0,L12,"ALMA ST","TOWT ST",0.00,,Y,A,-,N,,,,,,,,,,N,4,0,1,2,A,-,04,21703,,N,C,C,A,A,H,-,A,A,0,,,,,Y,,-,,0,0,1,0,0,0,0,0,0,"- ","- ",,,MONTEREY,SALINAS,-121.61272992000001,36.68202007
8332335,2017,2017-03-28,2708,2017-02-18,1249,79223,,6,5,6,2708,0,0,0,,0,,"NORTH SANBORN RD","DEL MONTE AV",0.00,,Y,B,-,N,,,,,,,,,,Y,3,0,2,2,A,-,12,21453,A,N,D,C,A,A,H,-,A,A,0,,,,,Y,,A,01,0,1,1,0,0,0,0,0,0,"- ","- ",,,MONTEREY,SALINAS,-121.61081992,36.688660079999998
8332339,2017,2017-05-30,2708,2017-02-05,1025,06235,,7,5,6,2708,0,0,0,,0,004,"LONGFELLOW DR","MELVILLE ST",0.00,,Y,A,-,N,,,,,,,,,,N,4,0,1,2,A,-,09,21800,A,N,D,C,A,A,H,-,A,D,0,,,,,Y,,-,"- ",0,0,1,0,0,0,0,0,0,"- ","- ",,,MONTEREY,SALINAS,-121.60985994000001,36.710850039999997
8332343,2017,2017-03-28,2708,2017-02-13,2011,03581,,1,5,6,2708,0,0,0,,0,001,"SAN JUAN GRADE RD","RUSSELL RD",465.00,S,N,A,-,N,,,,,,,,,,Y,4,0,1,3,A,-,04,21703,,N,C,C,A,A,H,-,C,D,0,,,,,Y,,A,01,0,0,1,0,0,0,0,0,0,"- ","- ",,,MONTEREY,SALINAS,-121.64204872000001,36.72914222
8332347,2017,2017-03-27,2708,2017-02-07,2130,18355,,2,5,6,2708,0,0,0,,0,,"S SANDBORN","WORK ST",15.00,S,N,B,-,N,,,,,,,,,,N,3,0,1,2,A,-,03,22350,,F,C,G,A,B,H,-,C,A,0,,Y,,,Y,Y,-,,0,1,0,0,0,0,1,0,0,"- ","- ",,,MONTEREY,SALINAS,,
8332351,2017,2017-03-27,2708,2017-02-17,1601,59989,,5,5,6,2708,0,0,0,,0,,"W ALISAL ST","SALINAS ST",0.00,,Y,C,-,N,,,,,,,,,,Y,3,0,1,2,A,-,09,21800,D,N,D,C,A,B,H,-,A,B,0,,,,,Y,,A,01,0,1,0,0,0,0,0,0,0,"- ","- ",,,MONTEREY,SALINAS,-121.65602994,36.673620020000001
8332355,2017,2017-03-27,2708,2017-02-19,1710,16258,SALIN,7,5,6,2708,0,0,0,,0,004,"NATIVIDAD RD","PACHECO ST",0.00,,Y,B,-,N,,,,,,,,,,N,4,0,1,2,A,-,07,21658,A,N,D,C,A,A,H,-,B,D,0,,,,,Y,,A,01,0,0,1,0,0,0,0,0,0,"- ","- ",,,MONTEREY,SALINAS,-121.63664993,36.69804001
8332359,2017,2017-03-28,2708,2017-02-27,0621,06240,,1,5,6,2708,0,0,0,,0,006,"NORTH DAVIS RD","POST DR",0.00,,Y,C,-,N,,,,,,,,,,N,4,0,2,2,A,-,03,22350,,N,C,C,A,B,H,-,A,A,0,,,,,Y,,A,07,0,0,2,0,0,0,0,0,0,"- ","- ",,,MONTEREY,SALINAS,-121.66875994999999,36.696070050000003
8332363,2017,2017-03-27,2708,2017-02-14,1842,54353,,2,5,6,2708,0,0,0,,0,,"NORTH SANBORN RD","DEL MONTE AV",0.00,,Y,A,-,N,,,,,,,,,,N,4,0,2,2,A,-,09,21801,A,N,D,C,A,A,H,-,C,A,0,,,,,Y,,D,22,0,0,2,0,0,0,0,0,0,"- ","- ",,,MONTEREY,SALINAS,-121.61081992,36.688660079999998
8332367,2017,2017-03-27,2708,2017-02-16,1610,35366,,4,5,6,2708,0,0,0,,0,012,"GENOA CIR",PALERMO,36.00,E,N,B,-,N,,,,,,,,,,Y,4,0,1,2,A,-,08,22107,,N,A,E,A,A,H,-,A,D,0,,,Y,,Y,,C,02,0,0,1,0,0,0,0,0,1,"- ","- ",,,MONTEREY,SALINAS,,
8332369,2017,2017-03-28,2708,2017-01-17,1821,03185,,2,5,6,2708,0,0,0,,0,011,"FREEDOM PKWY","NORTH SANBORN RD",0.00,,Y,A,-,N,,,,,,,,,,Y,4,0,1,2,A,-,09,21801,A,N,-,C,A,A,H,-,C,-,0,,,,,Y,,-,,0,0,1,0,0,0,0,0,0,"- ","- ",,,MONTEREY,SALINAS,-121.60134986,36.692130040000002
8332371,2017,2017-03-28,2708,2017-02-22,0835,56105,,3,5,6,2708,0,0,0,,0,003,"NATIVIDAD RD","SARATOGA DR",0.00,,Y,A,-,N,,,,,,,,,,Y,3,0,1,2,A,-,03,22350,,N,C,C,A,A,H,-,A,D,0,,,,,Y,,A,01,0,1,0,0,0,0,0,0,0,"- ","- ",,,MONTEREY,SALINAS,-121.62932986,36.705270110000001
8332385,2017,2017-03-28,2708,2017-01-16,2247,56525,2708,1,5,6,2708,0,0,0,,0,011,"PACIFIC AV","DEL MONTE AV",125.00,S,N,A,-,N,,,,,,,,,,N,4,0,2,2,A,-,21,22106,,F,A,C,A,A,H,-,C,D,0,,,,,Y,,-,,0,0,2,0,0,0,0,0,0,"- ","- ",,,MONTEREY,SALINAS,-121.61244492,36.689968100000002
8332387,2017,2017-03-28,2708,2017-02-22,1232,28920,SALIN,3,5,6,2708,0,0,0,,0,001,"SAN JUAN GRADE RD","NORTHRIDGE WAY",0.00,,Y,A,-,N,,,,,,,,,,Y,4,0,3,2,A,-,04,21703,,N,C,C,A,A,H,-,A,D,0,,,,,Y,,A,07,0,0,3,0,0,0,0,0,0,"- ","- ",,,MONTEREY,SALINAS,-121.64965993,36.721070079999997
8332389,2017,2017-03-28,2708,2017-01-26,1104,34245,,4,5,6,2708,0,0,0,,0,004,"INDEPENDENCE BL","DANBURY ST",0.00,,Y,A,-,N,,,,,,,,,,Y,4,0,1,2,A,-,09,21804,A,N,D,C,A,A,H,-,A,A,0,,,,,Y,,-,,0,0,1,0,0,0,0,0,0,"- ","- ",,,MONTEREY,SALINAS,-121.61849988,36.712270080000003
8332391,2017,2017-03-27,2708,2017-02-20,0854,75635,SALIN,1,5,6,2708,0,0,0,,0,,"E ALISAL ST","WILLIAMS RD",0.00,,Y,C,-,N,,,,,,,,,,Y,4,0,1,2,A,-,09,21801,A,N,D,C,A,B,H,-,A,A,0,,,,,Y,,A,01,0,0,1,0,0,0,0,0,0,"- ","- ",,,MONTEREY,SALINAS,-121.61989998,36.672160040000001
8332395,2017,2017-03-28,2708,2017-02-14,0659,53268,,2,5,6,2708,0,0,0,,0,011,"GARNER AV","SIEBER ST",0.00,,Y,A,-,N,,,,,,,,,,Y,4,0,1,2,A,-,09,21802,A,N,D,C,A,A,H,-,A,-,0,,,,,Y,,D,22,0,0,1,0,0,0,0,0,0,"- ","- ",,,MONTEREY,SALINAS,-121.61555989999999,36.686740110000002
8332399,2017,2017-03-27,2708,2017-02-26,0137,19735,SPO,7,5,6,2708,0,0,0,,0,001,"RUSSELL RD","HARRISON RD",30.00,E,N,A,-,N,,,,,,,,,,Y,3,0,1,1,A,-,01,23152,B,F,A,I,A,A,H,-,C,A,0,,,,,Y,Y,A,01,0,1,0,0,0,0,0,0,0,"- ","- ",,,MONTEREY,SALINAS,-121.65611196,36.734406229999998
8332753,2017,2017-03-30,2712,2017-03-20,1436,1031,,1,5,3,2712,0,0,0,,0,001,"DE FOREST RD","RESERVATION RD",0.00,,Y,A,-,N,,,,,,,,,,N,4,0,1,2,A,-,09,21801,A,N,D,C,A,A,H,-,A,A,0,,,,,Y,,A,01,0,0,1,0,0,0,0,0,0,"- ","- ",,,MONTEREY,MARINA,-121.79347996,36.684610069999998
8332757,2017,2017-03-30,2712,2017-03-16,0723,1031,,4,5,3,2712,0,0,0,,0,001,"IMJIN PW","3RD AV",180.00,W,N,B,-,N,,,,,,,,,,Y,3,0,2,3,A,-,03,22350,,N,C,C,A,A,H,-,A,A,0,,,,,Y,,A,01,0,1,1,0,0,0,0,0,0,"- ","- ",,,MONTEREY,MARINA,-121.80514474,36.666602449999999
8334938,2017,2017-03-28,2708,2017-02-05,1629,74130,SAKTR,7,5,6,2708,0,0,0,,0,002,"W CURTIS","4TH ST",0.00,,Y,A,-,N,,,,,,,,,,Y,4,0,1,2,A,-,03,22350,,N,A,E,A,A,H,-,A,D,0,,,,,Y,,-,,0,0,1,0,0,0,0,0,0,"- ","- ",,,MONTEREY,SALINAS,-121.65790989,36.701370070000003
8335064,2017,2017-04-05,2706,2017-03-07,0855,VANETTI,2706,2,5,4,2706,0,0,0,,0,002,"FREMONT ST","CAMINO EL ESTERO",0.00,,Y,A,-,N,,,,,,,,,,N,4,0,1,3,A,-,21,22106,,N,C,C,A,A,H,-,A,A,0,,,,,Y,,-,,0,0,1,0,0,0,0,0,0,"- ","- ",,,MONTEREY,MONTEREY,-121.88925994,36.595130070000003
8335068,2017,2017-04-04,2706,2017-02-25,0917,,2706,6,5,4,2706,0,0,0,,0,001,"LIGHTHOUSE AV","IRVING AV",0.00,,Y,A,-,N,,,,,,,,,,N,3,0,1,2,A,-,10,21950,A,N,G,B,B,A,H,-,A,A,0,Y,,,,Y,,-,,0,1,0,0,1,0,0,0,0,"- ","- ",,,MONTEREY,MONTEREY,-121.90361996,36.615830039999999
90534580,2017,2017-08-28,9730,2017-08-22,0555,017502,,2,3,9,2700,0,3,5,,2,003,"HARKINS ROAD","NUTTING STREET",528.00,W,N,A,-,N,,,,,,,,,,N,2,0,1,2,A,-,11,21954,A,N,A,B,D,A,H,-,D,D,0,Y,,,,Y,,N,60,1,0,0,0,1,0,0,0,0,"- ","- ",36.644300000000001,-121.6344,MONTEREY,UNINCORPORATED,-121.63424044,36.644473599999998
90534581,2017,2017-08-28,9730,2017-08-22,1013,017785,,2,1,9,2700,0,1,2,,1,050,"US-101 NORTHBOUND","AIRPORT BOULEVARD",2112.00,S,N,A,-,Y,,,101,,,,,,N,Y,4,0,1,4,A,-,03,22350,,N,C,C,A,A,D,-,A,D,0,,,,Y,Y,,A,01,0,0,1,0,0,0,0,0,0,"- ","- ",36.653010000000002,-121.61826000000001,MONTEREY,UNINCORPORATED,-121.61823436,36.653025069999998
90534587,2017,2017-08-28,9730,2017-08-23,1500,018810,,3,2,9,2700,0,1,3,,1,074,SR-1,"PIER COURT",50.00,N,N,B,-,Y,,,1,,,,,,,N,3,0,1,1,A,-,03,22350,,N,F,A,A,A,H,-,A,D,0,,,Y,,Y,,C,02,0,1,0,0,0,0,0,0,1,"- ","- ",36.792009999999998,-121.78391999999999,MONTEREY,UNINCORPORATED,-121.78372218,36.7920157
90534919,2017,2017-08-28,9730,2017-08-18,2256,021794,,5,3,9,2700,0,1,3,,1,072,"SR-156 E/B","CASTROVILLE BLVD",41.00,W,N,A,-,Y,,,156,,,,,,E,Y,3,0,1,2,A,-,01,23152,A,N,B,C,A,A,H,-,C,A,0,,,,,Y,Y,A,07,0,1,0,0,0,0,0,0,0,"- ","- ",36.76829,-121.7431,MONTEREY,UNINCORPORATED,-121.74310106,36.768293530000001
90534958,2017,2017-08-28,9730,2017-08-21,0435,021776,,1,3,9,2700,0,3,5,,2,005,"SAN JUAN GRADE ROAD","HEBERT ROAD",0.00,,Y,B,-,N,,,,,,,,,,Y,3,0,1,1,A,-,03,22350,,N,E,I,A,A,H,-,C,A,0,,,,,Y,,A,01,0,1,0,0,0,0,0,0,0,"- ","- ",36.75949,-121.61581,MONTEREY,UNINCORPORATED,-121.61572991,36.759590109999998
90534978,2017,2017-08-28,9730,2017-08-04,1638,020208,,5,2,9,2700,0,1,3,,1,022,"SR-1 N/B","SR-68 HOLMAN HWY",300.00,S,N,B,-,Y,,,1,,,,,,N,Y,3,0,1,1,A,-,08,22107,,M,F,A,A,A,H,-,A,D,0,,,,Y,Y,Y,F,26,0,1,0,0,0,0,0,0,0,"- ","- ",36.57385,-121.9126,MONTEREY,UNINCORPORATED,-121.91261749,36.573857169999997
90534997,2017,2017-08-28,9730,2017-08-13,0945,018543,,7,1,9,2700,0,2,4,,1,023,"CARMEL VALLEY ROAD","MPM 29.5",2112.00,E,N,A,-,N,,,,,,,,,,Y,4,0,1,2,A,-,03,22350,,N,C,C,A,A,H,-,A,D,0,,,Y,,Y,,C,02,0,0,1,0,0,0,0,0,1,"- ","- ",36.337690000000002,-121.53323,MONTEREY,UNINCORPORATED,,
90535125,2017,2017-08-28,9730,2017-08-18,0910,016730,,5,1,9,2700,0,1,3,,1,068,"SR-68 W/B","PORTOLA DR.",1000.00,E,N,A,-,Y,,,68,,,,,,W,Y,3,0,2,2,A,-,03,22350,,N,C,C,A,A,H,-,A,D,0,,,,,Y,,A,01,0,1,1,0,0,0,0,0,0,"- ","- ",36.609659999999998,-121.69175,MONTEREY,UNINCORPORATED,-121.69172746,36.60964749
90535178,2017,2017-08-28,9730,2017-08-23,1754,018810,,3,2,9,2700,0,1,3,,1,074,SR-1,"SPRINGFIELD ROAD",555.00,S,N,B,-,Y,,,1,,,,,,,Y,4,0,1,3,A,-,03,22350,,N,C,C,A,A,H,-,A,D,0,,,,,Y,,A,07,0,0,1,0,0,0,0,0,0,"- ","- ",36.83663,-121.7709,MONTEREY,UNINCORPORATED,-121.77098235,36.836630360000001
90535666,2017,2017-08-28,9730,2017-07-25,1024,017785,,2,1,9,2700,0,1,3,,1,068,SR-68,"CORRAL DE TIERRA ROAD",1056.00,W,N,A,-,Y,,,68,,,,,,,Y,1,1,1,3,A,-,08,22107,,N,D,C,A,A,H,-,A,D,0,,,,,Y,,A,01,0,1,0,0,0,0,0,0,0,"- ","- ",36.577509999999997,-121.73049,MONTEREY,UNINCORPORATED,-121.73051196999999,36.577544209999999
90535918,2017,2017-08-29,9730,2017-08-22,2211,020933,,2,3,9,2700,0,1,3,,2,062,"SR-1 NORTHBOUND","SR-68 (SALINAS HIGHWAY) O/C",528.00,S,N,B,-,Y,,,1,,,,,,N,Y,4,0,1,1,A,-,08,22107,,N,E,I,A,A,H,-,D,D,0,,,,,Y,,A,01,0,0,1,0,0,0,0,0,0,"- ","- ",36.594360000000002,-121.87067999999999,MONTEREY,UNINCORPORATED,-121.87067039999999,36.594294740000002
90536710,2017,2017-08-30,9730,2017-08-24,1851,019239,,4,2,9,2700,0,3,5,,2,003,"RIVER RD","PINE CANYON RD",300.00,E,N,A,-,N,,,,,,,,,,N,4,0,1,2,A,-,09,21804,A,N,B,C,A,A,H,-,A,D,0,,,,,Y,,A,07,0,0,1,0,0,0,0,0,0,"- ","- ",36.597169999999998,-121.62492,MONTEREY,UNINCORPORATED,-121.62423232,36.596895850000003
90536860,2017,2017-08-30,9730,2017-08-24,0755,016537,,4,1,6,2708,0,1,2,,1,050,"US-101 S/B","AIRPORT BLVD",540.00,N,N,B,-,Y,,,101,,,,,,S,N,4,0,1,3,A,-,07,21658,A,N,B,C,A,A,H,-,A,D,0,,,,,Y,,A,01,0,0,1,0,0,0,0,0,0,"- ","- ",36.663559999999997,-121.6246,MONTEREY,SALINAS,-121.62465004000001,36.663527590000001
90537091,2017,2017-08-30,9735,2017-08-26,0955,019965,,6,1,9,2700,0,3,5,,2,003,"CATTLEMEN RD",SR-198,6864.00,N,N,A,-,N,,,,,,,,,,N,2,0,2,3,A,-,03,22350,,N,C,G,A,A,H,-,A,D,0,,Y,,,Y,,L,04,1,1,0,0,0,0,2,0,0,"- ","- ",36.128019999999999,-121.02557,MONTEREY,UNINCORPORATED,-121.03341709,36.137245839999999
90537341,2017,2017-10-19,9730,2017-07-06,1158,017184,,4,1,9,2700,0,2,4,,1,023,"CARMEL VALLEY ROAD","SCARLETT ROAD",323.00,W,N,A,-,N,,,,,,,,,,Y,1,1,1,2,A,-,08,22107,,N,D,C,A,A,H,-,A,D,0,,,Y,,Y,,D,22,0,1,0,0,0,0,0,1,0,"- ","- ",36.524239999999999,-121.79406,MONTEREY,UNINCORPORATED,-121.79456279,36.524539560000001
90537906,2017,2017-08-31,9730,2017-08-26,1740,019956,,6,2,9,2700,0,1,3,,1,072,SR-156,"CATHEDRAL OAK RD",528.00,E,N,A,-,Y,,,156,,,,,,,Y,4,0,1,2,A,-,03,22350,,N,C,C,A,A,H,-,A,D,0,,,,,Y,,A,01,0,0,1,0,0,0,0,0,0,"- ","- ",36.777650000000001,-121.71136,MONTEREY,UNINCORPORATED,-121.71136135,36.77765471
90538340,2017,2017-08-31,9730,2017-08-29,1035,017785,,2,1,9,2700,0,1,2,,1,030,"US-101 NORTHBOUND","FRONT STREET",100.00,S,N,A,-,Y,,,101,,,,,,N,Y,4,0,1,3,A,-,07,21658,A,N,B,C,A,A,H,-,A,D,0,,,,Y,Y,,G,25,0,0,1,0,0,0,0,0,0,"- ","- ",36.429290000000002,-121.33586,MONTEREY,UNINCORPORATED,-121.33589084,36.429260409999998
90538626,2017,2017-09-01,9730,2017-08-29,2230,020065,,2,3,9,2700,0,3,5,,2,004,"GLORIA ROAD","CAMPHORA-GLORIA ROAD",12144.00,E,N,A,-,N,,,,,,,,,,Y,4,0,1,1,A,-,08,22107,,N,F,I,A,A,E,G,D,A,0,,,,Y,Y,,G,25,0,0,1,0,0,0,0,0,0,"- ","- ",36.524990000000003,-121.32722,MONTEREY,UNINCORPORATED,-121.33067277000001,36.522571720000002
90538699,2017,2017-09-01,9730,2017-08-16,1022,021794,,3,1,4,2706,0,1,3,,1,022,"SR-1 NORTHBOUND","OCEAN AVENUE",75.00,S,N,A,-,Y,,,,,,,,,,Y,3,0,1,3,A,-,03,22350,,F,C,C,A,A,D,-,C,D,0,,,,,Y,,D,22,0,1,0,0,0,0,0,0,0,"- ","- ",36.555819999999997,-121.91107,MONTEREY,MONTEREY,-121.88066941,36.599155080000003
90538873,2017,2017-09-01,9730,2017-08-27,1225,018886,,7,1,9,2700,0,1,2,,1,070,"US-101 N/B","DUNBARTON ROAD",528.00,S,N,A,-,Y,,,101,,,,,,N,N,4,0,2,2,A,-,03,22350,,N,C,C,A,A,H,-,A,D,0,,,,,Y,,D,22,0,0,2,0,0,0,0,0,0,"- ","- ",36.845050000000001,-121.6345,MONTEREY,UNINCORPORATED,-121.63447502,36.845061289999997
90538933,2017,2017-09-01,9730,2017-08-25,2100,021707,,5,2,6,2708,0,1,2,,1,050,"US-101 N/B","N. MAIN ST.",50.00,S,N,A,-,Y,,,101,,,,,,N,Y,3,0,3,1,A,-,08,22107,,N,E,I,A,A,H,-,D,D,0,,,,,Y,,A,01,0,2,1,0,0,0,0,0,0,"- ","- ",36.687240000000003,-121.65279,MONTEREY,SALINAS,-121.6528081,36.687205519999999
90539022,2017,2017-09-01,9730,2017-08-26,1243,019569,,6,1,9,2700,0,1,3,,1,068,SR-68,"SAN BENANCIO RD",1584.00,E,N,A,-,Y,,,68,,,,,,,N,4,0,3,2,A,-,03,22350,,N,C,C,A,A,H,-,A,D,0,,,,,Y,,A,08,0,0,3,0,0,0,0,0,0,"- ","- ",36.58173,-121.71733999999999,MONTEREY,UNINCORPORATED,-121.71731316,36.581680589999998
90539053,2017,2017-09-01,9730,2017-08-26,1703,020208,,6,2,9,2700,0,1,2,,1,030,"US-101 S/B","SOLEDAD PRISON ROAD",1056.00,N,N,A,-,Y,,,101,,,,,,S,Y,4,0,1,2,A,-,03,22350,,N,C,C,A,A,H,-,A,D,0,,,,,Y,,A,01,0,0,1,0,0,0,0,0,0,"- ","- ",36.466479999999997,-121.39073999999999,MONTEREY,UNINCORPORATED,-121.39077224,36.466417849999999
90539071,2017,2017-09-01,9730,2017-08-24,1920,019818,,4,2,9,2700,0,3,5,,2,007,"PORTER DR","SALINAS RD",308.00,W,N,B,-,N,,,,,,,,,,N,3,0,1,2,A,-,08,22100,A,N,D,C,A,A,H,-,B,D,0,,,,Y,Y,,G,25,0,1,0,0,0,0,0,0,0,"- ","- ",36.905299999999997,-121.7491,MONTEREY,UNINCORPORATED,-121.7491098,36.903186050000002
90539151,2017,2017-09-01,9730,2017-08-27,1737,020584,,7,2,9,2700,0,2,4,,1,073,"PORTER DR.","SAN JUAN RD.",260.00,S,N,A,-,N,,,,,,,,,,Y,4,0,1,2,A,-,01,23152,A,N,C,C,A,A,H,-,A,A,0,,,,,Y,Y,A,01,0,0,1,0,0,0,0,0,0,"- ","- ",36.903840000000002,-121.7497,MONTEREY,UNINCORPORATED,-121.74985479,36.903955660000001
90539161,2017,2017-10-30,9730,2017-08-27,1658,020584,,7,2,9,2700,0,2,4,,1,073,"PORTER DR.","SAN JUAN RD.",250.00,S,N,A,-,N,,,,,,,,,,Y,4,0,1,2,A,-,21,22106,,F,H,C,A,A,H,-,A,D,0,,,,,Y,,-,99,0,0,1,0,0,0,0,0,0,"- ","- ",33.904269999999997,-121.75060000000001,MONTEREY,UNINCORPORATED,-121.74987575999999,36.90397737
90539169,2017,2017-09-01,9730,2017-08-28,0920,020391,,1,1,9,2700,0,3,5,,2,003,"RIVER RD","CHUALAR RIVER RD",4752.00,N,N,A,-,N,,,,,,,,,,Y,4,0,1,1,A,-,08,22107,,N,E,I,A,A,H,-,A,D,0,,,,,Y,,A,01,0,0,1,0,0,0,0,0,0,"- ","- ",,,MONTEREY,UNINCORPORATED,-121.56285474000001,36.563023379999997
90539183,2017,2017-09-01,9735,2017-08-29,2052,020841,,2,2,3,2705,0,1,2,,1,041,"US-101 N/B","BROADWAY STREET",694.00,N,N,A,-,Y,,,101,,,,,,N,Y,4,0,1,2,A,-,01,23152,A,N,C,C,A,A,H,-,D,D,0,,,,,Y,Y,A,07,0,0,1,0,0,0,0,0,0,"- ","- ",36.204050000000002,-121.14008,MONTEREY,"KING CITY",-121.14008075,36.204052130000001
90539739,2017,2017-09-04,9730,2017-08-26,1555,020701,,6,2,9,2700,0,1,2,,1,030,"US-101 SOUTHBOUND","FRONT STREET",60.00,S,N,A,-,Y,,,101,,,,,,S,Y,4,0,2,1,A,-,08,22107,,N,E,I,A,A,H,-,A,D,0,,,,,Y,,A,07,0,0,2,0,0,0,0,0,0,"- ","- ",36.431620000000002,-121.33741999999999,MONTEREY,UNINCORPORATED,-121.33739941,36.43162659
90539775,2017,2017-09-04,9730,2017-08-26,1556,020701,,6,2,9,2700,0,1,2,,1,030,"US-101 SOUTHBOUND","FRONT STREET",90.00,N,N,A,-,Y,,,101,,,,,,S,Y,4,0,2,4,A,-,03,22350,,N,C,C,A,A,H,-,A,D,0,,,,,Y,,E,22,0,0,2,0,0,0,0,0,0,"- ","- ",36.432049999999997,-121.33759999999999,MONTEREY,UNINCORPORATED,-121.33756024,36.432068710000003
90539835,2017,2017-09-04,9730,2017-08-28,1614,018312,,1,2,9,2700,0,2,4,,2,063,"BLANCO ROAD","DAVIS ROAD",1056.00,W,N,A,-,N,,,,,,,,,,Y,3,0,2,3,A,-,03,22350,,N,C,C,A,A,H,-,A,D,0,,,,,Y,,A,01,0,1,1,0,0,0,0,0,0,"- ","- ",36.66845,-121.68819000000001,MONTEREY,UNINCORPORATED,-121.68809906,36.668410880000003
90539897,2017,2017-09-04,9730,2017-08-29,0550,018350,,2,3,9,2700,0,3,5,,2,005,"SAN JUAN GRADE ROAD","HEBERT ROAD",0.00,,Y,B,-,N,,,,,,,,,,Y,4,0,1,2,A,-,08,22107,,N,A,C,A,A,H,-,D,A,0,,,,,Y,,A,07,0,0,1,0,0,0,0,0,0,"- ","- ",36.759619999999998,-121.61565,MONTEREY,UNINCORPORATED,-121.61572991,36.759590109999998
90540031,2017,2017-09-05,9730,2017-08-30,1109,017184,,3,1,1,2709,0,1,3,,2,062,"SR-1 (S/B)","TIOGA AVE. O/C",528.00,S,N,A,-,Y,,,1,,,,,,,N,4,0,2,2,A,-,04,21703,,N,C,C,A,A,H,-,A,A,0,,,,,Y,,A,01,0,0,2,0,0,0,0,0,0,"- ","- ",36.614820000000002,-121.85189,MONTEREY,"SAND CITY",-121.85185416,36.614774930000003
8335642,2017,2017-04-10,2706,2017-03-11,1720,310,MPD,6,5,4,2706,0,0,0,,0,002,"PACIFIC ST","VIA ARBOLES",0.00,,Y,A,-,N,,,,,,,,,,N,4,0,1,2,A,-,03,22350,,N,C,C,A,A,H,-,A,D,0,,,,,Y,,-,,0,0,1,0,0,0,0,0,0,"- ","- ",,,MONTEREY,MONTEREY,-121.90142999,36.586340069999999
8336372,2017,2017-04-22,2708,2017-01-11,1257,70843,,3,5,6,2708,0,0,0,,0,,"SOUTH SANBORN RD",FAIRVIEW,0.00,,Y,B,-,N,,,,,,,,,,N,4,0,2,3,A,-,03,22350,,N,C,-,A,B,G,-,A,B,0,,,,,Y,,-,,0,0,2,0,0,0,0,0,0,"- ","- ",,,MONTEREY,SALINAS,-121.62791994,36.66709006
8336488,2017,2017-04-28,2701,2017-03-29,1222,5543,2701,3,5,2,2701,0,0,0,,0,00S,"OCEAN AV",JUNIPERO,148.00,E,N,A,-,N,,,,,,,,,,N,4,0,1,1,B,-,22,,,N,E,I,A,A,H,-,A,B,0,,,,,Y,,A,07,0,0,1,0,0,0,0,0,0,"- ","- ",,,MONTEREY,CARMEL,-121.91957601999999,36.555093980000002
8336494,2017,2017-07-27,2708,2017-03-06,2246,15702,,1,5,6,2708,0,0,0,,0,,"LACEY LN","CENTRAL AV",17.00,S,N,A,-,N,,,,,,,,,,N,3,0,1,2,A,-,11,21954,A,N,G,B,E,A,H,-,C,D,0,Y,,,,Y,,N,60,0,1,0,0,1,0,0,0,0,"- ","- ",,,MONTEREY,SALINAS,,
8336854,2017,2017-05-06,2712,2017-01-30,1405,1031,,1,5,3,2712,0,0,0,,0,001,"RESERVATION RD","SEACREST AV",0.00,,N,A,-,N,,,,,,,,,,N,4,0,1,2,B,-,22,,,N,C,A,A,A,H,-,A,D,0,,,,,Y,Y,-,99,0,0,1,0,0,0,0,0,0,"- ","- ",,,MONTEREY,MARINA,-121.79598986000001,36.685780010000002