CASE_ID,ACCIDENT_YEAR,PROC_DATE,JURIS,COLLISION_DATE,COLLISION_TIME,OFFICER_ID,REPORTING_DISTRICT,DAY_OF_WEEK,CHP_SHIFT,POPULATION,CNTY_CITY_LOC,SPECIAL_COND,BEAT_TYPE,CHP_BEAT_TYPE,CITY_DIVISION_LAPD,CHP_BEAT_CLASS,BEAT_NUMBER,PRIMARY_RD,SECONDARY_RD,DISTANCE,DIRECTION,INTERSECTION,WEATHER_1,WEATHER_2,STATE_HWY_IND,CALTRANS_COUNTY,CALTRANS_DISTRICT,STATE_ROUTE,ROUTE_SUFFIX,POSTMILE_PREFIX,POSTMILE,LOCATION_TYPE,RAMP_INTERSECTION,SIDE_OF_HWY,TOW_AWAY,COLLISION_SEVERITY,NUMBER_KILLED,NUMBER_INJURED,PARTY_COUNT,PRIMARY_COLL_FACTOR,PCF_CODE_OF_VIOL,PCF_VIOL_CATEGORY,PCF_VIOLATION,PCF_VIOL_SUBSECTION,HIT_AND_RUN,TYPE_OF_COLLISION,MVIW,PED_ACTION,ROAD_SURFACE,ROAD_COND_1,ROAD_COND_2,LIGHTING,CONTROL_DEVICE,CHP_ROAD_TYPE,PEDESTRIAN_ACCIDENT,BICYCLE_ACCIDENT,MOTORCYCLE_ACCIDENT,TRUCK_ACCIDENT,NOT_PRIVATE_PROPERTY,ALCOHOL_INVOLVED,STWD_VEHTYPE_AT_FAULT,CHP_VEHTYPE_AT_FAULT,COUNT_SEVERE_INJ,COUNT_VISIBLE_INJ,COUNT_COMPLAINT_PAIN,COUNT_PED_KILLED,COUNT_PED_INJURED,COUNT_BICYCLIST_KILLED,COUNT_BICYCLIST_INJURED,COUNT_MC_KILLED,COUNT_MC_INJURED,PRIMARY_RAMP,SECONDARY_RAMP,LATITUDE,LONGITUDE,COUNTY,CITY,POINT_X,POINT_Y
8336863,2017,2018-03-16,2706,2017-04-08,1403,939,MPD,6,5,4,2706,0,0,0,,0,,"RT 68",YORK,279.00,W,N,A,-,Y,MON,5,68,-,-,8.100,H,-,E,Y,4,0,1,3,A,-,03,22350,,N,C,C,A,A,H,-,A,A,0,,,,,Y,,A,01,0,0,1,0,0,0,0,0,0,"- ","- ",,,MONTEREY,MONTEREY,-121.80918491,36.571684070000003
8337017,2017,2017-06-22,2711,2017-03-06,0700,3620,2711,1,5,3,2711,0,0,0,,0,001,"MONTEREY ST","BENITO ST",0.00,,Y,A,-,N,,,,,,,,,,Y,4,0,1,2,A,-,09,21802,A,N,D,C,A,A,H,-,A,A,0,,,,,Y,,A,01,0,0,1,0,0,0,0,0,0,"- ","- ",,,MONTEREY,SOLEDAD,-121.33024995,36.429250060000001
8337591,2017,2017-04-10,2706,2017-03-28,1313,142,2706,2,5,4,2706,0,0,0,,0,003,"DELMONTE AV","PARK AV",20.00,W,N,A,-,N,,,,,,,,,,N,4,0,1,2,A,-,03,22350,,N,C,C,A,A,H,-,A,D,0,,,,,Y,,D,22,0,0,1,0,0,0,0,0,0,"- ","- ",,,MONTEREY,MONTEREY,-121.88235813999999,36.599930659999998
8338855,2017,2017-04-14,2712,2017-03-29,1013,1031,,3,5,3,2712,0,0,0,,0,001,"IMJIN PKWY","2ND AV",197.00,W,N,A,-,N,,,,,,,,,,Y,3,0,1,2,A,-,03,22350,,N,C,C,A,A,H,-,A,A,0,,,,,Y,,A,01,0,1,0,0,0,0,0,0,0,"- ","- ",,,MONTEREY,MARINA,-121.80941675,36.668028649999997
8339866,2017,2017-04-05,2712,2017-03-14,1721,1040,2712,2,5,3,2712,0,0,0,,0,001,"BEACH RD","BEACH RD 150",0.00,,-,A,-,N,,,,,,,,,,N,2,0,1,2,B,-,22,,,N,G,B,F,A,H,-,A,D,0,Y,,,,Y,,A,01,1,0,0,0,1,0,0,0,0,"- ","- ",,,MONTEREY,MARINA,,
8341234,2017,2017-04-19,2706,2017-03-29,2153,121,MPD,3,5,4,2706,0,0,0,,0,002,"FREMONT ST","MUNRAS AV",64.00,E,N,A,-,N,,,,,,,,,,N,4,0,1,2,A,-,09,21803,A,N,D,C,A,A,H,-,C,D,0,,,,,Y,,A,01,0,0,1,0,0,0,0,0,0,"- ","- ",,,MONTEREY,MONTEREY,-121.89294717999999,36.59548075
8341352,2017,2017-04-18,2706,2017-03-30,2054,114,MPD,4,5,4,2706,0,0,0,,0,001,"NORTH FREMONT ST","CASANOVA AV",234.00,E,N,A,-,N,,,,,,,,,,Y,4,0,2,2,A,-,08,22100,A,N,D,C,A,A,H,-,C,D,0,,,,,Y,,A,01,0,0,2,0,0,0,0,0,0,"- ","- ",,,MONTEREY,MONTEREY,-121.85248138,36.597890479999997
90540044,2017,2017-09-05,9730,2017-08-30,1608,019239,,3,2,2,2703,0,1,2,,1,030,"US-101 SB","5TH STREET",1584.00,N,N,A,-,Y,,,101,,,,,,S,Y,3,0,1,1,A,-,08,22107,,N,E,I,A,A,H,-,A,D,0,,,,,Y,,A,07,0,1,0,0,0,0,0,0,0,"- ","- ",36.517110000000002,-121.44029,MONTEREY,GONZALES,-121.44030361999999,36.51709434
90540422,2017,2017-09-05,9730,2017-08-30,1720,019239,,3,2,9,2700,0,1,2,,1,030,"US-101 SB","GLORIA RD",700.00,N,N,A,-,Y,,,101,,,,,,S,Y,4,0,1,2,A,-,03,22350,,N,C,C,A,A,H,-,A,D,0,,,,,Y,,A,01,0,0,1,0,0,0,0,0,0,"- ","- ",36.495010000000001,-121.42842,MONTEREY,UNINCORPORATED,-121.42834537,36.49504864
90540509,2017,2017-09-05,9730,2017-09-02,1220,020391,,6,1,9,2700,0,3,5,,2,003,"HARRIS RD","ABBOTT ST",6864.00,W,N,A,-,N,,,,,,,,,,Y,4,0,1,2,A,-,09,21804,A,N,D,C,A,A,H,-,A,D,0,,,,,Y,,D,22,0,0,1,0,0,0,0,0,0,"- ","- ",36.629069999999999,-121.6262,MONTEREY,UNINCORPORATED,-121.62576596,36.629493910000001
90540526,2017,2017-09-05,9735,2017-09-01,1500,020036,,5,2,9,2700,0,1,2,,1,040,"US-101 N/B","ARROYO SECO",245.00,S,N,A,-,Y,,,,,,,,,,Y,3,0,1,1,A,-,01,23152,A,N,E,I,A,A,H,-,A,D,0,,,,,Y,Y,A,01,0,1,0,0,0,0,0,0,0,"- ","- ",36.249540000000003,-121.18586999999999,MONTEREY,UNINCORPORATED,-121.31613582999999,36.402871580000003
90540572,2017,2017-09-05,9730,2017-08-28,0735,020424,,1,1,9,2700,0,1,3,,1,072,SR-156,"OAK HILLS DRIVE",2112.00,E,N,A,-,Y,,,156,,,,,,,Y,3,0,3,3,A,-,03,22350,,N,C,C,A,A,H,-,A,D,0,,,,,Y,,A,01,0,2,1,0,0,0,0,0,0,"- ","- ",36.782400000000003,-121.69468000000001,MONTEREY,UNINCORPORATED,-121.69469628,36.782457260000001
90541766,2017,2017-09-06,9730,2017-08-31,1714,020621,,4,2,9,2700,0,3,5,,2,007,"LAKEVIEW DRIVE","VERDE DRIVE",0.00,,Y,A,-,N,,,,,,,,,,N,2,0,1,2,A,-,09,21800,A,N,D,G,A,A,H,-,A,D,0,,Y,,,Y,,L,04,1,0,0,0,0,0,1,0,0,"- ","- ",36.813960000000002,-121.70556000000001,MONTEREY,UNINCORPORATED,-121.70563989,36.813970060000003
90541940,2017,2017-09-06,9730,2017-08-26,1110,017184,,6,1,1,2709,0,1,3,,2,062,"SR-1 (S/B)","TIOGA AVE O/C",528.00,S,N,A,-,Y,,,1,,,,,,,Y,4,0,1,3,A,-,04,21703,,N,C,C,A,A,H,-,A,D,0,,,,,Y,,A,07,0,0,1,0,0,0,0,0,0,"- ","- ",36.614820000000002,-121.85189,MONTEREY,"SAND CITY",-121.85185416,36.614774930000003
90541956,2017,2017-09-06,9730,2017-08-28,1715,020208,,1,2,9,2700,0,1,3,,1,068,"SR-68 SALINAS","BOOTS ROAD",0.00,,Y,A,-,N,,,68,,,,,,,N,4,0,1,3,A,-,03,22350,,N,C,C,A,A,H,-,A,D,0,,,,,Y,,D,22,0,0,1,0,0,0,0,0,0,"- ","- ",36.567549999999997,-121.77834,MONTEREY,UNINCORPORATED,-121.77834964,36.56764622
90542100,2017,2017-09-06,9730,2017-09-01,2216,020990,,5,3,9,2700,0,3,5,,2,007,"LAS LOMAS DRIVE","OVERPASS ROAD",33.00,S,N,A,-,N,,,,,,,,,,Y,3,0,1,2,A,-,01,23152,A,N,E,I,A,A,H,-,D,D,0,,,,,Y,Y,A,01,0,1,0,0,0,0,0,0,0,"- ","- ",36.872779999999999,-121.73556000000001,MONTEREY,UNINCORPORATED,-121.73576795,36.872854619999998
90542140,2017,2017-09-06,9730,2017-09-01,1700,020208,,5,2,9,2700,0,1,3,,1,068,SR-68,"QUAIL RIDGE LANE",565.00,W,N,A,-,N,,,68,,,,,,,Y,3,0,1,2,A,-,03,22350,,N,C,C,A,A,H,-,A,D,0,,,,,Y,,A,01,0,1,0,0,0,0,0,0,0,"- ","- ",36.570419999999999,-121.74914,MONTEREY,UNINCORPORATED,-121.74914597999999,36.57044595
90542448,2017,2017-09-07,9730,2017-08-29,0737,017785,,2,1,9,2700,0,1,2,,1,030,"US-101 NORTHBOUND","CAMPHORA GLORIA ROAD",95.00,N,N,A,-,Y,,,101,,,,,,N,Y,3,0,2,2,A,-,07,21658,A,N,B,C,A,A,H,-,A,D,0,,,,,Y,,A,01,0,1,1,0,0,0,0,0,0,"- ","- ",36.449750000000002,-121.36357,MONTEREY,UNINCORPORATED,-121.36362681999999,36.44967192
90542473,2017,2017-09-07,9735,2017-09-03,0420,020710,,7,3,9,2700,0,3,5,,2,003,"METZ RD.","BLUE JAY LANE",215.00,S,N,A,-,N,,,,,,,,,,Y,2,0,1,1,A,-,08,22107,,N,E,I,A,A,H,-,D,D,0,,,,,Y,,D,22,1,0,0,0,0,0,0,0,0,"- ","- ",36.399180000000001,-121.25248000000001,MONTEREY,UNINCORPORATED,-121.25912117,36.404013380000002
90542691,2017,2017-09-07,9730,2017-09-01,1505,019956,,5,2,4,2706,0,1,3,,2,062,"SR-1 N/B","CASA VERDE WAY",500.00,N,N,A,-,Y,,,1,,,,,,N,Y,2,0,4,3,A,-,03,22350,,N,C,C,A,A,H,-,A,D,0,,,,,Y,,A,08,1,0,3,0,0,0,0,0,0,"- ","- ",36.600090000000002,-121.86342,MONTEREY,MONTEREY,-121.86339115,36.600064979999999
90543027,2017,2017-09-07,9730,2017-09-02,1244,019569,,6,1,3,2712,0,1,3,,2,062,"SR-1 S/B TO IMJIN PARKWAY","IMJIN PARKWAY",250.00,N,N,A,-,Y,,,1,,,,R,,S,Y,4,0,1,3,A,-,03,22350,,N,C,C,A,A,H,-,A,D,0,,,,,Y,,A,01,0,0,1,0,0,0,0,0,0,"- ","- ",36.671930000000003,-121.81189999999999,MONTEREY,MARINA,-121.81189999999999,36.671930000000003
90544206,2017,2017-09-11,9730,2017-09-03,1015,020424,,7,1,9,2700,0,3,5,,2,006,"LAPIS ROAD","DEL MONTE BOULEVARD",1584.00,S,N,A,-,N,,,,,,,,,,Y,3,0,1,2,A,-,03,22350,,N,C,G,A,A,H,-,A,D,0,,Y,,,Y,,A,01,0,1,0,0,0,0,1,0,0,"- ","- ",36.717919999999999,-121.79078,MONTEREY,UNINCORPORATED,-121.78854,36.705039999999997
90545869,2017,2017-09-12,9730,2017-09-03,1325,019818,,7,1,9,2700,0,3,5,,2,007,"TARPEY RD","MAHER RD",0.00,,Y,B,-,N,,,,,,,,,,Y,3,0,4,2,A,-,09,21802,A,N,D,C,A,A,H,-,A,A,0,,,,,Y,,A,07,0,3,1,0,0,0,0,0,0,"- ","- ",36.860999999999997,-121.6871,MONTEREY,UNINCORPORATED,-121.68705986000001,36.861040039999999
90546161,2017,2017-09-12,9735,2017-09-10,0240,020057,,7,3,9,2700,0,3,5,,2,002,"INTERLAKE RD.","JOLON RD.",10560.00,S,N,A,-,N,,,,,,,,,,Y,2,0,1,1,A,-,01,23152,A,N,F,A,A,A,H,-,D,D,0,,,,,Y,Y,D,22,1,0,0,0,0,0,0,0,0,"- ","- ",35.91301,-121.08712,MONTEREY,UNINCORPORATED,-121.08763136,35.908950410000003
90546187,2017,2017-09-12,9730,2017-09-03,0950,020391,,7,1,9,2700,0,3,5,,2,006,"ESPINOSA RD",SR-183,1848.00,E,N,A,-,N,,,,,,,,,,Y,4,0,1,1,A,-,08,22107,,N,F,A,A,A,H,-,A,D,0,,,,,Y,,A,07,0,0,1,0,0,0,0,0,0,"- ","- ",36.742400000000004,-121.73285,MONTEREY,UNINCORPORATED,,
90546649,2017,2017-09-13,9730,2017-09-04,1304,021776,,1,1,9,2700,0,1,2,,1,070,"US-101 NB","BLACKIE ROAD",4488.00,S,N,A,-,Y,,,101,,,,,,N,Y,3,0,3,3,A,-,03,22350,,N,C,C,A,A,H,-,A,D,0,,,,,Y,,D,22,0,3,0,0,0,0,0,0,0,"- ","- ",36.759360000000001,-121.66605,MONTEREY,UNINCORPORATED,-121.66602708000001,36.759367480000002
90546747,2017,2017-09-13,9730,2017-08-28,0554,012332,,1,3,9,2700,0,2,4,,1,075,"SAN JUAN ROAD","MURPHY RD",2640.00,W,N,E,-,N,,,,,,,,,,Y,1,1,1,2,A,-,05,21650,,N,A,C,A,A,H,-,D,D,0,,,,,Y,,A,01,0,1,0,0,0,0,0,0,0,"- ","- ",36.898429999999998,-121.68588,MONTEREY,UNINCORPORATED,-121.68482779999999,36.898179669999998
90546749,2017,2017-09-13,9730,2017-08-01,1000,017785,,2,1,9,2700,0,1,2,,1,030,"US-101 SOUTHBOUND","SPENCE ROAD",0.00,,Y,A,-,Y,,,101,,,,,,S,Y,1,2,2,2,A,-,09,21801,A,F,D,C,A,A,H,-,A,D,0,,,,,Y,,A,01,0,1,1,0,0,0,0,0,0,"- ","- ",36.612740000000002,-121.56744,MONTEREY,UNINCORPORATED,-121.56735402,36.612857579999996
90546773,2017,2017-09-13,9730,2017-09-05,1715,020621,,2,2,9,2700,0,1,3,,1,066,SR-183,"PALM STREET",75.00,S,N,B,-,Y,,,183,,,,,,,N,4,0,2,3,A,-,03,22350,,N,C,C,A,A,H,-,A,D,0,,,,,Y,,A,08,0,0,2,0,0,0,0,0,0,"- ","- ",36.758839999999999,-121.74879,MONTEREY,UNINCORPORATED,-121.7487624,36.75887848
90546899,2017,2017-09-13,9730,2017-09-05,0750,018298,,2,1,6,2708,0,1,2,,1,050,"US-101 S/B","BORONDA RD.",800.00,S,N,A,-,Y,,,101,,,,,,S,Y,4,0,1,2,A,-,03,22350,,N,C,C,A,A,H,-,A,D,0,,,,,Y,,A,01,0,0,1,0,0,0,0,0,0,"- ","- ",36.718899999999998,-121.66101999999999,MONTEREY,SALINAS,-121.66085056999999,36.7188552
90546956,2017,2018-05-21,9730,2017-09-05,2500,019239,,2,4,9,2700,0,3,5,,2,003,"CALERA CANYON RD","CORAL DE TIERRRA RD",1584.00,S,N,A,-,N,,,,,,,,,,N,1,1,0,1,D,-,00,,,N,F,A,A,A,H,-,A,D,0,,Y,,,Y,,-,"- ",0,0,0,0,0,1,0,0,0,"- ","- ",36.543950000000002,-121.73524,MONTEREY,UNINCORPORATED,-121.73442177,36.545642559999997
90547014,2017,2017-09-13,9730,2017-09-05,1834,018810,,2,2,9,2700,0,1,3,,2,062,"S/B SR-1","SR-68 OVERCROSSING, (SALINAS)",589.00,S,N,B,-,Y,,,1,,,,,,,N,2,0,1,2,A,-,03,22350,,N,C,C,A,A,H,-,A,D,0,,,Y,,Y,,C,02,1,0,0,0,0,0,0,0,1,"- ","- ",36.594000000000001,-121.87327000000001,MONTEREY,UNINCORPORATED,-121.87325878,36.59393068
90547030,2017,2017-09-13,9730,2017-09-05,1315,012332,,2,1,9,2700,0,1,2,,1,070,"US-101 S/B","PRUNEDALE SOUTH RD",100.00,N,N,A,-,Y,,,101,,,,,,S,Y,4,0,1,2,A,-,03,22350,,N,B,C,A,A,H,-,A,D,0,,,,,Y,,A,01,0,0,1,0,0,0,0,0,0,"- ","- ",36.788110000000003,-121.6679,MONTEREY,UNINCORPORATED,-121.66795535999999,36.788121699999998
90547177,2017,2017-09-13,9730,2017-09-05,1525,020621,,2,2,6,2708,0,1,2,,1,050,"S/B US-101","SHERWOOD DRIVE O/C",200.00,S,N,A,-,Y,,,101,,,,,,,Y,3,0,2,3,A,-,07,21658,A,N,B,C,A,A,H,-,A,D,0,,,Y,,Y,,A,01,0,1,1,0,0,0,0,0,2,"- ","- ",36.68432,-121.64755,MONTEREY,SALINAS,-121.64757668999999,36.684267970000001
90547207,2017,2017-09-13,9730,2017-09-06,0840,017502,,3,1,9,2700,0,2,4,,2,063,"BLANCO ROAD","ARMSTRONG ROAD",2112.00,W,N,B,-,N,,,,,,,,,,Y,3,0,4,2,A,-,03,22350,,N,C,C,A,A,H,-,A,D,0,,,,,Y,,A,01,0,1,3,0,0,0,0,0,0,"- ","- ",36.678620000000002,-121.71744,MONTEREY,UNINCORPORATED,-121.71512283,36.678710019999997
90547229,2017,2017-09-13,9730,2017-09-06,1755,019239,,3,2,6,2708,0,1,2,,1,050,"US-101 SB TO JOHN ST","JOHN ST (SR-68)",4.00,N,N,A,-,Y,,,101,,,,R,,S,N,4,0,1,2,A,-,03,22350,,N,C,C,A,A,H,-,A,D,0,,,,,Y,,A,01,0,0,1,0,0,0,0,0,0,"- ","- ",36.671570000000003,-121.64055999999999,MONTEREY,SALINAS,-121.64055999999999,36.671570000000003
90547402,2017,2017-09-14,9730,2017-09-06,0020,021396,,3,3,9,2700,0,3,5,,2,005,"HARRISON ROAD","MARTINES ROAD",150.00,N,N,A,-,N,,,,,,,,,,Y,2,0,1,1,A,-,08,22107,,N,F,A,A,A,H,-,C,A,0,,,,,Y,Y,A,08,1,0,0,0,0,0,0,0,0,"- ","- ",36.749969999999998,-121.65718,MONTEREY,UNINCORPORATED,-121.65728436000001,36.749475070000003
90547796,2017,2017-09-14,9730,2017-09-07,1229,016730,,4,1,9,2700,0,1,3,,1,068,"SR-68 W/B","YORK RD.",800.00,E,N,A,-,Y,,,68,,,,,,W,Y,4,0,2,2,A,-,03,22350,,N,C,C,A,A,H,-,A,D,0,,,,,Y,,A,01,0,0,2,0,0,0,0,0,0,"- ","- ",36.571109999999997,-121.80611,MONTEREY,UNINCORPORATED,-121.80611857,36.571065349999998
90548070,2017,2017-09-14,9730,2017-09-08,1234,019569,,5,1,9,2700,0,1,3,,1,072,"SR-156 W/B",US-101,1056.00,W,N,A,-,Y,,,156,,,,,,W,N,4,0,1,2,A,-,08,22107,,N,B,C,A,A,H,-,A,D,0,,,,Y,Y,,A,01,0,0,1,0,0,0,0,0,0,"- ","- ",36.78884,-121.67233,MONTEREY,UNINCORPORATED,-121.67233125999999,36.788816490000002
90548127,2017,2017-09-14,9730,2017-09-07,0755,021794,,4,1,3,2712,0,1,3,,2,062,"SR-1 S/B","LIGHTFIGHTER DRIVE",2640.00,S,N,A,-,Y,,,,,,,,,,N,4,0,1,2,A,-,03,22350,,N,C,C,A,A,H,-,A,D,0,,,,Y,Y,,F,26,0,0,1,0,0,0,0,0,0,"- ","- ",36.630160000000004,-121.83662,MONTEREY,MARINA,-121.82278395,36.643387140000002
90548376,2017,2017-09-15,9730,2017-07-29,1000,019529,,6,1,9,2700,0,1,2,,1,070,"UNITED STATES - 101 (SOUTHBOUND)","DUNBARTON ROAD",1564.00,S,N,B,-,Y,,,,,,,,,,Y,1,1,0,3,A,-,07,21658,A,F,B,C,A,A,H,-,A,D,0,,,Y,Y,Y,,C,02,0,0,0,0,0,0,0,1,0,"- ","- ",36.841349999999998,-121.63292,MONTEREY,UNINCORPORATED,-121.63273932,36.84123211
90548382,2017,2018-05-24,9730,2017-09-03,1313,019569,,7,1,9,2700,0,2,4,,1,073,"SAN MIGUEL CANYON ROAD","HAMBEY LANE",2112.00,W,N,A,-,N,,,,,,,,,,Y,1,1,5,3,A,-,01,23152,A,N,B,C,A,A,H,-,A,D,0,,,,,Y,Y,A,01,0,3,2,0,0,0,0,0,0,"- ","- ",36.843170000000001,-121.68924,MONTEREY,UNINCORPORATED,-121.68869604,36.842539930000001
90548709,2017,2017-09-15,9730,2017-09-09,1125,020424,,6,1,9,2700,0,1,2,,1,070,"US-101 N/B","SR-156 W/B",200.00,S,N,B,-,Y,,,,,,,,,,Y,4,0,1,2,A,-,03,22350,,N,C,C,A,A,H,-,A,D,0,,,,,Y,,A,01,0,0,1,0,0,0,0,0,0,"- ","- ",36.121000000000002,-121.66758,MONTEREY,UNINCORPORATED,,
90548828,2017,2017-09-15,9730,2017-09-10,1920,020621,,7,2,9,2700,0,3,5,,2,004,"OLD STAGE ROAD","ESPERANZA ROAD",0.00,,Y,A,-,N,,,,,,,,,,Y,3,0,1,2,A,-,01,23152,A,N,D,C,A,A,H,-,D,A,0,,,,,Y,Y,A,01,0,1,0,0,0,0,0,0,0,"- ","- ",36.604619999999997,-121.51371,MONTEREY,UNINCORPORATED,-121.51349995,36.604620060000002
90548896,2017,2017-09-15,9735,2017-08-25,1645,019330,,5,2,9,2700,0,1,2,,1,040,"US-101 SOUTHBOUND","LOS COCHES RD",1056.00,N,N,A,-,Y,,,101,,,,,,S,Y,3,0,2,5,A,-,03,22350,,N,C,C,E,A,H,-,A,D,0,Y,,,,Y,,A,07,0,1,1,0,1,0,0,0,0,"- ","- ",36.367220000000003,-121.28214,MONTEREY,UNINCORPORATED,-121.28204907999999,36.36732628
90549158,2017,2017-09-18,9730,2017-09-11,1645,020208,,1,2,9,2700,0,3,5,,2,005,"CRAZY HORSE CANYON ROAD","HIDDEN CANYON ROAD",1214.00,N,N,B,-,N,,,,,,,,,,N,3,0,1,2,A,-,05,21460,A,N,B,C,A,B,H,-,A,D,0,,,,Y,Y,,-,"- ",0,1,0,0,0,0,0,0,0,"- ","- ",36.791170000000001,-121.61208999999999,MONTEREY,UNINCORPORATED,-121.61200382,36.791136340000001
90549737,2017,2018-03-14,9730,2017-09-08,2215,021320,,5,3,9,2700,0,2,4,,1,073,"SALINAS ROAD","LEWIS STREET",274.00,N,N,F,-,N,,,,,,,,,,Y,1,1,1,1,A,-,01,23152,A,N,E,I,A,B,H,-,D,D,0,,,,,Y,Y,A,01,0,1,0,0,0,0,0,0,0,"- ","- ",36.891840000000002,-121.74731,MONTEREY,UNINCORPORATED,-121.74738766999999,36.891740769999998
90549774,2017,2017-09-18,9730,2017-09-11,0045,021359,,1,3,9,2700,0,3,5,,2,005,"US-101 S/B TO LAUREL DRIVE","LAUREL DRIVE",2.00,S,N,A,-,Y,,,,,,,,,,N,4,0,1,2,A,-,05,21650,,F,D,G,A,A,H,-,C,A,0,,Y,,,Y,,L,04,0,0,1,0,0,0,1,0,0,"- ","- ",36.694299999999998,-121.66249000000001,MONTEREY,UNINCORPORATED,-121.66460764999999,36.697784839999997
90549810,2017,2017-09-18,9730,2017-09-11,0610,016730,,1,1,9,2700,0,3,5,,2,006,"DAVIS RD.",SR-183,950.00,S,N,B,-,N,,,,,,,,,,Y,4,0,1,2,A,-,03,22350,,M,C,C,A,A,H,-,B,D,0,,,,,Y,,A,07,0,0,1,0,0,0,0,0,0,"- ","- ",36.68197,-121.67518,MONTEREY,UNINCORPORATED,,
90549875,2017,2017-09-18,9730,2017-09-11,0819,016730,,1,1,9,2700,0,1,3,,1,024,"SR-68 W/B","SKYLINE FOREST DR.",900.00,W,N,B,C,Y,,,68,,,,,,W,Y,4,0,1,2,A,-,03,22350,,N,C,C,A,B,H,-,A,D,0,,,,,Y,,A,08,0,0,1,0,0,0,0,0,0,"- ","- ",36.587850000000003,-121.92012,MONTEREY,UNINCORPORATED,-121.92022686,36.587797199999997
90549918,2017,2017-09-18,9730,2017-09-11,0855,018350,,1,1,9,2700,0,1,2,,1,030,"US-101 N/B","SPENCE ROAD",1584.00,S,N,A,-,Y,,,101,,,,,,N,Y,4,0,1,2,A,-,03,22350,,N,C,C,A,A,H,-,A,D,0,,,,Y,Y,,F,26,0,0,1,0,0,0,0,0,0,"- ","- ",36.60886,-121.56135,MONTEREY,UNINCORPORATED,-121.56141891,36.608766209999999
90549999,2017,2017-09-18,9730,2017-09-11,1534,019239,,1,2,9,2700,0,1,2,,1,050,"US-101 NB","SPENCE RD",0.00,,Y,A,-,Y,,,101,,,,,,N,Y,4,0,1,2,A,-,09,21802,A,N,D,C,A,A,H,-,A,D,0,,,,Y,Y,,G,25,0,0,1,0,0,0,0,0,0,"- ","- ",36.612850000000002,-121.56702,MONTEREY,UNINCORPORATED,-121.56700511,36.612870260000001
90550021,2017,2017-09-18,9735,2017-09-15,1715,019330,,5,2,9,2700,0,1,2,,1,040,"US-101 SOUTHBOUND","THORNE RD",2112.00,N,N,A,-,Y,,,,,,,,,,Y,4,0,3,2,A,-,03,22350,,N,C,C,A,A,H,-,A,D,0,,,,,Y,,A,08,0,0,3,0,0,0,0,0,0,"- ","- ",36.203719999999997,-121.15326,MONTEREY,UNINCORPORATED,,
90550035,2017,2017-09-18,9735,2017-09-15,1733,019700,,5,2,9,2700,0,1,2,,1,040,"US-101 SOUTHBOUND","LOS COCHES RD",840.00,S,N,A,-,Y,,,101,,,,,,S,Y,4,0,2,2,A,-,03,22350,,N,C,C,A,A,H,-,A,D,0,,,,,Y,,A,01,0,0,2,0,0,0,0,0,0,"- ","- ",36.215049999999998,-121.1643,MONTEREY,UNINCORPORATED,-121.16488643,36.214582450000002
90550047,2017,2017-09-18,9730,2017-09-12,1442,019239,,2,2,9,2700,0,2,4,,2,063,"BLANCO RD","COOPER RD",700.00,E,N,A,-,N,,,,,,,,,,Y,4,0,1,2,A,-,03,22350,,N,C,C,A,A,H,-,A,D,0,,,,,Y,,A,01,0,0,1,0,0,0,0,0,0,"- ","- ",36.678789999999999,-121.73248,MONTEREY,UNINCORPORATED,-121.73263248000001,36.67871152
90550048,2017,2017-09-18,9735,2017-09-15,1900,020710,,5,2,9,2700,0,1,2,,1,040,"US-101 S/B","ARROYO SECO RD",0.00,,N,A,-,Y,,,101,,,,,,S,N,3,0,1,2,A,-,03,22350,,N,C,C,A,A,H,-,D,D,0,,,,,Y,,A,01,0,1,0,0,0,0,0,0,0,"- ","- ",36.396250000000002,-121.31189000000001,MONTEREY,UNINCORPORATED,-121.31182323,36.396296499999998
90550078,2017,2017-11-03,9735,2017-09-16,1527,019700,,6,2,9,2700,0,3,5,,2,001,"PINE CANYON ROAD","VIA CANADA",118.00,E,N,A,-,N,,,,,,,,,,Y,4,0,1,2,A,-,01,23152,A,N,D,C,A,A,H,-,A,D,0,,,,,Y,Y,D,22,0,0,1,0,0,0,0,0,0,"- ","- ",36.111359999999998,-121.9075,MONTEREY,UNINCORPORATED,-121.15021865,36.187085580000002
90550090,2017,2017-09-18,9735,2017-09-17,0845,019965,,7,1,9,2700,0,1,2,,2,043,"US-101 S/B","CATTLEMEN RD",1584.00,N,N,A,-,Y,,,,,,,,,,Y,3,0,1,1,A,-,08,22107,,N,F,A,A,A,H,-,A,D,0,,,Y,,Y,,C,02,0,1,0,0,0,0,0,0,1,"- ","- ",35.984439999999999,-120.89903,MONTEREY,UNINCORPORATED,,