CASE_ID,ACCIDENT_YEAR,PROC_DATE,JURIS,COLLISION_DATE,COLLISION_TIME,OFFICER_ID,REPORTING_DISTRICT,DAY_OF_WEEK,CHP_SHIFT,POPULATION,CNTY_CITY_LOC,SPECIAL_COND,BEAT_TYPE,CHP_BEAT_TYPE,CITY_DIVISION_LAPD,CHP_BEAT_CLASS,BEAT_NUMBER,PRIMARY_RD,SECONDARY_RD,DISTANCE,DIRECTION,INTERSECTION,WEATHER_1,WEATHER_2,STATE_HWY_IND,CALTRANS_COUNTY,CALTRANS_DISTRICT,STATE_ROUTE,ROUTE_SUFFIX,POSTMILE_PREFIX,POSTMILE,LOCATION_TYPE,RAMP_INTERSECTION,SIDE_OF_HWY,TOW_AWAY,COLLISION_SEVERITY,NUMBER_KILLED,NUMBER_INJURED,PARTY_COUNT,PRIMARY_COLL_FACTOR,PCF_CODE_OF_VIOL,PCF_VIOL_CATEGORY,PCF_VIOLATION,PCF_VIOL_SUBSECTION,HIT_AND_RUN,TYPE_OF_COLLISION,MVIW,PED_ACTION,ROAD_SURFACE,ROAD_COND_1,ROAD_COND_2,LIGHTING,CONTROL_DEVICE,CHP_ROAD_TYPE,PEDESTRIAN_ACCIDENT,BICYCLE_ACCIDENT,MOTORCYCLE_ACCIDENT,TRUCK_ACCIDENT,NOT_PRIVATE_PROPERTY,ALCOHOL_INVOLVED,STWD_VEHTYPE_AT_FAULT,CHP_VEHTYPE_AT_FAULT,COUNT_SEVERE_INJ,COUNT_VISIBLE_INJ,COUNT_COMPLAINT_PAIN,COUNT_PED_KILLED,COUNT_PED_INJURED,COUNT_BICYCLIST_KILLED,COUNT_BICYCLIST_INJURED,COUNT_MC_KILLED,COUNT_MC_INJURED,PRIMARY_RAMP,SECONDARY_RAMP,LATITUDE,LONGITUDE,COUNTY,CITY,POINT_X,POINT_Y
90550199,2017,2017-09-18,9730,2017-09-13,1042,017502,,3,1,9,2700,0,2,4,,1,023,"CARMEL VALLEY ROAD","CACHAGUA ROAD",12672.00,E,N,B,-,N,,,,,,,,,,N,3,0,2,1,A,-,08,22107,,N,E,I,A,A,H,-,A,D,0,,,Y,,Y,,C,02,0,2,0,0,0,0,0,0,2,"- ","- ",36.440829999999998,-121.64185999999999,MONTEREY,UNINCORPORATED,-121.64213118000001,36.441165920000003
90550865,2017,2017-09-19,9730,2017-09-08,2150,020065,,5,2,9,2700,0,3,5,,2,003,"CACHAGUA ROAD","ASOLEADO DRIVE",2640.00,E,N,A,-,N,,,,,,,,,,Y,2,0,1,1,A,-,01,23152,A,N,E,I,A,A,H,-,D,D,0,,,Y,,Y,Y,C,02,1,0,0,0,0,0,0,0,1,"- ","- ",36.393940000000001,-121.64067,MONTEREY,UNINCORPORATED,-121.64156319,36.394883190000002
90550917,2017,2017-09-19,9730,2017-09-13,0715,012332,,3,1,6,2708,0,1,2,,1,070,"US-101 (N/B)","BORONDA RD",20.00,N,N,B,-,Y,,,101,,,,,,,Y,4,0,2,2,A,-,08,22107,,N,D,C,A,B,H,-,A,D,0,,,,,Y,,D,22,0,0,2,0,0,0,0,0,0,"- ","- ",36.722230000000003,-121.65989999999999,MONTEREY,SALINAS,-121.65995321,36.722244549999999
90550924,2017,2017-09-19,9735,2017-09-13,1705,018338,,3,2,9,2700,0,3,5,,2,002,"JOLON RD","NEW PLEYTO RD",3168.00,N,N,A,-,N,,,,,,,,,,Y,2,0,1,1,A,-,08,22107,,N,F,A,A,A,H,-,A,D,0,,,,,Y,,D,22,1,0,0,0,0,0,0,0,0,"- ","- ",35.906190000000002,-120.99457,MONTEREY,UNINCORPORATED,-120.99444241,35.906220560000001
90550972,2017,2017-09-19,9730,2017-09-13,0630,016730,,3,1,9,2700,0,3,5,,2,006,"COOPER RD.","MCFADDEN RD.",900.00,N,N,B,-,N,,,,,,,,,,Y,4,0,1,2,A,-,06,21750,,N,D,C,A,B,H,-,A,D,0,,,,,Y,,A,01,0,0,1,0,0,0,0,0,0,"- ","- ",36.696719999999999,-121.73493999999999,MONTEREY,UNINCORPORATED,-121.73495242,36.69564252
90552139,2017,2017-09-20,9730,2017-09-14,1945,021776,,4,2,9,2700,0,3,5,,2,004,"TAVERNETTI RD","GLORIA RD",7920.00,S,N,A,-,N,,,,,,,,,,Y,3,0,1,1,A,-,03,22350,,N,E,J,A,A,H,-,D,D,0,,,,,Y,Y,A,07,0,1,0,0,0,0,0,0,0,"- ","- ",36.488590000000002,-121.42286,MONTEREY,UNINCORPORATED,-121.40699746,36.477106409999998
90552176,2017,2017-09-20,9730,2017-09-14,1744,020584,,4,2,9,2700,0,3,5,,2,003,"FRONT ST.",US-101,1320.00,W,N,A,-,N,,,,,,,,,,Y,4,0,1,2,A,-,03,22350,,N,C,C,A,A,H,-,A,D,0,,,,,Y,,A,08,0,0,1,0,0,0,0,0,0,"- ","- ",36.434829999999998,-121.34199,MONTEREY,UNINCORPORATED,-121.34086837,36.434008740000003
90552255,2017,2017-09-20,9730,2017-09-15,2237,021320,,5,3,9,2700,0,2,4,,1,023,"CARMEL VALLEY ROAD","ESQUILINE ROAD",650.00,E,N,A,-,N,,,,,,,,,,Y,3,0,2,2,A,-,09,21801,A,N,D,C,A,A,H,-,D,D,0,,,,,Y,,A,01,0,2,0,0,0,0,0,0,0,"- ","- ",36.476700000000001,-121.72586,MONTEREY,UNINCORPORATED,-121.72594137,36.476751440000001
90552443,2017,2017-09-20,9730,2017-09-14,1410,019529,,4,2,9,2700,0,1,3,,1,072,"STATE ROUTE 156 (WESTBOUND)","CASTROVILLE BLVD.",600.00,E,N,A,-,Y,,,,,,,,,,Y,4,0,1,2,A,-,08,22107,,N,D,I,A,A,H,-,A,D,0,,,,Y,Y,,D,22,0,0,1,0,0,0,0,0,0,"- ","- ",36.462429999999998,-121.44473000000001,MONTEREY,UNINCORPORATED,-121.74121143000001,36.769047190000002
90552505,2017,2017-09-20,9730,2017-09-16,1510,019956,,6,2,9,2700,0,1,3,,2,062,"SR-1 S/B","CALIFORNIA AVE",1056.00,S,N,A,-,Y,,,,,,,,,,Y,4,0,2,2,A,-,03,22350,,N,C,C,A,A,H,-,A,D,0,,,,,Y,,A,01,0,0,2,0,0,0,0,0,0,"- ","- ",36.623010000000001,-121.84474,MONTEREY,UNINCORPORATED,-121.84491316,36.622914559999998
90552522,2017,2017-09-20,9730,2017-09-14,0909,016730,,4,1,4,2710,0,1,3,,2,062,"SR-1 S/B","FREMONT BLVD.",2640.00,N,N,B,-,Y,,,1,,,,,,S,N,4,0,2,2,A,-,03,22350,,N,C,C,A,A,H,-,A,D,0,,,,,Y,,A,01,0,0,2,0,0,0,0,0,0,"- ","- ",36.629179999999998,-121.83748,MONTEREY,SEASIDE,-121.83754103,36.629236919999997
90552574,2017,2017-09-20,9730,2017-07-15,1438,020208,,6,2,9,2700,0,1,3,,1,068,"SR-68 SALINAS","LAURELES GRADE",573.00,W,N,B,-,Y,,,68,,,,,,,Y,1,1,2,1,A,-,08,22107,,N,E,I,A,A,H,-,A,D,0,,,,,Y,,A,07,0,2,0,0,0,0,0,0,0,"- ","- ",36.570039999999999,-121.75751,MONTEREY,UNINCORPORATED,-121.7575205,36.569970599999998
90552584,2017,2017-09-22,9730,2017-07-19,2130,020677,,3,2,9,2700,0,1,3,,1,014,"STATE ROUTE-1","COAST ROAD",3050.00,N,N,A,-,Y,,,1,,,,,,,Y,1,1,0,1,A,-,08,22107,,N,F,A,A,A,H,-,D,D,0,,,,,Y,,D,22,0,0,0,0,0,0,0,0,0,"- ","- ",36.288730000000001,-121.85175,MONTEREY,UNINCORPORATED,-121.85174871,36.288794879999998
90552715,2017,2017-09-21,9730,2017-08-05,1050,018543,,6,1,9,2700,0,3,5,,2,003,"RIVER ROAD","PINE CANYON ROAD",1320.00,S,N,A,-,N,,,,,,,,,,Y,1,1,0,2,A,-,06,21751,,N,A,C,A,A,H,-,A,D,0,,,Y,,Y,,C,02,0,0,0,0,0,0,0,1,0,"- ","- ",36.596469999999997,-121.62181,MONTEREY,UNINCORPORATED,-121.62085254,36.596258159999998
90552886,2017,2017-09-21,9730,2017-09-16,1338,020391,,6,1,9,2700,0,1,3,,1,074,SR-1,"JENSEN RD",2112.00,N,N,A,-,Y,,,1,,,,,,,Y,4,0,1,2,A,-,03,22350,,N,C,C,A,A,H,-,A,D,0,,,Y,,Y,,C,02,0,0,1,0,0,0,0,0,1,"- ","- ",36.859749999999998,-121.77115000000001,MONTEREY,UNINCORPORATED,-121.77109349,36.859749770000001
8343531,2017,2017-04-11,2706,2017-03-20,2347,428,MPD,1,5,4,2706,0,0,0,,0,001,"LIGHTHOUSE AV","PACIFIC ST",74.00,N,N,C,-,N,,,,,,,,,,Y,4,0,2,1,A,-,03,22350,,N,E,I,A,B,H,-,C,D,0,,,,,Y,,A,01,0,0,2,0,0,0,0,0,0,"- ","- ",,,MONTEREY,MONTEREY,-121.92294846999999,36.623541609999997
8343535,2017,2017-04-11,2706,2017-03-22,2015,114,MPD,3,5,4,2706,0,0,0,,0,001,"LIGHTHOUSE AV","HOFFMAN AV",150.00,N,N,A,-,N,,,,,,,,,,N,2,0,1,2,A,-,17,21655,,N,G,B,D,A,H,-,C,D,0,Y,,,,Y,Y,N,60,1,0,0,0,1,0,0,0,0,"- ","- ",,,MONTEREY,MONTEREY,-121.90199947000001,36.613899680000003
8343539,2017,2017-04-11,2706,2017-03-18,1751,121,MPD,6,5,4,2706,0,0,0,,0,001,"DRAKE AV","WAVE ST",30.00,W,N,A,-,N,,,,,,,,,,N,3,0,1,2,A,-,03,22350,,N,C,G,A,A,H,-,A,D,0,,Y,,,Y,,L,04,0,1,0,0,0,0,1,0,0,"- ","- ",,,MONTEREY,MONTEREY,-121.89839305,36.612311920000003
8343543,2017,2017-04-11,2706,2017-03-25,1141,142,MPD,6,5,4,2706,0,0,0,,0,002,"DEL MONTE AV","CAMINO EL ESTERO",60.00,E,N,A,-,N,,,,,,,,,,N,4,0,1,2,A,-,00,20001,A,F,C,C,A,A,H,-,A,D,0,,,,,Y,Y,-,99,0,0,1,0,0,0,0,0,0,"- ","- ",,,MONTEREY,MONTEREY,-121.88710555,36.599939999999997
8344546,2017,2017-04-17,2712,2017-03-28,1154,1034,2712,2,5,3,2712,0,0,0,,0,001,"IMJIN PKWY","IMJIN RD",12.00,W,N,A,-,N,,,,,,,,,,Y,4,0,1,2,A,-,03,22350,,N,C,C,A,A,H,-,A,A,0,,,,,Y,,A,01,0,0,1,0,0,0,0,0,0,"- ","- ",,,MONTEREY,MARINA,-121.79140842,36.661751350000003
8344773,2017,2017-04-26,2710,2017-02-15,1850,40397,,3,5,4,2710,0,0,0,,0,003,"CANYON DEL REY BL","SONOMA AV",0.00,,Y,A,-,N,,,,,,,,,,N,3,0,1,2,A,-,11,21954,A,N,G,B,-,A,H,-,C,A,0,Y,,,,Y,,N,60,0,1,0,0,1,0,0,0,0,"- ","- ",,,MONTEREY,SEASIDE,-121.85554992,36.606390079999997
8345041,2017,2017-04-20,2710,2017-02-26,2026,40391,MARIN,7,5,4,2710,0,0,0,,0,003,"GENERAL JIM MOORE BL","BROADWAY AV",729.00,N,N,A,-,N,,,,,,,,,,N,2,0,1,1,A,-,03,22350,,N,H,J,A,A,H,-,C,D,0,,,Y,,Y,,C,02,1,0,0,0,0,0,0,0,1,"- ","- ",,,MONTEREY,SEASIDE,,
8345045,2017,2017-04-20,2710,2017-02-24,1918,40386,MARIN,5,5,4,2710,0,0,0,,0,012,"NOCHE BUENA ST","MILITARY AV",172.00,S,N,A,-,N,,,,,,,,,,Y,4,0,1,3,A,-,03,22350,,N,A,E,A,A,H,-,C,D,0,,,,,Y,,A,01,0,0,1,0,0,0,0,0,0,"- ","- ",,,MONTEREY,SEASIDE,-121.83798,36.620927450000003
8345049,2017,2017-04-20,2710,2017-02-23,1737,40399,,4,5,4,2710,0,0,0,,0,,"ELM AV","TERRACE ST",0.00,,Y,B,-,N,,,,,,,,,,N,4,0,1,2,A,-,10,21950,A,N,G,B,B,A,H,-,B,A,0,Y,,,,Y,,A,01,0,0,1,0,1,0,0,0,0,"- ","- ",,,MONTEREY,SEASIDE,-121.84285987,36.607600009999999
8345057,2017,2017-04-20,2710,2017-02-12,1641,38145,,7,5,4,2710,0,0,0,,0,002,"BROADWAY AV","MESCAL ST",0.00,,Y,A,-,N,,,,,,,,,,N,3,0,1,2,A,-,09,21802,A,N,D,C,A,A,H,-,A,A,0,,,,,Y,,A,,0,1,0,0,0,0,0,0,0,"- ","- ",,,MONTEREY,SEASIDE,-121.82446992,36.608730020000003
8345061,2017,2017-04-20,2710,2017-02-09,1620,32225,,4,5,4,2710,0,0,0,,0,,"FLORES ST","HARDING PL",0.00,,Y,C,-,N,,,,,,,,,,N,4,0,1,2,A,-,09,21801,A,N,A,C,A,B,H,-,A,A,0,,,,,Y,,-,,0,0,1,0,0,0,0,0,0,"- ","- ",,,MONTEREY,SEASIDE,-121.83384,36.613640070000002
8347363,2017,2017-04-19,2708,2017-03-21,1649,05048,,2,5,6,2708,0,0,0,,0,008,"EAST MARKET ST","SUN ST",0.00,,Y,A,-,N,,,,,,,,,,Y,4,0,1,3,A,-,03,22350,,N,C,C,A,A,H,-,A,D,0,,,,,Y,,-,,0,0,1,0,0,0,0,0,0,"- ","- ",,,MONTEREY,SALINAS,-121.64636998,36.678870070000002
8347364,2017,2017-04-20,2708,2017-03-13,1115,71633,SALIN,1,5,6,2708,0,0,0,,0,002,"WEST ACACIA ST","SOUTH MAIN ST",15.00,W,N,A,-,N,,,,,,,,,,N,4,0,1,2,A,-,03,22350,,N,C,C,A,A,H,-,A,A,0,,,,,Y,,-,,0,0,1,0,0,0,0,0,0,"- ","- ",,,MONTEREY,SALINAS,-121.65720929,36.664251020000002
8347367,2017,2017-04-19,2708,2017-03-21,0127,30348,MONTE,2,5,6,2708,0,0,0,,0,,"AIRPORT BL","HANSEN ST",80.00,N,N,C,-,N,,,,,,,,,,Y,3,0,1,1,A,-,05,21460,A,N,A,I,A,B,H,-,C,D,0,,,,,Y,,-,"- ",0,1,0,0,0,0,0,0,0,"- ","- ",,,MONTEREY,SALINAS,-121.62657402000001,36.658157840000001
8347368,2017,2017-04-20,2708,2017-03-06,2100,28920,SALIN,1,5,6,2708,0,0,0,,0,,"NORTH MAIN ST","BERNAL DR",0.00,,Y,A,-,N,,,,,,,,,,N,4,0,1,2,A,-,12,21453,A,N,D,C,A,A,H,-,C,A,0,,,,,Y,,-,,0,0,1,0,0,0,0,0,0,"- ","- ",,,MONTEREY,SALINAS,-121.65245985999999,36.689970080000002
8347371,2017,2017-04-19,2708,2017-03-13,1801,16258,SALIN,1,5,6,2708,0,0,0,,0,005,"EAST ALVIN DR","EL DORADO DR",0.00,,Y,A,-,N,,,,,,,,,,Y,4,0,1,3,A,-,03,22350,,N,C,C,A,A,H,-,A,D,0,,,,,Y,,-,,0,0,1,0,0,0,0,0,0,"- ","- ",,,MONTEREY,SALINAS,-121.63777989,36.70530007
8347372,2017,2017-04-20,2708,2017-03-03,1845,28920,SALIN,5,5,6,2708,0,0,0,,0,003,"EL DORADO DR","BUCKINGHAM WY",0.00,,Y,A,-,N,,,,,,,,,,Y,4,0,2,2,A,-,04,21703,,N,C,C,A,A,H,-,C,D,0,,,,,Y,,-,,0,0,2,0,0,0,0,0,0,"- ","- ",,,MONTEREY,SALINAS,-121.63558988,36.71157007
8347375,2017,2017-04-19,2708,2017-03-12,0149,49280,,7,5,6,2708,0,0,0,,0,011,"RIDER AV","DEL MONTE BL",0.00,,Y,E,-,N,,,,,,,,,,Y,4,0,1,4,A,-,"- ",,,N,E,I,A,A,H,-,C,D,0,,,,,Y,,-,"- ",0,0,1,0,0,0,0,0,0,"- ","- ",,,MONTEREY,SALINAS,-121.61349998999999,36.691750059999997
8347379,2017,2017-04-19,2708,2017-03-15,2124,59987,,3,5,6,2708,0,0,0,,0,003,"EAST BORONDA RD","NATIVIDAD RD",1320.00,W,N,A,-,N,,,,,,,,,,Y,3,0,1,3,A,-,03,22350,A,N,C,C,A,A,H,-,C,B,0,,,,,Y,,-,,0,1,0,0,0,0,0,0,0,"- ","- ",,,MONTEREY,SALINAS,-121.627985,36.716010769999997
8347380,2017,2017-04-20,2708,2017-03-15,1853,79945,,3,5,6,2708,0,0,0,,0,004,"EAST BORONDA RD","NATIVIDAD RD",0.00,,Y,A,-,N,,,,,,,,,,Y,3,0,2,1,A,-,01,23152,A,N,F,I,A,A,H,-,B,A,0,,,,,Y,Y,-,,0,1,1,0,0,0,0,0,0,"- ","- ",,,MONTEREY,SALINAS,-121.62351989,36.715540019999999
8347383,2017,2017-04-19,2708,2017-03-01,1816,74426,,3,5,6,2708,0,0,0,,0,009,"SOUTH MAIN ST","PLAZA CIR",0.00,,Y,A,-,N,,,,,,,,,,Y,4,0,1,2,A,-,03,22350,,M,D,C,A,A,H,-,B,A,0,,,,,Y,,-,,0,0,1,0,0,0,0,0,0,"- ","- ",,,MONTEREY,SALINAS,-121.65955989,36.65733007
8347384,2017,2017-04-20,2708,2017-03-10,1840,79945,,5,5,6,2708,0,0,0,,0,004,"INDEPENDENCE BL","DANBURY ST",123.00,N,N,A,-,N,,,,,,,,,,Y,4,0,1,3,A,-,04,21703,,N,C,C,A,A,H,-,C,A,0,,,,,Y,,-,,0,0,1,0,0,0,0,0,0,"- ","- ",,,MONTEREY,SALINAS,-121.61829869,36.712566260000003
8347390,2017,2017-04-20,2708,2017-02-06,1601,05048,,1,5,6,2708,0,0,0,,0,007,"VILLA ST","WEST MARKET ST",100.00,S,N,C,-,N,,,,,,,,,,Y,4,0,1,2,A,-,09,21804,A,N,D,C,A,B,H,-,A,D,0,,,,,Y,,-,,0,0,1,0,0,0,0,0,0,"- ","- ",,,MONTEREY,SALINAS,-121.66599161000001,36.681102719999998
8347391,2017,2017-04-19,2708,2017-03-25,1937,04125,,6,5,6,2708,0,0,0,,0,008,"EAST MARKET ST","GRIFFIN ST",0.00,,Y,A,-,N,,,,,,,,,,Y,4,0,3,2,A,-,09,21801,A,N,D,C,A,A,H,-,C,A,0,,,,,Y,,-,,0,0,3,0,0,0,0,0,0,"- ","- ",,,MONTEREY,SALINAS,-121.64493993000001,36.678960060000001
90553014,2017,2017-09-21,9730,2017-09-17,1730,020896,,7,2,9,2700,0,1,3,,1,066,"SR-183 SB","WOOD ST",30.00,S,N,A,-,Y,,,183,,,,,,S,Y,3,0,1,2,A,-,01,23152,A,N,D,C,A,A,H,-,A,D,0,,,,,Y,Y,A,01,0,1,0,0,0,0,0,0,0,"- ","- ",36.760339999999999,-121.75078999999999,MONTEREY,UNINCORPORATED,-121.75078239,36.760350240000001
90553095,2017,2017-09-21,9730,2017-09-13,0555,017785,,3,3,9,2700,1,1,2,,1,030,"US-101 SOUTHBOUND","CHUALAR RIVER ROAD",1056.00,N,N,C,-,Y,,,101,,,,,,S,Y,4,0,2,3,A,-,07,21658,A,F,C,C,A,B,H,-,C,D,0,,,,,Y,,A,01,0,0,2,0,0,0,0,0,0,"- ","- ",36.571039999999996,-121.52009,MONTEREY,UNINCORPORATED,-121.51996574,36.571169279999999
90553125,2017,2017-09-21,9730,2017-09-18,0710,015160,,1,1,9,2700,0,2,4,,1,073,"HALL ROAD","LAS LOMAS DRIVE",75.00,E,N,A,-,N,,,,,,,,,,N,4,0,1,2,A,-,03,22350,,N,C,C,A,A,H,-,A,A,0,,,,,Y,,D,22,0,0,1,0,0,0,0,0,0,"- ","- ",36.864899999999999,-121.73309999999999,MONTEREY,UNINCORPORATED,-121.73345739,36.865157719999999
90553130,2017,2017-09-21,9730,2017-09-16,0800,018543,,6,1,9,2700,0,3,5,,2,006,"MCFADDEN ROAD","COOPER ROAD",2640.00,E,N,A,-,N,,,,,,,,,,Y,4,0,1,2,A,-,06,21750,,N,D,C,A,A,H,-,A,D,0,,,,,Y,,D,22,0,0,1,0,0,0,0,0,0,"- ","- ",36.693190000000001,-121.72344,MONTEREY,UNINCORPORATED,-121.72596384000001,36.693170590000001
90553199,2017,2017-09-21,9730,2017-09-18,0643,020933,,1,1,9,2700,0,1,2,,1,070,"US-101 N/B","RALPH LN",2160.00,S,N,A,-,Y,,,101,,,,,,N,N,4,0,2,2,A,-,03,22350,,N,C,C,A,A,H,-,B,D,0,,,,,Y,,D,22,0,0,2,0,0,0,0,0,0,"- ","- ",36.750660000000003,-121.66314,MONTEREY,UNINCORPORATED,-121.66309705,36.750676579999997
90553216,2017,2017-09-21,9730,2017-09-18,1540,020621,,1,2,9,2700,0,1,3,,1,074,"SALINAS ROAD TO N/B SR-1","SALINAS ROAD",200.00,N,N,B,-,Y,,,,,,,,,,Y,4,0,1,1,A,-,08,22107,,N,F,A,A,A,H,-,A,D,0,,,,,Y,,D,22,0,0,1,0,0,0,0,0,0,"- ","- ",36.870510000000003,-121.76989,MONTEREY,UNINCORPORATED,,
90553238,2017,2017-09-21,9730,2017-09-19,0636,012332,,2,1,9,2700,0,2,4,,1,073,"HALL RD","PINI RD",400.00,W,N,A,-,N,,,,,,,,,,Y,4,0,2,3,A,-,03,22350,,N,C,C,A,A,H,-,A,D,0,,,,,Y,,A,07,0,0,2,0,0,0,0,0,0,"- ","- ",36.864170000000001,-121.71827,MONTEREY,UNINCORPORATED,-121.7181076,36.864116520000003
90553621,2017,2017-09-22,9735,2017-09-14,0555,017681,,4,3,9,2700,0,2,4,,2,010,"ARROYO SECO ROAD","CLARK RD",213.00,S,N,A,-,N,,,,,,,,,,Y,3,0,4,1,A,-,08,22107,,N,F,A,A,A,H,-,D,D,0,,,,,Y,Y,A,01,0,2,2,0,0,0,0,0,0,"- ","- ",36.348129999999998,-121.32037,MONTEREY,UNINCORPORATED,-121.32042007,36.348159340000002
90554385,2017,2017-09-25,9730,2017-09-15,1230,021794,,5,1,9,2700,0,1,3,,1,022,"SR-1 S/B","OCEAN AVE.",341.00,S,N,A,-,Y,,,1,,,,,,S,N,4,0,1,2,A,-,08,22107,,N,B,C,A,A,H,-,A,D,0,,,,Y,Y,,A,01,0,0,1,0,0,0,0,0,0,"- ","- ",36.555,-121.91108,MONTEREY,UNINCORPORATED,-121.91101998000001,36.55500911
90555492,2017,2017-09-26,9730,2017-09-16,1354,017184,,6,1,9,2700,0,2,4,,1,023,"CARMEL RANCHO BLVD.","PRIM'S ENTRANCE ROAD",6.00,N,N,A,-,N,,,,,,,,,,Y,3,0,1,2,A,-,08,22107,,N,E,I,A,A,H,-,A,A,0,,,,,Y,,A,01,0,1,0,0,0,0,0,0,0,"- ","- ",36.542400000000001,-121.90476,MONTEREY,UNINCORPORATED,,
90555494,2017,2017-11-22,9730,2017-09-18,0655,017184,,1,1,9,2700,0,3,5,,2,006,"DEL MONTE BLVD (N.)","CHARLES BENSON RD",350.00,S,N,B,-,N,,,,,,,,,,Y,3,0,1,2,A,-,08,22107,,N,D,C,A,A,H,-,A,A,0,,,,,Y,,D,22,0,1,0,0,0,0,0,0,0,"- ","- ",36.719819999999999,-121.78775,MONTEREY,UNINCORPORATED,-121.78769852000001,36.719848890000002
8347393,2017,2017-04-19,2706,2017-04-05,0746,103,MPD,3,5,4,2706,0,0,0,,0,002,"LIGHTHOUSE AV","DEL MONTE AV",28.00,N,N,A,-,N,,,,,,,,,,N,4,0,1,2,A,-,03,22350,,N,C,C,A,A,H,-,A,A,0,,,,,Y,,A,07,0,0,1,0,0,0,0,0,0,"- ","- ",,,MONTEREY,MONTEREY,-121.89239069,36.600725169999997
8347394,2017,2017-04-20,2708,2017-02-24,1226,35838,SALIM,5,5,6,2708,0,0,0,,0,008,"CALLE CEBU","PEACH DR",0.00,,Y,A,-,N,,,,,,,,,,Y,4,0,1,2,A,-,09,21802,A,N,D,C,A,A,H,-,A,D,0,,,,,Y,,-,,0,0,1,0,0,0,0,0,0,"- ","- ",,,MONTEREY,SALINAS,-121.64793987,36.680510079999998
8347397,2017,2017-04-28,2706,2017-04-04,2358,428,MPD,2,5,4,2706,0,0,0,,0,003,"CASA VERDE WY","PORTOLA AV",39.00,N,N,A,-,N,,,,,,,,,,N,4,0,1,1,A,-,08,22107,,N,E,I,A,A,H,-,C,D,0,,,,,Y,,A,01,0,0,1,0,0,0,0,0,0,"- ","- ",,,MONTEREY,MONTEREY,-121.86598035999999,36.600642090000001
8347398,2017,2017-04-20,2708,2017-02-28,2050,35366,,2,5,6,2708,0,0,0,,0,010,"EAST MARKET","KERN ST",0.00,,Y,A,-,N,,,,,,,,,,N,4,0,1,2,A,-,05,21650,A,N,G,B,B,A,H,-,C,A,0,Y,,,,Y,,-,,0,0,1,0,1,0,0,0,0,"- ","- ",,,MONTEREY,SALINAS,-121.64007997,36.677390010000003
8347419,2017,2017-04-20,2708,2017-03-05,1556,25182,,7,5,6,2708,0,0,0,,0,002,"HARDEN PKWY","NORTH MAIN ST",780.00,E,N,B,-,N,,,,,,,,,,N,3,0,1,2,A,-,05,21650,1,F,G,G,A,A,H,-,A,A,0,,Y,,,Y,,L,04,0,1,0,0,0,0,1,0,0,"- ","- ",,,MONTEREY,SALINAS,-121.65189895,36.71356609
8347423,2017,2017-04-20,2708,2017-03-05,1605,56793,,7,5,6,2708,0,0,0,,0,007,"PARK ST",NACIONAL,76.00,E,N,A,-,N,,,,,,,,,,Y,3,0,1,3,A,-,01,23152,A,N,C,E,A,A,H,-,A,D,0,,,,,Y,Y,-,,0,1,0,0,0,0,0,0,0,"- ","- ",,,MONTEREY,SALINAS,-121.66945463,36.676785799999998
8347427,2017,2017-04-20,2708,2017-03-01,2208,54372,,3,5,6,2708,0,0,0,,0,011,"EAST BORONDA RD","WILLIAMS RD",0.00,,Y,A,-,N,,,,,,,,,,Y,3,0,1,1,A,-,12,22450,,N,H,-,A,A,-,-,C,A,0,,,,,Y,,-,,0,1,0,0,0,0,0,0,0,"- ","- ",,,MONTEREY,SALINAS,-121.59071989,36.689000010000001
8347470,2017,2017-04-20,2708,2017-02-22,0619,30348,MONTE,3,5,6,2708,0,0,0,,0,,"W ALISAL ST","WEST ACACIA ST",0.00,,Y,A,-,N,,,,,,,,,,Y,4,0,2,3,A,-,09,21800,D,N,B,C,A,A,H,-,B,B,0,,,,,Y,,-,,0,0,2,0,0,0,0,0,0,"- ","- ",,,MONTEREY,SALINAS,-121.67269989,36.669460030000003
8347951,2017,2017-04-25,2704,2017-03-13,1529,5321,2704,1,5,3,2704,0,0,0,,0,001,"10TH ST","APPLE AV",0.00,,N,A,-,N,,,,,,,,,,N,3,0,1,2,A,-,11,21954,A,N,G,B,D,A,H,-,A,D,0,Y,,,,Y,,N,60,0,1,0,0,1,0,0,0,0,"- ","- ",,,MONTEREY,GREENFIELD,-121.24799987999999,36.322690100000003
8348755,2017,2017-08-04,2708,2017-03-13,1310,71633,SALIN,1,5,6,2708,0,0,0,,0,007,"SOUTH MAIN ST","CLAY ST",0.00,,Y,A,-,Y,MON,5,68,-,-,21.040,I,5,E,Y,4,0,1,2,A,-,09,21802,A,N,D,C,A,A,H,-,A,D,0,,,,,Y,,-,,0,0,1,0,0,0,0,0,0,"- ","- ",,,MONTEREY,SALINAS,-121.65498357,36.6705945
8349289,2017,2017-05-03,2701,2017-03-25,1628,5549,2701,6,5,2,2701,0,0,0,,0,00S,"CARMELO ST","8TH AV",0.00,,Y,A,-,N,,,,,,,,,,N,4,0,3,2,A,-,09,21802,A,N,D,C,A,A,H,-,A,A,0,,,,,Y,,A,01,0,0,3,0,0,0,0,0,0,"- ","- ",,,MONTEREY,CARMEL,-121.92693986,36.552580110000001
8349304,2017,2017-04-20,2701,2017-03-29,1123,5374,MSC,3,5,2,2701,0,0,0,,0,ALL,"N 1ST ST","DOLORES ST",98.00,E,N,A,-,N,,,,,,,,,,N,3,0,1,1,A,-,21,22106,,N,H,J,A,A,H,-,A,D,0,,,,,Y,,A,01,0,1,0,0,0,0,0,0,0,"- ","- ",,,MONTEREY,CARMEL,-121.92236622999999,36.56183