CASE_ID,ACCIDENT_YEAR,PROC_DATE,JURIS,COLLISION_DATE,COLLISION_TIME,OFFICER_ID,REPORTING_DISTRICT,DAY_OF_WEEK,CHP_SHIFT,POPULATION,CNTY_CITY_LOC,SPECIAL_COND,BEAT_TYPE,CHP_BEAT_TYPE,CITY_DIVISION_LAPD,CHP_BEAT_CLASS,BEAT_NUMBER,PRIMARY_RD,SECONDARY_RD,DISTANCE,DIRECTION,INTERSECTION,WEATHER_1,WEATHER_2,STATE_HWY_IND,CALTRANS_COUNTY,CALTRANS_DISTRICT,STATE_ROUTE,ROUTE_SUFFIX,POSTMILE_PREFIX,POSTMILE,LOCATION_TYPE,RAMP_INTERSECTION,SIDE_OF_HWY,TOW_AWAY,COLLISION_SEVERITY,NUMBER_KILLED,NUMBER_INJURED,PARTY_COUNT,PRIMARY_COLL_FACTOR,PCF_CODE_OF_VIOL,PCF_VIOL_CATEGORY,PCF_VIOLATION,PCF_VIOL_SUBSECTION,HIT_AND_RUN,TYPE_OF_COLLISION,MVIW,PED_ACTION,ROAD_SURFACE,ROAD_COND_1,ROAD_COND_2,LIGHTING,CONTROL_DEVICE,CHP_ROAD_TYPE,PEDESTRIAN_ACCIDENT,BICYCLE_ACCIDENT,MOTORCYCLE_ACCIDENT,TRUCK_ACCIDENT,NOT_PRIVATE_PROPERTY,ALCOHOL_INVOLVED,STWD_VEHTYPE_AT_FAULT,CHP_VEHTYPE_AT_FAULT,COUNT_SEVERE_INJ,COUNT_VISIBLE_INJ,COUNT_COMPLAINT_PAIN,COUNT_PED_KILLED,COUNT_PED_INJURED,COUNT_BICYCLIST_KILLED,COUNT_BICYCLIST_INJURED,COUNT_MC_KILLED,COUNT_MC_INJURED,PRIMARY_RAMP,SECONDARY_RAMP,LATITUDE,LONGITUDE,COUNTY,CITY,POINT_X,POINT_Y
90555614,2017,2018-03-14,9730,2017-07-15,1804,021707,,6,2,9,2700,0,1,2,,1,030,"UNITED STATES-101 NORTHBOUND","SPENCE ROAD",240.00,N,N,A,-,Y,,,,,,,,,,Y,1,1,5,2,A,-,08,22107,,N,A,C,A,A,H,-,A,D,0,,,,,Y,,A,01,0,3,2,0,0,0,0,0,0,"- ","- ",36.613379999999999,-121.56774,MONTEREY,UNINCORPORATED,-121.56754597,36.613262800000001
90555959,2017,2017-09-26,9730,2017-09-19,0800,018543,,2,1,9,2700,0,1,2,,1,030,"US-101 N/B","SPENCE ROAD",0.00,,Y,A,-,Y,,,101,,,,,,N,Y,4,0,2,3,A,-,09,21801,A,N,D,C,A,A,H,-,A,A,0,,,,,Y,,A,01,0,0,2,0,0,0,0,0,0,"- ","- ",36.613010000000003,-121.56688,MONTEREY,UNINCORPORATED,-121.56699053,36.612859550000003
90556875,2017,2017-09-27,9730,2017-09-18,0640,018543,,1,1,9,2700,0,1,2,,1,070,"US-101 N/B","SALA ROAD",2112.00,N,N,A,-,Y,,,101,,,,,,N,Y,4,0,2,2,A,-,03,22350,,N,C,C,A,A,H,-,A,D,0,,,,,Y,,A,01,0,0,2,0,0,0,0,0,0,"- ","- ",36.75262,-121.66385,MONTEREY,UNINCORPORATED,-121.66385646000001,36.752617399999998
90556930,2017,2017-09-27,9730,2017-09-19,1527,019239,,2,2,9,2700,0,1,3,,1,068,"SR-68 WB","BOOTS RD",200.00,W,N,A,-,Y,,,68,,,,,,W,Y,4,0,1,2,A,-,03,22350,,N,C,C,A,A,H,-,A,D,0,,,,,Y,,A,01,0,0,1,0,0,0,0,0,0,"- ","- ",36.567500000000003,-121.77925,MONTEREY,UNINCORPORATED,-121.77925556,36.567555429999999
90556964,2017,2017-09-27,9730,2017-09-20,2200,019529,,3,3,9,2700,0,1,3,,2,062,"STATE ROUTE 1 (SOUTHBOUND)","AGUAJITO RD.",500.00,S,N,A,-,Y,,,,,,,,,,N,4,0,1,1,C,-,18,,,N,A,H,A,A,H,-,D,D,0,,,,,Y,,-,"- ",0,0,1,0,0,0,0,0,0,"- ","- ",36.585819999999998,-121.88399,MONTEREY,UNINCORPORATED,-121.88135035000001,36.590392739999999
90557073,2017,2017-09-27,9730,2017-09-21,1405,021776,,4,2,9,2700,0,1,2,,1,030,"US-101 NORTHBOUND","ALTA STREET",4752.00,S,N,A,-,Y,,,101,,,,,,N,N,4,0,1,2,A,-,03,22350,,N,C,C,A,A,H,-,A,D,0,,,,,Y,,A,01,0,0,1,0,0,0,0,0,0,"- ","- ",36.48348,-121.41679999999999,MONTEREY,UNINCORPORATED,-121.41681337,36.48346153
90557277,2017,2017-09-27,9730,2017-09-21,1044,017184,,4,1,9,2700,0,2,4,,1,023,"CARMEL VALLEY RD","TIERRA GRANDE DR",0.00,,Y,A,-,N,,,,,,,,,,Y,4,0,1,3,A,-,09,21801,A,N,A,C,A,A,H,-,A,A,0,,,,,Y,,A,01,0,0,1,0,0,0,0,0,0,"- ","- ",36.524169999999998,-121.81099,MONTEREY,UNINCORPORATED,-121.81105992000001,36.524170040000001
90557908,2017,2017-09-28,9730,2017-09-20,1737,019239,,3,2,9,2700,0,3,5,,2,006,"ESPINOSA RD","FOXWOOD LN",4752.00,E,N,A,-,N,,,,,,,,,,Y,4,0,3,2,A,-,09,21804,A,N,D,C,A,A,H,-,A,D,0,,,,,Y,,A,01,0,0,3,0,0,0,0,0,0,"- ","- ",36.739550000000001,-121.67386,MONTEREY,UNINCORPORATED,-121.67439987,36.739550059999999
90558010,2017,2017-09-28,9730,2017-09-23,2249,020990,,6,3,9,2700,0,2,4,,1,073,"SALINAS ROAD","LEWIS ROAD",60.00,N,N,A,-,N,,,,,,,,,,Y,2,0,1,2,A,-,01,23152,A,N,C,C,A,A,H,-,D,D,0,,,Y,,Y,Y,C,02,1,0,0,0,0,0,0,0,1,"- ","- ",36.891750000000002,-121.74732,MONTEREY,UNINCORPORATED,-121.7473359,36.89115434
90558333,2017,2017-09-28,9735,2017-08-22,1422,019486,,2,2,9,2700,0,1,2,,1,041,"U/S 101 S/B","LAGOMARSINO AVE",2112.00,S,N,A,-,Y,,,,,,,,,,Y,1,1,0,2,A,-,09,21804,A,N,D,C,A,A,H,-,A,D,0,,,,,Y,,A,01,0,0,0,0,0,0,0,0,0,"- ","- ",36.28172,-121.18922999999999,MONTEREY,UNINCORPORATED,,
90560690,2017,2017-10-02,9730,2017-08-11,2335,021359,,5,3,9,2700,0,1,3,,2,062,"SR-1 SOUTHBOUND","MPM 84.00",269.00,N,N,A,-,Y,,,1,,,,,,S,Y,1,1,4,3,A,-,21,22106,,N,D,C,A,A,H,-,C,D,0,,,,,Y,,A,01,0,2,2,0,0,0,0,0,0,"- ","- ",36.665559999999999,-121.81544,MONTEREY,UNINCORPORATED,-121.81542232,36.665552210000001
8349359,2017,2017-04-20,2710,2017-02-17,1830,40386,MARIN,5,5,4,2710,0,0,0,,0,001,"CALAVERAS ST","PALM AV",0.00,,Y,B,C,N,,,,,,,,,,Y,4,0,2,2,A,-,09,21804,B,N,A,D,A,B,H,-,C,A,0,,,,,Y,,A,07,0,0,2,0,0,0,0,0,0,"- ","- ",,,MONTEREY,SEASIDE,-121.84751996999999,36.608430009999999
8349386,2017,2017-04-20,2712,2017-04-05,1506,1034,2712,3,5,3,2712,0,0,0,,0,001,"DEL MONTE BL","BEACH RD",0.00,,Y,A,-,N,,,,,,,,,,N,4,0,1,1,A,-,03,22350,,N,H,J,A,A,H,-,A,A,0,,,Y,,Y,,C,02,0,0,1,0,0,0,0,0,1,"- ","- ",,,MONTEREY,MARINA,-121.79746986000001,36.693640070000001
8349390,2017,2017-04-20,2712,2017-04-01,1959,1154,2712,6,5,3,2712,0,0,0,,0,001,"ABRAMS DR","IMJIN PW",63.00,E,N,A,-,N,,,,,,,,,,N,3,0,1,2,A,-,06,21750,,N,B,C,A,A,H,-,C,D,0,,,Y,,Y,,C,02,0,1,0,0,0,0,0,0,1,"- ","- ",,,MONTEREY,MARINA,-121.79343679,36.663802390000001
8349647,2017,2017-05-01,2710,2017-02-27,0030,40397,,1,5,4,2710,0,0,0,,0,003,"MONTEREY RD","FREMONT BL",0.00,,Y,C,-,N,,,,,,,,,,Y,3,0,1,1,A,-,01,23152,A,N,A,J,A,B,H,-,C,D,0,,,,,Y,Y,A,01,0,1,0,0,0,0,0,0,0,"- ","- ",,,MONTEREY,SEASIDE,-121.8412299,36.62375007
8350363,2017,2017-04-25,2706,2017-04-13,0756,142,MPD,4,5,4,2706,0,0,0,,0,003,"GARDEN AV","HENDERSON WY",0.00,,Y,C,-,N,,,,,,,,,,Y,4,0,1,2,A,-,05,21752,D,N,B,C,A,B,H,-,A,D,0,,,,,Y,,D,22,0,0,1,0,0,0,0,0,0,"- ","- ",,,MONTEREY,MONTEREY,-121.85381998,36.586200069999997
8350408,2017,2017-04-24,2706,2017-04-10,1511,505,2706,1,5,4,2706,0,0,0,,0,001,"LIGHTHOUSE AV","DRAKE AV",139.00,N,N,A,-,N,,,,,,,,,,N,4,0,4,2,A,-,03,22350,,N,C,C,A,A,H,-,A,A,0,,,,,Y,,A,01,0,0,4,0,0,0,0,0,0,"- ","- ",,,MONTEREY,MONTEREY,-121.90020348,36.611767370000003
8350412,2017,2017-04-24,2706,2017-04-09,0916,410,MPD,7,5,4,2706,0,0,0,,0,002,"CAMINO EL ESTERO","EAST FRANKLIN ST",0.00,,Y,A,-,N,,,,,,,,,,Y,3,0,1,1,B,-,22,,,N,E,I,A,A,H,-,A,D,0,,,,,Y,,A,01,0,1,0,0,0,0,0,0,0,"- ","- ",,,MONTEREY,MONTEREY,-121.88749991,36.598890089999998
8351961,2016,2017-05-05,2710,2016-05-11,2057,40392,,3,5,4,2710,0,0,0,,0,01A,"BROADWAY AV","YOSEMITE ST",0.00,,Y,A,-,N,,,,,,,,,,N,4,0,1,2,A,-,09,21802,A,N,D,C,A,A,H,-,C,A,0,,,,,Y,,A,01,0,0,1,0,0,0,0,0,0,"- ","- ",,,MONTEREY,SEASIDE,-121.82954994000001,36.608820049999999
8351969,2016,2017-05-05,2710,2016-03-31,1118,37346,,4,5,4,2710,0,0,0,,0,02B,"BROADWAY AV","NOCHE BUENA ST",0.00,,Y,A,-,N,,,,,,,,,,Y,3,0,1,2,A,-,12,21453,A,N,D,C,A,A,H,-,A,A,0,,,,,Y,,A,01,0,1,0,0,0,0,0,0,0,"- ","- ",,,MONTEREY,SEASIDE,-121.83772995,36.609030009999998
8353460,2017,2017-05-01,2712,2017-04-10,0743,1017,2712,1,5,3,2712,0,0,0,,0,001,"CRESCENT AV","RESERVATION RD",844.00,S,N,A,-,N,,,,,,,,,,Y,3,0,1,2,A,-,09,21804,A,N,D,C,A,A,H,-,A,D,0,,,,,Y,,A,01,0,1,0,0,0,0,0,0,0,"- ","- ",,,MONTEREY,MARINA,-121.79334299,36.681833490000002
8354293,2017,2017-05-05,2706,2017-04-20,1446,301,MPD,4,5,4,2706,0,0,0,,0,002,"FREMONT ST","CAMINO AGUAJITO",124.00,W,N,A,-,N,,,,,,,,,,Y,4,0,1,3,A,-,03,22350,,N,C,C,A,A,H,-,A,A,0,,,,,Y,,A,01,0,0,1,0,0,0,0,0,0,"- ","- ",,,MONTEREY,MONTEREY,-121.88290889,36.593845739999999
8354430,2017,2017-05-05,2712,2017-04-24,1236,1031,,1,5,3,2712,0,0,0,,0,001,"IMJIN PKWY","CALIFORNIA AV",0.00,,Y,B,-,N,,,,,,,,,,Y,3,0,1,3,A,-,09,21800,A,N,B,C,A,A,H,-,A,A,0,,,,,Y,,A,01,0,1,0,0,0,0,0,0,0,"- ","- ",,,MONTEREY,MARINA,-121.79684985999999,36.666170000000001
90560875,2017,2017-10-02,9730,2017-09-22,0835,017502,,5,1,4,2710,0,1,3,,2,062,SR-1,"DEL MONTE BOULEVARD",1056.00,N,N,A,-,Y,,,,,,,,,,Y,4,0,1,3,A,-,03,22350,,N,C,C,A,A,H,-,A,D,0,,,,,Y,,A,01,0,0,1,0,0,0,0,0,0,"- ","- ",36.37527,-121.50797,MONTEREY,SEASIDE,-121.78753515,36.727804550000002
90560919,2017,2017-10-02,9730,2017-09-22,1540,019956,,5,2,9,2700,0,1,3,,1,022,SR-1,"CARPENTER RD",40.00,S,N,A,-,Y,,,1,,,,,,,N,4,0,1,2,A,-,03,22350,,N,C,C,A,A,H,-,A,A,0,,,,,Y,,A,07,0,0,1,0,0,0,0,0,0,"- ","- ",36.566270000000003,-121.91291,MONTEREY,UNINCORPORATED,-121.91295589000001,36.566262299999998
90561106,2017,2017-10-02,9730,2017-09-22,1510,019529,,5,2,9,2700,0,1,3,,2,062,"STATE ROUTE 1 (NORTHBOUND)","STATE ROUTE 218",10.00,N,N,A,-,Y,,,,,,,,,,Y,4,0,2,2,A,-,03,22350,,N,C,C,A,A,H,-,A,D,0,,,,,Y,,A,01,0,0,2,0,0,0,0,0,0,"- ","- ",36.610120000000002,-121.85795,MONTEREY,UNINCORPORATED,,
90561163,2017,2017-10-02,9730,2017-09-25,1608,018298,,1,2,2,2703,0,1,2,,1,030,"US-101 S/B","5TH ST.",2112.00,S,N,A,-,Y,,,101,,,,,,S,Y,4,0,1,1,A,-,08,22107,,N,E,I,A,A,H,-,A,D,0,,,,,Y,,A,01,0,0,1,0,0,0,0,0,0,"- ","- ",36.507840000000002,-121.43498,MONTEREY,GONZALES,-121.43499176,36.507833859999998
90561294,2017,2017-10-02,9730,2017-09-23,1919,020899,,6,2,9,2700,0,3,5,,2,005,"OLD STAGE ROAD","OLD NATIVIDAD ROAD",4752.00,S,N,A,-,N,,,,,,,,,,Y,3,0,3,1,A,-,03,22350,,N,E,I,A,A,H,-,D,D,0,,,,,Y,,A,01,0,1,2,0,0,0,0,0,0,"- ","- ",36.719679999999997,-121.59349,MONTEREY,UNINCORPORATED,-121.59343018,36.71972461
90561317,2017,2017-10-02,9730,2017-09-24,2145,020933,,7,2,9,2700,0,1,3,,1,022,SR-1,"SAN JOSE CREEK BRIDGE",250.00,N,N,A,-,Y,,,1,,,,,,,Y,4,0,1,1,A,-,01,23152,A,N,F,A,A,A,H,-,D,D,0,,,,,Y,Y,A,01,0,0,1,0,0,0,0,0,0,"- ","- ",36.524639999999998,-121.92435999999999,MONTEREY,UNINCORPORATED,-121.92439188,36.524680699999998
90561451,2017,2017-10-02,9730,2017-09-25,0720,020391,,1,1,9,2700,0,1,3,,2,062,"SR-1 SOUTHBOUND","FREMONT BLVD",1056.00,N,N,A,-,Y,,,1,,,,,,S,Y,4,0,1,1,A,-,08,22107,,N,F,A,A,A,H,-,A,D,0,,,Y,,Y,,C,02,0,0,1,0,0,0,0,0,1,"- ","- ",36.627229999999997,-121.8389,MONTEREY,UNINCORPORATED,-121.83892350000001,36.627244160000004
90561465,2017,2017-10-02,9730,2017-09-25,0644,015160,,1,1,9,2700,0,3,5,,2,006,"COOPER ROAD","MCFADDEN ROAD",1056.00,N,N,A,-,N,,,,,,,,,,Y,4,0,1,2,A,-,06,21750,,N,B,C,A,A,H,-,A,D,0,,,,,Y,,A,07,0,0,1,0,0,0,0,0,0,"- ","- ",36.696680000000001,-121.7349,MONTEREY,UNINCORPORATED,-121.73494765,36.696071080000003
90561472,2017,2017-10-02,9730,2017-09-25,1625,018298,,1,2,9,2700,0,3,5,,2,005,"DAVIS RD.","W ACACIA ST.",360.00,S,N,A,-,N,,,,,,,,,,Y,4,0,1,2,A,-,03,22350,,N,C,C,A,A,H,-,A,D,0,,,,,Y,,A,01,0,0,1,0,0,0,0,0,0,"- ","- ",36.671430000000001,-121.68114,MONTEREY,UNINCORPORATED,-121.68106188,36.671534219999998
90561490,2017,2017-10-02,9730,2017-09-25,1720,020896,,1,2,9,2700,0,3,5,,2,007,"MCDOUGALL ST","SPEEGLE ST",50.00,S,N,A,-,N,,,,,,,,,,Y,4,0,1,2,A,-,09,21801,A,N,A,C,A,A,H,-,A,D,0,,,,,Y,,A,07,0,0,1,0,0,0,0,0,0,"- ","- ",36.767209999999999,-121.75816,MONTEREY,UNINCORPORATED,-121.75824231999999,36.767218800000002
90561493,2017,2017-10-02,9730,2017-09-25,0830,020391,,1,1,9,2700,0,1,3,,1,022,SR-1,"RIO RD",54.00,N,N,A,-,Y,,,1,,,,,,,N,4,0,1,2,A,-,03,22350,,N,C,C,A,A,H,-,A,D,0,,,,,Y,,A,07,0,0,1,0,0,0,0,0,0,"- ","- ",36.539709999999999,-121.91006,MONTEREY,UNINCORPORATED,-121.91002644,36.539683490000002
90561494,2017,2017-10-02,9730,2017-09-25,1745,021407,,1,2,9,2700,0,1,2,,1,070,"US-101 SOUTHBOUND","BLACKIE ROAD",60.00,S,N,A,-,Y,,,101,,,,,,S,Y,4,0,1,3,A,-,03,22350,,N,C,C,A,A,H,-,A,D,0,,,,,Y,,A,01,0,0,1,0,0,0,0,0,0,"- ","- ",36.772500000000001,-121.6694,MONTEREY,UNINCORPORATED,-121.66930469,36.772507779999998
90561497,2017,2017-10-02,9730,2017-09-26,1025,017785,,2,1,9,2700,0,3,5,,2,004,"OLD STAGE ROAD","ESPERANZA ROAD",266.00,N,N,A,-,N,,,,,,,,,,Y,3,0,1,1,A,-,08,22107,,N,E,I,A,A,H,-,A,D,0,,,,,Y,,A,07,0,1,0,0,0,0,0,0,0,"- ","- ",36.60539,-121.51401,MONTEREY,UNINCORPORATED,-121.51397824,36.605240739999999
90561745,2017,2017-10-03,9735,2017-09-27,1710,018338,,3,2,9,2700,0,1,3,,1,034,SR-198,"PINE VALLEY RD",1030.00,W,N,A,-,Y,,,198,,,,,,,Y,3,0,2,2,A,-,08,22107,,N,A,C,A,A,H,-,A,D,0,,,,,Y,,D,22,0,2,0,0,0,0,0,0,0,"- ","- ",36.166020000000003,-120.87327999999999,MONTEREY,UNINCORPORATED,-120.87328039000001,36.166028259999997
90561756,2017,2017-10-03,9735,2017-09-28,1334,020036,,4,1,9,2700,0,1,2,,1,040,"US-101 N/B","FRONT ST",2112.00,S,N,A,-,Y,,,101,,,,,,N,Y,3,0,1,2,A,-,03,22350,,N,D,C,A,A,H,-,A,D,0,,,,,Y,,D,22,0,1,0,0,0,0,0,0,0,"- ","- ",36.411059999999999,-121.31964000000001,MONTEREY,UNINCORPORATED,-121.31966346999999,36.411052419999997
90561812,2017,2017-10-03,9730,2017-09-26,0247,020970,,2,3,9,2700,0,3,5,,2,004,"ALISAL RD","STONBERG PRKWY",455.00,S,N,A,-,N,,,,,,,,,,Y,3,0,2,2,A,-,05,21460,A,N,D,C,A,A,H,-,D,D,0,,,,Y,Y,,A,01,0,1,1,0,0,0,0,0,0,"- ","- ",36.670610000000003,-121.59889,MONTEREY,UNINCORPORATED,,
90561888,2017,2017-10-04,9730,2017-08-27,2245,020896,,7,3,9,2700,0,3,5,,2,002,"JOSSELYN CANYON ROAD","TWIN OAKS DRIVE",528.00,S,N,B,-,N,,,,,,,,,,Y,1,1,0,1,A,-,03,22350,,N,E,I,A,A,H,-,D,D,0,,,Y,,Y,,C,02,0,0,0,0,0,0,0,1,0,"- ","- ",36.58437,-121.86668,MONTEREY,UNINCORPORATED,-121.86261566,36.581668379999996
90561905,2017,2017-10-03,9730,2017-09-26,0633,015160,,2,1,9,2700,0,1,3,,1,074,SR-1,"STRUVE ROAD (NORTH)",1056.00,S,N,A,-,Y,,,1,,,,,,,Y,4,0,2,3,A,-,03,22350,,N,C,C,A,A,H,-,A,D,0,,,,,Y,,A,01,0,0,2,0,0,0,0,0,0,"- ","- ",36.82517,-121.77649,MONTEREY,UNINCORPORATED,-121.77650527,36.825189569999999
90562485,2017,2017-10-04,9730,2017-09-25,1730,018298,,1,2,9,2700,0,1,2,,1,050,US-101,"SPENCE RD.",0.00,,Y,A,-,Y,,,101,,,,,,,Y,3,0,1,3,A,-,09,21801,A,F,D,C,A,A,H,-,A,D,0,,,,,Y,,-,99,0,1,0,0,0,0,0,0,0,"- ","- ",36.612969999999997,-121.56689,MONTEREY,UNINCORPORATED,-121.56697794,36.612850299999998
90562669,2017,2017-10-04,9730,2017-09-27,0759,016730,,3,1,9,2700,0,2,4,,1,023,"CARMEL VALLEY ROAD","LOMA DEL REY",340.00,E,N,A,-,N,,,,,,,,,,Y,3,0,2,1,A,-,08,22107,,N,E,I,A,A,H,-,A,D,0,,,,,Y,,A,07,0,2,0,0,0,0,0,0,0,"- ","- ",36.525959999999998,-119.81577,MONTEREY,UNINCORPORATED,-121.81579972999999,36.525990319999998
90562904,2017,2017-10-04,9730,2017-09-27,1735,021776,,3,2,9,2700,0,1,2,,1,070,"US-101 NORTHBOUND","RALPH LANE",1584.00,N,N,A,-,Y,,,101,,,,,,N,N,4,0,1,3,A,-,03,22350,,N,C,C,A,A,H,-,A,D,0,,,,,Y,,A,07,0,0,1,0,0,0,0,0,0,"- ","- ",36.759779999999999,-121.66605,MONTEREY,UNINCORPORATED,-121.66613726999999,36.759755570000003
90563039,2017,2017-10-04,9730,2017-09-29,0705,017785,,5,1,9,2700,0,3,5,,2,004,"OLD STAGE ROAD","ALISAL ROAD",0.00,,Y,E,-,N,,,,,,,,,,Y,4,0,1,1,A,-,03,22350,,N,E,I,A,A,H,-,A,A,0,,,,,Y,,A,01,0,0,1,0,0,0,0,0,0,"- ","- ",36.631160000000001,-121.54267,MONTEREY,UNINCORPORATED,-121.54270987,36.630900029999999
90563254,2017,2017-10-04,9730,2017-09-27,1614,020621,,3,2,9,2700,0,3,5,,2,007,"LEWIS ROAD","VEGA ROAD",69.00,S,N,A,-,N,,,,,,,,,,N,3,0,1,1,A,-,01,23152,A,N,E,I,A,A,H,-,A,D,0,,,,,Y,Y,A,01,0,1,0,0,0,0,0,0,0,"- ","- ",36.884010000000004,-121.72578,MONTEREY,UNINCORPORATED,-121.72646927,36.88439812
90564404,2017,2017-10-06,9730,2017-09-30,0630,020424,,6,1,9,2700,0,2,4,,1,073,"SALINAS ROAD","TRAFTON ROAD",0.00,,Y,A,-,N,,,,,,,,,,Y,4,0,3,2,A,-,09,21802,A,N,D,C,A,A,H,-,C,A,0,,,,,Y,,A,01,0,0,3,0,0,0,0,0,0,"- ","- ",36.886780000000002,-121.74718,MONTEREY,UNINCORPORATED,-121.74710997,36.886790009999999
90564427,2017,2017-10-13,9730,2017-09-29,1530,021776,,5,2,9,2700,0,3,5,,2,007,"SAN JUAN ROAD","MURPHY ROAD",0.00,,Y,A,-,N,,,,,,,,,,Y,3,0,2,2,A,-,09,21802,A,N,D,C,A,A,H,-,A,A,0,,,,,Y,,A,01,0,1,1,0,0,0,0,0,0,"- ","- ",36.896180000000001,-121.67610000000001,MONTEREY,UNINCORPORATED,-121.67607999000001,36.896410070000002
90564480,2017,2017-10-06,9730,2017-09-29,1938,020621,,5,2,9,2700,0,3,5,,2,005,"ROGGE ROAD","JASPER WAY",126.00,E,N,A,-,N,,,,,,,,,,Y,3,0,1,4,A,-,01,23152,A,N,C,E,F,A,H,-,C,D,0,Y,,,,Y,Y,A,08,0,1,0,0,1,0,0,0,0,"- ","- ",36.731700000000004,-121.63154,MONTEREY,UNINCORPORATED,-121.63171674,36.731812589999997
90564588,2017,2017-10-06,9735,2017-09-30,2225,020710,,6,3,3,2705,0,1,2,,1,041,"US-101 N/B","BROADWAY ST",630.00,N,N,A,-,Y,,,101,,,,,,N,Y,4,0,2,1,A,-,08,22107,,N,E,I,A,A,H,-,C,D,0,,,,,Y,,A,01,0,0,2,0,0,0,0,0,0,"- ","- ",36.204059999999998,-121.13986,MONTEREY,"KING CITY",-121.13988161,36.204121790000002
90564710,2017,2017-10-06,9730,2017-09-29,0810,017502,,5,1,9,2700,0,3,5,,2,006,"RESERVATION ROAD","BLANCO ROAD",30.00,E,N,A,-,N,,,,,,,,,,N,4,0,1,2,A,-,03,22350,,N,C,C,A,A,H,-,A,A,0,,,,,Y,,A,01,0,0,1,0,0,0,0,0,0,"- ","- ",36.6678,-121.75839999999999,MONTEREY,UNINCORPORATED,-121.75660120000001,36.666889070000003
90564723,2017,2017-10-06,9730,2017-09-29,1530,020584,,5,2,9,2700,0,2,4,,1,023,"CARMEL VALLEY RD.","COUNTRY CLUB DR.",1056.00,E,N,A,-,N,,,,,,,,,,Y,3,0,1,1,A,-,01,23152,A,N,E,I,A,A,H,-,A,D,0,,,,,Y,Y,A,01,0,1,0,0,0,0,0,0,0,"- ","- ",36.489640000000001,-121.74229,MONTEREY,UNINCORPORATED,-121.74621282,36.493843949999999
90564753,2017,2017-10-06,9730,2017-09-29,0635,017502,,5,1,9,2700,0,1,3,,1,068,SR-68,"TORERO DRIVE",3168.00,W,N,B,-,Y,,,68,,,,,,,Y,3,0,2,2,A,-,09,21804,A,N,D,C,A,A,H,-,A,D,0,,,,,Y,,A,01,0,2,0,0,0,0,0,0,0,"- ","- ",36.586799999999997,-121.71210000000001,MONTEREY,UNINCORPORATED,-121.71197187999999,36.586754210000002
90564834,2017,2017-10-06,9730,2017-09-30,1920,021338,,6,2,9,2700,0,2,4,,1,073,"SAN MIGUEL CANYON ROAD","APRICOT LANE",385.00,N,N,A,-,N,,,,,,,,,,Y,3,0,3,3,A,-,05,21460,A,N,B,C,A,A,H,-,B,D,0,,,,,Y,,A,01,0,1,2,0,0,0,0,0,0,"- ","- ",36.855440000000002,-121.69335,MONTEREY,UNINCORPORATED,-121.69274806,36.854892110000002
90564862,2017,2017-10-06,9730,2017-09-30,1515,021407,,6,2,9,2700,0,1,2,,1,030,"US-101 S/B","HARTNELL ROAD",40.00,N,N,A,-,Y,,,101,,,,,,S,Y,4,0,1,2,A,-,07,21658,A,N,C,C,A,A,H,-,A,D,0,,,,,Y,,A,07,0,0,1,0,0,0,0,0,0,"- ","- ",36.622900000000001,-121.5808,MONTEREY,UNINCORPORATED,-121.58090914,36.622750770000003
90564913,2017,2017-10-06,9730,2017-10-01,1325,020424,,7,1,9,2700,0,1,2,,1,070,"US-101 NORTHBOUND","MESSICK ROAD",600.00,N,N,A,-,Y,,,101,,,,,,N,Y,4,0,3,3,A,-,03,22350,,N,C,C,A,A,H,-,A,D,0,,,,,Y,,A,01,0,0,3,0,0,0,0,0,0,"- ","- ",36.801909999999999,-121.65895999999999,MONTEREY,UNINCORPORATED,-121.65895743,36.801900670000002
90565178,2017,2017-10-09,9730,2017-10-06,1304,021794,,5,1,9,2700,0,3,5,,2,007,"WERNER ROAD","ELKHORN ROAD",528.00,W,N,A,-,N,,,,,,,,,,N,3,0,1,2,A,-,21,22106,,N,C,C,A,A,H,-,A,D,0,,,,Y,Y,,G,27,0,1,0,0,0,0,0,0,0,"- ","- ",36.878329999999998,-121.75024000000001,MONTEREY,UNINCORPORATED,-121.74894945,36.87856025
90565559,2017,2017-10-09,9730,2017-09-29,1955,020677,,5,2,6,2708,0,1,2,,1,070,"US-101 S/B","ECHO VALLEY RD.",5280.00,N,N,A,-,Y,,,,,,,,,,Y,4,0,1,2,A,-,13,22515,B,N,C,C,A,A,H,-,D,D,0,,,,,Y,,A,01,0,0,1,0,0,0,0,0,0,"- ","- ",36.811160000000001,-121.64351000000001,MONTEREY,SALINAS,,
90565590,2017,2017-10-09,9730,2017-09-30,2032,021407,,6,2,9,2700,0,3,5,,2,005,"OLD STAGE ROAD","WILLIAMS ROAD",700.00,S,N,A,-,N,,,,,,,,,,Y,4,0,1,1,A,-,08,22107,,N,E,I,A,A,H,-,D,D,0,,,,,Y,,A,01,0,0,1,0,0,0,0,0,0,"- ","- ",36.696899999999999,-121.5727,MONTEREY,UNINCORPORATED,-121.57282402,36.69687399