CASE_ID,ACCIDENT_YEAR,PROC_DATE,JURIS,COLLISION_DATE,COLLISION_TIME,OFFICER_ID,REPORTING_DISTRICT,DAY_OF_WEEK,CHP_SHIFT,POPULATION,CNTY_CITY_LOC,SPECIAL_COND,BEAT_TYPE,CHP_BEAT_TYPE,CITY_DIVISION_LAPD,CHP_BEAT_CLASS,BEAT_NUMBER,PRIMARY_RD,SECONDARY_RD,DISTANCE,DIRECTION,INTERSECTION,WEATHER_1,WEATHER_2,STATE_HWY_IND,CALTRANS_COUNTY,CALTRANS_DISTRICT,STATE_ROUTE,ROUTE_SUFFIX,POSTMILE_PREFIX,POSTMILE,LOCATION_TYPE,RAMP_INTERSECTION,SIDE_OF_HWY,TOW_AWAY,COLLISION_SEVERITY,NUMBER_KILLED,NUMBER_INJURED,PARTY_COUNT,PRIMARY_COLL_FACTOR,PCF_CODE_OF_VIOL,PCF_VIOL_CATEGORY,PCF_VIOLATION,PCF_VIOL_SUBSECTION,HIT_AND_RUN,TYPE_OF_COLLISION,MVIW,PED_ACTION,ROAD_SURFACE,ROAD_COND_1,ROAD_COND_2,LIGHTING,CONTROL_DEVICE,CHP_ROAD_TYPE,PEDESTRIAN_ACCIDENT,BICYCLE_ACCIDENT,MOTORCYCLE_ACCIDENT,TRUCK_ACCIDENT,NOT_PRIVATE_PROPERTY,ALCOHOL_INVOLVED,STWD_VEHTYPE_AT_FAULT,CHP_VEHTYPE_AT_FAULT,COUNT_SEVERE_INJ,COUNT_VISIBLE_INJ,COUNT_COMPLAINT_PAIN,COUNT_PED_KILLED,COUNT_PED_INJURED,COUNT_BICYCLIST_KILLED,COUNT_BICYCLIST_INJURED,COUNT_MC_KILLED,COUNT_MC_INJURED,PRIMARY_RAMP,SECONDARY_RAMP,LATITUDE,LONGITUDE,COUNTY,CITY,POINT_X,POINT_Y
90565611,2017,2017-10-09,9730,2017-09-30,0350,021359,,6,3,9,2700,0,1,2,,1,050,"US-101 N/B","LAUREL DRIVE",150.00,S,N,A,-,Y,,,,,,,,,,Y,3,0,1,1,A,-,08,22107,,N,E,J,A,A,H,-,C,D,0,,,,,Y,,A,01,0,1,0,0,0,0,0,0,0,"- ","- ",36.694130000000001,-121.66229,MONTEREY,UNINCORPORATED,-121.66420051,36.697414090000002
90565662,2017,2017-10-09,9730,2017-10-01,0200,018543,,7,3,9,2700,0,3,5,,2,003,"TASSAJARA ROAD","CARMEL VALLEY ROAD",10560.00,S,N,A,-,N,,,,,,,,,,N,2,0,1,1,A,-,08,22107,,N,F,I,A,A,G,-,D,D,0,,,,,Y,,D,22,1,0,0,0,0,0,0,0,0,"- ","- ",36.393090000000001,-121.58813000000001,MONTEREY,UNINCORPORATED,-121.59383287,36.383137589999997
90565803,2017,2017-10-09,9730,2017-10-02,0643,015160,,1,1,9,2700,0,1,3,,1,072,"SR-156 EASTBOUND","CASTROVILLE BLVD",30.00,W,N,A,-,Y,,,156,,,,,,E,Y,4,0,1,3,A,-,03,22350,,N,C,C,A,A,H,-,A,A,0,,,,,Y,,A,01,0,0,1,0,0,0,0,0,0,"- ","- ",36.768250000000002,-121.74347,MONTEREY,UNINCORPORATED,-121.74345164,36.768188639999998
90565846,2017,2017-10-09,9730,2017-10-02,0547,016730,,1,3,4,2706,0,1,3,,2,062,"S/B SR-1","UNIVVERSITY WAY",230.00,N,N,A,-,Y,,,1,,,,,,,Y,4,0,1,1,A,-,08,22107,,N,E,I,A,A,H,-,D,D,0,,,,,Y,,A,01,0,0,1,0,0,0,0,0,0,"- ","- ",36.594189999999998,-121.87354999999999,MONTEREY,MONTEREY,-121.87352478,36.594037329999999
90565957,2017,2017-10-09,9730,2017-10-02,0645,016730,,1,1,9,2700,0,3,5,,2,006,"DEL MONTE AVE.","CHARLES BENSON RD.",250.00,S,N,E,-,N,,,,,,,,,,Y,4,0,2,2,A,-,09,21801,A,N,D,C,A,A,H,-,A,D,0,,,,,Y,,E,22,0,0,2,0,0,0,0,0,0,"- ","- ",36.719880000000003,-121.78780999999999,MONTEREY,UNINCORPORATED,-121.78768218,36.720123309999998
90566182,2017,2017-10-09,9730,2017-10-03,1705,019529,,2,2,9,2700,0,1,3,,1,022,"STATE ROUTE 1","RIBERA RD.",100.00,S,N,A,-,Y,,,1,,,,,,,Y,4,0,1,2,A,-,05,21460,A,N,B,C,A,A,H,-,A,D,0,,,,,Y,,A,01,0,0,1,0,0,0,0,0,0,"- ","- ",36.528590000000001,-121.91970000000001,MONTEREY,UNINCORPORATED,-121.91965476999999,36.528539440000003
90566435,2017,2017-10-10,9730,2017-10-04,0910,016730,,3,1,4,2706,0,1,3,,2,062,"SR-1 S/B","SOLEDAD DR.",3168.00,N,N,A,-,Y,,,1,,,,,,S,Y,4,0,1,2,A,-,08,22107,,N,B,C,A,A,H,-,A,D,0,,,,,Y,,A,07,0,0,1,0,0,0,0,0,0,"- ","- ",36.584029999999998,-121.88709,MONTEREY,MONTEREY,-121.88709159,36.584035350000001
90566441,2017,2017-10-10,9730,2017-10-04,0620,017502,,3,1,9,2700,0,2,4,,2,063,"BLANCO  ROAD","DAVIS ROAD",2112.00,W,N,A,-,N,,,,,,,,,,Y,4,0,1,2,A,-,03,22350,,N,C,C,A,A,H,-,D,D,0,,,,,Y,,A,01,0,0,1,0,0,0,0,0,0,"- ","- ",36.670780000000001,-121.69217999999999,MONTEREY,UNINCORPORATED,-121.69105548,36.670067469999999
8356601,2017,2017-05-30,2707,2017-04-08,1847,1635,,6,5,3,2707,0,0,0,,0,002,"LIGHTHOUSE AV","EARDLEY AV",0.00,,Y,A,-,N,,,,,,,,,,N,4,0,1,2,A,-,09,21804,A,N,D,C,A,A,H,-,B,A,0,,,,,Y,,A,01,0,0,1,0,0,0,0,0,0,"- ","- ",,,MONTEREY,"PACIFIC GROVE",-121.90608997,36.616900059999999
8357679,2017,2017-05-05,2707,2017-03-20,1959,2209,,1,5,3,2707,0,0,0,,0,002,"CENTRAL AV","EARDLEY AV",0.00,,Y,C,-,N,,,,,,,,,,N,3,0,1,2,A,-,10,21950,A,N,G,B,B,B,E,-,C,D,0,Y,,,,Y,,D,22,0,1,0,0,1,0,0,0,0,"- ","- ",,,MONTEREY,"PACIFIC GROVE",-121.90509989,36.617450079999998
8357866,2017,2018-03-16,2706,2017-04-21,1832,395,2706,5,5,4,2706,0,0,0,,0,003,"RT 68","OLMSTED RD",528.00,E,N,A,-,Y,MON,5,68,-,-,5.670,H,-,W,N,4,0,2,2,A,-,03,22350,,N,C,C,A,A,H,-,B,D,0,,,,,Y,,A,01,0,0,2,0,0,0,0,0,0,"- ","- ",,,MONTEREY,MONTEREY,-121.84799541,36.583752439999998
8362970,2017,2017-05-25,2712,2017-03-17,1553,1052,2712,5,5,3,2712,0,0,0,,0,001,"LIEVRY WY","PARSON CIR",346.00,W,N,A,-,N,,,,,,,,,,N,3,0,1,2,A,-,11,21954,A,N,A,B,D,A,H,-,A,D,0,Y,,,,Y,,N,60,0,1,0,0,1,0,0,0,0,"- ","- ",,,MONTEREY,MARINA,-121.79629599,36.67544358
8364164,2017,2017-05-24,2708,2017-04-21,0102,76998,,5,5,6,2708,0,0,0,,0,012,"N SANBORN","E LAUREL",0.00,,Y,A,-,N,,,,,,,,,,Y,4,0,3,2,A,-,01,23153,A,N,C,C,A,A,H,-,C,A,0,,,,,Y,,-,,0,0,3,0,0,0,0,0,0,"- ","- ",,,MONTEREY,SALINAS,-121.62087993999999,36.68294006
8364175,2017,2017-05-23,2708,2017-04-07,1820,25182,,5,5,6,2708,0,0,0,,0,002,"NORTH MAIN ST","NAVAJO DR",30.00,S,N,A,-,N,,,,,,,,,,Y,3,0,1,2,A,-,03,22350,,N,C,C,A,A,H,-,A,A,0,,,,,Y,,-,,0,1,0,0,0,0,0,0,0,"- ","- ",,,MONTEREY,SALINAS,-121.65322980000001,36.705619200000001
8364179,2017,2017-05-23,2708,2017-04-08,0200,18746,,6,5,6,2708,0,0,0,,0,005,"NATIVIDAD RD","LA POSADA WY",480.00,N,N,B,-,N,,,,,,,,,,Y,2,0,3,1,A,-,01,23152,A,N,F,I,A,B,H,-,C,D,0,,,,,Y,Y,-,,1,2,0,0,0,0,0,0,0,"- ","- ",,,MONTEREY,SALINAS,,
8364188,2017,2017-05-24,2708,2017-04-15,1537,28920,SALIN,6,5,6,2708,0,0,0,,0,005,"MARIN AV","ALVIN DR",126.00,S,N,A,-,N,,,,,,,,,,Y,3,0,1,2,A,-,05,21650,1,N,D,G,A,A,H,-,A,D,0,,Y,,,Y,,L,04,0,1,0,0,0,0,1,0,0,"- ","- ",,,MONTEREY,SALINAS,-121.63300371,36.703690979999998
8364192,2017,2017-05-24,2708,2017-04-29,2018,34245,,6,5,6,2708,0,0,0,,0,005,"MARYAL DR","EAST BERNAL DR",235.00,N,N,A,-,N,,,,,,,,,,N,4,0,1,2,A,-,09,21802,A,N,D,C,A,A,H,-,C,A,0,,,,,Y,,-,,0,0,1,0,0,0,0,0,0,"- ","- ",,,MONTEREY,SALINAS,-121.64647112999999,36.691537969999999
8364196,2017,2017-05-24,2708,2017-04-12,1724,28920,SALIN,3,5,6,2708,0,0,0,,0,002,"HARDEN PKWY","REGENCY CIR",400.00,W,N,A,-,N,,,,,,,,,,N,2,0,2,2,A,-,03,22350,,N,D,G,A,A,H,-,A,D,0,,Y,,,Y,,-,,1,1,0,0,0,0,1,0,0,"- ","- ",,,MONTEREY,SALINAS,-121.65059556,36.713675760000001
8364200,2017,2017-05-24,2708,2017-04-21,2213,52678,,5,5,6,2708,0,0,0,,0,003,"E BORONDA","NATIVIDAD RD",0.00,,Y,A,-,N,,,,,,,,,,Y,3,0,2,2,A,-,03,22350,,N,C,C,A,A,H,-,C,A,0,,,,,Y,,-,,0,2,0,0,0,0,0,0,0,"- ","- ",,,MONTEREY,SALINAS,-121.62351989,36.715540019999999
8364204,2017,2017-05-24,2708,2017-04-29,0809,71633,SALIN,6,5,6,2708,0,0,0,,0,006,"CASENTINI ST","NORTH MAIN ST",0.00,,Y,A,-,N,,,,,,,,,,Y,3,0,3,1,A,-,03,22350,,N,F,I,A,A,H,-,A,A,0,,,,,Y,,-,,0,2,1,0,0,0,0,0,0,"- ","- ",,,MONTEREY,SALINAS,-121.65282993,36.684290070000003
8364208,2017,2017-06-14,2708,2017-04-29,1707,71713,,6,5,6,2708,0,0,0,,0,012,"WILLIAMS RD","ALMA ST",39.00,E,N,A,-,N,,,,,,,,,,Y,3,0,5,2,A,-,09,21801,A,N,D,C,A,A,H,-,A,D,0,,,,,Y,,-,,0,1,4,0,0,0,0,0,0,"- ","- ",,,MONTEREY,SALINAS,-121.60935141,36.678331870000001
8364212,2017,2017-05-23,2708,2017-04-22,1339,71633,SALIN,6,5,6,2708,0,0,0,,0,006,"NORTH DAVIS RD","WESTRIDGE PKWY",1232.00,N,N,A,-,N,,,,,,,,,,Y,4,0,2,2,A,-,09,21801,A,N,A,C,A,A,H,-,A,D,0,,,,,Y,,-,,0,0,2,0,0,0,0,0,0,"- ","- ",,,MONTEREY,SALINAS,-121.66577727000001,36.707242729999997
8364216,2017,2017-05-23,2708,2017-04-01,2006,04125,,6,5,6,2708,0,0,0,,0,011,"NORTH SANBORN RD","EAST BORONDA RD",477.00,S,N,A,-,N,,,,,,,,,,Y,3,0,3,3,A,-,09,21804,A,N,D,C,A,A,H,-,A,D,0,,,,,Y,,-,,0,1,2,0,0,0,0,0,0,"- ","- ",,,MONTEREY,SALINAS,-121.59710041,36.69424704
8364220,2017,2017-05-24,2708,2017-04-25,0600,69305,,2,5,6,2708,0,0,0,,0,012,"AIRPORT BL","MOFFETT ST",300.00,E,N,B,-,N,,,,,,,,,,N,4,0,1,3,A,-,03,22350,,N,C,C,A,A,H,-,B,D,0,,,,,Y,,-,,0,0,1,0,0,0,0,0,0,"- ","- ",,,MONTEREY,SALINAS,-121.61963512,36.663829370000002
8364224,2017,2017-05-24,2708,2017-04-10,1746,56793,,1,5,6,2708,0,0,0,,0,011,"WILLIAMS RD","FREEDOM PKWY",600.00,N,N,A,-,N,,,,,,,,,,Y,2,0,1,1,A,-,08,22107,,N,E,I,A,A,H,-,A,D,0,,,,,Y,Y,-,,1,0,0,0,0,0,0,0,0,"- ","- ",,,MONTEREY,SALINAS,-121.59503002,36.686572869999999
8364228,2017,2017-05-23,2708,2017-04-03,1824,54353,2708,1,5,6,2708,0,0,0,,0,011,"RIDER AV","AMARILLO WY",0.00,,Y,A,-,N,,,,,,,,,,Y,4,0,2,2,A,-,09,21802,A,N,D,C,A,A,H,-,A,D,0,,,,,Y,,-,,0,0,2,0,0,0,0,0,0,"- ","- ",,,MONTEREY,SALINAS,-121.61028997,36.693580050000001
8364232,2017,2017-05-23,2708,2017-04-07,1452,07661,,5,5,6,2708,0,0,0,,0,004,"EAST BORONDA RD","NATIVIDAD RD",300.00,E,N,B,-,N,,,,,,,,,,Y,3,0,1,2,A,-,03,22350,,N,C,C,A,A,H,-,A,A,0,,,,,Y,,-,,0,1,0,0,0,0,0,0,0,"- ","- ",,,MONTEREY,SALINAS,-121.62250161,36.71545665
8364236,2017,2017-05-23,2708,2017-04-01,1911,12507,,6,5,6,2708,0,0,0,,0,001,"NORTH MAIN ST","NORTHRIDGE SHOPPING CENTER",0.00,,Y,A,-,N,,,,,,,,,,N,4,0,1,2,A,-,03,22350,,N,C,C,A,A,H,-,A,A,0,,,,,Y,,-,,0,0,1,0,0,0,0,0,0,"- ","- ",,,MONTEREY,SALINAS,,
8364240,2017,2017-05-23,2708,2017-04-07,1610,59989,,5,5,6,2708,0,0,0,,0,012,"KENTUCKY AV","CIRCLE DR",0.00,,Y,B,-,N,,,,,,,,,,Y,4,0,3,2,A,-,09,21800,A,N,D,C,A,A,H,-,A,D,0,,,,,Y,,-,,0,0,3,0,0,0,0,0,0,"- ","- ",,,MONTEREY,SALINAS,-121.62252993,36.679590099999999
8364265,2017,2017-05-23,2708,2017-03-26,0744,52823,,7,5,6,2708,0,0,0,,0,,"NORTH DAVIS RD","WEST LAUREL DR",0.00,,Y,A,-,N,,,,,,,,,,N,3,0,1,2,A,-,12,21453,A,N,D,C,A,A,H,-,A,A,0,,,,,Y,,-,,0,1,0,0,0,0,0,0,0,"- ","- ",,,MONTEREY,SALINAS,-121.66808987,36.697910100000001
8364269,2017,2017-05-23,2708,2017-03-21,1503,56105,SALIN,2,5,6,2708,0,0,0,,0,012,"WILLIAMS RD","EAST LAUREL DR",150.00,N,N,A,-,N,,,,,,,,,,Y,3,0,2,2,A,-,09,21804,A,N,A,C,A,A,H,-,A,D,0,,,,,Y,,-,,0,2,0,0,0,0,0,0,0,"- ","- ",,,MONTEREY,SALINAS,-121.61398231,36.675687930000002
8364277,2017,2017-05-23,2708,2017-03-27,1259,03185,,1,5,6,2708,0,0,0,,0,002,"HARDEN PKWY","REGENCY CIR",0.00,,Y,A,-,N,,,,,,,,,,N,4,0,1,2,A,-,09,21802,A,N,D,-,A,A,H,-,A,D,0,,,,,Y,,-,,0,0,1,0,0,0,0,0,0,"- ","- ",,,MONTEREY,SALINAS,-121.64925986,36.71347008
90566454,2017,2017-10-10,9730,2017-10-04,2030,019512,,3,2,9,2700,0,3,5,,2,003,"HARRIS ROAD","HARRIS COURT",172.00,E,N,A,-,N,,,,,,,,,,Y,3,0,1,2,A,-,08,22107,,N,D,C,A,A,H,-,D,D,0,,,,,Y,,D,22,0,1,0,0,0,0,0,0,0,"- ","- ",36.492199999999997,-121.6356,MONTEREY,UNINCORPORATED,-121.63674571999999,36.61888459
90566828,2017,2017-10-10,9730,2017-08-27,2340,021338,,7,3,9,2700,0,3,5,,2,005,"HARRISON ROAD","MARTINES ROAD",169.00,N,N,B,-,N,,,,,,,,,,Y,1,1,0,1,A,-,01,23152,A,N,E,I,A,A,H,-,D,D,0,,,,,Y,Y,A,01,0,0,0,0,0,0,0,0,0,"- ","- ",36.74971,-121.65728,MONTEREY,UNINCORPORATED,-121.65726591000001,36.74952511
90566836,2017,2017-10-10,9730,2017-10-02,1150,018543,,1,1,6,2708,0,1,2,,1,050,"US-101 N/B","SANBORN ROAD",15.00,N,N,A,-,Y,,,101,,,,,,N,Y,3,0,1,4,A,-,03,22350,,N,C,C,A,A,D,-,A,D,0,,,,Y,Y,,A,01,0,1,0,0,0,0,0,0,0,"- ","- ",36.667929999999998,-121.63179,MONTEREY,SALINAS,-121.63177871000001,36.667969300000003
90567175,2017,2017-10-11,9730,2017-10-01,1005,021794,,7,1,9,2700,0,1,3,,1,072,SR-156,"CATHEDRAL OAK ROAD",1584.00,W,N,A,-,Y,,,156,,,,,,,Y,4,0,1,2,A,-,03,22350,,N,B,C,A,A,H,-,A,D,0,,,,,Y,,A,07,0,0,1,0,0,0,0,0,0,"- ","- ",36.775199999999998,-121.71980000000001,MONTEREY,UNINCORPORATED,-121.71980385000001,36.775213379999997
90567617,2017,2017-10-11,9730,2017-10-09,1200,012332,,1,1,9,2700,0,3,5,,2,005,"PAUL AVE","CORNWALL ST",0.00,,Y,A,-,N,,,,,,,,,,N,4,0,1,2,A,-,09,21802,A,N,D,C,A,A,H,-,A,D,0,,,,,Y,,A,07,0,0,1,0,0,0,0,0,0,"- ","- ",36.733899999999998,-121.63996,MONTEREY,UNINCORPORATED,-121.63993988,36.733860100000001
90567639,2017,2017-10-11,9730,2017-10-09,1245,012332,,1,1,9,2700,0,2,4,,1,073,"SAN MIGUEL CYN RD","STRAWBERRY CYN RD",450.00,S,N,A,-,N,,,,,,,,,,N,2,0,1,2,A,-,03,22350,,N,H,G,A,A,H,-,A,D,0,,Y,,,Y,,L,04,1,0,0,0,0,0,1,0,0,"- ","- ",36.82902,-121.67807999999999,MONTEREY,UNINCORPORATED,,
90568421,2017,2017-10-11,9730,2017-10-04,2245,021776,,3,3,9,2700,0,1,2,,1,030,"US-101 SOUTHBOUND","CAMPHORA GLORIA ROAD O/C",528.00,S,N,A,-,Y,,,101,,,,,,S,Y,4,0,1,3,A,-,03,22350,,N,C,C,A,A,H,-,C,D,0,,,,,Y,,M,46,0,0,1,0,0,0,0,0,0,"- ","- ",36.447800000000001,-121.36172999999999,MONTEREY,UNINCORPORATED,-121.36168909,36.447847619999997
90568436,2017,2017-10-11,9735,2017-10-09,2015,019486,,1,2,9,2700,0,1,2,,1,041,"US 101 NORTHBOUND","JOLON RD UNDER-CROSSING",528.00,S,N,A,-,Y,,,,,,,,,,Y,3,0,1,1,A,-,08,22107,,N,E,I,A,A,H,-,D,D,0,,,,,Y,,A,07,0,1,0,0,0,0,0,0,0,"- ","- ",36.198650000000001,-121.14577,MONTEREY,UNINCORPORATED,,
90568448,2017,2017-10-11,9730,2017-10-04,2000,019512,,3,2,9,2700,0,1,3,,1,074,"SR-1 SOUTHBOUND","MOSS LANDING ROAD",60.00,N,N,A,-,Y,,,1,,,,,,S,Y,3,0,1,2,A,-,01,23152,A,N,D,C,A,A,H,-,C,D,0,,,,,Y,Y,A,01,0,1,0,0,0,0,0,0,0,"- ","- ",36.791020000000003,-121.78364999999999,MONTEREY,UNINCORPORATED,-121.78362303,36.791029999999999
90568452,2017,2017-10-11,9735,2017-10-08,1350,019800,,7,1,9,2700,0,1,3,,2,052,SR-25,"BITTERWATER RD",11616.00,S,N,A,-,Y,,,,,,,,,,Y,2,0,1,1,A,-,08,22107,,N,F,A,A,A,H,-,A,D,0,,,Y,,Y,,C,02,1,0,0,0,0,0,0,0,1,"- ","- ",36.360019999999999,-120.97427999999999,MONTEREY,UNINCORPORATED,,
90568732,2017,2017-10-12,9730,2017-10-04,1510,019981,,3,2,9,2700,0,1,3,,2,062,"SR-1 S/B","DEL MONTE BLVD",2640.00,S,N,A,-,Y,,,1,,,,,,S,Y,4,0,1,1,A,-,08,22107,,N,F,I,A,A,H,-,A,D,0,,,,,Y,,A,07,0,0,1,0,0,0,0,0,0,"- ","- ",36.715760000000003,-121.79487,MONTEREY,UNINCORPORATED,-121.7948377,36.71574803
8364285,2017,2017-05-23,2708,2017-03-14,0832,56793,,2,5,6,2708,0,0,0,,0,,"W ROSSI",STOCKTON,0.00,,Y,A,-,N,,,,,,,,,,N,3,0,1,2,A,-,10,21950,A,N,G,B,B,A,H,-,A,A,0,Y,,,,Y,,-,,0,1,0,0,1,0,0,0,0,"- ","- ",,,MONTEREY,SALINAS,-121.66641988000001,36.68586011
8364289,2017,2017-05-23,2708,2017-03-24,1550,71595,,5,5,6,2708,0,0,0,,0,010,"E ALISAL ST","N WOOD ST",0.00,,Y,A,-,N,,,,,,,,,,N,3,0,1,2,A,-,10,21950,A,N,G,B,D,A,H,-,A,A,0,Y,,,,Y,,-,,0,1,0,0,1,0,0,0,0,"- ","- ",,,MONTEREY,SALINAS,-121.63539987,36.673700019999998
8364293,2017,2017-05-23,2708,2017-03-28,1512,70843,,2,5,6,2708,0,0,0,,0,,"CHURCH ST","EAST SAN LUIS ST",0.00,,Y,A,-,N,,,,,,,,,,Y,4,0,2,2,A,-,12,22450,A,N,D,C,A,A,H,-,A,A,0,,,,,Y,,-,,0,0,2,0,0,0,0,0,0,"- ","- ",,,MONTEREY,SALINAS,-121.65753995999999,36.671530089999997
8364297,2017,2017-05-23,2708,2017-03-30,1641,56793,,4,5,6,2708,0,0,0,,0,011,"DEL MONTE","BURKE ST",180.00,E,N,A,-,N,,,,,,,,,,N,4,0,3,2,A,-,09,21804,A,N,D,C,A,A,H,-,A,D,0,,,,,Y,,-,,0,0,3,0,0,0,0,0,0,"- ","- ",,,MONTEREY,SALINAS,-121.60607481,36.683296650000003
8364301,2017,2017-05-23,2708,2017-03-16,1224,03778,2708,4,5,6,2708,0,0,0,,0,005,"NORTH MAIN ST",CHAPARRAL,66.00,N,N,A,-,N,,,,,,,,,,Y,4,0,1,2,A,-,07,21658,A,F,B,C,A,A,H,-,A,D,0,,,,,Y,,-,,0,0,1,0,0,0,0,0,0,"- ","- ",,,MONTEREY,SALINAS,-121.65295494999999,36.704209120000002
8364305,2017,2017-05-23,2708,2017-03-22,0855,71633,SALIN,3,5,6,2708,0,0,0,,0,007,"WEST ACACIA ST","W ALISAL ST",0.00,,Y,C,-,N,,,,,,,,,,Y,3,0,3,2,A,-,09,21801,A,N,A,C,A,B,H,-,A,A,0,,,,,Y,,-,,0,1,2,0,0,0,0,0,0,"- ","- ",,,MONTEREY,SALINAS,-121.67269989,36.669460030000003
8364313,2017,2017-05-23,2708,2017-03-22,0543,18925,,3,5,6,2708,0,0,0,,0,,"SOUTH SANBORN RD","ABBOTT ST",0.00,,Y,C,-,N,,,,,,,,,,Y,4,0,1,2,A,-,17,24250,,N,A,C,A,B,H,-,C,A,0,,,,,Y,,-,,0,0,1,0,0,0,0,0,0,"- ","- ",,,MONTEREY,SALINAS,-121.63583989,36.657250050000002
8364355,2017,2017-05-24,2708,2017-04-21,1307,49532,SALIN,5,5,6,2708,0,0,0,,0,008,"EAST MARKET ST","PAJARO ST",2.00,W,N,A,-,N,,,,,,,,,,N,4,0,2,3,A,-,07,21658,A,N,B,C,A,A,H,-,A,A,0,,,,,Y,,-,,0,0,2,0,0,0,0,0,0,"- ","- ",,,MONTEREY,SALINAS,-121.6533568,36.677829559999999
8364545,2017,2017-05-24,2708,2017-03-10,1655,74130,SALIN,5,5,6,2708,0,0,0,,0,001,"NORTH MAIN ST","BORONDA RD",30.00,S,N,A,-,N,,,,,,,,,,N,4,0,1,2,A,-,03,22350,,M,-,C,A,-,H,-,A,A,0,,,,,Y,,-,,0,0,1,0,0,0,0,0,0,"- ","- ",,,MONTEREY,SALINAS,-121.6562126,36.721538780000003
8365154,2017,2017-05-12,2712,2017-04-14,1218,1034,2712,5,5,3,2712,0,0,0,,0,001,"DE FOREST RD","RESERVATION RD",131.00,N,N,A,-,N,,,,,,,,,,Y,4,0,1,2,A,-,09,21804,A,N,D,C,A,A,H,-,A,A,0,,,,,Y,,A,01,0,0,1,0,0,0,0,0,0,"- ","- ",,,MONTEREY,MARINA,-121.79327370999999,36.684928380000002
8366428,2017,2017-06-17,2710,2017-04-26,1820,40405,,3,5,4,2710,0,0,0,,0,002,"FREMONT BL","ORD GROVE",80.00,N,N,A,-,N,,,,,,,,,,Y,4,0,2,3,A,-,03,22350,,N,C,C,A,A,H,-,A,A,0,,,,,Y,,A,01,0,0,2,0,0,0,0,0,0,"- ","- ",,,MONTEREY,SEASIDE,-121.84069414,36.619529739999997
8366563,2017,2017-07-17,2701,2017-04-14,0931,5543,MCSC,5,5,2,2701,0,0,0,,0,ALL,"OCEAN AV",DOLORES,0.00,,Y,A,-,N,,,,,,,,,,Y,4,0,5,2,A,-,12,22450,A,N,D,C,A,A,H,-,A,A,0,,,,,Y,,A,01,0,0,5,0,0,0,0,0,0,"- ","- ",,,MONTEREY,CARMEL,-121.92267996,36.555090040000003
90569040,2017,2017-10-12,9730,2017-10-05,1700,019818,,4,2,9,2700,0,1,3,,2,062,"SR-1 N/B",SR-218,1056.00,N,N,A,-,Y,,,,,,,,,,N,4,0,1,4,A,-,07,21658,A,N,C,C,A,A,H,-,A,D,0,,,,,Y,,A,01,0,0,1,0,0,0,0,0,0,"- ","- ",36.611669999999997,-121.85389000000001,MONTEREY,UNINCORPORATED,,
90569486,2017,2017-10-12,9730,2017-10-06,1325,017184,,5,1,9,2700,0,3,5,,2,006,"STRUVE RD. (SOUTH)",SR-1,1056.00,W,N,A,-,N,,,,,,,,,,Y,2,0,2,1,A,-,01,23152,A,F,E,I,A,A,H,-,A,A,0,,,,,Y,Y,A,01,1,1,0,0,0,0,0,0,0,"- ","- ",36.825960000000002,-121.78,MONTEREY,UNINCORPORATED,-121.78005,36.823349999999998
90569632,2017,2017-10-13,9730,2017-10-03,0855,018350,,2,1,9,2700,0,2,4,,1,075,"SAN JUAN ROAD","AROMAS ROAD",0.00,,Y,A,-,N,,,,,,,,,,Y,4,0,1,2,A,-,03,22350,,N,D,C,A,A,H,-,A,A,0,,,,Y,Y,,A,01,0,0,1,0,0,0,0,0,0,"- ","- ",36.882539999999999,-121.66181,MONTEREY,UNINCORPORATED,-121.66188996,36.882570110000003
90569856,2017,2017-10-13,9735,2017-10-07,0330,017681,,6,3,9,2700,0,2,4,,1,011,"ARROYO SECO RD","ELM AVE",560.00,S,N,A,-,N,,,,,,,,,,Y,3,0,3,1,A,-,08,22107,,N,E,I,A,A,H,-,D,D,0,,,,,Y,,A,01,0,3,0,0,0,0,0,0,0,"- ","- ",36.279000000000003,-121.32803,MONTEREY,UNINCORPORATED,-121.32775018,36.27919077
90569919,2017,2017-10-13,9730,2017-10-06,1740,021338,,5,2,9,2700,0,1,2,,1,070,US-101,"RALPH LANE",1584.00,N,N,A,-,Y,,,101,,,,,,,Y,3,0,2,2,A,-,03,22350,,N,C,C,A,A,H,-,A,D,0,,,,,Y,,A,01,0,1,1,0,0,0,0,0,0,"- ","- ",36.759720000000002,-121.666,MONTEREY,UNINCORPORATED,-121.66611807,36.759686950000003
90570267,2017,2017-10-13,9730,2017-10-07,1825,021338,,6,2,9,2700,0,2,4,,1,073,"HALL ROAD","LAS LOMAS DRIVE",528.00,W,N,A,-,N,,,,,,,,,,Y,4,0,2,2,A,-,03,22350,,N,C,C,A,A,H,-,A,D,0,,,,,Y,,A,01,0,0,2,0,0,0,0,0,0,"- ","- ",36.865960000000001,-121.73737,MONTEREY,UNINCORPORATED,-121.73538406,36.865730759999998
90570324,2017,2017-10-13,9730,2017-10-08,1150,016537,,7,1,9,2700,0,1,2,,1,030,"US-101 N/B","OLD STAGE RD.",4224.00,S,N,A,-,Y,,,101,,,,,,N,Y,4,0,1,2,A,-,17,21658,,N,B,C,A,A,H,-,A,D,0,,,,,Y,,A,07,0,0,1,0,0,0,0,0,0,"- ","- ",36.521909999999998,-121.44915,MONTEREY,UNINCORPORATED,-121.44917017,36.521758630000001