CASE_ID,ACCIDENT_YEAR,PROC_DATE,JURIS,COLLISION_DATE,COLLISION_TIME,OFFICER_ID,REPORTING_DISTRICT,DAY_OF_WEEK,CHP_SHIFT,POPULATION,CNTY_CITY_LOC,SPECIAL_COND,BEAT_TYPE,CHP_BEAT_TYPE,CITY_DIVISION_LAPD,CHP_BEAT_CLASS,BEAT_NUMBER,PRIMARY_RD,SECONDARY_RD,DISTANCE,DIRECTION,INTERSECTION,WEATHER_1,WEATHER_2,STATE_HWY_IND,CALTRANS_COUNTY,CALTRANS_DISTRICT,STATE_ROUTE,ROUTE_SUFFIX,POSTMILE_PREFIX,POSTMILE,LOCATION_TYPE,RAMP_INTERSECTION,SIDE_OF_HWY,TOW_AWAY,COLLISION_SEVERITY,NUMBER_KILLED,NUMBER_INJURED,PARTY_COUNT,PRIMARY_COLL_FACTOR,PCF_CODE_OF_VIOL,PCF_VIOL_CATEGORY,PCF_VIOLATION,PCF_VIOL_SUBSECTION,HIT_AND_RUN,TYPE_OF_COLLISION,MVIW,PED_ACTION,ROAD_SURFACE,ROAD_COND_1,ROAD_COND_2,LIGHTING,CONTROL_DEVICE,CHP_ROAD_TYPE,PEDESTRIAN_ACCIDENT,BICYCLE_ACCIDENT,MOTORCYCLE_ACCIDENT,TRUCK_ACCIDENT,NOT_PRIVATE_PROPERTY,ALCOHOL_INVOLVED,STWD_VEHTYPE_AT_FAULT,CHP_VEHTYPE_AT_FAULT,COUNT_SEVERE_INJ,COUNT_VISIBLE_INJ,COUNT_COMPLAINT_PAIN,COUNT_PED_KILLED,COUNT_PED_INJURED,COUNT_BICYCLIST_KILLED,COUNT_BICYCLIST_INJURED,COUNT_MC_KILLED,COUNT_MC_INJURED,PRIMARY_RAMP,SECONDARY_RAMP,LATITUDE,LONGITUDE,COUNTY,CITY,POINT_X,POINT_Y
90570356,2017,2017-10-13,9730,2017-10-06,1854,021856,,5,2,9,2700,0,3,5,,2,006,"BLACKIE ROAD","COMMERCIAL PKWAY",10560.00,E,N,A,-,N,,,,,,,,,,Y,3,0,1,1,A,-,03,22350,,N,E,I,A,A,H,-,B,D,0,,,,,Y,,A,01,0,1,0,0,0,0,0,0,0,"- ","- ",36.771659999999997,-121.72091,MONTEREY,UNINCORPORATED,-121.71238135999999,36.771624899999999
90570813,2017,2017-10-16,9735,2017-10-15,1030,017681,,7,1,9,2700,0,3,5,,2,003,"METZ ROAD","TOPO ROAD",13200.00,N,N,A,-,N,,,,,,,,,,Y,3,0,1,1,A,-,01,23152,A,N,E,I,A,A,H,-,A,D,0,,,,,Y,Y,D,22,0,1,0,0,0,0,0,0,0,"- ","- ",35.960500000000003,-120.88475,MONTEREY,UNINCORPORATED,-121.24199522000001,36.380379689999998
90570917,2017,2017-10-16,9735,2017-10-14,1528,019330,,6,2,9,2700,0,3,5,,2,001,"ARROYO SECO RD","CEDAR AVE",3168.00,S,N,A,-,Y,,,,,,,,,,Y,2,0,1,1,A,-,01,23152,A,N,E,I,A,A,H,-,A,D,0,,,,,Y,Y,A,01,1,0,0,0,0,0,0,0,0,"- ","- ",36.188650000000003,-121.18458,MONTEREY,UNINCORPORATED,-121.31400298,36.296194059999998
90571389,2017,2017-10-16,9730,2017-10-04,1218,017184,,3,1,9,2700,0,2,4,,1,023,"CARMEL VALLEY RD","DORRIS DR",0.00,,Y,A,-,N,,,,,,,,,,Y,3,0,2,2,A,-,09,21802,A,N,D,C,A,A,H,-,A,A,0,,,,,Y,,A,01,0,2,0,0,0,0,0,0,0,"- ","- ",36.523719999999997,-121.81008,MONTEREY,UNINCORPORATED,-121.81003989,36.523710039999997
8366706,2017,2017-06-15,2708,2017-03-28,1854,70843,,2,5,6,2708,0,0,0,,0,,"NORTH MAIN ST","N MAIN ST 2310",0.00,,N,A,-,N,,,,,,,,,,N,3,0,3,2,A,-,09,21804,A,N,D,C,A,A,H,-,A,D,0,,,,,Y,,-,,0,1,2,0,0,0,0,0,0,"- ","- ",,,MONTEREY,SALINAS,,
8368054,2017,2017-06-17,2710,2017-03-21,1429,40401,MARIN,2,5,4,2710,0,0,0,,0,012,"FREMONT BL","FREMONT BL 1900",0.00,,N,A,-,N,,,,,,,,,,N,4,0,1,3,A,-,04,21703,,N,C,C,A,A,H,-,A,A,0,,,,,Y,,A,07,0,0,1,0,0,0,0,0,0,"- ","- ",,,MONTEREY,SEASIDE,,
8368069,2017,2017-05-22,2710,2017-04-08,1437,32771,,6,5,4,2710,0,0,0,,0,,"OLYMPIA AV","SAN LUCAS ST",0.00,,Y,A,-,N,,,,,,,,,,Y,4,0,2,3,A,-,09,21802,A,N,D,C,A,A,H,-,A,A,0,,,,,Y,,A,01,0,0,2,0,0,0,0,0,0,"- ","- ",,,MONTEREY,SEASIDE,-121.8402,36.610060079999997
8368324,2017,2017-05-19,2710,2017-04-10,1501,32771,,1,5,4,2710,0,0,0,,0,003,"BROADWAY AV","CALAVERAS ST",0.00,,Y,A,-,N,,,,,,,,,,Y,4,0,1,2,A,-,09,21802,A,N,-,C,A,A,H,-,A,A,0,,,,,Y,,A,01,0,0,1,0,0,0,0,0,0,"- ","- ",,,MONTEREY,SEASIDE,-121.84749994000001,36.609220039999997
8368328,2017,2017-05-19,2710,2017-04-05,1302,34127,,3,5,4,2710,0,0,0,,0,002,"LA SALLE AV","MARIPOSA ST",23.00,E,N,B,-,N,,,,,,,,,,N,3,0,1,2,A,-,11,21954,A,N,G,B,D,A,H,-,A,D,0,Y,,,,Y,,N,60,0,1,0,0,1,0,0,0,0,"- ","- ",,,MONTEREY,SEASIDE,-121.82715161,36.616630000000001
8368395,2017,2017-05-30,2710,2017-04-30,1712,38145,,7,5,4,2710,0,0,0,,0,001,"HILBY AV","FREMONT BL",302.00,E,N,A,-,N,,,,,,,,,,N,4,0,3,2,A,-,09,21804,A,N,B,D,A,A,H,-,A,D,0,,,,,Y,,A,01,0,0,3,0,0,0,0,0,0,"- ","- ",,,MONTEREY,SEASIDE,-121.84779331999999,36.602566580000001
8368399,2017,2017-05-25,2710,2017-04-24,1837,34127,,1,5,4,2710,0,0,0,,0,003,"CALAVARES ST","BROADWAY AV",0.00,,Y,B,-,N,,,,,,,,,,N,3,0,1,2,A,-,05,21650,1,N,H,G,A,A,H,-,A,D,0,,Y,,,Y,,L,04,0,1,0,0,0,0,1,0,0,"- ","- ",,,MONTEREY,SEASIDE,-121.84749994000001,36.609220039999997
8368409,2017,2017-05-22,2710,2017-03-19,1001,38145,,7,5,4,2710,0,0,0,,0,003,"SONOMA AV","FREMONT BL",0.00,,Y,A,-,N,,,,,,,,,,N,3,0,1,2,A,-,10,21950,A,N,B,B,B,A,H,-,A,A,0,Y,,,,Y,,A,01,0,1,0,0,1,0,0,0,0,"- ","- ",,,MONTEREY,SEASIDE,-121.84709986,36.606250119999999
8368413,2017,2017-05-22,2710,2017-03-14,0750,34127,,2,5,4,2710,0,0,0,,0,001,"BROADWAY AV","MESCAL ST",0.00,,Y,A,-,N,,,,,,,,,,Y,4,0,1,2,A,-,09,21802,,N,D,C,A,A,H,-,A,D,0,,,,,Y,,A,08,0,0,1,0,0,0,0,0,0,"- ","- ",,,MONTEREY,SEASIDE,-121.82446992,36.608730020000003
8368467,2017,2017-05-23,2706,2017-05-06,1315,114,2706,6,5,4,2706,0,0,0,,0,001,"HOFFMAN AV","LIGHTHOUSE AV",4.00,E,N,A,-,N,,,,,,,,,,N,4,0,1,2,A,-,09,21801,A,N,H,G,A,A,H,-,A,D,0,,Y,,,Y,,A,01,0,0,1,0,0,0,1,0,0,"- ","- ",,,MONTEREY,MONTEREY,-121.90169869,36.613566130000002
8368471,2017,2017-05-23,2706,2017-05-08,1309,103,2706,1,5,4,2706,0,0,0,,0,002,"LARKIN ST","MADISON ST",414.00,S,N,A,-,N,,,,,,,,,,Y,3,0,3,1,A,-,08,22107,,N,E,I,A,A,H,-,A,D,0,,,,,Y,,A,01,0,3,0,0,0,0,0,0,0,"- ","- ",,,MONTEREY,MONTEREY,-121.9002,36.596530000000001
8368479,2017,2017-06-09,2706,2017-05-03,0456,128,2706,3,5,4,2706,0,0,0,,0,003,"CASANOVA AV","NORTH FREMONT ST",228.00,S,N,A,-,N,,,,,,,,,,Y,4,0,1,1,A,-,01,23152,E,N,E,I,A,A,H,-,C,D,0,,,,,Y,,A,01,0,0,1,0,0,0,0,0,0,"- ","- ",,,MONTEREY,MONTEREY,-121.85266742,36.597238500000003
90571726,2017,2017-10-18,9730,2017-10-06,2359,021359,,5,3,9,2700,0,3,5,,2,006,"RESERVATION ROAD","ORD AVE",500.00,E,N,A,-,N,,,,,,,,,,N,4,0,1,2,A,-,03,22350,,N,C,C,A,A,H,-,D,D,0,,,,,Y,,-,99,0,0,1,0,0,0,0,0,0,"- ","- ",36.654800000000002,-121.72897,MONTEREY,UNINCORPORATED,,
90571943,2017,2017-10-18,9730,2017-10-08,1815,021338,,7,2,9,2700,0,1,3,,1,022,"SR-1 N/B","SR-68 (HOLMAN HIGHWAY)",500.00,S,N,A,-,Y,,,1,,,,,,N,Y,4,0,1,1,A,-,01,23152,A,N,E,I,A,A,H,-,A,D,0,,,,,Y,Y,A,01,0,0,1,0,0,0,0,0,0,"- ","- ",36.573540000000001,-121.91269,MONTEREY,UNINCORPORATED,-121.91273452999999,36.573556160000003
90571965,2017,2018-02-01,9735,2017-10-14,0640,020036,,6,1,9,2700,0,1,2,,1,040,"US-101 N/B","DOUD RD",0.00,,Y,A,-,Y,,,101,,,,,,N,Y,4,0,1,2,A,-,03,22350,,N,D,C,A,A,H,-,B,D,0,,,,Y,Y,,A,01,0,0,1,0,0,0,0,0,0,"- ","- ",36.381030000000003,-121.29736,MONTEREY,UNINCORPORATED,-121.29750967,36.380851159999999
90572031,2017,2017-10-18,9730,2017-10-08,2305,021359,,7,3,9,2700,0,3,5,,2,007,"BLACKIE ROAD","ROLLING MEADOWS LANE",200.00,E,N,A,-,N,,,,,,,,,,Y,3,0,1,1,A,-,08,22107,,N,E,A,A,A,H,-,D,D,0,,,,,Y,Y,A,01,0,1,0,0,0,0,0,0,0,"- ","- ",36.775869999999998,-121.68568,MONTEREY,UNINCORPORATED,-121.68540704999999,36.775857189999996
90572145,2017,2017-10-18,9730,2017-10-09,2130,019127,,1,2,9,2700,0,1,2,,1,030,"US-101 S/B","MAIN ST. O/C (CHUALAR)",6864.00,S,N,A,-,Y,,,101,,,,,,S,Y,3,0,4,2,A,-,08,22107,,N,C,C,A,A,H,-,D,D,0,,,,,Y,,A,01,0,2,2,0,0,0,0,0,0,"- ","- ",36.553759999999997,-121.50224,MONTEREY,UNINCORPORATED,-121.50229577,36.553691209999997
90572817,2017,2017-10-18,9730,2017-10-10,0757,012332,,2,1,9,2700,0,3,5,,2,005,"SAN JUAN GRADE RD","AUGUSTA DR",163.00,S,N,A,-,N,,,,,,,,,,Y,4,0,1,2,A,-,05,21650,,N,B,C,A,A,H,-,A,D,0,,,,,Y,,A,01,0,0,1,0,0,0,0,0,0,"- ","- ",36.744549999999997,-121.6288,MONTEREY,UNINCORPORATED,-121.62879185,36.744539150000001
90573476,2017,2017-10-18,9730,2017-10-11,1610,021794,,3,2,9,2700,0,1,3,,1,066,SR-183,"WASHINGTON STREET",0.00,,Y,A,-,Y,,,183,,,,,,,Y,4,0,1,2,A,-,09,21802,A,N,D,C,A,A,H,-,A,A,0,,,,,Y,,A,01,0,0,1,0,0,0,0,0,0,"- ","- ",36.769379999999998,-121.76294,MONTEREY,UNINCORPORATED,-121.76294932,36.769366840000004
90573485,2017,2017-10-18,9730,2017-10-10,1413,021856,,2,2,9,2700,0,1,3,,1,066,"N SR-183 (MERRITT ST)","WOOD ST.",50.00,S,N,A,-,Y,,,183,,,,,,,Y,4,0,1,3,A,-,03,22350,,M,C,C,A,A,H,-,A,D,0,,,,,Y,,A,01,0,0,1,0,0,0,0,0,0,"- ","- ",36.760620000000003,-121.75104,MONTEREY,UNINCORPORATED,-121.75107749999999,36.760569529999998
90573610,2017,2017-10-18,9730,2017-10-10,2228,021396,,2,3,9,2700,0,1,2,,1,070,"S/B US-101",SR-156,68.00,S,N,A,-,Y,,,101,,,,,,,Y,3,0,2,2,A,-,01,23152,F,N,G,E,A,A,H,-,C,D,0,,,,Y,Y,,A,07,0,2,0,0,0,0,0,0,0,"- ","- ",36.789090000000002,-121.66771,MONTEREY,UNINCORPORATED,-121.66774900999999,36.789098240000001
90573619,2017,2017-10-18,9730,2017-10-11,1339,017184,,3,1,9,2700,0,1,3,,1,022,SR-1,"OCEAN AVE.",218.00,N,N,A,-,Y,,,1,,,,,,,Y,2,0,2,3,A,-,01,23152,F,N,C,C,A,A,H,-,A,A,0,,,,,Y,,A,01,1,0,1,0,0,0,0,0,0,"- ","- ",36.556609999999999,-121.91135,MONTEREY,UNINCORPORATED,-121.91125504,36.556622699999998
90573625,2017,2017-10-18,9730,2017-10-10,1415,021776,,2,2,9,2700,0,1,2,,1,070,"US-101 SOUTHBOUND","DUNBARTON ROAD",2112.00,S,N,A,-,Y,,,101,,,,,,S,Y,3,0,3,4,A,-,03,22350,,F,C,C,A,A,H,-,A,D,0,,,,Y,Y,,F,26,0,1,2,0,0,0,0,0,0,"- ","- ",36.839379999999998,-121.63213,MONTEREY,UNINCORPORATED,-121.63202194,36.83942922
90573643,2017,2017-10-18,9730,2017-10-11,1520,021776,,3,2,9,2700,0,2,4,,2,063,"S. DAVIS ROAD","W. BLANCO ROAD",0.00,,Y,A,-,N,,,,,,,,,,Y,4,0,1,2,A,-,21,22106,,N,C,C,A,A,H,-,A,A,0,,,,,Y,,A,01,0,0,1,0,0,0,0,0,0,"- ","- ",36.667099999999998,-121.68528999999999,MONTEREY,UNINCORPORATED,-121.68510999,36.666800000000002
90573786,2017,2017-10-19,9730,2017-10-11,1824,018810,,3,2,9,2700,0,1,3,,1,022,SR-1,"OCEAN STREET",528.00,S,N,A,-,Y,,,1,,,,,,,Y,4,0,1,3,A,-,21,22106,,N,C,C,A,A,H,-,C,D,0,,,,,Y,,A,01,0,0,1,0,0,0,0,0,0,"- ","- ",36.553809999999999,-121.91072,MONTEREY,UNINCORPORATED,-121.91082926,36.553791140000001
90573845,2017,2017-10-19,9730,2017-10-12,0640,015160,,4,1,9,2700,0,2,4,,2,063,"BLANCO ROAD","ARMSTRONG ROAD",528.00,E,N,A,-,N,,,,,,,,,,Y,3,0,1,2,A,-,08,22107,,N,D,C,A,A,H,-,D,D,0,,,,Y,Y,,M,46,0,1,0,0,0,0,0,0,0,"- ","- ",36.677770000000002,-121.70416,MONTEREY,UNINCORPORATED,-121.70613892,36.678478609999999
90574024,2017,2017-10-19,9730,2017-10-12,2045,020576,,4,2,9,2700,0,1,2,,1,030,"US-101 SOUTHBOUND","5TH STREET O/C",5280.00,N,N,A,-,Y,,,101,,,,,,S,Y,3,0,2,2,A,-,01,23152,A,N,C,C,A,A,H,-,D,D,0,,,,,Y,Y,A,01,0,1,1,0,0,0,0,0,0,"- ","- ",36.521880000000003,-121.453,MONTEREY,UNINCORPORATED,-121.45298455,36.522013680000001
90574144,2017,2017-10-19,9730,2017-10-12,2200,020677,,4,3,9,2700,0,3,5,,2,007,"SALINAS RD.","HILLCREST RD.",35.00,E,N,A,-,N,,,,,,,,,,Y,3,0,2,2,A,-,01,23152,A,N,C,C,A,A,H,-,C,D,0,,,,,Y,Y,A,01,0,1,1,0,0,0,0,0,0,"- ","- ",36.87359,-121.7607,MONTEREY,UNINCORPORATED,-121.76142865,36.873501140000002
90576078,2017,2017-10-23,9730,2017-10-13,0655,018886,,5,1,9,2700,0,3,5,,2,003,"ABBOTT STREET","HARRIS ROAD",5280.00,S,N,A,-,N,,,,,,,,,,N,4,0,1,2,A,-,03,22350,,N,C,C,A,A,H,-,A,D,0,,,,,Y,,D,22,0,0,1,0,0,0,0,0,0,"- ","- ",36.635869999999997,-121.59965,MONTEREY,UNINCORPORATED,-121.59859905,36.634981500000002
90576220,2017,2018-01-08,9730,2017-10-12,1738,020899,,4,2,9,2700,0,3,5,,2,006,"PRUNEDALE SOUTH ROAD","BLACKIE ROAD",2.00,N,N,A,-,N,,,,,,,,,,N,4,0,2,2,D,-,00,,,N,D,C,A,A,H,-,A,A,0,,,,,Y,,-,"- ",0,0,2,0,0,0,0,0,0,"- ","- ",36.774700000000003,-121.67188,MONTEREY,UNINCORPORATED,-121.67185723999999,36.774675019999997
90576227,2017,2017-10-23,9730,2017-10-13,2034,021320,,5,2,4,2706,0,3,5,,2,003,"ALTA STREET","CORDA ROAD",225.00,N,N,A,-,N,,,,,,,,,,Y,3,0,1,1,A,-,01,23152,A,N,F,A,A,A,H,-,D,D,0,,,,,Y,Y,D,22,0,1,0,0,0,0,0,0,0,"- ","- ",36.51905,-121.46034,MONTEREY,MONTEREY,-121.46023975,36.518896349999999
90576422,2017,2017-10-23,9730,2017-10-14,1350,021888,,6,1,9,2700,0,1,2,,1,070,"US-101 SOUTHBOUND","SAN MIGUEL RD",1056.00,N,N,A,-,Y,,,101,,,,,,S,Y,4,0,2,4,A,-,03,22350,,N,C,C,A,A,H,-,A,D,0,,,,,Y,,A,07,0,0,2,0,0,0,0,0,0,"- ","- ",36.802210000000002,-121.65822,MONTEREY,UNINCORPORATED,-121.65822334000001,36.802222800000003
90576441,2017,2017-10-23,9730,2017-10-14,1200,018886,,6,1,9,2700,0,3,5,,2,005,"NATIVIDAD ROAD","OLD STAGE ROAD",528.00,S,N,A,-,N,,,,,,,,,,N,4,0,1,2,A,-,03,22350,,N,C,C,A,A,H,-,A,D,0,,,,,Y,,D,22,0,0,1,0,0,0,0,0,0,"- ","- ",36.738619999999997,-121.60276,MONTEREY,UNINCORPORATED,-121.60270438000001,36.738549300000003
90576619,2017,2017-10-23,9730,2017-10-14,0204,021359,,6,3,9,2700,0,3,5,,2,003,"SILLIMAN ROAD","CAMPHORA ROAD",108.00,N,N,A,-,N,,,,,,,,,,Y,3,0,1,1,A,-,08,22107,,N,E,I,A,A,H,-,D,D,0,,,,,Y,,A,01,0,1,0,0,0,0,0,0,0,"- ","- ",36.458599999999997,-121.3789,MONTEREY,UNINCORPORATED,-121.3789374,36.45854473
90576622,2017,2017-10-23,9730,2017-10-14,1827,019818,,6,2,9,2700,0,1,3,,2,062,"SR-1 S/B TO SR-68 E/B","SR-1 SB OFF TO SR-68 EB RAMP",22.00,S,N,A,-,Y,,,1,,,,R,,S,N,3,0,1,1,A,-,01,23152,A,N,E,I,A,A,H,-,C,A,0,,,,,Y,Y,A,07,0,1,0,0,0,0,0,0,0,"- ","- ",36.594839999999998,-121.87067999999999,MONTEREY,UNINCORPORATED,-121.87067999999999,36.594839999999998
90576650,2017,2017-10-23,9730,2017-10-15,1910,019818,,7,2,9,2700,0,2,4,,1,073,"HALL RD","JOHNSON RD",1056.00,W,N,A,-,N,,,,,,,,,,Y,4,0,1,1,C,-,18,,,N,H,H,A,A,H,-,D,D,0,,,,,Y,,-,"- ",0,0,1,0,0,0,0,0,0,"- ","- ",36.862960000000001,-121.71005,MONTEREY,UNINCORPORATED,-121.71007104,36.863039039999997
90576683,2017,2017-10-23,9730,2017-10-15,1530,020896,,7,2,9,2700,0,1,3,,2,062,"SR-1 NB","CASA VERDE RD U/C",30.00,S,N,A,-,Y,,,,,,,,,,Y,3,0,4,2,A,-,03,22350,,N,C,C,A,A,H,-,A,D,0,,,,,Y,,A,01,0,1,3,0,0,0,0,0,0,"- ","- ",36.598790000000001,-121.86454999999999,MONTEREY,UNINCORPORATED,-121.86447812,36.598832199999997
90576685,2017,2017-10-23,9730,2017-10-15,1500,020896,,7,2,9,2700,0,1,3,,2,062,"SR-1 SB","TIOGA AVE O/C",500.00,N,N,A,-,Y,,,,,,,,,,N,4,0,1,2,A,-,03,22350,,N,C,C,A,A,H,-,A,D,0,,,,,Y,,A,01,0,0,1,0,0,0,0,0,0,"- ","- ",36.618510000000001,-121.84844,MONTEREY,UNINCORPORATED,-121.84795916,36.618989919999997
90576871,2017,2017-10-24,9730,2017-10-15,2220,021359,,7,3,9,2700,0,2,4,,1,073,"HALL ROAD","SAN MIGUEL CANYON ROAD",0.00,,Y,A,-,N,,,,,,,,,,Y,2,0,7,3,A,-,01,23152,A,N,A,C,A,A,H,-,D,A,0,,,,,Y,Y,A,01,1,3,3,0,0,0,0,0,0,"- ","- ",36.85933,-121.69523,MONTEREY,UNINCORPORATED,-121.69519993999999,36.859320099999998
90576931,2017,2017-10-24,9735,2017-10-20,0625,017681,,5,1,9,2700,0,1,2,,1,040,"US-101 NORTHBOUND","CENTRAL AVE",5280.00,S,N,A,-,Y,,,,,,,,,,N,3,0,2,2,A,-,03,22350,,F,C,C,A,B,H,-,D,D,0,,,,,Y,,A,08,0,2,0,0,0,0,0,0,0,"- ","- ",,,MONTEREY,UNINCORPORATED,-121.16817998000001,36.220365749999999
90577397,2017,2017-10-24,9730,2017-10-18,0640,017502,,3,1,3,2711,0,3,5,,2,003,"FRONT  STREET","MORANDA ROAD",500.00,N,N,B,E,N,,,,,,,,,,Y,3,0,2,2,A,-,05,21460,A,N,A,C,A,B,H,-,A,D,0,,,,,Y,,D,22,0,2,0,0,0,0,0,0,0,"- ","- ",36.432099999999998,-121.3381,MONTEREY,SOLEDAD,-121.33637,36.431339999999999
90578324,2017,2017-10-25,9730,2017-10-19,1105,016666,,4,1,4,2706,0,1,3,,2,062,"SR-1 S/B","CASA VERDE WAY",528.00,N,N,A,-,Y,,,1,,,,,,S,Y,4,0,1,2,A,-,07,21658,A,N,B,C,A,A,H,-,A,D,0,,,,,Y,,A,07,0,0,1,0,0,0,0,0,0,"- ","- ",36.600000000000001,-121.8638,MONTEREY,MONTEREY,-121.86378931,36.59999071
90578342,2017,2017-10-25,9730,2017-10-19,0812,016730,,4,1,9,2700,0,3,5,,2,003,"RIVER RD.","SR-68 E/B TO RIVER RD.",0.00,,Y,A,-,Y,,,,,,,,,,N,4,0,1,2,A,-,12,21453,A,N,D,C,A,A,H,-,A,A,0,,,,,Y,,A,01,0,0,1,0,0,0,0,0,0,"- ","- ",36.624369999999999,-121.68149,MONTEREY,UNINCORPORATED,,
90578526,2017,2017-10-25,9730,2017-10-12,1720,021856,,4,2,9,2700,0,3,5,,2,007,"ELKHORN ROAD","PARADISE VALLEY ROAD",1056.00,N,N,A,-,N,,,,,,,,,,Y,4,0,2,2,A,-,03,22350,,N,A,C,A,A,H,-,A,D,0,,,,,Y,,A,01,0,0,2,0,0,0,0,0,0,"- ","- ",36.82152,-121.73002,MONTEREY,UNINCORPORATED,,
90578528,2017,2017-10-25,9730,2017-10-19,1656,021856,,4,2,9,2700,0,1,3,,2,062,"N/B SR-1","AGUAJITO ROAD",528.00,S,N,A,-,Y,,,,,,,,,,N,4,0,2,2,A,-,03,22350,,M,C,C,A,A,H,-,A,D,0,,,,,Y,,-,99,0,0,2,0,0,0,0,0,0,"- ","- ",36.583379999999998,-121.88970999999999,MONTEREY,UNINCORPORATED,,
8368594,2017,2017-05-22,2706,2017-04-30,1622,121,MPD,7,5,4,2706,0,0,0,,0,002,"BONIFACIO PL","WASHINGTON ST",0.00,,Y,-,-,N,,,,,,,,,,N,3,0,1,2,A,-,12,22450,A,F,-,-,A,-,-,-,-,-,0,,Y,,,Y,,L,04,0,1,0,0,0,0,1,0,0,"- ","- ",,,MONTEREY,MONTEREY,-121.89283999,36.598710109999999
8368598,2017,2017-05-22,2706,2017-04-29,1202,121,MPD,6,5,4,2706,0,0,0,,0,003,"VIRGIN AV","DEL MONTE AV",6.00,S,N,A,-,N,,,,,,,,,,N,4,0,1,2,A,-,11,21950,B,N,D,G,A,A,H,-,A,D,0,,Y,,,Y,,L,04,0,0,1,0,0,0,1,0,0,"- ","- ",,,MONTEREY,MONTEREY,-121.85981648000001,36.60517763
8368602,2017,2017-05-22,2706,2017-04-17,1155,410,2706,1,5,4,2706,0,0,0,,0,002,"DEL MONTE AV","FIGUEROA ST",41.00,W,N,B,-,N,,,,,,,,,,N,4,0,2,2,A,-,03,22350,,N,C,C,A,A,H,-,A,A,0,,,,,Y,,A,01,0,0,2,0,0,0,0,0,0,"- ","- ",,,MONTEREY,MONTEREY,-121.89017702,36.600281969999998
8368606,2017,2017-05-22,2706,2017-04-28,1106,335,2706,5,5,4,2706,0,0,0,,0,002,"DEL MONTE AV","CAMINO AGUAJITO",98.00,W,N,A,-,N,,,,,,,,,,Y,4,0,1,2,A,-,03,22350,,N,C,C,A,A,H,-,A,D,0,,,,,Y,,A,07,0,0,1,0,0,0,0,0,0,"- ","- ",,,MONTEREY,MONTEREY,-121.88391393000001,36.599939999999997
8368610,2017,2017-05-22,2706,2017-04-16,1049,410,MPD,7,5,4,2706,0,0,0,,0,003,"DEL MONTE AV","SLOAT AV",195.00,W,N,B,C,N,,,,,,,,,,N,4,0,2,2,A,-,03,22350,,N,C,C,A,B,H,-,A,D,0,,,,,Y,,A,01,0,0,2,0,0,0,0,0,0,"- ","- ",,,MONTEREY,MONTEREY,-121.87954422,36.599874040000003
8370027,2017,2017-05-22,2712,2017-05-02,1522,1031,,2,5,3,2712,0,0,0,,0,001,"DEL MONTE BL","CYPRESS AV",0.00,,N,A,-,N,,,,,,,,,,N,3,0,1,2,B,-,22,,,N,G,B,D,A,H,-,A,D,0,Y,,,,Y,,D,22,0,1,0,0,1,0,0,0,0,"- ","- ",,,MONTEREY,MARINA,-121.80521994,36.681780000000003
8370157,2017,2017-05-31,2701,2017-04-21,1308,5543,CRML,5,5,2,2701,0,0,0,,0,00N,"OCEAN AV","TORRES ST",30.00,E,N,A,-,N,,,,,,,,,,N,4,0,1,3,A,-,03,22350,,N,C,C,A,A,H,-,A,D,0,,,,,Y,,A,07,0,0,1,0,0,0,0,0,0,"- ","- ",,,MONTEREY,CARMEL,-121.91896783,36.555100000000003
8370297,2017,2017-05-23,2712,2017-05-04,1602,1034,2717,4,5,3,2712,0,0,0,,0,001,"IMJIN PW","CALIFORNIA AV",135.00,W,N,A,-,N,,,,,,,,,,Y,4,0,1,1,A,-,03,22350,,N,E,I,A,A,H,-,A,A,0,,,,,Y,,A,07,0,0,1,0,0,0,0,0,0,"- ","- ",,,MONTEREY,MARINA,-121.79727423,36.666314079999999
8370927,2017,2018-02-08,2708,2017-01-06,1756,58964,,5,5,6,2708,0,0,0,,0,,"SOUTH MAIN ST","WEST ACACIA ST",0.00,,Y,B,-,Y,MON,5,68,-,-,20.610,I,5,E,N,4,0,1,2,A,-,09,21800,A,N,C,C,A,A,H,-,C,A,0,,,,,Y,,-,,0,0,1,0,0,0,0,0,0,"- ","- ",,,MONTEREY,SALINAS,-121.65711278000001,36.664545760000003
8371087,2017,2018-03-16,2708,2017-06-06,0909,70843,,2,5,6,2708,0,0,0,,0,,"WEST MARKET ST","VILLA ST",450.00,W,N,B,-,Y,MON,5,183,-,-,1.290,H,-,N,N,3,0,1,2,A,-,09,21804,A,N,D,G,A,A,H,-,A,D,0,,Y,,,Y,,L,04,0,1,0,0,0,0,1,0,0,"- ","- ",,,MONTEREY,SALINAS,-121.66505677000001,36.680999579999998
8371091,2017,2018-05-04,2708,2017-07-16,2026,77067,,7,5,6,2708,0,0,0,,0,006,"NORTH DAVIS RD","WEST LAUREL DR",1700.00,N,N,A,-,N,,,,,,,,,,Y,3,0,1,2,A,-,09,21801,A,N,D,C,A,A,H,-,C,D,0,,,,,Y,,-,,0,1,0,0,0,0,0,0,0,"- ","- ",,,MONTEREY,SALINAS,-121.66694449000001,36.70243679
8371164,2017,2018-07-20,2708,2017-04-18,1332,79223,,2,5,6,2708,0,0,0,,0,,"NORTH SANBORN RD","GARNER AV",0.00,,Y,A,-,N,,,,,,,,,,N,3,0,1,2,A,-,05,21651,A,F,-,G,A,A,H,-,A,A,0,,Y,,,Y,,L,04,0,1,0,0,0,0,1,0,0,"- ","- ",,,MONTEREY,SALINAS,-121.61513994000001,36.686210070000001