CASE_ID,ACCIDENT_YEAR,PROC_DATE,JURIS,COLLISION_DATE,COLLISION_TIME,OFFICER_ID,REPORTING_DISTRICT,DAY_OF_WEEK,CHP_SHIFT,POPULATION,CNTY_CITY_LOC,SPECIAL_COND,BEAT_TYPE,CHP_BEAT_TYPE,CITY_DIVISION_LAPD,CHP_BEAT_CLASS,BEAT_NUMBER,PRIMARY_RD,SECONDARY_RD,DISTANCE,DIRECTION,INTERSECTION,WEATHER_1,WEATHER_2,STATE_HWY_IND,CALTRANS_COUNTY,CALTRANS_DISTRICT,STATE_ROUTE,ROUTE_SUFFIX,POSTMILE_PREFIX,POSTMILE,LOCATION_TYPE,RAMP_INTERSECTION,SIDE_OF_HWY,TOW_AWAY,COLLISION_SEVERITY,NUMBER_KILLED,NUMBER_INJURED,PARTY_COUNT,PRIMARY_COLL_FACTOR,PCF_CODE_OF_VIOL,PCF_VIOL_CATEGORY,PCF_VIOLATION,PCF_VIOL_SUBSECTION,HIT_AND_RUN,TYPE_OF_COLLISION,MVIW,PED_ACTION,ROAD_SURFACE,ROAD_COND_1,ROAD_COND_2,LIGHTING,CONTROL_DEVICE,CHP_ROAD_TYPE,PEDESTRIAN_ACCIDENT,BICYCLE_ACCIDENT,MOTORCYCLE_ACCIDENT,TRUCK_ACCIDENT,NOT_PRIVATE_PROPERTY,ALCOHOL_INVOLVED,STWD_VEHTYPE_AT_FAULT,CHP_VEHTYPE_AT_FAULT,COUNT_SEVERE_INJ,COUNT_VISIBLE_INJ,COUNT_COMPLAINT_PAIN,COUNT_PED_KILLED,COUNT_PED_INJURED,COUNT_BICYCLIST_KILLED,COUNT_BICYCLIST_INJURED,COUNT_MC_KILLED,COUNT_MC_INJURED,PRIMARY_RAMP,SECONDARY_RAMP,LATITUDE,LONGITUDE,COUNTY,CITY,POINT_X,POINT_Y
90578576,2017,2017-10-25,9730,2017-10-18,1015,015160,,3,1,9,2700,0,1,3,,1,074,SR-1,"STRUVE ROAD (SOUTH)",2640.00,N,N,B,-,Y,,,1,,,,,,,Y,3,0,2,2,C,-,18,,,N,B,C,A,A,H,-,A,D,0,,,,,Y,,-,"- ",0,1,1,0,0,0,0,0,0,"- ","- ",36.828400000000002,-121.77278,MONTEREY,UNINCORPORATED,-121.77274644000001,36.828360269999997
90578640,2017,2017-10-25,9730,2017-10-20,0815,021776,,5,1,9,2700,0,3,5,,2,004,"ENCINAL ROAD","OLD STAGE ROAD",3696.00,E,N,A,-,N,,,,,,,,,,Y,4,0,2,2,A,-,06,21750,,N,B,C,A,A,H,-,A,D,0,,,,,Y,,A,01,0,0,2,0,0,0,0,0,0,"- ","- ",36.622880000000002,-121.5194,MONTEREY,UNINCORPORATED,-121.51860944000001,36.622562690000002
90578695,2017,2017-10-25,9730,2017-10-20,0636,019569,,5,1,9,2700,0,1,2,,1,070,"US-101 N/B FROM BORONDA RD","BORONDA RD",231.00,N,N,A,-,Y,,,101,,,,R,,N,Y,3,0,1,1,A,-,03,22350,,N,E,A,A,B,H,-,D,D,0,,,,,Y,,A,01,0,1,0,0,0,0,0,0,0,"- ","- ",36.722610000000003,-121.65842000000001,MONTEREY,UNINCORPORATED,-121.65842000000001,36.722610000000003
90578879,2017,2017-10-26,9730,2017-10-18,0020,020065,,3,3,9,2700,0,2,4,,1,073,"SAN MIGUEL CANYON ROAD","CASTROVILLE BOULEVARD",0.00,,Y,A,-,N,,,,,,,,,,Y,3,0,1,1,A,-,01,23152,A,N,F,I,A,A,H,-,D,A,0,,,,,Y,Y,A,01,0,1,0,0,0,0,0,0,0,"- ","- ",36.808399999999999,-121.67169,MONTEREY,UNINCORPORATED,-121.67190992,36.808400069999998
90578893,2017,2017-10-26,9730,2017-10-20,1628,020208,,5,2,9,2700,0,2,4,,1,023,"CARMEL VALLEY ROAD","CYPRESS LANE",130.00,W,N,A,-,N,,,,,,,,,,Y,3,0,1,1,C,-,18,,,N,E,I,A,A,H,-,A,D,0,,,,,Y,,-,"- ",0,1,0,0,0,0,0,0,0,"- ","- ",36.533299999999997,-121.84636,MONTEREY,UNINCORPORATED,-121.84631587,36.53326723
90580856,2017,2017-10-27,9730,2017-10-22,1946,021407,,7,2,9,2700,0,3,5,,2,007,"PORTER DRIVE","SAN JUAN ROAD",300.00,S,N,A,-,N,,,,,,,,,,N,2,0,1,2,A,-,11,21954,A,N,G,B,E,A,H,-,C,D,0,Y,,,,Y,,N,60,1,0,0,0,1,0,0,0,0,"- ","- ",36.9039,-121.7497,MONTEREY,UNINCORPORATED,-121.74977091,36.903868840000001
90581010,2017,2017-10-27,9730,2017-10-22,2200,020621,,7,3,9,2700,0,1,2,,1,070,"S/B US-101","SAN MIGUEL CANYON ROAD",1584.00,N,N,A,-,Y,,,101,,,,,,,Y,3,0,1,1,A,-,08,22107,,N,E,A,A,A,H,-,D,D,0,,,,,Y,,A,07,0,1,0,0,0,0,0,0,0,"- ","- ",36.802250000000001,-121.65828,MONTEREY,UNINCORPORATED,-121.65826973999999,36.802210690000003
90581211,2017,2017-10-27,9730,2017-10-19,1530,021794,,4,2,9,2700,0,3,5,,2,006,"S. DAVIS ROAD",SR-183,300.00,S,N,A,-,N,,,,,,,,,,Y,4,0,1,2,A,-,03,22350,,N,C,C,A,A,D,-,A,D,0,,,,,Y,,A,07,0,0,1,0,0,0,0,0,0,"- ","- ",36.68289,-121.6751,MONTEREY,UNINCORPORATED,,
90582129,2017,2017-10-30,9730,2017-10-20,2201,020970,,5,3,9,2700,0,2,4,,1,075,"SAN JUAN ROAD",MURPHY,7920.00,W,N,A,-,N,,,,,,,,,,Y,3,0,1,2,A,-,01,23152,A,N,A,C,A,A,H,-,D,D,0,,,,,Y,Y,D,22,0,1,0,0,0,0,0,0,0,"- ","- ",36.904060000000001,-121.70386000000001,MONTEREY,UNINCORPORATED,-121.70162488,36.903489550000003
90582194,2017,2017-10-30,9735,2017-10-27,0752,017681,,5,1,3,2705,0,1,2,,1,041,"US-101 S/B TO CANAL STREET","CANAL STREET",200.00,N,N,A,-,Y,,,101,,,,R,,S,N,4,0,1,3,A,-,03,22350,,N,C,C,A,A,H,-,A,D,0,,,,,Y,,A,01,0,0,1,0,0,0,0,0,0,"- ","- ",36.20299,-121.13024,MONTEREY,"KING CITY",-121.13024,36.20299
90582462,2017,2017-10-30,9730,2017-10-19,1455,021359,,4,2,9,2700,1,1,3,,1,072,"SR-156 W/B TO MERRITT ST","MERRIT ST",55.00,E,N,A,-,Y,,,156,,,,R,,W,Y,4,0,1,2,A,-,03,22350,,M,C,C,A,A,H,-,A,A,0,,,,,Y,,A,01,0,0,1,0,0,0,0,0,0,"- ","- ",36.76193,-121.75239999999999,MONTEREY,UNINCORPORATED,-121.75239999999999,36.76193
8371796,2017,2017-05-24,2712,2017-05-10,1347,1031,,3,5,3,2712,0,0,0,,0,001,"BAYER DR","FOREST CIR",90.00,S,N,B,-,N,,,,,,,,,,Y,4,0,2,2,A,-,09,21801,A,N,A,C,A,A,H,-,A,A,0,,,,,Y,,A,01,0,0,2,0,0,0,0,0,0,"- ","- ",,,MONTEREY,MARINA,-121.78054695,36.676377500000001
8371800,2017,2017-05-24,2712,2017-05-04,1635,1031,,4,5,3,2712,0,0,0,,0,001,"DEL MONTE BL","PALM AV",110.00,S,N,A,-,N,,,,,,,,,,Y,4,0,1,3,A,-,03,22350,,N,C,C,A,A,H,-,A,A,0,,,,,Y,,A,01,0,0,1,0,0,0,0,0,0,"- ","- ",,,MONTEREY,MARINA,-121.80386,36.68327
8379023,2017,2017-06-12,2707,2017-05-05,0900,2215,2707,5,5,3,2707,0,0,0,,0,,"BLOCK PRESCOTT LN","WAVE ST",0.00,,Y,B,-,N,,,,,,,,,,N,4,0,1,2,A,-,09,21803,A,N,D,G,A,A,H,-,A,A,0,,Y,,,Y,,L,04,0,0,1,0,0,0,1,0,0,"- ","- ",,,MONTEREY,"PACIFIC GROVE",,
8379065,2017,2017-06-12,2706,2017-05-20,1113,939,,6,5,4,2706,0,0,0,,0,001,"POLIIO RD","LIGHTHOUSE AV",15.00,W,N,A,-,N,,,,,,,,,,N,4,0,1,2,A,-,03,22350,,N,C,C,A,A,H,-,A,A,0,,,,,Y,,A,07,0,0,1,0,0,0,0,0,0,"- ","- ",,,MONTEREY,MONTEREY,,
8379455,2017,2017-06-29,2712,2017-06-04,1639,1017,2712,7,5,3,2712,0,0,0,,0,001,"DEL MONTE BL","PALM AV",112.00,N,N,A,-,N,,,,,,,,,,N,4,0,1,2,A,-,09,21804,A,N,G,G,A,A,H,-,A,D,0,,Y,,,Y,,A,01,0,0,1,0,0,0,1,0,0,"- ","- ",,,MONTEREY,MARINA,-121.8034456,36.683692980000004
8379874,2017,2017-07-27,2706,2017-06-25,2134,772,MPD,7,5,4,2706,0,0,0,,0,003,"DEL MONTE AV","PARK AV",141.00,E,N,A,-,N,,,,,,,,,,Y,3,0,1,3,A,-,01,23152,A,N,C,C,A,A,H,-,C,D,0,,,,,Y,Y,A,07,0,1,0,0,0,0,0,0,0,"- ","- ",,,MONTEREY,MONTEREY,-121.88180967,36.599921479999999
8379915,2017,2017-06-30,2706,2017-06-18,1354,810,MPD,7,5,4,2706,0,0,0,,0,001,"SPENCER ST","DAVID AV",0.00,,Y,A,-,N,,,,,,,,,,N,3,0,2,2,A,-,12,22450,A,N,D,C,A,A,H,-,A,A,0,,,,,Y,,A,01,0,1,1,0,0,0,0,0,0,"- ","- ",,,MONTEREY,MONTEREY,-121.90793993,36.615170059999997
8383188,2017,2018-03-16,2706,2017-05-23,1621,142,MPD,2,5,4,2706,0,0,0,,0,003,"RT 68","OLMSTED RD",0.00,,Y,A,-,Y,MON,5,68,-,-,5.750,H,-,W,Y,4,0,2,2,A,-,03,22350,,N,C,C,A,A,H,-,A,D,0,,,,,Y,,A,01,0,0,2,0,0,0,0,0,0,"- ","- ",,,MONTEREY,MONTEREY,-121.84665785,36.583323350000001
8383608,2017,2017-07-31,2706,2017-05-12,1718,608,2706,5,5,4,2706,0,0,0,,0,003,"DEL MONTE AV","HANNON AV",10.00,N,N,A,-,N,,,,,,,,,,Y,4,0,1,2,A,-,09,21801,A,N,D,C,A,A,H,-,A,D,0,,,,,Y,,A,07,0,0,1,0,0,0,0,0,0,"- ","- ",,,MONTEREY,MONTEREY,-121.86237069000001,36.603994010000001
8383612,2017,2017-06-08,2706,2017-05-20,1219,410,,6,5,4,2706,0,0,0,,0,002,"VIA ARBOLES","MUNRAS AV",1.00,E,N,A,-,N,,,,,,,,,,N,3,0,2,3,A,-,10,21950,A,N,G,B,B,A,H,-,A,D,0,Y,,,,Y,,A,01,0,2,0,0,2,0,0,0,0,"- ","- ",,,MONTEREY,MONTEREY,-121.90024,36.58605
8384294,2017,2017-07-06,2706,2017-06-13,1517,410,MPD,2,5,4,2706,0,0,0,,0,002,"MUNRAS AV","DEL MONTE CTR ENTRANCE",14.00,S,N,A,-,N,,,,,,,,,,N,4,0,1,2,A,-,03,22350,,N,C,C,A,A,H,-,A,A,0,,,,,Y,,D,22,0,0,1,0,0,0,0,0,0,"- ","- ",,,MONTEREY,MONTEREY,,
8384302,2017,2017-07-06,2706,2017-06-23,1603,114,MPD,5,5,4,2706,0,0,0,,0,001,DRAKE,FOAM,116.00,E,N,A,-,N,,,,,,,,,,N,4,0,1,2,A,-,21,22106,,N,C,C,A,A,H,-,A,A,0,,,,,Y,,A,01,0,0,1,0,0,0,0,0,0,"- ","- ",,,MONTEREY,MONTEREY,-121.89878483,36.612091249999999
90582973,2017,2017-10-30,9730,2017-10-20,2201,021320,,5,3,9,2700,0,1,2,,1,030,"US-101 S/B","5TH STREET",4224.00,S,N,A,-,Y,,,101,,,,,,S,Y,4,0,1,4,A,-,03,22350,,N,C,C,A,A,H,-,D,D,0,,,,,Y,,D,22,0,0,1,0,0,0,0,0,0,"- ","- ",36.500950000000003,-121.43143000000001,MONTEREY,UNINCORPORATED,-121.43139493,36.500967930000002
90582981,2017,2017-10-30,9730,2017-10-21,1940,021320,,6,2,9,2700,0,3,5,,2,003,"RIVER ROAD","CHUALAR RIVER ROAD",4752.00,N,N,A,-,N,,,,,,,,,,Y,2,0,1,1,A,-,01,23152,A,N,E,I,A,A,H,-,D,D,0,,,,,Y,Y,A,01,1,0,0,0,0,0,0,0,0,"- ","- ",36.562980000000003,-121.56276,MONTEREY,UNINCORPORATED,-121.56285474000001,36.563023379999997
90583060,2017,2017-10-30,9730,2017-10-20,2200,021359,,5,3,9,2700,0,1,2,,1,030,"US-101 S/B","5TH STREET",4224.00,S,N,A,-,Y,,,101,,,,,,S,Y,4,0,2,3,A,-,07,21658,A,F,B,C,A,A,H,-,D,D,0,,,,,Y,,-,99,0,0,2,0,0,0,0,0,0,"- ","- ",36.50891,-121.43539,MONTEREY,UNINCORPORATED,-121.43551875999999,36.508842739999999
90583077,2017,2017-10-30,9730,2017-10-22,1200,021888,,7,1,9,2700,0,3,5,,2,007,"CASTROVILLE BLVD","CIELO AZUL",20.00,S,N,A,-,N,,,,,,,,,,Y,4,0,2,2,A,-,03,22350,,N,C,C,A,A,H,-,A,A,0,,,,,Y,,A,01,0,0,2,0,0,0,0,0,0,"- ","- ",36.772790000000001,-121.74148,MONTEREY,UNINCORPORATED,-121.74153713,36.772753880000003
90583098,2017,2017-10-30,9730,2017-10-22,1930,021120,,7,2,9,2700,0,1,3,,1,066,"MERRITT ST.",SR-156,0.00,,Y,A,-,Y,,,,,,,,,,Y,4,0,1,2,A,-,12,21453,A,F,B,C,A,A,H,-,C,A,0,,,,,Y,,A,01,0,0,1,0,0,0,0,0,0,"- ","- ",36.761130000000001,-121.75192,MONTEREY,UNINCORPORATED,-121.75234997,36.761490100000003
90583252,2017,2017-10-31,9730,2017-10-23,1328,016730,,1,1,9,2700,0,1,3,,1,068,SR-68,"B RD.",260.00,W,N,A,-,N,,,68,,,,,,,Y,4,0,2,3,A,-,03,22350,,N,C,C,A,A,H,-,A,D,0,,,,,Y,,A,01,0,0,2,0,0,0,0,0,0,"- ","- ",36.570480000000003,-121.76267,MONTEREY,UNINCORPORATED,-121.76267147999999,36.570453530000002
90583389,2017,2017-10-31,9730,2017-10-23,1505,019529,,1,2,9,2700,0,1,3,,1,022,"STATE ROUTE 1 (SOUTHBOUND)","SAN LUIS AVE.",500.00,N,N,A,-,Y,,,1,,,,,,,Y,4,0,2,4,A,-,03,22350,,N,C,C,A,A,H,-,A,D,0,,,,,Y,,A,01,0,0,2,0,0,0,0,0,0,"- ","- ",36.569560000000003,-121.91279,MONTEREY,UNINCORPORATED,-121.91277755,36.569560979999999
90583517,2017,2017-10-31,9730,2017-10-23,0750,020424,,1,1,9,2700,0,1,3,,2,062,"STATE ROUTE 1 SOUTHBOUND","RESERVATION ROAD",100.00,S,N,A,-,Y,,,,,,,,,,N,3,0,1,2,A,-,03,22350,,N,C,C,A,A,H,-,A,D,0,,,,,Y,,A,01,0,1,0,0,0,0,0,0,0,"- ","- ",36.697049999999997,-121.80488,MONTEREY,UNINCORPORATED,-121.80518262,36.696600420000003
90583548,2017,2017-10-31,9730,2017-10-23,0900,019818,,1,1,9,2700,0,2,4,,1,023,"CARMEL VALLEY RD","VALLEY GREENS DR",0.00,,Y,A,-,N,,,,,,,,,,Y,3,0,4,2,A,-,09,21801,A,N,D,C,A,A,H,-,A,D,0,,,,,Y,,A,01,0,3,1,0,0,0,0,0,0,"- ","- ",36.534019999999998,-121.85081,MONTEREY,UNINCORPORATED,-121.85075992,36.534140069999999
90583684,2017,2017-10-31,9730,2017-10-23,1225,019818,,1,1,9,2700,0,1,3,,1,068,SR-68,"BOOTS RD",0.00,,Y,A,-,Y,,,68,,,,,,,Y,3,0,1,2,A,-,09,21453,C,N,A,C,A,A,H,-,A,A,0,,,,,Y,,D,22,0,1,0,0,0,0,0,0,0,"- ","- ",36.567219999999999,-121.77861,MONTEREY,UNINCORPORATED,-121.77864971,36.567616149999999
90583935,2017,2017-10-31,9730,2017-10-24,1833,019239,,2,2,9,2700,0,3,5,,2,004,"ALISAL RD","ZABALA RD",0.00,,Y,A,-,N,,,,,,,,,,Y,4,0,1,2,A,-,09,21802,A,N,D,C,A,A,H,-,D,A,0,,,,,Y,,A,01,0,0,1,0,0,0,0,0,0,"- ","- ",36.641680000000001,-121.57174000000001,MONTEREY,UNINCORPORATED,-121.57146994999999,36.641590100000002
90584116,2017,2017-11-21,9730,2017-10-30,0805,012332,,1,1,9,2700,0,1,2,,1,070,"US-101 S/B","CRAZY HOURSE CYN RD",1584.00,S,N,B,-,Y,,,101,,,,,,S,Y,4,0,1,2,A,-,07,21658,A,N,B,C,A,A,H,-,A,D,0,,,,Y,Y,,A,01,0,0,1,0,0,0,0,0,0,"- ","- ",36.815690000000004,-121.63648000000001,MONTEREY,UNINCORPORATED,-121.63684996000001,36.816449220000003
90584221,2017,2017-10-31,9730,2017-10-25,0820,016666,,3,1,9,2700,0,3,5,,2,002,"15TH AVENUE","MONTE VERDE STREET",261.00,N,N,A,-,N,,,,,,,,,,N,2,0,1,2,A,-,08,22107,,N,G,B,E,A,H,-,A,D,0,Y,,,,Y,,A,01,1,0,0,0,1,0,0,0,0,"- ","- ",36.542999999999999,-121.9243,MONTEREY,UNINCORPORATED,-121.9258172,36.543380579999997
90584845,2017,2017-11-01,9730,2017-10-25,1545,019239,,3,2,9,2700,0,1,3,,1,074,"SR-1 NB","STRUVE RD",1584.00,N,N,A,-,Y,,,1,,,,,,N,Y,4,0,5,3,A,-,03,22350,,N,C,C,A,A,H,-,A,D,0,,,,,Y,,A,01,0,0,5,0,0,0,0,0,0,"- ","- ",36.834670000000003,-121.77092,MONTEREY,UNINCORPORATED,-121.77098099,36.83466971
90585090,2017,2017-11-01,9730,2017-10-25,1645,016537,,3,2,9,2700,0,3,5,,2,005,"VIERRA CYN RD.","VIERRA MEADOWS PL.",500.00,W,N,A,-,N,,,,,,,,,,N,4,0,1,2,A,-,09,21804,A,N,D,C,A,A,H,-,A,D,0,,,,Y,Y,,D,22,0,0,1,0,0,0,0,0,0,"- ","- ",36.795400000000001,-121.65680999999999,MONTEREY,UNINCORPORATED,-121.65664599,36.795535510000001
90585199,2017,2017-11-01,9730,2017-10-26,0905,017502,,4,1,9,2700,0,3,5,,2,003,"RIVER ROAD","LAS PALMAS ROAD",1056.00,S,N,A,-,N,,,,,,,,,,Y,4,0,3,2,A,-,03,22350,,N,C,C,A,A,H,-,A,D,0,,,,,Y,,A,01,0,0,3,0,0,0,0,0,0,"- ","- ",36.621690000000001,-121.66461,MONTEREY,UNINCORPORATED,-121.66918,36.622390000000003
90585478,2017,2017-11-02,9730,2017-10-26,1220,017502,,4,1,9,2700,0,2,4,,2,063,"COOPER ROAD","BLANCO ROAD",0.00,,Y,A,-,N,,,,,,,,,,Y,4,0,1,2,A,-,09,21802,A,N,C,C,A,A,H,-,A,D,0,,,,,Y,,A,01,0,0,1,0,0,0,0,0,0,"- ","- ",36.678600000000003,-121.7346,MONTEREY,UNINCORPORATED,-121.73501997,36.678700050000003
90585630,2017,2017-11-02,9730,2017-10-27,0618,019569,,5,1,9,2700,0,3,5,,2,006,"ESPINOSA RD",US-101,5280.00,W,N,A,-,N,,,,,,,,,,Y,4,0,1,1,A,-,08,22107,,N,E,A,A,A,H,-,C,D,0,,,,,Y,,A,01,0,0,1,0,0,0,0,0,0,"- ","- ",36.741140000000001,-121.67986000000001,MONTEREY,UNINCORPORATED,-121.67425932,36.73951083
90586105,2017,2017-11-02,9730,2017-10-29,0737,019569,,7,1,9,2700,0,2,4,,1,023,"CARMEL VALLEY RD","SCARLETT RD",2640.00,W,N,B,-,N,,,,,,,,,,Y,3,0,1,1,A,-,08,22107,,N,E,A,A,A,H,-,A,D,0,,,,,Y,,D,22,0,1,0,0,0,0,0,0,0,"- ","- ",36.524430000000002,-121.79765999999999,MONTEREY,UNINCORPORATED,-121.80180138999999,36.523104709999998
90587112,2017,2017-11-03,9730,2017-10-24,0525,021888,,2,3,9,2700,0,1,2,,1,050,"US-101 NORTHBOUND","AIRPORT BLVD O/C",4752.00,S,N,A,-,Y,,,101,,,,,,N,Y,3,0,1,1,A,-,08,22107,,N,F,I,A,A,H,-,D,D,0,,,,,Y,,A,01,0,1,0,0,0,0,0,0,0,"- ","- ",36.651609999999998,-121.61726,MONTEREY,UNINCORPORATED,-121.61736750999999,36.65154905
90587765,2017,2017-11-06,9730,2017-10-26,0800,016537,,4,1,9,2700,0,1,2,,1,030,"US-101 N/B","MAIN ST. O/C (CHUALAR)",3696.00,N,N,A,-,Y,,,101,,,,,,N,Y,4,0,5,1,A,-,08,22107,,N,F,I,A,A,H,-,A,D,0,,,,,Y,,D,22,0,0,5,0,0,0,0,0,0,"- ","- ",36.57694,-121.52603000000001,MONTEREY,UNINCORPORATED,-121.52607854,36.57688967
90588069,2017,2017-11-06,9730,2017-10-28,0422,021320,,6,3,9,2700,0,3,5,,2,006,"BLACKIE  ROAD","ROLLING MEADOWS LANE",1584.00,W,N,E,-,N,,,,,,,,,,Y,3,0,1,1,A,-,01,23152,A,N,E,I,A,B,H,-,D,D,0,,,,,Y,Y,A,01,0,1,0,0,0,0,0,0,0,"- ","- ",36.777239999999999,-121.69134,MONTEREY,UNINCORPORATED,-121.69117489999999,36.777182250000003
90588185,2017,2017-11-06,9730,2017-10-26,1757,021856,,4,2,9,2700,0,1,3,,1,066,SR-183,"W/B 156 TO SR-183",0.00,,Y,A,-,Y,,,183,,,,,,,N,4,0,1,2,A,-,10,21950,A,N,G,B,B,A,H,-,A,A,0,Y,,,,Y,,D,22,0,0,1,0,1,0,0,0,0,"- ","- ",36.761859999999999,-121.75261,MONTEREY,UNINCORPORATED,-121.75268345000001,36.76176006
90588251,2017,2017-11-06,9730,2017-10-26,1650,018298,,4,2,9,2700,0,3,5,,2,002,"CENTER ST.","VILLAGE DR.",171.00,E,N,A,-,N,,,,,,,,,,Y,3,0,1,1,A,-,01,23152,A,N,E,I,A,A,H,-,A,D,0,,,,,Y,Y,A,01,0,1,0,0,0,0,0,0,0,"- ","- ",36.479559999999999,-121.73271,MONTEREY,UNINCORPORATED,-121.73247499999999,36.479427680000001
90588375,2017,2017-11-06,9730,2017-10-27,0002,020933,,5,3,9,2700,0,1,3,,1,024,"SR-68 (HOLMAN HIGHWAY)","SCENIC DR O/C",528.00,W,N,A,-,Y,,,68,,,,,,,Y,3,0,3,2,A,-,03,22350,,N,D,C,A,A,H,-,D,D,0,,,,,Y,,A,01,0,1,2,0,0,0,0,0,0,"- ","- ",36.591239999999999,-121.92258,MONTEREY,UNINCORPORATED,-121.92257609000001,36.591241760000003
90588460,2017,2017-11-06,9730,2017-10-30,1927,019745,,1,2,9,2700,0,3,5,,2,006,"NASHUA RD","COOPER RD",7392.00,W,N,A,-,N,,,,,,,,,,Y,2,0,1,1,A,-,01,23152,G,N,E,J,A,A,H,-,D,D,0,,,,,Y,Y,A,01,1,0,0,0,0,0,0,0,0,"- ","- ",36.720799999999997,-121.7431,MONTEREY,UNINCORPORATED,-121.74272817000001,36.720206910000002
90588492,2017,2017-11-06,9730,2017-10-28,0007,021359,,6,3,9,2700,0,2,4,,2,063,"BLANCO ROAD","ARMSTRONG ROAD",400.00,E,N,E,-,N,,,,,,,,,,Y,3,0,1,2,A,-,05,21460,A,N,B,C,A,B,H,-,D,D,0,,,,,Y,,D,22,0,1,0,0,0,0,0,0,0,"- ","- ",36.67859,-121.70659999999999,MONTEREY,UNINCORPORATED,-121.70656206,36.678562450000001
90588498,2017,2017-11-06,9730,2017-10-28,2132,020970,,6,2,9,2700,0,3,5,,2,004,"OLD STAGE RD","ESPERANZA RD",792.00,N,N,B,-,N,,,,,,,,,,Y,2,0,1,1,A,-,01,23152,A,N,E,A,A,A,H,-,D,D,0,,,,,Y,Y,A,01,1,0,0,0,0,0,0,0,0,"- ","- ",36.606470000000002,-121.51487,MONTEREY,UNINCORPORATED,-121.51492396,36.606468220000004
90588507,2017,2017-11-06,9730,2017-10-28,0058,021338,,6,3,9,2700,0,3,5,,2,004,"OLD STAGE ROAD","IVERSON ROAD",0.00,,Y,E,-,N,,,,,,,,,,Y,3,0,1,1,A,-,03,22350,,N,E,A,A,A,H,-,D,A,0,,,,,Y,,A,07,0,1,0,0,0,0,0,0,0,"- ","- ",36.557310000000001,-121.47868,MONTEREY,UNINCORPORATED,-121.4783099,36.556960080000003
90588524,2017,2017-11-07,9730,2017-10-28,1445,020701,,6,2,9,2700,0,1,2,,1,050,"US-101 SOUTHBOUND","HARTNELL ROAD",830.00,N,N,A,-,Y,,,101,,,,,,S,Y,3,0,2,3,A,-,01,23152,A,N,C,C,A,A,H,-,A,D,0,,,,Y,Y,Y,A,07,0,1,1,0,0,0,0,0,0,"- ","- ",36.625630000000001,-121.5848,MONTEREY,UNINCORPORATED,-121.58481415,36.625610729999998
90588671,2017,2017-11-07,9730,2017-10-28,1525,020701,,6,2,9,2700,0,3,5,,2,004,"OLD STAGE ROAD","SPENCE ROAD",0.00,,Y,A,-,N,,,,,,,,,,Y,4,0,1,2,A,-,03,22350,,N,C,C,A,A,H,-,A,D,0,,,,,Y,,A,07,0,0,1,0,0,0,0,0,0,"- ","- ",36.62997,-121.53999,MONTEREY,UNINCORPORATED,-121.53988993999999,36.629880010000001
90588696,2017,2017-11-07,9730,2017-10-28,1728,020621,,6,2,9,2700,0,1,2,,1,050,"N/B US-101","GOULD ROAD",2640.00,N,N,A,-,Y,,,101,,,,,,,Y,4,0,5,2,A,-,03,22350,,N,C,C,A,A,H,-,A,D,0,,,,,Y,,A,01,0,0,5,0,0,0,0,0,0,"- ","- ",36.632440000000003,-121.59411,MONTEREY,UNINCORPORATED,-121.59412116999999,36.63242468
90589618,2017,2017-11-07,9730,2017-10-28,1609,020621,,6,2,9,2700,0,1,2,,1,050,"S/B US-101","GOULD ROAD",2640.00,N,N,A,-,Y,,,101,,,,,,,Y,3,0,1,4,A,-,03,22350,,N,C,C,A,A,H,-,A,D,0,,,,Y,Y,,G,25,0,1,0,0,0,0,0,0,0,"- ","- ",36.632440000000003,-121.59411,MONTEREY,UNINCORPORATED,-121.59412116999999,36.63242468
90589642,2017,2017-11-07,9730,2017-10-28,2215,020933,,6,3,9,2700,0,3,5,,2,007,"TUSTIN ROAD","FRANKIE LN",1584.00,S,N,B,-,N,,,,,,,,,,Y,3,0,1,1,A,-,01,23152,A,M,E,I,A,A,H,-,D,D,0,,,,,Y,Y,D,22,0,1,0,0,0,0,0,0,0,"- ","- ",36.817329999999998,-121.64913,MONTEREY,UNINCORPORATED,-121.64877018,36.81766666
90589990,2017,2017-12-07,9730,2017-10-30,0655,015160,,1,1,9,2700,0,1,3,,1,074,SR-1,"MOSS LANDING ROAD",2640.00,S,N,B,-,Y,,,1,,,,,,,Y,4,0,1,2,A,-,03,22350,,N,C,C,A,B,H,-,D,D,0,,,,,Y,,D,22,0,0,1,0,0,0,0,0,0,"- ","- ",36.784140000000001,-121.78079,MONTEREY,UNINCORPORATED,-121.78079603,36.784137479999998