CASE_ID,ACCIDENT_YEAR,PROC_DATE,JURIS,COLLISION_DATE,COLLISION_TIME,OFFICER_ID,REPORTING_DISTRICT,DAY_OF_WEEK,CHP_SHIFT,POPULATION,CNTY_CITY_LOC,SPECIAL_COND,BEAT_TYPE,CHP_BEAT_TYPE,CITY_DIVISION_LAPD,CHP_BEAT_CLASS,BEAT_NUMBER,PRIMARY_RD,SECONDARY_RD,DISTANCE,DIRECTION,INTERSECTION,WEATHER_1,WEATHER_2,STATE_HWY_IND,CALTRANS_COUNTY,CALTRANS_DISTRICT,STATE_ROUTE,ROUTE_SUFFIX,POSTMILE_PREFIX,POSTMILE,LOCATION_TYPE,RAMP_INTERSECTION,SIDE_OF_HWY,TOW_AWAY,COLLISION_SEVERITY,NUMBER_KILLED,NUMBER_INJURED,PARTY_COUNT,PRIMARY_COLL_FACTOR,PCF_CODE_OF_VIOL,PCF_VIOL_CATEGORY,PCF_VIOLATION,PCF_VIOL_SUBSECTION,HIT_AND_RUN,TYPE_OF_COLLISION,MVIW,PED_ACTION,ROAD_SURFACE,ROAD_COND_1,ROAD_COND_2,LIGHTING,CONTROL_DEVICE,CHP_ROAD_TYPE,PEDESTRIAN_ACCIDENT,BICYCLE_ACCIDENT,MOTORCYCLE_ACCIDENT,TRUCK_ACCIDENT,NOT_PRIVATE_PROPERTY,ALCOHOL_INVOLVED,STWD_VEHTYPE_AT_FAULT,CHP_VEHTYPE_AT_FAULT,COUNT_SEVERE_INJ,COUNT_VISIBLE_INJ,COUNT_COMPLAINT_PAIN,COUNT_PED_KILLED,COUNT_PED_INJURED,COUNT_BICYCLIST_KILLED,COUNT_BICYCLIST_INJURED,COUNT_MC_KILLED,COUNT_MC_INJURED,PRIMARY_RAMP,SECONDARY_RAMP,LATITUDE,LONGITUDE,COUNTY,CITY,POINT_X,POINT_Y
90590041,2017,2017-11-08,9730,2017-10-30,0659,016666,,1,1,9,2700,0,3,5,,2,006,"NASHUA ROAD","MONTE ROAD",14784.00,E,N,B,-,N,,,,,,,,,,Y,3,0,1,1,A,-,03,22350,,N,E,I,A,B,H,-,D,D,0,,,,,Y,,A,01,0,1,0,0,0,0,0,0,0,"- ","- ",36.720469999999999,-121.74293,MONTEREY,UNINCORPORATED,-121.73798738000001,36.708513119999999
90590102,2017,2017-11-08,9730,2017-10-30,1000,016666,,1,1,4,2710,0,1,3,,2,062,"S/B SR-1",LIGHTFIGHTER,1056.00,S,N,B,-,Y,,,1,,,,,,,Y,3,0,1,2,A,-,03,22350,,N,C,C,A,A,H,-,A,D,0,,,,,Y,,A,01,0,1,0,0,0,0,0,0,0,"- ","- ",36.643120000000003,-121.82324,MONTEREY,SEASIDE,-121.82326902,36.64317707
90590161,2017,2017-11-08,9730,2017-10-31,1431,021407,,2,2,9,2700,0,3,5,,2,007,"PRUNEDALE NORTH ROAD","COUNTRYSIDE COURT",600.00,N,N,A,-,N,,,,,,,,,,Y,4,0,1,2,A,-,03,22350,,N,C,C,A,A,H,-,A,D,0,,,,,Y,,D,22,0,0,1,0,0,0,0,0,0,"- ","- ",36.796700000000001,-121.6671,MONTEREY,UNINCORPORATED,-121.66701836999999,36.7969449
90590419,2017,2017-11-08,9730,2017-11-01,2155,014800,,3,2,9,2700,0,3,5,,2,006,"ESPINOSA ROAD","RODGERS ROAD",840.00,W,N,A,-,N,,,,,,,,,,Y,4,0,1,2,A,-,01,23152,A,N,B,C,A,A,H,-,D,D,0,,,,,Y,Y,D,22,0,0,1,0,0,0,0,0,0,"- ","- ",36.745010000000001,-121.6939,MONTEREY,UNINCORPORATED,-121.6940654,36.745138060000002
90590672,2017,2017-11-08,9730,2017-10-26,1851,021856,,4,2,9,2700,0,3,5,,2,007,"CASTROVILLE BLVD","SAN MIGUEL CANYON RD",300.00,S,N,A,-,N,,,,,,,,,,N,3,0,1,2,A,-,01,23152,A,M,C,C,A,A,H,-,D,D,0,,,,,Y,Y,A,07,0,1,0,0,0,0,0,0,0,"- ","- ",36.807220000000001,-121.67518,MONTEREY,UNINCORPORATED,-121.67288173999999,36.808155409999998
90590738,2017,2017-11-08,9730,2017-11-02,2000,020990,,4,2,9,2700,0,2,4,,2,063,"BLANCO ROAD","ARMSTRONG ROAD",3168.00,W,N,A,-,N,,,,,,,,,,Y,4,0,1,1,A,-,01,23152,A,N,E,I,A,A,H,-,D,D,0,,,,,Y,Y,A,01,0,0,1,0,0,0,0,0,0,"- ","- ",36.678730000000002,-121.7196,MONTEREY,UNINCORPORATED,-121.71872463,36.678710010000003
90590758,2017,2017-11-08,9730,2017-10-27,1330,018543,,5,1,9,2700,0,1,3,,1,024,SR-68,CHOMP,50.00,E,N,A,-,Y,,,68,,,,,,,Y,4,0,1,2,A,-,21,22106,,N,C,C,A,A,H,-,A,A,0,,,,,Y,,A,01,0,0,1,0,0,0,0,0,0,"- ","- ",36.578270000000003,-121.91493,MONTEREY,UNINCORPORATED,-121.91496703,36.578263970000002
90590782,2017,2017-11-08,9730,2017-10-27,0955,018543,,5,1,9,2700,0,1,3,,1,014,SR-1,"BIXBY BRIDGE",1584.00,N,N,A,-,Y,,,1,,,,,,,Y,2,0,1,1,A,-,03,22350,,N,F,A,A,A,B,-,A,D,0,,,Y,,Y,,C,02,1,0,0,0,0,0,0,0,1,"- ","- ",36.375309999999999,-121.90481,MONTEREY,UNINCORPORATED,-121.90481468999999,36.375310089999999
90591823,2017,2017-11-09,9735,2017-11-04,1219,019700,,6,1,9,2700,0,1,3,,1,034,SR-198,198MON8,3168.00,W,N,B,-,Y,,,,,,,,,,Y,2,0,2,2,A,-,03,22350,,N,B,C,A,B,H,-,A,D,0,,,,Y,Y,,F,25,1,1,0,0,0,0,0,0,0,"- ","- ",36.916170000000001,-120.5454,MONTEREY,UNINCORPORATED,,
8384306,2017,2017-07-05,2706,2017-06-21,1715,181,,3,5,4,2706,0,0,0,,0,,"SKYLINE DR","MAR VISTA DR",0.00,,Y,A,-,N,,,,,,,,,,Y,4,0,1,2,A,-,09,21801,A,N,-,C,A,A,H,-,A,D,0,,,,,Y,,A,01,0,0,1,0,0,0,0,0,0,"- ","- ",,,MONTEREY,MONTEREY,-121.91572988999999,36.593870029999998
8384376,2017,2017-07-05,2704,2017-06-06,0643,8061,2704,2,5,3,2704,0,0,0,,0,005,"APPLE AV","LAS MANZANITAS DR",0.00,,Y,A,-,N,,,,,,,,,,N,4,0,1,3,B,-,22,,,N,C,E,A,A,H,-,A,D,0,,,,,Y,,A,01,0,0,1,0,0,0,0,0,0,"- ","- ",,,MONTEREY,GREENFIELD,-121.23722993,36.328700099999999
8384897,2017,2017-06-29,2711,2017-05-05,1255,07833,2711,5,5,3,2711,0,0,0,,0,002,"VOSTI AV","VOSTI AV 1600",19.00,N,N,A,-,N,,,,,,,,,,Y,4,0,3,1,B,-,22,,,N,E,I,A,A,H,-,A,D,0,,,,,Y,,A,01,0,0,3,0,0,0,0,0,0,"- ","- ",,,MONTEREY,SOLEDAD,,
8384947,2017,2017-07-13,2706,2017-06-23,1134,103,,5,5,4,2706,0,0,0,,0,002,"PACIFIC ST","DOUD AV",55.00,N,N,A,-,N,,,,,,,,,,N,3,0,1,2,A,-,09,21804,A,N,D,G,A,A,A,-,A,D,0,,Y,,,Y,,A,01,0,1,0,0,0,0,1,0,0,"- ","- ",,,MONTEREY,MONTEREY,-121.89902551,36.591051880000002
8389903,2017,2017-07-11,2704,2017-05-14,2032,4466,2704,7,5,3,2704,0,0,0,,0,001,"WALNUT AV","FRANSCIONI DR",0.00,,N,A,-,N,,,,,,,,,,N,4,0,1,2,A,-,01,23152,A,F,B,C,A,A,H,-,C,D,0,,,,,Y,Y,A,01,0,0,1,0,0,0,0,0,0,"- ","- ",,,MONTEREY,GREENFIELD,-121.25177988,36.324950010000002
8390433,2017,2018-03-16,2708,2017-05-09,1121,52823,,2,5,6,2708,0,0,0,,0,,"WEST LAUREL DR","RT 101",60.00,W,N,A,-,Y,MON,5,101,-,R,89.520,R,4,S,N,3,0,1,2,A,-,03,22350,,N,C,C,A,A,H,-,A,A,0,,,,,Y,,-,,0,1,0,0,0,0,0,0,0,"- ",SF,,,MONTEREY,SALINAS,-121.66618862,36.701271910000003
8390437,2017,2018-02-12,2708,2017-05-26,1406,79223,,5,5,6,2708,0,0,0,,0,,"EAST BORONDA RD","MAKINNON ST",400.00,E,N,B,-,N,,,,,,,,,,Y,3,0,1,2,A,-,03,22350,,N,C,C,A,A,H,-,A,A,0,,,,,Y,,-,,0,1,0,0,0,0,0,0,0,"- ","- ",,,MONTEREY,SALINAS,,
8390441,2017,2017-12-26,2708,2017-05-20,2308,7903,EAST,6,5,6,2708,0,0,0,,0,011,"OLD STAGE RD","WILLIAMS RD",2640.00,S,N,A,-,N,,,,,,,,,,N,3,0,1,1,A,-,08,22107,,N,E,I,A,A,C,-,D,D,0,,,,,Y,,-,,0,1,0,0,0,0,0,0,0,"- ","- ",36.704610000000002,-121.57983,MONTEREY,SALINAS,-121.56910487,36.692481489999999
8390445,2017,2018-07-20,2708,2017-05-10,2340,8925,,3,5,6,2708,0,0,0,,0,012,"SOUTH SANBORN RD","MAYFAIR DR",0.00,,Y,A,-,N,,,,,,,,,,N,2,0,1,2,A,-,08,22107,,F,D,C,A,A,H,-,C,D,0,,,,,Y,,-,,1,0,0,0,0,0,0,0,0,"- ","- ",,,MONTEREY,SALINAS,-121.62785999,36.66771001
8390449,2017,2018-02-12,2708,2017-05-30,1904,54372,,2,5,6,2708,0,0,0,,0,011,"DEL MONTE AV","ORCHARD AV",0.00,,Y,A,-,N,,,,,,,,,,Y,4,0,1,2,A,-,09,21801,A,N,D,C,A,A,-,-,A,D,0,,,,,Y,,-,,0,0,1,0,0,0,0,0,0,"- ","- ",,,MONTEREY,SALINAS,-121.61154988,36.689540000000001
8390453,2017,2018-02-12,2708,2017-05-13,2243,35366,,6,5,6,2708,0,0,0,,0,012,"E ALISAL","N SANBORN",0.00,,Y,A,-,N,,,,,,,,,,Y,3,0,1,2,A,-,12,21453,A,N,D,C,A,A,H,-,C,A,0,,,,,Y,,-,,0,1,0,0,0,0,0,0,0,"- ","- ",,,MONTEREY,SALINAS,-121.62743992999999,36.67291007
8391362,2017,2017-06-21,2708,2017-05-12,1605,59989,,5,5,6,2708,0,0,0,,0,002,"ADAMS ST","INCA WY",120.00,S,N,A,-,N,,,,,,,,,,Y,4,0,1,3,A,-,21,22106,,N,B,C,A,A,H,-,A,D,0,,,,,Y,,-,,0,0,1,0,0,0,0,0,0,"- ","- ",,,MONTEREY,SALINAS,-121.66174061,36.705135740000003
90591851,2017,2017-11-09,9735,2017-11-02,1518,017681,,4,2,9,2700,0,1,3,,2,030,"SR-146 W/B","STONEWALL CANYON ROAD",2112.00,E,N,A,-,Y,,,146,,,,,,W,Y,2,0,1,1,A,-,08,22107,,N,E,I,A,A,H,-,A,D,0,,,,,Y,,A,08,1,0,0,0,0,0,0,0,0,"- ","- ",36.423220000000001,-121.28801,MONTEREY,UNINCORPORATED,-121.28801018999999,36.423188609999997
90593021,2017,2017-11-13,9730,2017-11-03,1720,020208,,5,2,9,2700,0,2,4,,2,063,"BLANCO ROAD","DAVIS ROAD",235.00,W,N,B,-,N,,,,,,,,,,Y,4,0,1,2,A,-,03,22350,,N,C,C,A,A,H,-,A,D,0,,,,,Y,,A,01,0,0,1,0,0,0,0,0,0,"- ","- ",36.667200000000001,-121.68593,MONTEREY,UNINCORPORATED,-121.68581192000001,36.667110960000002
90593158,2017,2017-11-13,9730,2017-11-03,0355,020677,,5,3,9,2700,0,3,5,,2,006,"ECHO VALLEY RD.","VIA DEL SOL",110.00,E,N,C,-,N,,,,,,,,,,Y,3,0,2,1,A,-,08,22107,,N,F,A,A,B,H,-,D,D,0,,,,,Y,,A,01,0,1,1,0,0,0,0,0,0,"- ","- ",36.82893,-121.65062,MONTEREY,UNINCORPORATED,-121.65032718000001,36.828702419999999
90593354,2017,2017-11-13,9730,2017-11-03,0500,021776,,5,3,9,2700,0,1,2,,1,050,"US-101 NORTHBOUND FROM KERN ST","E MARKET ST OVER-CROSSING",963.00,N,N,C,-,Y,,,,,,,,,,Y,4,0,1,1,A,-,03,22350,,N,F,A,A,B,H,-,C,D,0,,,,,Y,,A,07,0,0,1,0,0,0,0,0,0,"- ","- ",36.680280000000003,-121.64154000000001,MONTEREY,UNINCORPORATED,,
90593523,2017,2017-11-14,9730,2017-11-06,1749,019239,,1,2,9,2700,0,1,2,,1,030,"US-101 SB","FRONT ST O.C.",4224.00,N,N,A,-,Y,,,101,,,,,,S,N,4,0,1,2,A,-,03,22350,,N,C,C,A,A,H,-,D,D,0,,,,,Y,,A,01,0,0,1,0,0,0,0,0,0,"- ","- ",36.437159999999999,-121.34573,MONTEREY,UNINCORPORATED,-121.34567786,36.437252379999997
90593531,2017,2017-11-14,9730,2017-11-04,0715,018886,,6,1,9,2700,0,1,3,,2,062,SR-1,"RESERVATION ROAD",1056.00,N,N,A,-,Y,,,1,,,,,,,Y,4,0,1,1,A,-,08,22107,,N,F,A,A,A,H,-,A,D,0,,,,,Y,,A,01,0,0,1,0,0,0,0,0,0,"- ","- ",36.702629999999999,-121.80139,MONTEREY,UNINCORPORATED,-121.80130990000001,36.702584360000003
90593535,2017,2017-11-14,9730,2017-11-05,1548,020896,,7,2,9,2700,0,1,3,,2,062,"SR-1 NORTHBOUND","RESERVATION RD U/C",5280.00,N,N,A,-,Y,,,,,,,,,,Y,4,0,1,2,A,-,03,22350,,N,C,C,A,A,H,-,A,D,0,,,,,Y,,A,01,0,0,1,0,0,0,0,0,0,"- ","- ",36.668239999999997,-121.63269,MONTEREY,UNINCORPORATED,-121.79717162,36.709885819999997
90593827,2017,2017-11-14,9730,2017-11-06,0715,016666,,1,1,9,2700,0,1,3,,1,024,"E/B SR-68/HOLMAN HIGHWAY",SR-1,100.00,W,N,A,-,Y,,,68,,,,,,,N,3,0,1,2,A,-,09,21803,A,N,C,G,A,A,H,-,A,A,0,,Y,,,Y,,-,99,0,1,0,0,0,0,1,0,0,"- ","- ",36.575299999999999,-121.91289999999999,MONTEREY,UNINCORPORATED,-121.91291028000001,36.57528988
90593952,2017,2017-11-14,9730,2017-11-03,0922,019770,,5,1,9,2700,0,2,4,,1,073,"ELKHORN ROAD","WERNER ROAD",110.00,S,N,B,-,N,,,,,,,,,,N,4,0,1,2,A,-,03,22350,,N,C,C,A,B,H,-,A,A,0,,,,,Y,,D,22,0,0,1,0,0,0,0,0,0,"- ","- ",36.878500000000003,-121.7473,MONTEREY,UNINCORPORATED,-121.74727335999999,36.878679820000002
90594054,2017,2017-11-14,9730,2017-11-03,2159,021338,,5,2,9,2700,0,1,2,,1,050,"US-101 S/B","AIRPORT BLVD",6336.00,S,N,A,-,Y,,,101,,,,,,S,N,4,0,3,2,A,-,03,22350,,F,C,C,A,A,H,-,D,D,0,,,,,Y,,A,01,0,0,3,0,0,0,0,0,0,"- ","- ",36.646549999999998,-121.61309,MONTEREY,UNINCORPORATED,-121.61321397,36.646376949999997
90594105,2017,2017-11-14,9730,2017-11-03,0720,021359,,5,1,9,2700,0,1,3,,1,074,SR-1,"JENSEN ROAD",700.00,N,N,B,-,Y,,,1,,,,,,,Y,3,0,1,2,A,-,05,21460,A,N,A,C,A,B,H,-,A,D,0,,,,,Y,,A,01,0,1,0,0,0,0,0,0,0,"- ","- ",36.85566,-121.77103,MONTEREY,UNINCORPORATED,-121.77108656,36.855660229999998
8391366,2017,2017-06-21,2708,2017-05-11,1409,79223,,4,5,6,2708,0,0,0,,0,,"EAST LAUREL DR","TOWT ST",0.00,,Y,A,-,N,,,,,,,,,,N,4,0,1,2,A,-,09,21801,A,F,D,C,A,A,H,-,A,A,0,,,,,Y,,-,,0,0,1,0,0,0,0,0,0,"- ","- ",,,MONTEREY,SALINAS,-121.61766991,36.679200049999999
8391370,2017,2017-06-21,2708,2017-05-06,1402,53269,,6,5,6,2708,0,0,0,,0,,"NORTH MAIN ST","SAN JUAN GRADE RD",580.00,N,N,A,-,N,,,,,,,,,,Y,4,0,2,2,A,-,04,21703,,N,C,C,A,A,H,-,A,A,0,,,,,Y,,-,,0,0,2,0,0,0,0,0,0,"- ","- ",,,MONTEREY,SALINAS,-121.65378773,36.718010540000002
8391374,2017,2017-08-18,2708,2017-05-10,1837,04125,,3,5,6,2708,0,0,0,,0,012,"S SANDBORN","MCGOWAN DR",144.00,S,N,A,-,N,,,,,,,,,,Y,4,0,4,3,A,-,04,21703,,N,C,C,A,A,H,-,A,D,0,,,,,Y,,-,,0,0,4,0,0,0,0,0,0,"- ","- ",,,MONTEREY,SALINAS,,
8391378,2017,2017-06-21,2708,2017-05-09,2106,18945,,2,5,6,2708,0,0,0,,0,010,"NORTH SANBORN RD","E ALISAL ST",20.00,N,-,A,-,N,,,,,,,,,,N,4,0,1,2,A,-,07,21658,A,F,B,C,A,A,H,-,C,A,0,,,,,Y,,-,,0,0,1,0,0,0,0,0,0,"- ","- ",,,MONTEREY,SALINAS,-121.62744000000001,36.672964950000001
8391381,2017,2017-06-19,2708,2017-05-08,2351,37923,SALIN,1,5,6,2708,0,0,0,,0,005,"REATA ST","MARYAL DR",0.00,,Y,A,-,N,,,,,,,,,,Y,3,0,2,4,A,-,01,23152,A,N,D,C,A,A,H,-,D,D,0,,,,,Y,Y,-,,0,2,0,0,0,0,0,0,0,"- ","- ",,,MONTEREY,SALINAS,-121.64636989,36.702090089999999
8391382,2017,2017-06-21,2708,2017-05-20,1052,19702,SPD,6,5,6,2708,0,0,0,,0,003,HUMBOLDT,DONNER,74.00,N,N,A,-,N,,,,,,,,,,Y,4,0,1,2,A,-,11,21954,A,N,G,B,E,A,H,-,A,D,0,Y,,,,Y,,N,60,0,0,1,0,1,0,0,0,0,"- ","- ",,,MONTEREY,SALINAS,-121.62976054000001,36.709962969999999
8391390,2017,2017-06-21,2708,2017-05-01,0249,56525,SALIN,1,5,6,2708,0,0,0,,0,003,"EAST BORONDA RD","INDEPENDENCE BL",0.00,,Y,A,-,N,,,,,,,,,,Y,3,0,2,1,A,-,08,22107,,N,E,I,A,A,H,-,C,A,0,,,,,Y,,-,,0,1,1,0,0,0,0,0,0,"- ","- ",,,MONTEREY,SALINAS,-121.61653999000001,36.714930070000001
8391394,2017,2017-06-21,2708,2017-05-14,1502,19943,,7,5,6,2708,0,0,0,,0,002,"NORTH MAIN ST","ALVIN DR",0.00,,Y,B,-,N,,,,,,,,,,Y,4,0,2,3,A,-,03,22350,,N,A,C,A,A,H,-,A,A,0,,,,,Y,,-,,0,0,2,0,0,0,0,0,0,"- ","- ",,,MONTEREY,SALINAS,-121.65366994,36.707870040000003
8391396,2017,2017-06-20,2708,2017-04-18,1828,79945,,2,5,6,2708,0,0,0,,0,012,"TOWT ST","2ND AV",105.00,N,N,A,-,N,,,,,,,,,,N,4,0,1,2,A,-,00,21954,,N,G,B,D,A,H,-,A,A,0,Y,,,,Y,,N,60,0,0,1,0,1,0,0,0,0,"- ","- ",,,MONTEREY,SALINAS,-121.62219541,36.675165880000002
8391398,2017,2017-06-21,2708,2017-05-18,0008,82326,,4,5,6,2708,0,0,0,,0,001,"NORTH MAIN ST","BOLIVAR ST",0.00,,Y,A,-,N,,,,,,,,,,Y,4,0,1,3,A,-,12,21453,A,F,D,C,A,A,H,-,C,A,0,,,,,Y,,-,,0,0,1,0,0,0,0,0,0,"- ","- ",,,MONTEREY,SALINAS,-121.65636988,36.725050070000002
8391402,2017,2017-06-21,2708,2017-05-19,2318,31977,,5,5,6,2708,0,0,0,,0,006,"CASENTINI ST","NORTH MAIN ST",1100.00,W,N,A,-,N,,,,,,,,,,Y,2,0,2,2,A,-,01,23152,A,N,A,C,A,A,H,-,C,D,0,,,,,Y,Y,-,,1,1,0,0,0,0,0,0,0,"- ","- ",,,MONTEREY,SALINAS,-121.65593781,36.685881709999997
8391406,2017,2017-06-21,2708,2017-05-03,1746,72945,,3,5,6,2708,0,0,0,,0,,"EAST LAUREL DR","ST EDWARDS ST",0.00,,Y,A,-,N,,,,,,,,,,Y,4,0,2,2,A,-,09,21802,A,N,D,C,A,A,H,-,A,D,0,,,,,Y,,-,,0,0,2,0,0,0,0,0,0,"- ","- ",,,MONTEREY,SALINAS,-121.62309998000001,36.686330009999999
90594283,2017,2017-11-14,9730,2017-11-06,1325,016666,,1,1,9,2700,0,3,5,,2,006,"DAVIS ROAD","BLANCO ROAD",100.00,N,N,A,-,N,,,,,,,,,,N,4,0,1,2,A,-,21,22106,,N,C,C,A,A,H,-,A,A,0,,,,,Y,,A,07,0,0,1,0,0,0,0,0,0,"- ","- ",36.667230000000004,-121.68495,MONTEREY,UNINCORPORATED,-121.68490946999999,36.667022209999999
90594298,2017,2017-11-14,9730,2017-11-06,1040,021888,,1,1,9,2700,0,3,5,,2,007,"MERIDIAN ROAD","DYER ROAD",316.00,E,N,A,-,N,,,,,,,,,,N,4,0,1,2,A,-,09,21804,A,N,D,C,A,A,H,-,A,D,0,,,,,Y,,D,22,0,0,1,0,0,0,0,0,0,"- ","- ",36.788260000000001,-121.68254,MONTEREY,UNINCORPORATED,-121.68243107000001,36.788296289999998
90594326,2017,2017-11-14,9730,2017-11-07,0920,017785,,2,1,9,2700,0,1,2,,1,070,"US-101 NORTHBOUND","RALPH LANE",3696.00,N,N,A,-,Y,,,101,,,,,,N,N,4,0,1,2,A,-,03,22350,,N,C,C,A,A,H,-,A,D,0,,,,,Y,,A,01,0,0,1,0,0,0,0,0,0,"- ","- ",36.766480000000001,-121.66827000000001,MONTEREY,UNINCORPORATED,-121.66825047,36.76648625
90594661,2017,2017-11-15,9730,2017-11-03,1340,016537,,5,1,9,2700,0,1,2,,1,050,"US-101 N/B","ECKHART RD.",290.00,N,N,B,-,Y,,,101,,,,,,N,Y,4,0,4,2,A,-,08,22107,,N,C,C,A,A,H,-,A,D,0,,,,Y,Y,,G,25,0,0,4,0,0,0,0,0,0,"- ","- ",36.617570000000001,-121.57358000000001,MONTEREY,UNINCORPORATED,-121.57353549,36.61763105
90594672,2017,2017-11-15,9730,2017-11-11,1735,020701,,6,2,9,2700,0,1,3,,1,068,"SR-68 EASTBOUND","B ROAD",20.00,W,N,A,-,Y,,,68,,,,,,E,Y,2,0,2,2,A,-,05,21460,A,N,A,C,A,A,H,-,D,D,0,,,Y,,Y,,C,02,1,0,1,0,0,0,0,0,1,"- ","- ",36.57038,-121.76203,MONTEREY,UNINCORPORATED,-121.76202790000001,36.570417419999998
90594697,2017,2017-11-15,9730,2017-11-07,1430,020621,,2,2,9,2700,0,3,5,,2,006,"NASHUA ROAD","MONTE ROAD",3168.00,S,N,A,-,N,,,,,,,,,,Y,4,0,1,2,A,-,03,22350,,N,C,C,A,A,H,-,A,D,0,,,,,Y,,A,07,0,0,1,0,0,0,0,0,0,"- ","- ",36.7348,-121.75882,MONTEREY,UNINCORPORATED,-121.75878689,36.734891930000003
90594765,2017,2017-11-15,9730,2017-11-07,0745,016666,,2,1,9,2700,0,1,3,,2,062,"SR-1 N/B","LIGHTFIGHTER DRIVE",1584.00,S,N,A,-,Y,,,,,,,,,,Y,4,0,1,2,A,-,07,21658,A,N,B,C,A,A,H,-,A,D,0,,,,Y,Y,,F,27,0,0,1,0,0,0,0,0,0,"- ","- ",36.642499999999998,-121.82367000000001,MONTEREY,UNINCORPORATED,-121.81894287999999,36.64437161
90595910,2017,2017-11-16,9730,2017-11-11,1751,019956,,6,2,9,2700,0,1,3,,1,014,SR-1,"COAST RD",6336.00,S,N,A,-,Y,,,1,,,,,,,Y,3,0,1,1,A,-,08,22107,,N,E,J,A,A,H,-,D,D,0,,,,,Y,,A,01,0,1,0,0,0,0,0,0,0,"- ","- ",36.356059999999999,-121.90233000000001,MONTEREY,UNINCORPORATED,-121.90223587,36.35611445
90595921,2017,2017-11-16,9730,2017-11-11,1520,019956,,6,2,9,2700,0,1,3,,2,062,"SR-1 S/B","TIOGA AVE",300.00,S,N,A,-,Y,,,,,,,,,,N,4,0,2,2,A,-,03,22350,,N,C,C,A,A,H,-,A,D,0,,,,,Y,,D,22,0,0,2,0,0,0,0,0,0,"- ","- ",36.617060000000002,-121.84959000000001,MONTEREY,UNINCORPORATED,-121.84945836,36.617154530000001
90596249,2017,2017-11-16,9735,2017-11-10,1440,017681,,5,2,9,2700,0,1,2,,1,041,"US-101 NORTHBOUND","TEAGUE AVENUE",2112.00,S,N,A,-,Y,,,,,,,,,,Y,2,0,1,1,A,-,08,22107,,N,F,A,A,A,H,-,A,D,0,,,,,Y,,D,22,1,0,0,0,0,0,0,0,0,"- ","- ",36.2517,-121.17852000000001,MONTEREY,UNINCORPORATED,-121.17783885999999,36.25580068
90596645,2017,2017-11-17,9730,2017-11-10,1629,021407,,5,2,9,2700,0,1,3,,1,066,SR-183,"BLACKIE ROAD",400.00,N,N,A,-,Y,,,183,,,,,,,N,4,0,5,2,A,-,03,22350,,N,C,C,A,A,H,-,A,D,0,,,,,Y,,A,07,0,0,5,0,0,0,0,0,0,"- ","- ",36.758299999999998,-121.7482,MONTEREY,UNINCORPORATED,-121.74811679,36.758416259999997
90596794,2017,2017-11-17,9730,2017-11-11,0604,019818,,6,1,9,2700,0,3,5,,2,007,"SALINAS RD","HILLCREST RD",133.00,E,N,E,-,N,,,,,,,,,,Y,3,0,1,1,A,-,08,22107,,N,B,I,A,B,H,-,B,D,0,,,,,Y,,D,22,0,1,0,0,0,0,0,0,0,"- ","- ",36.873739999999998,-121.76112000000001,MONTEREY,UNINCORPORATED,-121.76114487,36.873644339999998
90597076,2017,2017-11-17,9730,2017-11-12,1502,019981,,7,2,9,2700,0,1,3,,1,012,SR-1,"JULIA PFEIFFER BURNS",5280.00,N,N,A,-,Y,,,1,,,,,,,Y,3,0,3,1,A,-,08,22107,,N,E,I,A,A,H,-,A,D,0,,,,,Y,,A,01,0,3,0,0,0,0,0,0,0,"- ","- ",36.17165,-121.68706,MONTEREY,UNINCORPORATED,-121.68707385,36.17162725
90597133,2017,2017-11-17,9730,2017-11-12,1647,021407,,7,2,9,2700,0,1,3,,1,074,SR-1,SR-183,0.00,,N,A,-,Y,,,1,,,,,,,Y,4,0,2,3,A,-,03,22350,,N,C,C,A,A,H,-,A,D,0,,,,,Y,,D,22,0,0,2,0,0,0,0,0,0,"- ","- ",36.765700000000002,-121.76519999999999,MONTEREY,UNINCORPORATED,-121.76526355,36.765708109999998
90597797,2017,2017-11-20,9730,2017-11-12,1840,021794,,7,2,9,2700,0,2,4,,1,073,"SAN MIGUEL CANYON ROAD","PRUNEDALE NORTH ROAD",455.00,S,N,A,-,Y,,,,,,,,,,Y,4,0,1,2,A,-,03,22350,,N,C,C,A,A,H,-,C,A,0,,,,,Y,,D,22,0,0,1,0,0,0,0,0,0,"- ","- ",36.80039,-121.66500000000001,MONTEREY,UNINCORPORATED,-121.66503726000001,36.800475120000002
90597907,2017,2017-11-20,9730,2017-11-15,1739,021856,,3,2,9,2700,0,1,3,,1,024,"SR-68 (HOLMAN HIGHWAY)","MORSE DRIVE",1250.00,E,N,A,-,Y,,,68,,,,,,,Y,4,0,2,3,A,-,03,22350,,N,C,C,A,A,H,-,D,D,0,,,,,Y,,A,01,0,0,2,0,0,0,0,0,0,"- ","- ",36.596589999999999,-121.9224,MONTEREY,UNINCORPORATED,-121.92239504,36.596597799999998
90597926,2017,2017-11-20,9730,2017-11-14,0905,017785,,2,1,9,2700,0,3,5,,2,004,"SPENCE ROAD",US-101,1584.00,E,N,A,-,N,,,,,,,,,,Y,4,0,1,2,A,-,09,21801,A,N,D,C,A,A,H,-,A,D,0,,,,,Y,,D,22,0,0,1,0,0,0,0,0,0,"- ","- ",36.591329999999999,-121.54104,MONTEREY,UNINCORPORATED,-121.56289723,36.615398319999997