CASE_ID,ACCIDENT_YEAR,PROC_DATE,JURIS,COLLISION_DATE,COLLISION_TIME,OFFICER_ID,REPORTING_DISTRICT,DAY_OF_WEEK,CHP_SHIFT,POPULATION,CNTY_CITY_LOC,SPECIAL_COND,BEAT_TYPE,CHP_BEAT_TYPE,CITY_DIVISION_LAPD,CHP_BEAT_CLASS,BEAT_NUMBER,PRIMARY_RD,SECONDARY_RD,DISTANCE,DIRECTION,INTERSECTION,WEATHER_1,WEATHER_2,STATE_HWY_IND,CALTRANS_COUNTY,CALTRANS_DISTRICT,STATE_ROUTE,ROUTE_SUFFIX,POSTMILE_PREFIX,POSTMILE,LOCATION_TYPE,RAMP_INTERSECTION,SIDE_OF_HWY,TOW_AWAY,COLLISION_SEVERITY,NUMBER_KILLED,NUMBER_INJURED,PARTY_COUNT,PRIMARY_COLL_FACTOR,PCF_CODE_OF_VIOL,PCF_VIOL_CATEGORY,PCF_VIOLATION,PCF_VIOL_SUBSECTION,HIT_AND_RUN,TYPE_OF_COLLISION,MVIW,PED_ACTION,ROAD_SURFACE,ROAD_COND_1,ROAD_COND_2,LIGHTING,CONTROL_DEVICE,CHP_ROAD_TYPE,PEDESTRIAN_ACCIDENT,BICYCLE_ACCIDENT,MOTORCYCLE_ACCIDENT,TRUCK_ACCIDENT,NOT_PRIVATE_PROPERTY,ALCOHOL_INVOLVED,STWD_VEHTYPE_AT_FAULT,CHP_VEHTYPE_AT_FAULT,COUNT_SEVERE_INJ,COUNT_VISIBLE_INJ,COUNT_COMPLAINT_PAIN,COUNT_PED_KILLED,COUNT_PED_INJURED,COUNT_BICYCLIST_KILLED,COUNT_BICYCLIST_INJURED,COUNT_MC_KILLED,COUNT_MC_INJURED,PRIMARY_RAMP,SECONDARY_RAMP,LATITUDE,LONGITUDE,COUNTY,CITY,POINT_X,POINT_Y
90609066,2017,2017-12-04,9730,2017-11-27,0820,018298,,1,1,9,2700,0,3,5,,2,003,"FOLETTA RD.","CHUALAR RIVER RD.",7392.00,S,N,A,B,N,,,,,,,,,,Y,4,0,1,1,A,-,01,23152,F,M,E,I,A,B,H,-,A,D,0,,,,,Y,,A,01,0,0,1,0,0,0,0,0,0,"- ","- ",36.549990000000001,-121.49858,MONTEREY,UNINCORPORATED,-121.49952361,36.550785490000003
90609210,2017,2017-12-04,9730,2017-11-26,0847,019569,,7,1,9,2700,0,1,2,,1,070,"US-101 S/B TO SALA RD","SALA RD",528.00,N,N,B,-,Y,,,101,,,,R,,S,Y,3,0,1,1,A,-,08,22107,,N,E,I,A,A,H,-,A,D,0,,,,,Y,,A,01,0,1,0,0,0,0,0,0,0,"- ","- ",36.745069999999998,-121.6618,MONTEREY,UNINCORPORATED,-121.6618,36.745069999999998
90609329,2017,2017-12-04,9730,2017-11-27,0755,018298,,1,1,9,2700,0,1,2,,1,030,"US-101 N/B","ESPERANZA RD.",500.00,S,N,A,B,Y,,,101,,,,,,N,Y,4,0,1,2,A,-,03,22350,,N,C,C,A,B,H,-,A,D,0,,,,,Y,,A,01,0,0,1,0,0,0,0,0,0,"- ","- ",36.588140000000003,-121.53785000000001,MONTEREY,UNINCORPORATED,-121.53775706,36.588235589999996
90609571,2017,2017-12-04,9730,2017-11-27,0405,021856,,1,3,9,2700,0,1,2,,1,070,"US-101 NORTHBOUND","CRAZY HORSE CANYON ROAD OVERCROSSING",5808.00,N,N,C,-,Y,,,101,,,,,,N,Y,4,0,1,1,A,-,03,22350,,N,E,I,A,B,H,-,D,D,0,,,,,Y,,A,01,0,0,1,0,0,0,0,0,0,"- ","- ",36.832410000000003,-121.63002,MONTEREY,UNINCORPORATED,-121.63006701,36.83240885
90609580,2017,2017-12-04,9730,2017-11-27,0407,021856,,1,3,9,2700,0,1,2,,1,070,"US-101 NORTHBOUND","CRAZY HORSE CANYON ROAD OVERCROSSING",5808.00,N,N,C,-,Y,,,,,,,,,,Y,4,0,1,2,A,-,03,22350,,M,A,C,A,B,H,-,D,D,0,,,,,Y,,D,22,0,0,1,0,0,0,0,0,0,"- ","- ",36.832410000000003,-123.63002,MONTEREY,UNINCORPORATED,-121.63271,36.818390000000001
90609905,2017,2017-12-05,9730,2017-11-26,0230,021856,,7,3,9,2700,0,1,3,,2,062,"N/B SR-1 TO SR-68 (SALINAS)","FAIRGROUND RD OVERCROSSING",500.00,W,N,A,-,Y,,,,,,,,,,Y,3,0,1,1,A,-,01,23152,A,M,E,I,A,A,H,-,D,D,0,,,,,Y,Y,A,01,0,1,0,0,0,0,0,0,0,"- ","- ",36.587400000000002,-121.86524,MONTEREY,UNINCORPORATED,,
90609919,2017,2017-12-05,9730,2017-11-25,2028,021856,,6,2,9,2700,0,3,5,,2,006,"CALLE DEL ADOBE","ADDINGTON LN",528.00,E,N,A,-,N,,,,,,,,,,N,2,0,1,2,A,-,05,21202,A,N,H,G,A,A,H,-,D,D,0,,Y,,,Y,,L,04,1,0,0,0,0,0,1,0,0,"- ","- ",36.698880000000003,-121.67400000000001,MONTEREY,UNINCORPORATED,-121.67403465,36.6989375
90610063,2017,2017-12-05,9730,2017-11-29,1755,019745,,3,2,9,2700,0,2,4,,1,073,"ELKHORN RD","GARIN RD",90.00,E,N,A,-,N,,,,,,,,,,Y,4,0,1,2,A,-,03,22350,,N,C,C,A,A,H,-,D,D,0,,,,,Y,,D,22,0,0,1,0,0,0,0,0,0,"- ","- ",36.872700000000002,-121.7444,MONTEREY,UNINCORPORATED,-121.74444961,36.873164899999999
90610088,2017,2017-12-05,9730,2017-11-27,0824,018543,,1,1,9,2700,0,1,3,,2,062,"SR-1 N/B","AGUAJITO ROAD",528.00,S,N,C,-,Y,,,,,,,,,,Y,3,0,1,1,A,-,08,22107,,N,E,I,A,B,H,-,A,A,0,,,,,Y,,A,01,0,1,0,0,0,0,0,0,0,"- ","- ",36.583210000000001,-121.89028,MONTEREY,UNINCORPORATED,-121.88120828,36.590127240000001
90611722,2017,2017-12-06,9730,2017-11-27,1147,018543,,1,1,9,2700,0,2,4,,2,063,"BLANCO ROAD","ARMSTRONG ROAD",6864.00,W,N,A,-,N,,,,,,,,,,Y,3,0,1,3,A,-,03,22350,,N,C,C,A,A,D,-,A,D,0,,,,,Y,,D,22,0,1,0,0,0,0,0,0,0,"- ","- ",36.678660000000001,-121.73121,MONTEREY,UNINCORPORATED,-121.73133085000001,36.678715850000003
90612326,2017,2018-01-15,9730,2017-11-30,1731,018810,,4,2,9,2700,0,1,3,,2,062,"SR-1 N/B","AGUAJITO ROAD O/C",2112.00,S,N,A,-,Y,,,,,,,,,,Y,4,0,1,3,A,-,03,22350,,N,C,C,A,A,H,-,C,D,0,,,,,Y,,A,01,0,0,1,0,0,0,0,0,0,"- ","- ",36.583460000000002,-121.8888,MONTEREY,UNINCORPORATED,-121.88319620999999,36.586111500000001
90612488,2017,2017-12-07,9730,2017-11-29,1728,019745,,3,2,9,2700,0,3,5,,2,007,"FRUITLAND AVE","SALINAS RD",0.00,,Y,A,-,N,,,,,,,,,,N,4,0,1,2,A,-,09,21802,A,N,D,C,A,A,H,-,D,B,0,,,,,Y,,A,07,0,0,1,0,0,0,0,0,0,"- ","- ",36.878,-121.7521,MONTEREY,UNINCORPORATED,-121.75255996999999,36.878010039999999
90612492,2017,2017-12-07,9730,2017-12-02,1430,021776,,6,2,9,2700,0,2,4,,1,023,"CARMEL VALLEY ROAD","CACHAGUA ROAD",528.00,W,N,A,-,N,,,,,,,,,,Y,4,0,1,1,A,-,08,22107,,N,E,I,A,A,H,-,A,D,0,,,Y,,Y,,C,02,0,0,1,0,0,0,0,0,1,"- ","- ",36.447650000000003,-121.68348,MONTEREY,UNINCORPORATED,-121.68320111,36.446830239999997
8392468,2017,2017-06-20,2706,2017-06-05,1331,505,2706,1,5,4,2706,0,0,0,,0,001,"LIGHTHOUSE AV","DRAKE AV",45.00,S,N,A,-,N,,,,,,,,,,Y,3,0,1,2,A,-,03,22350,,N,C,C,A,A,H,-,A,A,0,,,,,Y,,A,01,0,1,0,0,0,0,0,0,0,"- ","- ",,,MONTEREY,MONTEREY,-121.89985248000001,36.611348479999997
8393447,2017,2017-07-11,2708,2017-02-03,1910,70843,,5,5,6,2708,0,0,0,,0,,"FAIRVIEW DR","SANBORN RD",0.00,,Y,B,-,N,,,,,,,,,,Y,4,0,1,2,A,-,09,21801,,F,D,C,A,A,H,-,C,D,0,,,,,Y,,A,01,0,0,1,0,0,0,0,0,0,"- ","- ",,,MONTEREY,SALINAS,-121.62791994,36.66709006
8393460,2017,2017-07-11,2708,2017-03-14,1727,56793,,2,5,6,2708,0,0,0,,0,008,SALINAS,"EAST SAN LUIS ST",0.00,,Y,A,-,N,,,,,,,,,,N,4,0,1,2,A,-,12,21453,A,N,D,C,A,A,H,-,A,A,0,,,,,Y,,-,,0,0,1,0,0,0,0,0,0,"- ","- ",,,MONTEREY,SALINAS,-121.65565992000001,36.671810069999999
8393909,2017,2017-07-07,2706,2017-06-13,1715,143,2706,2,5,4,2706,0,0,0,,0,003,"DEL MONTE AV","NAVY GATE",564.00,W,N,A,-,N,,,,,,,,,,Y,4,0,1,4,A,-,04,21703,,N,C,C,A,A,H,-,A,-,0,,,,,Y,,A,07,0,0,1,0,0,0,0,0,0,"- ","- ",,,MONTEREY,MONTEREY,,
8394115,2017,2017-06-23,2706,2017-06-07,1715,250,2706,3,5,4,2706,0,0,0,,0,001,"DAVID AV","SPENCER ST",0.00,,Y,A,-,N,,,,,,,,,,Y,4,0,2,4,A,-,09,21802,A,N,D,C,A,A,H,-,A,A,0,,,,,Y,,D,22,0,0,2,0,0,0,0,0,0,"- ","- ",,,MONTEREY,MONTEREY,-121.90793993,36.615170059999997
8394249,2017,2017-06-28,2712,2017-06-13,1338,1080,,2,5,3,2712,0,0,0,,0,001,"RESERVATION RD","BEACH RD",0.00,,Y,A,-,N,,,,,,,,,,Y,4,0,2,2,A,-,03,22350,,F,B,C,A,A,H,-,A,A,0,,,,,Y,,A,01,0,0,2,0,0,0,0,0,0,"- ","- ",,,MONTEREY,MARINA,-121.80175986,36.694920070000002
8394250,2017,2017-06-26,2706,2017-05-28,1146,590,2706,7,5,4,2706,0,0,0,,0,003,"GARDEN RD","HENDERSON WY",124.00,E,N,A,-,N,,,,,,,,,,Y,3,0,1,2,A,-,09,21804,A,N,B,C,A,A,H,-,A,D,0,,,Y,,Y,,A,07,0,1,0,0,0,0,0,0,1,"- ","- ",,,MONTEREY,MONTEREY,-121.85340456,36.586138210000001
8394262,2017,2017-06-26,2706,2017-05-22,1707,181,MPD,1,5,4,2706,0,0,0,,0,003,"DEL MONTE AV","CASA VERDE WY",89.00,E,N,A,-,N,,,,,,,,,,N,4,0,1,2,A,-,03,22350,,N,C,C,A,A,H,-,A,A,0,,,,,Y,,A,07,0,0,1,0,0,0,0,0,0,"- ","- ",,,MONTEREY,MONTEREY,-121.86633517999999,36.602199169999999
8395487,2017,2017-06-30,2701,2017-05-29,1241,5593,2701,1,5,2,2701,0,0,0,,0,ALL,"OCEAN AV","TORRES ST",13.00,W,N,B,-,N,,,,,,,,,,Y,4,0,1,2,A,-,09,21802,A,N,D,C,A,A,H,-,A,A,0,,,,,Y,,A,01,0,0,1,0,0,0,0,0,0,"- ","- ",,,MONTEREY,CARMEL,-121.91911426999999,36.555099470000002
8396990,2017,2017-06-28,2706,2017-06-16,1022,103,,5,5,4,2706,0,0,0,,0,003,"UPPER RAGSDALE DR","RANCHO SAUCITO LN",517.00,S,N,A,-,N,,,,,,,,,,Y,3,0,1,2,A,-,03,22350,,N,C,C,A,A,H,-,A,D,0,,,,,Y,,D,22,0,1,0,0,0,0,0,0,0,"- ","- ",,,MONTEREY,MONTEREY,,
8400542,2017,2017-07-07,2706,2017-06-27,2000,772,,2,5,4,2706,0,0,0,,0,003,"DEL MONTE AV","HANNON AV",240.00,E,N,B,-,N,,,,,,,,,,Y,4,0,1,1,C,-,18,,,N,F,I,A,A,H,-,A,D,0,,,Y,,Y,,-,"- ",0,0,1,0,0,0,0,0,1,"- ","- ",,,MONTEREY,MONTEREY,-121.86169647,36.6043162
8400546,2017,2017-07-07,2706,2017-06-22,1633,129,MPD,4,5,4,2706,0,0,0,,0,003,"DEL MONTE AV","ENGLISH AV",129.00,W,N,A,-,N,,,,,,,,,,N,4,0,1,2,A,-,03,22350,,N,C,C,A,A,H,-,A,D,0,,,,,Y,,A,07,0,0,1,0,0,0,0,0,0,"- ","- ",,,MONTEREY,MONTEREY,-121.86108333,36.604620509999997
90612621,2017,2017-12-07,9730,2017-11-29,0045,021338,,3,3,9,2700,0,2,4,,1,073,"HALL ROAD","ELKHORN ROAD",367.00,E,N,A,-,N,,,,,,,,,,Y,3,0,1,1,A,-,01,23152,A,N,E,I,A,A,H,-,D,D,0,,,,,Y,Y,A,01,0,1,0,0,0,0,0,0,0,"- ","- ",36.867100000000001,-121.74217,MONTEREY,UNINCORPORATED,-121.74293073,36.867761880000003
90612671,2017,2017-12-07,9730,2017-12-03,2340,020970,,7,3,9,2700,0,3,5,,2,007,"CASTROVILLE BLVD","ARCHER ROAD",1584.00,E,N,A,B,N,,,,,,,,,,Y,3,0,1,1,A,-,01,23152,A,N,E,A,A,A,H,-,D,D,0,,,,,Y,Y,A,01,0,1,0,0,0,0,0,0,0,"- ","- ",36.797330000000002,-121.70081,MONTEREY,UNINCORPORATED,-121.69904031,36.798708349999998
90615284,2017,2017-12-12,9735,2017-12-08,1935,020057,,5,2,9,2700,0,3,5,,2,001,"FOOTHILL RD.","RIVER RD.",2112.00,S,N,A,-,N,,,,,,,,,,Y,3,0,1,1,A,-,08,22107,,N,F,A,A,A,H,-,D,D,0,,,,,Y,,A,01,0,1,0,0,0,0,0,0,0,"- ","- ",36.408250000000002,-121.38762,MONTEREY,UNINCORPORATED,-121.38733437,36.40802446
90615294,2017,2017-12-12,9730,2017-12-01,1825,020896,,5,2,9,2700,0,2,4,,2,063,"BLANCO RD","DAVIS RD",150.00,W,N,A,-,N,,,,,,,,,,Y,4,0,1,3,A,-,03,22350,,N,C,C,A,A,H,-,C,A,0,,,,,Y,,D,22,0,0,1,0,0,0,0,0,0,"- ","- ",36.667160000000003,-121.68585,MONTEREY,UNINCORPORATED,-121.68556132000001,36.666993689999998
90615456,2017,2017-12-12,9730,2017-12-01,2130,021888,,5,2,9,2700,0,1,3,,1,068,"SR-68 E/B","TORERO DRIVE",287.00,W,N,B,E,Y,,,68,,,,,,E,Y,4,0,1,1,A,-,01,23152,A,N,F,I,A,A,H,-,D,D,0,,,,,Y,Y,A,01,0,0,1,0,0,0,0,0,0,"- ","- ",36.592970000000001,-121.70520999999999,MONTEREY,UNINCORPORATED,-121.70525533999999,36.593026860000002
90615534,2017,2017-12-12,9730,2017-12-02,0300,018543,,6,3,9,2700,0,2,4,,1,023,"CARMEL VALLEY ROAD","LOS TULARES",100.00,W,N,A,-,N,,,,,,,,,,Y,3,0,2,1,A,-,08,22107,,N,E,I,A,A,E,-,D,D,0,,,,,Y,,A,01,0,2,0,0,0,0,0,0,0,"- ","- ",36.469360000000002,-121.71293,MONTEREY,UNINCORPORATED,-121.7129006,36.46883965
90615550,2017,2017-12-12,9730,2017-12-02,1803,020933,,6,2,9,2700,0,1,3,,1,072,SR-156,"OAK HILLS DR",15.00,E,N,A,-,Y,,,156,,,,,,,Y,4,0,1,2,A,-,03,22350,,N,C,C,A,A,H,-,D,D,0,,,,,Y,,D,22,0,0,1,0,0,0,0,0,0,"- ","- ",36.780030000000004,-121.70323999999999,MONTEREY,UNINCORPORATED,-121.70324287,36.780041079999997
90615601,2017,2017-12-12,9730,2017-12-02,0120,021888,,6,3,9,2700,0,1,2,,1,050,"US-101 SOUTHBOUND","GOULD ROAD",5808.00,N,N,B,-,Y,,,101,,,,,,S,Y,3,0,1,1,A,-,01,23152,A,N,E,I,A,A,H,-,D,D,0,,,,,Y,Y,A,01,0,1,0,0,0,0,0,0,0,"- ","- ",36.638599999999997,-121.60242,MONTEREY,UNINCORPORATED,-121.60247845000001,36.638519850000002
90615675,2017,2017-12-12,9730,2017-12-03,1120,018543,,7,1,9,2700,0,1,3,,1,022,SR-1,"CARMEL HILLS DRIVE",30.00,S,N,A,-,Y,,,1,,,,,,,Y,3,0,1,2,A,-,07,21658,A,N,B,C,A,A,H,-,A,D,0,,,,,Y,,A,01,0,1,0,0,0,0,0,0,0,"- ","- ",36.548369999999998,-121.90994000000001,MONTEREY,UNINCORPORATED,-121.90996914,36.548365109999999
90615954,2017,2017-12-12,9730,2017-12-04,1728,020584,,1,2,9,2700,0,2,4,,1,073,"SAN MIGUEL CANYON RD.","PONDEROSA LN.",100.00,N,N,A,-,N,,,,,,,,,,N,4,0,1,2,A,-,03,22350,,N,C,C,A,A,H,-,D,D,0,,,,,Y,,D,22,0,0,1,0,0,0,0,0,0,"- ","- ",36.816549999999999,-121.67314,MONTEREY,UNINCORPORATED,,
90615977,2017,2017-12-12,9730,2017-12-05,0828,018298,,2,1,6,2708,0,1,2,,1,050,"US-101 N/B","JOHN ST.",75.00,N,N,A,-,Y,,,101,,,,,,N,N,4,0,1,2,A,-,03,22350,,N,C,C,A,A,H,-,A,D,0,,,,,Y,,D,22,0,0,1,0,0,0,0,0,0,"- ","- ",36.671100000000003,-121.6392,MONTEREY,SALINAS,-121.63921728,36.67108339
8400550,2017,2017-07-07,2706,2017-06-20,1545,121,MPD,2,5,4,2706,0,0,0,,0,003,"DEL MONTE AV","SLOAT AV",22.00,W,N,A,-,N,,,,,,,,,,Y,3,0,1,2,A,-,09,21801,A,N,D,C,A,A,H,-,A,A,0,,,,,Y,,A,01,0,1,0,0,0,0,0,0,0,"- ","- ",,,MONTEREY,MONTEREY,-121.87895494,36.599861500000003
8400557,2017,2017-07-06,2706,2017-06-27,0119,117,MPD,2,5,4,2706,0,0,0,,0,003,"DEL MONTE AV","MCCORMICK ST",66.00,E,N,A,-,N,,,,,,,,,,Y,3,0,2,1,A,-,01,23153,A,N,E,I,A,A,H,-,C,D,0,,,,,Y,Y,A,01,0,1,1,0,0,0,0,0,0,"- ","- ",,,MONTEREY,MONTEREY,,
8400903,2017,2017-07-10,2712,2017-06-22,1351,1034,2712,4,5,3,2712,0,0,0,,0,001,"IMJIN PW","2ND AV",214.00,W,N,A,-,N,,,,,,,,,,Y,4,0,1,2,A,-,03,22350,,N,C,C,A,A,H,-,A,A,0,,,,,Y,,A,01,0,0,1,0,0,0,0,0,0,"- ","- ",,,MONTEREY,MARINA,-121.80946824999999,36.668050100000002
8401527,2017,2017-07-11,2710,2017-05-14,0255,40391,MARIN,7,5,4,2710,0,0,0,,0,003,"BROADWAY AV","CONTRA COSTA ST",58.00,E,N,A,-,N,,,,,,,,,,Y,3,0,1,2,A,-,08,22107,,N,C,E,A,A,H,-,C,D,0,,,,,Y,,A,07,0,1,0,0,0,0,0,0,0,"- ","- ",,,MONTEREY,SEASIDE,-121.85189244999999,36.609304870000003
8401531,2017,2017-08-17,2710,2017-05-23,2013,34127,,2,5,4,2710,0,0,0,,0,003,"ALHAMBRA ST","HAMILTON AV",17.00,N,N,B,-,N,,,,,,,,,,Y,4,0,1,2,A,-,01,23152,A,N,C,E,A,A,H,-,B,D,0,,,,,Y,Y,A,01,0,0,1,0,0,0,0,0,0,"- ","- ",,,MONTEREY,SEASIDE,-121.84914867000001,36.605626690000001
8401770,2017,2018-03-16,2706,2017-06-28,1218,121,MPD,3,5,4,2706,0,0,0,,0,003,"RT 68","OLMSTED RD",820.00,W,N,A,-,Y,MON,5,68,-,-,5.410,H,-,W,Y,4,0,4,3,A,-,03,22350,,N,C,C,A,A,H,-,A,D,0,,,,,Y,,D,22,0,0,4,0,0,0,0,0,0,"- ","- ",,,MONTEREY,MONTEREY,-121.85236902,36.583648439999997
8401802,2017,2017-11-18,2706,2017-06-30,1623,121,MPD,5,5,4,2706,0,0,0,,0,001,"PACIFIC ST","SCOTT ST",160.00,S,N,B,-,N,,,,,,,,,,N,4,0,1,2,A,-,03,22350,,N,C,C,A,A,H,-,A,D,0,,,,,Y,,D,22,0,0,1,0,0,0,0,0,0,"- ","- ",,,MONTEREY,MONTEREY,-121.89538542,36.602740580000003
8401814,2017,2018-03-19,2712,2017-06-29,1145,1062,2712,4,5,3,2712,0,0,0,,0,001,"IMJIN PKWY","RT 1",217.00,E,N,A,-,N,,,,,,,,,,Y,4,0,4,2,A,-,03,22350,,N,C,C,A,A,H,-,A,A,0,,,,,Y,,D,22,0,0,4,0,0,0,0,0,0,"- ","- ",,,MONTEREY,MARINA,-121.81288000000001,36.669429999999998
8402161,2017,2017-07-28,2706,2017-06-28,2322,635,2706,3,5,4,2706,0,0,0,,0,002,"SOLEDAD DR","MONTE VISTA DR",0.00,,Y,A,-,N,,,,,,,,,,Y,3,0,2,2,A,-,12,22450,A,N,D,C,A,A,H,-,C,A,0,,,,,Y,,A,07,0,1,1,0,0,0,0,0,0,"- ","- ",,,MONTEREY,MONTEREY,-121.90489992000001,36.585710030000001
8402162,2017,2017-07-28,2706,2017-06-26,1309,114,MPD,1,5,4,2706,0,0,0,,0,002,"DEL MONTE AV","FIGUEROA ST",14.00,W,N,A,-,N,,,,,,,,,,N,4,0,1,4,A,-,21,22106,,F,C,C,A,A,H,-,A,A,0,,,,,Y,,D,22,0,0,1,0,0,0,0,0,0,"- ","- ",,,MONTEREY,MONTEREY,-121.89008679,36.600267500000001
8402163,2017,2017-07-28,2706,2017-06-26,1007,KASTER,2706,1,5,4,2706,0,0,0,,0,002,"DEL MONTE AV","FIGUEROA ST",0.00,,Y,A,-,N,,,,,,,,,,Y,4,0,1,2,A,-,03,22350,,N,C,C,A,A,H,-,A,A,0,,,,,Y,,-,,0,0,1,0,0,0,0,0,0,"- ","- ",,,MONTEREY,MONTEREY,-121.8900399,36.600260069999997
8402164,2017,2017-07-28,2706,2017-06-30,1414,121,MPD,5,5,4,2706,0,0,0,,0,003,"DEL MONTE AV","PALO VERDE AV",228.00,E,N,B,-,N,,,,,,,,,,Y,4,0,1,2,A,-,03,22350,,N,C,C,A,A,H,-,A,D,0,,,,,Y,,A,01,0,0,1,0,0,0,0,0,0,"- ","- ",,,MONTEREY,MONTEREY,-121.8686853,36.60111028
90616210,2017,2017-12-13,9730,2017-11-27,0058,021856,,1,3,9,2700,0,2,4,,2,063,"BLANCO ROAD","COOPER ROAD",2112.00,E,N,B,-,N,,,,,,,,,,Y,3,0,2,2,A,-,03,22350,,M,C,C,A,B,H,-,D,D,0,,,,,Y,,A,01,0,1,1,0,0,0,0,0,0,"- ","- ",36.678640000000001,-121.72572,MONTEREY,UNINCORPORATED,-121.72781652,36.678710029999998
90616682,2017,2017-12-13,9730,2017-12-06,1645,018810,,3,2,9,2700,0,1,3,,1,066,"SR-183 (MERRITT STREET)","PALM STREET",100.00,S,N,A,-,Y,,,183,,,,,,,Y,4,0,1,3,A,-,03,22350,,N,C,C,A,A,H,-,A,A,0,,,,,Y,,A,01,0,0,1,0,0,0,0,0,0,"- ","- ",36.758879999999998,-121.74890000000001,MONTEREY,UNINCORPORATED,-121.74885398000001,36.758944159999999
90616731,2017,2017-12-13,9730,2017-12-05,1800,019529,,2,2,9,2700,0,1,3,,2,062,"STATE ROUTE 1 (NORTHBOUND)","AGUAJITO RD.",600.00,N,N,A,-,Y,,,1,,,,,,,Y,4,0,2,3,A,-,03,22350,,N,C,C,A,A,H,-,D,D,0,,,,,Y,,A,01,0,0,2,0,0,0,0,0,0,"- ","- ",36.59355,-121.87527,MONTEREY,UNINCORPORATED,-121.87527871,36.593603850000001
90616952,2017,2017-12-13,9730,2017-12-11,1755,020621,,1,2,9,2700,0,1,2,,1,070,"S/B US-101","BLACKIE ROAD",0.00,,Y,A,-,Y,,,101,,,,,,,Y,3,0,1,1,A,-,01,23152,A,N,E,I,A,A,H,-,D,D,0,,,,,Y,Y,D,22,0,1,0,0,0,0,0,0,0,"- ","- ",36.772779999999997,-121.66943999999999,MONTEREY,UNINCORPORATED,-121.66932767,36.772789170000003
90617340,2017,2017-12-14,9735,2017-12-13,1910,019486,,3,2,9,2700,0,3,5,,2,001,"ELM AVE","ARROYO SECO RD",200.00,S,N,A,-,N,,,,,,,,,,Y,3,0,1,1,A,-,01,23152,A,N,E,I,A,A,H,-,D,D,0,,,,,Y,Y,A,01,0,1,0,0,0,0,0,0,0,"- ","- ",36.280110000000001,-121.3222,MONTEREY,UNINCORPORATED,-121.32633,36.280209999999997
90617575,2017,2017-12-14,9730,2017-12-06,0746,016666,,3,1,9,2700,0,1,3,,2,062,"SR-1 S/B","LIGHTFIGHTER DRIVE",1056.00,N,N,A,-,Y,,,1,,,,,,S,Y,4,0,1,2,A,-,03,22350,,N,C,C,A,A,H,-,E,D,0,,,,,Y,,A,01,0,0,1,0,0,0,0,0,0,"- ","- ",36.649099999999997,-121.815,MONTEREY,UNINCORPORATED,-121.81501047,36.649102489999997
90617722,2017,2017-12-14,9730,2017-12-06,0525,015160,,3,3,9,2700,0,1,3,,1,074,SR-1,"JETTY ROAD",1056.00,S,N,A,-,Y,,,1,,,,,,,Y,3,0,1,2,A,-,03,22350,,F,C,C,A,A,H,-,D,D,0,,,,,Y,,A,01,0,1,0,0,0,0,0,0,0,"- ","- ",36.814300000000003,-121.78579999999999,MONTEREY,UNINCORPORATED,-121.78570617,36.81430709
90617787,2017,2017-12-14,9730,2017-12-06,1843,018810,,3,2,9,2700,0,1,3,,1,066,SR-183,"ESPINOSA ROAD",2640.00,S,N,A,-,Y,,,183,,,,,,,Y,4,0,1,2,A,-,05,21650,,N,B,C,A,A,H,-,D,D,0,,,,,Y,,A,01,0,0,1,0,0,0,0,0,0,"- ","- ",36.736719999999998,-121.73748999999999,MONTEREY,UNINCORPORATED,-121.73756985999999,36.736690230000001
90617800,2017,2017-12-14,9730,2017-12-07,0805,017785,,4,1,9,2700,0,1,3,,1,068,SR-68,"SAN BENANCIO ROAD",118.00,E,N,A,-,Y,,,68,,,,,,,Y,3,0,2,3,A,-,21,22106,,N,C,C,A,A,H,-,A,A,0,,,,,Y,,A,01,0,1,1,0,0,0,0,0,0,"- ","- ",36.580089999999998,-121.72033999999999,MONTEREY,UNINCORPORATED,-121.72029929,36.580018109999997
90618102,2017,2017-12-15,9730,2017-12-06,1808,019956,,3,2,9,2700,0,1,2,,1,070,"US-101 N/B","PRUNEDALE SOUTH RD",1584.00,S,N,A,-,Y,,,101,,,,,,N,Y,4,0,2,4,A,-,03,22350,,F,C,C,A,A,H,-,D,D,0,,,,,Y,,A,07,0,0,2,0,0,0,0,0,0,"- ","- ",36.765340000000002,-121.6679,MONTEREY,UNINCORPORATED,-121.66788115999999,36.765345629999999
90618188,2017,2017-12-15,9730,2017-12-08,0640,017502,,5,1,9,2700,0,1,3,,1,068,SR-68,"YORK  ROAD",300.00,E,N,A,-,Y,,,68,,,,,,,Y,3,0,2,3,A,-,03,22350,,N,C,C,A,A,H,-,A,A,0,,,,,Y,,D,22,0,2,0,0,0,0,0,0,0,"- ","- ",36.571300000000001,-121.8073,MONTEREY,UNINCORPORATED,-121.80729983000001,36.571300819999998
90618244,2017,2017-12-15,9735,2017-12-11,1430,020302,,1,2,9,2700,0,1,2,,1,040,"US-101 N/B","HUDSON RD",3168.00,N,N,A,-,Y,,,101,,,,,,N,Y,4,0,1,1,A,-,08,22107,,N,E,I,A,A,D,-,A,D,0,,,,,Y,,A,08,0,0,1,0,0,0,0,0,0,"- ","- ",36.359670000000001,-121.27401999999999,MONTEREY,UNINCORPORATED,-121.27406182,36.359630090000003