CASE_ID,ACCIDENT_YEAR,PROC_DATE,JURIS,COLLISION_DATE,COLLISION_TIME,OFFICER_ID,REPORTING_DISTRICT,DAY_OF_WEEK,CHP_SHIFT,POPULATION,CNTY_CITY_LOC,SPECIAL_COND,BEAT_TYPE,CHP_BEAT_TYPE,CITY_DIVISION_LAPD,CHP_BEAT_CLASS,BEAT_NUMBER,PRIMARY_RD,SECONDARY_RD,DISTANCE,DIRECTION,INTERSECTION,WEATHER_1,WEATHER_2,STATE_HWY_IND,CALTRANS_COUNTY,CALTRANS_DISTRICT,STATE_ROUTE,ROUTE_SUFFIX,POSTMILE_PREFIX,POSTMILE,LOCATION_TYPE,RAMP_INTERSECTION,SIDE_OF_HWY,TOW_AWAY,COLLISION_SEVERITY,NUMBER_KILLED,NUMBER_INJURED,PARTY_COUNT,PRIMARY_COLL_FACTOR,PCF_CODE_OF_VIOL,PCF_VIOL_CATEGORY,PCF_VIOLATION,PCF_VIOL_SUBSECTION,HIT_AND_RUN,TYPE_OF_COLLISION,MVIW,PED_ACTION,ROAD_SURFACE,ROAD_COND_1,ROAD_COND_2,LIGHTING,CONTROL_DEVICE,CHP_ROAD_TYPE,PEDESTRIAN_ACCIDENT,BICYCLE_ACCIDENT,MOTORCYCLE_ACCIDENT,TRUCK_ACCIDENT,NOT_PRIVATE_PROPERTY,ALCOHOL_INVOLVED,STWD_VEHTYPE_AT_FAULT,CHP_VEHTYPE_AT_FAULT,COUNT_SEVERE_INJ,COUNT_VISIBLE_INJ,COUNT_COMPLAINT_PAIN,COUNT_PED_KILLED,COUNT_PED_INJURED,COUNT_BICYCLIST_KILLED,COUNT_BICYCLIST_INJURED,COUNT_MC_KILLED,COUNT_MC_INJURED,PRIMARY_RAMP,SECONDARY_RAMP,LATITUDE,LONGITUDE,COUNTY,CITY,POINT_X,POINT_Y
90618326,2017,2017-12-15,9730,2017-12-10,1150,018886,,7,1,9,2700,0,3,5,,2,007,"RICO STREET","GEIL STREET",0.00,,Y,A,-,N,,,,,,,,,,Y,4,0,1,2,A,-,09,21802,A,N,B,C,A,A,H,-,A,A,0,,,,,Y,,D,22,0,0,1,0,0,0,0,0,0,"- ","- ",36.776829999999997,-121.75411,MONTEREY,UNINCORPORATED,-121.7539599,36.766730010000003
90618359,2017,2017-12-15,9730,2017-12-14,0633,017785,,4,1,9,2700,0,3,5,,2,003,"CHUALAR RIVER ROAD","FOLETTA ROAD",1584.00,N,N,A,-,N,,,,,,,,,,Y,4,0,1,2,A,-,03,22350,,N,D,C,A,A,H,-,D,A,0,,,,,Y,,A,01,0,0,1,0,0,0,0,0,0,"- ","- ",36.568559999999998,-121.51931,MONTEREY,UNINCORPORATED,-121.51915,36.568489999999997
90618623,2017,2017-12-15,9730,2017-12-09,1140,018886,,6,1,9,2700,0,1,2,,1,030,"US-101 N/B","SPENCE ROAD",0.00,,Y,A,-,Y,,,101,,,,,,N,Y,4,0,2,3,A,-,09,21801,A,N,B,C,A,A,H,-,A,D,0,,,,,Y,,D,22,0,0,2,0,0,0,0,0,0,"- ","- ",36.61309,-121.56688,MONTEREY,UNINCORPORATED,-121.56702798000001,36.612887020000002
90618633,2017,2017-12-15,9730,2017-12-08,1545,021407,,5,2,9,2700,0,3,5,,2,007,"SALINAS ROAD","PAJARO SCHOOL ROAD",42.00,N,N,A,-,N,,,,,,,,,,Y,4,0,1,3,A,-,03,22350,,N,C,C,A,A,H,-,A,D,0,,,,,Y,,A,01,0,0,1,0,0,0,0,0,0,"- ","- ",36.898800000000001,-121.74809999999999,MONTEREY,UNINCORPORATED,,
90618643,2017,2017-12-15,9730,2017-12-12,1715,019981,,2,2,6,2708,0,1,2,,1,050,"US-101 N/B","JOHN STREET",250.00,S,N,A,-,Y,,,101,,,,,,N,Y,3,0,1,3,A,-,03,22350,,N,C,C,A,A,H,-,C,D,0,,,,,Y,,A,01,0,1,0,0,0,0,0,0,0,"- ","- ",36.668889999999998,-121.63567,MONTEREY,SALINAS,-121.63562285,36.669059769999997
90618691,2017,2017-12-15,9730,2017-12-11,1550,020621,,1,2,9,2700,0,3,5,,2,007,"CASTROVILLE BOULEVARD","PARADISE ROAD",700.00,W,N,A,-,N,,,,,,,,,,Y,4,0,1,2,A,-,03,22350,,N,C,C,A,A,H,-,A,D,0,,,,,Y,,A,01,0,0,1,0,0,0,0,0,0,"- ","- ",36.797750000000001,-121.70014999999999,MONTEREY,UNINCORPORATED,-121.70014254,36.797772559999999
90620155,2017,2017-12-19,9730,2017-12-07,1800,019956,,4,2,9,2700,0,1,3,,1,072,SR-156,"MERIDIAN RD",1056.00,W,N,A,-,Y,,,156,,,,,,,Y,4,0,1,2,A,-,09,21801,A,N,D,C,A,A,H,-,D,D,0,,,,,Y,,A,08,0,0,1,0,0,0,0,0,0,"- ","- ",36.787500000000001,-121.68177,MONTEREY,UNINCORPORATED,-121.68177171000001,36.787506440000001
90620620,2017,2018-01-09,9730,2017-12-11,2140,021396,,1,2,9,2700,0,3,5,,2,005,"HARRISON ROAD","COUNTRY MEADOWS ROAD",2640.00,S,N,A,-,N,,,,,,,,,,Y,2,0,1,1,A,-,01,23152,A,N,E,I,A,A,H,-,C,D,0,,,,,Y,Y,A,07,1,0,0,0,0,0,0,0,0,"- ","- ",36.761020000000002,-121.65837000000001,MONTEREY,UNINCORPORATED,-121.65541869,36.754665510000002
90620955,2017,2017-12-19,9730,2017-12-08,1827,020899,,5,2,9,2700,0,1,2,,1,030,"US-101 NORTHBOUND","FRONT STREET",63.00,S,N,A,-,Y,,,101,,,,,,N,Y,3,0,1,2,A,-,07,21658,A,N,B,C,A,A,H,-,C,D,0,,,,Y,Y,,A,01,0,1,0,0,0,0,0,0,0,"- ","- ",36.431229999999999,-121.33703,MONTEREY,UNINCORPORATED,-121.33701277999999,36.431235770000001
90620976,2017,2017-12-19,9730,2017-12-09,1825,020057,,6,2,9,2700,0,1,2,,1,030,"US-101 S/B","OLD STAGE RD",5280.00,N,N,A,-,Y,,,101,,,,,,S,N,4,0,1,2,A,-,03,22350,,M,C,C,A,A,H,-,D,D,0,,,,,Y,,-,99,0,0,1,0,0,0,0,0,0,"- ","- ",36.532640000000001,-121.4768,MONTEREY,UNINCORPORATED,-121.47682669,36.532608760000002
8402165,2017,2017-07-28,2712,2017-06-12,1807,1073,2712,1,5,3,2712,0,0,0,,0,001,"DEL MONTE BL","PALM AV",55.00,S,N,A,-,N,,,,,,,,,,N,4,0,1,3,A,-,03,22350,,N,C,C,A,A,H,-,A,A,0,,,,,Y,,A,07,0,0,1,0,0,0,0,0,0,"- ","- ",,,MONTEREY,MARINA,-121.80379768,36.683332319999998
8402617,2017,2017-07-14,2707,2017-06-04,1155,2215,2707,7,5,3,2707,0,0,0,,0,001,"GIBSON AV","WALNUT ST",5.00,E,N,A,-,N,,,,,,,,,,N,3,0,1,2,A,-,11,21954,A,N,G,B,D,A,H,-,A,A,0,Y,,,,Y,,N,60,0,1,0,0,1,0,0,0,0,"- ","- ",,,MONTEREY,"PACIFIC GROVE",-121.92741387,36.618085559999997
8402640,2017,2017-07-12,2707,2017-05-30,1020,2221,2707,2,5,3,2707,0,0,0,,0,001,"DAVID AV","CONGRESS AV",0.00,,Y,B,-,N,,,,,,,,,,Y,4,0,1,4,D,-,00,,,N,A,C,A,A,H,-,A,D,0,,,,,Y,,-,"- ",0,0,1,0,0,0,0,0,0,"- ","- ",,,MONTEREY,"PACIFIC GROVE",-121.9288799,36.60560006
8404654,2017,2018-05-23,2706,2017-08-15,0018,395,MPD,2,5,4,2706,0,0,0,,0,003,"DEL MONTE AV","CASA VERDE WY",0.00,,Y,A,-,N,,,,,,,,,,N,1,1,0,2,A,-,01,23152,A,N,E,I,A,A,H,-,C,A,0,,,,,Y,Y,A,01,0,0,0,0,0,0,0,0,0,"- ","- ",,,MONTEREY,MONTEREY,-121.86659989,36.602080010000002
8404775,2018,2018-06-09,2708,2018-04-12,1209,71633,SALIN,4,5,6,2708,0,0,0,,0,001,"ABBOTT ST","HARKINS RD",1700.00,S,N,A,-,N,,,,,,,,,,Y,1,1,3,2,A,-,08,22100,B,N,D,C,A,A,H,-,A,D,0,,,,,Y,,-,,2,1,0,0,0,0,0,0,0,"- ","- ",,,MONTEREY,SALINAS,-121.62166595458984,36.651222229003906
8404813,2018,2018-06-25,2708,2018-03-11,2148,25182,,7,5,6,2708,0,0,0,,0,002,"HARDEN PKWY","REGENCY CIR",30.00,E,N,A,-,N,,,,,,,,,,Y,1,1,1,3,A,-,03,22350,,N,B,C,A,A,H,-,C,D,0,,,,,Y,,-,,0,0,1,0,0,0,0,0,0,"- ","- ",,,MONTEREY,SALINAS,-121.64916229248047,36.713443756103516
8404908,2018,2018-07-11,2705,2018-02-03,1319,K22959,2705,6,5,3,2705,0,0,0,,0,"02 10","S 1ST ST","LONOAK RD",300.00,N,N,A,-,N,,,,,,,,,,Y,1,1,2,4,A,-,16,24002,A,N,G,B,F,A,H,-,A,D,0,Y,,,,Y,,D,22,1,1,0,1,2,0,0,0,0,"- ","- ",,,MONTEREY,"KING CITY",-121.11747741699219,36.207283020019531
8405346,2017,2017-07-17,2706,2017-06-26,1458,031,2706,1,5,4,2706,0,0,0,,0,002,"GLENWOOD CIR","VIA LAVANDERA",0.00,,N,A,-,N,,,,,,,,,,Y,4,0,1,2,D,-,00,,,N,A,C,A,A,H,-,A,D,0,,,Y,,Y,,-,"- ",0,0,1,0,0,0,0,0,1,"- ","- ",,,MONTEREY,MONTEREY,-121.88219986999999,36.59235005
8406324,2017,2017-08-07,2708,2017-06-26,0614,59989,,1,5,6,2708,0,0,0,,0,001,"NORTH MAIN ST","MASSA ST",160.00,N,N,A,-,N,,,,,,,,,,Y,4,0,1,2,A,-,09,21804,A,N,D,C,A,A,H,-,A,D,0,,,,,Y,,-,,0,0,1,0,0,0,0,0,0,"- ","- ",,,MONTEREY,SALINAS,-121.65634048,36.726199479999998
8406328,2017,2017-08-07,2708,2017-06-19,0756,71633,SALIN,1,5,6,2708,0,0,0,,0,006,"WEST LAUREL DR","NORTH DAVIS RD",0.00,,Y,A,-,N,,,,,,,,,,Y,3,0,1,2,A,-,12,21453,A,N,A,C,A,A,H,-,A,B,0,,,,,Y,,-,,0,1,0,0,0,0,0,0,0,"- ","- ",,,MONTEREY,SALINAS,-121.66808987,36.697910100000001
8406332,2017,2017-08-07,2708,2017-06-04,0957,49532,SALIN,7,5,6,2708,0,0,0,,0,007,"IVERSON ST","WOODSIDE DR",100.00,N,N,A,-,N,,,,,,,,,,Y,3,0,3,1,A,-,03,22350,,N,E,I,A,A,H,-,A,A,0,,,,,Y,,-,,0,1,2,0,0,0,0,0,0,"- ","- ",,,MONTEREY,SALINAS,-121.66774295,36.662000450000001
8406336,2017,2017-08-07,2708,2017-06-07,1751,30350,,3,5,6,2708,0,0,0,,0,010,"NORTH MADEIRA AV","HILLTOP DR",20.00,E,N,A,-,N,,,,,,,,,,N,4,0,1,2,A,-,09,21804,A,N,D,C,A,A,H,-,A,D,0,,,,,Y,,-,,0,0,1,0,0,0,0,0,0,"- ","- ",,,MONTEREY,SALINAS,-121.62274069999999,36.682935090000001
90621268,2017,2017-12-20,9730,2017-12-11,0755,018350,,1,1,9,2700,0,3,5,,2,005,"NATIVIDAD ROAD","ROGGE ROAD",1584.00,N,N,A,-,N,,,,,,,,,,Y,3,0,3,3,A,-,03,22350,,N,C,C,A,A,H,-,A,D,0,,,,,Y,,A,07,0,1,2,0,0,0,0,0,0,"- ","- ",36.729610000000001,-121.61459000000001,MONTEREY,UNINCORPORATED,-121.61224147999999,36.731244259999997
90621406,2017,2017-12-20,9735,2017-12-15,1245,020057,,5,1,9,2700,0,1,2,,2,042,"US-101 N/B","FIRST ST.",1584.00,N,N,A,-,Y,,,101,,,,,,N,Y,3,0,1,2,A,-,08,22107,,N,C,C,A,A,H,-,A,D,0,,,,Y,Y,,A,01,0,1,0,0,0,0,0,0,0,"- ","- ",36.202010000000001,-121.11745999999999,MONTEREY,UNINCORPORATED,-121.11745974,36.2020123
90621584,2017,2017-12-20,9730,2017-12-09,1510,020057,,6,2,9,2700,0,3,5,,2,006,"RESERVATION RD","INTER-GARRISON RD",0.00,,Y,A,-,N,,,,,,,,,,Y,4,0,1,2,A,-,12,21453,A,F,D,C,A,A,H,-,A,A,0,,,,,Y,,A,01,0,0,1,0,0,0,0,0,0,"- ","- ",36.659700000000001,-121.74160000000001,MONTEREY,UNINCORPORATED,-121.74177991000001,36.659680109999996
90621629,2017,2017-12-20,9730,2017-12-16,0150,020576,,6,3,9,2700,0,3,5,,2,002,"LAURELES GRADE","RINCONADA DRIVE",1584.00,S,N,A,-,N,,,,,,,,,,Y,3,0,1,1,A,-,01,23152,A,N,E,I,A,A,H,-,D,D,0,,,,,Y,Y,A,01,0,1,0,0,0,0,0,0,0,"- ","- ",36.533290000000001,-121.74993000000001,MONTEREY,UNINCORPORATED,-121.75,36.534588720000002
90621876,2017,2017-12-20,9730,2017-12-13,0400,019127,,3,3,9,2700,0,3,5,,2,007,"PRUNEDALE NORTH ROAD","FIRSH ROAD",250.00,S,N,A,-,N,,,,,,,,,,Y,2,0,1,1,A,-,08,22107,,N,E,I,A,A,H,-,D,D,0,,,,,Y,,A,01,1,0,0,0,0,0,0,0,0,"- ","- ",36.792830000000002,-121.66802,MONTEREY,UNINCORPORATED,,
90621943,2017,2017-12-20,9730,2017-12-11,1745,021120,,1,2,9,2700,0,1,3,,1,072,SR-156,"CATHEDRAL OAK RD.",0.00,,Y,A,-,Y,,,156,,,,,,,Y,2,0,2,2,A,-,09,21802,A,N,D,C,A,A,H,-,A,D,0,,,,,Y,,A,01,1,1,0,0,0,0,0,0,0,"- ","- ",36.776629999999997,-121.71513,MONTEREY,UNINCORPORATED,-121.71512762,36.776622009999997
90622401,2017,2017-12-21,9730,2017-12-14,1915,021359,,4,2,9,2700,0,1,2,,1,030,"US-101 N/B","MAIN ST. (CHUALAR)",10560.00,S,N,A,-,Y,,,101,,,,,,N,Y,3,0,1,1,A,-,08,22107,,N,E,I,A,A,H,-,D,D,0,,,,,Y,,A,07,0,1,0,0,0,0,0,0,0,"- ","- ",36.54372,-121.48976999999999,MONTEREY,UNINCORPORATED,-121.48981165000001,36.543667050000003
90622584,2017,2017-12-21,9730,2017-12-14,0925,018350,,4,1,9,2700,0,1,2,,1,070,"US-101 N/B","MESSICK ROAD",528.00,N,N,A,-,Y,,,101,,,,,,N,N,4,0,2,3,A,-,03,22350,,N,C,C,A,A,D,-,A,D,0,,,,,Y,,A,08,0,0,2,0,0,0,0,0,0,"- ","- ",36.801569999999998,-121.66032,MONTEREY,UNINCORPORATED,-121.66031014000001,36.801538639999997
90622663,2017,2017-12-21,9735,2017-12-16,2137,020057,,6,2,9,2700,0,1,2,,2,045,"US-101 S/B","EAST GARRISON O/C",7920.00,N,N,A,-,Y,,,101,,,,,,S,Y,4,0,2,2,A,-,03,22350,,N,C,C,A,A,H,-,D,D,0,,,,Y,Y,,F,55,0,0,2,0,0,0,0,0,0,"- ","- ",35.83708,-120.75803000000001,MONTEREY,UNINCORPORATED,-120.75799211,35.837075280000001
90622748,2017,2017-12-21,9730,2017-12-11,0130,021856,,1,3,9,2700,0,3,5,,2,007,"ELKHORN ROAD","COMPAGNA WAY",1056.00,N,N,A,-,N,,,,,,,,,,Y,3,0,1,1,A,-,01,23152,A,N,F,A,A,A,H,-,D,D,0,,,,,Y,Y,A,01,0,1,0,0,0,0,0,0,0,"- ","- ",36.837699999999998,-121.73287000000001,MONTEREY,UNINCORPORATED,-121.73315559,36.838346960000003
90624942,2017,2017-12-22,9730,2017-12-16,0835,018886,,6,1,9,2700,0,2,4,,1,073,"SAN MIGUEL CANYON ROAD","APRICOT LANE",0.00,,Y,A,-,N,,,,,,,,,,N,2,0,1,2,A,-,09,21801,A,N,H,G,A,A,H,-,A,D,0,,Y,,,Y,,D,22,1,0,0,0,0,0,1,0,0,"- ","- ",36.854080000000003,-121.69183,MONTEREY,UNINCORPORATED,-121.69191988,36.854070020000002
8406340,2017,2017-08-07,2708,2017-06-22,2027,54871,,4,5,6,2708,0,0,0,,0,006,"NORTH DAVIS RD","WESTRIDGE PKWY",755.00,N,N,A,-,N,,,,,,,,,,Y,4,0,1,2,A,-,09,21801,A,N,D,C,A,A,H,-,C,D,0,,,,,Y,,-,,0,0,1,0,0,0,0,0,0,"- ","- ",,,MONTEREY,SALINAS,-121.66624166,36.705989870000003
8406344,2017,2017-08-07,2708,2017-06-23,0857,75635,SALIN,5,5,6,2708,0,0,0,,0,,"CAPITOL ST","ARCHER ST",45.00,S,N,A,-,N,,,,,,,,,,Y,4,0,1,3,A,-,08,22107,,N,B,C,A,A,H,-,A,D,0,,,,,Y,,-,,0,0,1,0,0,0,0,0,0,"- ","- ",,,MONTEREY,SALINAS,-121.66090398999999,36.676958159999998
8406348,2017,2017-08-07,2708,2017-06-21,1000,74130,SALIN,3,5,6,2708,0,0,0,,0,007,"WEST BLANCO RD",RIKER,0.00,,Y,A,-,N,,,,,,,,,,Y,4,0,2,5,A,-,03,22350,,N,C,C,A,A,H,-,A,A,0,,,,,Y,,-,,0,0,2,0,0,0,0,0,0,"- ","- ",,,MONTEREY,SALINAS,-121.66511998999999,36.6588201
8406352,2017,2017-08-07,2708,2017-06-12,2114,58964,SPD,1,5,6,2708,0,0,0,,0,007,"WEST BLANCO RD","S RIKER ST",0.00,,Y,A,-,N,,,,,,,,,,Y,3,0,2,2,A,-,12,21453,A,N,-,C,A,A,H,-,C,A,0,,,,,Y,,A,01,0,1,1,0,0,0,0,0,0,"- ","- ",,,MONTEREY,SALINAS,-121.66511998999999,36.6588201
8406356,2017,2017-08-07,2708,2017-06-14,0305,74764,,3,5,6,2708,0,0,0,,0,009,"WORK ST","WORK CIR",1240.00,E,N,A,-,N,,,,,,,,,,Y,3,0,1,2,A,-,03,22350,,N,C,E,A,A,G,-,C,D,0,,,,,Y,,-,,0,1,0,0,0,0,0,0,0,"- ","- ",,,MONTEREY,SALINAS,-121.63761506,36.665703690000001
8406360,2017,2017-08-07,2708,2017-06-18,1203,53269,,7,5,6,2708,0,0,0,,0,001,"SAN JUAN GRADE RD","BORONDA RD",0.00,,Y,A,-,N,,,,,,,,,,N,4,0,1,2,A,-,07,21658,A,N,-,C,A,A,H,-,A,A,0,,,,,Y,,-,,0,0,1,0,0,0,0,0,0,"- ","- ",,,MONTEREY,SALINAS,-121.65117988999999,36.719790109999998
8406363,2017,2017-08-04,2708,2017-06-07,2200,06240,WPC,3,5,6,2708,0,0,0,,0,005,"WEST LAUREL DR","ADAMS ST",0.00,,Y,A,-,N,,,,,,,,,,Y,2,0,1,2,A,-,09,21801,A,N,A,C,A,A,H,-,C,A,0,,,,,Y,,-,,1,0,0,0,0,0,0,0,0,"- ","- ",,,MONTEREY,SALINAS,-121.66245999,36.698010089999997
8406367,2017,2017-08-04,2708,2017-06-05,1642,54871,MUNI,1,5,6,2708,0,0,0,,0,010,"EAST MARKET ST","KERN ST",55.00,E,N,A,-,N,,,,,,,,,,N,4,0,1,2,A,-,09,21804,A,N,D,C,A,A,H,-,A,D,0,,,,,Y,,-,,0,0,1,0,0,0,0,0,0,"- ","- ",,,MONTEREY,SALINAS,-121.63989434,36.67736841
8406371,2017,2017-08-04,2708,2017-06-08,1500,37663,TARS,4,5,6,2708,0,0,0,,0,011,"NORTH SANBORN RD","GARNER AV",0.00,,Y,A,-,N,,,,,,,,,,N,4,0,1,2,A,-,12,21453,A,N,D,C,A,A,H,-,A,A,0,,,,,Y,,-,,0,0,1,0,0,0,0,0,0,"- ","- ",,,MONTEREY,SALINAS,-121.61513994000001,36.686210070000001
8406375,2017,2017-08-04,2708,2017-06-05,1911,54353,WPC,1,5,6,2708,0,0,0,,0,002,"ROCHEX AV","CRESCENT WY",0.00,,Y,A,-,N,,,,,,,,,,Y,3,0,1,3,A,-,01,23152,A,N,E,E,A,A,H,-,A,D,0,,,,,Y,Y,-,,0,1,0,0,0,0,0,0,0,"- ","- ",,,MONTEREY,SALINAS,-121.66026988,36.702020099999999
8406379,2017,2017-08-04,2708,2017-06-02,1724,58212,WPC,5,5,6,2708,0,0,0,,0,004,"EAST LAUREL DR","NATIVIDAD RD",425.00,E,N,A,-,N,,,,,,,,,,Y,4,0,1,3,A,-,07,21658,A,N,C,C,A,A,H,-,A,A,0,,,,,Y,,-,,0,0,1,0,0,0,0,0,0,"- ","- ",,,MONTEREY,SALINAS,-121.63690445,36.695986070000004
8406383,2017,2017-08-04,2708,2017-06-15,1930,04125,WPC,4,5,6,2708,0,0,0,,0,003,"BORONDA RD","NATIVIDAD RD",190.00,W,N,A,-,N,,,,,,,,,,Y,4,0,1,3,A,-,01,23152,A,F,C,C,A,A,H,-,A,A,0,,,,,Y,Y,-,,0,0,1,0,0,0,0,0,0,"- ","- ",,,MONTEREY,SALINAS,-121.62416013000001,36.715622840000002
90624944,2017,2017-12-22,9730,2017-12-16,1323,020424,,6,1,6,2708,0,1,2,,1,050,"US-101 NORTHBOUND","AIRPORT BOULEVARD",1056.00,N,N,A,-,Y,,,101,,,,,,N,Y,3,0,1,2,A,-,07,21658,A,N,B,C,A,A,H,-,A,D,0,,,,Y,Y,,A,01,0,1,0,0,0,0,0,0,0,"- ","- ",36.664020000000001,-121.6247,MONTEREY,SALINAS,-121.62469737000001,36.664022070000001
90624946,2017,2017-12-22,9730,2017-12-17,1040,018886,,7,1,9,2700,0,2,4,,1,075,"SAN JUAN ROAD","CARPENTERIA ROAD",1056.00,E,N,A,-,N,,,,,,,,,,N,4,0,1,2,A,-,03,22350,,N,C,C,A,A,H,-,A,D,0,,,,,Y,,D,22,0,0,1,0,0,0,0,0,0,"- ","- ",36.858919999999998,-121.65004999999999,MONTEREY,UNINCORPORATED,-121.65011418,36.859038460000001
90625033,2017,2017-12-22,9730,2017-12-15,0805,015160,,5,1,9,2700,0,3,5,,2,007,"WESTBOUND CASTROVILLE BLVD","SOUTHBOUND CASTROVILLE BLVD",0.00,,Y,A,-,N,,,,,,,,,,Y,3,0,1,2,A,-,09,21801,A,N,B,C,A,A,H,-,A,D,0,,,,,Y,,A,07,0,1,0,0,0,0,0,0,0,"- ","- ",36.796419999999998,-121.7239,MONTEREY,UNINCORPORATED,-121.74367991,36.769960050000002
90625084,2017,2017-12-22,9730,2017-12-15,2035,021888,,5,2,9,2700,0,2,4,,1,073,"SAN MIGUEL CANYON ROAD","MORO ROAD",0.00,,Y,A,-,N,,,,,,,,,,Y,3,0,2,3,A,-,03,22350,,N,A,C,A,A,H,-,C,A,0,,,,,Y,Y,A,01,0,2,0,0,0,0,0,0,0,"- ","- ",36.802750000000003,-121.66674999999999,MONTEREY,UNINCORPORATED,-121.66671997,36.802670059999997
90625117,2017,2017-12-22,9730,2017-12-16,2058,021320,,6,2,9,2700,0,3,5,,2,006,"ALISAL ROAD","BLANCO ROAD",0.00,,Y,A,-,N,,,,,,,,,,Y,3,0,3,2,A,-,01,23152,A,F,D,C,A,A,H,-,C,A,0,,,,,Y,Y,A,01,0,2,1,0,0,0,0,0,0,"- ","- ",36.664189999999998,-121.67815,MONTEREY,UNINCORPORATED,-121.67816000000001,36.664090109999997
90625660,2017,2017-12-25,9730,2017-12-15,0750,021707,,5,1,9,2700,0,1,3,,2,062,"SR-1 S/B","FREMONT BLVD",1056.00,N,N,A,-,Y,,,1,,,,,,S,Y,4,0,1,3,A,-,03,22350,,N,C,C,A,A,H,-,A,D,0,,,,,Y,,A,07,0,0,1,0,0,0,0,0,0,"- ","- ",36.627450000000003,-121.83869,MONTEREY,UNINCORPORATED,-121.83877029999999,36.62749839
90626124,2017,2017-12-26,9730,2017-12-17,0130,020391,,7,3,9,2700,0,2,4,,1,023,"CARMEL VALLEY RD","SAN CLEMENTE DR",357.00,W,N,A,-,N,,,,,,,,,,Y,4,0,1,1,A,-,01,23152,G,N,F,A,A,A,H,-,D,D,0,,,,,Y,Y,A,01,0,0,1,0,0,0,0,0,0,"- ","- ",36.450629999999997,-121.70711,MONTEREY,UNINCORPORATED,-121.70684817,36.457671830000002
90626149,2017,2017-12-26,9735,2017-12-16,2236,019700,,6,3,9,2700,0,1,2,,2,043,"US-101 NORTHBOUND","PARIS VALLEY RD",10560.00,S,N,A,-,Y,,,,,,,,,,Y,3,0,2,2,A,-,07,21658,A,N,B,C,A,A,H,-,D,D,0,,,,,Y,,A,01,0,1,1,0,0,0,0,0,0,"- ","- ",36.318660000000001,-120.58193,MONTEREY,UNINCORPORATED,-120.97338965,36.056305559999998
90626186,2017,2017-12-26,9735,2017-12-16,2010,020710,,6,2,9,2700,0,1,3,,1,034,SR-198,"PINE VALLEY RD",11088.00,E,N,A,-,N,,,198,,,,,,,Y,2,0,2,2,A,-,05,21460,A,N,A,C,A,A,H,-,D,D,0,,,,Y,Y,,G,25,2,0,0,0,0,0,0,0,0,"- ","- ",36.18383,-120.84626,MONTEREY,UNINCORPORATED,-120.84629786000001,36.183860879999997
90626342,2017,2017-12-26,9730,2017-12-18,1717,020208,,1,2,9,2700,0,1,3,,1,022,SR-1,"SR-68 HOLMAN HIGHWAY",2006.00,S,N,A,-,Y,,,1,,,,,,,N,4,0,1,3,A,-,07,21658,A,N,C,C,A,A,H,-,D,D,0,,,,,Y,,-,99,0,0,1,0,0,0,0,0,0,"- ","- ",36.569099999999999,-121.91248,MONTEREY,UNINCORPORATED,-121.91244681000001,36.569098160000003
90627075,2017,2017-12-26,9730,2017-12-22,1640,021888,,5,2,4,2706,0,1,3,,2,062,"SR-1 S/B","SLOAT AVE",1100.00,N,N,A,-,Y,,,1,,,,,,S,Y,3,0,1,2,A,-,01,23152,A,N,B,C,A,A,H,-,A,D,0,,,,,Y,Y,A,01,0,1,0,0,0,0,0,0,0,"- ","- ",36.593940000000003,-121.87338,MONTEREY,MONTEREY,-121.8733995,36.594058029999999
8406387,2017,2017-08-04,2708,2017-06-08,0640,54370,,4,5,6,2708,0,0,0,,0,072,"WILLIAMS RD","ALMA AV",0.00,,Y,A,-,N,,,,,,,,,,Y,4,0,1,2,A,-,09,21802,A,N,A,C,A,A,H,-,A,D,0,,,,,Y,,-,,0,0,1,0,0,0,0,0,0,"- ","- ",,,MONTEREY,SALINAS,-121.60945993,36.678270019999999
8406391,2017,2017-08-04,2708,2017-06-17,0042,59989,SALIN,6,5,6,2708,0,0,0,,0,006,"NORTH DAVIS RD","LARKIN ST",245.00,N,N,A,-,N,,,,,,,,,,N,2,0,1,2,A,-,11,21954,A,F,G,B,D,A,H,-,C,A,0,Y,,,,Y,,N,60,1,0,0,0,1,0,0,0,0,"- ","- ",,,MONTEREY,SALINAS,-121.66847894,36.694409970000002
8406395,2017,2017-08-04,2708,2017-06-01,0455,54871,,4,5,6,2708,0,0,0,,0,009,"HARKINS RD","LIGHT POLE  3771",80.00,E,N,A,-,N,,,,,,,,,,Y,4,0,1,2,A,-,03,22350,,N,C,C,A,A,H,-,B,D,0,,,,,Y,,-,,0,0,1,0,0,0,0,0,0,"- ","- ",,,MONTEREY,SALINAS,,
8406399,2017,2017-08-04,2708,2017-06-30,1441,53260,,5,5,6,2708,0,0,0,,0,012,"WILLIAMS RD","BORONDA RD",639.00,N,N,A,-,N,,,,,,,,,,Y,2,0,3,1,C,-,18,,,N,-,I,A,A,H,-,A,D,0,,,,,Y,,-,"- ",1,1,1,0,0,0,0,0,0,"- ","- ",,,MONTEREY,SALINAS,-121.58893746,36.690010319999999