CASE_ID,ACCIDENT_YEAR,PROC_DATE,JURIS,COLLISION_DATE,COLLISION_TIME,OFFICER_ID,REPORTING_DISTRICT,DAY_OF_WEEK,CHP_SHIFT,POPULATION,CNTY_CITY_LOC,SPECIAL_COND,BEAT_TYPE,CHP_BEAT_TYPE,CITY_DIVISION_LAPD,CHP_BEAT_CLASS,BEAT_NUMBER,PRIMARY_RD,SECONDARY_RD,DISTANCE,DIRECTION,INTERSECTION,WEATHER_1,WEATHER_2,STATE_HWY_IND,CALTRANS_COUNTY,CALTRANS_DISTRICT,STATE_ROUTE,ROUTE_SUFFIX,POSTMILE_PREFIX,POSTMILE,LOCATION_TYPE,RAMP_INTERSECTION,SIDE_OF_HWY,TOW_AWAY,COLLISION_SEVERITY,NUMBER_KILLED,NUMBER_INJURED,PARTY_COUNT,PRIMARY_COLL_FACTOR,PCF_CODE_OF_VIOL,PCF_VIOL_CATEGORY,PCF_VIOLATION,PCF_VIOL_SUBSECTION,HIT_AND_RUN,TYPE_OF_COLLISION,MVIW,PED_ACTION,ROAD_SURFACE,ROAD_COND_1,ROAD_COND_2,LIGHTING,CONTROL_DEVICE,CHP_ROAD_TYPE,PEDESTRIAN_ACCIDENT,BICYCLE_ACCIDENT,MOTORCYCLE_ACCIDENT,TRUCK_ACCIDENT,NOT_PRIVATE_PROPERTY,ALCOHOL_INVOLVED,STWD_VEHTYPE_AT_FAULT,CHP_VEHTYPE_AT_FAULT,COUNT_SEVERE_INJ,COUNT_VISIBLE_INJ,COUNT_COMPLAINT_PAIN,COUNT_PED_KILLED,COUNT_PED_INJURED,COUNT_BICYCLIST_KILLED,COUNT_BICYCLIST_INJURED,COUNT_MC_KILLED,COUNT_MC_INJURED,PRIMARY_RAMP,SECONDARY_RAMP,LATITUDE,LONGITUDE,COUNTY,CITY,POINT_X,POINT_Y
8406586,2017,2017-07-20,2708,2017-05-26,1241,70843,,5,5,6,2708,0,0,0,,0,,"NORTH DAVIS RD","WEST ROSSI ST",0.00,,Y,A,-,N,,,,,,,,,,N,4,0,2,2,A,-,03,22350,,N,C,C,A,A,H,-,A,A,0,,,,,Y,,-,,0,0,2,0,0,0,0,0,0,"- ","- ",,,MONTEREY,SALINAS,-121.67192991,36.68842008
8408047,2017,2017-07-24,2708,2017-05-18,1301,13133,,4,5,6,2708,0,0,0,,0,,"W ALISAL ST","LINCOLN AV",0.00,,Y,A,-,N,,,,,,,,,,Y,4,0,1,2,A,-,12,21453,A,N,D,C,A,A,H,-,A,A,0,,,,,Y,,-,,0,0,1,0,0,0,0,0,0,"- ","- ",,,MONTEREY,SALINAS,-121.65684994999999,36.673520089999997
8408055,2017,2017-07-24,2708,2017-05-13,1530,52823,,6,5,6,2708,0,0,0,,0,,"E ALISAL ST","LINCOLN ST",0.00,,Y,A,-,N,,,,,,,,,,N,3,0,2,2,A,-,12,21453,A,N,A,C,A,A,H,-,A,A,0,,,,,Y,,-,"- ",0,1,1,0,0,0,0,0,0,"- ","- ",,,MONTEREY,SALINAS,-121.65684994999999,36.673520089999997
8408743,2017,2017-08-07,2710,2017-06-15,1009,32771,,4,5,4,2710,0,0,0,,0,,"LIGHT FIGHTER","1ST AV",0.00,,Y,A,-,N,,,,,,,,,,Y,4,0,3,3,A,-,12,21453,A,N,D,C,A,A,H,-,A,A,0,,,,,Y,,A,01,0,0,3,0,0,0,0,0,0,"- ","- ",,,MONTEREY,SEASIDE,-121.81207986,36.647740059999997
8409084,2017,2017-07-21,2708,2017-05-21,2154,54353,,7,5,6,2708,0,0,0,,0,005,"ADAMS ST","WEST LAUREL DR",245.00,N,N,A,-,N,,,,,,,,,,Y,4,0,1,3,A,-,05,21650,,N,B,D,A,A,H,-,C,D,0,,,,,Y,,-,,0,0,1,0,0,0,0,0,0,"- ","- ",,,MONTEREY,SALINAS,-121.662605,36.698672870000003
8409156,2017,2017-07-20,2710,2017-05-10,0808,40399,,3,5,4,2710,0,0,0,,0,008,"NOCHE BUENA ST","KIMBALL AV",0.00,,Y,A,-,N,,,,,,,,,,N,4,0,1,2,A,-,10,21950,,N,G,B,-,A,H,-,A,A,0,Y,,,,Y,,A,07,0,0,1,0,1,0,0,0,0,"- ","- ",,,MONTEREY,SEASIDE,-121.83795999,36.599530039999998
8409163,2017,2017-07-24,2708,2017-05-13,2222,85123,,6,5,6,2708,0,0,0,,0,002,"NORTH MAIN ST","HARDEN PKWY",0.00,,Y,A,-,N,,,,,,,,,,N,4,0,1,2,A,-,12,21453,A,F,D,C,A,A,H,-,C,-,0,,,,,Y,,-,,0,0,1,0,0,0,0,0,0,"- ","- ",,,MONTEREY,SALINAS,-121.65452995,36.713290010000001
8409164,2017,2017-07-24,2708,2017-05-25,1635,58964,SPD,4,5,6,2708,0,0,0,,0,009,"ABBOTT ST",ALAMEDA,0.00,,Y,A,-,N,,,,,,,,,,N,3,0,1,2,A,-,06,21951,,N,D,G,A,A,H,-,A,D,0,,Y,,,Y,,-,,0,1,0,0,0,0,1,0,0,"- ","- ",,,MONTEREY,SALINAS,-121.64393990000001,36.665500100000003
8409167,2017,2017-07-24,2708,2017-05-24,0731,76948,,3,5,6,2708,0,0,0,,0,005,"IRIS DR","LUPIN DR",0.00,,Y,A,-,N,,,,,,,,,,Y,4,0,1,2,A,-,09,21802,A,N,D,C,A,A,H,-,A,A,0,,,,,Y,,-,,0,0,1,0,0,0,0,0,0,"- ","- ",,,MONTEREY,SALINAS,-121.65373999000001,36.693240009999997
8409168,2017,2017-07-24,2708,2017-05-22,1401,53269,,1,5,6,2708,0,0,0,,0,005,"EAST LAUREL DR","MARYAL DR",0.00,,Y,A,-,N,,,,,,,,,,Y,3,0,2,3,A,-,12,21453,A,N,D,C,A,A,H,-,A,A,0,,,,,Y,,-,,0,1,1,0,0,0,0,0,0,"- ","- ",,,MONTEREY,SALINAS,-121.64687991,36.698230100000004
8409170,2017,2017-07-24,2708,2017-05-17,0017,56525,SALIN,3,5,6,2708,0,0,0,,0,010,"JOHN ST","S WOOD ST",136.00,W,N,A,-,N,,,,,,,,,,Y,4,0,1,2,A,-,03,22350,,N,C,C,A,A,H,-,C,D,0,,,,,Y,,-,,0,0,1,0,0,0,0,0,0,"- ","- ",,,MONTEREY,SALINAS,-121.63639120000001,36.670409530000001
8409171,2017,2017-07-24,2708,2017-05-17,1734,34245,,3,5,6,2708,0,0,0,,0,004,"EAST LAUREL DR","NATIVIDAD RD",150.00,E,N,A,-,N,,,,,,,,,,N,4,0,2,3,A,-,04,21703,,N,C,C,A,A,H,-,A,A,0,,,,,Y,,-,,0,0,2,0,0,0,0,0,0,"- ","- ",,,MONTEREY,SALINAS,-121.63780097999999,36.696208609999999
8409172,2017,2017-07-24,2708,2017-05-22,0729,97440,,1,5,6,2708,0,0,0,,0,,"CONSTITUTION BL","LAS CASITAS DR",0.00,,Y,A,-,N,,,,,,,,,,Y,4,0,1,2,A,-,09,21804,A,N,A,C,A,A,H,-,A,D,0,,,,,Y,,-,,0,0,1,0,0,0,0,0,0,"- ","- ",,,MONTEREY,SALINAS,-121.61258991,36.698780040000003
8409174,2017,2017-07-24,2708,2017-05-24,1558,74686,,3,5,6,2708,0,0,0,,0,,"WILLIAMS RD","MONTE BELLA",250.00,S,N,B,-,N,,,,,,,,,,Y,4,0,1,3,A,-,03,22350,,N,C,C,A,A,H,-,A,A,0,,,,,Y,,-,,0,0,1,0,0,0,0,0,0,"- ","- ",,,MONTEREY,SALINAS,-121.60116635999999,36.683013610000003
8409175,2017,2017-07-24,2708,2017-05-02,1435,52823,,2,5,6,2708,0,0,0,,0,,"LARKIN ST","NORTH DAVIS RD",0.00,,Y,A,-,N,,,,,,,,,,N,3,0,1,2,A,-,11,21456,B,N,G,B,B,A,H,-,A,A,0,Y,,,,Y,,N,60,0,1,0,0,1,0,0,0,0,"- ","- ",,,MONTEREY,SALINAS,-121.66839997,36.69374002
8409176,2017,2017-07-24,2708,2017-05-09,1730,58212,MUNI,2,5,6,2708,0,0,0,,0,,"EAST LAUREL DR","NATIVIDAD RD",0.00,,Y,A,-,N,,,,,,,,,,Y,4,0,1,2,A,-,03,22350,,N,C,C,A,A,H,-,A,A,0,,,Y,,Y,,C,02,0,0,1,0,0,0,0,0,1,"- ","- ",,,MONTEREY,SALINAS,-121.63828998,36.696330019999998
8409178,2017,2017-07-24,2708,2017-05-26,0729,07661,,5,5,6,2708,0,0,0,,0,004,"GEORGETOWN WY","BUNKER HILL WY",0.00,,Y,B,-,N,,,,,,,,,,Y,4,0,1,2,A,-,09,21801,A,N,D,C,A,A,H,-,A,D,0,,,,,Y,,-,,0,0,1,0,0,0,0,0,0,"- ","- ",,,MONTEREY,SALINAS,-121.61485994,36.701340039999998
8409179,2017,2017-07-24,2708,2017-05-12,0420,06240,,5,5,6,2708,0,0,0,,0,,"NORTH MAIN ST","WEST LAUREL DR",0.00,,Y,A,-,N,,,,,,,,,,Y,4,0,1,2,A,-,12,21453,A,N,D,C,A,A,H,-,C,A,0,,,,,Y,,-,,0,0,1,0,0,0,0,0,0,"- ","- ",,,MONTEREY,SALINAS,-121.65202986,36.699320010000001
8409180,2017,2018-03-16,2708,2017-05-17,1425,17987,,3,5,6,2708,0,0,0,,0,,"NORTH MAIN ST","CASENTINI ST",40.00,N,N,A,-,Y,MON,5,183,-,-,0.220,H,-,S,N,4,0,1,2,A,-,05,21650,1,N,D,G,A,A,H,-,A,A,0,,Y,,,Y,,L,04,0,0,1,0,0,0,1,0,0,"- ","- ",,,MONTEREY,SALINAS,-121.65298788,36.6837321
8409525,2017,2017-07-24,2712,2017-07-01,1538,1019,2712,6,5,3,2712,0,0,0,,0,001,"SUNSET AV","PALM AV",42.00,S,N,A,-,N,,,,,,,,,,N,2,0,1,2,A,-,11,21954,A,N,D,B,D,A,H,-,A,D,0,Y,,,,Y,,N,60,1,0,0,0,1,0,0,0,0,"- ","- ",,,MONTEREY,MARINA,-121.80102144,36.681999980000001
90627079,2017,2017-12-26,9730,2017-12-19,1550,021888,,2,2,9,2700,0,2,4,,1,073,"ELKHORN ROAD","WERNER ROAD",0.00,,Y,A,-,N,,,,,,,,,,Y,3,0,2,3,A,-,09,21801,A,N,A,C,A,A,H,-,A,D,0,,,,Y,Y,,A,07,0,2,0,0,0,0,0,0,0,"- ","- ",36.87894,-121.74721,MONTEREY,UNINCORPORATED,-121.74722986,36.878980040000002
90627831,2017,2017-12-27,9730,2017-12-20,1438,018810,,3,2,9,2700,0,1,3,,1,024,"SR-68 (HOLMAN HIGHWAY)","SCENIC DRIVE",1056.00,E,N,B,-,Y,,,68,,,,,,,Y,4,0,1,3,A,-,03,22350,,N,C,C,A,A,H,-,A,D,0,,,,,Y,,D,22,0,0,1,0,0,0,0,0,0,"- ","- ",36.57647,-121.91403,MONTEREY,UNINCORPORATED,-121.91406822,36.576412099999999
90627986,2017,2017-12-27,9730,2017-12-21,1950,019981,,4,2,9,2700,0,1,3,,1,068,SR-68,"LAURELES GRADE",120.00,W,N,A,-,Y,,,68,,,,,,,Y,3,0,1,2,A,-,03,22350,,N,C,C,A,A,H,-,C,D,0,,,,,Y,,A,01,0,1,0,0,0,0,0,0,0,"- ","- ",36.569659999999999,-121.75575000000001,MONTEREY,UNINCORPORATED,-121.75574369,36.569701729999998
90628122,2017,2017-12-27,9730,2017-12-21,1142,016666,,4,1,9,2700,0,1,3,,1,024,"SR-68/HOLMAN HIGHWAY","SCENIC DRIVE",1584.00,W,N,A,-,Y,,,68,,,,,,,Y,4,0,2,3,A,-,03,22350,,F,C,C,A,A,H,-,A,D,0,,,,,Y,,A,01,0,0,2,0,0,0,0,0,0,"- ","- ",36.591290000000001,-121.92265,MONTEREY,UNINCORPORATED,-121.92260650999999,36.591309520000003
90628723,2017,2017-12-28,9730,2017-12-25,1618,019239,,1,2,9,2700,0,2,4,,1,023,"CARMEL VALLEY RD","RANA CREEK",370.00,W,N,A,-,N,,,,,,,,,,Y,2,0,1,1,A,-,08,22107,,N,F,A,A,A,H,-,A,D,0,,,Y,,Y,,C,02,1,0,0,0,0,0,0,0,1,"- ","- ",36.441180000000003,-121.64055,MONTEREY,UNINCORPORATED,,
90628944,2017,2017-12-28,9730,2017-12-21,1535,020584,,4,2,9,2700,0,3,5,,2,004,"ALISAL RD.","SCONBERG PKWY.",4752.00,E,N,A,-,N,,,,,,,,,,Y,4,0,3,3,A,-,03,22350,,M,C,C,A,A,H,-,D,D,0,,,,,Y,,A,01,0,0,3,0,0,0,0,0,0,"- ","- ",36.661799999999999,-121.59138,MONTEREY,UNINCORPORATED,-121.59137464,36.661814870000001
90628963,2017,2017-12-28,9730,2017-12-21,2225,021407,,4,3,9,2700,0,2,4,,1,075,"SAN JUAN ROAD","TARPEY ROAD",8.00,W,N,A,-,N,,,,,,,,,,Y,2,0,2,1,A,-,12,22450,A,N,E,I,A,A,H,-,C,D,0,,,,,Y,,A,07,1,0,1,0,0,0,0,0,0,"- ","- ",36.868000000000002,-121.6686,MONTEREY,UNINCORPORATED,-121.66878,36.868099999999998
90628967,2017,2017-12-28,9730,2017-12-27,1550,021888,,3,2,9,2700,0,1,3,,1,072,SR-156,"MONTE DEL LAGO",1056.00,W,N,A,-,Y,,,156,,,,,,,Y,4,0,1,2,A,-,03,22350,,N,C,C,A,A,H,-,A,D,0,,,,,Y,,A,01,0,0,1,0,0,0,0,0,0,"- ","- ",36.772039999999997,-121.73071,MONTEREY,UNINCORPORATED,-121.73071304,36.772051019999999
90629713,2017,2017-12-29,9730,2017-12-22,1330,017184,,5,1,9,2700,0,1,3,,1,012,SR-1,"PARTINGTON CANYON",2640.00,S,N,A,-,Y,,,1,,,,,,,Y,3,0,1,1,A,-,08,22107,,N,E,I,A,A,H,-,A,A,0,,,,,Y,,A,01,0,1,0,0,0,0,0,0,0,"- ","- ",36.173949999999998,-121.69282,MONTEREY,UNINCORPORATED,-121.69272481,36.1739909
90630040,2017,2017-12-29,9730,2017-12-21,1725,021359,,4,2,9,2700,0,1,3,,1,074,SR-1,"DOLAN ROAD",730.00,S,N,A,-,Y,,,1,,,,,,,N,3,0,1,2,A,-,03,22350,,N,H,H,E,A,H,-,C,D,0,Y,,,,Y,,A,07,0,1,0,0,1,0,0,0,0,"- ","- ",36.802030000000002,-121.7837,MONTEREY,UNINCORPORATED,-121.78363494,36.802041619999997
90630090,2017,2017-12-29,9730,2017-12-18,2015,020990,,1,2,9,2700,0,2,4,,1,075,"SAN JUAN ROAD","SUSAN COURT",1150.00,E,N,A,-,N,,,,,,,,,,Y,3,0,1,3,A,-,08,22107,,N,B,E,A,A,H,-,D,D,0,,,,,Y,,A,07,0,1,0,0,0,0,0,0,0,"- ","- ",36.904299999999999,-121.74208,MONTEREY,UNINCORPORATED,-121.74209731000001,36.904359669999998
90630095,2017,2017-12-29,9730,2017-12-21,0710,021707,,4,1,9,2700,0,3,5,,2,005,"SAN JUAN GRADE ROAD","HEBERT ROAD",1584.00,N,N,A,-,N,,,,,,,,,,Y,3,0,4,3,A,-,03,22350,,N,C,C,A,A,H,-,A,D,0,,,,,Y,,A,07,0,3,1,0,0,0,0,0,0,"- ","- ",36.763680000000001,-121.61229,MONTEREY,UNINCORPORATED,-121.61262936,36.76315537
90630643,2017,2018-01-02,9730,2017-12-19,0500,017803,,2,3,9,2700,0,1,3,,1,074,"SR-1 S/B","SALINAS RD",4752.00,N,N,A,-,Y,,,1,,,,,,S,Y,4,0,1,1,A,-,08,22107,,N,E,I,A,A,H,-,D,D,0,,,,,Y,,A,07,0,0,1,0,0,0,0,0,0,"- ","- ",36.883629999999997,-121.77243,MONTEREY,UNINCORPORATED,-121.77250404999999,36.88361836
90630769,2017,2018-01-02,9730,2017-12-24,0230,021338,,7,3,9,2700,0,1,3,,1,074,"SR-1 SB","NASHUA RD O/C",1350.00,N,N,A,-,Y,,,1,,,,,,S,Y,3,0,1,1,A,-,01,23152,A,N,E,I,A,A,H,-,C,D,0,,,,,Y,Y,D,22,0,1,0,0,0,0,0,0,0,"- ","- ",36.749369999999999,-121.76907,MONTEREY,UNINCORPORATED,-121.76900205,36.749320150000003
90630887,2017,2018-01-02,9735,2017-12-22,0105,020168,,5,3,9,2700,0,1,2,,1,041,"US-101 N/B","UNDERWOOD RD",1584.00,S,N,A,-,Y,,,101,,,,,,N,Y,3,0,1,2,A,-,02,22400,A,N,C,C,A,A,H,-,D,D,0,,,,Y,Y,,A,07,0,1,0,0,0,0,0,0,0,"- ","- ",36.296990000000001,-121.21002,MONTEREY,UNINCORPORATED,-121.2100295,36.296961920000001
90630904,2017,2018-01-02,9730,2017-12-23,1340,021856,,6,1,6,2708,0,1,2,,1,050,"US-101 NORTHBOUND","SHERWOOD DRIVE",150.00,N,N,A,-,Y,,,101,,,,,,N,Y,2,0,1,3,A,-,03,22350,,N,C,C,A,A,H,-,A,D,0,,,,,Y,,D,22,1,0,0,0,0,0,0,0,0,"- ","- ",36.68524,-121.64886,MONTEREY,SALINAS,-121.64889596,36.685171850000003
90630928,2018,2018-01-02,9735,2018-01-01,0700,017257,,1,1,9,2700,0,1,3,,1,034,"PEACH TREE RD",SR-198,21120.00,S,N,A,-,N,,,,,,,,,,Y,4,0,1,1,A,-,08,22107,,N,F,I,A,A,H,-,D,A,0,,,,,Y,,D,22,0,0,1,0,0,0,0,0,0,"- ","- ",36.136280059814453,-120.74848175048828,MONTEREY,UNINCORPORATED,-120.76824188232422,36.155845642089844
90631433,2017,2018-01-02,9730,2017-12-28,1726,019981,,4,2,9,2700,0,3,5,,2,002,"SCENIC DRIVE","OCEAN VIEW AVE",120.00,N,N,A,-,N,,,,,,,,,,Y,3,0,1,3,A,-,03,22350,,N,E,I,A,A,H,-,B,D,0,,,,,Y,,A,01,0,1,0,0,0,0,0,0,0,"- ","- ",36.54419,-121.93301,MONTEREY,UNINCORPORATED,-121.93304259,36.544083729999997
90631818,2017,2018-01-09,9730,2017-12-26,1727,020208,,2,2,9,2700,0,1,2,,1,050,"US-101 N/B","MARKET STREET",65.00,S,N,A,-,Y,,,,,,,,,,Y,3,0,5,4,A,-,07,21658,A,N,C,C,A,A,H,-,D,D,0,,,,,Y,,A,01,0,1,4,0,0,0,0,0,0,"- ","- ",36.676270000000002,-121.64102,MONTEREY,UNINCORPORATED,-121.64116869999999,36.677483219999999
90631857,2017,2018-01-03,9730,2017-12-25,0030,020701,,1,3,9,2700,0,2,4,,1,023,"CARMEL VALLEY ROAD","HALDORN ROAD",10.00,W,N,A,-,N,,,,,,,,,,Y,4,0,1,1,A,-,08,22107,,N,E,A,A,A,H,-,D,D,0,,,,,Y,,A,01,0,0,1,0,0,0,0,0,0,"- ","- ",36.5244,-121.79763,MONTEREY,UNINCORPORATED,,
90632182,2017,2018-01-03,9730,2017-12-29,1425,021120,,5,2,9,2700,0,1,3,,2,062,"SR-1 SOUTHBOUND","FREMONT BLVD.",3168.00,N,N,A,-,Y,,,1,,,,,,S,Y,4,0,2,3,A,-,03,22350,,N,C,C,A,A,H,-,A,D,0,,,,,Y,,A,01,0,0,2,0,0,0,0,0,0,"- ","- ",36.631590000000003,-121.83526000000001,MONTEREY,UNINCORPORATED,-121.83528708999999,36.631615230000001
90632652,2017,2018-01-04,9730,2017-12-29,1110,021707,,5,1,9,2700,0,3,5,,2,006,"BLACKIE ROAD",SR-183,10402.00,E,N,A,-,N,,,,,,,,,,Y,3,0,2,2,A,-,05,21460,A,N,B,C,A,A,H,-,A,D,0,,,,,Y,,A,07,0,1,1,0,0,0,0,0,0,"- ","- ",36.772370000000002,-121.71832000000001,MONTEREY,UNINCORPORATED,,
8409669,2017,2017-08-02,2712,2017-07-04,1104,1034,2712,2,5,3,2712,0,0,0,,0,001,"SEACREST AV","CARMEL AV",460.00,N,N,A,-,N,,,,,,,,,,Y,4,0,1,2,A,-,21,22106,,N,D,C,A,A,H,-,A,A,0,,,,,Y,,A,01,0,0,1,0,0,0,0,0,0,"- ","- ",,,MONTEREY,MARINA,-121.79781659,36.683364990000001
8410127,2017,2017-09-08,2706,2017-07-10,1554,121,MPD,1,5,4,2706,0,0,0,,0,001,"DRAKE AV","LIGHTHOUSE AV",15.00,W,N,B,-,N,,,,,,,,,,N,4,0,2,2,A,-,03,22350,,N,C,C,A,A,H,-,A,A,0,,,,,Y,,A,07,0,0,2,0,0,0,0,0,0,"- ","- ",,,MONTEREY,MONTEREY,-121.8999826,36.611427220000003
8410356,2017,2017-07-27,2706,2017-07-01,1621,410,MPD,6,5,4,2706,0,0,0,,0,001,"WAVE ST","DRAKE AV",79.00,N,N,B,-,N,,,,,,,,,,N,3,0,1,2,A,-,10,21950,A,N,D,G,A,A,H,-,A,D,0,,Y,,,Y,,D,22,0,1,0,0,0,0,1,0,0,"- ","- ",,,MONTEREY,MONTEREY,-121.89846240999999,36.612538919999999
8410360,2017,2017-07-27,2706,2017-07-05,1333,031,2706,3,5,4,2706,0,0,0,,0,003,"NORTH FREMONT ST","DELA VINA AV",116.00,W,N,A,-,N,,,,,,,,,,Y,4,0,1,5,A,-,03,22350,,N,B,C,A,A,H,-,A,A,0,,,,,Y,,A,01,0,0,1,0,0,0,0,0,0,"- ","- ",,,MONTEREY,MONTEREY,-121.85931814,36.596729840000002
8410364,2017,2017-07-27,2706,2017-07-06,1206,939,MPD,4,5,4,2706,0,0,0,,0,003,"DEL MONTE AV","PALO VERDE AV",93.00,E,N,A,-,N,,,,,,,,,,Y,3,0,1,2,A,-,07,21658,A,N,B,C,A,A,H,-,A,D,0,,,,,Y,,A,07,0,1,0,0,0,0,0,0,0,"- ","- ",,,MONTEREY,MONTEREY,-121.86907819,36.600917889999998
8410608,2017,2017-07-28,2706,2017-07-18,2355,627,MPD,2,5,4,2706,0,0,0,,0,002,"GLENWOOD CIR","RT 1",266.00,N,N,A,-,N,,,,,,,,,,Y,4,0,1,3,A,-,08,22107,,N,A,E,A,A,H,-,D,D,0,,,,,Y,Y,A,01,0,0,1,0,0,0,0,0,0,"- ","- ",,,MONTEREY,MONTEREY,,
8410612,2017,2017-07-27,2706,2017-07-12,1834,310,,3,5,4,2706,0,0,0,,0,001,"LIGHTHOUSE AV","FOAM ST",220.00,S,N,A,-,N,,,,,,,,,,N,2,0,1,1,A,-,08,22107,,N,E,I,A,A,H,-,A,D,0,,,Y,,Y,,C,02,1,0,0,0,0,0,0,0,1,"- ","- ",,,MONTEREY,MONTEREY,-121.89498933,36.607419389999997
8413024,2017,2018-03-16,2708,2017-06-08,1148,71633,SALIN,4,5,6,2708,0,0,0,,0,006,"NORTH MAIN ST","ROSSI ST",0.00,,Y,A,-,Y,MON,5,183,-,-,0.440,H,-,N,Y,3,0,1,2,A,-,05,21650,1,N,A,G,A,A,H,-,A,A,0,,Y,,,Y,,L,04,0,1,0,0,0,0,1,0,0,"- ","- ",,,MONTEREY,SALINAS,-121.65422866,36.680751350000001
8413028,2017,2018-03-16,2708,2017-05-05,1916,69054,,5,5,6,2708,0,0,0,,0,009,"PAJARO ST",JOHN,100.00,S,N,A,-,Y,MON,5,68,-,-,21.240,I,6,E,N,4,0,1,3,A,-,09,21804,A,N,D,C,A,A,H,-,A,A,0,,,,,Y,,-,,0,0,1,0,0,0,0,0,0,"- ","- ",,,MONTEREY,SALINAS,-121.65210534000001,36.670468200000002
8413939,2017,2017-08-09,2707,2017-06-20,0845,1275,,2,5,3,2707,0,0,0,,0,002,"EARDLEY AV","EARDLEY AV  100",20.00,E,N,B,-,N,,,,,,,,,,N,2,0,1,1,C,-,18,,,N,H,A,A,A,H,-,A,A,0,,Y,,,Y,,-,"- ",1,0,0,0,0,0,1,0,0,"- ","- ",,,MONTEREY,"PACIFIC GROVE",,
8414101,2017,2017-08-10,2706,2017-07-30,1309,142,MPD,7,5,4,2706,0,0,0,,0,003,"CASA VERDE WY","DEL MONTE AV",54.00,N,N,A,-,N,,,,,,,,,,N,2,0,1,2,A,-,09,21804,B,N,D,G,A,A,H,-,A,D,0,,Y,,,Y,,A,07,1,0,0,0,0,0,1,0,0,"- ","- ",,,MONTEREY,MONTEREY,-121.86666595,36.602218499999999
8414162,2017,2017-09-14,2708,2017-08-11,1402,75635,SALIN,5,5,6,2708,0,0,0,,0,,"W ALISAL ST","WEST ACACIA ST",0.00,,Y,A,-,N,,,,,,,,,,Y,4,0,1,2,A,-,12,21453,A,N,D,C,A,A,H,-,A,A,0,,,,,Y,,-,,0,0,1,0,0,0,0,0,0,"- ","- ",,,MONTEREY,SALINAS,-121.67269989,36.669460030000003
90632686,2017,2018-01-04,9730,2017-12-27,0819,016666,,3,1,4,2710,0,1,3,,2,062,"SR-1 N/B","FREMONT BOULEVARD",1584.00,N,N,A,-,Y,,,1,,,,,,N,Y,3,0,1,1,A,-,08,22107,,N,E,I,A,A,H,-,A,D,0,,,,,Y,,A,01,0,1,0,0,0,0,0,0,0,"- ","- ",36.629620000000003,-121.83665000000001,MONTEREY,SEASIDE,-121.83674817000001,36.629716889999997
90632994,2017,2018-01-04,9730,2017-12-30,0129,020677,,6,3,9,2700,0,1,3,,1,074,SR-1,"JENSEN ROAD",1065.00,S,N,A,-,Y,,,1,,,,,,,Y,3,0,1,1,A,-,08,22107,,N,F,A,A,A,H,-,D,D,0,,,,,Y,Y,D,22,0,1,0,0,0,0,0,0,0,"- ","- ",36.849960000000003,-121.77109,MONTEREY,UNINCORPORATED,-121.77111418,36.849960129999999
90633102,2017,2018-01-04,9735,2017-12-28,1141,019700,,4,1,3,2704,0,1,2,,1,040,"US-101 SOUTHBOUND","THORNE RD",650.00,N,N,A,-,Y,,,101,,,,,,S,Y,3,0,4,2,A,-,03,22350,,N,C,C,A,A,H,-,A,D,0,,,,,Y,,A,07,0,1,3,0,0,0,0,0,0,"- ","- ",36.34064,-121.25633000000001,MONTEREY,GREENFIELD,-121.25631463000001,36.340654620000002
90633184,2017,2018-01-04,9730,2017-12-28,1815,021888,,4,2,4,2706,0,1,3,,2,062,"SR-1 N/B",SR-68,500.00,S,N,A,-,Y,,,1,,,,,,N,N,4,0,1,4,A,-,03,22350,,N,C,C,A,A,H,-,C,D,0,,,,,Y,,A,01,0,0,1,0,0,0,0,0,0,"- ","- ",36.593690000000002,-121.87446,MONTEREY,MONTEREY,-121.87446730000001,36.59373514
90633644,2017,2018-01-05,9730,2017-12-29,0329,021794,,5,3,9,2700,0,3,5,,2,007,"LEWIS ROAD","SALINAS ROAD",158.00,E,N,A,-,N,,,,,,,,,,Y,3,0,1,4,A,-,08,22107,,N,C,C,A,A,H,-,C,D,0,,,,,Y,,A,01,0,1,0,0,0,0,0,0,0,"- ","- ",36.895800000000001,-121.74133,MONTEREY,UNINCORPORATED,-121.74678194000001,36.891022710000001
90633877,2018,2018-01-25,9730,2018-01-01,1340,018350,,1,1,6,2708,0,1,2,,1,050,"US-101 N/B","N. MAIN STREET",2112.00,N,N,A,-,Y,,,101,,,,,,N,Y,4,0,1,2,A,-,03,22350,,N,B,C,A,A,H,-,A,D,0,,,,,Y,,A,01,0,0,1,0,0,0,0,0,0,"- ","- ",36.690841674804688,-121.65811920166016,MONTEREY,SALINAS,-121.65814208984375,36.690807342529297
90634249,2017,2018-01-05,9730,2017-12-31,1510,021120,,7,2,9,2700,0,1,3,,1,068,"LAGUNA PLACE",SR-68,250.00,S,N,A,-,N,,,,,,,,,,Y,3,0,3,2,A,-,05,21650,,N,A,C,A,A,H,-,A,D,0,,,,,Y,,D,22,0,2,1,0,0,0,0,0,0,"- ","- ",36.569749999999999,-121.75072,MONTEREY,UNINCORPORATED,,
90634767,2017,2018-01-08,9730,2017-12-31,0020,020701,,7,3,9,2700,0,3,5,,2,003,"CACHAGUA ROAD","TASSAJARA ROAD",1750.00,W,N,A,-,N,,,,,,,,,,Y,3,0,1,1,A,-,01,23152,A,N,E,J,A,A,H,-,D,D,0,,,,,Y,Y,D,22,0,1,0,0,0,0,0,0,0,"- ","- ",36.39235,-121.60113,MONTEREY,UNINCORPORATED,-121.59906802,36.390883819999999