CASE_ID,ACCIDENT_YEAR,PROC_DATE,JURIS,COLLISION_DATE,COLLISION_TIME,OFFICER_ID,REPORTING_DISTRICT,DAY_OF_WEEK,CHP_SHIFT,POPULATION,CNTY_CITY_LOC,SPECIAL_COND,BEAT_TYPE,CHP_BEAT_TYPE,CITY_DIVISION_LAPD,CHP_BEAT_CLASS,BEAT_NUMBER,PRIMARY_RD,SECONDARY_RD,DISTANCE,DIRECTION,INTERSECTION,WEATHER_1,WEATHER_2,STATE_HWY_IND,CALTRANS_COUNTY,CALTRANS_DISTRICT,STATE_ROUTE,ROUTE_SUFFIX,POSTMILE_PREFIX,POSTMILE,LOCATION_TYPE,RAMP_INTERSECTION,SIDE_OF_HWY,TOW_AWAY,COLLISION_SEVERITY,NUMBER_KILLED,NUMBER_INJURED,PARTY_COUNT,PRIMARY_COLL_FACTOR,PCF_CODE_OF_VIOL,PCF_VIOL_CATEGORY,PCF_VIOLATION,PCF_VIOL_SUBSECTION,HIT_AND_RUN,TYPE_OF_COLLISION,MVIW,PED_ACTION,ROAD_SURFACE,ROAD_COND_1,ROAD_COND_2,LIGHTING,CONTROL_DEVICE,CHP_ROAD_TYPE,PEDESTRIAN_ACCIDENT,BICYCLE_ACCIDENT,MOTORCYCLE_ACCIDENT,TRUCK_ACCIDENT,NOT_PRIVATE_PROPERTY,ALCOHOL_INVOLVED,STWD_VEHTYPE_AT_FAULT,CHP_VEHTYPE_AT_FAULT,COUNT_SEVERE_INJ,COUNT_VISIBLE_INJ,COUNT_COMPLAINT_PAIN,COUNT_PED_KILLED,COUNT_PED_INJURED,COUNT_BICYCLIST_KILLED,COUNT_BICYCLIST_INJURED,COUNT_MC_KILLED,COUNT_MC_INJURED,PRIMARY_RAMP,SECONDARY_RAMP,LATITUDE,LONGITUDE,COUNTY,CITY,POINT_X,POINT_Y
90634768,2018,2018-01-08,9730,2018-01-02,0349,021396,,2,3,9,2700,0,2,4,,1,073,"SAN MIGUEL CANYON ROAD","HAMBY WAY",70.00,N,N,A,-,N,,,,,,,,,,Y,3,0,1,1,A,-,08,22107,,N,F,A,A,A,H,-,D,D,0,,,,,Y,,A,07,0,1,0,0,0,0,0,0,0,"- ","- ",36.839611053466797,-121.68528747558594,MONTEREY,UNINCORPORATED,-121.68401336669922,36.838405609130859
90635965,2018,2018-01-09,9730,2018-01-03,0805,016666,,3,1,9,2700,0,3,5,,2,002,"CARPENTER ROAD","VALLEY WAY",0.00,,Y,A,-,N,,,,,,,,,,N,4,0,1,2,A,-,09,21802,A,N,D,C,A,A,H,-,A,A,0,,,,,Y,,D,22,0,0,1,0,0,0,0,0,0,"- ","- ",36.562999725341797,-121.91539764404297,MONTEREY,UNINCORPORATED,-121.91539001464844,36.562980651855469
90636474,2018,2018-01-09,9730,2018-01-04,2106,020933,,4,2,9,2700,0,1,3,,1,024,"SR-68 (HOLMAN HIGHWAY)","SKYLINE FOREST DR",1056.00,E,N,A,-,Y,,,68,,,,,,,Y,2,0,3,2,A,-,01,23152,A,N,A,C,A,A,H,-,D,D,0,,,,,Y,Y,D,22,1,2,0,0,0,0,0,0,0,"- ","- ",36.582538604736328,-121.91828155517578,MONTEREY,UNINCORPORATED,-121.91822052001953,36.582588195800781
8414166,2017,2017-09-14,2708,2017-08-12,0012,49021,,6,5,6,2708,0,0,0,,0,001,"BORONDA RD","NORTH MAIN ST",0.00,,Y,A,-,N,,,,,,,,,,Y,4,0,1,2,A,-,12,21453,A,N,D,C,A,A,H,-,C,A,0,,,,,Y,Y,-,,0,0,1,0,0,0,0,0,0,"- ","- ",,,MONTEREY,SALINAS,-121.65622992,36.721620110000003
8414170,2017,2017-09-27,2708,2017-08-10,1553,74130,,4,5,6,2708,0,0,0,,0,003,INDEPENDENCE,"DANBURY RD",21.00,S,N,A,-,N,,,,,,,,,,Y,4,0,1,2,A,-,09,21804,A,N,B,C,A,A,H,-,A,A,0,,,,,Y,,-,,0,0,1,0,0,0,0,0,0,"- ","- ",,,MONTEREY,SALINAS,-121.6185279,36.712216859999998
8414174,2017,2017-09-14,2708,2017-08-07,1656,34273,SALIN,1,5,6,2708,0,0,0,,0,006,"WEST LAUREL DR","NORTH DAVIS RD",415.00,E,N,A,-,N,,,,,,,,,,N,4,0,1,2,A,-,12,21453,A,N,D,C,A,A,H,-,A,A,0,,,,,Y,,-,,0,0,1,0,0,0,0,0,0,"- ","- ",,,MONTEREY,SALINAS,-121.66667766,36.697831499999999
8414177,2017,2017-09-14,2708,2017-08-09,0918,19702,SPD,3,5,6,2708,0,0,0,,0,005,"WEST LAUREL DR","E ADAMS ST",60.00,E,N,A,-,N,,,,,,,,,,Y,4,0,2,2,A,-,09,21804,A,N,D,C,A,A,H,-,A,D,0,,,,,Y,,-,,0,0,2,0,0,0,0,0,0,"- ","- ",,,MONTEREY,SALINAS,-121.66225777,36.698035519999998
8414178,2017,2017-09-27,2708,2017-08-13,1442,30510,,7,5,6,2708,0,0,0,,0,002,"NORTH MAIN ST","ROCHEX AV",0.00,,Y,B,-,N,,,,,,,,,,Y,4,0,1,4,A,-,03,22350,,N,C,C,A,A,H,-,A,A,0,,,,,Y,,-,,0,0,1,0,0,0,0,0,0,"- ","- ",,,MONTEREY,SALINAS,-121.65223989,36.700540029999999
8414181,2017,2017-09-14,2708,2017-08-06,1421,75635,SALIN,7,5,6,2708,0,0,0,,0,,"NORTH SANBORN RD","FREEDOM PKWY",0.00,,Y,A,-,N,,,,,,,,,,Y,4,0,4,2,A,-,09,21801,A,N,D,C,A,A,H,-,A,A,0,,,,,Y,,-,,0,0,4,0,0,0,0,0,0,"- ","- ",,,MONTEREY,SALINAS,-121.60134986,36.692130040000002
8414182,2017,2017-09-14,2708,2017-08-23,0247,15702,,3,5,6,2708,0,0,0,,0,003,"PESCADERO DR","ARCADIA WY",21.00,N,N,A,-,N,,,,,,,,,,Y,3,0,1,1,A,-,01,23152,A,N,E,I,A,A,H,-,C,A,0,,,,,Y,Y,-,,0,1,0,0,0,0,0,0,0,"- ","- ",,,MONTEREY,SALINAS,-121.62349175,36.713405790000003
8414185,2017,2017-09-26,2708,2017-08-06,0137,56525,SALIN,7,5,6,2708,0,0,0,,0,012,"EAST MARKET ST","TOWT ST",115.00,E,N,A,-,N,,,,,,,,,,Y,3,0,1,2,A,-,01,23152,A,N,C,E,A,A,H,-,C,D,0,,,,,Y,Y,-,,0,1,0,0,0,0,0,0,0,"- ","- ",,,MONTEREY,SALINAS,-121.6212385,36.676608680000001
8414186,2017,2017-09-14,2708,2017-08-22,0548,30348,MONTE,2,5,6,2708,0,0,0,,0,,"SOUTH SANBORN RD","FAIRVIEW AV",0.00,,Y,A,-,N,,,,,,,,,,Y,4,0,2,2,A,-,09,21801,A,N,A,D,A,A,H,-,A,D,0,,,,,Y,,-,,0,0,2,0,0,0,0,0,0,"- ","- ",,,MONTEREY,SALINAS,-121.62791994,36.66709006
8414189,2017,2017-09-15,2708,2017-08-28,1825,04125,,1,5,6,2708,0,0,0,,0,012,"EAST MARKET ST","NORTH SANBORN RD",69.00,E,N,A,-,N,,,,,,,,,,Y,4,0,1,3,A,-,01,23152,A,F,C,C,A,A,H,-,A,A,0,,,,,Y,Y,-,,0,0,1,0,0,0,0,0,0,"- ","- ",,,MONTEREY,SALINAS,-121.62684985999999,36.676489590000003
8414190,2017,2017-09-14,2708,2017-08-20,1548,4125,,7,5,6,2708,0,0,0,,0,010,"E ALISAL ST","SMITH ST",0.00,,Y,A,-,N,,,,,,,,,,Y,3,0,2,2,A,-,04,21703,,N,C,C,A,A,H,-,A,D,0,,,,,Y,,-,,0,1,1,0,0,0,0,0,0,"- ","- ",,,MONTEREY,SALINAS,-121.63672991,36.67384011
8414193,2017,2017-09-14,2708,2017-08-19,2118,04125,,6,5,6,2708,0,0,0,,0,012,"E ALISAL RD","BARDIN RD",0.00,,Y,A,-,N,,,,,,,,,,Y,4,0,1,2,A,-,12,22450,,N,A,C,A,A,H,-,C,D,0,,,,,Y,,-,,0,0,1,0,0,0,0,0,0,"- ","- ",,,MONTEREY,SALINAS,-121.60112986999999,36.672960070000002
90636610,2018,2018-01-09,9730,2018-01-05,1330,016537,,5,1,9,2700,0,1,2,,1,050,"US-101 S/B","HARTNELL RD.",1584.00,N,N,B,-,Y,,,101,,,,,,S,Y,4,0,2,1,A,-,08,22107,,N,F,A,A,A,H,-,A,D,0,,,,,Y,,A,01,0,0,2,0,0,0,0,0,0,"- ","- ",36.625640869140625,-121.58489990234375,MONTEREY,UNINCORPORATED,-121.58488464355469,36.625663757324219
90636855,2018,2018-01-10,9730,2018-01-04,1035,021707,,4,1,9,2700,0,2,4,,1,023,"CARMEL VALLEY ROAD","LOS ARBOLES DRIVE",0.00,,Y,A,-,N,,,,,,,,,,Y,4,0,1,2,A,-,08,22107,,N,D,C,A,A,H,-,A,A,0,,,,,Y,,D,22,0,0,1,0,0,0,0,0,0,"- ","- ",36.530071258544922,-121.82936859130859,MONTEREY,UNINCORPORATED,-121.82945251464844,36.529930114746094
90637091,2018,2018-01-10,9730,2018-01-03,2020,019529,,3,2,9,2700,0,3,5,,2,003,"SAN BENANCIO ROAD","DEER RUN LANE",2640.00,N,N,C,-,N,,,,,,,,,,Y,4,0,1,1,A,-,08,22107,,N,D,I,A,B,H,-,D,D,0,,,,,Y,,D,22,0,0,1,0,0,0,0,0,0,"- ","- ",36.571388244628906,-121.71002197265625,MONTEREY,UNINCORPORATED,-121.70029449462891,36.560794830322266
90637327,2018,2018-01-10,9730,2018-01-06,1922,021320,,6,2,9,2700,0,1,3,,1,072,"SR-156 W/B","MERIDIAN ROAD",700.00,W,N,A,-,Y,,,156,,,,,,W,Y,3,0,3,4,A,-,03,22350,,N,C,C,A,A,H,-,D,D,0,,,,,Y,Y,A,01,0,1,2,0,0,0,0,0,0,"- ","- ",36.787590026855469,-121.68157958984375,MONTEREY,UNINCORPORATED,-121.68157196044922,36.787559509277344
90639655,2018,2018-03-19,9730,2018-01-05,1727,021407,,5,2,9,2700,0,2,4,,1,073,"HALL ROAD","ELKHORN ROAD",0.00,,Y,A,-,N,,,,,,,,,,Y,3,0,2,2,A,-,09,21802,A,N,D,C,A,A,H,-,C,A,0,,,,,Y,,A,01,0,1,1,0,0,0,0,0,0,"- ","- ",36.868499755859375,-121.74349975585938,MONTEREY,UNINCORPORATED,-121.74369049072266,36.868560791015625
90639661,2018,2018-01-15,9730,2018-01-05,0625,021776,,5,1,9,2700,0,3,5,,2,005,"CRAZY HORSE CANYON ROAD","HIDDEN CANYON ROAD",1584.00,E,N,A,-,N,,,,,,,,,,Y,3,0,2,2,A,-,05,21460,A,N,A,C,A,A,C,-,D,D,0,,,,,Y,,D,22,0,1,1,0,0,0,0,0,0,"- ","- ",36.825439453125,-121.63539886474609,MONTEREY,UNINCORPORATED,-121.61106872558594,36.787921905517578
90639667,2018,2018-01-15,9730,2018-01-06,2035,021338,,6,2,9,2700,0,1,3,,2,062,"SOUTHBOUND SR-1","SR-68 (HOLMAN HIGHWAY)",3696.00,N,N,A,-,Y,,,1,,,,,,,Y,3,0,3,2,A,-,01,23152,A,N,E,I,A,A,H,-,C,D,0,,,,,Y,Y,A,01,0,3,0,0,0,0,0,0,0,"- ","- ",36.581329345703125,-121.90196228027344,MONTEREY,UNINCORPORATED,-121.90196228027344,36.581336975097656
90639674,2018,2018-01-15,9730,2018-01-05,1415,021888,,5,2,9,2700,0,3,5,,2,007,"DOLAN ROAD","AVILA ROAD (EAST)",230.00,W,N,B,-,N,,,,,,,,,,Y,4,0,1,2,A,-,06,21755,,N,F,C,A,A,H,-,A,D,0,,,,,Y,,A,01,0,0,1,0,0,0,0,0,0,"- ","- ",36.797859191894531,-121.74160766601562,MONTEREY,UNINCORPORATED,-121.74626159667969,36.797660827636719
90639679,2018,2018-01-15,9730,2018-01-06,0150,020896,,6,3,9,2700,0,1,3,,2,062,"SR-1 NB","AGUAJITO RD",3168.00,S,N,C,-,Y,,,,,,,,,,Y,3,0,1,1,A,-,01,23152,A,N,E,A,A,B,H,-,D,D,0,,,,,Y,Y,A,01,0,1,0,0,0,0,0,0,0,"- ","- ",36.58428955078125,-121.88568115234375,MONTEREY,UNINCORPORATED,-121.88587188720703,36.584205627441406
90639719,2018,2018-01-15,9730,2018-01-08,0515,020208,,1,3,9,2700,0,1,3,,2,062,"SR-1 S/B","LIGHTFIGHTER DRIVE",2376.00,S,N,C,-,Y,,,1,,,,,,S,Y,4,0,1,1,A,-,03,22350,,N,F,A,A,B,H,-,D,D,0,,,,,Y,,A,01,0,0,1,0,0,0,0,0,0,"- ","- ",36.643638610839844,-121.8218994140625,MONTEREY,UNINCORPORATED,-121.82195281982422,36.643768310546875
90639736,2018,2018-01-15,9730,2018-01-08,1109,018298,,1,1,9,2700,0,1,2,,1,030,"US-101 N/B","SOLEDAD PRISON RD.",400.00,S,N,C,-,Y,,,101,,,,,,N,Y,4,0,2,1,A,-,03,22350,,N,E,I,A,B,H,-,A,D,0,,,,,Y,,A,07,0,0,2,0,0,0,0,0,0,"- ","- ",36.464378356933594,-121.38645935058594,MONTEREY,UNINCORPORATED,-121.38646697998047,36.464363098144531
90639759,2018,2018-01-15,9730,2018-01-08,2020,021888,,1,2,9,2700,0,3,5,,2,006,"BLACKIE ROAD","ROLLING MEADOWS LANE",3696.00,W,N,C,-,N,,,,,,,,,,Y,4,0,2,1,A,-,08,22107,,N,F,A,A,B,H,-,D,D,0,,,,,Y,,A,01,0,0,2,0,0,0,0,0,0,"- ","- ",36.775611877441406,-121.69882202148438,MONTEREY,UNINCORPORATED,-121.69805908203125,36.775764465332031
90639770,2018,2018-01-15,9730,2018-01-08,2230,021888,,1,3,9,2700,0,1,3,,1,074,"SR-1 N/B","TRAFTON ROAD",1056.00,N,N,C,-,Y,,,1,,,,,,N,Y,3,0,2,1,A,-,03,22350,,N,E,A,A,B,H,-,D,D,0,,,,,Y,,A,01,0,2,0,0,0,0,0,0,0,"- ","- ",36.879730224609375,-121.77149200439453,MONTEREY,UNINCORPORATED,-121.77158355712891,36.879714965820312
90639784,2018,2018-01-15,9730,2018-01-07,1803,021407,,7,2,9,2700,0,3,5,,2,007,"SALINAS ROAD","WERNER ROAD",0.00,,Y,A,-,N,,,,,,,,,,Y,3,0,2,3,A,-,05,21651,B,N,A,C,A,A,H,-,C,A,0,,,,,Y,,A,01,0,1,1,0,0,0,0,0,0,"- ","- ",36.878398895263672,-121.74980163574219,MONTEREY,UNINCORPORATED,-121.75139617919922,36.878269195556641
90639835,2018,2018-01-15,9730,2018-01-09,0750,017785,,2,1,9,2700,0,1,2,,1,030,"US-101 N/B","5TH STREET",4752.00,N,N,C,-,Y,,,101,,,,,,N,Y,4,0,1,1,A,-,03,22350,,N,E,I,A,B,H,-,A,D,0,,,,,Y,,A,01,0,0,1,0,0,0,0,0,0,"- ","- ",36.521900177001953,-121.44976806640625,MONTEREY,UNINCORPORATED,-121.44977569580078,36.521839141845703
90639837,2018,2018-01-15,9730,2018-01-09,0910,017785,,2,1,9,2700,0,1,2,,1,030,"US-101 NORTHBOUND","MAIN ST. (CHUALAR)",1056.00,S,N,C,-,Y,,,101,,,,,,N,Y,4,0,1,1,A,-,03,22350,,N,F,A,A,B,H,-,A,D,0,,,,,Y,,A,07,0,0,1,0,0,0,0,0,0,"- ","- ",36.565799713134766,-121.51390075683594,MONTEREY,UNINCORPORATED,-121.51403045654297,36.565689086914062
90639840,2018,2018-01-15,9730,2018-01-09,1000,017785,,2,1,9,2700,0,1,2,,1,030,"US-101 N/B","MAIN ST. (CHUALAR)",3168.00,N,N,C,-,Y,,,101,,,,,,N,Y,3,0,1,1,A,-,03,22350,,N,E,I,A,B,H,-,A,D,0,,,,,Y,,A,01,0,1,0,0,0,0,0,0,0,"- ","- ",36.574939727783203,-121.52388763427734,MONTEREY,UNINCORPORATED,-121.52394104003906,36.574886322021484
90639844,2018,2018-01-15,9730,2018-01-09,1547,019239,,2,2,9,2700,0,1,2,,1,070,"US-101 SB","SAN JUAN RD O.C.",4224.00,S,N,B,C,Y,,,101,,,,,,S,Y,4,0,1,2,A,-,03,22350,,N,C,C,A,B,H,-,A,D,0,,,,,Y,,A,01,0,0,1,0,0,0,0,0,0,"- ","- ",36.847171783447266,-121.63555908203125,MONTEREY,UNINCORPORATED,-121.63563537597656,36.847141265869141
90639867,2018,2018-01-15,9730,2018-01-09,2045,019127,,2,2,9,2700,0,3,5,,2,003,"CHUALAR RIVER RD","RIVER RD",3168.00,E,N,B,C,N,,,,,,,,,,Y,4,0,1,1,A,-,08,22107,,N,E,I,A,B,H,-,D,D,0,,,,,Y,,A,01,0,0,1,0,0,0,0,0,0,"- ","- ",36.552951812744141,-121.54051208496094,MONTEREY,UNINCORPORATED,-121.54017639160156,36.553077697753906
90640248,2018,2018-01-16,9735,2018-01-12,1940,019330,,5,2,9,2700,0,1,3,,1,035,SR-198,SR-25,15840.00,E,N,A,-,Y,,,198,,,,,,,Y,3,0,1,1,A,-,01,23152,A,N,E,I,A,A,H,-,D,D,0,,,,,Y,Y,A,01,0,1,0,0,0,0,0,0,0,"- ","- ",36.192451477050781,-120.77504730224609,MONTEREY,UNINCORPORATED,-120.77503967285156,36.192481994628906
90640625,2018,2018-01-16,9730,2018-01-09,0802,021707,,2,1,9,2700,0,1,2,,1,050,"US-101 N/B","W LAUREL DRIVE",60.00,S,N,C,-,Y,,,,,,,,,,Y,4,0,2,2,A,-,03,22350,,N,B,C,A,B,H,-,A,D,0,,,,,Y,,A,01,0,0,2,0,0,0,0,0,0,"- ","- ",36.697650909423828,-121.664306640625,MONTEREY,UNINCORPORATED,-121.664306640625,36.697647094726562
90640799,2018,2018-01-16,9730,2018-01-10,1640,019529,,3,2,9,2700,0,3,5,,2,002,"TIERRA GRANDE DR.","VIA CROTALO",2640.00,S,N,A,-,N,,,,,,,,,,Y,3,0,1,1,A,-,08,22107,,N,E,I,A,A,H,-,A,D,0,,,,,Y,,A,01,0,1,0,0,0,0,0,0,0,"- ","- ",36.527328491210938,-121.80439758300781,MONTEREY,UNINCORPORATED,-121.80593872070312,36.526954650878906
90640858,2018,2018-01-16,9730,2018-01-08,1140,018350,,1,1,9,2700,0,1,2,,1,070,"US-101 N/B","REESE CIRCLE",2112.00,S,N,B,C,Y,,,101,,,,,,N,Y,4,0,1,1,A,-,03,22350,,N,E,I,A,B,H,-,A,D,0,,,,,Y,,A,01,0,0,1,0,0,0,0,0,0,"- ","- ",36.768100738525391,-121.66860198974609,MONTEREY,UNINCORPORATED,-121.668701171875,36.768077850341797
90643326,2018,2018-01-19,9730,2018-01-11,0803,021856,,4,1,4,2710,0,1,3,,2,062,"STATE ROUTE 1 SOUTHBOUND","LIGHTFIGHTER DRIVE",2640.00,S,N,A,-,Y,,,1,,,,,,S,Y,4,0,1,3,A,-,08,22107,,N,B,C,A,A,H,-,A,D,0,,,,Y,Y,,A,01,0,0,1,0,0,0,0,0,0,"- ","- ",36.643211364746094,-121.82311248779297,MONTEREY,SEASIDE,-121.82312774658203,36.64324951171875
90643351,2017,2018-02-06,9730,2017-10-18,1738,017184,,3,2,9,2700,0,1,3,,1,014,"STATE ROUTE 1","PALO COLORADO",0.00,,N,A,-,Y,,,1,,,,,,,Y,1,1,4,3,A,-,06,21751,,N,A,C,A,A,H,-,A,A,0,,,,,Y,,A,01,3,1,0,0,0,0,0,0,0,"- ","- ",36.398490000000002,-121.90394999999999,MONTEREY,UNINCORPORATED,-121.9039399,36.398497949999999
90643399,2018,2018-01-19,9730,2018-01-12,1744,019569,,5,2,9,2700,0,3,5,,2,003,"27392 BAVELLA WAY","LAS PALMAS PKWY",528.00,W,N,A,-,N,,,,,,,,,,N,3,0,1,1,A,-,01,23152,A,N,E,I,A,A,H,-,C,D,0,,,,,Y,Y,A,01,0,1,0,0,0,0,0,0,0,"- ","- ",36.602249145507812,-121.66735076904297,MONTEREY,UNINCORPORATED,-121.66980743408203,36.604698181152344
90643413,2018,2018-01-19,9730,2018-01-12,1947,021407,,5,2,9,2700,0,2,4,,1,023,"CARMEL VALLEY ROAD","HOLMAN ROAD",295.00,W,N,A,-,N,,,,,,,,,,Y,3,0,2,1,A,-,08,22107,,N,E,I,A,A,H,-,C,D,0,,,,,Y,,D,22,0,2,0,0,0,0,0,0,0,"- ","- ",36.476100921630859,-121.72370147705078,MONTEREY,UNINCORPORATED,-121.7235107421875,36.476043701171875
90643783,2018,2018-01-19,9730,2018-01-08,0850,018350,,1,1,9,2700,0,1,2,,1,070,"US-101 S/B","SAN JUAN ROAD",1056.00,S,N,B,C,Y,,,101,,,,,,S,Y,4,0,2,2,A,-,03,22350,,N,B,C,A,B,H,-,A,D,0,,,,,Y,,A,07,0,0,2,0,0,0,0,0,0,"- ","- ",36.855720520019531,-121.63217163085938,MONTEREY,UNINCORPORATED,-121.63215637207031,36.855705261230469
90644605,2018,2018-01-22,9730,2018-01-15,0745,018298,,1,1,9,2700,0,3,5,,2,003,"CACHAGUA RD.","TASSAJARA RD.",223.00,W,N,A,-,N,,,,,,,,,,Y,4,0,1,1,A,-,01,23152,A,N,E,I,A,A,H,-,A,D,0,,,,,Y,Y,D,22,0,0,1,0,0,0,0,0,0,"- ","- ",36.391609191894531,-121.59529876708984,MONTEREY,UNINCORPORATED,-121.59532928466797,36.391529083251953
90644640,2018,2018-01-22,9730,2018-01-14,1749,019981,,7,2,4,2706,0,1,3,,2,062,"SR-1 N/B","SLOAT AVE U/C",528.00,N,N,A,-,Y,,,1,,,,,,N,Y,4,0,1,3,A,-,03,22350,,N,C,C,A,A,H,-,C,D,0,,,,,Y,,A,01,0,0,1,0,0,0,0,0,0,"- ","- ",36.593719482421875,-121.87515258789062,MONTEREY,MONTEREY,-121.87513732910156,36.5936279296875
90644852,2018,2018-01-22,9730,2018-01-14,0926,020208,,7,1,9,2700,0,1,3,,2,062,"SR-1 S/B","SOLEDAD DRIVE",677.00,N,N,A,-,Y,,,,,,,,,,Y,4,0,1,2,A,-,03,22350,,N,C,C,A,A,C,-,A,D,0,,,,,Y,,A,01,0,0,1,0,0,0,0,0,0,"- ","- ",36.582450866699219,-121.89723968505859,MONTEREY,UNINCORPORATED,-121.89743041992188,36.582405090332031
90644929,2018,2018-01-22,9730,2018-01-15,1430,020208,,1,2,9,2700,0,1,3,,1,022,SR-1,"SAN JOSE CREEK CANYON ROAD",180.00,N,N,A,-,Y,,,1,,,,,,,Y,4,0,1,2,A,-,05,21460,A,N,B,C,A,A,H,-,A,D,0,,,,,Y,,A,01,0,0,1,0,0,0,0,0,0,"- ","- ",36.522979736328125,-121.92648315429688,MONTEREY,UNINCORPORATED,-121.92649078369141,36.522994995117188
90644950,2018,2018-01-22,9735,2018-01-21,1820,020302,,7,2,9,2700,0,3,5,,2,003,"ELM AVE","METZ RD",3.00,W,N,A,B,N,,,,,,,,,,N,4,0,2,2,A,-,08,22100,B,N,B,C,A,A,H,-,D,D,0,,,,,Y,,A,01,0,0,2,0,0,0,0,0,0,"- ","- ",36.340309143066406,-121.19966888427734,MONTEREY,UNINCORPORATED,-121.19954681396484,36.340389251708984
8414197,2017,2017-09-27,2708,2017-08-26,2108,73452,,6,5,6,2708,0,0,0,,0,,"GARNER AV","GREEN ST",0.00,,Y,A,-,N,,,,,,,,,,Y,3,0,1,4,A,-,01,23152,B,N,B,E,A,A,H,-,C,D,0,,,,,Y,Y,-,,0,1,0,0,0,0,0,0,0,"- ","- ",,,MONTEREY,SALINAS,-121.61365999,36.684570100000002
8414201,2017,2017-09-14,2708,2017-08-13,1645,73452,,7,5,6,2708,0,0,0,,0,006,"NORTH DAVIS RD","WEST LAUREL DR",0.00,,Y,A,-,N,,,,,,,,,,Y,3,0,4,2,A,-,09,21801,A,N,D,C,A,A,H,-,A,D,0,,,,,Y,,-,,0,1,3,0,0,0,0,0,0,"- ","- ",,,MONTEREY,SALINAS,-121.66808987,36.697910100000001
8414205,2017,2017-09-14,2708,2017-08-16,0805,49986,SALIN,3,5,6,2708,0,0,0,,0,011,"DELMONTE AV","DALLAS AV",0.00,,Y,A,-,N,,,,,,,,,,Y,4,0,1,2,A,-,09,21802,A,N,D,C,A,A,H,-,A,A,0,,,,,Y,,-,,0,0,1,0,0,0,0,0,0,"- ","- ",,,MONTEREY,SALINAS,-121.60709993,36.68442005
8414221,2017,2017-09-27,2708,2017-08-20,0815,97440,,7,5,6,2708,0,0,0,,0,,"GARNER AV","ATLANTIC ST",0.00,,Y,A,-,N,,,,,,,,,,N,4,0,1,2,A,-,09,21802,A,N,D,C,A,A,H,-,C,-,0,,,,,Y,,-,,0,0,1,0,0,0,0,0,0,"- ","- ",,,MONTEREY,SALINAS,-121.61723999,36.688640049999997
8414399,2017,2017-09-22,2708,2017-08-11,2110,34273,SALIN,5,5,6,2708,0,0,0,,0,008,"W GABILAN ST","SALINAS ST",0.00,,Y,A,-,N,,,,,,,,,,N,4,0,2,2,A,-,09,21801,A,N,A,C,A,A,H,-,C,A,0,,,,,Y,,-,,0,0,2,0,0,0,0,0,0,"- ","- ",,,MONTEREY,SALINAS,-121.65642996,36.675460020000003
8415248,2018,2018-03-12,2706,2018-02-17,0842,410,2706,6,5,4,2706,0,0,0,,0,002,"DEL MONTE AV","FIGUEROA ST",250.00,W,N,A,-,N,,,,,,,,,,Y,4,0,1,2,A,-,03,22350,,N,C,C,A,A,H,-,A,D,0,,,,,Y,,A,01,0,0,1,0,0,0,0,0,0,"- ","- ",,,MONTEREY,MONTEREY,-121.89087677001953,36.600395202636719
8415764,2017,2018-07-06,2706,2017-12-27,0642,608,MPD,3,5,4,2706,0,0,0,,0,003,"RT 68",YORK,10.00,W,N,A,-,Y,MON,5,68,-,-,8.140,H,-,W,Y,4,0,1,1,A,-,08,22107,,N,B,I,A,A,H,-,B,A,0,,,,,Y,,A,01,0,0,1,0,0,0,0,0,0,"- ","- ",,,MONTEREY,MONTEREY,-121.80848287000001,36.571541269999997
8417065,2017,2017-07-28,2710,2017-06-23,1234,40400,12,5,5,4,2710,0,0,0,,0,02B,"BROADWAY AV","CONTRA COSTA ST",0.00,,Y,A,-,N,,,,,,,,,,Y,4,0,1,2,A,-,09,21802,A,N,D,C,A,A,H,-,A,D,0,,,,,Y,,A,07,0,0,1,0,0,0,0,0,0,"- ","- ",,,MONTEREY,SEASIDE,-121.85208987,36.609310100000002
8417069,2017,2017-07-28,2710,2017-06-19,1134,34127,,1,5,4,2710,0,0,0,,0,003,"MONTEREY RD","NOUMEA RD",0.00,,Y,B,-,N,,,,,,,,,,Y,3,0,2,2,A,-,09,21801,A,N,A,C,A,A,H,-,A,D,0,,,,,Y,,A,07,0,1,1,0,0,0,0,0,0,"- ","- ",,,MONTEREY,SEASIDE,-121.82383996,36.636220119999997
8417073,2017,2017-07-28,2710,2017-06-09,1607,38145,,5,5,4,2710,0,0,0,,0,002,"FREMONT BL","BROADWAY AV",0.00,,N,A,-,N,,,,,,,,,,N,4,0,1,2,A,-,12,21453,A,N,D,C,A,A,H,-,A,A,0,,,,,Y,,A,01,0,0,1,0,0,0,0,0,0,"- ","- ",,,MONTEREY,SEASIDE,-121.84564992999999,36.609160009999997