CASE_ID,ACCIDENT_YEAR,PROC_DATE,JURIS,COLLISION_DATE,COLLISION_TIME,OFFICER_ID,REPORTING_DISTRICT,DAY_OF_WEEK,CHP_SHIFT,POPULATION,CNTY_CITY_LOC,SPECIAL_COND,BEAT_TYPE,CHP_BEAT_TYPE,CITY_DIVISION_LAPD,CHP_BEAT_CLASS,BEAT_NUMBER,PRIMARY_RD,SECONDARY_RD,DISTANCE,DIRECTION,INTERSECTION,WEATHER_1,WEATHER_2,STATE_HWY_IND,CALTRANS_COUNTY,CALTRANS_DISTRICT,STATE_ROUTE,ROUTE_SUFFIX,POSTMILE_PREFIX,POSTMILE,LOCATION_TYPE,RAMP_INTERSECTION,SIDE_OF_HWY,TOW_AWAY,COLLISION_SEVERITY,NUMBER_KILLED,NUMBER_INJURED,PARTY_COUNT,PRIMARY_COLL_FACTOR,PCF_CODE_OF_VIOL,PCF_VIOL_CATEGORY,PCF_VIOLATION,PCF_VIOL_SUBSECTION,HIT_AND_RUN,TYPE_OF_COLLISION,MVIW,PED_ACTION,ROAD_SURFACE,ROAD_COND_1,ROAD_COND_2,LIGHTING,CONTROL_DEVICE,CHP_ROAD_TYPE,PEDESTRIAN_ACCIDENT,BICYCLE_ACCIDENT,MOTORCYCLE_ACCIDENT,TRUCK_ACCIDENT,NOT_PRIVATE_PROPERTY,ALCOHOL_INVOLVED,STWD_VEHTYPE_AT_FAULT,CHP_VEHTYPE_AT_FAULT,COUNT_SEVERE_INJ,COUNT_VISIBLE_INJ,COUNT_COMPLAINT_PAIN,COUNT_PED_KILLED,COUNT_PED_INJURED,COUNT_BICYCLIST_KILLED,COUNT_BICYCLIST_INJURED,COUNT_MC_KILLED,COUNT_MC_INJURED,PRIMARY_RAMP,SECONDARY_RAMP,LATITUDE,LONGITUDE,COUNTY,CITY,POINT_X,POINT_Y
8417077,2017,2017-07-31,2710,2017-06-08,0905,37346,2710,4,5,4,2710,0,0,0,,0,02B,"FREMONT BL","SONOMA AV",0.00,,Y,A,-,N,,,,,,,,,,N,4,0,1,3,A,-,04,21703,,N,C,C,A,A,H,-,A,A,0,,,,,Y,,A,01,0,0,1,0,0,0,0,0,0,"- ","- ",,,MONTEREY,SEASIDE,-121.84709986,36.606250119999999
8417081,2017,2017-08-29,2710,2017-06-03,0457,40392,SALIN,6,5,4,2710,0,0,0,,0,01B,"FREMONT BL","LOPEZ AV",49.00,N,N,A,-,N,,,,,,,,,,Y,4,0,1,2,A,-,08,22107,,N,C,E,A,A,H,-,C,A,0,,,,,Y,Y,A,01,0,0,1,0,0,0,0,0,0,"- ","- ",,,MONTEREY,SEASIDE,-121.84850668999999,36.603254569999997
90644970,2018,2018-01-22,9735,2018-01-19,1800,020302,,5,2,9,2700,0,2,4,,1,021,"JOLON ROAD","ARGYLE ROAD",1980.00,N,N,A,-,N,,,,,,,,,,Y,4,0,1,1,C,-,18,,,N,A,H,A,A,H,-,D,D,0,,,,,Y,,-,"- ",0,0,1,0,0,0,0,0,0,"- ","- ",36.029239654541016,-121.17751312255859,MONTEREY,UNINCORPORATED,-121.17755889892578,36.030288696289062
90645141,2018,2018-01-22,9730,2018-01-13,1845,021794,,6,2,9,2700,0,3,5,,2,005,"OLD STAGE ROAD","SAN JUAN GRADE ROAD",528.00,N,N,A,-,N,,,,,,,,,,Y,3,0,1,1,A,-,08,22107,,N,E,A,A,A,H,-,D,D,0,,,,,Y,,A,01,0,1,0,0,0,0,0,0,0,"- ","- ",36.773090362548828,-121.59220886230469,MONTEREY,UNINCORPORATED,,
90645451,2018,2018-01-23,9730,2018-01-13,1953,021320,,6,2,9,2700,0,1,2,,1,070,"US-101 S/B","SALA ROAD O/C",1584.00,S,N,A,-,Y,,,101,,,,,,S,Y,3,0,1,2,A,-,16,24002,A,F,H,C,A,A,H,-,D,D,0,,,,,Y,,-,99,0,1,0,0,0,0,0,0,0,"- ","- ",36.739608764648438,-121.65857696533203,MONTEREY,UNINCORPORATED,-121.65894317626953,36.739467620849609
90645643,2018,2018-01-23,9730,2018-01-16,1258,017785,,2,1,9,2700,0,3,5,,2,004,"OLD STAGE ROAD","IVERSON ROAD",4752.00,S,N,B,-,N,,,,,,,,,,Y,4,0,1,2,A,-,03,22350,,N,C,C,A,A,H,-,A,D,0,,,,,Y,,A,01,0,0,1,0,0,0,0,0,0,"- ","- ",36.545421600341797,-121.46938323974609,MONTEREY,UNINCORPORATED,-121.46971130371094,36.5458984375
90645686,2018,2018-01-23,9730,2018-01-15,1820,021120,,1,2,9,2700,0,3,5,,2,007,"SALINAS RD.","MATIASEVICH LN.",70.00,N,N,A,-,N,,,,,,,,,,Y,3,0,1,3,A,-,03,22350,,M,C,C,A,A,H,-,C,A,0,,,,,Y,,J,48,0,1,0,0,0,0,0,0,0,"- ","- ",36.899200439453125,-121.74809265136719,MONTEREY,UNINCORPORATED,,
90645732,2018,2018-01-23,9730,2018-01-10,0605,018350,,3,1,9,2700,0,1,3,,1,072,"VIERRA CANYON ROAD",SR-156,0.00,,Y,A,-,Y,,,,,,,,,,Y,4,0,3,2,A,-,17,21451,A,N,A,C,A,A,H,-,C,A,0,,,,,Y,,A,07,0,0,3,0,0,0,0,0,0,"- ","- ",36.792011260986328,-121.66493988037109,MONTEREY,UNINCORPORATED,-121.66501617431641,36.79193115234375
90645907,2018,2018-01-23,9730,2018-01-17,1740,021888,,3,2,9,2700,0,2,4,,1,075,"SAN JUAN ROAD","MURPHY ROAD",1584.00,W,N,A,-,N,,,,,,,,,,Y,4,0,1,2,A,-,03,22350,,N,D,C,A,A,H,-,D,D,0,,,,,Y,,A,01,0,0,1,0,0,0,0,0,0,"- ","- ",36.897518157958984,-121.68105316162109,MONTEREY,UNINCORPORATED,-121.68132019042969,36.897495269775391
90645971,2018,2018-01-23,9730,2018-01-17,1400,019529,,3,2,9,2700,0,3,5,,2,002,"DEL MESA CARMEL","CARMEL VALLEY ROAD",2640.00,N,N,A,-,N,,,,,,,,,,Y,3,0,1,2,A,-,05,21460,A,N,A,C,A,A,H,-,A,D,0,,,,,Y,,M,96,0,1,0,0,0,0,0,0,0,"- ","- ",36.546470642089844,-121.87258911132812,MONTEREY,UNINCORPORATED,,
90646016,2018,2018-01-23,9730,2018-01-15,1555,019981,,1,2,9,2700,0,2,4,,1,023,"CARMEL VALLEY ROAD","CANADA WAY",528.00,E,N,A,-,N,,,,,,,,,,Y,4,0,2,2,A,-,05,21460,A,N,B,C,A,A,H,-,A,D,0,,,,,Y,,A,01,0,0,2,0,0,0,0,0,0,"- ","- ",36.538639068603516,-121.86177062988281,MONTEREY,UNINCORPORATED,-121.86341094970703,36.539482116699219
90646273,2018,2018-01-24,9730,2018-01-22,1205,018886,,1,1,9,2700,0,1,3,,1,024,"SR-68 (HOLMAN HIGHWAY)","SFB MORSE DRIVE",1056.00,E,N,C,-,Y,,,68,,,,,,,Y,4,0,1,1,A,-,03,22350,,N,E,I,A,B,H,-,A,D,0,,,,,Y,,A,01,0,0,1,0,0,0,0,0,0,"- ","- ",36.595870971679688,-121.921142578125,MONTEREY,UNINCORPORATED,-121.92120361328125,36.595806121826172
90646279,2018,2018-01-24,9730,2018-01-23,0940,018886,,2,1,9,2700,0,2,4,,1,073,"SAN MIGUEL CANYON ROAD","MORO ROAD",0.00,,Y,A,-,N,,,,,,,,,,Y,3,0,2,2,A,-,17,21451,A,N,D,C,A,A,H,-,A,A,0,,,,,Y,,A,01,0,1,1,0,0,0,0,0,0,"- ","- ",36.802749633789062,-121.66657257080078,MONTEREY,UNINCORPORATED,-121.66671752929688,36.802669525146484
8417085,2017,2017-07-31,2710,2017-06-01,1436,40405,MARIN,4,5,4,2710,0,0,0,,0,02A,"ELM AV","LOWELL ST",0.00,,Y,A,-,N,,,,,,,,,,N,4,0,1,2,A,-,05,21650,1,N,D,G,A,A,H,-,A,D,0,,Y,,,Y,,L,04,0,0,1,0,0,0,1,0,0,"- ","- ",,,MONTEREY,SEASIDE,-121.83648986999999,36.60750007
8417593,2017,2017-08-01,2710,2017-06-01,0800,40405,,4,5,4,2710,0,0,0,,0,02A,"ROBERTS AV","CANYON DEL REY BL",342.00,S,N,A,-,N,,,,,,,,,,N,4,0,1,2,A,-,03,22350,,N,G,B,D,A,H,-,A,D,0,Y,,,,Y,,A,01,0,0,1,0,1,0,0,0,0,"- ","- ",,,MONTEREY,SEASIDE,-121.85845603999999,36.608586520000003
8418035,2017,2017-08-02,2706,2017-07-19,1756,395,2706,3,5,4,2706,0,0,0,,0,001,"LIGHTHOUSE AV","REESIDE AV",1056.00,S,N,A,-,N,,,,,,,,,,N,4,0,1,2,A,-,03,22350,,M,C,C,A,A,H,-,A,D,0,,,,,Y,,A,01,0,0,1,0,0,0,0,0,0,"- ","- ",,,MONTEREY,MONTEREY,-121.89571277,36.607818049999999
8418039,2017,2017-08-02,2706,2017-07-23,2248,635,2706,7,5,4,2706,0,0,0,,0,002,"MUNRAS AV",WEBSTER,50.00,N,N,A,-,N,,,,,,,,,,N,4,0,1,3,A,-,03,22350,,N,C,C,A,A,H,-,C,A,0,,,,,Y,,A,01,0,0,1,0,0,0,0,0,0,"- ","- ",,,MONTEREY,MONTEREY,-121.89381006000001,36.596481179999998
8418043,2017,2017-08-02,2706,2017-07-06,2210,129,2706,4,5,4,2706,0,0,0,,0,002,"CAMINO EL ESTERO","EAST FRANKLIN ST",3.00,N,N,A,-,N,,,,,,,,,,N,4,0,1,2,A,-,03,22350,,N,G,B,B,A,H,-,C,A,0,Y,,,,Y,,A,01,0,0,1,0,1,0,0,0,0,"- ","- ",,,MONTEREY,MONTEREY,-121.88749842,36.598898140000003
8418047,2017,2017-08-02,2706,2017-07-12,1846,810,2706,3,5,4,2706,0,0,0,,0,002,"ABREGO ST","FREMONT ST",0.00,,Y,A,-,N,,,,,,,,,,N,3,0,1,2,A,-,12,21453,A,N,D,G,A,A,H,-,A,A,0,,Y,,,Y,,L,04,0,1,0,0,0,0,1,0,0,"- ","- ",,,MONTEREY,MONTEREY,-121.89217993,36.595250049999997
8418583,2017,2017-07-28,2701,2017-06-19,1001,5460,2701,1,5,2,2701,0,0,0,,0,00S,"LINCOLN ST","9TH AV",175.00,N,N,A,-,N,,,,,,,,,,N,4,0,1,1,A,-,13,22515,A,N,H,I,A,A,H,-,A,D,0,,,,,Y,,A,01,0,0,1,0,0,0,0,0,0,"- ","- ",,,MONTEREY,CARMEL,-121.92353,36.55179081
8418639,2017,2017-07-28,2701,2017-06-30,1439,5543,2701,5,5,2,2701,0,0,0,,0,,"SANTA FE ST","1ST AV",0.00,,Y,B,-,N,,,,,,,,,,N,3,0,1,2,A,-,12,22450,A,N,H,G,A,A,H,-,A,A,0,,Y,,,Y,,L,04,0,1,0,0,0,0,1,0,0,"- ","- ",,,MONTEREY,CARMEL,-121.91827000000001,36.561800050000002
8418716,2017,2017-07-31,2701,2017-06-16,0957,5543,2701,5,5,2,2701,0,0,0,,0,00N,"SAN CARLOS ST","6TH AV",187.00,N,N,A,-,N,,,,,,,,,,Y,4,0,1,3,A,-,03,22350,,N,C,C,A,A,H,-,A,D,0,,,,Y,Y,,A,01,0,0,1,0,0,0,0,0,0,"- ","- ",,,MONTEREY,CARMEL,-121.92182,36.556163779999999
8421026,2017,2017-08-31,2703,2017-07-20,1852,7248,2703,4,5,2,2703,0,0,0,,0,ALL,"ELKO ST","8TH ST",0.00,,Y,A,-,N,,,,,,,,,,N,4,0,2,2,A,-,12,22450,A,N,D,C,A,A,H,-,A,A,0,,,,,Y,,A,01,0,0,2,0,0,0,0,0,0,"- ","- ",,,MONTEREY,GONZALES,-121.44460991,36.512490040000003
8422515,2017,2018-06-11,2706,2017-07-22,1150,121,MPD,6,5,4,2706,0,0,0,,0,003,"RT 1","AGUAJITO RD",10.00,E,N,A,-,Y,MON,5,1,-,R,77.390,H,-,S,N,4,0,2,2,A,-,03,22350,,N,C,C,A,A,H,-,A,A,0,,,,,Y,,D,22,0,0,2,0,0,0,0,0,0,"- ","- ",,,MONTEREY,MONTEREY,-121.88052897999999,36.591576869999997
8422519,2017,2017-08-10,2706,2017-07-21,1630,114,MPD,5,5,4,2706,0,0,0,,0,003,"NORTH FREMONT ST","RAMONA AV",100.00,W,N,A,-,N,,,,,,,,,,N,4,0,2,3,A,-,08,22107,,N,B,C,A,A,H,-,A,D,0,,,,,Y,,D,22,0,0,2,0,0,0,0,0,0,"- ","- ",,,MONTEREY,MONTEREY,-121.85659443,36.5971574
90646738,2018,2018-01-24,9730,2018-01-19,1340,021776,,5,1,9,2700,0,2,4,,1,023,"CARMEL VALLEY ROAD","SCHULTE ROAD",2112.00,E,N,A,-,N,,,,,,,,,,Y,3,0,1,1,A,-,08,22107,,N,E,J,A,A,H,-,A,D,0,,,,,Y,,A,01,0,1,0,0,0,0,0,0,0,"- ","- ",36.528980255126953,-121.82393646240234,MONTEREY,UNINCORPORATED,-121.82359313964844,36.529048919677734
90647330,2018,2018-01-25,9730,2018-01-18,0750,020391,,4,1,9,2700,0,1,2,,1,050,"US-101 NORTHBOUND","MAIN ST",1584.00,N,N,A,-,Y,,,,,,,,,,N,4,0,1,2,A,-,07,21658,A,N,B,C,A,A,H,-,A,D,0,,,,,Y,,A,01,0,0,1,0,0,0,0,0,0,"- ","- ",36.687549591064453,-121.65341186523438,MONTEREY,UNINCORPORATED,-121.52136993408203,36.572788238525391
90647342,2018,2018-01-25,9730,2018-01-18,0810,020391,,4,1,9,2700,0,1,2,,1,050,"US-101 NORTHBOUND","MAIN ST",50.00,N,N,A,-,Y,,,,,,,,,,Y,3,0,1,2,A,-,03,22350,,N,C,C,A,A,H,-,A,D,0,,,,Y,Y,,D,22,0,1,0,0,0,0,0,0,0,"- ","- ",36.686931610107422,-121.65225219726562,MONTEREY,UNINCORPORATED,-121.51799774169922,36.569564819335938
90647371,2018,2018-01-25,9730,2018-01-16,1608,018350,,2,2,9,2700,0,3,5,,2,005,"SAN JUAN GRADE ROAD (SIDEWALK)","CORNWALL STREET",45.00,N,N,A,-,N,,,,,,,,,,N,4,0,1,2,B,-,22,,,F,G,B,F,A,H,-,A,D,0,Y,,,,Y,,A,01,0,0,1,0,1,0,0,0,0,"- ","- ",36.733589172363281,-121.63836669921875,MONTEREY,UNINCORPORATED,-121.63829040527344,36.7335205078125
90647430,2017,2018-01-25,9730,2017-12-02,0002,021359,,6,3,9,2700,0,3,5,,2,006,"RESERVATION ROAD","DAVIS ROAD",106.00,W,N,B,-,N,,,,,,,,,,Y,1,1,1,1,A,-,01,23152,F,N,E,I,A,B,H,-,D,D,0,,,,,Y,,A,01,1,0,0,0,0,0,0,0,0,"- ","- ",36.642189999999999,-121.71015,MONTEREY,UNINCORPORATED,-121.70687660999999,36.641651379999999
90647438,2017,2018-02-06,9730,2017-12-08,2207,021856,,5,3,9,2700,0,1,3,,1,074,"STATE ROUTE 1","JENSEN ROAD",2640.00,S,N,A,-,Y,,,1,,,,,,,Y,1,1,1,2,A,-,01,23152,A,N,E,A,A,A,H,-,D,D,0,,,,,Y,Y,A,01,1,0,0,0,0,0,0,0,0,"- ","- ",36.84599,-121.77113,MONTEREY,UNINCORPORATED,-121.77113477,36.845990020000002
90647446,2017,2018-01-25,9730,2017-12-20,0630,015160,,3,1,9,2700,0,2,4,,1,073,"SALINAS ROAD","RAILROAD AVENUE",30.00,N,N,C,-,N,,,,,,,,,,N,1,1,0,2,A,-,03,22350,,F,G,B,D,B,H,-,D,D,0,Y,,,,Y,,-,99,0,0,0,1,0,0,0,0,0,"- ","- ",36.896180000000001,-121.74767,MONTEREY,UNINCORPORATED,-121.74776633,36.89579226
90647640,2018,2018-01-25,9730,2018-01-24,0750,018886,,3,1,9,2700,0,1,3,,2,062,"SR-1 S/B TO IMJIN PARKWAY","IMJIN PARKWAY",200.00,N,N,B,-,Y,,,1,,,,R,,S,Y,4,0,2,3,A,-,03,22350,,N,C,C,A,A,H,-,A,D,0,,,,,Y,,A,01,0,0,2,0,0,0,0,0,0,"- ","- ",36.6708984375,-121.8126220703125,MONTEREY,UNINCORPORATED,-121.8126220703125,36.6708984375
90649814,2018,2018-01-29,9735,2018-01-19,0735,017681,,5,1,3,2704,0,1,2,,1,040,"US-101 SOUTHBOUND","THORNE RD",435.00,S,N,A,B,Y,,,101,,,,,,S,Y,4,0,1,2,A,-,07,21658,A,N,B,C,A,A,D,H,A,D,0,,,,,Y,,A,01,0,0,1,0,0,0,0,0,0,"- ","- ",36.338329315185547,-121.25402069091797,MONTEREY,GREENFIELD,-121.25405883789062,36.338291168212891
90651124,2018,2018-01-30,9730,2018-01-24,0730,018298,,3,1,6,2708,0,1,2,,1,050,"US-101 N/B","E. MARKET ST.",850.00,N,N,A,-,Y,,,101,,,,,,N,Y,4,0,2,2,A,-,08,22107,,N,B,C,A,A,H,-,A,D,0,,,,Y,Y,,A,01,0,0,2,0,0,0,0,0,0,"- ","- ",36.680721282958984,-121.64212799072266,MONTEREY,SALINAS,-121.64218902587891,36.680679321289062
90651230,2018,2018-01-30,9730,2018-01-24,1635,019818,,3,2,9,2700,0,3,5,,2,006,"DAVIS RD","ACACIA ST",26.00,S,N,B,-,N,,,,,,,,,,Y,4,0,1,2,A,-,04,21703,,N,C,C,A,A,H,-,B,D,0,,,,,Y,,A,07,0,0,1,0,0,0,0,0,0,"- ","- ",36.672370910644531,-121.68016815185547,MONTEREY,UNINCORPORATED,-121.68040466308594,36.672283172607422
90651293,2018,2018-01-30,9730,2018-01-25,1250,021776,,4,1,9,2700,0,1,3,,1,066,"SR-183 (MERRITT STREET)","HARO STREET",0.00,,Y,A,-,Y,,,183,,,,,,,Y,3,0,3,2,A,-,09,21802,A,N,D,C,A,A,H,-,A,A,0,,,,,Y,,A,07,0,1,2,0,0,0,0,0,0,"- ","- ",36.760841369628906,-121.75173187255859,MONTEREY,UNINCORPORATED,-121.75161743164062,36.760982513427734
90651329,2018,2018-01-30,9730,2018-01-25,0115,020576,,4,3,9,2700,0,1,2,,1,070,"US-101 SOUTHBOUND","CRAZY HOURSE CYN RD O/C",528.00,S,N,C,-,Y,,,101,,,,,,S,Y,4,0,3,1,A,-,03,22350,,N,E,I,A,B,H,-,D,D,0,,,,,Y,,A,01,0,0,3,0,0,0,0,0,0,"- ","- ",36.817798614501953,-121.63394165039062,MONTEREY,UNINCORPORATED,-121.63397216796875,36.817867279052734
90651606,2018,2018-01-30,9730,2018-01-24,1752,021707,,3,2,9,2700,0,1,2,,1,050,"US-101 N/B","E. MARKET STREET",792.00,N,N,C,-,Y,,,,,,,,,,Y,4,0,2,2,A,-,03,22350,,N,D,C,A,B,H,-,D,D,0,,,,,Y,,A,07,0,0,2,0,0,0,0,0,0,"- ","- ",36.680278778076172,-121.64202117919922,MONTEREY,UNINCORPORATED,-121.64173889160156,36.679786682128906
90651712,2018,2018-02-06,9735,2018-01-29,1412,019800,,1,2,9,2700,0,1,2,,2,043,"US-101 S/B","CATTLEMAN RD. UNDERCROSSING",12672.00,N,N,A,-,Y,,,101,,,,,,S,Y,3,0,1,2,A,-,03,22350,,N,C,C,A,A,H,-,A,D,0,,,,,Y,,D,22,0,1,0,0,0,0,0,0,0,"- ","- ",36.037971496582031,-120.95123291015625,MONTEREY,UNINCORPORATED,-120.95119476318359,36.038017272949219
90652062,2018,2018-01-31,9730,2018-01-20,0345,021794,,6,3,9,2700,0,2,4,,1,073,"SAN MIGUEL CANYON ROAD","MORO ROAD",0.00,,Y,A,-,N,,,,,,,,,,N,3,0,1,2,A,-,17,21451,A,N,F,A,A,A,H,-,A,A,0,,,Y,,Y,,A,07,0,1,0,0,0,0,0,0,1,"- ","- ",36.802711486816406,-121.66671752929688,MONTEREY,UNINCORPORATED,-121.66671752929688,36.802669525146484
90652235,2018,2019-07-08,9730,2018-01-24,1300,018886,,3,1,9,2700,0,3,5,,2,007,"PAJARO STREET","SR-183 (MERRITT STREET)",35.00,N,N,B,-,N,,,,,,,,,,N,2,0,1,3,A,-,21,22106,,F,G,B,E,A,H,-,A,D,0,Y,,,,Y,,D,22,1,0,0,0,1,0,0,0,0,"- ","- ",36.762798309326172,-121.75370788574219,MONTEREY,UNINCORPORATED,,
90652356,2018,2018-01-31,9730,2018-01-26,0807,020424,,5,1,3,2711,0,1,2,,1,030,"US-101 N/B",SR-146,2640.00,S,N,A,-,Y,,,101,,,,,,N,Y,3,0,1,1,A,-,03,22350,,N,E,I,A,A,H,-,A,C,0,,,,,Y,,A,01,0,1,0,0,0,0,0,0,0,"- ","- ",36.412868499755859,-121.32028961181641,MONTEREY,SOLEDAD,-121.32025146484375,36.412879943847656
90652786,2018,2018-02-01,9730,2018-01-26,0933,020391,,5,1,9,2700,0,1,2,,1,070,"US-101 SOUTHBOUND","RALPH LN",1584.00,N,N,A,-,Y,,,101,,,,,,S,Y,4,0,2,2,A,-,07,21658,A,N,C,C,A,A,H,-,A,D,0,,,,,Y,,A,01,0,0,2,0,0,0,0,0,0,"- ","- ",36.760768890380859,-121.66655731201172,MONTEREY,UNINCORPORATED,-121.66658020019531,36.760765075683594
90652802,2018,2018-02-01,9735,2018-01-30,1712,019800,,2,2,9,2700,0,1,2,,1,040,"OAK AVE. TO US-101 N/B","OAK AVE",5.00,N,N,A,-,Y,,,,,,,,,,N,4,0,1,2,A,-,08,22107,,N,D,G,A,A,H,-,B,A,0,,Y,,,Y,,D,22,0,0,1,0,0,0,1,0,0,"- ","- ",36.328399658203125,-121.23770141601562,MONTEREY,UNINCORPORATED,,
90652903,2018,2018-02-01,9730,2018-01-27,1834,021407,,6,2,9,2700,0,2,4,,1,073,"SALINAS ROAD","RAILROAD ROAD",1320.00,S,N,A,-,N,,,,,,,,,,Y,4,0,1,2,A,-,01,23152,A,N,B,C,A,A,H,-,C,D,0,,,,,Y,Y,A,08,0,0,1,0,0,0,0,0,0,"- ","- ",36.896198272705078,-121.74739837646484,MONTEREY,UNINCORPORATED,-121.74742126464844,36.892093658447266
90653115,2018,2018-02-01,9730,2018-01-30,0130,020576,,2,3,9,2700,0,3,5,,2,003,"LAUREL DRIVE","TOYON WAY",1056.00,N,N,A,-,N,,,,,,,,,,Y,3,0,1,1,A,-,08,22107,,N,E,I,A,A,H,-,D,D,0,,,,,Y,,A,07,0,1,0,0,0,0,0,0,0,"- ","- ",36.487979888916016,-121.73896026611328,MONTEREY,UNINCORPORATED,-121.73973846435547,36.488460540771484
8422761,2017,2017-08-16,2712,2017-06-20,1704,1073,2712,2,5,3,2712,0,0,0,,0,001,"DEL MONTE BL","PALM AV",150.00,S,N,A,-,N,,,,,,,,,,N,4,0,3,2,C,-,18,,,N,C,C,A,A,H,-,A,A,0,,,,,Y,,-,"- ",0,0,3,0,0,0,0,0,0,"- ","- ",,,MONTEREY,MARINA,-121.80386,36.68327
8424701,2017,2017-08-22,2712,2017-07-21,1829,1033,2712,5,5,3,2712,0,0,0,,0,001,"IMJIN PW","ABRAMS DR",748.00,S,N,A,-,N,,,,,,,,,,Y,4,0,2,3,A,-,03,22350,,N,C,C,A,A,H,-,A,A,0,,,,,Y,,D,22,0,0,2,0,0,0,0,0,0,"- ","- ",,,MONTEREY,MARINA,-121.79210594,36.662041809999998
8425737,2017,2017-08-24,2707,2017-06-12,1015,1275,,1,5,3,2707,0,0,0,,0,001,"SINEX AV","LOBOS AV",38.00,W,N,A,-,N,,,,,,,,,,N,4,0,1,2,A,-,21,22106,,N,D,C,A,A,H,-,A,D,0,,,,,Y,,A,01,0,0,1,0,0,0,0,0,0,"- ","- ",,,MONTEREY,"PACIFIC GROVE",-121.924772,36.616315030000003
8426258,2017,2017-08-22,2706,2017-07-26,1407,505,2706,3,5,4,2706,0,0,0,,0,002,"MUNRAS AV","MUNRAS AV 900",0.00,,Y,A,-,N,,,,,,,,,,Y,3,0,1,3,A,-,01,23152,A,N,B,E,A,A,H,-,A,D,0,,,,,Y,Y,A,01,0,1,0,0,0,0,0,0,0,"- ","- ",,,MONTEREY,MONTEREY,,
8426262,2017,2018-02-28,2706,2017-07-31,1530,505,2706,1,5,4,2706,0,0,0,,0,003,"ENGLISH AV","DEL MONTE AV",32.00,S,N,A,-,N,,,,,,,,,,N,4,0,1,2,D,-,00,,,N,-,C,A,A,H,-,A,A,0,,,,,Y,,-,"- ",0,0,1,0,0,0,0,0,0,"- ","- ",,,MONTEREY,MONTEREY,-121.86065995,36.604746609999999
8426694,2017,2017-08-16,2712,2017-06-24,1117,1057,2712,6,5,3,2712,0,0,0,,0,001,"DEL MONTE BL","RESERVATION RD",33.00,S,N,A,-,N,,,,,,,,,,Y,4,0,1,2,A,-,03,22350,,N,C,C,A,A,H,-,A,A,0,,,,,Y,,A,01,0,0,1,0,0,0,0,0,0,"- ","- ",,,MONTEREY,MARINA,-121.7997965,36.687626850000001
8429775,2017,2017-08-24,2707,2017-07-21,1216,2224,2707,5,5,3,2707,0,0,0,,0,002,"PINE AV","9TH ST",12.00,W,N,A,-,N,,,,,,,,,,N,4,0,1,2,A,-,09,21802,A,N,D,C,A,A,H,-,A,D,0,,,,,Y,,A,07,0,0,1,0,0,0,0,0,0,"- ","- ",,,MONTEREY,"PACIFIC GROVE",-121.91297864000001,36.617200820000001
8429820,2017,2017-08-29,2706,2017-07-28,1446,538,MPD,5,5,4,2706,0,0,0,,0,003,"AGUAJITO RD","3RD ST",0.00,,Y,A,-,N,,,,,,,,,,Y,4,0,1,2,A,-,09,21802,A,N,D,C,A,-,H,-,A,A,0,,,,,Y,,A,01,0,0,1,0,0,0,0,0,0,"- ","- ",,,MONTEREY,MONTEREY,,
8429824,2017,2017-08-29,2706,2017-07-05,1746,772,2706,3,5,4,2706,0,0,0,,0,002,"DEL MONTE AV","CORTES ST",78.00,W,N,A,-,N,,,,,,,,,,N,3,0,1,2,A,-,07,21658,A,F,F,A,A,A,H,-,A,D,0,,,Y,,Y,,A,01,0,1,0,0,0,0,0,0,1,"- ","- ",,,MONTEREY,MONTEREY,-121.8891201,36.600104090000002
8429897,2017,2017-08-18,2706,2017-06-01,1747,335,2706,4,5,4,2706,0,0,0,,0,003,"NORTH FREMONT ST","N FREMONT ST 2100",0.00,,Y,A,-,N,,,,,,,,,,N,4,0,1,2,A,-,03,22350,,N,C,C,A,A,H,-,A,D,0,,,,,Y,,A,01,0,0,1,0,0,0,0,0,0,"- ","- ",,,MONTEREY,MONTEREY,,
8430241,2017,2017-08-25,2708,2017-07-11,1841,05048,,2,5,6,2708,0,0,0,,0,008,"EAST MARKET ST","PEACH ST",0.00,,Y,A,-,N,,,,,,,,,,Y,4,0,1,2,A,-,10,21950,A,N,G,B,B,A,H,-,A,D,0,Y,,,,Y,,-,,0,0,1,0,1,0,0,0,0,"- ","- ",,,MONTEREY,SALINAS,-121.64756987,36.678700110000001
8430249,2017,2017-08-25,2708,2017-07-02,1741,71595,,7,5,6,2708,0,0,0,,0,011,"BORONDA RD","RIDER AV",0.00,,Y,A,-,N,,,,,,,,,,Y,4,0,2,2,A,-,09,21801,A,N,D,C,A,A,H,-,A,A,0,,,,,Y,,-,,0,0,2,0,0,0,0,0,0,"- ","- ",,,MONTEREY,SALINAS,-121.60016989,36.700200029999998