CASE_ID,ACCIDENT_YEAR,PROC_DATE,JURIS,COLLISION_DATE,COLLISION_TIME,OFFICER_ID,REPORTING_DISTRICT,DAY_OF_WEEK,CHP_SHIFT,POPULATION,CNTY_CITY_LOC,SPECIAL_COND,BEAT_TYPE,CHP_BEAT_TYPE,CITY_DIVISION_LAPD,CHP_BEAT_CLASS,BEAT_NUMBER,PRIMARY_RD,SECONDARY_RD,DISTANCE,DIRECTION,INTERSECTION,WEATHER_1,WEATHER_2,STATE_HWY_IND,CALTRANS_COUNTY,CALTRANS_DISTRICT,STATE_ROUTE,ROUTE_SUFFIX,POSTMILE_PREFIX,POSTMILE,LOCATION_TYPE,RAMP_INTERSECTION,SIDE_OF_HWY,TOW_AWAY,COLLISION_SEVERITY,NUMBER_KILLED,NUMBER_INJURED,PARTY_COUNT,PRIMARY_COLL_FACTOR,PCF_CODE_OF_VIOL,PCF_VIOL_CATEGORY,PCF_VIOLATION,PCF_VIOL_SUBSECTION,HIT_AND_RUN,TYPE_OF_COLLISION,MVIW,PED_ACTION,ROAD_SURFACE,ROAD_COND_1,ROAD_COND_2,LIGHTING,CONTROL_DEVICE,CHP_ROAD_TYPE,PEDESTRIAN_ACCIDENT,BICYCLE_ACCIDENT,MOTORCYCLE_ACCIDENT,TRUCK_ACCIDENT,NOT_PRIVATE_PROPERTY,ALCOHOL_INVOLVED,STWD_VEHTYPE_AT_FAULT,CHP_VEHTYPE_AT_FAULT,COUNT_SEVERE_INJ,COUNT_VISIBLE_INJ,COUNT_COMPLAINT_PAIN,COUNT_PED_KILLED,COUNT_PED_INJURED,COUNT_BICYCLIST_KILLED,COUNT_BICYCLIST_INJURED,COUNT_MC_KILLED,COUNT_MC_INJURED,PRIMARY_RAMP,SECONDARY_RAMP,LATITUDE,LONGITUDE,COUNTY,CITY,POINT_X,POINT_Y
90653917,2018,2018-02-02,9735,2018-01-20,1611,019700,,6,2,9,2700,0,1,3,,1,034,SR-198,"PEACH TREE ROAD",24816.00,E,N,A,-,Y,,,,,,,,,,Y,3,0,2,3,A,-,08,22107,,N,B,C,A,A,H,-,A,D,0,,,Y,,Y,,A,01,0,2,0,0,0,0,0,0,2,"- ","- ",36.111598968505859,-120.44570922851562,MONTEREY,UNINCORPORATED,-120.75592041015625,36.191146850585938
90654710,2018,2018-02-05,9730,2018-01-28,0045,020677,,7,3,6,2708,0,1,2,,1,050,"US-101 S/B","SANBORN RD.",228.00,N,N,A,-,Y,,,101,,,,,,S,Y,2,0,4,3,A,-,01,23152,A,N,A,C,A,A,H,-,D,D,0,,,,,Y,Y,A,01,2,1,1,0,0,0,0,0,0,"- ","- ",36.666519165039062,-121.62722778320312,MONTEREY,SALINAS,-121.62745666503906,36.666160583496094
90654718,2018,2018-03-28,9730,2018-01-28,2020,021320,,7,2,9,2700,0,1,2,,1,070,"US-101 S/B","CRAZY HORSE CANYON ROAD",425.00,S,N,A,-,Y,,,101,,,,,,S,Y,2,0,1,2,A,-,01,23152,A,N,E,I,A,A,H,-,C,D,0,,,,,Y,Y,A,01,1,0,0,0,0,0,0,0,0,"- ","- ",36.817821502685547,-121.63423156738281,MONTEREY,UNINCORPORATED,-121.63420104980469,36.817756652832031
90654917,2018,2018-02-05,9730,2018-01-26,0643,016666,,5,1,9,2700,0,2,4,,1,023,"CARMEL VALLEY ROAD","SCHULTE ROAD",528.00,E,N,A,-,N,,,,,,,,,,Y,3,0,2,3,A,-,08,22107,,N,A,C,A,B,H,-,C,D,0,,,,,Y,,A,08,0,2,0,0,0,0,0,0,0,"- ","- ",36.529148101806641,-121.82218933105469,MONTEREY,UNINCORPORATED,-121.828857421875,36.529899597167969
90654997,2018,2018-02-05,9730,2018-01-27,0239,020677,,6,3,9,2700,0,1,3,,1,068,SR-68,"PASADERA RD.",1110.00,W,N,A,-,Y,,,68,,,,,,,Y,2,0,1,1,A,-,01,23152,A,N,E,I,A,A,H,-,D,D,0,,,,,Y,Y,A,01,1,0,0,0,0,0,0,0,0,"- ","- ",36.56781005859375,-121.78279876708984,MONTEREY,UNINCORPORATED,-121.78282928466797,36.567729949951172
90655064,2018,2018-02-05,9730,2018-01-28,2008,020933,,7,2,9,2700,0,1,3,,2,062,"SR-1 SOUTHBOUND","CALIFORNIA AVENUE",200.00,S,N,A,-,Y,,,,,,,,,,Y,3,0,1,2,A,-,01,23152,A,N,B,C,A,A,H,-,C,D,0,,,,,Y,Y,A,01,0,1,0,0,0,0,0,0,0,"- ","- ",36.623870849609375,-121.84300994873047,MONTEREY,UNINCORPORATED,-121.84239196777344,36.624073028564453
90655397,2018,2018-02-05,9730,2018-02-04,1025,020208,,7,1,9,2700,0,3,5,,2,002,"ROBINSON CANYON ROAD","PENON PEAK TRAIL",7920.00,N,N,A,-,N,,,,,,,,,,N,3,0,1,1,A,-,03,22350,,N,F,A,A,A,H,-,A,D,0,,Y,,,Y,,L,04,0,1,0,0,0,0,1,0,0,"- ","- ",36.486568450927734,-121.80728149414062,MONTEREY,UNINCORPORATED,-121.80529022216797,36.484420776367188
90655406,2018,2018-02-05,9730,2018-01-28,1910,021794,,7,2,9,2700,0,1,2,,1,070,"US-101 SOUTHBOUND","PESANTE ROAD",1584.00,N,N,A,-,Y,,,101,,,,,,S,Y,4,0,1,1,A,-,08,22107,,N,E,I,A,A,H,-,D,D,0,,,,,Y,,A,07,0,0,1,0,0,0,0,0,0,"- ","- ",36.780101776123047,-121.669677734375,MONTEREY,UNINCORPORATED,-121.66954040527344,36.780082702636719
90655583,2018,2018-02-06,9730,2018-01-30,1645,019981,,2,2,4,2706,0,1,3,,2,062,"SR-1 N/B","SLOAT AVE U/C",528.00,N,N,A,-,Y,,,1,,,,,,N,Y,4,0,1,2,A,-,03,22350,,N,C,C,A,A,H,-,A,D,0,,,,,Y,,A,01,0,0,1,0,0,0,0,0,0,"- ","- ",36.593551635742188,-121.87535858154297,MONTEREY,MONTEREY,-121.8753662109375,36.593589782714844
90655744,2018,2018-02-06,9730,2018-01-31,1140,017502,,3,1,9,2700,0,1,3,,1,068,SR-68,"LAURELES GRADE",120.00,W,N,A,-,Y,,,68,,,,,,,Y,4,0,1,3,A,-,03,22350,,N,C,C,A,A,H,-,A,D,0,,,,,Y,,A,08,0,0,1,0,0,0,0,0,0,"- ","- ",36.569599151611328,-121.75669860839844,MONTEREY,UNINCORPORATED,-121.75666046142578,36.569839477539062
90658634,2018,2018-02-09,9730,2018-01-31,1145,018543,,3,1,9,2700,0,3,5,,2,020,"CONGRESS ROAD","CHAPARRAL ROAD",150.00,S,N,A,-,N,,,,,,,,,,Y,3,0,1,2,D,-,00,,,N,B,C,A,A,H,-,A,D,0,,,,Y,Y,,-,"- ",0,1,0,0,0,0,0,0,0,"- ","- ",36.595359802246094,-121.93598937988281,MONTEREY,UNINCORPORATED,-121.93607330322266,36.595928192138672
8430253,2017,2017-08-25,2708,2017-07-02,1807,04125,,7,5,6,2708,0,0,0,,0,008,"E ALISAL","GRIFFIN ST",0.00,,Y,A,-,N,,,,,,,,,,Y,4,0,1,2,A,-,01,23153,A,N,D,C,A,A,H,-,A,A,0,,,,,Y,Y,-,,0,0,1,0,0,0,0,0,0,"- ","- ",,,MONTEREY,SALINAS,-121.64123986,36.6742901
8430257,2017,2017-08-25,2708,2017-07-31,1837,04125,,1,5,6,2708,0,0,0,,0,010,"E ALISAL ST","N WOOD ST",0.00,,Y,A,-,N,,,,,,,,,,N,4,0,4,2,A,-,12,21453,A,N,D,C,A,A,H,-,A,A,0,,,,,Y,,A,01,0,0,4,0,0,0,0,0,0,"- ","- ",,,MONTEREY,SALINAS,-121.63539987,36.673700019999998
8430290,2017,2017-08-24,2708,2017-07-26,0516,34725,,3,5,6,2708,0,0,0,,0,012,"E ALISAL ST","WILLIAMS RD",255.00,E,N,A,-,N,,,,,,,,,,N,4,0,2,2,A,-,09,21804,A,N,D,C,A,A,H,-,A,D,0,,,,,Y,,-,,0,0,2,0,0,0,0,0,0,"- ","- ",,,MONTEREY,SALINAS,-121.61903337,36.67221842
8430419,2017,2017-09-19,2706,2017-07-24,1845,143,2706,1,5,4,2706,0,0,0,,0,002,"PACIFIC ST","JEFFERSON ST",0.00,,Y,A,-,N,,,,,,,,,,N,4,0,1,2,A,-,03,22350,,N,C,C,A,A,H,-,A,A,0,,,,,Y,,A,01,0,0,1,0,0,0,0,0,0,"- ","- ",,,MONTEREY,MONTEREY,-121.89639987,36.59836001
8430561,2017,2018-06-01,2708,2017-08-22,1209,50883,SALIA,2,5,6,2708,0,0,0,,0,001,"EAST BORONDA RD","RT 101",0.00,,Y,A,-,Y,MON,5,101,-,R,91.292,R,4,S,Y,4,0,1,2,A,-,03,22350,,N,C,C,A,A,H,-,A,A,0,,,,,Y,,-,,0,0,1,0,0,0,0,0,0,"- ","- ",,,MONTEREY,SALINAS,-121.65888167,36.726162160000001
8430565,2017,2017-09-15,2708,2017-08-27,1950,03530,,7,5,6,2708,0,0,0,,0,011,"WILLIAMS RD","BORONDA RD",0.00,,Y,A,-,N,,,,,,,,,,Y,3,0,2,2,A,-,09,21802,A,N,D,C,A,A,H,-,A,A,0,,,,,Y,Y,-,,0,2,0,0,0,0,0,0,0,"- ","- ",,,MONTEREY,SALINAS,-121.59071989,36.689000010000001
8430569,2017,2017-09-15,2708,2017-08-18,1710,03530,,5,5,6,2708,0,0,0,,0,006,"WEST ROSSI ST","MARTELLA ST",0.00,,N,A,-,N,,,,,,,,,,N,4,0,2,2,A,-,17,21209,A,N,D,C,A,A,H,-,A,A,0,,,,,Y,Y,-,,0,0,2,0,0,0,0,0,0,"- ","- ",,,MONTEREY,SALINAS,-121.65507995,36.681520040000002
8430573,2017,2017-09-15,2708,2017-08-29,1601,5048,,2,5,6,2708,0,0,0,,0,008,"CENTRAL AV","LINCOLN AV",150.00,W,-,A,-,N,,,,,,,,,,N,4,0,1,2,A,-,09,21801,A,F,D,C,A,A,H,-,A,D,0,,,,,Y,,-,,0,0,1,0,0,0,0,0,0,"- ","- ",,,MONTEREY,SALINAS,-121.658063,36.67656479
8430577,2017,2017-09-15,2708,2017-08-16,0757,79945,,3,5,6,2708,0,0,0,,0,012,"E ALISAL ST","EAST MARKET ST",0.00,,Y,A,-,N,,,,,,,,,,N,4,0,2,2,A,-,09,21802,A,N,A,C,A,A,H,-,A,A,0,,,,,Y,,-,,0,0,2,0,0,0,0,0,0,"- ","- ",,,MONTEREY,SALINAS,-121.61354993,36.672620080000002
8430581,2017,2017-09-15,2708,2017-08-29,1013,71633,SALIN,2,5,6,2708,0,0,0,,0,008,"E ALISAL ST","MAIN ST",0.00,,Y,A,-,N,,,,,,,,,,N,3,0,1,2,A,-,10,21950,A,N,G,B,B,A,H,-,A,A,0,Y,,,,Y,,-,,0,1,0,0,1,0,0,0,0,"- ","- ",,,MONTEREY,SALINAS,-121.65481995,36.673800010000001
8430585,2017,2017-09-15,2708,2017-08-31,0743,49532,SALIN,4,5,6,2708,0,0,0,,0,007,"VILLA ST","WEST MARKET ST",400.00,S,N,A,-,N,,,,,,,,,,N,4,0,3,2,A,-,09,21804,A,F,D,C,A,A,H,-,A,A,0,,,,,Y,,-,,0,0,3,0,0,0,0,0,0,"- ","- ",,,MONTEREY,SALINAS,-121.66656645,36.68042088
8430589,2017,2017-09-15,2708,2017-08-29,0641,76998,,2,5,6,2708,0,0,0,,0,001,"GARNER AV","PACIFIC AV",0.00,,Y,A,-,N,,,,,,,,,,Y,4,0,1,2,A,-,09,21801,A,N,D,C,A,A,H,-,A,D,0,,,,,Y,,-,,0,0,1,0,0,0,0,0,0,"- ","- ",,,MONTEREY,SALINAS,-121.61643986999999,36.687740040000001
90659019,2018,2018-02-12,9730,2018-02-01,1252,018543,,4,1,9,2700,0,1,2,,1,070,"US-101 S/B","TUSTIN ROAD",200.00,S,N,A,-,Y,,,101,,,,,,S,Y,3,0,1,1,A,-,08,22107,,N,F,A,A,A,H,-,A,D,0,,,,,Y,Y,A,01,0,1,0,0,0,0,0,0,0,"- ","- ",36.807109832763672,-121.64808654785156,MONTEREY,UNINCORPORATED,-121.64806365966797,36.807083129882812
90659030,2018,2018-02-12,9730,2018-02-02,1535,021407,,5,2,9,2700,0,1,2,,1,050,"US-101 S/B","SPENCE ROAD",60.00,N,N,A,-,Y,,,101,,,,,,S,Y,4,0,1,3,A,-,03,22350,,N,C,C,A,A,H,-,A,D,0,,,,,Y,,A,08,0,0,1,0,0,0,0,0,0,"- ","- ",36.612899780273438,-121.56729888916016,MONTEREY,UNINCORPORATED,-121.56733703613281,36.612846374511719
90659041,2018,2018-02-12,9730,2018-02-02,1821,021407,,5,2,9,2700,0,3,5,,2,003,"RIVER ROAD","PARKER ROAD",5280.00,S,N,A,-,N,,,,,,,,,,Y,4,0,1,1,A,-,08,22107,,N,E,A,A,A,H,-,D,D,0,,,,,Y,,A,01,0,0,1,0,0,0,0,0,0,"- ","- ",36.574501037597656,-121.58260345458984,MONTEREY,UNINCORPORATED,-121.59176635742188,36.578666687011719
90659174,2018,2018-02-12,9730,2018-02-02,1815,020621,,5,2,9,2700,0,3,5,,2,006,"ESPINOSA ROAD","FOXWOOD LANE",2640.00,E,N,A,-,N,,,,,,,,,,Y,3,0,1,1,A,-,08,22107,,N,E,I,A,A,H,-,D,D,0,,,,Y,Y,,F,24,0,1,0,0,0,0,0,0,0,"- ","- ",36.741531372070312,-121.6815185546875,MONTEREY,UNINCORPORATED,-121.68120574951172,36.741458892822266
90659252,2018,2018-02-12,9730,2018-02-03,1802,021856,,6,2,9,2700,0,3,5,,2,007,"CASTROVILLE BLVD","ELKHORN ROAD",1584.00,E,N,A,-,N,,,,,,,,,,Y,3,0,1,1,A,-,01,23152,A,N,E,I,A,A,H,-,D,D,0,,,,,Y,Y,A,01,0,1,0,0,0,0,0,0,0,"- ","- ",36.795188903808594,-121.71550750732422,MONTEREY,UNINCORPORATED,-121.71506500244141,36.79522705078125
90659833,2018,2018-02-12,9730,2018-02-05,1500,014800,,1,2,6,2708,1,4,S,,2,901,"WILLIAMS ROAD","FREEDOM PARKWAY",121.00,S,N,A,-,N,,,,,,,,,,N,4,0,1,3,A,-,03,22350,,N,C,C,A,A,H,-,A,A,0,,,,,Y,,H,13,0,0,1,0,0,0,0,0,0,"- ","- ",36.685348510742188,-121.59661102294922,MONTEREY,SALINAS,-121.59703063964844,36.6854248046875
90659992,2018,2018-02-13,9730,2018-02-03,1410,021856,,6,2,9,2700,0,2,4,,1,073,"SAN MIGUEL CANYON ROAD","PRUNEDALE NORTH ROAD",150.00,E,N,A,-,Y,,,,,,,,,,N,4,0,4,4,A,-,03,22350,,M,C,C,A,A,H,-,A,A,0,,,,,Y,,A,01,0,0,4,0,0,0,0,0,0,"- ","- ",36.801120758056641,-121.66549682617188,MONTEREY,UNINCORPORATED,-121.66558837890625,36.801185607910156
90659994,2018,2018-02-13,9730,2018-02-05,1125,021776,,1,1,9,2700,0,1,2,,1,070,"US-101 SOUTHBOUND","PRUNEDALE SOUTH ROAD",1584.00,S,N,A,-,Y,,,101,,,,,,S,Y,4,0,1,1,A,-,08,22107,,N,E,I,A,A,H,-,A,D,0,,,,,Y,,A,01,0,0,1,0,0,0,0,0,0,"- ","- ",36.782150268554688,-121.66928863525391,MONTEREY,UNINCORPORATED,-121.66921234130859,36.782135009765625
90660115,2018,2018-02-13,9730,2018-02-06,1510,019981,,2,2,9,2700,0,2,4,,1,073,"SAN MIGUEL CANYON","STRONG CIRCLE",0.00,,Y,A,-,N,,,,,,,,,,Y,3,0,1,2,A,-,09,21804,A,N,E,I,A,A,H,-,A,D,0,,,,,Y,,A,08,0,1,0,0,0,0,0,0,0,"- ","- ",36.836479187011719,-121.68305969238281,MONTEREY,UNINCORPORATED,-121.68305206298828,36.836471557617188
90660148,2018,2018-02-13,9730,2018-02-06,1200,018543,,2,1,9,2700,0,1,3,,1,072,"SR-156 W/B",US-101,528.00,W,N,A,-,Y,,,156,,,,,,W,Y,4,0,2,2,A,-,09,21801,A,N,D,C,A,A,H,-,A,D,0,,,,,Y,,D,23,0,0,2,0,0,0,0,0,0,"- ","- ",36.788810729980469,-121.67202758789062,MONTEREY,UNINCORPORATED,-121.67202758789062,36.788803100585938
90660300,2018,2018-02-13,9730,2018-02-07,1630,019745,,3,2,4,2706,0,1,3,,2,062,"N/B SR-1 FROM AGUAJITO RD","N/B SR/-1",0.00,,Y,A,-,Y,,,1,,,,R,,,Y,3,0,1,1,A,-,03,22350,,N,E,I,A,A,H,-,A,D,0,,,,,Y,,A,07,0,1,0,0,0,0,0,0,0,"- ","- ",36.591999053955078,-121.87940216064453,MONTEREY,MONTEREY,-121.87940216064453,36.591999053955078
90660979,2018,2018-02-14,9730,2018-02-06,2204,020576,,2,3,9,2700,0,2,4,,1,075,"SAN JUAN ROAD","SAN MIGUEL CANYON ROAD",4224.00,W,N,A,-,N,,,,,,,,,,Y,3,0,1,1,A,-,01,23152,A,M,E,I,A,A,H,-,D,D,0,,,,,Y,Y,A,01,0,1,0,0,0,0,0,0,0,"- ","- ",36.904148101806641,-121.70449829101562,MONTEREY,UNINCORPORATED,-121.70410919189453,36.904094696044922
90661070,2018,2018-02-14,9730,2018-02-07,1722,020065,,3,2,9,2700,0,3,5,,2,004,"OLD STAGE ROAD","ASSOCIATED LANE",6336.00,N,N,A,-,N,,,,,,,,,,Y,3,0,1,1,A,-,01,23152,A,N,E,I,A,A,H,-,A,D,0,,,,,Y,Y,A,07,0,1,0,0,0,0,0,0,0,"- ","- ",36.536811828613281,-121.46267700195312,MONTEREY,UNINCORPORATED,-121.46343231201172,36.536384582519531
90661149,2018,2018-02-14,9730,2018-02-09,1245,021776,,5,1,9,2700,0,1,3,,2,062,"SR-1 S/B OFF RAMP TO IMJIN PARKWAY","IMJIN PARKWAY",15.00,N,N,A,-,Y,,,1,,,,R,,S,Y,3,0,1,2,A,-,03,22350,,N,C,C,A,A,H,-,A,A,0,,,,,Y,,A,01,0,1,0,0,0,0,0,0,0,"- ","- ",36.669731140136719,-121.8134765625,MONTEREY,UNINCORPORATED,-121.8134765625,36.669731140136719
90661427,2018,2018-02-14,9730,2018-02-07,1615,018298,,3,2,9,2700,0,1,3,,1,074,"SR-1 N/B","TRAFTON RD.",1056.00,N,N,A,-,Y,,,1,,,,,,N,Y,3,0,1,1,A,-,03,22350,,N,E,I,A,A,H,-,A,D,0,,,,,Y,,E,22,0,1,0,0,0,0,0,0,0,"- ","- ",36.880001068115234,-121.77159881591797,MONTEREY,UNINCORPORATED,-121.77162933349609,36.879993438720703
90661671,2018,2018-02-14,9730,2018-02-09,1728,021856,,5,2,9,2700,0,2,4,,1,023,"CARMEL VALLEY ROAD","DORRIS DRIVE",0.00,,Y,A,-,Y,,,,,,,,,,Y,4,0,1,2,A,-,09,21801,A,N,B,C,A,A,H,-,A,D,0,,,,,Y,,A,01,0,0,1,0,0,0,0,0,0,"- ","- ",36.532688140869141,-121.81002807617188,MONTEREY,UNINCORPORATED,-121.81004333496094,36.523708343505859
90663893,2018,2018-02-19,9730,2018-02-07,1757,018810,,3,2,9,2700,0,1,3,,1,066,SR-183,"HARO STREET",0.00,,Y,B,-,Y,,,183,,,,,,,N,3,0,1,2,A,-,09,21801,A,N,D,C,A,A,H,-,C,D,0,,,,,Y,,A,01,0,1,0,0,0,0,0,0,0,"- ","- ",36.760948181152344,-121.75170135498047,MONTEREY,UNINCORPORATED,-121.75165557861328,36.761009216308594
90663912,2018,2018-02-19,9730,2018-02-10,0110,021794,,6,3,9,2700,0,1,3,,1,022,SR-1,"SAN REMO ROAD",20.00,S,N,A,-,Y,,,1,,,,,,,Y,4,0,1,1,A,-,08,22107,,N,E,I,A,A,H,-,D,D,0,,,,,Y,,A,01,0,0,1,0,0,0,0,0,0,"- ","- ",36.491451263427734,-121.93829345703125,MONTEREY,UNINCORPORATED,-121.93828582763672,36.491451263427734
90663932,2018,2018-02-19,9730,2018-02-11,2244,021856,,7,3,9,2700,0,1,2,,1,050,"SOUTHBOUND US-101","AIRPORT BLVD",528.00,S,N,A,-,Y,,,101,,,,,,,Y,3,0,2,1,A,-,08,22107,,N,E,I,A,A,H,-,C,D,0,,,,,Y,,A,01,0,2,0,0,0,0,0,0,0,"- ","- ",36.659160614013672,-121.62227630615234,MONTEREY,UNINCORPORATED,-121.62213897705078,36.65924072265625
90663953,2018,2018-02-19,9730,2018-02-10,1156,021888,,6,1,9,2700,0,1,3,,1,074,"SR-1 S/B","NASHUA ROAD",1584.00,N,N,A,-,Y,,,1,,,,,,S,Y,4,0,2,2,A,-,07,21658,A,N,B,C,A,A,H,-,A,D,0,,,,,Y,,A,01,0,0,2,0,0,0,0,0,0,"- ","- ",36.750259399414062,-121.76828002929688,MONTEREY,UNINCORPORATED,-121.76828765869141,36.750263214111328
90663967,2018,2018-02-19,9730,2018-02-11,1125,018543,,7,1,9,2700,0,1,3,,2,062,"SR-1 N/B","MUNRAS AVENUE",200.00,S,N,A,-,Y,,,1,,,,,,N,Y,4,0,2,2,A,-,17,23114,A,N,H,J,A,A,H,-,A,D,0,,,,,Y,,D,22,0,0,2,0,0,0,0,0,0,"- ","- ",36.578739166259766,-121.90615081787109,MONTEREY,UNINCORPORATED,-121.90620422363281,36.578826904296875
90663988,2018,2018-02-19,9730,2018-02-11,1848,020391,,7,2,9,2700,0,3,5,,2,007,"PARADISE RD","WALKER VALLEY RD",455.00,S,N,A,-,N,,,,,,,,,,Y,2,0,2,2,A,-,01,23152,A,N,A,C,A,A,H,-,D,D,0,,,,,Y,Y,A,01,2,0,0,0,0,0,0,0,0,"- ","- ",36.803050994873047,-121.70348358154297,MONTEREY,UNINCORPORATED,-121.70355224609375,36.803203582763672
8430593,2017,2017-09-15,2708,2017-07-31,2230,34725,,1,5,6,2708,0,0,0,,0,005,"LINWOOD DR","ELWOOD ST",0.00,,Y,A,-,N,,,,,,,,,,Y,4,0,1,2,A,-,09,21802,A,N,D,C,A,A,H,-,C,A,0,,,,,Y,Y,-,,0,0,1,0,0,0,0,0,0,"- ","- ",,,MONTEREY,SALINAS,-121.64334992000001,36.69965002
8430597,2017,2017-09-14,2708,2017-08-06,1659,17987,,7,5,6,2708,0,0,0,,0,,"NORTH MAIN ST","ROCHEX AV",0.00,,Y,A,-,N,,,,,,,,,,Y,4,0,1,2,A,-,09,21801,A,N,D,D,A,A,H,-,A,A,0,,,,,Y,,-,,0,0,1,0,0,0,0,0,0,"- ","- ",,,MONTEREY,SALINAS,-121.65223989,36.700540029999999
8430601,2017,2017-09-14,2708,2017-08-14,2050,49021,SALIA,1,5,6,2708,0,0,0,,0,010,"OREGON ST","NORTH SANBORN RD",0.00,,Y,A,-,N,,,,,,,,,,Y,4,0,1,2,A,-,09,21801,A,N,A,C,A,A,H,-,C,A,0,,,,,Y,,-,,0,0,1,0,0,0,0,0,0,"- ","- ",,,MONTEREY,SALINAS,-121.62214991,36.682260049999996
8430605,2017,2017-09-14,2708,2017-08-04,1608,54372,,5,5,6,2708,0,0,0,,0,011,"GARNER AV","SIEBER ST",0.00,,Y,A,-,N,,,,,,,,,,Y,3,0,1,2,A,-,09,21802,A,N,D,C,A,A,H,-,A,D,0,,,,,Y,,-,,0,1,0,0,0,0,0,0,0,"- ","- ",,,MONTEREY,SALINAS,-121.61555989999999,36.686740110000002
8430680,2017,2017-09-14,2708,2017-08-05,1825,74130,SALIN,6,5,6,2708,0,0,0,,0,003,KLAMATH,"CASCADE CT",140.00,S,N,A,-,N,,,,,,,,,,Y,4,0,1,5,A,-,21,22106,,F,B,B,E,A,H,-,A,D,0,Y,,,,Y,,-,,0,0,1,0,0,0,0,0,0,"- ","- ",,,MONTEREY,SALINAS,-121.63185566,36.71170893
8431588,2017,2017-09-23,2708,2017-06-16,0644,07905,SOUTH,5,5,6,2708,0,0,0,,0,009,"HANSEN ST","HARKINS RD",0.00,,Y,A,-,N,,,,,,,,,,Y,3,0,1,1,A,-,03,22350,,N,F,I,A,A,H,-,A,A,0,,,,,Y,,-,,0,1,0,0,0,0,0,0,0,"- ","- ",,,MONTEREY,SALINAS,-121.62412995,36.656080109999998
8431637,2017,2017-09-23,2708,2017-06-24,1734,13113,,6,5,6,2708,0,0,0,,0,012,"E ALISAL ST","N SAN BORN RD",0.00,,Y,A,-,N,,,,,,,,,,N,4,0,1,2,A,-,03,22350,,M,C,C,A,A,H,-,A,A,0,,,,,Y,Y,-,,0,0,1,0,0,0,0,0,0,"- ","- ",,,MONTEREY,SALINAS,-121.62743992999999,36.67291007
8432379,2017,2017-08-22,2707,2017-07-17,2119,1445,,1,5,3,2707,0,0,0,,0,001,"DAVID AV","MORELAND AV",0.00,,N,A,-,N,,,,,,,,,,N,4,0,1,2,A,-,10,21950,A,N,G,B,B,A,H,-,C,A,0,Y,,,,Y,Y,A,01,0,0,1,0,1,0,0,0,0,"- ","- ",,,MONTEREY,"PACIFIC GROVE",-121.92725998,36.606250039999999
8432402,2017,2017-08-24,2708,2017-07-02,0735,59989,SALIN,7,5,6,2708,0,0,0,,0,006,"LARKIN ST","LARKIN CIR",62.00,W,N,A,-,N,,,,,,,,,,N,4,0,1,2,A,-,08,22107,,N,C,E,A,A,H,-,A,D,0,,,,,Y,,-,,0,0,1,0,0,0,0,0,0,"- ","- ",,,MONTEREY,SALINAS,-121.66550671,36.692450020000003
8432406,2017,2017-08-24,2708,2017-07-31,1803,71633,SALIN,1,5,6,2708,0,0,0,,0,002,"EAST ALVIN DR","NORTH MAIN ST",20.00,E,N,A,-,N,,,,,,,,,,N,4,0,2,2,A,-,04,21703,,N,C,C,A,A,H,-,A,A,0,,,,,Y,,-,,0,0,2,0,0,0,0,0,0,"- ","- ",,,MONTEREY,SALINAS,-121.65340199000001,36.70790453
8432410,2017,2017-08-24,2708,2017-07-13,1714,04113,,4,5,6,2708,0,0,0,,0,,"EAST ALISAL ST","SANBORN RD",0.00,,Y,A,-,N,,,,,,,,,,Y,4,0,1,3,A,-,03,22350,,N,C,C,A,A,H,-,A,A,0,,,,,Y,,-,,0,0,1,0,0,0,0,0,0,"- ","- ",,,MONTEREY,SALINAS,-121.62743992999999,36.67291007
8432418,2017,2017-09-16,2708,2017-07-22,1833,54353,,6,5,6,2708,0,0,0,,0,006,"NORTH DAVIS RD","WEST LAUREL DR",1123.00,N,N,A,-,N,,,,,,,,,,Y,3,0,1,2,A,-,09,21801,A,F,E,A,A,A,H,-,A,D,0,,,,,Y,Y,-,,0,1,0,0,0,0,0,0,0,"- ","- ",,,MONTEREY,SALINAS,-121.66707187,36.700869359999999
8432422,2017,2017-08-24,2708,2017-07-05,2259,31977,,3,5,6,2708,0,0,0,,0,006,"CASENTINI ST","RICO ST",300.00,W,N,A,-,N,,,,,,,,,,N,4,0,1,2,A,-,04,21703,,F,C,C,A,A,H,-,C,D,0,,,,,Y,,-,,0,0,1,0,0,0,0,0,0,"- ","- ",,,MONTEREY,SALINAS,-121.65976000000001,36.68723
8432426,2017,2017-08-24,2708,2017-07-30,2130,34273,2708,7,5,6,2708,0,0,0,,0,,"EAST LAUREL DR","NORTH SAN BORN RD",132.00,W,N,A,-,N,,,,,,,,,,Y,4,0,1,3,A,-,03,22350,,N,C,C,A,A,H,-,C,A,0,,,,,Y,Y,-,,0,0,1,0,0,0,0,0,0,"- ","- ",,,MONTEREY,SALINAS,-121.62110416,36.683254499999997