CASE_ID,ACCIDENT_YEAR,PROC_DATE,JURIS,COLLISION_DATE,COLLISION_TIME,OFFICER_ID,REPORTING_DISTRICT,DAY_OF_WEEK,CHP_SHIFT,POPULATION,CNTY_CITY_LOC,SPECIAL_COND,BEAT_TYPE,CHP_BEAT_TYPE,CITY_DIVISION_LAPD,CHP_BEAT_CLASS,BEAT_NUMBER,PRIMARY_RD,SECONDARY_RD,DISTANCE,DIRECTION,INTERSECTION,WEATHER_1,WEATHER_2,STATE_HWY_IND,CALTRANS_COUNTY,CALTRANS_DISTRICT,STATE_ROUTE,ROUTE_SUFFIX,POSTMILE_PREFIX,POSTMILE,LOCATION_TYPE,RAMP_INTERSECTION,SIDE_OF_HWY,TOW_AWAY,COLLISION_SEVERITY,NUMBER_KILLED,NUMBER_INJURED,PARTY_COUNT,PRIMARY_COLL_FACTOR,PCF_CODE_OF_VIOL,PCF_VIOL_CATEGORY,PCF_VIOLATION,PCF_VIOL_SUBSECTION,HIT_AND_RUN,TYPE_OF_COLLISION,MVIW,PED_ACTION,ROAD_SURFACE,ROAD_COND_1,ROAD_COND_2,LIGHTING,CONTROL_DEVICE,CHP_ROAD_TYPE,PEDESTRIAN_ACCIDENT,BICYCLE_ACCIDENT,MOTORCYCLE_ACCIDENT,TRUCK_ACCIDENT,NOT_PRIVATE_PROPERTY,ALCOHOL_INVOLVED,STWD_VEHTYPE_AT_FAULT,CHP_VEHTYPE_AT_FAULT,COUNT_SEVERE_INJ,COUNT_VISIBLE_INJ,COUNT_COMPLAINT_PAIN,COUNT_PED_KILLED,COUNT_PED_INJURED,COUNT_BICYCLIST_KILLED,COUNT_BICYCLIST_INJURED,COUNT_MC_KILLED,COUNT_MC_INJURED,PRIMARY_RAMP,SECONDARY_RAMP,LATITUDE,LONGITUDE,COUNTY,CITY,POINT_X,POINT_Y
8432430,2017,2017-08-24,2708,2017-07-21,1639,50883,SALIN,5,5,6,2708,0,0,0,,0,011,"FAIRVIEW AV","SOUTH SANBORN RD",50.00,E,N,A,-,N,,,,,,,,,,Y,4,0,3,2,A,-,09,21804,A,N,A,C,A,A,H,-,A,A,0,,,,,Y,,-,,0,0,3,0,0,0,0,0,0,"- ","- ",,,MONTEREY,SALINAS,-121.62774956,36.667093870000002
8432432,2017,2017-08-23,2712,2017-08-07,1419,1073,2712,1,5,3,2712,0,0,0,,0,001,"MARINA GREEN DR","DEL MONTE BL",14.00,W,N,A,-,N,,,,,,,,,,N,3,0,1,2,D,-,00,,,N,D,G,A,A,H,-,A,A,0,,Y,,,Y,,-,"- ",0,1,0,0,0,0,1,0,0,"- ","- ",,,MONTEREY,MARINA,-121.79205856999999,36.699572689999997
8432434,2017,2017-08-24,2708,2017-07-03,2128,25182,,1,5,6,2708,0,0,0,,0,002,"CHEROKEE DR","NORTH 1ST ST",0.00,,Y,A,-,N,,,,,,,,,,Y,4,0,2,2,A,-,12,22450,A,M,D,-,A,A,-,-,C,A,0,,,,,Y,Y,-,,0,0,2,0,0,0,0,0,0,"- ","- ",,,MONTEREY,SALINAS,-121.65636988,36.711090110000001
8432436,2017,2017-08-23,2712,2017-08-06,1837,1062,2712,7,5,3,2712,0,0,0,,0,001,"IMJIN PKWY","CALIFORNIA AV",47.00,W,N,A,-,N,,,,,,,,,,Y,4,0,3,2,A,-,08,22100,A,N,D,C,A,A,H,-,B,A,0,,,,,Y,,A,07,0,0,3,0,0,0,0,0,0,"- ","- ",,,MONTEREY,MARINA,-121.79699770000001,36.666220160000002
8432438,2017,2017-08-24,2708,2017-07-08,1917,59156,SALIN,6,5,6,2708,0,0,0,,0,008,"EAST SAN LUIS ST","SOLEDAD ST",0.00,,Y,A,-,N,,,,,,,,,,Y,4,0,4,2,A,-,09,21800,A,N,D,C,A,A,H,-,A,A,0,,,,,Y,,-,,0,0,4,0,0,0,0,0,0,"- ","- ",,,MONTEREY,SALINAS,-121.65104991,36.672460020000003
8432442,2017,2017-08-24,2708,2017-07-06,1710,54353,,4,5,6,2708,0,0,0,,0,005,"NORTH MAIN ST","EAST LAUREL DR",0.00,,Y,A,-,N,,,,,,,,,,N,4,0,1,3,A,-,03,22350,A,N,C,C,A,A,H,-,A,D,0,,,,,Y,Y,-,,0,0,1,0,0,0,0,0,0,"- ","- ",,,MONTEREY,SALINAS,-121.65181,36.699320090000001
8432446,2017,2017-08-24,2708,2017-07-16,2008,04125,,7,5,6,2708,0,0,0,,0,005,"NATIVIDAD RD","SORRENTINI DR",92.00,S,N,A,-,N,,,,,,,,,,N,2,0,1,2,A,-,03,22350,,N,C,C,A,A,H,-,A,D,0,,,,,Y,,-,,1,0,0,0,0,0,0,0,0,"- ","- ",,,MONTEREY,SALINAS,-121.64071731,36.694285729999997
8432450,2017,2017-08-24,2708,2017-07-16,0233,73452,,7,5,6,2708,0,0,0,,0,012,"AIRPORT BL","ROY DIAZ ST",0.00,,Y,A,-,N,,,,,,,,,,Y,4,0,1,2,A,-,12,21453,A,F,A,C,A,A,H,-,C,A,0,,,,,Y,Y,-,,0,0,1,0,0,0,0,0,0,"- ","- ",,,MONTEREY,SALINAS,-121.62197988,36.661950079999997
8432454,2017,2017-08-24,2708,2017-07-11,1655,71595,,2,5,6,2708,0,0,0,,0,011,"GARNER AV","NORTH SANBORN RD",0.00,,Y,A,-,N,,,,,,,,,,N,3,0,1,2,A,-,10,21950,A,N,G,B,B,A,H,-,-,A,0,Y,,,,Y,,-,,0,1,0,0,1,0,0,0,0,"- ","- ",,,MONTEREY,SALINAS,-121.61513994000001,36.686210070000001
8432458,2017,2017-08-24,2708,2017-07-18,1618,00589,,2,5,6,2708,0,0,0,,0,005,"NATIVIDAD RD","SORRENTINI DR",28.00,S,N,A,-,N,,,,,,,,,,Y,4,0,1,2,A,-,08,22107,,N,C,C,A,A,H,-,A,D,0,,,,,Y,,-,,0,0,1,0,0,0,0,0,0,"- ","- ",,,MONTEREY,SALINAS,-121.64055918,36.694406960000002
90663999,2018,2018-02-19,9730,2018-02-12,1557,019745,,1,2,9,2700,0,1,3,,1,022,"SR-1 (S/B)","MESA DR",0.00,,Y,A,-,Y,,,1,,,,,,,Y,4,0,1,2,A,-,09,21802,A,N,D,C,A,A,H,-,A,A,0,,,,,Y,,A,07,0,0,1,0,0,0,0,0,0,"- ","- ",36.552101135253906,-121.91059875488281,MONTEREY,UNINCORPORATED,-121.91054534912109,36.552108764648438
90664006,2018,2018-02-19,9730,2018-02-12,1623,019981,,1,2,4,2706,0,1,3,,2,062,"SR-1 N/B","CASE VERDE WAY",100.00,N,N,A,-,Y,,,1,,,,,,N,Y,4,0,1,3,A,-,03,22350,,N,C,C,A,A,H,-,A,D,0,,,,,Y,,A,01,0,0,1,0,0,0,0,0,0,"- ","- ",36.59912109375,-121.86427307128906,MONTEREY,MONTEREY,-121.86423492431641,36.599090576171875
90664996,2018,2018-02-20,9730,2018-02-10,1300,018886,,6,1,9,2700,0,1,2,,1,050,"US-101 N/B","MAIN STREET",60.00,S,N,A,-,Y,,,,,,,,,,Y,3,0,1,2,A,-,03,22350,,N,C,C,A,A,H,-,A,D,0,,,,,Y,,A,01,0,1,0,0,0,0,0,0,0,"- ","- ",36.686920166015625,-121.65223693847656,MONTEREY,UNINCORPORATED,-121.51776123046875,36.569332122802734
90665506,2018,2018-02-21,9735,2018-02-10,0325,020417,,6,3,9,2700,0,3,5,,2,002,"JOLON RD.","INTERLAKE RD",730.00,S,N,A,-,N,,,,,,,,,,Y,3,0,3,2,A,-,03,22350,,N,D,E,A,A,C,-,D,D,0,,,,,Y,,D,22,0,2,1,0,0,0,0,0,0,"- ","- ",35.936771392822266,-121.08065032958984,MONTEREY,UNINCORPORATED,-121.08207702636719,35.936759948730469
90665530,2018,2018-02-21,9735,2018-02-08,0200,020710,,4,3,9,2700,0,3,5,,2,003,"FREEMAN FLAT RD","WILD HORSE RD",4224.00,S,N,A,-,N,,,,,,,,,,N,4,0,1,1,A,-,08,22107,,N,E,J,A,A,H,-,D,D,0,,,,,Y,,A,01,0,0,1,0,0,0,0,0,0,"- ","- ",36.176551818847656,-121.04624938964844,MONTEREY,UNINCORPORATED,-121.04631805419922,36.176975250244141
90665884,2018,2018-02-21,9730,2018-02-13,2114,020621,,2,2,9,2700,0,1,2,,1,030,"S/B US-101","MAIN STREET O/C",1584.00,S,N,A,-,Y,,,101,,,,,,,Y,3,0,1,1,A,-,08,22107,,N,E,I,A,A,H,-,D,D,0,,,,,Y,,D,22,0,1,0,0,0,0,0,0,0,"- ","- ",36.565608978271484,-121.51435089111328,MONTEREY,UNINCORPORATED,-121.51429748535156,36.565658569335938
90665970,2018,2018-02-21,9730,2018-02-13,0820,018886,,2,1,9,2700,0,3,5,,2,007,"MAHER ROAD","TARPEY ROAD",0.00,,Y,A,-,N,,,,,,,,,,Y,4,0,1,2,A,-,21,22106,,N,C,C,A,A,H,-,A,A,0,,,,,Y,,A,07,0,0,1,0,0,0,0,0,0,"- ","- ",36.860870361328125,-121.68698883056641,MONTEREY,UNINCORPORATED,-121.68705749511719,36.861038208007812
90666073,2018,2018-02-21,9730,2018-02-13,2317,020233,,2,3,6,2708,0,1,2,,1,050,"S/B US-101 TO SANBORN RD","SANBORN ROAD",11.00,S,N,B,-,Y,,,101,,,,R,,,Y,3,0,1,1,A,-,12,21453,A,N,E,I,A,A,H,-,C,A,0,,,,,Y,,A,01,0,1,0,0,0,0,0,0,0,"- ","- ",36.666259765625,-121.62819671630859,MONTEREY,SALINAS,-121.62819671630859,36.666259765625
90666134,2018,2018-02-21,9730,2018-02-14,0855,018350,,3,1,6,2708,0,1,2,,1,050,"US-101 S/B","JOHN STREET",1056.00,N,N,A,-,Y,,,101,,,,,,S,Y,4,0,3,2,A,-,03,22350,,N,C,C,A,A,H,-,A,D,0,,,,,Y,,A,01,0,0,3,0,0,0,0,0,0,"- ","- ",36.673309326171875,-121.64070129394531,MONTEREY,SALINAS,-121.64066314697266,36.673316955566406
90666686,2018,2018-02-22,9730,2018-02-14,0715,015160,,3,1,9,2700,0,1,3,,2,062,"SR-1 NORTHBOUND","8TH STREET",722.00,N,N,A,-,Y,,,1,,,,,,N,Y,4,0,2,2,A,-,08,22107,,N,B,C,A,A,H,-,A,D,0,,,,,Y,,A,01,0,0,2,0,0,0,0,0,0,"- ","- ",36.663761138916016,-121.81568145751953,MONTEREY,UNINCORPORATED,-121.81571960449219,36.663768768310547
90666718,2018,2018-02-22,9730,2018-02-14,0820,017785,,3,1,9,2700,0,1,2,,1,050,"US-101 SOUTHBOUND","SPENCE ROAD",25.00,N,N,A,-,Y,,,101,,,,,,S,N,4,0,2,2,A,-,03,22350,,N,C,C,A,A,H,-,A,D,0,,,,,Y,,A,01,0,0,2,0,0,0,0,0,0,"- ","- ",36.612941741943359,-121.56716918945312,MONTEREY,UNINCORPORATED,-121.56727600097656,36.612796783447266
8432462,2017,2017-08-24,2708,2017-07-16,1129,52823,,7,5,6,2708,0,0,0,,0,,"EAST LAUREL DR","CONSTITUTION BL",10.00,E,N,A,-,N,,,,,,,,,,,2,0,1,2,A,-,11,21954,A,N,G,B,D,A,H,-,A,A,0,Y,,,,Y,,N,60,1,0,0,0,1,0,0,0,0,"- ","- ",,,MONTEREY,SALINAS,-121.63228372,36.694472480000002
8432466,2017,2017-08-24,2708,2017-07-15,0850,06235,,6,5,6,2708,0,0,0,,0,008,"EAST MARKET ST","SIMAS ST",0.00,,Y,A,-,N,,,,,,,,,,Y,4,0,1,2,A,-,12,21453,A,N,D,C,A,A,H,-,A,A,0,,,,,Y,,-,,0,0,1,0,0,0,0,0,0,"- ","- ",,,MONTEREY,SALINAS,-121.64493993000001,36.678960060000001
8432470,2017,2017-08-24,2708,2017-07-05,1923,34245,,3,5,6,2708,0,0,0,,0,010,"JOHN ST","SOUTH WOOD ST",0.00,,Y,A,-,N,,,,,,,,,,Y,4,0,3,2,A,-,09,21802,A,N,D,C,A,A,A,H,A,A,0,,,,,Y,,-,,0,0,3,0,0,0,0,0,0,"- ","- ",,,MONTEREY,SALINAS,-121.63592989999999,36.67037002
8432474,2017,2017-08-24,2708,2017-07-04,1739,16258,SALIN,2,5,6,2708,0,0,0,,0,005,"EAST LAUREL DR","GRANADA AV",0.00,,Y,A,-,N,,,,,,,,,,Y,3,0,1,1,A,-,08,22107,,N,A,I,A,A,H,-,A,D,0,,,,,Y,,-,,0,1,0,0,0,0,0,0,0,"- ","- ",,,MONTEREY,SALINAS,-121.64034988,36.696790030000003
8432655,2017,2017-08-25,2708,2017-07-03,1521,70843,,1,5,6,2708,0,0,0,,0,,"EAST ALVIN DR","MCKINNON ST",0.00,,Y,B,-,N,,,,,,,,,,Y,2,0,3,2,A,-,12,21453,A,N,A,C,A,A,H,-,A,A,0,,,,,Y,,-,,1,1,1,0,0,0,0,0,0,"- ","- ",,,MONTEREY,SALINAS,-121.64585,36.707230080000002
8432659,2017,2017-08-25,2708,2017-07-02,2005,13133,,7,5,6,2708,0,0,0,,0,,"E MARKET","N MADEIRA",0.00,,Y,A,-,N,,,,,,,,,,Y,4,0,1,2,A,-,09,21801,A,M,A,C,A,A,H,-,B,A,0,,,,,Y,,-,,0,0,1,0,0,0,0,0,0,"- ","- ",,,MONTEREY,SALINAS,-121.63797984999999,36.677180069999999
8432667,2017,2017-08-25,2708,2017-07-22,0625,74764,SALIN,6,5,6,2708,0,0,0,,0,007,"CENTRAL AV","HOMESTEAD AV",25.00,E,N,A,-,N,,,,,,,,,,Y,4,0,1,5,A,-,03,22350,,N,B,E,A,A,H,-,A,A,0,,,,,Y,,-,,0,0,1,0,0,0,0,0,0,"- ","- ",,,MONTEREY,SALINAS,-121.66494595,36.675611539999998
8432829,2017,2017-08-24,2708,2017-06-02,2300,31977,,5,5,6,2708,0,0,0,,0,005,"EAST LAUREL DR","LINWOOD DR",0.00,,Y,A,-,N,,,,,,,,,,Y,3,0,1,2,A,-,03,22350,,N,C,C,A,A,H,-,C,A,0,,,,,Y,,-,,0,1,0,0,0,0,0,0,0,"- ","- ",,,MONTEREY,SALINAS,-121.64404992,36.697580070000001
8432833,2017,2017-08-24,2708,2017-06-29,1531,54353,,4,5,6,2708,0,0,0,,0,008,"E ALISAL ST","CALIFORNIA ST",0.00,,Y,A,-,N,,,,,,,,,,N,4,0,1,2,A,-,09,21802,A,N,D,C,A,A,H,-,A,-,0,,,,,Y,,-,,0,0,1,0,0,0,0,0,0,"- ","- ",,,MONTEREY,SALINAS,-121.65030987,36.674460070000002
8432837,2017,2017-08-24,2708,2017-06-26,1257,06235,,1,5,6,2708,0,0,0,,0,003,"NATIVIDAD RD","CHAPARRAL ST",160.00,S,N,A,-,N,,,,,,,,,,Y,4,0,3,3,A,-,03,22350,,N,C,C,A,A,H,-,A,A,0,,,,,Y,,-,,0,0,3,0,0,0,0,0,0,"- ","- ",,,MONTEREY,SALINAS,-121.63486748,36.699790999999998
8432841,2017,2017-08-24,2708,2017-06-02,1017,72945,,5,5,6,2708,0,0,0,,0,,"W ALISAL ST","CAPITOL ST",0.00,,Y,A,-,N,,,,,,,,,,Y,4,0,1,3,A,-,09,21802,A,N,-,C,A,A,H,-,A,D,0,,,,,Y,,-,,0,0,1,0,0,0,0,0,0,"- ","- ",,,MONTEREY,SALINAS,-121.66007989000001,36.67311007
8432845,2017,2017-08-24,2708,2017-06-08,0052,30348,SALIN,4,5,6,2708,0,0,0,,0,001,"NORTH MAIN ST","MASSA ST",320.00,N,N,A,-,N,,,,,,,,,,Y,3,0,1,5,A,-,07,21658,A,N,B,C,A,A,H,-,C,D,0,,,,,Y,,-,,0,1,0,0,0,0,0,0,0,"- ","- ",,,MONTEREY,SALINAS,-121.65634867,36.726638950000002
90667981,2018,2018-02-22,9730,2018-02-15,1000,017785,,4,1,6,2708,0,1,2,,1,050,"US-101 SOUTHBOUND","JOHN STREET",1584.00,N,N,A,-,Y,,,101,,,,,,S,N,4,0,1,2,A,-,03,22350,,N,C,C,A,A,H,-,A,D,0,,,,,Y,,A,01,0,0,1,0,0,0,0,0,0,"- ","- ",36.674610137939453,-121.64093780517578,MONTEREY,SALINAS,-121.64090728759766,36.674617767333984
90667983,2018,2018-02-22,9730,2018-02-15,0850,015160,,4,1,9,2700,0,1,3,,2,062,"SR-1 SOUTHBOUND","AGUAJITO ROAD",10.00,N,N,A,-,Y,,,,,,,,,,Y,4,0,1,1,A,-,08,22107,,N,E,I,A,A,H,-,A,D,0,,,,,Y,,A,07,0,0,1,0,0,0,0,0,0,"- ","- ",36.592460632324219,-121.87918090820312,MONTEREY,UNINCORPORATED,-121.88045501708984,36.591590881347656
90668276,2018,2018-02-23,9730,2018-02-14,2245,020233,,3,3,9,2700,0,1,2,,1,070,"US-101 NORTHBOUND","SAN JUAN ROAD",1584.00,S,N,A,-,Y,,,101,,,,,,N,N,4,0,1,2,A,-,03,22350,,N,C,C,A,A,H,-,D,D,0,,,,,Y,,D,22,0,0,1,0,0,0,0,0,0,"- ","- ",36.856399536132812,-121.62918853759766,MONTEREY,UNINCORPORATED,-121.62959289550781,36.857166290283203
90668281,2018,2018-02-23,9730,2018-02-13,1931,019981,,2,2,9,2700,0,1,3,,1,074,SR-1,"STRUVE ROAD (SOUTH)",0.00,,Y,A,-,Y,,,1,,,,,,,Y,4,0,1,2,A,-,09,21801,A,N,A,C,A,A,H,-,D,D,0,,,,,Y,,A,01,0,0,1,0,0,0,0,0,0,"- ","- ",36.823379516601562,-121.78003692626953,MONTEREY,UNINCORPORATED,-121.78003692626953,36.823368072509766
90668294,2018,2018-02-23,9730,2018-02-15,0157,020576,,4,3,4,2706,0,1,3,,2,062,"SR-1 NORTHBOUND","SR-68 (SALINAS) O/C",500.00,S,N,A,-,Y,,,1,,,,,,N,Y,3,0,1,1,A,-,01,23152,A,N,E,I,A,A,H,-,C,D,0,,,,,Y,Y,A,07,0,1,0,0,0,0,0,0,0,"- ","- ",36.594760894775391,-121.86868286132812,MONTEREY,MONTEREY,-121.86873626708984,36.594871520996094
90668464,2018,2018-02-23,9730,2018-02-14,2140,020065,,3,2,9,2700,0,2,4,,1,073,"SAN MIGUEL CANYON ROAD","APRICOT LANE",99.00,N,N,A,-,N,,,,,,,,,,Y,3,0,2,2,A,-,05,21460,A,N,B,C,A,A,H,-,D,D,0,,,,,Y,,A,01,0,1,1,0,0,0,0,0,0,"- ","- ",36.854251861572266,-121.69212341308594,MONTEREY,UNINCORPORATED,-121.69213104248047,36.854282379150391
90668466,2018,2018-02-23,9730,2018-02-15,0807,016666,,4,1,9,2700,0,1,3,,2,062,"SR-1 S/B","SLOAT AVENUE",528.00,S,N,A,-,Y,,,1,,,,,,S,Y,4,0,1,2,A,-,03,22350,,N,C,C,A,A,H,-,A,D,0,,,,Y,Y,,F,21,0,0,1,0,0,0,0,0,0,"- ","- ",36.593299865722656,-121.87740325927734,MONTEREY,UNINCORPORATED,-121.87740325927734,36.593311309814453
90668620,2018,2018-02-23,9730,2018-02-18,0545,018886,,7,3,9,2700,0,2,4,,2,063,"BLANCO ROAD","HITCHCOCK ROAD",0.00,,Y,A,-,N,,,,,,,,,,Y,2,0,3,1,A,-,01,23152,A,N,E,A,A,A,H,-,D,A,0,,,,,Y,Y,D,22,1,0,2,0,0,0,0,0,0,"- ","- ",36.67620849609375,-121.70157623291016,MONTEREY,UNINCORPORATED,-121.70166015625,36.676200866699219
90668768,2018,2018-02-26,9730,2018-02-19,1830,014800,,1,2,9,2700,0,1,2,,1,050,"LAUREL DRIVE TO U. S 101 SOUTHBOUND","LAUREL DRIVE",528.00,S,N,A,-,Y,,,,,,,,,,Y,4,0,1,1,A,-,01,23152,A,N,E,I,A,A,H,-,C,D,0,,,,,Y,Y,A,08,0,0,1,0,0,0,0,0,0,"- ","- ",36.695701599121094,-121.66385650634766,MONTEREY,UNINCORPORATED,,
90668769,2018,2018-02-26,9730,2018-02-19,1620,021856,,1,2,9,2700,0,1,3,,1,072,"STATE ROUTE 156","CATHEDRAL OAK ROAD",1056.00,E,N,B,-,Y,,,156,,,,,,,Y,4,0,1,2,A,-,03,22350,,N,C,C,A,A,H,-,A,D,0,,,,,Y,,D,22,0,0,1,0,0,0,0,0,0,"- ","- ",36.776561737060547,-121.71502685546875,MONTEREY,UNINCORPORATED,-121.71502685546875,36.776554107666016
90668787,2018,2018-02-26,9730,2018-02-18,1400,020424,,7,2,9,2700,0,1,3,,1,074,SR-1,"JENSEN ROAD",850.00,N,N,A,-,Y,,,1,,,,,,,N,3,0,1,2,A,-,03,22350,,N,C,C,A,A,H,-,A,D,0,,,,,Y,,A,01,0,1,0,0,0,0,0,0,0,"- ","- ",36.85723876953125,-121.77114105224609,MONTEREY,UNINCORPORATED,-121.77110290527344,36.85723876953125
90668790,2018,2018-02-26,9730,2018-02-16,1648,021407,,5,2,9,2700,0,1,3,,1,066,SR-183,"COOPER ROAD",1320.00,N,N,A,-,Y,,,183,,,,,,,Y,2,0,1,2,A,-,01,23152,F,N,A,E,A,A,H,-,A,D,0,,,,Y,Y,,D,22,1,0,0,0,0,0,0,0,0,"- ","- ",36.716899871826172,-121.72049713134766,MONTEREY,UNINCORPORATED,-121.72059631347656,36.716804504394531
90668793,2018,2018-02-26,9730,2018-02-17,1125,021120,,6,1,9,2700,0,1,2,,1,070,"US-101 SOUTHBOUND","SAN MIGUEL CANYON RD.",2640.00,N,N,A,-,Y,,,101,,,,,,S,N,4,0,1,3,A,-,03,22350,,N,C,C,A,A,H,-,A,D,0,,,,,Y,,A,01,0,0,1,0,0,0,0,0,0,"- ","- ",36.802749633789062,-121.65615844726562,MONTEREY,UNINCORPORATED,-121.65615844726562,36.802753448486328
90668805,2018,2018-02-26,9730,2018-02-19,2150,018302,,1,2,9,2700,0,1,3,,1,014,SR-1,"COAST RIDGE ROAD",7920.00,N,N,A,-,Y,,,1,,,,,,,N,2,0,1,1,A,-,01,23152,A,N,E,A,A,A,H,-,D,D,0,,,,,Y,Y,D,22,1,0,0,0,0,0,0,0,0,"- ","- ",36.246288299560547,-121.78140258789062,MONTEREY,UNINCORPORATED,-121.78132629394531,36.246315002441406
90668809,2018,2018-02-26,9730,2018-02-20,0705,018298,,2,1,9,2700,0,3,5,,2,007,"SAN MIGUEL CANYON RD.","TWIN LAKES DR.",327.00,S,N,A,-,N,,,,,,,,,,Y,4,0,1,2,A,-,03,22350,,N,C,C,A,A,H,-,A,D,0,,,,,Y,,A,01,0,0,1,0,0,0,0,0,0,"- ","- ",36.873790740966797,-121.68897247314453,MONTEREY,UNINCORPORATED,-121.68891143798828,36.873950958251953
90668810,2018,2018-02-26,9730,2018-02-20,1705,020621,,2,2,9,2700,0,1,3,,1,068,SR-68,"SAN BENANCIO ROAD",3168.00,E,N,A,-,Y,,,68,,,,,,,N,4,0,1,2,A,-,03,22350,,N,C,C,A,A,H,-,A,D,0,,,,,Y,,A,01,0,0,1,0,0,0,0,0,0,"- ","- ",36.585891723632812,-121.71231079101562,MONTEREY,UNINCORPORATED,-121.71224212646484,36.585872650146484
90669502,2018,2018-02-26,9735,2018-02-22,1800,020841,,4,2,9,2700,0,3,5,,2,003,SR-146,"RAMUS ROAD",4963.00,E,N,C,-,N,,,146,,,,,,,Y,3,0,2,1,A,-,08,22107,,N,E,I,A,B,H,-,D,D,0,,,,,Y,,A,01,0,1,1,0,0,0,0,0,0,"- ","- ",36.439350128173828,-121.2244873046875,MONTEREY,UNINCORPORATED,-121.2244873046875,36.439350128173828
90669601,2018,2018-02-26,9730,2018-02-17,2040,021794,,6,2,9,2700,0,1,3,,1,074,"SR-1 SOUTHBOUND","JETTY RD",528.00,N,N,A,-,Y,,,1,,,,,,S,Y,3,0,1,4,A,-,03,22350,,N,C,C,A,A,H,-,D,D,0,,,,,Y,Y,D,22,0,1,0,0,0,0,0,0,0,"- ","- ",36.819049835205078,-121.78598785400391,MONTEREY,UNINCORPORATED,-121.78597259521484,36.819046020507812
90669625,2018,2018-02-26,9730,2018-02-18,2020,020677,,7,2,9,2700,0,1,3,,1,074,"SR-1 S/B","JETTY ROAD",1056.00,S,N,A,-,Y,,,1,,,,,,S,Y,2,0,6,2,A,-,09,21801,A,N,A,C,A,A,H,-,C,D,0,,,,,Y,,A,01,2,0,4,0,0,0,0,0,0,"- ","- ",36.813640594482422,-121.78565216064453,MONTEREY,UNINCORPORATED,-121.78565216064453,36.813640594482422
90669759,2018,2018-02-26,9730,2018-02-18,1814,020899,,7,2,9,2700,0,1,3,,1,074,"SR-1 SOUTHBOUND","POTRERO ROAD",0.16,S,N,B,-,Y,,,1,,,,,,S,Y,2,0,1,2,A,-,03,22350,,N,C,C,A,A,H,-,D,D,0,,,Y,,Y,,C,02,1,0,0,0,0,0,0,0,1,"- ","- ",36.788551330566406,-121.78269958496094,MONTEREY,UNINCORPORATED,-121.78263092041016,36.788578033447266
90669804,2018,2018-02-26,9730,2018-02-21,0853,017785,,3,1,6,2708,0,1,2,,1,050,"US-101 SOUTHBOUND","SANBORN ROAD",60.00,N,N,A,-,Y,,,101,,,,,,S,Y,4,0,1,1,A,-,08,22107,,N,E,I,A,A,H,-,A,D,0,,,,,Y,,A,01,0,0,1,0,0,0,0,0,0,"- ","- ",36.666191101074219,-121.62763977050781,MONTEREY,SALINAS,-121.62760162353516,36.666252136230469
90670014,2017,2018-02-28,9730,2017-12-30,2500,021707,,6,4,9,2700,0,3,5,,2,003,"LAURELES GRADE","BARONET ROAD",314.00,N,N,A,-,N,,,,,,,,,,Y,1,1,0,1,A,-,01,23152,G,N,E,I,A,A,H,-,D,D,0,,,,,Y,Y,A,01,0,0,0,0,0,0,0,0,0,"- ","- ",36.55836,-121.75102,MONTEREY,UNINCORPORATED,-121.75108415,36.558388770000001
8432849,2017,2017-08-23,2708,2017-06-17,1519,13133,,6,5,6,2708,0,0,0,,0,011,"GARNER AV","SIEBER ST",0.00,,Y,A,-,N,,,,,,,,,,Y,4,0,1,2,A,-,12,22450,A,N,B,C,A,A,H,-,A,D,0,,,,,Y,,-,,0,0,1,0,0,0,0,0,0,"- ","- ",,,MONTEREY,SALINAS,-121.61555989999999,36.686740110000002
8432865,2017,2017-08-24,2708,2017-06-12,0630,49280,,1,5,6,2708,0,0,0,,0,012,"E LAUREL","S SANDBORN",482.00,E,N,A,-,N,,,,,,,,,,Y,4,0,3,2,A,-,09,21804,A,N,D,C,A,A,H,-,A,D,0,,,,,Y,,-,,0,0,3,0,0,0,0,0,0,"- ","- ",,,MONTEREY,SALINAS,,
8434367,2017,2018-06-25,2706,2017-08-07,1645,772,2706,1,5,4,2706,0,0,0,,0,003,"RT 68","OLMSTED RD",1441.00,E,N,A,-,Y,MON,5,68,-,-,5.840,H,-,W,Y,4,0,1,2,A,-,03,22350,,N,C,C,A,A,H,-,A,D,0,,,,,Y,,A,01,0,0,1,0,0,0,0,0,0,"- ","- ",,,MONTEREY,MONTEREY,-121.8451531,36.582840609999998
8434679,2017,2017-08-23,2706,2017-08-03,1504,103,,4,5,4,2706,0,0,0,,0,002,"PACIFIC ST","MADISON ST",208.00,S,N,A,-,N,,,,,,,,,,N,3,0,1,2,A,-,09,21804,A,N,G,B,D,A,H,-,A,D,0,Y,,,,Y,,A,01,0,1,0,0,1,0,0,0,0,"- ","- ",,,MONTEREY,MONTEREY,-121.8972969,36.596261030000001