CASE_ID,ACCIDENT_YEAR,PROC_DATE,JURIS,COLLISION_DATE,COLLISION_TIME,OFFICER_ID,REPORTING_DISTRICT,DAY_OF_WEEK,CHP_SHIFT,POPULATION,CNTY_CITY_LOC,SPECIAL_COND,BEAT_TYPE,CHP_BEAT_TYPE,CITY_DIVISION_LAPD,CHP_BEAT_CLASS,BEAT_NUMBER,PRIMARY_RD,SECONDARY_RD,DISTANCE,DIRECTION,INTERSECTION,WEATHER_1,WEATHER_2,STATE_HWY_IND,CALTRANS_COUNTY,CALTRANS_DISTRICT,STATE_ROUTE,ROUTE_SUFFIX,POSTMILE_PREFIX,POSTMILE,LOCATION_TYPE,RAMP_INTERSECTION,SIDE_OF_HWY,TOW_AWAY,COLLISION_SEVERITY,NUMBER_KILLED,NUMBER_INJURED,PARTY_COUNT,PRIMARY_COLL_FACTOR,PCF_CODE_OF_VIOL,PCF_VIOL_CATEGORY,PCF_VIOLATION,PCF_VIOL_SUBSECTION,HIT_AND_RUN,TYPE_OF_COLLISION,MVIW,PED_ACTION,ROAD_SURFACE,ROAD_COND_1,ROAD_COND_2,LIGHTING,CONTROL_DEVICE,CHP_ROAD_TYPE,PEDESTRIAN_ACCIDENT,BICYCLE_ACCIDENT,MOTORCYCLE_ACCIDENT,TRUCK_ACCIDENT,NOT_PRIVATE_PROPERTY,ALCOHOL_INVOLVED,STWD_VEHTYPE_AT_FAULT,CHP_VEHTYPE_AT_FAULT,COUNT_SEVERE_INJ,COUNT_VISIBLE_INJ,COUNT_COMPLAINT_PAIN,COUNT_PED_KILLED,COUNT_PED_INJURED,COUNT_BICYCLIST_KILLED,COUNT_BICYCLIST_INJURED,COUNT_MC_KILLED,COUNT_MC_INJURED,PRIMARY_RAMP,SECONDARY_RAMP,LATITUDE,LONGITUDE,COUNTY,CITY,POINT_X,POINT_Y
8434683,2017,2017-11-14,2706,2017-08-01,1040,608,MPD,2,5,4,2706,0,0,0,,0,002,"DEL MONTE AV","FIGUEROA ST",44.00,W,N,A,-,N,,,,,,,,,,Y,4,0,3,3,A,-,03,22350,A,N,C,C,A,A,H,-,A,A,0,,,,,Y,,A,07,0,0,3,0,0,0,0,0,0,"- ","- ",,,MONTEREY,MONTEREY,-121.89018704999999,36.600283570000002
8435026,2017,2018-06-25,2706,2017-08-08,1532,250,,2,5,4,2706,0,0,0,,0,003,"RT 68","OLMSTED RD",528.00,E,N,A,-,Y,MON,5,68,-,-,5.670,H,-,W,Y,3,0,1,2,A,-,03,22350,,N,C,C,A,A,H,-,A,A,0,,,,,Y,,A,01,0,1,0,0,0,0,0,0,0,"- ","- ",,,MONTEREY,MONTEREY,-121.84799541,36.583752439999998
8435030,2017,2017-08-29,2706,2017-08-01,1445,505,2706,2,5,4,2706,0,0,0,,0,003,"DEL MONTE AV","SLOAT AV",0.00,,Y,A,-,N,,,,,,,,,,Y,3,0,1,2,A,-,09,21801,A,N,D,C,A,A,H,-,A,A,0,,,,,Y,,A,07,0,1,0,0,0,0,0,0,0,"- ","- ",,,MONTEREY,MONTEREY,-121.87887996000001,36.599860020000001
8435422,2017,2017-08-25,2706,2017-08-06,2111,826,MPD,7,5,4,2706,0,0,0,,0,002,"SOLEDAD DR","PACIFIC ST",29.00,E,N,A,-,N,,,,,,,,,,N,4,0,1,2,A,-,09,21801,A,N,D,C,A,A,H,-,C,A,0,,,,,Y,,A,07,0,0,1,0,0,0,0,0,0,"- ","- ",,,MONTEREY,MONTEREY,-121.90282516000001,36.584178999999999
8435426,2017,2017-08-25,2706,2017-06-30,1315,121,MPD,5,5,4,2706,0,0,0,,0,003,"DEL MONTE AV","ENGLISH AV",105.00,W,N,B,-,N,,,,,,,,,,Y,3,0,2,2,A,-,09,21804,A,M,D,C,A,A,H,-,A,D,0,,,,,Y,,A,01,0,1,1,0,0,0,0,0,0,"- ","- ",,,MONTEREY,MONTEREY,-121.86101532000001,36.60465713
8435430,2017,2017-08-25,2706,2017-08-13,2330,772,MPD,7,5,4,2706,0,0,0,,0,001,"LIGHTHOUSE AV","DEL MONTE AV",49.00,N,N,B,-,N,,,,,,,,,,Y,3,0,1,1,A,-,01,23152,,N,E,I,A,A,H,-,C,A,0,,,,,Y,Y,A,01,0,1,0,0,0,0,0,0,0,"- ","- ",,,MONTEREY,MONTEREY,-121.89242642000001,36.600775110000001
8435434,2017,2017-08-25,2706,2017-08-14,1640,772,2706,1,5,4,2706,0,0,0,,0,002,"SKYLINE DR","WYNDEMERE WY",268.00,N,N,B,-,N,,,,,,,,,,Y,3,0,1,1,A,-,08,22107,,N,B,I,A,A,H,-,A,D,0,,,,,Y,,A,08,0,1,0,0,0,0,0,0,0,"- ","- ",,,MONTEREY,MONTEREY,-121.9175504,36.58958801
8435438,2017,2017-08-25,2706,2017-08-15,1413,142,,2,5,4,2706,0,0,0,,0,,"DEL MONTE AV","TYLER ST",0.00,,Y,B,-,N,,,,,,,,,,N,4,0,1,2,A,-,03,22350,,N,C,C,A,A,H,-,A,D,0,,,,,Y,,A,01,0,0,1,0,0,0,0,0,0,"- ","- ",,,MONTEREY,MONTEREY,-121.89317991,36.600770109999999
90671773,2018,2018-02-28,9730,2018-02-21,0457,017785,,3,3,9,2700,0,1,2,,1,050,"US-101 NORTHBOUND","HARTNELL ROAD",528.00,N,N,B,-,Y,,,101,,,,,,N,Y,4,0,3,2,A,-,07,21658,A,N,C,C,A,A,H,-,C,D,0,,,,,Y,,A,01,0,0,3,0,0,0,0,0,0,"- ","- ",36.625190734863281,-121.58367919921875,MONTEREY,UNINCORPORATED,-121.58354949951172,36.625324249267578
90671831,2017,2018-02-28,9730,2017-12-25,0205,020701,,1,3,6,2708,0,1,2,,1,050,"US-101 NORTHBOUND","JOHN STREET",920.00,N,N,A,-,Y,,,101,,,,,,N,Y,1,1,0,1,A,-,01,23152,A,N,E,I,A,A,H,-,D,D,0,,,,,Y,Y,A,01,0,0,0,0,0,0,0,0,0,"- ","- ",36.673250000000003,-121.64027,MONTEREY,SALINAS,-121.64039436,36.673224750000003
90671939,2018,2018-02-28,9730,2018-02-15,1100,018350,,4,1,9,2700,0,1,2,,1,070,"US-101 N/B TO SAN MIGUEL CANYON ROAD","SAN MIGUEL CANYON ROAD",0.00,,N,A,-,Y,,,101,,,,R,,N,Y,2,0,1,1,A,-,03,22350,,N,E,A,A,A,H,-,A,D,0,,,Y,,Y,,C,02,1,0,0,0,0,0,0,0,1,"- ","- ",36.798000335693359,-121.66374969482422,MONTEREY,UNINCORPORATED,-121.66374969482422,36.798000335693359
90671987,2018,2018-02-28,9730,2018-02-21,1450,019529,,3,2,9,2700,0,1,3,,1,024,"STATE ROUTE 68 (HOLMAN HIGHWAY)","AGUAJITO RD.",0.00,,Y,A,-,Y,,,,,,,,,,Y,2,0,3,2,A,-,09,21801,A,N,A,C,A,A,H,-,A,D,0,,,,,Y,,A,01,1,0,2,0,0,0,0,0,0,"- ","- ",36.572929382324219,-121.91130828857422,MONTEREY,UNINCORPORATED,,
90672136,2018,2018-02-28,9730,2018-02-22,0604,017785,,4,1,9,2700,0,1,2,,1,030,"US-101 NORTHBOUND","SOLEDAD PRISON ROAD",5280.00,N,N,B,-,Y,,,101,,,,,,N,Y,4,0,1,1,A,-,08,22107,,N,E,I,A,A,H,-,D,D,0,,,,,Y,,A,01,0,0,1,0,0,0,0,0,0,"- ","- ",36.474411010742188,-121.40309906005859,MONTEREY,UNINCORPORATED,-121.40306854248047,36.474452972412109
90672139,2018,2018-02-28,9730,2018-02-22,1050,017785,,4,1,9,2700,0,1,2,,1,030,"US-101 NORTHBOUND","POTTER ROAD",45.00,N,N,A,-,Y,,,101,,,,,,N,Y,3,0,2,1,A,-,08,22107,,N,E,I,A,A,H,-,A,D,0,,,,,Y,,A,07,0,1,1,0,0,0,0,0,0,"- ","- ",36.605819702148438,-121.55686187744141,MONTEREY,UNINCORPORATED,-121.55702972412109,36.605583190917969
90672166,2018,2018-02-28,9730,2018-02-22,0100,018298,,4,3,9,2700,0,3,5,,2,007,"WALKER VALLEY RD.","PARADISE RD.",460.00,W,N,A,-,N,,,,,,,,,,Y,3,0,1,1,A,-,03,22350,,N,E,I,A,C,H,-,D,D,0,,,,,Y,,A,01,0,1,0,0,0,0,0,0,0,"- ","- ",36.803901672363281,-121.70529937744141,MONTEREY,UNINCORPORATED,-121.70505523681641,36.803905487060547
90672173,2018,2018-02-28,9730,2018-02-16,1744,019569,,5,2,6,2708,0,1,2,,1,050,"US-101 S/B TO SANBORN RD","SANBORN RD",528.00,N,N,A,-,Y,,,101,,,,R,,S,N,4,0,1,2,A,-,03,22350,,N,C,C,A,A,H,-,C,A,0,,,,,Y,,A,07,0,0,1,0,0,0,0,0,0,"- ","- ",36.667228698730469,-121.63033294677734,MONTEREY,SALINAS,-121.63033294677734,36.667228698730469
90672842,2018,2018-03-01,9730,2018-02-23,0130,020065,,5,3,9,2700,0,1,2,,1,070,"US-101 SOUTHBOUND","CRAZY HORSE CYN. RD. O/C",4752.00,N,N,A,-,Y,,,101,,,,,,S,Y,3,0,1,1,A,-,08,22107,,N,E,I,A,A,H,-,D,D,0,,,,,Y,,A,01,0,1,0,0,0,0,0,0,0,"- ","- ",36.831050872802734,-121.63005065917969,MONTEREY,UNINCORPORATED,-121.6300048828125,36.831062316894531
90673600,2018,2018-03-02,9730,2018-02-23,2356,021320,,5,3,9,2700,0,1,3,,1,074,"SR-1 N/B","SALINAS ROAD",1584.00,N,N,A,-,Y,,,1,,,,,,N,N,3,0,1,1,A,-,08,22107,,N,E,I,A,A,C,-,D,D,0,,,,,Y,,A,01,0,1,0,0,0,0,0,0,0,"- ","- ",36.883018493652344,-121.77214813232422,MONTEREY,UNINCORPORATED,-121.77214050292969,36.883022308349609
90673612,2018,2018-03-02,9730,2018-02-25,1140,020424,,7,1,9,2700,0,3,5,,2,007,"PRUNEDALE NORTH ROAD","HARDIE ROAD",528.00,N,N,A,-,N,,,,,,,,,,Y,2,0,1,1,A,-,08,22107,,N,E,I,A,A,H,-,A,D,0,,,,,Y,,A,01,1,0,0,0,0,0,0,0,0,"- ","- ",36.799171447753906,-121.66560363769531,MONTEREY,UNINCORPORATED,-121.66572570800781,36.799396514892578
90673626,2018,2018-03-02,9730,2018-02-25,1446,020424,,7,2,9,2700,0,3,5,,2,007,"PARADISE ROAD","SAN MIGUEL CANYON ROAD",4752.00,E,N,A,-,N,,,,,,,,,,Y,2,0,1,2,A,-,05,21460,A,N,A,C,A,A,H,-,A,D,0,,,Y,,Y,,D,22,1,0,0,0,0,0,0,0,1,"- ","- ",36.817981719970703,-121.68927001953125,MONTEREY,UNINCORPORATED,-121.67581176757812,36.825180053710938
90673794,2018,2018-03-02,9730,2018-02-26,1505,020424,,1,2,9,2700,0,3,5,,2,007,"LANGLEY CANYON ROAD","PINE TREE WAY",20.00,N,N,A,-,N,,,,,,,,,,Y,4,0,1,1,A,-,03,22350,,N,E,I,A,A,H,-,A,D,0,,,,,Y,,A,01,0,0,1,0,0,0,0,0,0,"- ","- ",36.805778503417969,-121.66483306884766,MONTEREY,UNINCORPORATED,-121.66473388671875,36.80584716796875
90673796,2018,2018-03-02,9730,2018-02-26,0625,018886,,1,1,9,2700,0,1,2,,1,050,"US 101 N/B","BORONDA ROAD",4752.00,S,N,B,-,Y,,,,,,,,,,Y,4,0,1,1,A,-,08,22107,,N,E,I,A,A,H,-,A,D,0,,,,,Y,,A,01,0,0,1,0,0,0,0,0,0,"- ","- ",36.708400726318359,-121.66435241699219,MONTEREY,UNINCORPORATED,-121.66421508789062,36.709449768066406
90673826,2018,2018-03-02,9730,2018-02-26,1515,019529,,1,2,9,2700,0,1,3,,1,024,"STATE ROUTE 68 (HOLMAN HIGHWAY)","STATE ROUTE 1",0.00,,Y,A,-,Y,,,68,,,,,,,Y,3,0,1,1,A,-,08,22107,,N,C,I,A,A,H,-,A,D,0,,,,,Y,,A,01,0,1,0,0,0,0,0,0,0,"- ","- ",36.575180053710938,-121.91307830810547,MONTEREY,UNINCORPORATED,-121.91293334960938,36.575313568115234
90673859,2018,2018-03-02,9730,2018-02-27,0230,017785,,2,3,6,2708,0,1,2,,1,050,"US-101 NORTHBOUND TO AIRPORT BLVD.","AIRPORT BLVD.",1584.00,S,N,B,-,Y,,,101,,,,R,,N,Y,4,0,1,1,A,-,03,22350,,N,F,A,A,B,H,-,C,D,0,,,,,Y,,A,01,0,0,1,0,0,0,0,0,0,"- ","- ",36.655361175537109,-121.61904144287109,MONTEREY,SALINAS,-121.61904144287109,36.655361175537109
90674043,2018,2018-03-02,9735,2018-02-24,1550,020057,,6,2,9,2700,0,1,2,,1,040,"US-101 S/B","N. GREENFIELD O/C",55.00,N,N,A,-,Y,,,101,,,,,,S,Y,4,0,1,1,A,-,08,22107,,N,E,I,A,A,D,-,A,D,0,,,,,Y,,A,01,0,0,1,0,0,0,0,0,0,"- ","- ",36.339450836181641,-121.25521850585938,MONTEREY,UNINCORPORATED,-121.25519561767578,36.3394775390625
90674055,2018,2018-03-05,9735,2018-03-01,1955,020417,,4,2,9,2700,0,1,2,,2,043,"US-101 N/B","LOCKWOOD SAN LUCAS RD",4752.00,N,N,C,-,Y,,,101,,,,,,N,Y,4,0,2,2,A,-,08,22107,,N,D,C,A,B,H,-,D,D,0,,,,,Y,,A,01,0,0,2,0,0,0,0,0,0,"- ","- ",36.10552978515625,-121.02381896972656,MONTEREY,UNINCORPORATED,-121.02353668212891,36.105365753173828
90674362,2018,2018-03-05,9730,2018-02-23,1955,020677,,5,2,9,2700,0,2,4,,1,073,"HALL RD.","SILL RD.",10.00,E,N,A,-,N,,,,,,,,,,N,2,0,1,2,A,-,11,21950,B,N,G,B,B,A,H,-,D,D,0,Y,,,,Y,,N,60,1,0,0,0,1,0,0,0,0,"- ","- ",36.864128112792969,-121.7222900390625,MONTEREY,UNINCORPORATED,-121.72249603271484,36.864109039306641
90674583,2018,2018-03-05,9730,2018-01-20,2500,020391,,6,4,9,2700,0,2,4,,1,073,"ELKHORN ROAD","GARIN ROAD",595.00,N,N,B,-,N,,,,,,,,,,Y,1,1,0,1,A,-,01,23152,A,N,F,A,A,A,H,-,C,D,0,,,,,Y,Y,A,01,0,0,0,0,0,0,0,0,0,"- ","- ",36.875011444091797,-121.7452392578125,MONTEREY,UNINCORPORATED,-121.74543762207031,36.874835968017578
90675023,2018,2018-03-05,9730,2018-02-22,0928,018350,,4,1,9,2700,0,1,3,,1,068,SR-68,"TORERO DRIVE",1027.00,E,N,A,-,Y,,,68,,,,,,,Y,3,0,1,2,B,-,22,,,N,D,C,A,A,H,-,A,D,0,,,,,Y,,J,49,0,1,0,0,0,0,0,0,0,"- ","- ",36.594749450683594,-121.70272827148438,MONTEREY,UNINCORPORATED,-121.70272827148438,36.594745635986328
90675031,2018,2018-03-05,9730,2018-02-23,1502,021856,,5,2,9,2700,0,2,4,,1,075,"SAN JUAN ROAD","CARPENTERIA ROAD",180.00,E,N,A,-,N,,,,,,,,,,Y,4,0,2,3,A,-,08,22107,,N,G,B,F,A,H,-,A,D,0,Y,,,,Y,,A,08,0,0,2,0,1,0,0,0,0,"- ","- ",36.859889984130859,-121.65312957763672,MONTEREY,UNINCORPORATED,-121.65288543701172,36.859954833984375
90675564,2018,2018-03-06,9730,2018-02-26,0955,018543,,1,1,9,2700,0,3,5,,2,006,"RESERVATION ROAD","DAVIS ROAD",4752.00,N,N,C,-,N,,,,,,,,,,Y,4,0,1,1,A,-,08,22107,,N,E,I,A,B,H,-,A,D,0,,,,,Y,,A,01,0,0,1,0,0,0,0,0,0,"- ","- ",36.645950317382812,-121.7186279296875,MONTEREY,UNINCORPORATED,-121.72042083740234,36.646430969238281
90675644,2018,2018-03-06,9730,2018-02-28,1429,019745,,3,2,9,2700,0,1,3,,1,074,"N/B SR-1","MOLERA RD",100.00,N,N,B,-,Y,,,1,,,,,,,N,3,0,1,2,A,-,08,22107,,N,C,G,A,A,H,-,A,D,0,,Y,,,Y,,L,04,0,1,0,0,0,0,1,0,0,"- ","- ",36.780799865722656,-121.77809906005859,MONTEREY,UNINCORPORATED,-121.77815246582031,36.780735015869141
90675758,2018,2018-03-06,9730,2018-02-28,0745,020576,,3,1,3,2712,0,1,3,,2,062,"SR-1 SOUTHBOUND","LIGHTFIGHTER DRIVE",2640.00,S,N,A,-,Y,,,,,,,,,,N,4,0,2,2,A,-,03,22350,,M,C,C,A,A,H,-,A,D,0,,,,,Y,,A,01,0,0,2,0,0,0,0,0,0,"- ","- ",36.643821716308594,-121.82173156738281,MONTEREY,MARINA,-121.82278442382812,36.643386840820312
90675776,2018,2018-03-06,9730,2018-03-01,0715,017785,,4,1,9,2700,0,1,2,,1,030,"US-101 NORTHBOUND","SOMAVIA ROAD",0.00,,Y,C,-,Y,,,101,,,,,,N,Y,4,0,3,2,A,-,03,22350,,N,C,C,A,B,H,-,A,D,0,,,,,Y,,A,07,0,0,3,0,0,0,0,0,0,"- ","- ",36.595211029052734,-121.54502105712891,MONTEREY,UNINCORPORATED,-121.54501342773438,36.59521484375
90675965,2018,2018-03-06,9730,2018-03-02,0755,017785,,5,1,6,2708,0,1,2,,1,050,"US-101 SOUTHBOUND","JOHN STREET",1056.00,N,N,B,-,Y,,,101,,,,,,S,N,4,0,1,2,A,-,03,22350,,M,C,C,A,B,H,-,A,D,0,,,,,Y,,A,01,0,0,1,0,0,0,0,0,0,"- ","- ",36.673450469970703,-121.64073181152344,MONTEREY,SALINAS,-121.64069366455078,36.673458099365234
90676122,2018,2018-03-06,9730,2018-03-03,1130,018886,,6,1,9,2700,0,1,2,,1,030,"US-101 S/B","OLD STAGE ROAD",4224.00,N,N,B,C,Y,,,101,,,,,,S,Y,3,0,2,3,A,-,03,22350,,N,C,C,A,B,H,-,A,D,0,,,,,Y,,A,07,0,2,0,0,0,0,0,0,0,"- ","- ",36.531181335449219,-121.47518157958984,MONTEREY,UNINCORPORATED,-121.47513580322266,36.531230926513672
90677811,2018,2018-03-08,9735,2018-02-23,1110,017681,,5,1,3,2704,0,1,2,,1,040,"US-101 NORTHBOUND","WALNUT AVENUE",1056.00,N,N,A,-,Y,,,101,,,,,,N,Y,3,0,1,2,A,-,03,22350,,N,C,C,A,A,D,H,A,D,0,,,,Y,Y,,F,26,0,1,0,0,0,0,0,0,0,"- ","- ",36.33184814453125,-121.24664306640625,MONTEREY,GREENFIELD,-121.24664306640625,36.331844329833984
90677812,2018,2018-03-08,9730,2018-03-04,0010,021320,,7,3,9,2700,0,3,5,,2,007,"STRAWBERRY ROAD","ELKHORN ROAD",3696.00,E,N,A,-,N,,,,,,,,,,Y,2,0,1,1,A,-,08,22107,,N,E,I,A,A,H,-,D,D,0,,,,,Y,,A,01,1,0,0,0,0,0,0,0,0,"- ","- ",36.824981689453125,-121.72277069091797,MONTEREY,UNINCORPORATED,-121.72215270996094,36.825042724609375
90677879,2018,2018-03-08,9730,2018-03-05,1004,019818,,1,1,9,2700,0,3,5,,2,002,"CARMEL RANCHO BLVD","PRIVATE DRIVE BARNYARD SHOPPING CENTER",0.00,,Y,A,-,N,,,,,,,,,,Y,3,0,2,2,A,-,12,21457,A,N,D,C,A,A,D,-,A,A,0,,,,,Y,,A,01,0,2,0,0,0,0,0,0,0,"- ","- ",36.541938781738281,-121.90471649169922,MONTEREY,UNINCORPORATED,,
90677924,2018,2018-03-08,9730,2018-03-01,0755,017785,,4,1,9,2700,0,1,2,,1,030,"US-101 NORTHBOUND","MAIN ST. (CHUALAR)",5280.00,S,N,C,-,Y,,,101,,,,,,N,N,4,0,2,2,A,-,03,22350,,N,C,C,A,B,H,-,A,D,0,,,,,Y,,A,07,0,0,2,0,0,0,0,0,0,"- ","- ",36.559158325195312,-121.50752258300781,MONTEREY,UNINCORPORATED,-121.50762176513672,36.559051513671875
90677946,2018,2018-03-08,9730,2018-03-07,1635,018810,,3,2,9,2700,0,3,5,,2,007,"ELKHORN ROAD","CAMPAGNA WAY",2640.00,N,N,A,-,N,,,,,,,,,,Y,4,0,2,2,A,-,03,22350,,N,C,C,A,A,H,-,A,D,0,,,,,Y,,A,01,0,0,2,0,0,0,0,0,0,"- ","- ",36.841190338134766,-121.73908233642578,MONTEREY,UNINCORPORATED,-121.73760986328125,36.840667724609375
90678040,2018,2018-03-08,9730,2018-03-02,0625,021888,,5,1,9,2700,0,1,3,,1,022,"SR-1 S/B","OCEAN AVENUE",20.00,N,N,B,-,Y,,,1,,,,,,S,Y,4,0,1,2,A,-,03,22350,,N,C,C,A,B,H,-,B,A,0,,,,,Y,,D,22,0,0,1,0,0,0,0,0,0,"- ","- ",36.55609130859375,-121.91121673583984,MONTEREY,UNINCORPORATED,-121.91117858886719,36.556095123291016
90678049,2018,2018-03-08,9730,2018-03-01,1444,021407,,4,2,9,2700,0,3,5,,2,006,"BLACKIE ROAD","PRUNEDALE SOUTH ROAD",13200.00,W,N,C,-,N,,,,,,,,,,Y,4,0,1,1,A,-,01,23152,F,N,E,I,A,B,H,-,A,D,0,,,,,Y,,A,01,0,0,1,0,0,0,0,0,0,"- ","- ",36.772201538085938,-121.72049713134766,MONTEREY,UNINCORPORATED,-121.71456146240234,36.771434783935547
90678058,2018,2018-03-08,9730,2018-03-03,1856,021407,,6,2,9,2700,0,3,5,,2,003,"TASSAJARA ROAD","RANCH ROAD",2640.00,W,N,C,-,N,,,,,,,,,,Y,4,0,1,1,A,-,03,22350,,N,E,A,A,B,H,-,D,D,0,,,,,Y,,D,22,0,0,1,0,0,0,0,0,0,"- ","- ",36.360599517822266,-121.58999633789062,MONTEREY,UNINCORPORATED,,
90678076,2018,2018-03-08,9730,2018-03-03,0810,021888,,6,1,9,2700,0,2,4,,1,023,"CARMEL VALLEY ROAD","VIA QUINTANA",250.00,N,N,A,-,N,,,,,,,,,,Y,4,0,1,1,A,-,03,22350,,N,F,A,A,B,H,-,A,D,0,,,,,Y,,A,01,0,0,1,0,0,0,0,0,0,"- ","- ",36.524829864501953,-121.796630859375,MONTEREY,UNINCORPORATED,,
90678091,2018,2018-06-12,9730,2018-02-09,1830,021776,,5,2,9,2700,0,2,4,,1,075,"SAN JUAN ROAD","ALLISON LANE",4752.00,E,N,A,-,N,,,,,,,,,,Y,1,1,2,2,A,-,05,21650,,N,A,C,A,A,H,-,D,D,0,,,,,Y,,A,01,0,0,2,0,0,0,0,0,0,"- ","- ",36.904071807861328,-121.71897888183594,MONTEREY,UNINCORPORATED,-121.71994781494141,36.904071807861328
90678695,2018,2018-03-09,9735,2018-01-16,1720,020168,,2,2,9,2700,0,3,5,,2,003,"BITTERWATER RD","METZ RD",18480.00,E,N,A,-,N,,,,,,,,,,Y,1,1,0,1,A,-,08,22107,,N,F,A,A,A,H,-,B,D,0,,,,,Y,,D,22,0,0,0,0,0,0,0,0,0,"- ","- ",36.267688751220703,-121.07640075683594,MONTEREY,UNINCORPORATED,-121.08738708496094,36.256053924560547
90679522,2018,2018-03-12,9730,2018-03-03,0328,020233,,6,3,9,2700,0,1,2,,1,070,"US-101 NORTHBOUND",SR-156,100.00,N,N,B,-,Y,,,101,,,,,,N,Y,4,0,1,1,A,-,01,23152,A,N,E,I,A,B,H,-,D,D,0,,,,,Y,Y,A,01,0,0,1,0,0,0,0,0,0,"- ","- ",36.789939880371094,-121.66751098632812,MONTEREY,UNINCORPORATED,-121.66741180419922,36.7899169921875
90679690,2018,2018-03-12,9730,2018-03-01,0620,018350,,4,1,9,2700,0,1,2,,1,070,"US-101 N/B","PRUNEDALE S. ROAD O/C",528.00,S,N,B,C,Y,,,101,,,,,,N,Y,3,0,2,2,A,-,03,22350,,N,C,C,A,B,H,-,A,D,0,,,,,Y,,A,01,0,2,0,0,0,0,0,0,0,"- ","- ",36.768138885498047,-121.66863250732422,MONTEREY,UNINCORPORATED,-121.66870880126953,36.768123626708984
90679762,2018,2018-03-12,9730,2018-03-03,1015,018543,,6,1,9,2700,0,3,5,,2,003,"LAURELES GRADE ROAD","MPM 2.0",50.00,S,N,C,F,N,,,,,,,,,,N,4,0,2,2,A,-,03,22350,,N,C,C,A,B,H,-,A,D,0,,,,,Y,,A,01,0,0,2,0,0,0,0,0,0,"- ","- ",36.523899078369141,-121.75579071044922,MONTEREY,UNINCORPORATED,,
90679778,2018,2018-03-12,9730,2018-03-03,1100,016537,,6,1,9,2700,0,1,2,,1,030,"US-101 N/B","OLD STAGE RD.",1584.00,N,N,C,F,Y,,,101,,,,,,N,N,3,0,1,1,A,-,08,22107,,N,B,I,A,B,H,-,A,D,0,,,,,Y,,A,01,0,1,0,0,0,0,0,0,0,"- ","- ",36.526329040527344,-121.46872711181641,MONTEREY,UNINCORPORATED,-121.46877288818359,36.526279449462891
90682020,2018,2018-03-14,9730,2018-03-08,0300,020677,,4,3,9,2700,0,1,3,,1,012,SR-1,"BIG CREEK BRIDGE",2112.00,S,N,A,-,Y,,,1,,,,,,,Y,3,0,1,1,A,-,08,22107,,N,E,A,A,A,H,-,D,D,0,,,,,Y,Y,D,22,0,1,0,0,0,0,0,0,0,"- ","- ",36.020500183105469,-121.54312133789062,MONTEREY,UNINCORPORATED,-121.54312133789062,36.020542144775391
90683424,2018,2018-03-16,9730,2018-03-09,1840,021888,,5,2,6,2708,0,1,2,,1,050,"US-101 SOUTHBOUND TO JOHN STREET","JOHN STREET",250.00,S,N,A,-,Y,,,101,,,,R,,S,Y,4,0,1,1,A,-,08,22107,,N,E,I,A,A,H,-,C,D,0,,,,,Y,,A,01,0,0,1,0,0,0,0,0,0,"- ","- ",36.672130584716797,-121.64057159423828,MONTEREY,SALINAS,-121.64057159423828,36.672130584716797
90683465,2018,2018-03-16,9730,2018-03-08,1651,018810,,4,2,9,2700,0,1,3,,2,062,"SR-1 N/B","RESERVATION ROAD",528.00,S,N,B,-,Y,,,,,,,,,,Y,2,0,7,2,A,-,08,22107,,N,A,C,A,A,H,-,A,D,0,,,,,Y,,A,01,1,0,6,0,0,0,0,0,0,"- ","- ",36.690540313720703,-121.80795288085938,MONTEREY,UNINCORPORATED,-121.80543518066406,36.695381164550781
90683648,2018,2018-03-16,9730,2018-03-07,1140,018350,,3,1,9,2700,0,1,3,,1,072,SR-156,"OAK HILLS DRIVE",1056.00,E,N,A,-,Y,,,156,,,,,,,Y,3,0,2,5,A,-,03,22350,,M,C,C,A,A,D,-,A,A,0,,,,,Y,,D,22,0,1,1,0,0,0,0,0,0,"- ","- ",36.78131103515625,-121.69892883300781,MONTEREY,UNINCORPORATED,-121.69890594482422,36.781238555908203
90683697,2018,2018-03-16,9730,2018-03-09,0645,016537,,5,1,9,2700,0,3,5,,2,004,"OLD STAGE RD.","ESPERANZA ROAD",1584.00,N,N,E,-,N,,,,,,,,,,Y,2,0,2,2,A,-,08,22107,,N,A,C,A,B,H,-,B,D,0,,,,,Y,,A,01,1,0,1,0,0,0,0,0,0,"- ","- ",36.618598937988281,-121.52420806884766,MONTEREY,UNINCORPORATED,-121.51634979248047,36.608318328857422