CASE_ID,ACCIDENT_YEAR,PROC_DATE,JURIS,COLLISION_DATE,COLLISION_TIME,OFFICER_ID,REPORTING_DISTRICT,DAY_OF_WEEK,CHP_SHIFT,POPULATION,CNTY_CITY_LOC,SPECIAL_COND,BEAT_TYPE,CHP_BEAT_TYPE,CITY_DIVISION_LAPD,CHP_BEAT_CLASS,BEAT_NUMBER,PRIMARY_RD,SECONDARY_RD,DISTANCE,DIRECTION,INTERSECTION,WEATHER_1,WEATHER_2,STATE_HWY_IND,CALTRANS_COUNTY,CALTRANS_DISTRICT,STATE_ROUTE,ROUTE_SUFFIX,POSTMILE_PREFIX,POSTMILE,LOCATION_TYPE,RAMP_INTERSECTION,SIDE_OF_HWY,TOW_AWAY,COLLISION_SEVERITY,NUMBER_KILLED,NUMBER_INJURED,PARTY_COUNT,PRIMARY_COLL_FACTOR,PCF_CODE_OF_VIOL,PCF_VIOL_CATEGORY,PCF_VIOLATION,PCF_VIOL_SUBSECTION,HIT_AND_RUN,TYPE_OF_COLLISION,MVIW,PED_ACTION,ROAD_SURFACE,ROAD_COND_1,ROAD_COND_2,LIGHTING,CONTROL_DEVICE,CHP_ROAD_TYPE,PEDESTRIAN_ACCIDENT,BICYCLE_ACCIDENT,MOTORCYCLE_ACCIDENT,TRUCK_ACCIDENT,NOT_PRIVATE_PROPERTY,ALCOHOL_INVOLVED,STWD_VEHTYPE_AT_FAULT,CHP_VEHTYPE_AT_FAULT,COUNT_SEVERE_INJ,COUNT_VISIBLE_INJ,COUNT_COMPLAINT_PAIN,COUNT_PED_KILLED,COUNT_PED_INJURED,COUNT_BICYCLIST_KILLED,COUNT_BICYCLIST_INJURED,COUNT_MC_KILLED,COUNT_MC_INJURED,PRIMARY_RAMP,SECONDARY_RAMP,LATITUDE,LONGITUDE,COUNTY,CITY,POINT_X,POINT_Y
90683876,2018,2018-03-16,9730,2018-03-08,1225,020931,,4,1,9,2700,0,3,5,,2,005,"OLDSTAGE ROAD","NATIVIDAD ROAD",5280.00,W,N,A,-,N,,,,,,,,,,Y,4,0,1,2,A,-,06,21750,,N,D,C,A,A,H,-,A,D,0,,,Y,,Y,,C,02,0,0,1,0,0,0,0,0,1,"- ","- ",36.751449584960938,-121.60793304443359,MONTEREY,UNINCORPORATED,,
90683926,2018,2018-03-16,9735,2018-03-11,1745,020710,,7,2,9,2700,0,1,3,,2,030,SR-146,"FABRY RD.",3500.00,E,N,A,-,Y,,,146,,,,,,,Y,4,0,1,1,A,-,03,22350,,N,E,I,A,A,H,-,A,D,0,,,,,Y,,A,01,0,0,1,0,0,0,0,0,0,"- ","- ",36.414180755615234,-121.26450347900391,MONTEREY,UNINCORPORATED,-121.26432037353516,36.414211273193359
90683940,2018,2018-03-16,9735,2018-03-09,2250,020057,,5,3,9,2700,0,3,5,,2,002,"51210 BRADLEY LOCKWOOD RD.","JOLON RD.",5122.00,W,N,A,-,N,,,,,,,,,,Y,3,0,2,1,A,-,03,22350,,N,E,I,A,A,H,-,D,D,0,,,,,Y,,A,01,0,2,0,0,0,0,0,0,0,"- ","- ",35.922279357910156,-121.06430053710938,MONTEREY,UNINCORPORATED,-121.06423187255859,35.936351776123047
90684505,2018,2018-03-19,9730,2018-03-12,1340,020208,,1,1,9,2700,0,2,4,,1,073,"SALINAS ROAD","MATIASEVICH LANE",10.00,S,N,A,B,N,,,,,,,,,,N,4,0,1,2,A,-,03,22350,,N,C,C,A,A,H,-,A,A,0,,,,,Y,,A,01,0,0,1,0,0,0,0,0,0,"- ","- ",36.898818969726562,-121.74797058105469,MONTEREY,UNINCORPORATED,,
90684551,2018,2018-03-19,9730,2018-03-12,0755,018298,,1,1,9,2700,0,1,2,,1,050,"US-101 S/B","GOULD RD.",2112.00,N,N,A,-,Y,,,101,,,,,,S,Y,3,0,1,1,A,-,08,22107,,N,F,A,A,A,H,-,A,D,0,,,,,Y,,A,01,0,1,0,0,0,0,0,0,0,"- ","- ",36.631858825683594,-121.59339141845703,MONTEREY,UNINCORPORATED,-121.59337615966797,36.631881713867188
90684922,2018,2018-03-19,9730,2018-03-10,1800,020899,,6,2,9,2700,0,1,3,,1,022,SR-1,"MAL PASO ROAD",528.00,S,N,B,-,Y,,,1,,,,,,,N,3,0,1,2,A,-,06,21750,A,F,G,B,E,B,H,-,B,D,0,Y,,,,Y,,A,01,0,1,0,0,1,0,0,0,0,"- ","- ",36.481708526611328,-121.93711090087891,MONTEREY,UNINCORPORATED,-121.93716430664062,36.481712341308594
90685372,2018,2018-03-20,9730,2018-03-11,2140,021396,,7,2,9,2700,0,3,5,,2,003,"ROBLEY ROAD","CORRAL DE TIERRA ROAD",840.00,W,N,A,-,N,,,,,,,,,,Y,3,0,1,1,A,-,01,23152,A,N,E,I,A,A,H,-,D,D,0,,,,,Y,Y,D,22,0,1,0,0,0,0,0,0,0,"- ","- ",36.551601409912109,-121.73455047607422,MONTEREY,UNINCORPORATED,-121.73439025878906,36.551403045654297
90685394,2018,2018-03-20,9730,2018-03-12,0845,020208,,1,1,9,2700,0,2,4,,1,075,"SAN JUAN ROAD","AROMAS ROAD",55.00,S,N,A,-,N,,,,,,,,,,Y,4,0,1,2,A,-,07,21658,A,N,C,C,A,A,H,-,A,D,0,,,,Y,Y,,G,25,0,0,1,0,0,0,0,0,0,"- ","- ",36.882331848144531,-121.66194152832031,MONTEREY,UNINCORPORATED,-121.66188812255859,36.882419586181641
90685419,2018,2018-03-20,9730,2018-03-12,1723,020899,,1,2,4,2706,0,1,3,,2,062,"NORTHBOUND SR-1","MUNRAS AVENUE",1214.00,S,N,C,-,Y,,,1,,,,,,,Y,3,0,1,2,A,-,03,22350,,N,C,C,A,B,H,-,A,D,0,,,,,Y,,A,01,0,1,0,0,0,0,0,0,0,"- ","- ",36.578338623046875,-121.90701293945312,MONTEREY,MONTEREY,-121.90700531005859,36.578330993652344
90685467,2018,2018-03-20,9730,2018-03-12,0747,016666,,1,1,9,2700,0,1,3,,2,062,"SR-1 S/B","FREMONT BOULEVARD",1056.00,S,N,B,-,Y,,,1,,,,,,S,Y,4,0,1,2,A,-,03,22350,,N,C,C,A,A,H,-,A,D,0,,,,,Y,,A,01,0,0,1,0,0,0,0,0,0,"- ","- ",36.594581604003906,-121.87008666992188,MONTEREY,UNINCORPORATED,-121.87010192871094,36.594612121582031
90685539,2018,2018-03-20,9730,2018-03-13,1602,018298,,2,2,9,2700,0,2,4,,1,073,"PORTER DR.","SAN JUAN RD.",60.00,N,N,C,-,N,,,,,,,,,,N,4,0,1,2,A,-,03,22350,,N,C,C,A,B,H,-,A,D,0,,,,,Y,,A,01,0,0,1,0,0,0,0,0,0,"- ","- ",36.904651641845703,-121.75071716308594,MONTEREY,UNINCORPORATED,-121.75053405761719,36.904644012451172
90685630,2018,2018-03-20,9730,2018-03-13,1130,018886,,2,1,9,2700,0,1,2,,1,070,"US-101 S/B","CRAZY HORSE CANYON ROAD",528.00,N,N,B,C,Y,,,101,,,,,,S,Y,3,0,1,1,A,-,03,22350,,N,F,A,A,B,H,-,A,D,0,,,,,Y,,A,07,0,1,0,0,0,0,0,0,0,"- ","- ",36.818679809570312,-121.6324462890625,MONTEREY,UNINCORPORATED,-121.63242340087891,36.818630218505859
90685832,2018,2018-03-20,9730,2018-03-16,0430,020677,,5,3,9,2700,0,1,2,,1,070,"US-101 N/B","CRAZY HORSE RD.",300.00,N,N,C,-,Y,,,101,,,,,,N,Y,4,0,1,1,A,-,03,22350,,N,B,I,A,B,H,-,D,D,0,,,,,Y,,A,01,0,0,1,0,0,0,0,0,0,"- ","- ",36.819919586181641,-121.63089752197266,MONTEREY,UNINCORPORATED,-121.63082885742188,36.819873809814453
90685958,2018,2018-03-20,9730,2018-03-14,1451,019745,,3,2,9,2700,0,3,5,,2,003,"VIEJO RD","VALENZUELA RD",1584.00,E,N,B,-,N,,,,,,,,,,Y,4,0,1,2,A,-,05,21650,,N,B,C,A,A,H,-,A,D,0,,,,,Y,,A,01,0,0,1,0,0,0,0,0,0,"- ","- ",36.575698852539062,-121.89499664306641,MONTEREY,UNINCORPORATED,-121.89516448974609,36.575790405273438
90685985,2018,2018-03-20,9730,2018-03-14,1900,014800,,3,2,9,2700,0,3,5,,2,007,"BERRY ROAD","OAK ROAD",300.00,E,N,A,-,N,,,,,,,,,,N,4,0,1,3,C,-,18,,,N,C,E,A,A,H,-,B,D,0,,,,,Y,,-,"- ",0,0,1,0,0,0,0,0,0,"- ","- ",36.862960815429688,-121.7327880859375,MONTEREY,UNINCORPORATED,-121.73381805419922,36.863029479980469
90685993,2018,2018-03-20,9730,2018-03-14,1601,018810,,3,2,9,2700,0,1,3,,2,062,"S/B SR-1 FROM AGUAJITO ROAD","AGUAJITO ROAD",500.00,S,N,B,-,Y,,,,,,,,,,Y,3,0,1,1,C,-,18,,,N,E,I,A,B,H,-,A,D,0,,,,,Y,,-,"- ",0,1,0,0,0,0,0,0,0,"- ","- ",36.589260101318359,-121.88202667236328,MONTEREY,UNINCORPORATED,,
90686586,2018,2018-03-21,9730,2018-03-15,0635,015160,,4,1,9,2700,0,3,5,,2,006,"CASTRO STREET","BLACKIE ROAD",0.00,,Y,A,-,N,,,,,,,,,,N,3,0,1,2,A,-,10,21950,A,N,G,B,D,A,H,-,D,D,0,Y,,,,Y,,A,01,0,1,0,0,1,0,0,0,0,"- ","- ",36.757808685302734,-121.74575042724609,MONTEREY,UNINCORPORATED,-121.74564361572266,36.757659912109375
90686684,2018,2018-03-21,9730,2018-03-15,1305,019569,,4,1,9,2700,0,3,5,,2,003,"ABBOTT ST","US-101 S/B",1056.00,N,N,A,-,N,,,,,,,,,,Y,3,0,1,1,A,-,01,23152,A,N,F,A,A,A,H,-,A,D,0,,,,,Y,Y,A,08,0,1,0,0,0,0,0,0,0,"- ","- ",36.62847900390625,-121.59027862548828,MONTEREY,UNINCORPORATED,,
8436894,2017,2017-09-21,2712,2017-09-10,1525,1073,2712,7,5,3,2712,0,0,0,,0,001,"RESERVATION RD","SEACREST AV",100.00,E,N,A,-,N,,,,,,,,,,Y,4,0,1,2,A,-,03,22350,,N,C,C,A,A,H,-,A,A,0,,,,,Y,,A,01,0,0,1,0,0,0,0,0,0,"- ","- ",,,MONTEREY,MARINA,-121.79569512,36.685641889999999
8437352,2017,2017-09-29,2706,2017-09-01,1841,129,MPD,5,5,4,2706,0,0,0,,0,003,"DEL MONTE AV","SLOAT AV",0.00,,Y,A,-,N,,,,,,,,,,N,4,0,2,2,A,-,03,22350,,N,C,C,A,A,H,-,-,D,0,,,,,Y,,A,01,0,0,2,0,0,0,0,0,0,"- ","- ",,,MONTEREY,MONTEREY,-121.87887996000001,36.599860020000001
8437356,2017,2017-09-27,2706,2017-09-12,1200,107,2706,2,5,4,2706,0,0,0,,0,001,"PRESCOTT AV","LIGHTHOUSE AV",0.00,,Y,A,-,N,,,,,,,,,,N,4,0,1,1,D,-,00,,,N,E,J,A,A,H,-,A,D,0,,Y,,,Y,,-,"- ",0,0,1,0,0,0,1,0,0,"- ","- ",,,MONTEREY,MONTEREY,-121.90268997,36.614710039999999
8437360,2017,2017-09-27,2706,2017-09-06,1347,301,MPD,3,5,4,2706,0,0,0,,0,002,"CALLE PRINCIPAL","JEFFERSON ST",0.00,,Y,B,-,N,,,,,,,,,,N,2,0,1,2,A,-,10,21950,A,N,G,B,B,A,H,-,A,A,0,Y,,,,Y,,A,01,1,0,0,0,1,0,0,0,0,"- ","- ",,,MONTEREY,MONTEREY,-121.89588999,36.59819006
8437451,2017,2017-09-27,2711,2017-08-15,0531,00894,2711,2,5,3,2711,0,0,0,,0,002,"METZ RD","3RD ST",0.00,,Y,A,-,N,,,,,,,,,,Y,4,0,1,2,A,-,00,20002,,N,D,C,A,A,H,-,B,D,0,,,,,Y,,A,01,0,0,1,0,0,0,0,0,0,"- ","- ",,,MONTEREY,SOLEDAD,-121.31560988,36.426670049999998
8438569,2017,2017-08-30,2707,2017-07-31,1530,2119,2707,1,5,3,2707,0,0,0,,0,001,"DAVID AV","FOREST AV",22.00,W,N,A,-,N,,,,,,,,,,N,3,0,1,2,A,-,03,22350,,N,C,C,A,A,H,-,A,A,0,,,,,Y,,A,07,0,1,0,0,0,0,0,0,0,"- ","- ",,,MONTEREY,"PACIFIC GROVE",-121.92265398000001,36.608418489999998
8438890,2017,2018-06-25,2706,2017-08-16,1416,121,MPF,3,5,4,2706,0,0,0,,0,003,"RT 68","OLMSTED RD",420.00,W,N,A,-,Y,MON,5,68,-,-,5.490,H,-,E,N,4,0,3,3,A,-,03,22350,,N,C,C,A,A,H,-,A,D,0,,,,,Y,,A,08,0,0,3,0,0,0,0,0,0,"- ","- ",,,MONTEREY,MONTEREY,-121.85107154000001,36.583877729999998
8439928,2017,2017-10-13,2711,2017-07-24,1935,00894,2711,1,5,3,2711,0,0,0,,0,001,"MARKET ST","WEST ST",0.00,,Y,A,-,N,,,,,,,,,,Y,4,0,1,2,A,-,12,22450,A,N,D,C,A,A,H,-,A,A,0,,,,,Y,,A,01,0,0,1,0,0,0,0,0,0,"- ","- ",,,MONTEREY,SOLEDAD,-121.33023987,36.43089011
8440878,2017,2017-09-12,2708,2017-06-15,2246,59989,SALIN,4,5,6,2708,0,0,0,,0,003,"EL DORADO DR","HARDEN PKWY",138.00,N,-,A,-,N,,,,,,,,,,N,4,0,1,2,A,-,03,22350,,F,C,C,A,A,H,-,C,A,0,,,,,Y,,-,,0,0,1,0,0,0,0,0,0,"- ","- ",,,MONTEREY,SALINAS,-121.63585071,36.711082150000003
8441924,2017,2017-09-19,2706,2017-08-22,1423,103,MPD,2,5,4,2706,0,0,0,,0,003,"CAMINO AGUAJITO","5TH ST",60.00,S,N,A,-,N,,,,,,,,,,Y,4,0,1,2,A,-,03,22350,,N,C,C,A,A,H,-,A,D,0,,,,,Y,,A,01,0,0,1,0,0,0,0,0,0,"- ","- ",,,MONTEREY,MONTEREY,-121.88271532,36.595819140000003
8441928,2017,2017-08-31,2706,2017-08-21,1342,142,MPD,1,5,4,2706,0,0,0,,0,002,"MUNRAS AV","FREMONT ST",11.00,S,N,A,-,N,,,,,,,,,,N,4,0,1,2,A,-,04,21703,,N,C,C,A,A,H,-,A,A,0,,,,,Y,,D,22,0,0,1,0,0,0,0,0,0,"- ","- ",,,MONTEREY,MONTEREY,-121.89308693,36.595590299999998
8442013,2017,2017-09-18,2706,2017-08-21,1128,031,2706,1,5,4,2706,0,0,0,,0,003,"DEL MONTE AV","PARK AV",77.00,E,N,A,-,N,,,,,,,,,,Y,4,0,1,2,A,-,03,22350,,N,C,C,A,A,H,-,A,D,0,,,,,Y,,D,22,0,0,1,0,0,0,0,0,0,"- ","- ",,,MONTEREY,MONTEREY,-121.88202769,36.599925349999999
90686718,2018,2018-03-21,9730,2018-03-15,1527,019745,,4,2,4,2706,0,1,3,,2,062,"SR-1 (S/B)","AUGUAJITO RD",250.00,N,N,B,C,Y,,,1,,,,,,,N,4,0,1,2,A,-,07,21658,A,N,B,C,A,B,H,-,A,D,0,,,,,Y,,A,01,0,0,1,0,0,0,0,0,0,"- ","- ",36.592899322509766,-121.87850189208984,MONTEREY,MONTEREY,-121.87851715087891,36.592952728271484
90686737,2018,2018-03-21,9730,2018-03-17,1830,020621,,6,2,9,2700,0,2,4,,1,073,"SAN MIGUEL CANYON ROAD","MORO ROAD",200.00,N,N,B,-,N,,,,,,,,,,N,4,0,1,2,A,-,03,22350,,N,C,C,A,A,H,-,A,A,0,,,,,Y,,A,01,0,0,1,0,0,0,0,0,0,"- ","- ",36.803070068359375,-121.66706085205078,MONTEREY,UNINCORPORATED,-121.66705322265625,36.803150177001953
90687033,2018,2018-03-21,9730,2018-03-16,1600,021856,,5,2,9,2700,0,2,4,,1,073,"HALL ROAD","ELKHORN ROAD",110.00,E,N,B,-,N,,,,,,,,,,N,4,0,1,2,A,-,03,22350,,N,C,C,A,B,H,-,A,D,0,,,,,Y,,A,01,0,0,1,0,0,0,0,0,0,"- ","- ",36.868350982666016,-121.74337005615234,MONTEREY,UNINCORPORATED,-121.74349212646484,36.868305206298828
90687099,2018,2018-03-21,9730,2018-03-21,0220,019239,,3,3,9,2700,0,1,3,,2,062,"SR-1 S/B",SR-218,4224.00,N,N,B,-,Y,,,,,,,,,,Y,4,0,1,1,A,-,08,22107,,N,E,I,A,B,H,-,D,D,0,,,,,Y,,A,01,0,0,1,0,0,0,0,0,0,"- ","- ",36.620891571044922,-121.84658813476562,MONTEREY,UNINCORPORATED,,
90688470,2018,2018-03-23,9735,2018-03-16,1847,020057,,5,2,9,2700,0,3,5,,2,003,"METZ RD","ELM AVE",8976.00,S,N,A,-,N,,,,,,,,,,Y,4,0,1,2,A,-,01,23152,A,N,A,C,A,A,H,-,A,D,0,,,,,Y,Y,D,22,0,0,1,0,0,0,0,0,0,"- ","- ",36.322311401367188,-121.18235015869141,MONTEREY,UNINCORPORATED,-121.18235015869141,36.321762084960938
90688981,2018,2018-03-23,9735,2018-03-17,2150,020894,,6,2,9,2700,0,3,5,,2,001,"CENTRAL AVE.","LAGOMARSINO AVE",750.00,N,N,A,-,N,,,,,,,,,,Y,3,0,1,1,A,-,03,22350,,M,E,I,A,A,H,-,D,D,0,,,,,Y,,D,22,0,1,0,0,0,0,0,0,0,"- ","- ",36.274501800537109,-121.22402954101562,MONTEREY,UNINCORPORATED,-121.22396850585938,36.274490356445312
90689365,2018,2018-03-26,9730,2018-03-13,1225,018543,,2,1,9,2700,0,2,4,,1,073,"SAN MIGUEL CANYON ROAD","HALL ROAD",290.00,S,N,C,-,N,,,,,,,,,,Y,3,0,1,2,A,-,05,21460,A,F,A,C,A,B,H,-,A,A,0,,,,,Y,,D,22,0,1,0,0,0,0,0,0,0,"- ","- ",36.858661651611328,-121.69492340087891,MONTEREY,UNINCORPORATED,-121.69491577148438,36.858558654785156
90689575,2018,2018-03-26,9730,2018-03-16,1627,018810,,5,2,9,2700,0,1,3,,2,062,"SR-1 N/B","LIGHTFIGHTER DRIVE",300.00,S,N,B,-,Y,,,1,,,,,,N,Y,4,0,3,2,A,-,03,22350,,N,C,C,A,B,H,-,A,D,0,,,,,Y,Y,A,01,0,0,3,0,0,0,0,0,0,"- ","- ",36.645221710205078,-121.81764984130859,MONTEREY,UNINCORPORATED,-121.81763458251953,36.645191192626953
90689585,2018,2018-03-26,9730,2018-03-16,1534,018810,,5,2,9,2700,0,1,3,,2,062,"SR-1 S/B","LIGHTFIGHTER DRIVE O/C",300.00,N,N,B,C,Y,,,1,,,,,,S,Y,4,0,1,1,A,-,08,22107,,N,F,A,A,B,H,-,A,D,0,,,,,Y,,A,01,0,0,1,0,0,0,0,0,0,"- ","- ",36.650119781494141,-121.81482696533203,MONTEREY,UNINCORPORATED,-121.81497192382812,36.650108337402344
90689850,2018,2018-03-26,9730,2018-03-18,0700,020208,,7,1,9,2700,0,1,3,,2,062,"SR-1 S/B","IMJIN PARKWAY",2376.00,S,N,B,-,Y,,,1,,,,,,S,Y,4,0,1,2,A,-,07,21658,A,N,B,C,A,A,H,-,A,D,0,,,,,Y,,A,01,0,0,1,0,0,0,0,0,0,"- ","- ",36.663230895996094,-121.81623840332031,MONTEREY,UNINCORPORATED,-121.81620025634766,36.663219451904297
90689872,2018,2018-03-26,9730,2018-03-19,2245,018302,,1,3,9,2700,0,3,5,,2,007,"TRAFTON RD",SR-1,1056.00,E,N,B,-,N,,,,,,,,,,Y,3,0,1,1,A,-,01,23152,A,N,F,A,A,A,E,-,D,D,0,,,,,Y,Y,D,22,0,1,0,0,0,0,0,0,0,"- ","- ",36.878749847412109,-121.76814270019531,MONTEREY,UNINCORPORATED,-121.77088928222656,36.876518249511719
90689971,2018,2018-04-04,9730,2018-03-19,1721,019745,,1,2,9,2700,0,1,3,,1,068,"E/B SR-68","CORRAL DE TIERRA",1584.00,W,N,A,-,Y,,,68,,,,,,,Y,3,0,2,4,A,-,03,22350,,N,C,C,A,A,H,-,A,D,0,,,,,Y,,A,07,0,1,1,0,0,0,0,0,0,"- ","- ",36.577098846435547,-121.73110198974609,MONTEREY,UNINCORPORATED,-121.73113250732422,36.5771484375
90690111,2018,2018-03-26,9730,2018-03-20,1500,019529,,2,2,9,2700,0,1,3,,1,024,"STATE ROUTE 68 (HOLMAN HIGHWAY)","MORSE DR.",1000.00,E,N,C,-,Y,,,68,,,,,,,Y,4,0,1,1,A,-,08,22107,,N,E,I,A,B,H,-,A,D,0,,,,,Y,,D,22,0,0,1,0,0,0,0,0,0,"- ","- ",36.596149444580078,-121.921142578125,MONTEREY,UNINCORPORATED,-121.92131805419922,36.595897674560547
90690555,2018,2018-03-27,9730,2018-03-20,0352,019239,,2,3,9,2700,0,1,2,,1,030,"US-101 NB","SOLEDAD PRISON RD O.C.",5280.00,S,N,A,-,Y,,,101,,,,,,N,Y,4,0,1,2,A,-,08,22107,,N,B,C,A,A,H,-,D,D,0,,,,,Y,,A,01,0,0,1,0,0,0,0,0,0,"- ","- ",36.455841064453125,-121.37312316894531,MONTEREY,UNINCORPORATED,-121.37314605712891,36.455787658691406
90690802,2018,2018-03-27,9730,2018-03-21,2120,019529,,3,2,9,2700,0,1,3,,1,024,"STATE ROUTE 68 (HOLMAN HIGHWAY)","HAUL ROAD",850.00,W,N,C,-,Y,,,68,,,,,,,Y,3,0,2,1,A,-,08,22107,,N,E,I,A,B,H,-,D,D,0,,,,,Y,,A,07,0,2,0,0,0,0,0,0,0,"- ","- ",36.595279693603516,-121.92082977294922,MONTEREY,UNINCORPORATED,-121.92086791992188,36.595272064208984
90691347,2018,2018-03-28,9730,2018-03-22,1603,018810,,4,2,9,2700,0,1,3,,2,062,"SR-1 TO RESERVATION ROAD","RESERVATION ROAD",20.00,S,N,B,-,Y,,,,,,,,,,N,4,0,1,2,A,-,03,22350,,N,C,C,A,A,H,-,A,A,0,,,,,Y,,D,22,0,0,1,0,0,0,0,0,0,"- ","- ",36.696269989013672,-121.80384063720703,MONTEREY,UNINCORPORATED,-121.80506896972656,36.696800231933594
90691350,2018,2018-03-28,9730,2018-03-21,0802,018298,,3,1,9,2700,0,2,4,,1,073,"SAN MIGUEL CANYON TO US-101 N/B","US-101 N/B",200.00,E,N,C,-,Y,,,,,,,,,,Y,3,0,1,1,A,-,03,22350,,N,E,I,A,B,H,-,A,D,0,,,,,Y,,D,22,0,1,0,0,0,0,0,0,0,"- ","- ",36.797500610351562,-121.66493988037109,MONTEREY,UNINCORPORATED,,
90691435,2018,2018-03-28,9730,2018-03-24,1435,021120,,6,2,9,2700,0,1,2,,1,050,"US-101 N/B","W. LAUREL DR.",1584.00,S,N,A,-,Y,,,,,,,,,,Y,4,0,2,2,A,-,03,22350,,N,C,C,A,A,H,-,A,D,0,,,,,Y,,A,01,0,0,2,0,0,0,0,0,0,"- ","- ",36.693878173828125,-121.66216278076172,MONTEREY,UNINCORPORATED,-121.66213226318359,36.693862915039062
90691708,2018,2018-03-28,9730,2018-03-24,1400,020391,,6,2,9,2700,0,1,2,,1,050,"US-101 NORTHBOUND","LAUREL DR",1954.00,N,N,B,-,Y,,,101,,,,,,N,Y,4,0,1,1,A,-,08,22107,,N,F,A,A,A,H,-,A,D,0,,,,,Y,,A,01,0,0,1,0,0,0,0,0,0,"- ","- ",36.703151702880859,-121.66616821289062,MONTEREY,UNINCORPORATED,-121.66627502441406,36.703144073486328
90691831,2018,2018-03-28,9730,2018-03-24,0345,021396,,6,3,9,2700,0,3,5,,2,007,"CASTROVILLE BOULEVARD","ELKHORN ROAD",1595.00,E,N,A,-,N,,,,,,,,,,Y,2,0,1,1,A,-,01,23152,A,N,E,I,A,A,H,-,D,D,0,,,,,Y,Y,A,07,1,0,0,0,0,0,0,0,0,"- ","- ",36.795150756835938,-121.71630096435547,MONTEREY,UNINCORPORATED,-121.71502685546875,36.795230865478516
90695370,2018,2018-03-30,9730,2018-03-23,0530,021794,,5,3,9,2700,0,1,2,,1,050,"US-101 N/B","N. MAIN ST. O/C",1056.00,S,N,B,-,Y,,,,,,,,,,Y,3,0,1,1,A,-,03,22350,,N,F,I,A,A,H,-,C,D,0,,,,,Y,,A,01,0,1,0,0,0,0,0,0,0,"- ","- ",36.683189392089844,-121.64505767822266,MONTEREY,UNINCORPORATED,-121.65249633789062,36.686809539794922
90695400,2018,2018-03-30,9730,2018-03-27,1212,016666,,2,1,9,2700,0,3,5,,2,002,"CARPENTER STREET","SERRA AVENUE",30.00,E,N,A,-,N,,,,,,,,,,Y,4,0,2,2,A,-,03,22350,,N,C,C,A,A,H,-,A,A,0,,,,,Y,,A,01,0,0,2,0,0,0,0,0,0,"- ","- ",36.565498352050781,-121.91480255126953,MONTEREY,UNINCORPORATED,-121.91472625732422,36.565586090087891
90696271,2018,2018-04-02,9730,2018-03-25,1711,021856,,7,2,9,2700,0,1,3,,1,074,"STATE ROUTE 1","POTRERO ROAD",528.00,N,N,A,-,Y,,,1,,,,,,,Y,4,0,1,2,C,-,18,,,N,C,C,A,A,H,-,A,D,0,,,,,Y,,-,"- ",0,0,1,0,0,0,0,0,0,"- ","- ",36.792240142822266,-121.78363800048828,MONTEREY,UNINCORPORATED,-121.78369903564453,36.792240142822266
90696675,2018,2018-04-02,9730,2018-03-27,2230,019529,,2,3,9,2700,0,3,5,,2,002,"TIERRA GRANDE DR.","VENADO DRIVE",150.00,N,N,A,-,N,,,,,,,,,,Y,3,0,1,1,A,-,01,23152,A,M,A,I,A,A,H,-,D,D,0,,,,,Y,Y,A,01,0,1,0,0,0,0,0,0,0,"- ","- ",36.531440734863281,-121.80214691162109,MONTEREY,UNINCORPORATED,-121.80171203613281,36.530906677246094
90696849,2018,2018-04-02,9730,2018-03-28,1050,019569,,3,1,9,2700,0,2,4,,1,073,"SAN MIGUEL CANYON RD","MORO RD",45.00,W,N,A,-,N,,,,,,,,,,Y,3,0,2,2,A,-,03,22350,,N,C,C,A,A,H,-,A,A,0,,,,,Y,,A,07,0,1,1,0,0,0,0,0,0,"- ","- ",36.802799224853516,-121.66687774658203,MONTEREY,UNINCORPORATED,-121.66679382324219,36.802776336669922
90697758,2018,2018-04-03,9735,2018-03-24,1650,019700,,6,2,9,2700,0,1,2,,1,041,"JOLON ROAD (KING CITY)","US-101 (N/B) JOLON U.C.",715.00,W,N,A,-,Y,,,,,,,,,,Y,3,0,2,2,A,-,05,21460,A,N,B,C,A,A,H,-,A,D,0,,,,,Y,,A,08,0,1,1,0,0,0,0,0,0,"- ","- ",36.199108123779297,-121.15007781982422,MONTEREY,UNINCORPORATED,,
90697945,2018,2018-04-03,9735,2018-03-29,1350,020036,,4,1,9,2700,0,1,3,,1,035,"SR-198 W/B","PEACH TREE RD",21120.00,E,N,A,-,Y,,,198,,,,,,W,Y,3,0,2,1,A,-,03,22350,,N,F,A,A,A,H,-,A,D,0,,,,,Y,Y,A,01,0,2,0,0,0,0,0,0,0,"- ","- ",36.193950653076172,-120.76779174804688,MONTEREY,UNINCORPORATED,-120.76779174804688,36.193901062011719