CASE_ID,ACCIDENT_YEAR,PROC_DATE,JURIS,COLLISION_DATE,COLLISION_TIME,OFFICER_ID,REPORTING_DISTRICT,DAY_OF_WEEK,CHP_SHIFT,POPULATION,CNTY_CITY_LOC,SPECIAL_COND,BEAT_TYPE,CHP_BEAT_TYPE,CITY_DIVISION_LAPD,CHP_BEAT_CLASS,BEAT_NUMBER,PRIMARY_RD,SECONDARY_RD,DISTANCE,DIRECTION,INTERSECTION,WEATHER_1,WEATHER_2,STATE_HWY_IND,CALTRANS_COUNTY,CALTRANS_DISTRICT,STATE_ROUTE,ROUTE_SUFFIX,POSTMILE_PREFIX,POSTMILE,LOCATION_TYPE,RAMP_INTERSECTION,SIDE_OF_HWY,TOW_AWAY,COLLISION_SEVERITY,NUMBER_KILLED,NUMBER_INJURED,PARTY_COUNT,PRIMARY_COLL_FACTOR,PCF_CODE_OF_VIOL,PCF_VIOL_CATEGORY,PCF_VIOLATION,PCF_VIOL_SUBSECTION,HIT_AND_RUN,TYPE_OF_COLLISION,MVIW,PED_ACTION,ROAD_SURFACE,ROAD_COND_1,ROAD_COND_2,LIGHTING,CONTROL_DEVICE,CHP_ROAD_TYPE,PEDESTRIAN_ACCIDENT,BICYCLE_ACCIDENT,MOTORCYCLE_ACCIDENT,TRUCK_ACCIDENT,NOT_PRIVATE_PROPERTY,ALCOHOL_INVOLVED,STWD_VEHTYPE_AT_FAULT,CHP_VEHTYPE_AT_FAULT,COUNT_SEVERE_INJ,COUNT_VISIBLE_INJ,COUNT_COMPLAINT_PAIN,COUNT_PED_KILLED,COUNT_PED_INJURED,COUNT_BICYCLIST_KILLED,COUNT_BICYCLIST_INJURED,COUNT_MC_KILLED,COUNT_MC_INJURED,PRIMARY_RAMP,SECONDARY_RAMP,LATITUDE,LONGITUDE,COUNTY,CITY,POINT_X,POINT_Y
90698143,2018,2018-04-04,9730,2018-03-27,1350,018350,,2,1,9,2700,0,1,2,,1,070,"US-101 S/B","ECHO VALLEY ROAD",1056.00,N,N,A,-,Y,,,101,,,,,,S,Y,4,0,1,1,A,-,08,22107,,N,E,I,A,A,H,-,A,D,0,,,,,Y,,A,01,0,0,1,0,0,0,0,0,0,"- ","- ",36.818641662597656,-121.63233184814453,MONTEREY,UNINCORPORATED,-121.63234710693359,36.818668365478516
90698167,2018,2018-04-04,9730,2018-03-28,2208,020933,,3,3,9,2700,0,3,5,,2,006,"BLACKIE ROAD","ROLLING MEADOWS LN",7920.00,W,N,A,-,Y,,,,,,,,,,Y,4,0,1,2,A,-,05,21460,A,N,B,C,A,A,H,-,D,D,0,,,,,Y,,D,22,0,0,1,0,0,0,0,0,0,"- ","- ",36.771480560302734,-121.71092224121094,MONTEREY,UNINCORPORATED,-121.71118927001953,36.771438598632812
90698271,2018,2018-04-04,9735,2018-03-24,1650,017681,,6,2,3,2705,0,3,5,,2,001,"US-101 SOUTHBOUND","CANAL STREET",1056.00,S,N,B,-,Y,,,101,,,,,,S,Y,4,0,1,1,A,-,08,22107,,N,E,I,A,A,H,-,A,D,0,,,,Y,Y,,G,25,0,0,1,0,0,0,0,0,0,"- ","- ",36.202499389648438,-121.12438201904297,MONTEREY,"KING CITY",-121.12437438964844,36.202529907226562
90698597,2018,2018-04-04,9730,2018-03-28,1600,019569,,3,2,9,2700,0,1,3,,1,068,SR-68,"BOOTS RD",65.00,E,N,A,-,Y,,,68,,,,,,,Y,4,0,3,3,A,-,03,22350,,N,C,C,A,A,H,-,A,A,0,,,,,Y,,A,01,0,0,3,0,0,0,0,0,0,"- ","- ",36.567649841308594,-121.77778625488281,MONTEREY,UNINCORPORATED,-121.77779388427734,36.567703247070312
90698717,2018,2018-04-04,9735,2018-03-24,1920,020057,,6,2,9,2700,0,3,5,,2,004,"CATTLEMEN RD.",US-101,417.00,N,N,A,-,N,,,,,,,,,,Y,2,0,1,1,A,-,08,22107,,N,F,A,A,A,H,-,B,D,0,,,,,Y,,A,01,1,0,0,0,0,0,0,0,0,"- ","- ",36.013469696044922,-120.92076110839844,MONTEREY,UNINCORPORATED,,
90699410,2018,2018-04-05,9730,2018-03-29,1133,019569,,4,1,9,2700,0,2,4,,1,023,"CARMEL VALLEY ROAD","UPPER SCARLETT ROAD",8.00,W,N,A,-,N,,,,,,,,,,N,2,0,2,2,A,-,05,21460,A,N,B,G,A,A,H,-,A,D,0,,Y,Y,,Y,,L,04,1,1,0,0,0,0,1,0,1,"- ","- ",36.524219512939453,-121.79396820068359,MONTEREY,UNINCORPORATED,,
8442114,2017,2017-08-29,2706,2017-08-11,1034,031,2706,5,5,4,2706,0,0,0,,0,002,"FREMONT ST","ABREGO ST",0.00,,Y,A,-,N,,,,,,,,,,N,4,0,1,2,A,-,04,21703,,N,C,C,A,A,H,-,A,A,0,,,,,Y,,A,01,0,0,1,0,0,0,0,0,0,"- ","- ",,,MONTEREY,MONTEREY,-121.89217993,36.595250049999997
8442737,2017,2017-08-31,2712,2017-08-16,1949,1062,2712,3,5,3,2712,0,0,0,,0,001,"RESERVATION RD","CALIFORNIA AV",19.00,W,N,A,-,N,,,,,,,,,,Y,2,0,1,1,A,-,08,22107,,N,A,I,A,A,H,-,C,A,0,,,,,Y,,A,01,1,0,0,0,0,0,0,0,0,"- ","- ",,,MONTEREY,MARINA,-121.78494542999999,36.680627049999998
8442741,2017,2017-08-31,2712,2017-08-20,1816,1073,2712,7,5,3,2712,0,0,0,,0,001,"IMJIN PKWY","IMJIN RD",86.00,W,N,A,-,N,,,,,,,,,,N,3,0,3,2,A,-,01,23153,A,N,A,C,A,A,H,-,A,A,0,,,,,Y,Y,A,01,0,2,1,0,0,0,0,0,0,"- ","- ",,,MONTEREY,MARINA,-121.79164534,36.661821349999997
8442990,2017,2017-09-26,2707,2017-08-11,1430,2234,2707,5,5,3,2707,0,0,0,,0,001,"OCEAN VIEW BL","OCEAN VIEW BL 600",6.00,W,N,A,-,N,,,,,,,,,,N,3,0,1,2,A,-,08,22107,,N,B,C,A,A,H,-,A,-,0,,Y,,,Y,,D,22,0,1,0,0,0,0,1,0,0,"- ","- ",,,MONTEREY,"PACIFIC GROVE",,
8443001,2017,2017-09-08,2706,2017-08-13,0016,428,MPD,7,5,4,2706,0,0,0,,0,001,"CANNERY ROW","PRESCOTT AV",87.00,S,N,A,-,N,,,,,,,,,,N,3,0,1,2,A,-,11,21954,A,N,G,B,E,A,H,-,C,D,0,Y,,,,Y,,N,60,0,1,0,0,1,0,0,0,0,"- ","- ",,,MONTEREY,MONTEREY,-121.90009778,36.615815490000003
8443043,2017,2017-09-05,2710,2017-07-07,1715,38145,,5,5,4,2710,0,0,0,,0,001,"SONOMA AV","SAN LUCAS ST",0.00,,Y,A,-,N,,,,,,,,,,N,3,0,2,2,A,-,09,21802,A,N,D,C,A,A,H,-,A,A,0,,,,,Y,,A,07,0,1,1,0,0,0,0,0,0,"- ","- ",,,MONTEREY,SEASIDE,-121.84034986,36.60611007
8443047,2017,2017-09-05,2710,2017-07-06,1059,37346,,4,5,4,2710,0,0,0,,0,02B,"KIMBALL AV","TWEED ST",110.00,E,N,A,-,N,,,,,,,,,,Y,4,0,1,1,A,-,08,22107,,N,A,I,A,A,H,-,A,D,0,,,,,Y,,A,01,0,0,1,0,0,0,0,0,0,"- ","- ",,,MONTEREY,SEASIDE,-121.84066528,36.599573130000003
8443051,2017,2017-09-05,2710,2017-07-04,2146,40397,,2,5,4,2710,0,0,0,,0,003,"MONTEREY RD","BUNA RD",0.00,,Y,A,-,N,,,,,,,,,,Y,4,0,1,1,A,-,08,22107,,N,A,I,A,A,H,-,C,D,0,,,,,Y,,A,01,0,0,1,0,0,0,0,0,0,"- ","- ",,,MONTEREY,SEASIDE,-121.83222988,36.630870010000002
8443118,2017,2017-09-01,2710,2017-07-18,1139,32771,,2,5,4,2710,0,0,0,,0,002,"FREMONT BL","PLAYA AV",0.00,,Y,A,-,N,,,,,,,,,,N,4,0,1,2,A,-,10,21950,A,N,G,B,B,A,H,-,A,A,0,Y,,,,Y,,A,07,0,0,1,0,1,0,0,0,0,"- ","- ",,,MONTEREY,SEASIDE,-121.84116993000001,36.61800006
8443120,2017,2017-09-01,2706,2017-08-11,0831,142,MPD,5,5,4,2706,0,0,0,,0,003,"NORTH FREMONT ST","CASA VERDE WY",0.00,,Y,B,-,N,,,,,,,,,,Y,4,0,1,2,A,-,03,22350,,F,C,C,A,A,H,-,A,A,0,,,,,Y,,-,99,0,0,1,0,0,0,0,0,0,"- ","- ",,,MONTEREY,MONTEREY,-121.86268996,36.59621009
8443161,2017,2017-09-01,2707,2017-08-15,1610,2221,2707,2,5,3,2707,0,0,0,,0,001,"DAVID AV","RANSFORD AV",152.00,W,N,B,-,N,,,,,,,,,,N,4,0,1,2,A,-,05,21650,,N,D,G,A,A,H,-,A,D,0,,Y,,,Y,,L,04,0,0,1,0,0,0,1,0,0,"- ","- ",,,MONTEREY,"PACIFIC GROVE",-121.92436806000001,36.60756713
8444331,2017,2017-09-22,2708,2017-07-04,2138,34273,SALIN,2,5,6,2708,0,0,0,,0,008,"W ALISAL ST","LINCOLN AV",0.00,,Y,A,-,N,,,,,,,,,,N,2,0,1,2,A,-,10,21950,A,N,G,B,B,A,H,-,C,A,0,Y,,,,Y,,-,,1,0,0,0,1,0,0,0,0,"- ","- ",,,MONTEREY,SALINAS,-121.65684994999999,36.673520089999997
90699430,2018,2018-04-05,9730,2018-03-29,1602,020931,,4,2,9,2700,0,3,5,,2,004,"JACKS ROAD","IVERSON ROAD",528.00,N,N,A,-,N,,,,,,,,,,N,3,0,1,2,A,-,09,21804,A,N,D,G,A,A,H,-,A,D,0,,Y,,,Y,,L,04,0,1,0,0,0,0,1,0,0,"- ","- ",36.557891845703125,-121.47226715087891,MONTEREY,UNINCORPORATED,-121.47193908691406,36.558341979980469
90699441,2018,2018-04-05,9730,2018-03-29,1633,017184,,4,2,9,2700,0,1,3,,1,014,SR-1,"BIXBY BRIDGE",2640.00,S,N,A,-,Y,,,1,,,,,,,Y,2,0,1,1,A,-,08,22107,,N,E,A,A,A,H,-,A,A,0,,,,,Y,,A,01,1,0,0,0,0,0,0,0,0,"- ","- ",36.363628387451172,-121.89975738525391,MONTEREY,UNINCORPORATED,-121.89979553222656,36.363651275634766
90699447,2018,2018-04-05,9730,2018-03-29,1930,017184,,4,2,9,2700,0,1,3,,1,014,SR-1,"VENTANA INN",350.00,S,N,A,-,Y,,,1,,,,,,,Y,4,0,1,1,A,-,08,22107,,N,E,I,A,A,H,-,D,A,0,,,,,Y,,A,01,0,0,1,0,0,0,0,0,0,"- ","- ",36.227760314941406,-121.76428985595703,MONTEREY,UNINCORPORATED,-121.76429748535156,36.227752685546875
90699622,2018,2018-04-05,9730,2018-03-28,2022,018810,,3,2,9,2700,0,1,3,,1,066,SR-183,"COOPER ROAD",6336.00,N,N,A,-,Y,,,183,,,,,,,Y,2,0,5,2,A,-,01,23152,A,N,A,C,A,A,H,-,D,D,0,,,,,Y,Y,A,01,4,0,1,0,0,0,0,0,0,"- ","- ",36.728111267089844,-121.73133850097656,MONTEREY,UNINCORPORATED,-121.73133087158203,36.728122711181641
90699715,2018,2018-04-05,9730,2018-04-03,2119,019981,,2,2,9,2700,0,2,4,,2,063,"BLANCO ROAD","COOPER ROAD",0.00,,Y,A,-,N,,,,,,,,,,Y,2,0,1,2,A,-,09,21802,B,N,D,C,A,A,H,-,C,A,0,,,,Y,Y,,A,01,1,0,0,0,0,0,0,0,0,"- ","- ",36.678699493408203,-121.73500823974609,MONTEREY,UNINCORPORATED,-121.73502349853516,36.678699493408203
90699720,2018,2018-04-05,9730,2018-04-01,0710,018886,,7,1,9,2700,0,1,3,,1,068,"SR-68 W/B","PORTOLA ROAD",2640.00,W,N,A,-,Y,,,68,,,,,,W,Y,4,0,2,2,A,-,03,22350,,N,B,C,A,A,H,-,A,D,0,,,,,Y,,A,01,0,0,2,0,0,0,0,0,0,"- ","- ",36.601581573486328,-121.69712829589844,MONTEREY,UNINCORPORATED,-121.69704437255859,36.601524353027344
90699723,2018,2018-04-05,9730,2018-03-31,1459,021856,,6,2,9,2700,0,1,3,,1,072,SR-156,"MCGUFFIE ROAD",100.00,W,N,A,-,Y,,,156,,,,,,,N,4,0,2,3,A,-,03,22350,,N,C,C,A,A,H,-,A,D,0,,,,,Y,,D,22,0,0,2,0,0,0,0,0,0,"- ","- ",36.788711547851562,-121.67527008056641,MONTEREY,UNINCORPORATED,-121.67526245117188,36.788658142089844
90699734,2018,2018-04-05,9730,2018-03-30,1545,017184,,5,2,9,2700,0,1,3,,1,014,SR-1,"ANDREW MOLERA S.P.",4752.00,S,N,A,-,Y,,,1,,,,,,,Y,2,0,1,1,A,-,08,22107,,N,E,I,A,A,H,-,A,A,0,,,,Y,Y,,F,26,1,0,0,0,0,0,0,0,0,"- ","- ",36.279811859130859,-121.83029937744141,MONTEREY,UNINCORPORATED,-121.83025360107422,36.279876708984375
90699772,2018,2018-04-05,9730,2018-03-30,2030,021888,,5,2,9,2700,0,2,4,,1,073,"SAN MIGUEL CANYON ROAD","MORO ROAD",0.00,,Y,A,-,N,,,,,,,,,,Y,2,0,3,2,A,-,17,21451,A,N,A,C,A,A,H,-,C,A,0,,,,,Y,,A,07,1,1,1,0,0,0,0,0,0,"- ","- ",36.802711486816406,-121.66673278808594,MONTEREY,UNINCORPORATED,-121.66671752929688,36.802669525146484
90700702,2018,2018-04-09,9730,2018-03-30,2115,020701,,5,2,9,2700,0,1,2,,1,030,"US-101 SOUTHBOUND","FRONT STREET",4752.00,N,N,A,-,Y,,,101,,,,,,S,Y,3,0,7,4,A,-,01,23152,A,N,A,C,A,A,H,-,D,D,0,,,,,Y,Y,A,01,0,4,3,0,0,0,0,0,0,"- ","- ",36.442550659179688,-121.35407257080078,MONTEREY,UNINCORPORATED,-121.35406494140625,36.442558288574219
90700704,2018,2018-04-09,9730,2018-04-01,2105,021776,,7,2,9,2700,0,1,3,,1,012,SR-1,"DOLAN RIDGE",3168.00,S,N,A,-,Y,,,1,,,,,,,Y,3,0,1,1,A,-,01,23152,A,N,F,A,A,A,H,-,D,D,0,,,,,Y,Y,D,22,0,1,0,0,0,0,0,0,0,"- ","- ",36.109668731689453,-121.62596893310547,MONTEREY,UNINCORPORATED,-121.6259765625,36.109661102294922
90700710,2018,2018-04-09,9730,2018-03-31,1713,021856,,6,2,9,2700,0,2,4,,1,073,"SAN MIGUEL CANYON ROAD","PARADISE RD",0.00,,Y,A,-,N,,,,,,,,,,Y,4,0,1,1,A,-,03,22350,,N,F,A,A,A,H,-,A,D,0,,,,,Y,,A,01,0,0,1,0,0,0,0,0,0,"- ","- ",36.825218200683594,-121.67598724365234,MONTEREY,UNINCORPORATED,-121.67581176757812,36.825180053710938
90700713,2018,2018-04-09,9730,2018-03-31,1027,019569,,6,1,9,2700,0,1,3,,1,068,SR-68,"CORRAL DE TIERRA RD",0.00,,Y,A,-,Y,,,68,,,,,,,Y,4,0,2,3,A,-,03,22350,,N,C,C,A,A,H,-,A,A,0,,,,,Y,,D,22,0,0,2,0,0,0,0,0,0,"- ","- ",36.578510284423828,-121.72724151611328,MONTEREY,UNINCORPORATED,-121.72724151611328,36.5784912109375
90700715,2018,2018-04-09,9730,2018-03-31,1506,020899,,6,2,9,2700,0,1,3,,1,022,"SR-1 NORTHBOUND","POINT LOBOS",1320.00,S,N,B,-,Y,,,1,,,,,,N,Y,2,0,1,2,A,-,09,21801,A,N,D,C,A,A,H,-,A,D,0,,,Y,,Y,,A,01,1,0,0,0,0,0,0,0,1,"- ","- ",36.512901306152344,-121.93784332275391,MONTEREY,UNINCORPORATED,-121.93795013427734,36.512920379638672
90700719,2018,2018-04-09,9730,2018-04-01,1300,020208,,7,1,9,2700,0,1,3,,1,074,SR-1,SR-156,505.00,N,N,A,-,Y,,,1,,,,,,,Y,3,0,1,1,A,-,03,22350,,N,F,A,A,A,H,-,A,D,0,,,Y,,Y,,C,02,0,1,0,0,0,0,0,0,1,"- ","- ",36.754608154296875,-121.76522827148438,MONTEREY,UNINCORPORATED,-121.7652587890625,36.754611968994141
90700728,2018,2018-04-09,9730,2018-03-31,0255,021396,,6,3,9,2700,0,3,5,,2,003,"LAURELES GRADE","CARMEL VALLEY ROAD",6.00,S,N,A,-,N,,,,,,,,,,Y,3,0,1,1,A,-,01,23152,A,N,E,I,A,A,H,-,D,A,0,,,,,Y,Y,A,01,0,1,0,0,0,0,0,0,0,"- ","- ",36.500598907470703,-121.75623321533203,MONTEREY,UNINCORPORATED,-121.75656127929688,36.500919342041016
90701082,2018,2018-04-09,9730,2018-04-02,0530,021794,,1,3,9,2700,0,3,5,,2,004,"OLD STAGE ROAD","ESPERANZA ROAD",3168.00,N,N,B,-,N,,,,,,,,,,Y,4,0,1,2,A,-,06,21750,,N,B,C,A,A,H,-,D,D,0,,,,,Y,,A,07,0,0,1,0,0,0,0,0,0,"- ","- ",36.611808776855469,-121.51902008056641,MONTEREY,UNINCORPORATED,-121.51919555664062,36.612010955810547
90701250,2018,2018-04-09,9730,2018-04-03,1450,019956,,2,2,9,2700,0,1,2,,1,070,"US-101 S/B",SR-156,200.00,S,N,A,-,Y,,,101,,,,,,S,Y,4,0,1,2,A,-,03,22350,,N,C,C,A,A,H,-,A,D,0,,,,,Y,,D,22,0,0,1,0,0,0,0,0,0,"- ","- ",36.788970947265625,-121.66776275634766,MONTEREY,UNINCORPORATED,-121.66777801513672,36.788974761962891
90701334,2018,2018-04-09,9730,2018-04-04,1700,017502,,3,2,9,2700,0,3,5,,2,003,"RIVER ROAD","CHUALAR RIVER ROAD",1584.00,N,N,A,-,N,,,,,,,,,,Y,2,0,1,1,A,-,08,22107,,N,F,A,A,A,H,-,A,D,0,,,,,Y,,A,01,1,0,0,0,0,0,0,0,0,"- ","- ",36.560710906982422,-121.55423736572266,MONTEREY,UNINCORPORATED,-121.55320739746094,36.559757232666016
90702066,2018,2018-04-10,9730,2018-04-03,1230,021794,,2,1,9,2700,0,3,5,,2,004,"OLD STAGE ROAD","SPENCE ROAD",4.00,S,N,A,-,N,,,,,,,,,,Y,4,0,1,2,A,-,09,21802,A,N,C,C,A,A,H,-,A,A,0,,,,,Y,,A,01,0,0,1,0,0,0,0,0,0,"- ","- ",36.629909515380859,-121.53987884521484,MONTEREY,UNINCORPORATED,-121.53987884521484,36.629875183105469
90702074,2018,2018-09-11,9730,2018-04-03,1322,021794,,2,1,9,2700,0,1,2,,1,050,"US-101 S/B","BORONDA ROAD O/C",12.00,N,N,A,-,Y,,,101,,,,,,S,Y,4,0,1,3,A,-,08,22107,,N,B,C,A,A,H,-,A,A,0,,,,,Y,,D,22,0,0,1,0,0,0,0,0,0,"- ","- ",36.722019195556641,-121.65995788574219,MONTEREY,UNINCORPORATED,-121.66001129150391,36.722034454345703
90702326,2018,2018-04-10,9730,2018-03-29,1418,014800,,4,2,9,2700,0,1,2,,1,050,"U. S. 101 SOUTHBOUND","SHERWOOD DRIVE",1584.00,S,N,A,-,Y,,,,,,,,,,Y,2,0,1,1,A,-,08,22107,,N,F,A,A,A,H,-,A,D,0,,,,,Y,,A,07,1,0,0,0,0,0,0,0,0,"- ","- ",36.683429718017578,-121.64604949951172,MONTEREY,UNINCORPORATED,-121.64398956298828,36.682281494140625
90702361,2018,2018-04-10,9730,2018-04-04,1454,019956,,3,2,9,2700,0,3,5,,2,004,"HARTNELL RD","ALISAL RD",36.00,W,N,B,-,N,,,,,,,,,,Y,3,0,1,1,A,-,03,22350,,N,E,I,A,A,H,-,A,D,0,,,,,Y,,A,01,0,1,0,0,0,0,0,0,0,"- ","- ",36.645259857177734,-121.57688903808594,MONTEREY,UNINCORPORATED,-121.57685852050781,36.645309448242188
90702698,2018,2018-04-10,9730,2018-04-04,1400,018543,,3,2,9,2700,0,3,5,,2,005,"CRAZY HORSE CANYON ROAD","MPM 2.0",243.00,E,N,A,-,N,,,,,,,,,,Y,2,0,1,1,A,-,03,22350,,N,E,I,A,A,H,-,A,D,0,,,,,Y,,A,01,1,0,0,0,0,0,0,0,0,"- ","- ",36.798328399658203,-121.61640167236328,MONTEREY,UNINCORPORATED,,
90702903,2018,2018-04-10,9735,2018-04-05,1500,020036,,4,2,9,2700,0,3,5,,2,002,"LOCKWOOD SAN ARDO RD","MARTINEZ RD",21120.00,E,N,B,-,N,,,,,,,,,,Y,3,0,1,1,A,-,08,22107,,N,F,A,A,A,H,-,A,D,0,,,,,Y,,A,07,0,1,0,0,0,0,0,0,0,"- ","- ",35.984939575195312,-121.01444244384766,MONTEREY,UNINCORPORATED,-121.02330780029297,35.98651123046875
90702919,2018,2018-04-10,9735,2018-04-08,2235,020417,,7,3,9,2700,0,3,5,,2,002,"ARGYLE RD. W/B","JOLON RD.",1056.00,E,N,B,-,N,,,,,,,,,,Y,4,0,1,1,A,-,08,22107,,N,E,I,A,A,H,-,D,D,0,,,,,Y,,A,01,0,0,1,0,0,0,0,0,0,"- ","- ",36.024940490722656,-121.17318725585938,MONTEREY,UNINCORPORATED,-121.17408752441406,36.024826049804688
90703086,2018,2018-04-11,9730,2018-04-03,1806,020899,,2,2,3,2711,0,1,2,,1,030,"SOUTHBOUND US-101",SR-146,400.00,N,N,A,-,Y,,,101,,,,,,,Y,3,0,1,1,C,-,18,,,N,E,I,A,A,H,-,A,D,0,,,,,Y,,-,"- ",0,1,0,0,0,0,0,0,0,"- ","- ",36.420249938964844,-121.32460784912109,MONTEREY,SOLEDAD,-121.32461547851562,36.420246124267578
90703104,2018,2018-04-11,9730,2018-04-05,1543,021856,,4,2,9,2700,0,1,3,,1,068,"STATE ROUTE 68","SAN BENANCIO ROAD",528.00,E,N,A,-,Y,,,68,,,,,,,Y,4,0,1,3,A,-,03,22350,,N,C,C,A,A,H,-,A,D,0,,,,,Y,,A,07,0,0,1,0,0,0,0,0,0,"- ","- ",36.580879211425781,-121.71900939941406,MONTEREY,UNINCORPORATED,-121.71895599365234,36.580780029296875
90703244,2018,2018-04-11,9730,2018-04-05,1035,017580,,4,1,9,2700,0,2,4,,1,073,"SAN MIGUEL CANYON ROAD","CORTO SAN MIGUEL",528.00,S,N,A,-,N,,,,,,,,,,Y,4,0,1,3,A,-,03,22350,,N,C,C,A,A,H,-,A,D,0,,,,,Y,,A,08,0,0,1,0,0,0,0,0,0,"- ","- ",36.513500213623047,-121.41619873046875,MONTEREY,UNINCORPORATED,-121.69459533691406,36.855564117431641
90703515,2018,2018-04-11,9730,2018-04-06,1530,021888,,5,2,6,2708,0,1,2,,1,050,"US-101 NORTHBOUND","LAUREL DRIVE",250.00,N,N,C,-,Y,,,101,,,,,,N,N,4,0,1,3,A,-,03,22350,,N,C,C,A,B,H,-,A,D,0,,,,,Y,,D,22,0,0,1,0,0,0,0,0,0,"- ","- ",36.698478698730469,-121.66474151611328,MONTEREY,SALINAS,-121.66468811035156,36.698501586914062
90703676,2018,2018-04-11,9735,2018-04-08,0810,020168,,7,1,9,2700,0,3,5,,2,003,"METZ RD","ELM AVE",14256.00,S,N,A,-,N,,,,,,,,,,Y,2,0,1,1,A,-,01,23152,A,M,E,I,A,A,H,-,A,D,0,,,,,Y,Y,D,22,1,0,0,0,0,0,0,0,0,"- ","- ",36.311378479003906,-121.16876220703125,MONTEREY,UNINCORPORATED,-121.169921875,36.312873840332031
90703720,2018,2018-04-11,9730,2018-04-05,1100,015160,,4,1,9,2700,0,1,3,,2,062,"SR-1 NORTHBOUND","IMJIN PARKWAY",55.00,N,N,A,-,Y,,,1,,,,,,N,N,3,0,1,1,A,-,08,22107,,N,F,A,A,A,H,-,A,D,0,,,Y,,Y,,C,02,0,1,0,0,0,0,0,0,1,"- ","- ",36.669639587402344,-121.81221008300781,MONTEREY,UNINCORPORATED,-121.8126220703125,36.669876098632812
90703917,2018,2018-04-12,9730,2018-04-06,0730,017580,,5,1,6,2708,0,1,2,,1,050,"U.S. 101 N/B","LAUREL DRIVE",70.00,S,N,B,C,Y,,,,,,,,,,Y,4,0,1,2,A,-,03,22350,,N,D,C,A,B,H,-,A,D,0,,,,,Y,,A,07,0,0,1,0,0,0,0,0,0,"- ","- ",36.418571472167969,-121.39858245849609,MONTEREY,SALINAS,-121.66429901123047,36.697620391845703
90704287,2018,2018-04-12,9730,2018-04-06,1745,020931,,5,2,9,2700,0,2,4,,1,073,"SALINAS ROAD","JONATHAN STREET",300.00,N,N,C,-,N,,,,,,,,,,N,4,0,2,3,A,-,03,22350,,N,C,C,A,B,H,-,A,D,0,,,,,Y,,A,01,0,0,2,0,0,0,0,0,0,"- ","- ",36.901348114013672,-121.74819183349609,MONTEREY,UNINCORPORATED,-121.74822235107422,36.901641845703125
90704328,2018,2018-04-12,9730,2018-04-07,1950,021888,,6,2,6,2708,0,1,2,,1,050,"US-101 SOUTHBOUND","BORONDA ROAD",400.00,S,N,A,-,Y,,,101,,,,,,S,Y,4,0,1,2,A,-,03,22350,,N,C,C,A,A,H,-,B,D,0,,,,,Y,,A,01,0,0,1,0,0,0,0,0,0,"- ","- ",36.720390319824219,-121.66046905517578,MONTEREY,SALINAS,-121.66044616699219,36.720382690429688
90704646,2018,2018-04-12,9735,2018-04-07,0655,020168,,6,1,9,2700,0,1,2,,2,042,"US-101 N/B",SR-198,2640.00,N,N,C,-,Y,,,101,,,,,,N,Y,3,0,2,1,A,-,08,22107,,N,F,I,A,B,H,-,A,D,0,,,,,Y,,A,01,0,1,1,0,0,0,0,0,0,"- ","- ",36.142341613769531,-121.03749084472656,MONTEREY,UNINCORPORATED,-121.03731536865234,36.142452239990234
90704938,2018,2018-04-13,9730,2018-04-03,1420,018350,,2,2,9,2700,0,1,2,,1,070,"US-101 S/B","RALPH LANE",600.00,N,N,A,-,Y,,,101,,,,,,S,Y,2,0,3,1,C,-,18,,,N,E,I,A,A,H,-,A,D,0,,,,,Y,,-,"- ",2,1,0,0,0,0,0,0,0,"- ","- ",36.758159637451172,-121.66584777832031,MONTEREY,UNINCORPORATED,-121.665771484375,36.758182525634766
90705207,2018,2018-04-13,9730,2018-04-04,1805,018350,,3,2,9,2700,0,1,3,,1,072,SR-156,"MERIDIAN ROAD",2112.00,W,N,B,-,Y,,,156,,,,,,,Y,3,0,5,2,A,-,08,22107,,N,D,C,A,A,H,-,A,D,0,,,,,Y,,D,22,0,3,2,0,0,0,0,0,0,"- ","- ",36.787521362304688,-121.68170166015625,MONTEREY,UNINCORPORATED,-121.68170166015625,36.787525177001953
90706879,2018,2018-04-17,9730,2018-04-06,1720,021888,,5,2,9,2700,0,3,5,,2,005,"CRAZY HORSE CANYON ROAD","400 CRAZY HORSE CANYON ROAD",20.00,E,N,C,-,N,,,,,,,,,,Y,4,0,1,1,A,-,03,22350,,N,E,I,A,B,H,-,A,D,0,,,,Y,Y,,G,26,0,0,1,0,0,0,0,0,0,"- ","- ",36.796718597412109,-121.61627960205078,MONTEREY,UNINCORPORATED,,