CASE_ID,ACCIDENT_YEAR,PROC_DATE,JURIS,COLLISION_DATE,COLLISION_TIME,OFFICER_ID,REPORTING_DISTRICT,DAY_OF_WEEK,CHP_SHIFT,POPULATION,CNTY_CITY_LOC,SPECIAL_COND,BEAT_TYPE,CHP_BEAT_TYPE,CITY_DIVISION_LAPD,CHP_BEAT_CLASS,BEAT_NUMBER,PRIMARY_RD,SECONDARY_RD,DISTANCE,DIRECTION,INTERSECTION,WEATHER_1,WEATHER_2,STATE_HWY_IND,CALTRANS_COUNTY,CALTRANS_DISTRICT,STATE_ROUTE,ROUTE_SUFFIX,POSTMILE_PREFIX,POSTMILE,LOCATION_TYPE,RAMP_INTERSECTION,SIDE_OF_HWY,TOW_AWAY,COLLISION_SEVERITY,NUMBER_KILLED,NUMBER_INJURED,PARTY_COUNT,PRIMARY_COLL_FACTOR,PCF_CODE_OF_VIOL,PCF_VIOL_CATEGORY,PCF_VIOLATION,PCF_VIOL_SUBSECTION,HIT_AND_RUN,TYPE_OF_COLLISION,MVIW,PED_ACTION,ROAD_SURFACE,ROAD_COND_1,ROAD_COND_2,LIGHTING,CONTROL_DEVICE,CHP_ROAD_TYPE,PEDESTRIAN_ACCIDENT,BICYCLE_ACCIDENT,MOTORCYCLE_ACCIDENT,TRUCK_ACCIDENT,NOT_PRIVATE_PROPERTY,ALCOHOL_INVOLVED,STWD_VEHTYPE_AT_FAULT,CHP_VEHTYPE_AT_FAULT,COUNT_SEVERE_INJ,COUNT_VISIBLE_INJ,COUNT_COMPLAINT_PAIN,COUNT_PED_KILLED,COUNT_PED_INJURED,COUNT_BICYCLIST_KILLED,COUNT_BICYCLIST_INJURED,COUNT_MC_KILLED,COUNT_MC_INJURED,PRIMARY_RAMP,SECONDARY_RAMP,LATITUDE,LONGITUDE,COUNTY,CITY,POINT_X,POINT_Y
90707180,2018,2018-04-17,9730,2018-04-08,1450,020931,,7,2,6,2708,0,1,2,,1,050,"US-101 S/B","MARKET STREET",250.00,N,N,A,-,Y,,,101,,,,,,S,N,4,0,4,3,A,-,03,22350,,N,C,C,A,A,H,-,A,D,0,,,,,Y,,A,01,0,0,4,0,0,0,0,0,0,"- ","- ",36.678718566894531,-121.64201354980469,MONTEREY,SALINAS,-121.64165496826172,36.678787231445312
90707284,2018,2018-04-17,9735,2018-04-09,1120,016696,,1,1,9,2700,0,1,2,,1,041,"US 101 N/B","BROADWAY STREET",1211.00,N,N,A,-,Y,,,,,,,,,,Y,4,0,2,3,A,-,07,21658,A,N,B,C,A,A,H,-,A,D,0,,,,,Y,,A,07,0,0,2,0,0,0,0,0,0,"- ","- ",36.204010009765625,-121.14015197753906,MONTEREY,UNINCORPORATED,-121.13774108886719,36.204509735107422
90707300,2018,2018-04-17,9730,2018-04-09,1810,018350,,1,2,9,2700,0,3,5,,2,005,"PESANTE ROAD","POLLOCK LANE",0.00,,Y,A,-,N,,,,,,,,,,Y,4,0,1,2,A,-,09,21802,A,N,D,C,A,A,H,-,A,A,0,,,,,Y,,D,22,0,0,1,0,0,0,0,0,0,"- ","- ",36.776760101318359,-121.66316223144531,MONTEREY,UNINCORPORATED,-121.66311645507812,36.776710510253906
90707323,2018,2018-04-17,9730,2018-04-10,0855,017785,,2,1,9,2700,0,1,2,,1,030,"US-101 SOUTHBOUND","OLD STAGE ROAD",5280.00,N,N,A,-,Y,,,101,,,,,,S,N,4,0,1,2,A,-,03,22350,,N,C,C,A,A,H,-,A,D,0,,,,,Y,,D,22,0,0,1,0,0,0,0,0,0,"- ","- ",36.532928466796875,-121.47727966308594,MONTEREY,UNINCORPORATED,-121.47724914550781,36.532966613769531
90707487,2018,2018-04-17,9735,2018-04-14,1520,020057,,6,2,9,2700,0,1,3,,1,035,SR-198,"PEACH TREE RD",10560.00,E,N,A,-,Y,,,198,,,,,,,Y,3,0,2,1,A,-,08,22107,,N,F,A,A,A,H,-,A,D,0,,,,,Y,,A,08,0,2,0,0,0,0,0,0,0,"- ","- ",36.199558258056641,-120.79792785644531,MONTEREY,UNINCORPORATED,-120.79792022705078,36.19952392578125
8444335,2017,2017-09-22,2708,2017-07-07,2201,54353,,5,5,6,2708,0,0,0,,0,003,"EAST BORONDA RD","NATIVIDAD RD",479.00,W,N,A,-,N,,,,,,,,,,Y,4,0,2,4,A,-,03,22350,,N,C,C,A,A,H,-,C,D,0,,,,,Y,Y,-,,0,0,2,0,0,0,0,0,0,"- ","- ",,,MONTEREY,SALINAS,-121.62513524000001,36.715739020000001
8444486,2017,2017-09-05,2704,2017-07-12,1705,0633,,3,5,3,2704,0,0,0,,0,002,"PALM AV","8TH ST",0.00,,Y,A,-,N,,,,,,,,,,N,4,0,2,2,A,-,09,21802,A,N,D,C,A,A,H,-,A,A,0,,,,,Y,,A,01,0,0,2,0,0,0,0,0,0,"- ","- ",,,MONTEREY,GREENFIELD,-121.24363993999999,36.322969999999998
8446220,2017,2017-09-18,2708,2017-05-14,1359,75635,,7,5,6,2708,0,0,0,,0,,"NORTH MAIN ST","MASSA ST",450.00,N,N,B,-,N,,,,,,,,,,Y,3,0,1,2,C,-,18,,,N,A,E,A,A,H,-,A,D,0,,,,,Y,,-,"- ",0,1,0,0,0,0,0,0,0,"- ","- ",,,MONTEREY,SALINAS,-121.65633893,36.726996
8446490,2017,2018-05-08,2703,2017-08-26,0643,9221,2703,6,5,2,2703,0,0,0,,0,ALL,"5TH ST","RT 101",219.00,E,N,A,-,N,,,,,,,,,,N,4,0,1,2,A,-,09,21801,A,N,H,C,A,A,H,-,A,D,0,,,,,Y,,A,01,0,0,1,0,0,0,0,0,0,"- ","- ",,,MONTEREY,GONZALES,-121.43754,36.51332
8447770,2017,2018-06-12,2708,2017-07-30,1342,66372,MUNIC,7,5,6,2708,0,0,0,,0,009,"SOUTH MAIN ST","JOHN ST",0.00,,Y,A,-,Y,MON,5,68,-,-,21.074,I,5,E,Y,2,0,1,2,A,-,12,21453,A,N,D,C,A,A,H,-,A,A,0,,,,,Y,,-,,1,0,0,0,0,0,0,0,0,"- ","- ",,,MONTEREY,SALINAS,-121.65481692,36.671073319999998
8447841,2017,2018-06-25,2710,2017-08-15,1549,33362,,2,5,4,2710,0,0,0,,0,02A,"CANYON DEL REY BL","FRANCIS AV",0.00,,Y,A,-,Y,MON,5,218,-,L,0.160,H,-,E,N,4,0,1,2,A,-,03,22350,,N,C,C,A,A,H,-,A,D,0,,,Y,,Y,,A,01,0,0,1,0,0,0,0,0,1,"- ","- ",,,MONTEREY,SEASIDE,-121.85695767999999,36.60858812
8448126,2017,2017-09-25,2706,2017-08-23,1426,114,MPD,3,5,4,2706,0,0,0,,0,001,"LIGHTHOUSE AV","PRESCOTT AV",70.00,S,N,B,-,N,,,,,,,,,,Y,4,0,1,2,A,-,08,22107,,N,C,C,A,A,H,-,A,D,0,,,,,Y,,A,07,0,0,1,0,0,0,0,0,0,"- ","- ",,,MONTEREY,MONTEREY,-121.90255491000001,36.614551480000003
8448130,2017,2017-09-20,2706,2017-09-06,0937,103,,3,5,4,2706,0,0,0,,0,001,"DAVID AV","JESSIE ST",64.00,E,N,A,-,N,,,,,,,,,,Y,3,0,1,2,A,-,08,22107,,N,C,E,A,A,H,-,A,D,0,,,,,Y,,D,22,0,1,0,0,0,0,0,0,0,"- ","- ",,,MONTEREY,MONTEREY,-121.91990326,36.609520850000003
8448381,2017,2017-09-25,2706,2017-08-17,1734,315,MPD,4,5,4,2706,0,0,0,,0,002,"IRVING AV","CYPRESS AV",0.00,,Y,A,-,N,,,,,,,,,,Y,4,0,1,2,A,-,12,22450,A,N,D,D,A,A,H,-,A,A,0,,,,,Y,,A,01,0,0,1,0,0,0,0,0,0,"- ","- ",,,MONTEREY,MONTEREY,-121.91143992000001,36.611530039999998
8448385,2017,2017-09-25,2706,2017-08-23,1704,395,2706,3,5,4,2706,0,0,0,,0,002,"DEL MONTE AV","FIGUEROA ST",0.00,,Y,B,-,N,,,,,,,,,,Y,4,0,1,2,A,-,11,21950,B,N,G,-,B,A,H,-,A,A,0,Y,,,,Y,,N,60,0,0,1,0,1,0,0,0,0,"- ","- ",,,MONTEREY,MONTEREY,-121.8900399,36.600260069999997
8448389,2017,2018-06-25,2706,2017-08-29,0826,142,MPD,2,5,4,2706,0,0,0,,0,003,"RT 68","JOSSELYN CANYON RD",0.00,W,N,B,-,Y,MON,5,68,-,-,5.120,H,-,E,Y,4,0,3,3,C,-,18,,,N,C,C,A,A,H,-,A,D,0,,,,,Y,,-,"- ",0,0,3,0,0,0,0,0,0,"- ","- ",,,MONTEREY,MONTEREY,-121.85717983000001,36.583762649999997
8448393,2017,2017-09-25,2706,2017-08-26,1139,121,MPD,6,5,4,2706,0,0,0,,0,001,"DAVID AV","HAWTHORNE ST",11.00,E,N,A,-,N,,,,,,,,,,N,3,0,1,2,A,-,17,21451,A,N,D,G,A,A,H,-,A,A,0,,Y,,,Y,,A,07,0,1,0,0,0,0,1,0,0,"- ","- ",,,MONTEREY,MONTEREY,-121.90535755000001,36.616395140000002
90707590,2018,2018-04-17,9735,2018-04-16,1510,017257,,1,2,9,2700,0,1,2,,2,043,"US 101 NORTBHBOUND","SAN ARDO UNDERCROSSING",10560.00,N,N,F,-,Y,,,,,,,,,,Y,4,0,1,1,A,-,03,22350,,N,F,A,A,C,H,-,A,D,0,,,,,Y,,A,01,0,0,1,0,0,0,0,0,0,"- ","- ",36.067409515380859,-120.98574066162109,MONTEREY,UNINCORPORATED,,
90708319,2018,2018-04-18,9730,2018-04-12,1640,018810,,4,2,9,2700,0,1,3,,1,074,SR-1,"JENSEN ROAD",2640.00,N,N,B,-,Y,,,1,,,,,,,Y,4,0,1,1,C,-,18,,,N,E,I,A,A,H,-,A,D,0,,,,,Y,,-,"- ",0,0,1,0,0,0,0,0,0,"- ","- ",36.861091613769531,-121.77131652832031,MONTEREY,UNINCORPORATED,-121.77108764648438,36.861091613769531
90708360,2018,2018-04-18,9730,2018-04-16,1657,018350,,1,2,6,2708,0,1,2,,1,050,"US-101 N/B","SHERWOOD DRIVE",60.00,N,N,B,-,Y,,,101,,,,,,N,Y,4,0,1,2,A,-,03,22350,,N,D,C,A,A,H,-,A,D,0,,,,,Y,,D,22,0,0,1,0,0,0,0,0,0,"- ","- ",36.68511962890625,-121.64865112304688,MONTEREY,SALINAS,-121.648681640625,36.68505859375
90708918,2018,2018-04-19,9730,2018-04-13,0815,019569,,5,1,9,2700,0,2,4,,1,073,"HALL RD","PINI RD",220.00,W,N,A,-,N,,,,,,,,,,Y,4,0,3,5,A,-,03,22350,,N,C,C,A,A,H,-,A,D,0,,,,,Y,,A,07,0,0,3,0,0,0,0,0,0,"- ","- ",36.864181518554688,-121.71806335449219,MONTEREY,UNINCORPORATED,-121.71749114990234,36.864116668701172
90709055,2018,2018-04-19,9730,2018-04-14,2159,020990,,6,2,9,2700,0,1,2,,1,050,"US-101 NORTHBOUND","JOHN STREET",1700.00,S,N,A,-,Y,,,,,,,,,,Y,2,0,1,1,A,-,01,23152,A,N,E,I,A,A,H,-,C,D,0,,,,,Y,Y,D,22,1,0,0,0,0,0,0,0,0,"- ","- ",36.668609619140625,-121.63379669189453,MONTEREY,UNINCORPORATED,-121.63391876220703,36.668586730957031
90709065,2018,2018-04-19,9730,2018-04-14,1233,019569,,6,1,9,2700,0,1,2,,1,070,"US-101 S/B",SR-156,1584.00,N,N,A,-,Y,,,101,,,,,,S,Y,4,0,1,3,A,-,03,22350,,N,C,C,A,A,H,-,A,D,0,,,,,Y,,A,01,0,0,1,0,0,0,0,0,0,"- ","- ",36.794391632080078,-121.66670989990234,MONTEREY,UNINCORPORATED,-121.66666412353516,36.794380187988281
90709091,2018,2018-04-19,9730,2018-04-14,1340,020208,,6,1,9,2700,0,1,3,,2,062,"SR-1 S/B","TIOGA AVENUE",200.00,N,N,A,-,Y,,,,,,,,,,Y,3,0,1,2,A,-,03,22350,,N,C,C,A,A,H,-,A,D,0,,,,,Y,,A,01,0,1,0,0,0,0,0,0,0,"- ","- ",36.6185302734375,-121.84884643554688,MONTEREY,UNINCORPORATED,-121.84852600097656,36.618301391601562
90709113,2018,2018-04-19,9735,2018-04-12,0842,017681,,4,1,9,2700,0,1,2,,1,041,"US-101 SOUTHBOUND","HOBSON AVE",11.00,S,N,A,-,Y,,,101,,,,,,S,Y,3,0,1,2,A,-,09,21804,A,N,D,C,A,A,H,-,A,A,0,,,,,Y,,A,01,0,1,0,0,0,0,0,0,0,"- ","- ",36.276058197021484,-121.18549346923828,MONTEREY,UNINCORPORATED,-121.18556213378906,36.276016235351562
90709176,2018,2018-04-19,9730,2018-04-15,1440,020931,,7,2,9,2700,0,1,3,,1,074,SR-1,"SPRINGFIELD ROAD",1056.00,N,N,A,-,Y,,,1,,,,,,,Y,3,0,1,1,A,-,03,22350,,N,F,A,A,A,H,-,A,D,0,,,Y,,Y,,C,02,0,1,0,0,0,0,0,0,1,"- ","- ",36.842121124267578,-121.77120971679688,MONTEREY,UNINCORPORATED,-121.77108001708984,36.842121124267578
90709223,2018,2018-04-19,9730,2018-04-14,2130,021707,,6,2,9,2700,0,2,4,,1,073,"PORTER DRIVE","SALINAS RD",220.00,N,N,A,-,N,,,,,,,,,,Y,4,0,2,2,A,-,03,22350,,N,C,C,A,A,H,-,C,D,0,,,,,Y,,A,01,0,0,2,0,0,0,0,0,0,"- ","- ",36.903110504150391,-121.74904632568359,MONTEREY,UNINCORPORATED,-121.74892425537109,36.902996063232422
90710090,2018,2018-04-20,9735,2018-04-14,2055,020894,,6,2,3,2704,0,1,2,,1,040,"US-101 NORTHBOUND","OAK AVE",185.00,N,N,A,-,Y,,,101,,,,,,N,Y,2,0,4,3,A,-,01,23152,A,N,A,C,A,A,H,-,D,D,0,,,,,Y,Y,A,01,1,3,0,0,0,0,0,0,0,"- ","- ",36.324031829833984,-121.23827362060547,MONTEREY,GREENFIELD,-121.23828125,36.324020385742188
8448820,2017,2017-09-14,2706,2017-08-31,2204,810,MPD,4,5,4,2706,0,0,0,,0,003,"GARDEN RD","SKYPARK WY",1056.00,W,N,A,-,N,,,,,,,,,,N,3,0,1,1,A,-,03,22350,,N,H,I,A,A,H,-,C,D,0,,Y,,,Y,,L,04,0,1,0,0,0,0,1,0,0,"- ","- ",,,MONTEREY,MONTEREY,-121.86311116,36.587153270000002
8448850,2017,2017-09-18,2706,2017-09-02,1708,129,MPD,6,5,4,2706,0,0,0,,0,003,"MARK THOMAS DR","SLOAT AV",0.00,,Y,A,-,N,,,,,,,,,,Y,3,0,2,2,A,-,09,21801,A,N,A,C,A,A,H,-,A,A,0,,,,,Y,,A,01,0,2,0,0,0,0,0,0,0,"- ","- ",,,MONTEREY,MONTEREY,-121.87712999,36.592810010000001
8448870,2017,2017-09-18,2706,2017-09-05,1726,129,MPD,2,5,4,2706,0,0,0,,0,001,"ENGLISH AV","DEL MONTE AV",62.00,S,N,A,-,N,,,,,,,,,,Y,3,0,4,2,A,-,03,22350,,N,C,C,A,A,H,-,A,D,0,,,,,Y,Y,A,01,0,1,3,0,0,0,0,0,0,"- ","- ",,,MONTEREY,MONTEREY,-121.86059767,36.604681579999998
8450388,2017,2017-09-30,2710,2017-08-03,2003,38145,,4,5,4,2710,0,0,0,,0,002,"FREMONT BL","BROADWAY AV",0.00,,Y,A,-,N,,,,,,,,,,Y,3,0,2,2,A,-,01,23153,A,N,D,C,A,A,H,-,A,A,0,,,,,Y,Y,-,,0,1,1,0,0,0,0,0,0,"- ","- ",,,MONTEREY,SEASIDE,-121.84564992999999,36.609160009999997
8450429,2017,2017-09-30,2706,2017-09-11,1701,626,,1,5,4,2706,0,0,0,,0,003,"DEL MONTE AV","CASA VERDE WY",287.00,W,N,A,-,N,,,,,,,,,,N,4,0,1,2,A,-,03,22350,,N,C,C,A,A,H,-,A,D,0,,,,,Y,,A,07,0,0,1,0,0,0,0,0,0,"- ","- ",,,MONTEREY,MONTEREY,-121.86746065,36.601705619999997
8450433,2017,2017-09-30,2711,2017-08-11,1949,1356,,5,5,3,2711,0,0,0,,0,001,"FRONT ST","FRONT ST 34056",0.00,,N,A,-,N,,,,,,,,,,N,4,0,1,2,A,-,"- ",,,N,G,B,E,A,B,-,A,D,0,Y,,,,Y,,N,60,0,0,1,0,1,0,0,0,0,"- ","- ",,,MONTEREY,SOLEDAD,,
8450437,2017,2017-09-30,2711,2017-08-19,1139,3620,2711,6,5,3,2711,0,0,0,,0,001,"FRONT ST","ENCINAL ST",0.00,,Y,A,-,N,,,,,,,,,,N,4,0,1,2,A,-,08,22100,B,N,D,C,A,A,H,-,A,A,0,,,,,Y,,A,01,0,0,1,0,0,0,0,0,0,"- ","- ",,,MONTEREY,SOLEDAD,-121.33027998,36.42749001
8450656,2017,2017-10-07,2706,2017-09-13,1205,315,2706,3,5,4,2706,0,0,0,,0,002,"ABREGO ST","EL DORADO ST",320.00,N,N,A,-,N,,,,,,,,,,N,4,0,1,2,A,-,08,22102,,N,B,C,A,A,H,-,A,D,0,,,,,Y,,A,01,0,0,1,0,0,0,0,0,0,"- ","- ",,,MONTEREY,MONTEREY,-121.89279491000001,36.593476459999998
8450660,2017,2017-10-07,2706,2017-09-08,1054,315,MPD,5,5,4,2706,0,0,0,,0,002,"FREMONT ST","FREMONT ST 980",0.00,,N,A,-,N,,,,,,,,,,N,4,0,1,2,B,-,22,,,N,D,C,A,A,H,-,A,D,0,,,Y,,Y,,-,"- ",0,0,1,0,0,0,0,0,0,"- ","- ",,,MONTEREY,MONTEREY,,
8451092,2017,2018-06-25,2706,2017-09-13,1526,505,3706,3,5,4,2706,0,0,0,,0,003,"RT 68","RT 218",1932.00,W,N,A,-,Y,MON,5,68,-,-,6.440,H,-,W,Y,3,0,2,2,A,-,03,22350,,N,C,C,A,A,H,-,A,D,0,,,,,Y,,A,07,0,1,1,0,0,0,0,0,0,"- ","- ",,,MONTEREY,MONTEREY,-121.83487835,36.581129369999999
8451443,2017,2017-09-15,2708,2017-07-08,1611,34278,,6,5,6,2708,0,0,0,,0,,"WILLIAMS RD","EAST LAUREL DR",0.00,,Y,A,-,N,,,,,,,,,,Y,3,0,1,2,A,-,09,21801,A,N,D,C,A,A,H,-,A,A,0,,,,,Y,,-,,0,1,0,0,0,0,0,0,0,"- ","- ",,,MONTEREY,SALINAS,-121.61439994,36.675450009999999
8451447,2017,2017-10-13,2708,2017-07-29,1518,04113,,6,5,6,2708,0,0,0,,0,,"LESLIE DR","MARIN AV",0.00,,Y,A,-,N,,,,,,,,,,Y,4,0,2,2,A,-,09,21802,A,N,D,C,A,A,H,-,A,D,0,,,,,Y,,-,,0,0,2,0,0,0,0,0,0,"- ","- ",,,MONTEREY,SALINAS,-121.63126999000001,36.705750080000001
90710501,2018,2018-04-23,9730,2018-04-14,2015,020208,,6,2,9,2700,0,1,3,,1,022,SR-1,"AURORA DEL MAR",3274.00,S,N,A,-,Y,,,1,,,,,,,Y,4,0,2,2,A,-,09,21801,A,N,B,C,A,A,H,-,B,D,0,,,,,Y,,A,01,0,0,2,0,0,0,0,0,0,"- ","- ",36.471450805664062,-121.93463897705078,MONTEREY,UNINCORPORATED,-121.93463897705078,36.471450805664062
90710506,2018,2018-04-23,9730,2018-04-15,1510,021396,,7,2,9,2700,0,3,5,,2,003,"RIVER ROAD","PARKER ROAD",4224.00,S,N,A,-,N,,,,,,,,,,Y,3,0,1,2,A,-,08,22107,,N,C,E,A,A,H,-,A,D,0,,,,,Y,,A,01,0,1,0,0,0,0,0,0,0,"- ","- ",36.580890655517578,-121.59461212158203,MONTEREY,UNINCORPORATED,-121.59434509277344,36.580684661865234
90710524,2018,2018-04-23,9730,2018-04-15,2304,021320,,7,3,9,2700,0,3,5,,2,003,"CHUALAR RIVER ROAD","FOLETTA ROAD",1056.00,N,N,B,-,N,,,,,,,,,,N,3,0,1,1,A,-,03,22350,,N,E,I,A,B,H,-,D,D,0,,,,,Y,,A,01,0,1,0,0,0,0,0,0,0,"- ","- ",36.568649291992188,-121.51911163330078,MONTEREY,UNINCORPORATED,-121.51879119873047,36.567989349365234
90711887,2018,2018-04-24,9730,2018-04-16,0025,021320,,1,3,9,2700,0,3,5,,2,006,"BLACKIE ROAD","PRUNEDALE SOUTH ROAD",380.00,W,N,B,-,N,,,,,,,,,,Y,3,0,1,1,A,-,01,23152,F,N,F,A,A,B,H,-,C,D,0,,,,,Y,,A,01,0,1,0,0,0,0,0,0,0,"- ","- ",36.775279998779297,-121.67307281494141,MONTEREY,UNINCORPORATED,-121.67293548583984,36.775245666503906
90711916,2018,2018-04-24,9730,2018-04-16,1650,021888,,1,2,9,2700,0,2,4,,1,073,"HALL ROAD","104 HALL ROAD",15.00,E,N,A,-,N,,,,,,,,,,Y,4,0,2,2,A,-,09,21804,A,N,D,C,A,A,H,-,A,D,0,,,,,Y,,A,01,0,0,2,0,0,0,0,0,0,"- ","- ",36.866100311279297,-121.73880767822266,MONTEREY,UNINCORPORATED,,
90711955,2018,2018-04-24,9730,2018-04-16,0625,017785,,1,1,9,2700,0,3,5,,2,004,"OLD STAGE ROAD","CHUALAR CANYON ROAD",85.00,N,N,B,-,N,,,,,,,,,,Y,4,0,1,3,A,-,03,22350,,N,E,I,A,B,H,-,A,D,0,,,,,Y,,A,01,0,0,1,0,0,0,0,0,0,"- ","- ",36.576648712158203,-121.49427795410156,MONTEREY,UNINCORPORATED,-121.49430084228516,36.576683044433594
90711962,2018,2018-04-24,9730,2018-04-16,1930,021396,,1,2,9,2700,0,1,2,,1,030,"N/B US-101","CORRECTIONAL TRAINING FACILITY",5280.00,N,N,C,-,Y,,,101,,,,,,,Y,4,0,1,1,A,-,08,22107,,N,F,A,A,B,H,-,D,D,0,,,,Y,Y,,G,25,0,0,1,0,0,0,0,0,0,"- ","- ",36.473968505859375,-121.40218353271484,MONTEREY,UNINCORPORATED,-121.4022216796875,36.473899841308594
90712158,2018,2018-04-24,9730,2018-04-16,1115,018543,,1,1,9,2700,0,1,3,,1,022,SR-1,"RIO ROAD",620.00,S,N,C,-,Y,,,1,,,,,,,N,3,0,2,3,A,-,03,22350,,N,C,C,A,B,D,-,A,D,0,,,,,Y,,A,07,0,2,0,0,0,0,0,0,0,"- ","- ",36.537799835205078,-121.91134643554688,MONTEREY,UNINCORPORATED,-121.91136169433594,36.537803649902344
90712166,2018,2018-04-24,9730,2018-04-16,0630,020391,,1,1,9,2700,0,1,2,,1,070,"US-101 NORTHBOUND","DUNBARTON RD",1000.00,S,N,B,-,Y,,,101,,,,,,N,Y,3,0,1,2,A,-,03,22350,,N,C,C,A,B,H,-,B,D,0,,,,,Y,,A,01,0,1,0,0,0,0,0,0,0,"- ","- ",36.84259033203125,-121.63339996337891,MONTEREY,UNINCORPORATED,-121.63336181640625,36.842609405517578
90712187,2018,2018-04-24,9730,2018-04-17,2330,020677,,2,3,9,2700,0,1,3,,1,068,SR-68,"PASADERA DRIVE",0.00,,Y,A,-,Y,,,68,,,,,,,Y,4,0,1,1,A,-,08,22107,,N,E,I,A,A,H,-,C,A,0,,,,,Y,,A,01,0,0,1,0,0,0,0,0,0,"- ","- ",36.568088531494141,-121.77861022949219,MONTEREY,UNINCORPORATED,-121.778564453125,36.567623138427734
90712327,2018,2018-04-24,9730,2018-04-18,0826,016666,,3,1,9,2700,0,1,3,,1,024,"SR-68 W/B","SR-1 S/B",0.00,,Y,A,-,Y,,,68,,,,,,W,Y,4,0,1,2,A,-,09,21803,A,N,D,C,A,A,H,-,A,A,0,,,,,Y,,D,22,0,0,1,0,0,0,0,0,0,"- ","- ",36.5755615234375,-121.91290283203125,MONTEREY,UNINCORPORATED,-121.91304016113281,36.575431823730469
90712601,2018,2018-04-25,9730,2018-04-19,0649,015160,,4,1,9,2700,0,1,3,,1,066,"MERRITT STREET (SR-183)","SR-156 EASTBOUND ON RAMP",0.00,,Y,A,-,Y,,,183,,,,,,,Y,3,0,1,2,A,-,17,21451,A,N,D,C,A,A,H,-,A,A,0,,,,,Y,,D,22,0,1,0,0,0,0,0,0,0,"- ","- ",36.761398315429688,-121.75155639648438,MONTEREY,UNINCORPORATED,-121.75178527832031,36.761112213134766
90712615,2018,2018-04-25,9730,2018-04-17,0755,018543,,2,1,9,2700,0,2,4,,2,063,"BLANCO ROAD","ARMSTRONG ROAD",2112.00,W,N,A,-,N,,,,,,,,,,Y,2,0,1,2,A,-,03,22350,,N,C,C,A,A,H,-,A,D,0,,,,,Y,,A,01,1,0,0,0,0,0,0,0,0,"- ","- ",36.678611755371094,-121.71439361572266,MONTEREY,UNINCORPORATED,-121.71512603759766,36.6787109375
90712616,2018,2018-04-25,9735,2018-04-23,1724,020335,,1,2,9,2700,0,3,5,,2,002,"NACIMIENTO LAKE DR","JOLON RD",16896.00,S,N,A,-,N,,,,,,,,,,Y,4,0,1,1,A,-,08,22107,,N,E,J,A,A,H,-,A,D,0,,,,,Y,,A,01,0,0,1,0,0,0,0,0,0,"- ","- ",35.830680847167969,-120.84513092041016,MONTEREY,UNINCORPORATED,-120.84489440917969,35.828765869140625
90712692,2018,2018-04-25,9730,2018-04-19,1525,019529,,4,2,9,2700,0,2,4,,2,063,"BLANCO ROAD","ARMSTRONG ROAD",600.00,E,N,A,-,N,,,,,,,,,,Y,4,0,1,2,A,-,03,22350,,N,C,C,A,A,H,-,A,D,0,,,,,Y,,A,01,0,0,1,0,0,0,0,0,0,"- ","- ",36.677791595458984,-121.70448303222656,MONTEREY,UNINCORPORATED,-121.70590209960938,36.678424835205078
90712740,2018,2018-04-25,9730,2018-04-21,0200,020933,,6,3,9,2700,0,3,5,,2,002,"RIO VISTA DR","PUNTA VISTA",120.00,W,N,A,-,N,,,,,,,,,,Y,3,0,1,1,A,-,01,23152,A,M,E,I,A,A,H,-,D,D,0,,,,,Y,Y,D,22,0,1,0,0,0,0,0,0,0,"- ","- ",36.545078277587891,-121.90168762207031,MONTEREY,UNINCORPORATED,-121.90218353271484,36.545604705810547
90712774,2018,2018-04-25,9730,2018-04-23,0910,017785,,1,1,9,2700,0,1,3,,1,068,SR-68,"LAURELES GRADE",80.00,E,N,A,-,Y,,,68,,,,,,,Y,4,0,1,2,A,-,03,22350,,N,C,C,A,A,H,-,A,A,0,,,,,Y,,D,22,0,0,1,0,0,0,0,0,0,"- ","- ",36.569709777832031,-121.75504302978516,MONTEREY,UNINCORPORATED,-121.75505065917969,36.569606781005859
90712830,2018,2018-04-25,9730,2018-04-20,1628,021707,,5,2,9,2700,0,2,4,,1,073,"SALINAS ROAD","TRAFTON ROAD",0.00,,Y,A,-,N,,,,,,,,,,N,4,0,1,2,A,-,09,21802,A,N,D,C,A,A,H,-,A,D,0,,,,,Y,,D,22,0,0,1,0,0,0,0,0,0,"- ","- ",36.886669158935547,-121.74739074707031,MONTEREY,UNINCORPORATED,-121.74710845947266,36.886791229248047