CASE_ID,ACCIDENT_YEAR,PROC_DATE,JURIS,COLLISION_DATE,COLLISION_TIME,OFFICER_ID,REPORTING_DISTRICT,DAY_OF_WEEK,CHP_SHIFT,POPULATION,CNTY_CITY_LOC,SPECIAL_COND,BEAT_TYPE,CHP_BEAT_TYPE,CITY_DIVISION_LAPD,CHP_BEAT_CLASS,BEAT_NUMBER,PRIMARY_RD,SECONDARY_RD,DISTANCE,DIRECTION,INTERSECTION,WEATHER_1,WEATHER_2,STATE_HWY_IND,CALTRANS_COUNTY,CALTRANS_DISTRICT,STATE_ROUTE,ROUTE_SUFFIX,POSTMILE_PREFIX,POSTMILE,LOCATION_TYPE,RAMP_INTERSECTION,SIDE_OF_HWY,TOW_AWAY,COLLISION_SEVERITY,NUMBER_KILLED,NUMBER_INJURED,PARTY_COUNT,PRIMARY_COLL_FACTOR,PCF_CODE_OF_VIOL,PCF_VIOL_CATEGORY,PCF_VIOLATION,PCF_VIOL_SUBSECTION,HIT_AND_RUN,TYPE_OF_COLLISION,MVIW,PED_ACTION,ROAD_SURFACE,ROAD_COND_1,ROAD_COND_2,LIGHTING,CONTROL_DEVICE,CHP_ROAD_TYPE,PEDESTRIAN_ACCIDENT,BICYCLE_ACCIDENT,MOTORCYCLE_ACCIDENT,TRUCK_ACCIDENT,NOT_PRIVATE_PROPERTY,ALCOHOL_INVOLVED,STWD_VEHTYPE_AT_FAULT,CHP_VEHTYPE_AT_FAULT,COUNT_SEVERE_INJ,COUNT_VISIBLE_INJ,COUNT_COMPLAINT_PAIN,COUNT_PED_KILLED,COUNT_PED_INJURED,COUNT_BICYCLIST_KILLED,COUNT_BICYCLIST_INJURED,COUNT_MC_KILLED,COUNT_MC_INJURED,PRIMARY_RAMP,SECONDARY_RAMP,LATITUDE,LONGITUDE,COUNTY,CITY,POINT_X,POINT_Y
90713707,2018,2018-04-26,9730,2018-04-24,1447,020208,,2,2,9,2700,0,1,2,,1,050,"US-101 S/B","GOULD ROAD",7392.00,N,N,A,-,Y,,,101,,,,,,S,N,4,0,1,2,A,-,03,22350,,N,C,C,A,A,G,-,A,D,0,,,,,Y,,A,01,0,0,1,0,0,0,0,0,0,"- ","- ",36.641269683837891,-121.60624694824219,MONTEREY,UNINCORPORATED,-121.60624694824219,36.641277313232422
90715285,2018,2018-04-27,9730,2018-04-18,0419,019239,,3,3,9,2700,0,1,2,,1,050,"US-101 NB","AIRPORT BLVD O.C.",8976.00,S,N,A,-,Y,,,101,,,,,,N,N,4,0,1,1,A,-,08,22107,,N,E,I,A,A,H,-,D,D,0,,,,Y,Y,,G,25,0,0,1,0,0,0,0,0,0,"- ","- ",36.640590667724609,-121.60488128662109,MONTEREY,UNINCORPORATED,-121.60490417480469,36.640556335449219
90716201,2018,2018-04-30,9730,2018-04-22,1630,020208,,7,2,9,2700,0,1,3,,1,072,SR-156,"MOTE DEL LAGO",85.00,W,N,A,-,Y,,,156,,,,,,,Y,4,0,1,2,A,-,03,22350,,N,C,C,A,A,H,-,A,D,0,,,,,Y,,A,01,0,0,1,0,0,0,0,0,0,"- ","- ",36.771171569824219,-121.7340087890625,MONTEREY,UNINCORPORATED,-121.7340087890625,36.771152496337891
90716229,2018,2018-04-30,9730,2018-04-22,1850,020208,,7,2,9,2700,0,1,3,,1,072,SR-156,"CASTROVILLE BLVD",173.00,E,N,A,-,Y,,,156,,,,,,,Y,4,0,4,3,A,-,03,22350,,N,C,A,A,A,H,-,A,D,0,,,,,Y,,A,01,0,0,4,0,0,0,0,0,0,"- ","- ",36.768470764160156,-121.74244689941406,MONTEREY,UNINCORPORATED,-121.74245452880859,36.768486022949219
90716247,2018,2018-04-30,9730,2018-04-23,0810,017785,,1,1,9,2700,0,3,5,,2,006,"DAVIS ROAD","AMBROSE DRIVE",80.00,S,N,A,-,N,,,,,,,,,,Y,3,0,1,3,A,-,03,22350,,N,C,C,A,A,H,-,A,D,0,,,,,Y,,A,01,0,1,0,0,0,0,0,0,0,"- ","- ",36.668880462646484,-121.68344879150391,MONTEREY,UNINCORPORATED,-121.68315887451172,36.6690673828125
90716349,2018,2018-04-30,9730,2018-04-22,1623,020899,,7,2,6,2708,0,3,5,,2,006,"DAVIS ROAD","CENTRAL AVENUE",1056.00,N,N,A,-,N,,,,,,,,,,Y,4,0,1,1,A,-,03,22350,,N,E,I,A,A,H,-,A,D,0,,,,,Y,,A,01,0,0,1,0,0,0,0,0,0,"- ","- ",36.67919921875,-121.67459869384766,MONTEREY,SALINAS,-121.67503356933594,36.678752899169922
90716367,2018,2018-04-30,9730,2018-04-22,2040,021707,,7,2,9,2700,0,3,5,,2,005,"RUSSELL ROAD","HARRISON ROAD",60.00,E,N,A,-,N,,,,,,,,,,Y,4,0,1,3,A,-,01,23152,A,M,C,C,A,A,H,-,C,D,0,,,,,Y,Y,A,01,0,0,1,0,0,0,0,0,0,"- ","- ",36.734348297119141,-121.65589904785156,MONTEREY,UNINCORPORATED,-121.65601348876953,36.734382629394531
90716590,2018,2018-04-30,9730,2018-04-22,2008,021407,,7,2,9,2700,0,1,2,,1,070,"US-101 S/B","TUSTIN ROAD",2640.00,N,N,A,-,Y,,,101,,,,,,S,Y,4,0,1,2,A,-,03,22350,,N,C,C,A,A,H,-,C,D,0,,,,,Y,,A,01,0,0,1,0,0,0,0,0,0,"- ","- ",36.808799743652344,-121.64620208740234,MONTEREY,UNINCORPORATED,-121.64615631103516,36.808753967285156
90716713,2018,2018-04-30,9730,2018-04-25,0530,017785,,3,3,9,2700,0,1,2,,1,030,"US-101 NORTHBOUND","FRONT STREET",190.00,S,N,A,-,Y,,,101,,,,,,N,Y,4,0,1,1,A,-,07,21658,A,N,E,I,A,A,H,-,D,D,0,,,,,Y,,A,01,0,0,1,0,0,0,0,0,0,"- ","- ",36.43109130859375,-121.33701324462891,MONTEREY,UNINCORPORATED,-121.33696746826172,36.431102752685547
90716721,2018,2018-04-30,9730,2018-04-25,0531,017785,,3,3,9,2700,0,1,2,,1,030,"US-101 NORTHBOUND","FRONT STREET",170.00,S,N,A,-,Y,,,101,,,,,,N,Y,4,0,1,3,A,-,03,22350,,N,E,I,A,A,H,-,C,D,0,,,,,Y,,A,07,0,0,1,0,0,0,0,0,0,"- ","- ",36.43109130859375,-121.33701324462891,MONTEREY,UNINCORPORATED,-121.33696746826172,36.431102752685547
90717080,2018,2018-05-01,9730,2018-04-26,0702,018298,,4,1,9,2700,0,2,4,,1,075,"SAN JUAN RD.","SAN MIGUEL CANYON RD.",3168.00,W,N,B,-,N,,,,,,,,,,Y,4,0,1,2,A,-,03,22350,,N,C,C,A,A,H,-,A,D,0,,,,,Y,,D,22,0,0,1,0,0,0,0,0,0,"- ","- ",36.902988433837891,-121.69999694824219,MONTEREY,UNINCORPORATED,-121.70066833496094,36.903224945068359
90717489,2018,2018-05-01,9730,2018-04-26,0025,020677,,4,3,9,2700,0,3,5,,2,005,"SAN JUAN GRADE RD.","368 SAN JUAN GRADE RD.",20.00,N,N,A,-,N,,,,,,,,,,Y,2,0,1,1,A,-,01,23152,A,N,E,I,A,A,H,-,C,D,0,,,Y,,Y,Y,C,02,1,0,0,0,0,0,0,0,1,"- ","- ",36.736728668212891,-121.63533020019531,MONTEREY,UNINCORPORATED,,
90717707,2018,2018-05-01,9730,2018-04-25,1245,017580,,3,1,9,2700,0,3,5,,2,007,"MAHER ROAD","LITTLE HILL LANE",306.00,S,N,A,-,N,,,,,,,,,,Y,2,0,6,2,A,-,05,21460,A,N,A,C,A,A,H,-,D,D,0,,,,,Y,,D,22,1,2,3,0,0,0,0,0,0,"- ","- ",36.852909088134766,-121.68070983886719,MONTEREY,UNINCORPORATED,-121.68074035644531,36.852943420410156
90718029,2018,2018-05-02,9735,2018-04-30,0630,020417,,1,1,9,2700,0,3,5,,2,001,"CENTRAL AVE","LAGOMARSINO AVE",2112.00,N,N,B,-,N,,,,,,,,,,Y,4,0,1,1,A,-,08,22107,,N,E,I,A,A,H,-,A,D,0,,,,,Y,,A,01,0,0,1,0,0,0,0,0,0,"- ","- ",36.277111053466797,-121.22718811035156,MONTEREY,UNINCORPORATED,-121.22712707519531,36.2772216796875
90718866,2018,2018-05-03,9730,2018-04-28,1430,020208,,6,2,9,2700,0,2,4,,1,023,"CARMEL VALLEY ROAD","DORRIS DRIVE",0.00,,Y,A,-,N,,,,,,,,,,Y,4,0,4,2,A,-,09,21802,A,N,D,C,A,A,H,-,A,D,0,,,,,Y,,A,01,0,0,4,0,0,0,0,0,0,"- ","- ",36.523590087890625,-121.81002807617188,MONTEREY,UNINCORPORATED,-121.81004333496094,36.523708343505859
8451451,2017,2017-09-15,2708,2017-07-15,0043,74764,SALIN,6,5,6,2708,0,0,0,,0,007,"W ALISAL","COLLEGE DR",340.00,E,N,A,-,N,,,,,,,,,,N,3,0,2,1,A,-,03,22350,,N,A,I,A,A,H,-,C,D,0,,,,,Y,,-,,0,2,0,0,0,0,0,0,0,"- ","- ",,,MONTEREY,SALINAS,-121.66963355999999,36.67177272
8451455,2017,2017-09-15,2708,2017-07-22,1651,70843,,6,5,6,2708,0,0,0,,0,,"EAST MARKET ST","MERCED ST",198.00,E,N,A,-,N,,,,,,,,,,Y,4,0,1,3,A,-,03,22350,A,N,C,C,A,A,H,-,A,D,0,,,,,Y,,-,,0,0,1,0,0,0,0,0,0,"- ","- ",,,MONTEREY,SALINAS,-121.64172816,36.677848040000001
8451459,2017,2017-09-15,2708,2017-07-12,1341,17987,,3,5,6,2708,0,0,0,,0,,"NATIVIDAD RD","EAST LAUREL DR",0.00,,Y,A,-,N,,,,,,,,,,N,4,0,2,2,A,-,12,21453,A,N,A,C,A,A,H,-,A,A,0,,,,,Y,,A,01,0,0,2,0,0,0,0,0,0,"- ","- ",,,MONTEREY,SALINAS,-121.63828998,36.696330019999998
8451463,2017,2017-09-15,2708,2017-07-31,1855,72945,,1,5,6,2708,0,0,0,,0,,"EAST MARKET ST","NORTH PEARL ST",50.00,S,N,A,-,N,,,,,,,,,,N,4,0,1,2,A,-,04,21703,,N,C,C,A,A,H,-,A,B,0,,,,,Y,,-,,0,0,1,0,0,0,0,0,0,"- ","- ",,,MONTEREY,SALINAS,-121.63299087999999,36.676682380000003
8451893,2017,2017-09-19,2708,2017-03-31,1806,88215,SPD,5,5,6,2708,0,0,0,,0,,"W ALISAL ST","LINCOLN AV",0.00,,Y,A,-,N,,,,,,,,,,Y,3,0,1,2,A,-,00,21453,,N,D,C,A,A,H,-,A,A,0,,,,,Y,,-,,0,1,0,0,0,0,0,0,0,"- ","- ",,,MONTEREY,SALINAS,-121.65684994999999,36.673520089999997
8451901,2017,2017-09-19,2708,2017-03-19,2031,15945,,7,5,6,2708,0,0,0,,0,,"EAST MARKET ST","SHERWOOD DR",63.00,E,N,A,-,N,,,,,,,,,,N,2,0,1,3,A,-,04,21703,,F,C,B,-,A,H,-,C,A,0,Y,,,,Y,,-,,1,0,0,0,1,0,0,0,0,"- ","- ",,,MONTEREY,SALINAS,-121.64980789000001,36.678377670000003
8453896,2017,2017-10-16,2710,2017-08-01,1531,32771,,2,5,4,2710,0,0,0,,0,001,"FREMONT BL","AMADOR AV",0.00,,Y,A,-,N,,,,,,,,,,Y,4,0,2,2,A,-,09,21801,A,N,D,C,A,A,H,-,A,D,0,,,Y,,Y,,A,01,0,0,2,0,0,0,0,0,1,"- ","- ",,,MONTEREY,SEASIDE,-121.84676997,36.606970089999997
8455255,2017,2017-09-26,2710,2017-08-25,1450,38145,,5,5,4,2710,0,0,0,,0,002,"LASALLE AV","HARDING ST",68.00,E,N,A,-,N,,,,,,,,,,N,3,0,1,2,A,-,08,22107,,N,C,E,A,A,H,-,A,D,0,,,,,Y,,-,,0,1,0,0,0,0,0,0,0,"- ","- ",,,MONTEREY,SEASIDE,-121.83276823999999,36.616700000000002
8455263,2017,2017-09-26,2710,2017-08-18,2025,36057,,5,5,4,2710,0,0,0,,0,,"CANYON DEL REY BL","WILLIAMS AV",0.00,,Y,A,-,N,,,,,,,,,,N,2,0,1,2,A,-,11,21955,,N,G,B,D,A,H,-,C,D,0,Y,,,,Y,Y,N,60,1,0,0,0,1,0,0,0,0,"- ","- ",,,MONTEREY,SEASIDE,-121.85240988,36.600780100000001
8455267,2017,2017-09-26,2710,2017-08-18,1520,40399,,5,5,4,2710,0,0,0,,0,,"LIGHT FIGHTER DR","2ND AV",20.00,E,N,A,-,N,,,,,,,,,,N,4,0,2,2,A,-,08,22107,,N,B,C,A,A,H,-,A,A,0,,,,,Y,,-,,0,0,2,0,0,0,0,0,0,"- ","- ",,,MONTEREY,SEASIDE,-121.80966180999999,36.647930000000002
8457986,2017,2018-05-18,2704,2017-09-06,1340,0633,,3,5,3,2704,0,0,0,,0,002,"EL CAMINO REAL","TYLER AV",150.00,N,N,A,-,N,,,,,,,,,,N,4,0,2,3,A,-,04,21703,,N,C,C,A,A,H,-,A,A,0,,,,Y,Y,,F,26,0,0,2,0,0,0,0,0,0,"- ","- ",,,MONTEREY,GREENFIELD,-121.238829,36.316032210000003
8458197,2017,2017-10-03,2706,2017-09-05,1057,315,MPD,2,5,4,2706,0,0,0,,0,001,"LIGHTHOUSE AV","DAVID AV",0.00,,Y,A,-,N,,,,,,,,,,Y,4,0,1,2,A,-,03,22350,,N,C,C,A,A,H,-,A,A,0,,,,Y,Y,,A,01,0,0,1,0,0,0,0,0,0,"- ","- ",,,MONTEREY,MONTEREY,-121.90446993,36.616790039999998
90718900,2018,2018-05-03,9730,2018-04-27,1740,020931,,5,2,9,2700,0,1,3,,1,066,"MERRITT STREET","WASHINGTON STREET",0.00,,Y,A,-,Y,,,,,,,,,,N,4,0,4,2,A,-,09,21802,A,N,D,C,A,A,H,-,A,A,0,,,,,Y,,A,01,0,0,4,0,0,0,0,0,0,"- ","- ",36.769371032714844,-121.76291656494141,MONTEREY,UNINCORPORATED,-121.76294708251953,36.769359588623047
90719197,2018,2018-05-03,9730,2018-05-01,1315,017785,,2,1,6,2708,0,1,2,,1,050,"US-101 N/B","SANBORN ROAD",528.00,N,N,A,-,Y,,,101,,,,,,N,Y,4,0,1,1,A,-,08,22107,,N,E,I,A,A,H,-,A,D,0,,,,,Y,,A,07,0,0,1,0,0,0,0,0,0,"- ","- ",36.667800903320312,-121.63099670410156,MONTEREY,SALINAS,-121.63101196289062,36.667751312255859
90719587,2018,2018-05-03,9730,2018-04-26,2326,019127,,4,3,9,2700,0,1,2,,1,030,"US-101 N/B","POTTER ROAD",0.00,,Y,B,-,Y,,,101,,,,,,N,Y,2,0,2,2,A,-,09,21801,A,N,D,C,A,A,H,-,D,D,0,,,,,Y,,A,01,1,1,0,0,0,0,0,0,0,"- ","- ",36.60552978515625,-121.55682373046875,MONTEREY,UNINCORPORATED,-121.55686950683594,36.605464935302734
90720060,2018,2018-05-04,9730,2018-04-29,1638,020931,,7,2,9,2700,0,1,3,,1,066,SR-183,"COOPER ROAD",528.00,N,N,B,-,Y,,,183,,,,,,,Y,2,0,6,2,A,-,01,23152,A,F,A,C,A,A,H,-,A,D,0,,,,,Y,Y,D,22,1,5,0,0,0,0,0,0,0,"- ","- ",36.716098785400391,-121.71987915039062,MONTEREY,UNINCORPORATED,-121.71990203857422,36.716079711914062
90720133,2018,2018-05-04,9730,2018-04-29,1915,021888,,7,2,9,2700,0,3,5,,2,007,"ELKHORN ROAD","KIRBY ROAD",1320.00,N,N,A,-,N,,,,,,,,,,Y,4,0,1,1,A,-,01,23152,A,N,E,I,A,A,H,-,B,D,0,,,,,Y,Y,D,22,0,0,1,0,0,0,0,0,0,"- ","- ",36.778999328613281,-121.74880218505859,MONTEREY,UNINCORPORATED,-121.7464599609375,36.844570159912109
90720947,2018,2018-05-07,9730,2018-04-27,1225,016537,,5,1,9,2700,0,1,2,,1,050,"US-101 N/B","SPENCE RD.",0.00,,Y,A,-,Y,,,101,,,,,,N,Y,4,0,4,2,A,-,09,21802,A,N,A,C,A,A,H,-,A,D,0,,,,,Y,,M,58,0,0,4,0,0,0,0,0,0,"- ","- ",36.612819671630859,-121.56696319580078,MONTEREY,UNINCORPORATED,-121.56695556640625,36.612831115722656
90720955,2018,2018-05-07,9730,2018-04-28,0100,020970,,6,3,9,2700,0,3,5,,2,004,"IVERSON RD","JACKS RD",6864.00,E,N,A,-,N,,,,,,,,,,Y,3,0,1,1,A,-,03,22350,,N,E,A,A,A,H,-,D,D,0,,,,,Y,,A,01,0,1,0,0,0,0,0,0,0,"- ","- ",36.558250427246094,-121.44777679443359,MONTEREY,UNINCORPORATED,-121.4495849609375,36.558006286621094
90721294,2018,2018-05-07,9730,2018-04-30,1644,021407,,1,2,9,2700,0,3,5,,2,003,"ABBOTT STREET","HARRIS ROAD",1320.00,S,N,A,-,N,,,,,,,,,,Y,3,0,2,3,A,-,08,22107,,N,C,C,F,A,H,-,A,D,0,Y,,,,Y,,A,07,0,1,1,0,1,0,0,0,0,"- ","- ",36.641700744628906,-121.60780334472656,MONTEREY,UNINCORPORATED,-121.60860443115234,36.642284393310547
90721398,2018,2018-05-07,9730,2018-05-02,1320,015160,,3,1,9,2700,0,1,3,,1,066,SR-183,"ESPINOSA ROAD",0.00,,Y,A,-,Y,,,183,,,,,,,Y,3,0,1,2,A,-,08,22107,,N,A,C,A,A,H,-,A,A,0,,,,,Y,,A,01,0,1,0,0,0,0,0,0,0,"- ","- ",36.744949340820312,-121.74002075195312,MONTEREY,UNINCORPORATED,-121.740234375,36.744876861572266
90721868,2018,2018-05-08,9730,2018-04-28,1435,017184,,6,2,9,2700,0,1,3,,1,012,SR-1,"PARTINGTON CANYON",528.00,N,N,A,-,Y,,,1,,,,,,,N,3,0,1,1,A,-,03,22350,,N,F,A,A,A,H,-,A,A,0,,,Y,,Y,,C,02,0,1,0,0,0,0,0,0,1,"- ","- ",36.176689147949219,-121.69803619384766,MONTEREY,UNINCORPORATED,-121.69804382324219,36.176773071289062
90721990,2018,2018-05-16,9735,2018-03-13,0215,020841,,2,3,9,2700,0,1,2,,2,044,"US-101 N/B","PARIS VALLEY ROAD",1848.00,S,N,C,-,Y,,,101,,,,,,N,Y,1,1,0,1,A,-,08,22107,,N,F,A,A,B,H,-,D,D,0,,,,,Y,,A,01,0,0,0,0,0,0,0,0,0,"- ","- ",36.008449554443359,-120.91874694824219,MONTEREY,UNINCORPORATED,-120.91860198974609,36.008560180664062
90722377,2018,2018-05-08,9730,2018-05-01,1235,016666,,2,1,9,2700,0,1,3,,1,024,"SR-68/HOLMAN HIGHWAY","SCENIC DRIVE",7920.00,W,N,A,B,Y,,,68,,,,,,,Y,4,0,1,3,A,-,08,22107,,N,A,C,A,B,H,-,A,D,0,,,,,Y,,A,01,0,0,1,0,0,0,0,0,0,"- ","- ",36.591701507568359,-121.92250061035156,MONTEREY,UNINCORPORATED,-121.92256164550781,36.591724395751953
90723324,2018,2018-05-09,9730,2018-05-03,0734,015160,,4,1,9,2700,0,1,3,,2,062,"SR-1 SOUTHBOUND","IMJIN PARKWAY",300.00,S,N,B,-,Y,,,1,,,,,,S,N,4,0,1,3,A,-,07,21658,A,N,B,C,A,A,H,-,A,D,0,,,Y,,Y,,A,08,0,0,1,0,0,0,0,0,1,"- ","- ",36.667900085449219,-121.81417846679688,MONTEREY,UNINCORPORATED,-121.81412506103516,36.667865753173828
90723720,2018,2018-05-10,9730,2018-05-05,0730,020424,,6,1,9,2700,0,1,3,,1,066,SR-183,"MCFADDEN ROAD",528.00,N,N,B,-,Y,,,183,,,,,,,Y,2,0,3,2,A,-,03,22350,,N,C,C,A,A,H,-,A,D,0,,,,Y,Y,,A,01,1,2,0,0,0,0,0,0,0,"- ","- ",36.697528839111328,-121.70134735107422,MONTEREY,UNINCORPORATED,-121.70139312744141,36.697483062744141
90723920,2018,2018-06-07,9735,2018-04-29,1237,019700,,7,1,9,2700,0,1,2,,2,042,"US-101 NORTHBOUND","WILDHORSE ROAD",3960.00,S,N,A,-,Y,,,101,,,,,,N,Y,3,0,3,2,A,-,08,22107,,N,C,C,A,A,H,-,A,D,0,,,,,Y,,D,22,0,1,2,0,0,0,0,0,0,"- ","- ",36.178920745849609,-121.06356048583984,MONTEREY,UNINCORPORATED,-121.0635986328125,36.178897857666016
90723949,2018,2018-05-10,9730,2018-05-04,1522,019956,,5,2,9,2700,0,1,3,,1,022,SR-1,"MORSE DR",400.00,N,N,A,-,Y,,,1,,,,,,,Y,3,0,1,3,A,-,03,22350,,M,C,C,A,A,H,-,A,D,0,,,,,Y,,A,08,0,1,0,0,0,0,0,0,0,"- ","- ",36.553928375244141,-121.91094207763672,MONTEREY,UNINCORPORATED,-121.91085815429688,36.553943634033203
90723981,2018,2018-05-10,9735,2018-05-05,1050,020335,,6,1,9,2700,0,3,5,,2,002,"NACIMIENTO LAKE DR","VISTA RD",9504.00,N,N,A,-,N,,,,,,,,,,N,3,0,1,1,A,-,08,22107,,N,E,J,A,A,H,-,A,D,0,,Y,,,Y,,L,04,0,1,0,0,0,0,1,0,0,"- ","- ",35.808940887451172,-120.85568237304688,MONTEREY,UNINCORPORATED,-120.87230682373047,35.793659210205078
90724116,2018,2018-05-10,9735,2018-05-03,1220,017681,,4,1,9,2700,0,1,2,,1,040,"US-101 SOUTHBOUND","THORNE ROAD",5280.00,N,N,A,-,Y,,,101,,,,,,S,Y,3,0,2,2,A,-,03,22350,,N,C,C,A,A,D,-,A,D,0,,,,Y,Y,,F,27,0,2,0,0,0,0,0,0,0,"- ","- ",36.351688385009766,-121.26686096191406,MONTEREY,UNINCORPORATED,-121.266845703125,36.351699829101562
90724513,2018,2018-05-11,9730,2018-05-05,1124,020391,,6,1,9,2700,0,1,3,,1,074,SR-1,"STRUVE RD",2112.00,N,N,A,-,Y,,,,,,,,,,N,2,0,1,1,A,-,03,22350,,N,F,A,A,A,H,-,A,D,0,,,Y,,Y,,C,02,1,0,0,0,0,0,0,0,1,"- ","- ",36.827190399169922,-121.74421691894531,MONTEREY,UNINCORPORATED,-121.77444458007812,36.826919555664062
90724557,2018,2018-05-11,9730,2018-05-06,1140,020424,,7,1,9,2700,0,2,4,,2,063,SR-68,"CORRAL DE TIERRA ROAD",300.00,E,N,A,-,Y,,,68,,,,,,,Y,3,0,4,3,A,-,03,22350,,N,C,C,A,A,H,-,A,D,0,,,,,Y,,D,22,0,4,0,0,0,0,0,0,0,"- ","- ",36.578601837158203,-121.72612762451172,MONTEREY,UNINCORPORATED,-121.72612762451172,36.57861328125
90724662,2018,2018-05-11,9730,2018-05-04,1527,021407,,5,2,9,2700,0,1,2,,1,070,"US-101 N/B","SALA ROAD",3960.00,N,N,A,-,Y,,,101,,,,,,N,Y,4,0,1,1,A,-,08,22107,,N,F,A,A,A,H,-,A,D,0,,,,,Y,,A,07,0,0,1,0,0,0,0,0,0,"- ","- ",36.752399444580078,-121.6636962890625,MONTEREY,UNINCORPORATED,-121.66375732421875,36.752376556396484
90724681,2018,2018-05-11,9730,2018-05-06,1400,020899,,7,2,9,2700,0,1,3,,1,074,"SOUTHBOUND SR-1","DOLAN ROAD",3168.00,S,N,A,-,Y,,,1,,,,,,,Y,3,0,1,2,A,-,03,22350,,N,C,C,A,A,H,-,A,D,0,,,,,Y,,A,01,0,1,0,0,0,0,0,0,0,"- ","- ",36.795188903808594,-121.78347015380859,MONTEREY,UNINCORPORATED,-121.78347015380859,36.795188903808594
90725381,2018,2018-05-14,9730,2018-05-05,2055,021888,,6,2,9,2700,0,2,4,,1,075,"SAN JUAN ROAD","PORTER DRIVE",0.00,,Y,A,-,N,,,,,,,,,,N,3,0,1,2,A,-,17,21200,,N,D,G,A,A,H,-,C,A,0,,Y,,,Y,Y,L,04,0,1,0,0,0,0,1,0,0,"- ","- ",36.904529571533203,-121.75019836425781,MONTEREY,UNINCORPORATED,-121.75039672851562,36.904521942138672
90725391,2018,2018-05-14,9730,2018-05-05,0205,020701,,6,3,9,2700,0,1,2,,1,030,"US-101 SOUTHBOUND","SILLIMAN ROAD",530.00,N,N,A,-,Y,,,101,,,,,,S,Y,2,0,2,2,A,-,03,22350,,N,C,C,A,A,H,-,D,D,0,,,,Y,Y,,A,01,1,0,1,0,0,0,0,0,0,"- ","- ",36.450481414794922,-121.36522674560547,MONTEREY,UNINCORPORATED,-121.36521148681641,36.450504302978516
90725563,2018,2018-05-14,9730,2018-05-06,1526,020899,,7,2,9,2700,0,1,3,,1,074,"SOUTHBOUND SR-1","STRUVE ROAD",545.00,N,N,A,-,Y,,,1,,,,,,,Y,3,0,2,2,A,-,03,22350,,N,C,C,A,A,H,-,A,D,0,,,,,Y,,A,01,0,2,0,0,0,0,0,0,0,"- ","- ",36.832511901855469,-121.77104949951172,MONTEREY,UNINCORPORATED,-121.77099609375,36.832511901855469
90726060,2018,2018-05-14,9735,2018-05-05,1530,017681,,6,2,9,2700,0,3,5,,2,002,"INDIAN VALLEY ROAD","HARE CANYON ROAD",2640.00,N,N,A,-,N,,,,,,,,,,Y,3,0,1,1,A,-,08,22107,,M,E,I,A,A,H,-,A,D,0,,,Y,,Y,,C,02,0,1,0,0,0,0,0,0,1,"- ","- ",35.913139343261719,-120.68560791015625,MONTEREY,UNINCORPORATED,-120.6856689453125,35.912937164306641
90726585,2018,2018-05-15,9730,2018-05-09,2500,016666,,3,4,9,2700,0,1,3,,1,024,"SR-68/HOLMAN HIGHWAY",SR-1,528.00,W,N,B,-,Y,,,,,,,,,,Y,4,0,1,1,A,-,08,22107,,N,E,I,A,B,H,-,C,D,0,,,,,Y,Y,A,01,0,0,1,0,0,0,0,0,0,"- ","- ",36.573398590087891,-121.91100311279297,MONTEREY,UNINCORPORATED,,
90726628,2018,2018-05-15,9730,2018-05-09,1835,019127,,3,2,9,2700,0,3,5,,2,004,"JOHN V. MILLS AVE","MCCOY RD",0.00,,Y,A,-,N,,,,,,,,,,Y,4,0,2,2,A,-,09,21802,A,N,D,C,A,A,H,-,A,A,0,,,,,Y,,A,01,0,0,2,0,0,0,0,0,0,"- ","- ",36.466670989990234,-121.39035034179688,MONTEREY,UNINCORPORATED,,
90727275,2018,2018-05-16,9730,2018-05-06,0144,021856,,7,3,9,2700,0,1,2,,1,030,"SB US-101","CHUALAR RIVER ROAD",4752.00,S,N,A,-,Y,,,101,,,,,,,Y,4,0,1,2,A,-,01,23152,A,F,C,C,A,A,H,-,D,D,0,,,,,Y,Y,D,22,0,0,1,0,0,0,0,0,0,"- ","- ",36.559009552001953,-121.50775146484375,MONTEREY,UNINCORPORATED,-121.50782775878906,36.558925628662109
90727278,2018,2018-05-16,9730,2018-05-07,1645,022061,,1,2,9,2700,0,1,3,,1,022,"SR-1 N/B","WATER TREATMENT FAC. RD",50.00,S,N,A,-,Y,,,1,,,,,,N,N,4,0,1,2,A,-,03,22350,,N,C,C,A,A,H,-,A,D,0,,,,,Y,,A,07,0,0,1,0,0,0,0,0,0,"- ","- ",36.534919738769531,-121.91387176513672,MONTEREY,UNINCORPORATED,-121.91387176513672,36.534923553466797