CASE_ID,ACCIDENT_YEAR,PROC_DATE,JURIS,COLLISION_DATE,COLLISION_TIME,OFFICER_ID,REPORTING_DISTRICT,DAY_OF_WEEK,CHP_SHIFT,POPULATION,CNTY_CITY_LOC,SPECIAL_COND,BEAT_TYPE,CHP_BEAT_TYPE,CITY_DIVISION_LAPD,CHP_BEAT_CLASS,BEAT_NUMBER,PRIMARY_RD,SECONDARY_RD,DISTANCE,DIRECTION,INTERSECTION,WEATHER_1,WEATHER_2,STATE_HWY_IND,CALTRANS_COUNTY,CALTRANS_DISTRICT,STATE_ROUTE,ROUTE_SUFFIX,POSTMILE_PREFIX,POSTMILE,LOCATION_TYPE,RAMP_INTERSECTION,SIDE_OF_HWY,TOW_AWAY,COLLISION_SEVERITY,NUMBER_KILLED,NUMBER_INJURED,PARTY_COUNT,PRIMARY_COLL_FACTOR,PCF_CODE_OF_VIOL,PCF_VIOL_CATEGORY,PCF_VIOLATION,PCF_VIOL_SUBSECTION,HIT_AND_RUN,TYPE_OF_COLLISION,MVIW,PED_ACTION,ROAD_SURFACE,ROAD_COND_1,ROAD_COND_2,LIGHTING,CONTROL_DEVICE,CHP_ROAD_TYPE,PEDESTRIAN_ACCIDENT,BICYCLE_ACCIDENT,MOTORCYCLE_ACCIDENT,TRUCK_ACCIDENT,NOT_PRIVATE_PROPERTY,ALCOHOL_INVOLVED,STWD_VEHTYPE_AT_FAULT,CHP_VEHTYPE_AT_FAULT,COUNT_SEVERE_INJ,COUNT_VISIBLE_INJ,COUNT_COMPLAINT_PAIN,COUNT_PED_KILLED,COUNT_PED_INJURED,COUNT_BICYCLIST_KILLED,COUNT_BICYCLIST_INJURED,COUNT_MC_KILLED,COUNT_MC_INJURED,PRIMARY_RAMP,SECONDARY_RAMP,LATITUDE,LONGITUDE,COUNTY,CITY,POINT_X,POINT_Y
90727410,2018,2018-05-16,9730,2018-05-04,1000,016537,,5,1,9,2700,0,1,2,,1,050,"US-101 N/B","HARTNELL RD.",0.00,,Y,A,-,Y,,,101,,,,,,N,Y,2,0,1,2,A,-,09,21801,A,N,D,C,A,A,H,-,A,D,0,,,,,Y,,M,46,1,0,0,0,0,0,0,0,0,"- ","- ",36.622779846191406,-121.58052062988281,MONTEREY,UNINCORPORATED,-121.58055877685547,36.622726440429688
90727503,2018,2018-05-16,9730,2018-05-11,1802,020931,,5,2,9,2700,0,3,5,,2,007,"GEIL STREET","PAJARO STREET",0.00,,Y,A,-,N,,,,,,,,,,Y,4,0,1,2,A,-,09,21802,A,N,D,C,A,A,H,-,A,A,0,,,,,Y,,A,01,0,0,1,0,0,0,0,0,0,"- ","- ",36.7647705078125,-121.75128173828125,MONTEREY,UNINCORPORATED,-121.75126647949219,36.764739990234375
90727514,2018,2018-05-16,9730,2018-05-15,2215,021776,,2,3,9,2700,0,3,5,,2,007,"TRAFTON ROAD","607 TRAFTON ROAD",400.00,W,N,A,-,N,,,,,,,,,,Y,4,0,1,1,A,-,01,23152,A,N,F,A,A,A,H,-,D,D,0,,,,,Y,Y,A,01,0,0,1,0,0,0,0,0,0,"- ","- ",36.874660491943359,-121.78005981445312,MONTEREY,UNINCORPORATED,,
90727528,2018,2018-05-16,9730,2018-05-14,2140,020233,,1,2,9,2700,0,1,2,,1,030,"US-101 SOUTHBOUND","SPENCE ROAD",1056.00,S,N,B,-,Y,,,101,,,,,,S,Y,4,0,3,2,A,-,03,22350,,N,C,C,A,A,H,-,D,D,0,,,,,Y,,A,07,0,0,3,0,0,0,0,0,0,"- ","- ",36.611408233642578,-121.56549072265625,MONTEREY,UNINCORPORATED,-121.56545257568359,36.611465454101562
90727881,2018,2018-05-16,9735,2018-05-14,1320,016696,,1,1,3,2704,0,1,2,,1,040,"US 101 NB","OAK AVENUE",100.00,N,N,A,-,Y,,,,,,,,,,N,4,0,1,2,A,-,03,22350,,N,C,C,A,A,D,H,A,D,0,,,,,Y,,A,08,0,0,1,0,0,0,0,0,0,"- ","- ",36.324798583984375,-121.23889923095703,MONTEREY,GREENFIELD,-121.23826599121094,36.324047088623047
90728404,2018,2018-05-17,9730,2018-05-10,1003,015160,,4,1,9,2700,0,2,4,,1,073,"SALINAS ROAD","TRAFTON ROAD",300.00,N,N,B,-,N,,,,,,,,,,N,4,0,3,2,A,-,03,22350,,N,B,C,A,B,H,-,A,D,0,,,,,Y,,D,22,0,0,3,0,0,0,0,0,0,"- ","- ",36.88800048828125,-121.74726104736328,MONTEREY,UNINCORPORATED,-121.74715423583984,36.887615203857422
90728529,2018,2018-05-17,9730,2018-05-12,0840,020424,,6,1,9,2700,0,3,5,,2,007,"MURPHY ROAD","SAN JUAN ROAD",2640.00,N,N,A,-,N,,,,,,,,,,Y,3,0,1,2,A,-,06,21750,A,N,D,C,A,A,H,-,A,D,0,,,,Y,Y,,A,01,0,1,0,0,0,0,0,0,0,"- ","- ",36.903690338134766,-121.67617034912109,MONTEREY,UNINCORPORATED,-121.67617797851562,36.903663635253906
90729644,2018,2018-05-21,9735,2018-04-09,1625,019800,,1,2,9,2700,0,1,2,,1,041,"US-101 N/B","CENTRAL AVE. EXTENSION",1440.00,N,N,A,-,Y,,,101,,,,,,N,Y,1,1,0,1,A,-,08,22107,,N,F,A,A,A,H,-,A,D,0,,,,,Y,,D,22,0,0,0,0,0,0,0,0,0,"- ","- ",36.206710815429688,-121.15937805175781,MONTEREY,UNINCORPORATED,-121.15892028808594,36.207000732421875
90730036,2018,2018-05-21,9730,2018-05-05,2203,021396,,6,3,9,2700,0,1,2,,1,050,"LAUREL DRIVE OFF FROM N/B US-101","W LAUREL DRIVE",6.00,S,N,A,-,Y,,,,,,,,,,N,2,0,1,2,A,-,12,21453,A,F,G,B,B,A,H,-,E,A,0,Y,,,,Y,,-,99,1,0,0,0,1,0,0,0,0,"- ","- ",36.6798095703125,-121.66313171386719,MONTEREY,UNINCORPORATED,,
90730391,2018,2018-05-21,9730,2018-05-11,1619,020899,,5,2,9,2700,0,3,5,,2,003,"GONZALES RIVER ROAD","RIVER ROAD",2640.00,E,N,A,-,N,,,,,,,,,,N,3,0,1,2,A,-,05,21460,A,N,B,C,A,A,E,-,A,D,0,,,,,Y,,A,01,0,1,0,0,0,0,0,0,0,"- ","- ",36.486091613769531,-121.46977996826172,MONTEREY,UNINCORPORATED,-121.47102355957031,36.474342346191406
90730617,2018,2018-05-21,9730,2018-05-11,1630,022061,,5,2,9,2700,0,1,2,,1,030,"US-101 N/B","OLD STAGE RD",1056.00,S,N,A,-,Y,,,101,,,,,,N,Y,4,0,2,2,A,-,03,22350,,N,C,C,A,A,H,-,A,D,0,,,,,Y,,A,07,0,0,2,0,0,0,0,0,0,"- ","- ",36.523300170898438,-121.46279907226562,MONTEREY,UNINCORPORATED,-121.46279144287109,36.523353576660156
90730663,2018,2018-05-21,9730,2018-05-11,1530,022061,,5,2,9,2700,0,1,2,,1,030,"N/B US101",CHULAR,5280.00,S,N,A,-,Y,,,,,,,,,,Y,4,0,1,3,A,-,03,22350,,N,C,C,A,A,H,-,A,D,0,,,,,Y,,D,22,0,0,1,0,0,0,0,0,0,"- ","- ",36.560390472412109,-121.50894927978516,MONTEREY,UNINCORPORATED,,
90731058,2018,2018-05-22,9730,2018-05-15,0010,021776,,2,3,9,2700,0,3,5,,2,005,"SAN JUAN GRADE ROAD","CRAZY HORSE CANYON ROAD",11616.00,N,N,A,-,N,,,,,,,,,,Y,4,0,1,1,A,-,08,22107,,N,E,I,A,A,H,-,D,D,0,,,,,Y,,A,01,0,0,1,0,0,0,0,0,0,"- ","- ",36.799949645996094,-121.5802001953125,MONTEREY,UNINCORPORATED,-121.58210754394531,36.797683715820312
90731067,2018,2018-05-22,9730,2018-05-15,1746,019239,,2,2,9,2700,0,2,4,,2,063,"BLANCO RD","DAVIS RD",2640.00,W,N,A,-,N,,,,,,,,,,N,4,0,1,2,A,-,03,22350,,N,C,C,A,A,H,-,A,D,0,,,,,Y,,A,07,0,0,1,0,0,0,0,0,0,"- ","- ",36.671218872070312,-121.69325256347656,MONTEREY,UNINCORPORATED,-121.69253540039062,36.670894622802734
8458319,2017,2017-10-02,2710,2017-07-15,0816,37346,,6,5,4,2710,0,0,0,,0,02B,"KIMBALL AV","WARDLONG SHAFER ST",83.00,W,N,A,-,N,,,,,,,,,,Y,4,0,1,2,A,-,08,22107,,N,B,E,A,A,H,-,A,D,0,,,,,Y,,A,01,0,0,1,0,0,0,0,0,0,"- ","- ",,,MONTEREY,SEASIDE,,
8458345,2017,2017-10-09,2712,2017-09-05,1146,1034,2712,2,5,3,2712,0,0,0,,0,001,"RESERVATION RD","SEACREST AV",36.00,E,N,A,-,N,,,,,,,,,,Y,4,0,1,2,A,-,03,22350,,N,C,C,A,A,H,-,A,A,0,,,,,Y,,A,01,0,0,1,0,0,0,0,0,0,"- ","- ",,,MONTEREY,MARINA,-121.79588384,36.685730280000001
8458349,2017,2017-09-28,2712,2017-09-07,0736,1019,2712,4,5,3,2712,0,0,0,,0,001,"IMJIN PW","3RD AV",16.00,W,N,A,-,N,,,,,,,,,,Y,4,0,2,2,A,-,08,22107,,N,A,C,A,A,H,-,A,A,0,,,,,Y,,A,01,0,0,2,0,0,0,0,0,0,"- ","- ",,,MONTEREY,MARINA,-121.80460287,36.666490879999998
8458353,2017,2017-09-28,2712,2017-09-15,1233,1019,2712,5,5,3,2712,0,0,0,,0,001,"IMJIN PW","IMJIN RD",12.00,W,N,A,-,N,,,,,,,,,,Y,4,0,2,2,A,-,03,22350,,N,C,C,A,A,H,-,A,A,0,,,,,Y,,A,01,0,0,2,0,0,0,0,0,0,"- ","- ",,,MONTEREY,MARINA,-121.79140842,36.661751350000003
8459609,2017,2018-06-25,2706,2017-09-16,1147,031,2706,6,5,4,2706,0,0,0,,0,003,"RT 68","HAMMOND RD",19.00,E,N,A,-,Y,MON,5,68,-,-,5.270,H,-,E,Y,4,0,1,2,A,-,09,21801,A,N,A,C,A,A,H,-,A,A,0,,,,,Y,,A,07,0,0,1,0,0,0,0,0,0,"- ","- ",,,MONTEREY,MONTEREY,-121.85468784,36.583402630000002
8461852,2017,2017-10-09,2706,2017-09-25,0843,107,2706,1,5,4,2706,0,0,0,,0,002,"PEARL ST","ABREGO ST",0.00,,Y,A,-,N,,,,,,,,,,N,3,0,1,2,A,-,10,21950,A,N,G,B,A,A,H,-,A,D,0,,,,,Y,,A,01,0,1,0,0,0,0,0,0,0,"- ","- ",,,MONTEREY,MONTEREY,-121.89272994,36.597850049999998
8462468,2017,2017-10-20,2707,2017-09-12,0900,2119,2707,2,5,3,2707,0,0,0,,0,001,"SUNSET DR","FOREST LODGE",66.00,N,N,A,-,N,,,,,,,,,,N,4,0,1,2,A,-,09,21804,A,N,B,G,A,A,H,-,A,D,0,,Y,,,Y,,A,01,0,0,1,0,0,0,1,0,0,"- ","- ",,,MONTEREY,"PACIFIC GROVE",-121.92267612000001,36.610312780000001
8462472,2017,2017-10-20,2707,2017-09-08,0710,2215,2707,5,5,3,2707,0,0,0,,0,002,"LIGHTHOUSE AV","JEWELL AV",0.00,,Y,E,-,N,,,,,,,,,,N,3,0,1,2,A,-,10,21950,A,N,G,B,B,A,H,-,A,A,0,Y,,,,Y,,A,07,0,1,0,0,1,0,0,0,0,"- ","- ",,,MONTEREY,"PACIFIC GROVE",-121.93010992000001,36.628820050000002
8463334,2017,2017-11-14,2712,2017-08-30,1417,1034,2712,3,5,3,2712,0,0,0,,0,001,"IMJIN PW","CALIFORNIA AV",7.00,W,N,A,-,N,,,,,,,,,,Y,4,0,1,2,A,-,09,21453,B,N,D,C,A,A,H,-,A,A,0,,,,,Y,,A,01,0,0,1,0,0,0,0,0,0,"- ","- ",,,MONTEREY,MARINA,-121.79687199999999,36.666177470000001
8464467,2017,2018-04-09,2712,2017-10-02,0109,1154,2712,1,5,3,2712,0,0,0,,0,001,"BAYER ST","FOREST CIR",112.00,N,N,A,-,N,,,,,,,,,,N,3,0,1,2,D,-,00,,,M,G,B,E,A,H,-,D,D,0,Y,,,,Y,Y,-,"- ",0,1,0,0,1,0,0,0,0,"- ","- ",,,MONTEREY,MARINA,-121.78018247999999,36.676848339999999
8465460,2017,2018-10-24,2708,2017-12-10,1904,54353,,7,5,6,2708,0,0,0,,0,002,"NORTH MAIN ST","ROCHEX ST",33.00,S,N,A,-,N,,,,,,,,,,,1,1,0,2,A,-,11,21954,A,F,G,B,D,A,H,-,C,D,0,Y,,,,Y,Y,N,60,0,0,0,1,0,0,0,0,0,"- ","- ",,,MONTEREY,SALINAS,-121.65222519,36.70045013
8465769,2018,2019-05-08,2712,2018-08-16,1650,1033,2712,4,5,3,2712,0,0,0,,0,001,"IMJIN PKWY","CALIFORNIA AV",628.00,W,N,A,-,N,,,,,,,,,,Y,1,1,1,2,A,-,08,22107,,N,D,C,A,A,H,-,A,D,0,,,,,Y,Y,A,01,0,0,1,0,0,0,0,0,0,"- ","- ",,,MONTEREY,MARINA,-121.79891204833984,36.666580200195312
90731179,2018,2018-05-22,9730,2018-05-15,1720,020621,,2,2,9,2700,0,1,3,,2,062,"N/B SR-1","AGUAJITO ROAD",1056.00,S,N,A,-,Y,,,,,,,,,,N,4,0,2,3,A,-,03,22350,,N,C,C,A,A,H,-,A,D,0,,,,,Y,,A,01,0,0,2,0,0,0,0,0,0,"- ","- ",36.588050842285156,-121.88202667236328,MONTEREY,UNINCORPORATED,,
90731953,2018,2018-05-23,9730,2018-05-11,1238,022039,,5,1,9,2700,0,1,3,,1,022,SR-1,"HANDLEY DRIVE",0.00,,Y,A,-,Y,,,1,,,,,,,Y,3,0,1,2,A,-,09,21801,A,N,D,C,A,A,H,-,A,D,0,,,,,Y,,A,07,0,1,0,0,0,0,0,0,0,"- ","- ",36.565250396728516,-121.91240692138672,MONTEREY,UNINCORPORATED,-121.91242218017578,36.565238952636719
90732664,2018,2018-05-23,9735,2018-05-12,2037,020168,,6,2,9,2700,0,1,2,,2,042,"US-101 N/B","MPM 101 MON 34",330.00,N,N,A,-,Y,,,101,,,,,,N,Y,3,0,1,1,A,-,08,22107,,N,F,I,A,A,H,-,D,D,0,,,,,Y,,A,01,0,1,0,0,0,0,0,0,0,"- ","- ",36.147968292236328,-121.04100799560547,MONTEREY,UNINCORPORATED,-121.04106903076172,36.147930145263672
90732910,2018,2018-05-24,9730,2018-05-17,0710,022092,,4,1,9,2700,0,3,5,,2,006,"ARMSTRONG ROAD","BLANCO ROAD",2112.00,N,N,A,-,N,,,,,,,,,,N,4,0,1,3,A,-,06,21750,,N,B,C,A,A,H,-,A,D,0,,,,,Y,,A,01,0,0,1,0,0,0,0,0,0,"- ","- ",36.685798645019531,-121.70796203613281,MONTEREY,UNINCORPORATED,-121.70784759521484,36.684463500976562
90732944,2018,2018-07-26,9730,2018-05-19,1650,020621,,6,2,9,2700,0,2,4,,1,073,"SAN MIGUEL CANYON ROAD","ECHO VALLEY ROAD",2640.00,S,N,A,-,N,,,,,,,,,,Y,4,0,2,2,A,-,03,22350,,N,C,C,A,A,H,-,A,D,0,,,,,Y,,D,22,0,0,2,0,0,0,0,0,0,"- ","- ",36.818431854248047,-121.67301177978516,MONTEREY,UNINCORPORATED,-121.67351531982422,36.814510345458984
90733146,2018,2018-05-24,9730,2018-05-19,1045,017184,,6,1,9,2700,0,1,3,,1,072,"SR-156 (W/B)","SR-183 (MERRITT ST.)",1056.00,W,N,B,-,Y,,,156,,,,,,,Y,3,0,1,2,A,-,03,22350,,N,C,C,A,A,H,-,A,A,0,,,,,Y,,A,01,0,1,0,0,0,0,0,0,0,"- ","- ",36.763591766357422,-121.75038909912109,MONTEREY,UNINCORPORATED,-121.75025939941406,36.763473510742188
90734772,2018,2018-05-25,9730,2018-05-18,1020,021120,,5,1,9,2700,0,1,3,,2,062,"SR-1 NORTHBOUND","TIOGA AVE.",1000.00,S,N,A,-,Y,,,,,,,,,,Y,3,0,1,2,A,-,17,23114,A,N,H,J,A,A,H,-,A,D,0,,,,,Y,,D,22,0,1,0,0,0,0,0,0,0,"- ","- ",36.615440368652344,-121.85061645507812,MONTEREY,UNINCORPORATED,-121.85067749023438,36.615493774414062
90735226,2018,2018-05-25,9735,2018-05-18,0725,020036,,5,1,9,2700,0,1,2,,2,044,"US-101 S/B","JOLON RD",10032.00,N,N,A,-,Y,,,101,,,,,,S,Y,2,0,2,1,A,-,08,22107,,N,F,A,A,A,H,-,A,D,0,,,,,Y,,A,01,1,1,0,0,0,0,0,0,0,"- ","- ",35.900680541992188,-120.84237670898438,MONTEREY,UNINCORPORATED,-120.84230804443359,35.900699615478516
90735233,2018,2018-05-25,9730,2018-05-20,1250,021120,,7,1,9,2700,0,3,5,,2,007,"HALL RD.","SILL RD.",750.00,E,N,A,-,N,,,,,,,,,,N,4,0,1,2,A,-,03,22350,,N,C,C,A,A,H,-,A,D,0,,,,,Y,,A,01,0,0,1,0,0,0,0,0,0,"- ","- ",36.864410400390625,-121.73136138916016,MONTEREY,UNINCORPORATED,-121.71996307373047,36.864112854003906
90735412,2018,2018-05-28,9730,2018-05-17,0950,022092,,4,1,9,2700,0,3,5,,2,004,"OLD STAGE ROAD","ALISAL ROAD",0.00,,Y,A,-,N,,,,,,,,,,Y,3,0,3,2,A,-,03,22350,,N,C,C,A,A,H,-,A,A,0,,,,,Y,,A,01,0,1,2,0,0,0,0,0,0,"- ","- ",36.631000518798828,-121.54258728027344,MONTEREY,UNINCORPORATED,-121.54270935058594,36.630901336669922
90736463,2018,2018-05-29,9730,2018-05-17,1700,022047,,4,2,9,2700,0,2,4,,1,075,"SAN JUAN RD.","DUNBARTON RD",1584.00,E,N,A,-,N,,,,,,,,,,N,4,0,1,2,A,-,09,21804,A,N,C,C,A,A,H,-,A,D,0,,,,,Y,,A,01,0,0,1,0,0,0,0,0,0,"- ","- ",36.855899810791016,-121.63265228271484,MONTEREY,UNINCORPORATED,-121.63385009765625,36.855190277099609
90736614,2018,2018-05-29,9735,2018-05-22,0830,017257,,2,1,9,2700,0,2,4,,1,021,"JOLON ROAD","NACIMIENTO LAKE DR",1584.00,N,N,B,-,Y,,,,,,,,,,Y,3,0,1,1,A,-,03,22350,,N,F,A,A,A,H,-,A,A,0,,,Y,,Y,,C,02,0,1,0,0,0,0,0,0,1,"- ","- ",35.868038177490234,-120.85182189941406,MONTEREY,UNINCORPORATED,-120.83583068847656,35.873981475830078
90736662,2018,2018-05-29,9735,2018-05-24,1435,019965,,4,2,9,2700,0,3,5,,2,002,"JOLON RD","BRADLEY LOCKWOOD RD",0.00,,Y,B,-,N,,,,,,,,,,Y,3,0,1,2,A,-,09,21801,A,N,D,C,A,A,H,-,A,D,0,,,,,Y,,A,01,0,1,0,0,0,0,0,0,0,"- ","- ",35.908329010009766,-121.01316833496094,MONTEREY,UNINCORPORATED,-121.06423187255859,35.936351776123047
90736696,2018,2018-05-29,9735,2018-05-24,1845,020841,,4,2,9,2700,0,3,5,,2,002,"JOLON ROAD (BRADLEY)",US-101,355.00,W,N,A,-,N,,,,,,,,,,Y,4,0,3,2,A,-,12,22450,A,N,D,C,A,A,H,-,A,A,0,,,,,Y,,A,01,0,0,3,0,0,0,0,0,0,"- ","- ",35.843639373779297,-120.83702087402344,MONTEREY,UNINCORPORATED,-121.14894866943359,36.198501586914062
90737369,2018,2018-05-30,9730,2018-05-22,0910,017785,,2,1,9,2700,0,1,3,,1,068,SR-68,"SAN BENANCIO ROAD",1056.00,E,N,B,-,Y,,,68,,,,,,,Y,3,0,2,3,A,-,03,22350,,N,C,C,A,A,H,-,A,D,0,,,,,Y,,D,22,0,1,1,0,0,0,0,0,0,"- ","- ",36.581489562988281,-121.71771240234375,MONTEREY,UNINCORPORATED,-121.71769714355469,36.581470489501953
90737502,2018,2018-05-30,9730,2018-05-22,1805,019127,,2,2,9,2700,0,3,5,,2,003,"RESERVATION RD.","PORTOLA DR.",50.00,N,N,B,-,N,,,,,,,,,,Y,4,0,1,2,A,-,03,22350,,N,C,C,A,A,H,-,A,D,0,,,,,Y,,A,01,0,0,1,0,0,0,0,0,0,"- ","- ",36.625911712646484,-121.68302154541016,MONTEREY,UNINCORPORATED,-121.68288421630859,36.625862121582031
90738010,2018,2018-05-31,9730,2018-05-21,1610,022047,,1,2,9,2700,0,1,3,,1,012,SR-1,"GAMBOA POINT",200.00,S,N,B,-,Y,,,1,,,,,,,N,2,0,1,1,A,-,03,22350,,N,E,I,A,A,H,-,A,D,0,,,Y,,Y,,C,02,1,0,0,0,0,0,0,0,1,"- ","- ",36.049259185791016,-121.58979797363281,MONTEREY,UNINCORPORATED,-121.58975982666016,36.049282073974609
90738145,2018,2018-05-31,9730,2018-05-22,1214,016666,,2,1,9,2700,0,1,3,,1,074,"SR-1 S/B","SANTA CRUZ COUNTY LINE",66.00,S,N,A,-,Y,,,1,,,,,,S,Y,3,0,2,2,A,-,03,22350,,N,C,C,A,A,H,-,A,A,0,,,,Y,Y,,A,07,0,2,0,0,0,0,0,0,0,"- ","- ",36.882640838623047,-121.77237701416016,MONTEREY,UNINCORPORATED,-121.77235412597656,36.882644653320312
90738267,2018,2018-05-31,9730,2018-05-22,1610,019127,,2,2,6,2708,0,1,2,,1,050,"US-101 N/B MARKET ST OFF-RAMP","KERN ST",50.00,W,N,B,-,Y,,,101,,,,,,N,Y,4,0,1,1,C,-,18,,,N,E,I,A,A,H,-,A,D,0,,,,,Y,,-,"- ",0,0,1,0,0,0,0,0,0,"- ","- ",36.679470062255859,-121.64083862304688,MONTEREY,SALINAS,-121.64156341552734,36.679233551025391
90738340,2018,2018-05-31,9730,2018-05-23,1630,018810,,3,2,9,2700,0,1,3,,1,074,SR-1,"POTRERO ROAD",1584.00,S,N,B,-,Y,,,1,,,,,,,Y,4,0,1,2,A,-,09,21804,A,N,A,C,A,A,H,-,A,D,0,,,,,Y,,A,01,0,0,1,0,0,0,0,0,0,"- ","- ",36.788238525390625,-121.78257751464844,MONTEREY,UNINCORPORATED,-121.78250122070312,36.78826904296875
90738556,2018,2018-05-31,9730,2018-05-24,1548,022061,,4,2,9,2700,0,1,2,,1,030,"US-101 N/B","ESPERANZA ROAD",1320.00,S,N,A,-,Y,,,101,,,,,,N,Y,3,0,1,2,A,-,03,22350,,N,C,C,A,A,H,-,A,D,0,,,,,Y,,D,22,0,1,0,0,0,0,0,0,0,"- ","- ",36.584709167480469,-121.53402709960938,MONTEREY,UNINCORPORATED,-121.53408050537109,36.584659576416016
90738975,2018,2018-06-01,9730,2018-05-23,1755,022061,,3,2,9,2700,0,1,2,,1,030,"US-101 N/B","GLORIA RD",528.00,S,N,A,-,Y,,,101,,,,,,N,Y,3,0,1,1,A,-,01,23152,A,N,E,I,A,A,H,-,A,D,0,,,,,Y,Y,D,22,0,1,0,0,0,0,0,0,0,"- ","- ",36.489341735839844,-121.42398834228516,MONTEREY,UNINCORPORATED,-121.42403411865234,36.489288330078125
90739809,2018,2018-06-04,9730,2018-05-29,0825,022092,,2,1,9,2700,0,1,3,,1,068,SR-68,"YORK ROAD",2640.00,E,N,A,-,Y,,,68,,,,,,,Y,4,0,2,3,A,-,03,22350,,N,C,C,A,A,H,-,A,D,0,,,,Y,Y,,F,26,0,0,2,0,0,0,0,0,0,"- ","- ",36.569938659667969,-121.79985046386719,MONTEREY,UNINCORPORATED,-121.79986572265625,36.569866180419922
90740247,2018,2018-06-04,9730,2018-05-28,2107,019770,,1,2,9,2700,0,3,5,,2,003,"RIVER ROAD","PARKER ROAD",2640.00,S,N,A,-,N,,,,,,,,,,Y,3,0,1,1,A,-,01,23152,A,N,E,I,A,A,H,-,D,D,0,,,,,Y,Y,A,01,0,1,0,0,0,0,0,0,0,"- ","- ",36.574771881103516,-121.58490753173828,MONTEREY,UNINCORPORATED,-121.59818267822266,36.583744049072266
90740369,2018,2018-06-04,9730,2018-05-26,2138,020970,,6,2,9,2700,0,1,3,,2,062,SR-1,"FREMONT BLVD",7392.00,N,N,A,-,Y,,,1,,,,,,,Y,3,0,1,2,A,-,01,23152,A,N,B,C,A,A,H,-,D,D,0,,,,,Y,Y,A,01,0,1,0,0,0,0,0,0,0,"- ","- ",36.63275146484375,-121.83380889892578,MONTEREY,UNINCORPORATED,-121.83383178710938,36.632770538330078
90740437,2018,2018-06-04,9730,2018-05-24,0550,022039,,4,3,6,2708,0,1,3,,1,068,SR-68,"FOSTER ROAD",0.00,,Y,B,-,Y,,,,,,,,,,Y,2,0,1,2,A,-,09,21802,A,N,D,C,A,A,H,-,A,A,0,,,,,Y,,D,22,1,0,0,0,0,0,0,0,0,"- ","- ",36.636730194091797,-121.66729736328125,MONTEREY,SALINAS,,
90740577,2018,2018-06-04,9730,2018-05-24,1455,020899,,4,2,9,2700,0,1,3,,1,068,SR-68,"YORK ROAD",1320.00,E,N,B,-,Y,,,68,,,,,,,N,4,0,1,2,A,-,03,22350,,N,C,C,A,A,H,-,A,D,0,,,,,Y,,A,01,0,0,1,0,0,0,0,0,0,"- ","- ",36.57086181640625,-121.80464172363281,MONTEREY,UNINCORPORATED,-121.80465698242188,36.570785522460938
90741595,2018,2018-06-05,9730,2018-05-28,1515,022047,,1,2,9,2700,0,1,2,,1,070,"US-101 N/B","RALPH LN.",528.00,S,N,A,-,Y,,,101,,,,,,N,N,4,0,1,2,A,-,03,22350,,N,C,C,A,A,H,-,A,D,0,,,,,Y,,D,22,0,0,1,0,0,0,0,0,0,"- ","- ",36.754520416259766,-121.66448211669922,MONTEREY,UNINCORPORATED,-121.66450500488281,36.754512786865234
90741779,2018,2018-06-05,9730,2018-05-25,1710,019100,,5,2,9,2700,0,3,5,,2,005,"NATIVIDAD ROAD","ROGGE ROAD",528.00,N,N,A,-,N,,,,,,,,,,Y,3,0,1,2,A,-,09,21804,A,N,D,C,A,A,H,-,A,D,0,,,,,Y,,A,08,0,1,0,0,0,0,0,0,0,"- ","- ",36.435020446777344,-121.36531066894531,MONTEREY,UNINCORPORATED,-121.61489868164062,36.72930908203125
90741794,2018,2018-06-05,9730,2018-05-29,1755,022061,,2,2,9,2700,0,1,2,,1,070,"US-101 S/B",SR-156,2640.00,S,N,A,-,Y,,,101,,,,,,S,Y,3,0,1,2,A,-,01,23152,A,N,C,C,A,A,H,-,A,D,0,,,,,Y,Y,A,01,0,1,0,0,0,0,0,0,0,"- ","- ",36.784809112548828,-121.66867828369141,MONTEREY,UNINCORPORATED,-121.66864013671875,36.784801483154297
90742038,2018,2018-06-06,9730,2018-05-25,1403,020899,,5,2,6,2708,0,1,2,,1,070,"NORTHBOUND US-101 OFF-RAMP","BORONDA ROAD",0.00,,Y,B,-,Y,,,,,,,,,,Y,3,0,1,2,A,-,12,21453,A,N,D,C,A,A,H,-,A,A,0,,,,,Y,,A,07,0,1,0,0,0,0,0,0,0,"- ","- ",36.721950531005859,-121.65843963623047,MONTEREY,SALINAS,,