CASE_ID,ACCIDENT_YEAR,PROC_DATE,JURIS,COLLISION_DATE,COLLISION_TIME,OFFICER_ID,REPORTING_DISTRICT,DAY_OF_WEEK,CHP_SHIFT,POPULATION,CNTY_CITY_LOC,SPECIAL_COND,BEAT_TYPE,CHP_BEAT_TYPE,CITY_DIVISION_LAPD,CHP_BEAT_CLASS,BEAT_NUMBER,PRIMARY_RD,SECONDARY_RD,DISTANCE,DIRECTION,INTERSECTION,WEATHER_1,WEATHER_2,STATE_HWY_IND,CALTRANS_COUNTY,CALTRANS_DISTRICT,STATE_ROUTE,ROUTE_SUFFIX,POSTMILE_PREFIX,POSTMILE,LOCATION_TYPE,RAMP_INTERSECTION,SIDE_OF_HWY,TOW_AWAY,COLLISION_SEVERITY,NUMBER_KILLED,NUMBER_INJURED,PARTY_COUNT,PRIMARY_COLL_FACTOR,PCF_CODE_OF_VIOL,PCF_VIOL_CATEGORY,PCF_VIOLATION,PCF_VIOL_SUBSECTION,HIT_AND_RUN,TYPE_OF_COLLISION,MVIW,PED_ACTION,ROAD_SURFACE,ROAD_COND_1,ROAD_COND_2,LIGHTING,CONTROL_DEVICE,CHP_ROAD_TYPE,PEDESTRIAN_ACCIDENT,BICYCLE_ACCIDENT,MOTORCYCLE_ACCIDENT,TRUCK_ACCIDENT,NOT_PRIVATE_PROPERTY,ALCOHOL_INVOLVED,STWD_VEHTYPE_AT_FAULT,CHP_VEHTYPE_AT_FAULT,COUNT_SEVERE_INJ,COUNT_VISIBLE_INJ,COUNT_COMPLAINT_PAIN,COUNT_PED_KILLED,COUNT_PED_INJURED,COUNT_BICYCLIST_KILLED,COUNT_BICYCLIST_INJURED,COUNT_MC_KILLED,COUNT_MC_INJURED,PRIMARY_RAMP,SECONDARY_RAMP,LATITUDE,LONGITUDE,COUNTY,CITY,POINT_X,POINT_Y
90742084,2018,2018-06-06,9730,2018-05-25,1830,020931,,5,2,9,2700,0,1,3,,1,066,"MERRITT STREET","WALSH STREET",0.00,,Y,B,-,Y,,,,,,,,,,Y,4,0,1,2,A,-,03,22350,,N,C,C,A,A,H,-,A,D,0,,,,,Y,,A,07,0,0,1,0,0,0,0,0,0,"- ","- ",36.759811401367188,-121.74993896484375,MONTEREY,UNINCORPORATED,-121.74984741210938,36.759681701660156
90742237,2018,2018-06-06,9730,2018-05-26,1645,020931,,6,2,9,2700,0,1,3,,1,068,"SR-68 W/B","LAURELES GRADE",45.00,W,N,B,-,Y,,,68,,,,,,W,N,4,0,1,1,A,-,08,22107,,N,E,I,A,A,H,-,A,D,0,,,,,Y,,A,01,0,0,1,0,0,0,0,0,0,"- ","- ",36.569839477539062,-121.75634765625,MONTEREY,UNINCORPORATED,-121.75635528564453,36.569793701171875
90742286,2018,2018-06-06,9730,2018-05-27,1120,022039,,7,1,9,2700,0,1,3,,1,022,SR-1,"MAL PASO ROAD",500.00,S,N,A,-,Y,,,1,,,,,,,N,3,0,1,2,A,-,05,21650,,N,B,C,A,A,H,-,A,D,0,,,,,Y,,-,"- ",0,1,0,0,0,0,0,0,0,"- ","- ",36.481658935546875,-121.93710327148438,MONTEREY,UNINCORPORATED,-121.93717193603516,36.481662750244141
90742332,2018,2018-06-06,9730,2018-05-28,1810,022047,,1,2,9,2700,0,1,2,,1,070,"NB US-101","PURNEDALE ST. O/C",1056.00,S,N,A,-,Y,,,101,,,,,,,N,4,0,1,2,A,-,03,22350,,N,C,C,A,A,H,-,A,D,0,,,,,Y,,D,22,0,0,1,0,0,0,0,0,0,"- ","- ",36.766609191894531,-121.66828155517578,MONTEREY,UNINCORPORATED,-121.66828918457031,36.766605377197266
90742340,2018,2018-06-06,9730,2018-05-27,1513,020899,,7,2,9,2700,0,1,2,,1,070,"NORTHBOUND US-101","REESE CIRCLE",1056.00,S,N,A,-,Y,,,101,,,,,,,N,4,0,1,3,A,-,03,22350,,N,C,C,A,A,H,-,A,D,0,,,,,Y,,A,01,0,0,1,0,0,0,0,0,0,"- ","- ",36.769428253173828,-121.66893005371094,MONTEREY,UNINCORPORATED,-121.66895294189453,36.769428253173828
90742404,2018,2018-06-06,9730,2018-06-02,0652,022092,,6,1,9,2700,0,2,4,,2,063,"BLANCO ROAD","COOPER ROAD",2640.00,E,N,A,-,N,,,,,,,,,,Y,2,0,2,3,A,-,03,22350,,N,C,C,A,A,H,-,A,D,0,,,,,Y,,D,22,2,0,0,0,0,0,0,0,0,"- ","- ",36.678718566894531,-121.72576141357422,MONTEREY,UNINCORPORATED,-121.72601318359375,36.6787109375
90742443,2018,2018-06-06,9730,2018-05-27,1750,019529,,7,2,9,2700,0,1,3,,1,022,"STATE ROUTE 1","SPINDRIFT RD.",350.00,S,N,A,-,Y,,,1,,,,,,,N,4,0,1,3,A,-,03,22350,,N,C,C,A,A,H,-,A,D,0,,,,,Y,,A,07,0,0,1,0,0,0,0,0,0,"- ","- ",36.495811462402344,-121.93708038330078,MONTEREY,UNINCORPORATED,-121.93707275390625,36.495807647705078
90742538,2018,2018-06-06,9730,2018-05-28,1554,020933,,1,2,9,2700,0,1,2,,1,030,"US-101 S/B","GLORIA RD O/C",200.00,S,N,A,-,Y,,,101,,,,,,S,Y,4,0,1,2,A,-,03,22350,,N,C,C,A,A,H,-,A,D,0,,,,,Y,,D,22,0,0,1,0,0,0,0,0,0,"- ","- ",36.495800018310547,-121.42845153808594,MONTEREY,UNINCORPORATED,-121.42867279052734,36.495685577392578
90742548,2018,2018-06-06,9730,2018-05-27,1703,020933,,7,2,9,2700,0,3,5,,2,007,"GEIL STREET","MEAD STREET",0.00,,Y,A,-,N,,,,,,,,,,Y,4,0,1,2,A,-,09,21802,A,N,D,C,A,A,H,-,A,A,0,,,,,Y,,A,01,0,0,1,0,0,0,0,0,0,"- ","- ",36.770851135253906,-121.75953674316406,MONTEREY,UNINCORPORATED,-121.75948333740234,36.770839691162109
90742573,2018,2018-06-06,9730,2018-05-28,1344,019818,,1,1,9,2700,0,1,3,,1,014,"HWY 1","SYCAMORE CYN RD",100.00,S,N,B,-,Y,,,,,,,,,,Y,4,0,1,3,A,-,03,22350,,N,C,C,A,A,H,-,A,D,0,,,,,Y,,A,01,0,0,1,0,0,0,0,0,0,"- ","- ",36.240131378173828,-121.77677917480469,MONTEREY,UNINCORPORATED,-121.77660369873047,36.239994049072266
90742586,2018,2018-06-06,9730,2018-05-28,1518,020899,,1,2,9,2700,0,1,3,,1,072,SR-156,"PRUNEDALE NORTH ROAD",104.00,W,N,A,-,N,,,156,,,,,,,N,4,0,1,2,A,-,03,22350,,N,C,C,A,A,H,-,A,D,0,,,,,Y,,A,07,0,0,1,0,0,0,0,0,0,"- ","- ",36.789119720458984,-121.66877746582031,MONTEREY,UNINCORPORATED,-121.66876983642578,36.789096832275391
90742689,2018,2018-06-06,9730,2018-05-29,1119,016666,,2,1,9,2700,0,1,3,,1,068,"SR-68 E/B","JOSSELYN CANYON ROAD",528.00,W,N,A,-,Y,,,68,,,,,,E,Y,3,0,2,2,A,-,09,21801,A,N,D,C,A,A,H,-,A,D,0,,,,,Y,,A,08,0,2,0,0,0,0,0,0,0,"- ","- ",36.586990356445312,-121.86440277099609,MONTEREY,UNINCORPORATED,-121.86448669433594,36.586883544921875
90742746,2018,2018-06-06,9730,2018-06-04,1040,022092,,1,1,9,2700,0,2,4,,2,063,"BLANCO ROAD","COOPER ROAD",3696.00,W,N,A,-,N,,,,,,,,,,N,3,0,1,1,A,-,03,22350,,N,H,G,A,A,H,-,A,D,0,,Y,,,Y,,L,04,0,1,0,0,0,0,1,0,0,"- ","- ",36.677799224853516,-121.74591827392578,MONTEREY,UNINCORPORATED,-121.747314453125,36.677272796630859
90742756,2018,2018-06-06,9730,2018-06-04,1125,022092,,1,1,9,2700,0,2,4,,2,063,"BLANCO ROAD","COOPER ROAD",3696.00,W,N,A,-,N,,,,,,,,,,N,3,0,1,1,A,-,03,22350,,N,H,G,A,A,H,-,A,D,0,,Y,,,Y,,L,04,0,1,0,0,0,0,1,0,0,"- ","- ",36.677040100097656,-121.74752807617188,MONTEREY,UNINCORPORATED,-121.747314453125,36.677272796630859
90742788,2018,2018-06-06,9730,2018-05-28,1705,019529,,1,2,9,2700,0,1,3,,1,022,"STATE ROUTE 1","ALLEN ROAD",400.00,S,N,A,-,Y,,,1,,,,,,,Y,3,0,2,2,A,-,03,22350,,N,C,C,A,A,H,-,A,D,0,,,,,Y,,A,01,0,2,0,0,0,0,0,0,0,"- ","- ",36.520301818847656,-121.93131256103516,MONTEREY,UNINCORPORATED,-121.93125915527344,36.520191192626953
90743006,2018,2018-06-07,9730,2018-05-28,1830,022047,,1,2,9,2700,0,1,2,,1,070,"US-101 N/B","SR-156 O/C",1584.00,N,N,A,-,Y,,,101,,,,,,N,Y,4,0,1,3,A,-,03,22350,,M,C,C,A,A,H,-,A,D,0,,,,,Y,,A,01,0,0,1,0,0,0,0,0,0,"- ","- ",36.7935791015625,-121.66665649414062,MONTEREY,UNINCORPORATED,-121.66664886474609,36.7935791015625
90743098,2018,2018-06-07,9730,2018-05-30,1336,016666,,3,1,9,2700,0,2,4,,1,023,"CARMEL VALLEY ROAD","CARMEL KNOLLS DRIVE",100.00,W,N,A,-,N,,,,,,,,,,N,4,0,1,2,A,-,21,22106,,N,C,C,A,A,H,-,A,A,0,,,,,Y,,A,07,0,0,1,0,0,0,0,0,0,"- ","- ",36.543930053710938,-121.90492248535156,MONTEREY,UNINCORPORATED,-121.90522003173828,36.543804168701172
90743191,2018,2018-06-07,9730,2018-05-30,0630,017580,,3,1,9,2700,0,1,2,,1,070,"US 101 N/B","BERTA CANYON ROAD",1056.00,S,N,B,-,Y,,,,,,,,,,Y,4,0,1,2,C,-,18,,,N,B,C,A,A,H,-,A,D,0,,,,,Y,,-,"- ",0,0,1,0,0,0,0,0,0,"- ","- ",36.78778076171875,-121.66786956787109,MONTEREY,UNINCORPORATED,-121.66846466064453,36.784847259521484
90743202,2018,2018-06-07,9730,2018-05-31,1552,022061,,4,2,9,2700,0,3,5,,2,006,"NASHUA ROAD",COOPER,9504.00,W,N,A,-,N,,,,,,,,,,Y,3,0,3,2,A,-,09,21804,A,N,D,C,A,A,H,-,A,D,0,,,,,Y,,D,22,0,3,0,0,0,0,0,0,0,"- ","- ",36.725288391113281,-121.74788665771484,MONTEREY,UNINCORPORATED,-121.74723052978516,36.724685668945312
90743251,2018,2018-06-07,9730,2018-06-01,1808,022061,,5,2,9,2700,0,1,3,,1,074,"N/B SR-1","RESERVATION ROAD",2112.00,N,N,A,-,Y,,,,,,,,,,Y,3,0,1,1,A,-,08,22107,,N,E,I,A,A,H,-,A,D,0,,,,,Y,,D,22,0,1,0,0,0,0,0,0,0,"- ","- ",36.700000762939453,-121.80259704589844,MONTEREY,UNINCORPORATED,,
90743399,2018,2018-06-07,9730,2018-05-31,2010,018350,,4,2,9,2700,0,2,4,,1,073,"SAN MIGUEL CANYON ROAD","PRUNEDALE NORTH ROAD",0.00,,Y,A,-,N,,,,,,,,,,N,4,0,2,2,A,-,03,22350,,N,C,C,A,A,H,-,B,A,0,,,,,Y,,A,01,0,0,2,0,0,0,0,0,0,"- ","- ",36.801620483398438,-121.66586303710938,MONTEREY,UNINCORPORATED,-121.66584777832031,36.801540374755859
90743444,2018,2018-06-07,9735,2018-05-28,1210,020417,,1,1,9,2700,0,1,3,,1,034,"SR-198 W/B","FREEMAN FLAT RD",241.00,W,N,B,-,Y,,,198,,,,,,W,Y,3,0,1,1,A,-,08,22107,,N,E,I,A,A,H,-,A,D,0,,,Y,,Y,,C,02,0,1,0,0,0,0,0,0,1,"- ","- ",36.140201568603516,-121.01132202148438,MONTEREY,UNINCORPORATED,-121.01132965087891,36.140201568603516
90743693,2018,2018-06-07,9735,2018-06-03,1410,020302,,7,2,9,2700,0,1,2,,2,044,"US-101 S/B","JOLON RD",7920.00,N,N,A,-,Y,,,101,,,,,,S,Y,4,0,1,2,A,-,07,21658,A,N,B,C,A,A,H,-,A,D,0,,,,,Y,,A,07,0,0,1,0,0,0,0,0,0,"- ","- ",35.895378112792969,-120.84191131591797,MONTEREY,UNINCORPORATED,-120.84182739257812,35.895378112792969
90743756,2018,2018-06-07,9735,2018-06-03,1045,016696,,7,1,9,2700,0,1,2,,1,040,"US 101 SB","ESPINOSA ROAD O/C",1056.00,S,N,A,-,Y,,,,,,,,,,Y,4,0,1,1,A,-,08,22107,,N,E,I,A,A,H,-,A,D,0,,,,,Y,,A,07,0,0,1,0,0,0,0,0,0,"- ","- ",36.310520172119141,-121.23203277587891,MONTEREY,UNINCORPORATED,-121.65741729736328,36.731849670410156
8465918,2018,2019-08-08,2712,2018-11-03,2119,1062,2712,6,5,3,2712,0,0,0,,0,001,"CARDOZA AV","DOLPHIN CIR",39.00,S,N,A,-,N,,,,,,,,,,N,1,1,1,2,C,-,18,,,N,A,C,A,A,H,-,C,D,0,,,,,Y,,-,"- ",0,0,1,0,0,0,0,0,0,"- ","- ",,,MONTEREY,MARINA,-121.80186462402344,36.696868896484375
8466324,2017,2017-10-10,2703,2017-09-15,1252,0098,2703,5,5,2,2703,0,0,0,,0,ALL,"ALTA ST","3RD ST",0.00,S,N,A,-,N,,,,,,,,,,N,4,0,1,2,A,-,21,22106,,N,B,C,A,A,H,-,A,D,0,,,,,Y,,A,08,0,0,1,0,0,0,0,0,0,"- ","- ",,,MONTEREY,GONZALES,-121.44395993000001,36.505850019999997
8466863,2017,2017-10-12,2712,2017-09-25,0726,1073,2712,1,5,3,2712,0,0,0,,0,001,"DEL MONTE BL","MARINA GREEN DR",15.00,N,N,A,-,N,,,,,,,,,,N,2,0,1,2,A,-,10,21950,A,N,G,B,B,A,H,-,B,A,0,Y,,,,Y,,D,22,1,0,0,0,1,0,0,0,0,"- ","- ",,,MONTEREY,MARINA,-121.79199259000001,36.699584799999997
8467401,2017,2017-10-31,2706,2017-10-05,1003,121,MPD,4,5,4,2706,0,0,0,,0,001,"LIGHTHOUSE AV","IRVING AV",214.00,S,N,A,-,N,,,,,,,,,,N,4,0,2,3,A,-,03,22350,,N,C,C,A,A,H,-,A,D,0,,,,Y,Y,,G,25,0,0,2,0,0,0,0,0,0,"- ","- ",,,MONTEREY,MONTEREY,-121.90321428999999,36.615341409999999
8467818,2017,2017-11-27,2706,2017-10-05,1249,410,MPD,4,5,4,2706,0,0,0,,0,003,"DELMONTE AV","CASA VERDE WY",15.00,E,N,A,-,N,,,,,,,,,,N,4,0,1,2,A,-,03,22350,,F,C,C,A,A,H,-,A,A,0,,,,,Y,,A,07,0,0,1,0,0,0,0,0,0,"- ","- ",,,MONTEREY,MONTEREY,-121.86655537,36.60210008
8467822,2017,2017-11-21,2706,2017-10-02,1811,315,,1,5,4,2706,0,0,0,,0,003,"NORTH FREMONT",RAMONA,0.00,,Y,A,-,N,,,,,,,,,,N,4,0,1,2,A,-,04,21703,,N,C,C,A,A,H,-,-,A,0,,,,,Y,,A,07,0,0,1,0,0,0,0,0,0,"- ","- ",,,MONTEREY,MONTEREY,-121.85625992999999,36.597210019999999
8469473,2018,2018-08-02,2708,2018-02-12,1528,28315,SALIN,1,5,6,2708,0,0,0,,0,006,"RT 183","CASSENTINE ST",450.00,N,N,A,-,Y,MON,5,183,-,-,0.130,H,-,N,N,3,0,1,2,A,-,08,22100,B,N,D,C,A,A,H,-,A,D,0,,,Y,,Y,,D,22,0,1,0,0,0,0,0,0,1,"- ","- ",,,MONTEREY,SALINAS,-121.65279388427734,36.685317993164062
8469477,2018,2018-08-02,2708,2018-02-15,1651,56793,,4,5,6,2708,0,0,0,,0,008,"EAST MARKET ST","MERCED ST",0.00,,Y,A,-,Y,MON,5,101,-,-,87.440,R,4,S,Y,3,0,1,2,A,-,09,21802,A,N,D,C,A,A,H,-,A,A,0,,,,,Y,,D,22,0,1,0,0,0,0,0,0,0,"- ","- ",,,MONTEREY,SALINAS,-121.64190673828125,36.679599761962891
8469484,2018,2018-07-06,2708,2018-02-20,0900,71507,,2,5,6,2708,0,0,0,,0,012,"ABBOTT ST","SPICER ST",25.00,,N,A,F,N,,,,,,,,,,N,4,0,1,2,A,-,05,21650,1,N,B,G,A,A,H,-,A,D,0,,Y,,,Y,,L,04,0,0,1,0,0,0,1,0,0,"- ","- ",,,MONTEREY,SALINAS,-121.64438629150391,36.666118621826172
8469497,2018,2018-08-02,2708,2018-02-17,1256,49532,SALIN,6,5,6,2708,0,0,0,,0,008,"RT 101","E MARKET",1.00,N,N,A,-,Y,MON,5,101,-,-,87.440,R,4,S,N,3,0,1,2,A,-,05,21650,1,N,-,G,A,A,H,-,A,A,0,,Y,,,Y,,L,04,0,1,0,0,0,0,1,0,0,"- ","- ",,,MONTEREY,SALINAS,-121.64190673828125,36.679599761962891
8469498,2018,2018-08-02,2708,2018-02-10,1730,31968,SALIN,6,5,6,2708,0,0,0,,0,010,"EAST MARKET ST","S RT 101",5.00,N,N,A,-,Y,MON,5,101,-,-,87.440,R,4,S,N,3,0,1,2,A,-,10,21950,A,F,G,B,C,A,H,-,B,D,0,Y,,,,Y,Y,A,01,0,1,0,0,1,0,0,0,0,"- ","- ",,,MONTEREY,SALINAS,-121.64190673828125,36.679599761962891
8469499,2018,2018-08-02,2708,2018-02-12,1715,74125,7,1,5,6,2708,0,0,0,,0,007,"RT 68","PINE ST",25.00,W,N,A,-,Y,MON,5,68,-,-,20.730,I,5,E,N,3,0,1,2,A,-,10,21950,A,N,-,B,B,A,H,-,A,A,0,Y,,,,Y,,D,22,0,1,0,0,1,0,0,0,0,"- ","- ",,,MONTEREY,SALINAS,-121.65650177001953,36.666229248046875
90743936,2018,2018-06-08,9730,2018-05-30,1600,022039,,3,2,9,2700,0,1,3,,1,066,"SR-183 (MERRITT STREET)","SPEEGLE STREET",250.00,S,N,A,-,Y,,,183,,,,,,,N,4,0,2,2,A,-,03,22350,,N,C,C,A,A,H,-,A,D,0,,,,,Y,,A,01,0,0,2,0,0,0,0,0,0,"- ","- ",36.766990661621094,-121.75975799560547,MONTEREY,UNINCORPORATED,-121.759765625,36.766986846923828
90744450,2018,2018-06-08,9735,2018-06-01,1220,020168,,5,1,9,2700,0,1,3,,1,034,"SR-198 E/B","CATTLEMEN RD",0.00,,Y,A,-,Y,,,198,,,,,,E,Y,4,0,1,1,A,-,03,22350,,N,E,I,A,A,H,-,A,D,0,,,,,Y,,A,07,0,0,1,0,0,0,0,0,0,"- ","- ",36.126300811767578,-121.01583862304688,MONTEREY,UNINCORPORATED,-121.01587677001953,36.126331329345703
90744928,2018,2018-06-11,9730,2018-06-01,1715,022061,,5,2,9,2700,0,1,3,,1,066,"N/B SR-183","WASHINGTON STREET",0.00,,Y,A,-,Y,,,183,,,,,,,N,4,0,1,2,A,-,09,21802,A,N,D,C,A,A,H,-,A,A,0,,,,,Y,,A,01,0,0,1,0,0,0,0,0,0,"- ","- ",36.769371032714844,-121.76290893554688,MONTEREY,UNINCORPORATED,-121.76292419433594,36.76934814453125
90745168,2018,2018-06-11,9730,2018-06-01,0855,021794,,5,1,9,2700,0,1,3,,1,022,"S/B SR-1",SR-68,528.00,S,N,A,-,Y,,,1,,,,,,,Y,3,0,1,2,A,-,07,21658,A,N,B,C,A,A,H,-,A,D,0,,,Y,,Y,,A,01,0,1,0,0,0,0,0,0,1,"- ","- ",36.572689056396484,-121.91307830810547,MONTEREY,UNINCORPORATED,-121.91311645507812,36.572689056396484
90745260,2018,2018-06-11,9730,2018-06-02,1225,021120,,6,1,9,2700,0,1,2,,1,050,"SANBORN RD TO US-101 SB","SANBORN RD.",720.00,S,N,A,-,Y,,,,,,,,,,N,4,0,1,2,A,-,03,22350,,F,C,C,A,A,H,-,A,D,0,,,,,Y,,-,99,0,0,1,0,0,0,0,0,0,"- ","- ",36.665119171142578,-121.62612915039062,MONTEREY,UNINCORPORATED,-121.63584136962891,36.657249450683594
90745309,2018,2018-06-11,9730,2018-06-03,1707,022061,,7,2,6,2708,0,1,2,,1,050,"US-101 N/B TO BORONDA ROAD","BORONDA ROAD",1056.00,S,N,A,-,Y,,,101,,,,R,,N,Y,4,0,1,1,A,-,01,23152,A,N,F,A,A,A,H,-,A,D,0,,,,,Y,Y,A,07,0,0,1,0,0,0,0,0,0,"- ","- ",36.718639373779297,-121.66091156005859,MONTEREY,SALINAS,-121.66091156005859,36.718639373779297
90745722,2018,2018-06-11,9730,2018-06-03,2002,020899,,7,2,9,2700,0,1,2,,1,030,"NORTHBOUND US-101","ESPERANZA ROAD",2218.00,S,N,A,-,Y,,,101,,,,,,,Y,4,0,1,2,A,-,03,22350,,N,C,C,A,A,H,-,B,D,0,,,,,Y,,A,01,0,0,1,0,0,0,0,0,0,"- ","- ",36.592281341552734,-121.54203033447266,MONTEREY,UNINCORPORATED,-121.54199981689453,36.592311859130859
90746016,2018,2018-06-12,9730,2018-05-31,1640,022039,,4,2,9,2700,0,3,5,,2,007,"ELKHORN ROAD","CAMPAGNA WAY",1584.00,N,N,A,-,N,,,,,,,,,,Y,2,0,1,2,A,-,09,21801,A,N,D,C,A,A,H,-,A,D,0,,,Y,,Y,,D,22,1,0,0,0,0,0,0,0,1,"- ","- ",36.839618682861328,-121.73461151123047,MONTEREY,UNINCORPORATED,-121.73438262939453,36.839408874511719
90746034,2018,2018-06-12,9730,2018-06-02,1716,020899,,6,2,9,2700,0,1,2,,1,070,"NORTHBOUND US-101","SALA ROAD",8.00,S,N,A,-,Y,,,101,,,,,,,Y,3,0,2,2,A,-,07,21658,A,N,B,C,A,A,H,-,A,D,0,,,,,Y,,A,07,0,2,0,0,0,0,0,0,0,"- ","- ",36.74359130859375,-121.66013336181641,MONTEREY,UNINCORPORATED,-121.66036224365234,36.743503570556641
90746081,2018,2018-06-12,9730,2018-06-02,1434,020899,,6,2,9,2700,0,1,2,,1,070,"NORTHBOUND US-101","SALA ROAD",476.00,N,N,A,-,Y,,,101,,,,,,,Y,2,0,2,1,C,-,18,,,N,H,J,A,A,H,-,A,D,0,,,Y,,Y,,-,"- ",1,1,0,0,0,0,0,0,2,"- ","- ",36.745040893554688,-121.66074371337891,MONTEREY,UNINCORPORATED,-121.66091918945312,36.744972229003906
90746088,2018,2018-06-12,9730,2018-06-02,0840,016537,,6,1,9,2700,0,1,2,,1,050,"US-101 N/B","SPENCE RD.",0.00,,Y,A,-,Y,,,101,,,,,,N,Y,2,0,3,4,A,-,09,21802,A,N,D,C,A,A,H,-,A,D,0,,,,,Y,,D,22,2,0,1,0,0,0,0,0,0,"- ","- ",36.612808227539062,-121.56697845458984,MONTEREY,UNINCORPORATED,-121.56696319580078,36.612838745117188
90746111,2018,2018-06-12,9730,2018-06-03,1424,020899,,7,2,9,2700,0,1,3,,1,072,SR-156,"VALLEY ROAD",154.00,E,N,A,-,Y,,,156,,,,,,,Y,3,0,3,3,A,-,03,22350,,N,C,C,A,A,H,-,A,D,0,,,,Y,Y,,A,07,0,2,1,0,0,0,0,0,0,"- ","- ",36.78253173828125,-121.69461059570312,MONTEREY,UNINCORPORATED,-121.69459533691406,36.782485961914062
90746624,2018,2018-06-12,9730,2018-06-06,0835,017785,,3,1,9,2700,0,1,2,,1,030,"US-101 NORTHBOUND","OLD STAGE ROAD",3696.00,N,N,B,-,Y,,,101,,,,,,N,Y,4,0,1,2,A,-,03,22350,,N,C,C,A,A,H,-,A,D,0,,,,,Y,,A,01,0,0,1,0,0,0,0,0,0,"- ","- ",36.529491424560547,-121.47276306152344,MONTEREY,UNINCORPORATED,-121.47272491455078,36.529533386230469
90746832,2018,2018-06-12,9735,2018-06-10,1324,020057,,7,1,9,2700,0,3,5,,2,001,"ELMV AVE.","ARROYO SECO RD.",2112.00,E,N,A,-,N,,,,,,,,,,Y,3,0,1,2,A,-,21,22106,,N,D,C,A,A,H,-,A,D,0,,,Y,,Y,,A,01,0,1,0,0,0,0,0,0,1,"- ","- ",36.279499053955078,-121.32015228271484,MONTEREY,UNINCORPORATED,,
90746855,2018,2018-06-12,9730,2018-05-31,1930,022039,,4,2,9,2700,0,3,5,,2,002,"SAN BENANCIO ROAD","PASEO DE VAQUEROS",0.00,,Y,A,-,N,,,,,,,,,,Y,3,0,1,2,A,-,09,21802,A,N,D,C,A,A,H,-,A,A,0,,,,,Y,,A,01,0,1,0,0,0,0,0,0,0,"- ","- ",36.571620941162109,-121.71022796630859,MONTEREY,UNINCORPORATED,-121.71952819824219,36.578411102294922
90747111,2018,2018-06-13,9735,2018-06-05,1235,019800,,2,1,9,2700,0,1,3,,1,034,SR-198,"PEACH TREE RD",11088.00,E,N,A,-,Y,,,198,,,,,,,N,2,0,1,1,A,-,08,22107,,N,F,A,A,A,H,-,A,D,0,,,Y,,Y,,C,02,1,0,0,0,0,0,0,0,1,"- ","- ",36.187671661376953,-120.81967926025391,MONTEREY,UNINCORPORATED,-120.81967163085938,36.187625885009766
90747132,2018,2018-06-13,9730,2018-06-05,2030,020578,,2,2,9,2700,0,2,4,,1,073,"SAN MIGUEL CANYON ROAD","CASTROVILLE BLVD.",1056.00,W,N,A,-,N,,,,,,,,,,Y,3,0,2,4,A,-,03,22350,,N,C,C,A,A,H,-,D,D,0,,,,,Y,,A,01,0,2,0,0,0,0,0,0,0,"- ","- ",36.811080932617188,-121.67353057861328,MONTEREY,UNINCORPORATED,-121.67354583740234,36.810935974121094
90747146,2018,2018-06-13,9730,2018-06-05,2150,020598,,2,2,6,2708,0,1,2,,1,030,"US-101 S/B","POTTER ROAD",10.00,S,N,A,G,Y,,,,,,,,,,Y,4,0,1,1,A,-,03,22350,,N,F,J,A,A,H,-,D,D,0,,,Y,,Y,,C,02,0,0,1,0,0,0,0,0,1,"- ","- ",36.605438232421875,-121.55715942382812,MONTEREY,SALINAS,-121.55718231201172,36.605430603027344
90747175,2018,2018-06-13,9730,2018-06-06,0200,020578,,3,3,9,2700,0,1,2,,1,070,"US-101 S/B","CRAZY HORSE CYN. OVER-CROSS",1584.00,N,N,B,-,Y,,,101,,,,,,S,Y,3,0,1,1,A,-,01,23152,A,N,E,I,A,A,H,-,D,D,0,,,,,Y,Y,D,22,0,1,0,0,0,0,0,0,0,"- ","- ",36.823230743408203,-121.62973022460938,MONTEREY,UNINCORPORATED,-121.62971496582031,36.823223114013672
90747293,2018,2018-06-13,9730,2018-06-05,2125,021707,,2,2,9,2700,0,1,3,,1,014,SR-1,"GRANGE ROAD",792.00,S,N,A,-,Y,,,1,,,,,,,Y,2,0,1,2,A,-,01,23152,A,M,A,C,A,A,H,-,D,D,0,,,,,Y,Y,A,07,1,0,0,0,0,0,0,0,0,"- ","- ",36.264308929443359,-121.79557800292969,MONTEREY,UNINCORPORATED,-121.79560089111328,36.264236450195312