CASE_ID,ACCIDENT_YEAR,PROC_DATE,JURIS,COLLISION_DATE,COLLISION_TIME,OFFICER_ID,REPORTING_DISTRICT,DAY_OF_WEEK,CHP_SHIFT,POPULATION,CNTY_CITY_LOC,SPECIAL_COND,BEAT_TYPE,CHP_BEAT_TYPE,CITY_DIVISION_LAPD,CHP_BEAT_CLASS,BEAT_NUMBER,PRIMARY_RD,SECONDARY_RD,DISTANCE,DIRECTION,INTERSECTION,WEATHER_1,WEATHER_2,STATE_HWY_IND,CALTRANS_COUNTY,CALTRANS_DISTRICT,STATE_ROUTE,ROUTE_SUFFIX,POSTMILE_PREFIX,POSTMILE,LOCATION_TYPE,RAMP_INTERSECTION,SIDE_OF_HWY,TOW_AWAY,COLLISION_SEVERITY,NUMBER_KILLED,NUMBER_INJURED,PARTY_COUNT,PRIMARY_COLL_FACTOR,PCF_CODE_OF_VIOL,PCF_VIOL_CATEGORY,PCF_VIOLATION,PCF_VIOL_SUBSECTION,HIT_AND_RUN,TYPE_OF_COLLISION,MVIW,PED_ACTION,ROAD_SURFACE,ROAD_COND_1,ROAD_COND_2,LIGHTING,CONTROL_DEVICE,CHP_ROAD_TYPE,PEDESTRIAN_ACCIDENT,BICYCLE_ACCIDENT,MOTORCYCLE_ACCIDENT,TRUCK_ACCIDENT,NOT_PRIVATE_PROPERTY,ALCOHOL_INVOLVED,STWD_VEHTYPE_AT_FAULT,CHP_VEHTYPE_AT_FAULT,COUNT_SEVERE_INJ,COUNT_VISIBLE_INJ,COUNT_COMPLAINT_PAIN,COUNT_PED_KILLED,COUNT_PED_INJURED,COUNT_BICYCLIST_KILLED,COUNT_BICYCLIST_INJURED,COUNT_MC_KILLED,COUNT_MC_INJURED,PRIMARY_RAMP,SECONDARY_RAMP,LATITUDE,LONGITUDE,COUNTY,CITY,POINT_X,POINT_Y
90747372,2018,2018-06-13,9735,2018-06-05,1720,019800,,2,2,9,2700,0,1,2,,1,040,"US-101 S/B TO OAK AVE.","OAK AVE",430.00,N,N,A,-,Y,,,,,,,,,,Y,3,0,1,2,A,-,03,22350,,N,C,C,A,A,H,-,A,A,0,,,,,Y,,A,01,0,1,0,0,0,0,0,0,0,"- ","- ",36.325080871582031,-121.23973083496094,MONTEREY,UNINCORPORATED,-121.23909759521484,36.324676513671875
90747525,2018,2018-06-13,9735,2018-06-08,0529,019700,,5,3,9,2700,0,3,5,,2,004,"CATTLEMEN ROAD",US-101,131.00,E,N,A,-,N,,,,,,,,,,Y,4,0,2,2,A,-,09,21802,A,N,D,C,A,A,H,-,A,D,0,,,,,Y,,A,07,0,0,2,0,0,0,0,0,0,"- ","- ",36.013198852539062,-120.92163848876953,MONTEREY,UNINCORPORATED,,
90747597,2018,2018-06-13,9730,2018-04-25,1636,021856,,3,2,9,2700,0,1,3,,1,068,SR-68,"CORRAL DE TIERRA RD",1056.00,E,N,A,-,Y,,,68,,,,,,,N,4,0,1,3,A,-,03,22350,,N,C,C,A,A,H,-,A,D,0,,,,,Y,,A,08,0,0,1,0,0,0,0,0,0,"- ","- ",36.578788757324219,-121.72390747070312,MONTEREY,UNINCORPORATED,-121.72391510009766,36.578865051269531
90747603,2018,2018-06-13,9735,2018-06-08,1527,019330,,5,2,9,2700,0,1,2,,1,041,"CENTRAL AVE",US-101,2.00,E,N,A,-,Y,,,,,,,,,,Y,2,0,5,2,A,-,08,22107,,N,D,C,A,A,H,-,A,D,0,,,,,Y,,D,22,1,4,0,0,0,0,0,0,0,"- ","- ",36.141689300537109,-121.10285949707031,MONTEREY,UNINCORPORATED,-121.17449951171875,36.233798980712891
90747768,2018,2018-06-13,9730,2018-06-05,1628,022061,,2,2,9,2700,0,2,4,,1,075,"SAN JUAN ROAD","AROMAS ROAD",100.00,E,N,A,-,N,,,,,,,,,,Y,2,0,2,2,A,-,03,22350,,N,C,C,A,A,H,-,A,D,0,,,,Y,Y,,A,01,1,1,0,0,0,0,0,0,0,"- ","- ",36.88201904296875,-121.66187286376953,MONTEREY,UNINCORPORATED,-121.66188812255859,36.882568359375
90748009,2018,2018-06-14,9730,2018-06-07,1519,019127,,4,2,9,2700,0,1,2,,1,030,"US-101 S/B","MAIN ST. (CHUALAR)",13200.00,S,N,A,-,Y,,,101,,,,,,S,Y,4,0,1,2,A,-,03,22350,,N,C,C,A,A,H,-,A,D,0,,,,,Y,,A,01,0,0,1,0,0,0,0,0,0,"- ","- ",36.542350769042969,-121.48844909667969,MONTEREY,UNINCORPORATED,-121.48849487304688,36.542293548583984
90748113,2018,2018-06-14,9730,2018-06-07,1113,019569,,4,1,9,2700,0,1,2,,1,070,"US-101 S/B","SAN MIGUEL CANYON RD",1584.00,N,N,A,-,Y,,,101,,,,,,S,Y,3,0,1,3,A,-,03,22350,,N,C,C,A,A,H,-,A,D,0,,,,Y,Y,,A,07,0,1,0,0,0,0,0,0,0,"- ","- ",36.801639556884766,-121.66040802001953,MONTEREY,UNINCORPORATED,-121.66041564941406,36.801647186279297
90748127,2018,2018-06-14,9730,2018-06-05,1115,017580,,2,1,9,2700,0,3,5,,2,005,"VIERRA CANYON ROAD","REAVIS WAY",25.00,E,N,B,-,N,,,,,,,,,,Y,3,0,1,1,A,-,01,23152,A,N,F,A,A,A,H,-,A,D,0,,,,,Y,Y,A,07,0,1,0,0,0,0,0,0,0,"- ","- ",36.798408508300781,-121.64469146728516,MONTEREY,UNINCORPORATED,-121.64461517333984,36.798477172851562
90748252,2018,2018-06-14,9730,2018-06-08,1040,015160,,5,1,9,2700,0,1,3,,1,074,"HILLTOP ROAD","SALINAS ROAD",3.00,S,N,A,-,N,,,,,,,,,,N,4,0,1,2,C,-,18,,,N,A,C,A,A,H,-,A,A,0,,,,,Y,,-,"- ",0,0,1,0,0,0,0,0,0,"- ","- ",36.869781494140625,-121.77130889892578,MONTEREY,UNINCORPORATED,,
90748267,2018,2018-06-14,9730,2018-06-07,0815,016666,,4,1,9,2700,0,1,3,,1,022,"SR-1 S/B","OCEAN AVENUE",2.00,S,N,A,-,Y,,,1,,,,,,S,N,4,0,1,2,A,-,21,22106,,N,B,G,A,A,H,-,A,A,0,,Y,,,Y,,D,22,0,0,1,0,0,0,1,0,0,"- ","- ",36.555648803710938,-121.91100311279297,MONTEREY,UNINCORPORATED,-121.91111755371094,36.555633544921875
90748753,2018,2018-06-15,9730,2018-06-13,2340,021660,,3,3,9,2700,0,2,S,,2,904,"SEELY AVE","CARPENTERIA RD",0.00,,Y,A,-,N,,,,,,,,,,Y,2,0,3,1,A,-,01,23152,A,N,E,I,A,A,H,-,D,D,0,,,,,Y,Y,A,01,1,2,0,0,0,0,0,0,0,"- ","- ",36.879791259765625,-121.64140319824219,MONTEREY,UNINCORPORATED,-121.64131927490234,36.8797607421875
90749026,2018,2018-06-15,9730,2018-06-08,1526,022092,,5,2,9,2700,0,3,5,,2,006,"MONTE ROAD","NASHUA ROAD",4752.00,S,N,A,-,N,,,,,,,,,,Y,4,0,1,1,A,-,08,22107,,N,E,I,A,A,H,-,A,D,0,,,,,Y,,A,01,0,0,1,0,0,0,0,0,0,"- ","- ",36.733829498291016,-121.77969360351562,MONTEREY,UNINCORPORATED,-121.77964019775391,36.733787536621094
90749151,2018,2018-06-15,9730,2018-06-08,1105,021776,,5,1,9,2700,0,3,5,,2,007,"CASTROVILLE BOULEVARD","PARADISE ROAD",0.00,,Y,A,-,N,,,,,,,,,,Y,4,0,1,2,A,-,03,22350,,N,C,C,A,A,H,-,A,D,0,,,,,Y,,A,01,0,0,1,0,0,0,0,0,0,"- ","- ",36.799140930175781,-121.69841766357422,MONTEREY,UNINCORPORATED,-121.69850158691406,36.799171447753906
90749751,2018,2018-06-18,9730,2018-06-02,1119,021794,,6,1,9,2700,0,2,4,,2,063,"BLANCO ROAD","COOPER ROAD",0.00,,N,A,-,N,,,,,,,,,,Y,4,0,1,1,A,-,01,23152,A,N,A,I,A,A,H,-,A,D,0,,,,,Y,Y,A,07,0,0,1,0,0,0,0,0,0,"- ","- ",36.678218841552734,-121.74446868896484,MONTEREY,UNINCORPORATED,-121.73502349853516,36.678699493408203
90749825,2018,2018-06-18,9730,2018-06-09,0105,022047,,6,3,9,2700,0,3,5,,2,006,"BLACKIE RD.","ROLLING MEADOWS LN",1584.00,W,N,A,-,N,,,,,,,,,,Y,3,0,1,1,A,-,01,23152,A,N,F,I,A,A,H,-,D,D,0,,,Y,,Y,Y,C,02,0,1,0,0,0,0,0,0,1,"- ","- ",36.777320861816406,-121.69200134277344,MONTEREY,UNINCORPORATED,-121.69117736816406,36.777183532714844
90749953,2018,2018-07-09,9730,2018-06-08,0148,020701,,5,3,9,2700,0,2,4,,1,073,"HALL ROAD","JOHNSON ROAD",900.00,E,N,A,-,N,,,,,,,,,,Y,3,0,1,1,C,-,18,,,N,H,H,A,A,H,-,D,D,0,,,,,Y,,-,"- ",0,1,0,0,0,0,0,0,0,"- ","- ",36.860530853271484,-121.70407867431641,MONTEREY,UNINCORPORATED,-121.70431518554688,36.860515594482422
90749962,2018,2018-06-18,9730,2018-06-09,2019,020933,,6,2,9,2700,0,3,5,,2,007,"DOLAN ROAD","AVILA RD",0.00,,Y,A,-,N,,,,,,,,,,Y,4,0,1,2,D,-,00,,,N,D,C,A,A,H,-,A,D,0,,,Y,,Y,,-,"- ",0,0,1,0,0,0,0,0,1,"- ","- ",36.79779052734375,-121.74546051025391,MONTEREY,UNINCORPORATED,-121.74549102783203,36.79779052734375
90750017,2018,2018-06-18,9730,2018-06-10,0159,021856,,7,3,9,2700,0,3,5,,2,005,"DAMIAN WAY","ASSISI WAY",1056.00,E,N,A,-,N,,,,,,,,,,Y,2,0,1,1,A,-,01,23152,A,N,E,I,A,A,H,-,C,D,0,,,,,Y,Y,A,01,1,0,0,0,0,0,0,0,0,"- ","- ",36.761768341064453,-121.66143798828125,MONTEREY,UNINCORPORATED,-121.66136932373047,36.761665344238281
90750147,2018,2018-06-18,9730,2018-06-10,2002,020899,,7,2,9,2700,0,3,5,,2,005,"RUSSELL ROAD","HARRISON ROAD",0.00,,Y,A,-,N,,,,,,,,,,Y,4,0,3,3,A,-,12,21453,A,N,D,C,A,A,H,-,B,A,0,,,,,Y,,A,01,0,0,3,0,0,0,0,0,0,"- ","- ",36.734519958496094,-121.65625762939453,MONTEREY,UNINCORPORATED,-121.65621185302734,36.734428405761719
90750208,2018,2018-10-04,9730,2018-06-10,1610,019529,,7,2,9,2700,0,1,3,,1,022,"STATE ROUTE 1","OCEAN AVE.",0.00,,Y,A,-,Y,,,1,,,,,,,Y,3,0,2,1,A,-,08,22107,,N,F,A,A,A,H,-,A,D,0,,,Y,,Y,,C,02,0,1,1,0,0,0,0,0,2,"- ","- ",36.555900573730469,-121.91118621826172,MONTEREY,UNINCORPORATED,-121.91115570068359,36.555904388427734
90750377,2018,2018-06-18,9730,2018-06-11,1747,020933,,1,2,9,2700,0,1,3,,1,068,"SR-68 (SALINAS HIGHWAY)","SAN BENANCIO ROAD",200.00,E,N,A,-,Y,,,68,,,,,,,N,4,0,1,2,A,-,01,23152,A,M,C,C,A,A,H,-,A,A,0,,,,,Y,Y,A,01,0,0,1,0,0,0,0,0,0,"- ","- ",36.580398559570312,-121.71977996826172,MONTEREY,UNINCORPORATED,-121.71974182128906,36.580333709716797
90750805,2018,2018-06-19,9730,2018-06-11,1100,017785,,1,1,9,2700,0,3,5,,2,003,"ALISAL ROAD","HARTNELL ROAD",6336.00,N,N,A,-,N,,,,,,,,,,Y,2,0,2,2,A,-,01,23152,A,N,D,C,A,A,H,-,A,D,0,,,,Y,Y,Y,A,01,1,1,0,0,0,0,0,0,0,"- ","- ",36.659660339355469,-121.58952331542969,MONTEREY,UNINCORPORATED,-121.58935546875,36.659526824951172
90750911,2018,2018-06-19,9730,2018-06-12,2325,022061,,2,3,9,2700,0,1,2,,1,050,"US-101 NORTHBOUND","FAIRVIEW AVENUE",450.00,S,N,A,-,Y,,,,,,,,,,Y,3,0,3,2,A,-,03,22350,,N,C,C,A,A,H,-,D,D,0,,,,,Y,,A,01,0,3,0,0,0,0,0,0,0,"- ","- ",36.664798736572266,-121.62519836425781,MONTEREY,UNINCORPORATED,,
90751155,2018,2018-06-19,9730,2018-06-14,1815,020621,,4,2,9,2700,0,3,5,,2,007,"MERIDIAN ROAD","DYER ROAD",0.00,,Y,A,-,N,,,,,,,,,,Y,3,0,3,2,A,-,12,22450,A,N,D,C,A,A,H,-,A,A,0,,,,,Y,,A,01,0,2,1,0,0,0,0,0,0,"- ","- ",36.78839111328125,-121.68356323242188,MONTEREY,UNINCORPORATED,-121.68350982666016,36.788318634033203
90751255,2018,2018-06-19,9730,2018-06-15,1515,020621,,5,2,9,2700,0,1,3,,1,068,SR-68,"SAN BENANCIO ROAD",80.00,E,N,A,-,Y,,,68,,,,,,,Y,4,0,1,2,A,-,03,22350,,N,C,C,A,A,H,-,A,A,0,,,,,Y,,A,08,0,0,1,0,0,0,0,0,0,"- ","- ",36.579898834228516,-121.72075653076172,MONTEREY,UNINCORPORATED,-121.72069549560547,36.579792022705078
90751730,2018,2018-06-20,9730,2018-06-14,2038,019127,,4,2,6,2708,0,1,2,,1,050,"US-101 N/B","LAUREL DR.",2112.00,S,N,B,-,Y,,,101,,,,,,N,Y,4,0,1,1,A,-,08,22107,,N,E,I,A,A,H,-,B,D,0,,,,,Y,,A,01,0,0,1,0,0,0,0,0,0,"- ","- ",36.694129943847656,-121.66246795654297,MONTEREY,SALINAS,-121.66240692138672,36.694175720214844
90752076,2018,2018-06-20,9730,2018-06-18,1645,018350,,1,2,9,2700,0,1,3,,1,072,SR-156,"MCGUFFIE ROAD",200.00,W,N,B,-,Y,,,156,,,,,,,Y,4,0,1,2,A,-,03,22350,,N,C,C,A,A,H,-,A,D,0,,,,,Y,,D,22,0,0,1,0,0,0,0,0,0,"- ","- ",36.788639068603516,-121.67475891113281,MONTEREY,UNINCORPORATED,-121.67476654052734,36.788669586181641
90752217,2018,2018-06-20,9730,2018-06-13,1830,022039,,3,2,9,2700,0,3,5,,2,006,"RESERVATION ROAD","DAVIS ROAD",3168.00,W,N,A,-,N,,,,,,,,,,Y,4,0,1,1,A,-,01,23152,A,M,E,I,A,A,H,-,A,D,0,,,,,Y,Y,A,01,0,0,1,0,0,0,0,0,0,"- ","- ",36.645088195800781,-121.71719360351562,MONTEREY,UNINCORPORATED,-121.70767974853516,36.638278961181641
90752711,2018,2018-06-21,9730,2018-06-13,1645,020208,,3,2,9,2700,0,3,5,,2,007,"CRAZY HORSE CANYON ROAD",US-101,0.00,,Y,A,-,N,,,,,,,,,,Y,3,0,2,2,A,-,09,21801,A,N,D,C,A,A,H,-,A,D,0,,,,,Y,,A,01,0,1,1,0,0,0,0,0,0,"- ","- ",36.818660736083984,-121.63327789306641,MONTEREY,UNINCORPORATED,-121.63295745849609,36.818431854248047
90753249,2018,2018-06-21,9730,2018-06-15,1715,019127,,5,2,9,2700,0,1,2,,1,030,"US-101 S/B","GLORIA ROAD",200.00,N,N,A,-,Y,,,101,,,,,,S,Y,4,0,1,3,A,-,03,22350,,M,C,C,A,A,H,-,A,D,0,,,,,Y,,A,07,0,0,1,0,0,0,0,0,0,"- ","- ",36.493610382080078,-121.42759704589844,MONTEREY,UNINCORPORATED,-121.42759704589844,36.493610382080078
90753288,2018,2018-06-21,9735,2018-06-11,1426,017257,,1,2,9,2700,0,1,2,,2,045,"US 101 N/B","ALVARADO RD",4224.00,N,N,A,-,Y,,,,,,,,,,Y,3,0,1,3,A,-,08,22107,,N,A,C,A,A,H,-,A,A,0,,,,,Y,,A,01,0,1,0,0,0,0,0,0,0,"- ","- ",35.958999633789062,-120.88334655761719,MONTEREY,UNINCORPORATED,-120.88237762451172,35.957462310791016
90753359,2018,2018-06-21,9735,2018-06-13,2234,020335,,3,3,9,2700,0,1,2,,2,045,"US-101 @ JOLON","BRADLEY RD",5280.00,N,N,A,-,Y,,,101,,,,,,,Y,4,0,1,1,A,-,08,22107,,N,B,A,A,A,H,-,D,D,0,,,,,Y,,A,07,0,0,1,0,0,0,0,0,0,"- ","- ",35.873508453369141,-120.83531951904297,MONTEREY,UNINCORPORATED,-120.83531188964844,35.873523712158203
90753660,2018,2018-06-22,9730,2018-06-15,1500,022092,,5,2,9,2700,0,3,5,,2,003,"LAURELES GRADE","RINCONADA DRIVE",346.00,N,N,A,-,N,,,,,,,,,,Y,4,0,1,1,C,-,18,,,N,E,I,A,A,H,-,A,D,0,,,,,Y,,-,"- ",0,0,1,0,0,0,0,0,0,"- ","- ",36.538219451904297,-121.75267028808594,MONTEREY,UNINCORPORATED,-121.75337219238281,36.538978576660156
90753915,2018,2018-06-22,9730,2018-06-19,1650,020208,,2,2,9,2700,0,1,3,,1,066,SR-183,"BLACKIE ROAD",560.00,E,N,B,-,Y,,,183,,,,,,,Y,3,0,3,3,A,-,03,22350,,N,C,C,A,A,H,-,A,D,0,,,,,Y,,A,01,0,1,2,0,0,0,0,0,0,"- ","- ",36.756221771240234,-121.74516296386719,MONTEREY,UNINCORPORATED,-121.74515533447266,36.756229400634766
90753967,2018,2018-06-22,9730,2018-06-12,1830,022039,,2,2,9,2700,0,3,5,,2,007,"CASTROVILLE BOULEVARD","ELKHORN ROAD",0.00,,Y,A,-,N,,,,,,,,,,Y,3,0,2,2,A,-,09,21802,B,M,D,C,A,A,H,-,A,D,0,,,,,Y,,A,01,0,1,1,0,0,0,0,0,0,"- ","- ",36.795650482177734,-121.72036743164062,MONTEREY,UNINCORPORATED,-121.72038269042969,36.795650482177734
8471117,2017,2017-10-30,2712,2017-10-09,1711,1062,2712,1,5,3,2712,0,0,0,,0,001,"IMJIN PW","PRESTON AV",703.00,S,N,A,-,N,,,,,,,,,,Y,4,0,1,2,A,-,03,22350,,N,C,C,A,A,H,-,A,D,0,,,,,Y,,A,01,0,0,1,0,0,0,0,0,0,"- ","- ",,,MONTEREY,MARINA,-121.77228341999999,36.666928400000003
8471131,2017,2017-10-30,2711,2017-09-15,0947,8221,2711,5,5,3,2711,0,0,0,,0,002,"3RD ST","PALM AV",0.00,,Y,A,-,N,,,,,,,,,,N,4,0,1,2,A,-,10,21950,A,N,G,B,D,A,H,-,A,D,0,Y,,,,Y,,D,22,0,0,1,0,1,0,0,0,0,"- ","- ",,,MONTEREY,SOLEDAD,-121.31651998,36.423080040000002
8471317,2017,2017-10-19,2711,2017-09-30,2154,08221,2711,6,5,3,2711,0,0,0,,0,002,"EAST ST","MONTEREY ST",45.00,W,N,A,-,N,,,,,,,,,,Y,4,0,2,2,A,-,12,22450,A,F,D,D,A,A,H,-,C,A,0,,,,,Y,,A,01,0,0,2,0,0,0,0,0,0,"- ","- ",,,MONTEREY,SOLEDAD,-121.32524444000001,36.425842750000001
8472170,2017,2018-05-31,2708,2017-08-22,1248,35838,2708,2,5,6,2708,0,0,0,,0,006,"NORTH MAIN ST","MENKE ST",160.00,S,N,A,-,Y,MON,5,183,-,-,0.380,H,-,S,Y,4,0,1,2,A,-,09,21804,A,N,A,C,A,A,H,-,A,D,0,,,,,Y,,A,01,0,0,1,0,0,0,0,0,0,"- ","- ",,,MONTEREY,SALINAS,-121.65383586999999,36.681500749999998
8472743,2017,2017-11-02,2707,2017-09-27,0517,2215,2707,3,5,3,2707,0,0,0,,0,001,"FOREST AV","PINE AV",0.00,S,N,-,-,N,,,,,,,,,,N,4,0,1,1,D,-,00,,,N,-,-,A,-,-,-,-,-,0,,,,,Y,,-,"- ",0,0,1,0,0,0,0,0,0,"- ","- ",,,MONTEREY,"PACIFIC GROVE",-121.91879994999999,36.618850109999997
8474255,2017,2017-11-03,2706,2017-10-04,1800,519,MPD,3,5,4,2706,0,0,0,,0,001,"LIGHTHOUSE AV","BOLING RD",125.00,S,N,A,-,N,,,,,,,,,,N,4,0,1,2,A,-,03,22350,,N,C,C,A,A,H,-,A,D,0,,,,,Y,,A,01,0,0,1,0,0,0,0,0,0,"- ","- ",,,MONTEREY,MONTEREY,,
8474259,2017,2017-11-03,2706,2017-10-04,1202,410,,3,5,4,2706,0,0,0,,0,003,"NORTH FREMONT ST",CASANOVA,0.00,,N,A,-,N,,,,,,,,,,N,4,0,1,2,A,-,07,21658,A,N,B,C,A,A,H,-,A,D,0,,,,,Y,,A,01,0,0,1,0,0,0,0,0,0,"- ","- ",,,MONTEREY,MONTEREY,-121.8532299,36.597670039999997
8474514,2017,2017-11-07,2706,2017-10-03,1604,114,MPD,2,5,4,2706,0,0,0,,0,002,"E FRANKLIN ST","TYLER ST",6.00,E,N,A,-,N,,,,,,,,,,N,4,0,1,2,A,-,10,21950,A,N,G,B,B,A,H,-,A,D,0,Y,,,,Y,,A,07,0,0,1,0,1,0,0,0,0,"- ","- ",,,MONTEREY,MONTEREY,-121.89342992,36.599836910000001
8474518,2017,2017-11-07,2706,2017-10-01,1241,114,MPD,7,5,4,2706,0,0,0,,0,002,"PEARL ST","FIGUEROA ST",0.00,,Y,A,-,N,,,,,,,,,,Y,4,0,2,2,A,-,12,22450,A,N,D,C,A,A,H,-,A,D,0,,,,,Y,,A,01,0,0,2,0,0,0,0,0,0,"- ","- ",,,MONTEREY,MONTEREY,-121.89042987000001,36.598010039999998
8475033,2017,2017-11-20,2710,2017-09-05,1444,34127,,2,5,4,2710,0,0,0,,0,003,"DEL MONTE BL","CANYON DEL REY BL",0.00,,Y,A,-,N,,,,,,,,,,Y,3,0,2,2,A,-,02,22400,A,N,C,C,A,A,H,-,A,A,0,,,,,Y,,A,01,0,1,1,0,0,0,0,0,0,"- ","- ",,,MONTEREY,SEASIDE,-121.85599998000001,36.607620050000001
8475182,2017,2017-12-08,2707,2017-10-06,1125,2234,2707,5,5,3,2707,0,0,0,,0,001,"17TH ST","JUNIPERO AV",0.00,,Y,A,-,N,,,,,,,,,,Y,4,0,1,2,A,-,09,21802,,N,A,C,A,A,H,-,A,A,0,,,,,Y,,A,01,0,0,1,0,0,0,0,0,0,"- ","- ",,,MONTEREY,"PACIFIC GROVE",-121.92065991,36.617250009999999
8475215,2017,2017-12-09,2706,2017-10-07,2153,519,MPD,6,5,4,2706,0,0,0,,0,002,"MUNRAS AV","SOLEDAD DR",0.00,,Y,A,-,N,,,,,,,,,,Y,2,0,3,2,A,-,03,22350,,N,D,C,A,A,H,-,C,A,0,,,,,Y,,A,07,2,0,1,0,0,0,0,0,0,"- ","- ",,,MONTEREY,MONTEREY,-121.90185992000001,36.583360050000003
90754000,2018,2018-06-22,9730,2018-06-20,0410,020578,,3,3,9,2700,0,1,2,,1,030,"US-101 S/B","OLD STAGE ROAD",600.00,N,N,B,-,Y,,,101,,,,,,S,Y,3,0,1,1,A,-,08,22107,,N,E,I,A,A,H,-,D,D,0,,,,,Y,,A,01,0,1,0,0,0,0,0,0,0,"- ","- ",36.523891448974609,-121.46527099609375,MONTEREY,UNINCORPORATED,-121.46529388427734,36.523822784423828
90754084,2018,2018-06-22,9730,2018-06-21,0630,017580,,4,1,9,2700,0,2,4,,1,075,"SAN JUAN ROAD","MURPHY ROAD",0.00,,Y,A,-,N,,,,,,,,,,Y,4,0,1,2,A,-,09,21802,A,N,D,C,A,A,H,-,A,A,0,,,,,Y,,A,01,0,0,1,0,0,0,0,0,0,"- ","- ",36.896411895751953,-121.67607879638672,MONTEREY,UNINCORPORATED,-121.67607879638672,36.896411895751953
90754112,2018,2018-06-22,9735,2018-06-18,0600,017257,,1,1,9,2700,0,1,2,,2,045,"US 101 NORTHBOUND","ALVARADO RD",5280.00,S,N,A,-,Y,,,,,,,,,,Y,4,0,3,1,A,-,08,22107,,N,F,A,A,A,H,-,B,A,0,,,,,Y,,D,22,0,0,3,0,0,0,0,0,0,"- ","- ",35.927711486816406,-120.86975860595703,MONTEREY,UNINCORPORATED,-120.87116241455078,35.933147430419922
90754583,2018,2018-06-25,9730,2018-06-19,2325,018302,,2,3,9,2700,0,1,3,,2,062,"SR-1 S/B","TIOGA AVE",350.00,N,N,A,-,Y,,,,,,,,,,Y,4,0,1,1,A,-,08,22107,,N,F,I,A,A,H,-,D,D,0,,,,,Y,,A,01,0,0,1,0,0,0,0,0,0,"- ","- ",36.618789672851562,-121.84832000732422,MONTEREY,UNINCORPORATED,-121.84824371337891,36.618644714355469
90754612,2018,2018-06-25,9730,2018-06-20,1950,020208,,3,2,9,2700,0,1,2,,1,050,US-101,"MARKET STREET",2112.00,N,N,A,-,Y,,,,,,,,,,Y,4,0,1,2,A,-,03,22350,,N,A,C,A,A,H,-,A,D,0,,,,,Y,,A,01,0,0,1,0,0,0,0,0,0,"- ","- ",36.682941436767578,-121.64512634277344,MONTEREY,UNINCORPORATED,-121.64464569091797,36.682731628417969
90754672,2018,2018-06-25,9730,2018-06-17,1740,020899,,7,2,6,2708,0,1,2,,1,050,"NORTHBOUND US-101","BORONDA ROAD",2006.00,S,N,A,-,Y,,,101,,,,,,,Y,4,0,1,2,A,-,07,21658,A,N,B,C,A,A,H,-,A,D,0,,,,,Y,,-,"- ",0,0,1,0,0,0,0,0,0,"- ","- ",36.716461181640625,-121.66120147705078,MONTEREY,SALINAS,-121.66119384765625,36.716457366943359
90754850,2018,2018-06-25,9730,2018-06-17,1354,020899,,7,1,9,2700,0,3,5,,2,005,"SAN JUAN GRADE ROAD","CRAZY HORSE CANYON ROAD",10190.00,N,N,A,-,N,,,,,,,,,,Y,4,0,1,2,A,-,05,21650,,N,B,C,A,A,H,-,A,D,0,,,,,Y,,A,01,0,0,1,0,0,0,0,0,0,"- ","- ",36.793880462646484,-121.5826416015625,MONTEREY,UNINCORPORATED,-121.58263397216797,36.793846130371094
90755232,2018,2018-06-25,9730,2018-05-14,1038,022092,,1,1,9,2700,0,2,4,,1,023,"CARMEL VALLEY ROAD","TASSAJARA ROAD",7920.00,W,N,A,-,N,,,,,,,,,,Y,1,1,0,1,A,-,08,22107,,N,E,I,A,A,H,-,A,D,0,,,,,Y,,D,22,0,0,0,0,0,0,0,0,0,"- ","- ",36.415428161621094,-121.59911346435547,MONTEREY,UNINCORPORATED,-121.59701538085938,36.415145874023438
90755599,2018,2018-06-26,9730,2018-06-19,0510,017785,,2,3,9,2700,0,1,2,,1,030,"US-101 N/B","SPENCE ROAD",0.00,,Y,B,-,Y,,,101,,,,,,N,Y,4,0,1,2,A,-,09,21801,A,N,D,C,A,A,H,-,D,A,0,,,,Y,Y,,G,25,0,0,1,0,0,0,0,0,0,"- ","- ",36.612960815429688,-121.56729125976562,MONTEREY,UNINCORPORATED,-121.56723022460938,36.613037109375
90755711,2018,2018-06-26,9730,2018-06-20,0420,020578,,3,3,9,2700,0,1,2,,1,030,US-101,"OLD STAGE ROAD",440.00,N,N,B,-,Y,,,101,,,,,,,Y,3,0,1,2,A,-,03,22350,,N,C,I,A,A,G,-,D,D,0,,,,,Y,,A,01,0,1,0,0,0,0,0,0,0,"- ","- ",36.523799896240234,-121.46533966064453,MONTEREY,UNINCORPORATED,-121.46532440185547,36.523834228515625