CASE_ID,ACCIDENT_YEAR,PROC_DATE,JURIS,COLLISION_DATE,COLLISION_TIME,OFFICER_ID,REPORTING_DISTRICT,DAY_OF_WEEK,CHP_SHIFT,POPULATION,CNTY_CITY_LOC,SPECIAL_COND,BEAT_TYPE,CHP_BEAT_TYPE,CITY_DIVISION_LAPD,CHP_BEAT_CLASS,BEAT_NUMBER,PRIMARY_RD,SECONDARY_RD,DISTANCE,DIRECTION,INTERSECTION,WEATHER_1,WEATHER_2,STATE_HWY_IND,CALTRANS_COUNTY,CALTRANS_DISTRICT,STATE_ROUTE,ROUTE_SUFFIX,POSTMILE_PREFIX,POSTMILE,LOCATION_TYPE,RAMP_INTERSECTION,SIDE_OF_HWY,TOW_AWAY,COLLISION_SEVERITY,NUMBER_KILLED,NUMBER_INJURED,PARTY_COUNT,PRIMARY_COLL_FACTOR,PCF_CODE_OF_VIOL,PCF_VIOL_CATEGORY,PCF_VIOLATION,PCF_VIOL_SUBSECTION,HIT_AND_RUN,TYPE_OF_COLLISION,MVIW,PED_ACTION,ROAD_SURFACE,ROAD_COND_1,ROAD_COND_2,LIGHTING,CONTROL_DEVICE,CHP_ROAD_TYPE,PEDESTRIAN_ACCIDENT,BICYCLE_ACCIDENT,MOTORCYCLE_ACCIDENT,TRUCK_ACCIDENT,NOT_PRIVATE_PROPERTY,ALCOHOL_INVOLVED,STWD_VEHTYPE_AT_FAULT,CHP_VEHTYPE_AT_FAULT,COUNT_SEVERE_INJ,COUNT_VISIBLE_INJ,COUNT_COMPLAINT_PAIN,COUNT_PED_KILLED,COUNT_PED_INJURED,COUNT_BICYCLIST_KILLED,COUNT_BICYCLIST_INJURED,COUNT_MC_KILLED,COUNT_MC_INJURED,PRIMARY_RAMP,SECONDARY_RAMP,LATITUDE,LONGITUDE,COUNTY,CITY,POINT_X,POINT_Y
90756223,2018,2018-06-26,9730,2018-06-20,2110,020578,,3,2,9,2700,0,3,5,,2,005,"OLD STAGE RD.","CALLE EL ROSARIO",528.00,S,N,A,-,N,,,,,,,,,,N,4,0,1,1,A,-,08,22107,,N,H,A,A,A,H,-,D,D,0,,,,,Y,,D,22,0,0,1,0,0,0,0,0,0,"- ","- ",36.641319274902344,-121.54300689697266,MONTEREY,UNINCORPORATED,-121.54256439208984,36.643409729003906
8475656,2017,2017-12-02,2706,2017-10-24,1201,121,MPD,2,5,4,2706,0,0,0,,0,002,"CASS ST","MUNRAS AV",12.00,W,N,A,-,N,,,,,,,,,,N,4,0,2,2,A,-,03,22350,,F,C,C,A,A,H,-,A,D,0,,,,,Y,,A,01,0,0,2,0,0,0,0,0,0,"- ","- ",,,MONTEREY,MONTEREY,-121.89774,36.58887
8475684,2017,2017-12-02,2704,2017-09-29,2050,05381,2704,5,5,3,2704,0,0,0,,0,001,"APPLE AV","APPLE AV 1200",0.00,,N,A,-,N,,,,,,,,,,Y,3,0,2,2,A,-,01,23152,A,N,A,E,A,A,H,-,C,D,0,,,,,Y,Y,A,01,0,1,1,0,0,0,0,0,0,"- ","- ",,,MONTEREY,GREENFIELD,,
8476162,2017,2017-10-27,2708,2017-08-24,0803,75334,,4,5,6,2708,0,0,0,,0,,"GARNER AV","SIEBER ST",15.00,E,N,A,-,N,,,,,,,,,,N,3,0,1,2,A,-,11,21954,A,N,G,B,D,A,H,-,A,D,0,Y,,,,Y,,N,60,0,1,0,0,1,0,0,0,0,"- ","- ",,,MONTEREY,SALINAS,-121.61553247000001,36.686705259999997
8476166,2017,2017-10-27,2708,2017-08-19,1646,03530,,6,5,6,2708,0,0,0,,0,002,"HARDEN PKWY","REGENCY CR",0.00,,Y,A,-,N,,,,,,,,,,N,4,0,1,2,A,-,09,21802,A,N,-,G,A,A,H,-,A,A,0,,Y,,,Y,Y,-,,0,0,1,0,0,0,1,0,0,"- ","- ",,,MONTEREY,SALINAS,-121.64925986,36.71347008
8476170,2017,2017-10-27,2708,2017-08-28,1052,19702,SPD,1,5,6,2708,0,0,0,,0,001,"MAIN ST","BORONDA RD",350.00,S,N,A,-,N,,,,,,,,,,Y,2,0,2,2,A,-,12,21453,A,N,D,C,A,A,H,-,A,A,0,,,,,Y,,-,,1,0,1,0,0,0,0,0,0,"- ","- ",,,MONTEREY,SALINAS,-121.65612864000001,36.720678040000003
8476174,2017,2017-10-27,2708,2017-08-20,0116,07903,EAST,7,5,6,2708,0,0,0,,0,011,"RIDER AV","BORONDA RD",15.00,S,N,A,-,N,,,,,,,,,,N,4,0,1,2,A,-,08,22100,A,N,B,C,A,A,H,-,C,D,0,,,,,Y,,-,,0,0,1,0,0,0,0,0,0,"- ","- ",,,MONTEREY,SALINAS,-121.60021207,36.700176540000001
8476178,2017,2018-01-10,2708,2017-08-05,1435,54871,MUNI,6,5,6,2708,0,0,0,,0,005,"NORTH MAIN ST","WEST LAUREL DR",560.00,S,N,A,-,N,,,,,,,,,,N,3,0,1,2,A,-,05,21650,,N,D,G,A,A,H,-,A,D,0,,Y,,,Y,,L,04,0,1,0,0,0,0,1,0,0,"- ","- ",,,MONTEREY,SALINAS,-121.6518916,36.697789110000002
8476190,2017,2017-10-27,2708,2017-08-07,1936,75362,SALIN,1,5,6,2708,0,0,0,,0,011,"CAOBA WY","AMARILLO ST",409.00,S,N,A,-,N,,,,,,,,,,N,4,0,1,2,A,-,11,21954,A,N,G,B,D,A,H,-,A,D,0,Y,,,,Y,,N,60,0,0,1,0,1,0,0,0,0,"- ","- ",,,MONTEREY,SALINAS,-121.61189032,36.6934726
8476194,2017,2017-10-27,2708,2017-08-25,1223,49532,SALIN,5,5,6,2708,0,0,0,,0,005,"MAIN ST",BERNAL,50.00,S,N,A,-,N,,,,,,,,,,N,2,0,1,3,A,-,04,21703,,N,C,C,A,A,H,-,A,A,0,,,,,Y,,A,01,1,0,0,0,0,0,0,0,0,"- ","- ",,,MONTEREY,SALINAS,-121.65246415999999,36.689832680000002
8476198,2017,2017-10-27,2708,2017-08-03,1542,72945,,4,5,6,2708,0,0,0,,0,,"KENTUCKY ST","CIRCLE DR",0.00,,Y,A,-,N,,,,,,,,,,Y,4,0,5,2,A,-,09,21800,A,N,D,-,A,A,H,-,A,A,0,,,,,Y,,-,,0,0,5,0,0,0,0,0,0,"- ","- ",,,MONTEREY,SALINAS,-121.62252993,36.679590099999999
8476202,2017,2017-10-27,2708,2017-08-14,1549,17987,,1,5,6,2708,0,0,0,,0,,"ADAMS ST","TULANE ST",54.00,N,N,B,-,N,,,,,,,,,,N,4,0,1,2,A,-,04,21703,,N,C,C,A,A,H,-,A,D,0,,,,,Y,,-,,0,0,1,0,0,0,0,0,0,"- ","- ",,,MONTEREY,SALINAS,-121.66300450999999,36.700697030000001
8476359,2017,2017-10-25,2708,2017-09-22,1857,50883,SALIN,5,5,6,2708,0,0,0,,0,008,"JOHN ST","GRIFFIN ST",0.00,,Y,A,-,N,,,,,,,,,,Y,3,0,2,2,A,-,01,23152,A,F,D,C,A,A,H,-,A,A,0,,,,,Y,Y,-,,0,1,1,0,0,0,0,0,0,"- ","- ",,,MONTEREY,SALINAS,-121.64137995,36.671040099999999
8476363,2017,2017-10-25,2708,2017-09-08,2005,49021,,5,5,6,2708,0,0,0,,0,001,"EAST BORONDA RD","NORTH MAIN ST",200.00,E,N,A,-,N,,,,,,,,,,Y,2,0,4,2,A,-,03,22350,,N,C,C,A,A,H,-,C,A,0,,,,,Y,,-,,1,0,3,0,0,0,0,0,0,"- ","- ",,,MONTEREY,SALINAS,-121.65555474,36.721540040000001
8476367,2017,2017-10-25,2708,2017-09-19,1947,77067,SALIN,2,5,6,2708,0,0,0,,0,009,"PAJARO ST","WINHAM ST",0.00,,Y,A,-,N,,,,,,,,,,Y,4,0,3,2,A,-,12,22450,A,F,D,C,A,A,H,-,C,D,0,,,,,Y,,-,,0,0,3,0,0,0,0,0,0,"- ","- ",,,MONTEREY,SALINAS,-121.65250987,36.669640010000002
8476371,2017,2017-10-25,2708,2017-09-15,1945,54353,SALIN,5,5,6,2708,0,0,0,,0,005,"NORTH MAIN ST","EAST BERNAL DR",0.00,,Y,A,-,N,,,,,,,,,,Y,3,0,1,2,A,-,11,21954,A,N,G,B,D,A,H,-,C,D,0,Y,,,,Y,Y,N,60,0,1,0,0,1,0,0,0,0,"- ","- ",,,MONTEREY,SALINAS,-121.65227999,36.689970029999998
8476372,2017,2017-10-25,2708,2017-09-01,1529,66372,,5,5,6,2708,0,0,0,,0,,"SAN MIGUEL","PAJARO ST",125.00,W,N,A,-,N,,,,,,,,,,Y,2,0,1,2,A,-,11,21954,A,N,G,B,E,A,H,-,A,A,0,Y,,,,Y,,N,60,1,0,0,0,1,0,0,0,0,"- ","- ",,,MONTEREY,SALINAS,-121.65639645,36.659143399999998
8476375,2017,2017-10-25,2708,2017-09-19,0605,18925,,2,5,6,2708,0,0,0,,0,008,"FRONT ST","EAST MARKET ST",147.00,E,N,A,-,N,,,,,,,,,,N,2,0,1,2,A,-,11,21954,A,F,D,G,A,A,H,-,E,D,0,,Y,,,Y,,L,04,1,0,0,0,0,0,1,0,0,"- ","- ",,,MONTEREY,SALINAS,-121.65244848,36.677657359999998
8476376,2017,2017-10-25,2708,2017-09-01,2002,75362,SALIN,5,5,6,2708,0,0,0,,0,011,"TOWT ST","PASEO GRANDE",0.00,,Y,A,-,N,,,,,,,,,,N,3,0,4,5,A,-,10,21950,A,F,G,B,B,A,H,-,C,A,0,Y,,,,Y,,-,,0,3,1,0,4,0,0,0,0,"- ","- ",,,MONTEREY,SALINAS,-121.60232987000001,36.688070070000002
8476379,2017,2017-10-25,2708,2017-09-22,2007,49021,,5,5,6,2708,0,0,0,,0,006,"SHERWOOD DR","SHERWOOD PL",400.00,S,N,A,-,N,,,,,,,,,,N,4,0,1,2,A,-,11,21954,A,N,G,B,D,A,H,-,D,A,0,Y,,,,Y,Y,N,60,0,0,1,0,1,0,0,0,0,"- ","- ",,,MONTEREY,SALINAS,-121.64725008000001,36.686612750000002
8476380,2016,2017-12-28,2708,2016-09-19,2228,04125,WPG,1,5,6,2708,0,0,0,,0,011,"EAST BORONDA RD","CONSTITUTION BL",32.00,E,N,A,-,N,,,,,,,,,,Y,4,0,1,2,A,-,05,21650,,N,A,C,A,A,H,-,C,A,0,,,,,Y,,-,,0,0,1,0,0,0,0,0,0,"- ","- ",,,MONTEREY,SALINAS,-121.60329449,36.704324300000003
8476383,2017,2017-10-25,2708,2017-09-03,1646,85123,SALIN,7,5,6,2708,0,0,0,,0,012,"SAN BORN RD","MOHAR ST",30.00,S,N,A,-,N,,,,,,,,,,Y,4,0,2,2,A,-,00,21903,,N,C,C,A,A,H,-,A,A,0,,,,,Y,,-,,0,0,2,0,0,0,0,0,0,"- ","- ",,,MONTEREY,SALINAS,-121.61902422999999,36.684003199999999
8476387,2017,2017-10-25,2708,2017-09-14,2051,17987,,4,5,6,2708,0,0,0,,0,,"FREEDOM PKWY","NORTH SANBORN RD",0.00,,Y,A,-,N,,,,,,,,,,Y,4,0,1,3,A,-,09,21801,A,N,A,C,A,A,H,-,C,A,0,,,,,Y,,-,,0,0,1,0,0,0,0,0,0,"- ","- ",,,MONTEREY,SALINAS,-121.60134986,36.692130040000002
8476391,2017,2017-10-25,2708,2017-09-02,2000,77067,SALIA,6,5,6,2708,0,0,0,,0,,"EAST BORONDA RD","NATIVIDAD RD",110.00,W,N,A,-,N,,,,,,,,,,N,4,0,2,2,A,-,03,22350,A,M,C,C,A,A,H,-,C,A,0,,,,,Y,,-,,0,0,2,0,0,0,0,0,0,"- ","- ",,,MONTEREY,SALINAS,-121.6238906,36.715587960000001
8476395,2017,2017-10-25,2708,2017-09-18,1437,71633,SALIN,1,5,6,2708,0,0,0,,0,008,"E LAKE ST","NORTH MAIN ST",0.00,,Y,A,-,N,,,,,,,,,,N,4,0,1,2,A,-,04,21703,,F,C,C,A,A,H,-,A,D,0,,,,,Y,,-,,0,0,1,0,0,0,0,0,0,"- ","- ",,,MONTEREY,SALINAS,-121.65444994000001,36.679890049999997
90756710,2018,2018-06-27,9730,2018-06-17,2245,020598,,7,3,9,2700,0,1,3,,1,074,"MOLERA ROAD","MONTEREY DUNES WAY",1300.00,N,N,A,-,N,,,,,,,,,,Y,3,0,1,1,A,-,01,23152,A,N,F,J,A,A,H,-,D,D,0,,,,,Y,Y,A,01,0,1,0,0,0,0,0,0,0,"- ","- ",36.774600982666016,-121.78692626953125,MONTEREY,UNINCORPORATED,-121.78692626953125,36.774406433105469
90757010,2018,2018-06-27,9730,2018-06-20,0525,019770,,3,3,9,2700,0,1,2,,1,030,"US-101 S/B","OLD STAGE ROAD OVERCROSSING",220.00,N,N,B,-,Y,,,101,,,,,,S,Y,3,0,3,3,A,-,03,22350,,N,C,C,A,A,E,G,B,A,0,,,,Y,Y,,G,27,0,2,1,0,0,0,0,0,0,"- ","- ",36.523601531982422,-121.46489715576172,MONTEREY,UNINCORPORATED,-121.46488189697266,36.523666381835938
90757188,2018,2018-06-27,9730,2018-06-21,1450,020208,,4,2,9,2700,0,1,2,,1,050,US-101,"SANBORN ROAD",535.00,N,N,A,-,Y,,,,,,,,,,Y,3,0,1,1,A,-,08,22107,,N,E,I,A,A,A,-,A,D,0,,,,,Y,,A,01,0,1,0,0,0,0,0,0,0,"- ","- ",36.667678833007812,-121.6298828125,MONTEREY,UNINCORPORATED,-121.62982177734375,36.667213439941406
90757201,2018,2018-06-27,9730,2018-06-14,1620,022039,,4,2,9,2700,0,1,3,,2,062,"NORTHBOUND SR-1","MUNRAS AVE",2640.00,N,N,A,-,Y,,,,,,,,,,Y,4,0,1,2,A,-,03,22350,,N,C,C,A,A,H,-,A,D,0,,,,,Y,,A,01,0,0,1,0,0,0,0,0,0,"- ","- ",36.583290100097656,-121.89051818847656,MONTEREY,UNINCORPORATED,,
90757305,2018,2018-06-27,9730,2018-06-20,1500,022092,,3,2,9,2700,0,3,5,,2,003,"ABBOTT STREET","HARRIS ROAD",7920.00,S,N,A,-,N,,,,,,,,,,Y,3,0,1,2,A,-,05,21460,A,N,A,C,A,A,H,-,A,D,0,,,,,Y,,D,22,0,1,0,0,0,0,0,0,0,"- ","- ",36.630680084228516,-121.59285736083984,MONTEREY,UNINCORPORATED,-121.59193420410156,36.630107879638672
90757350,2018,2018-06-27,9730,2018-06-21,1703,019127,,4,2,9,2700,0,1,2,,1,030,"US-101 S/B","CORRECTIONAL TRAINING FACILITY (CTF)",2640.00,N,N,A,-,Y,,,101,,,,,,S,Y,3,0,1,2,A,-,03,22350,,N,C,C,A,A,H,-,A,D,0,,,,,Y,,D,22,0,1,0,0,0,0,0,0,0,"- ","- ",36.471790313720703,-121.39942169189453,MONTEREY,UNINCORPORATED,-121.39944458007812,36.471752166748047
90757471,2018,2018-06-27,9730,2018-06-22,1610,020621,,5,2,9,2700,0,1,3,,1,066,SR-183,"WALSH STREET",50.00,S,N,A,-,Y,,,183,,,,,,,Y,4,0,1,2,A,-,03,22350,,N,C,C,A,A,H,-,A,D,0,,,,,Y,,A,01,0,0,1,0,0,0,0,0,0,"- ","- ",36.759578704833984,-121.74968719482422,MONTEREY,UNINCORPORATED,-121.74971008300781,36.759555816650391
90757500,2018,2018-06-27,9735,2018-06-16,2020,020894,,6,2,9,2700,0,1,2,,1,041,"U.S. 101 NORTHBOUND","CENTRAL AVENUE EXTENSION",282.00,S,N,A,-,Y,,,,,,,,,,Y,3,0,1,1,A,-,01,23152,A,N,E,I,A,A,H,-,A,D,0,,,,,Y,Y,A,01,0,1,0,0,0,0,0,0,0,"- ","- ",36.208759307861328,-121.15982818603516,MONTEREY,UNINCORPORATED,-121.17420196533203,36.233047485351562
90758041,2018,2018-07-20,9730,2018-06-22,1640,019127,,5,2,9,2700,0,1,2,,1,050,"US-101 N/B","JOHN ST.",528.00,S,N,A,-,Y,,,,,,,,,,N,4,0,1,3,A,-,03,22350,,M,C,C,A,A,H,-,A,D,0,,,,,Y,,A,01,0,0,1,0,0,0,0,0,0,"- ","- ",36.668498992919922,-121.6336669921875,MONTEREY,UNINCORPORATED,-121.63759613037109,36.669830322265625
90758105,2018,2018-06-28,9730,2018-06-23,0933,020931,,6,1,9,2700,0,3,5,,2,003,"LAURELES GRADE","CARMEL VALLEY ROAD",5280.00,N,N,A,-,Y,,,,,,,,,,Y,4,0,1,1,A,-,03,22350,,N,E,I,A,A,H,-,A,D,0,,,Y,,Y,,C,02,0,0,1,0,0,0,0,0,1,"- ","- ",36.515430450439453,-121.75756072998047,MONTEREY,UNINCORPORATED,-121.75597381591797,36.513099670410156
90758131,2018,2018-06-28,9730,2018-06-23,1749,021407,,6,2,9,2700,0,3,5,,2,004,"OLD STAGE ROAD","ENCINAL ROAD",200.00,N,N,A,-,N,,,,,,,,,,Y,4,0,2,2,A,-,08,22107,,N,A,C,A,A,H,-,A,D,0,,,,,Y,,A,01,0,0,2,0,0,0,0,0,0,"- ","- ",36.626701354980469,-121.53060150146484,MONTEREY,UNINCORPORATED,-121.53083801269531,36.626735687255859
8476396,2017,2017-10-25,2708,2017-09-26,1841,54353,,2,5,6,2708,0,0,0,,0,005,"NATIVIDAD RD","SORRENTINI DR",0.00,,Y,A,-,N,,,,,,,,,,Y,4,0,1,2,A,-,03,22350,,N,C,C,A,A,H,-,B,A,0,,,,,Y,,-,,0,0,1,0,0,0,0,0,0,"- ","- ",,,MONTEREY,SALINAS,-121.64048987,36.69446001
8476399,2017,2017-10-25,2708,2017-09-24,1457,53269,,7,5,6,2708,0,0,0,,0,001,"NORTH MAIN ST","BORONDA RD",250.00,S,N,A,-,N,,,,,,,,,,N,4,0,2,2,A,-,07,21658,A,N,B,C,A,A,H,-,A,A,0,,,,,Y,,-,,0,0,2,0,0,0,0,0,0,"- ","- ",,,MONTEREY,SALINAS,-121.65618139,36.72094946
8476400,2017,2017-10-25,2708,2017-09-19,1738,54353,SALIN,2,5,6,2708,0,0,0,,0,002,"W ALVIN DR","NORTH MAIN ST",364.00,W,N,A,-,N,,,,,,,,,,N,4,0,1,2,A,-,04,21703,,N,C,C,A,A,H,-,A,D,0,,,,,Y,,-,,0,0,1,0,0,0,0,0,0,"- ","- ",,,MONTEREY,SALINAS,-121.65489037,36.707684290000003
8476909,2017,2017-11-08,2706,2017-10-10,0730,992,MPD,2,5,4,2706,0,0,0,,0,001,"PINE ST","PRESCOTT AV",0.00,,Y,A,-,N,,,,,,,,,,N,4,0,1,2,D,-,00,,,N,D,C,A,A,H,-,A,D,0,,,,,Y,,-,"- ",0,0,1,0,0,0,0,0,0,"- ","- ",,,MONTEREY,MONTEREY,-121.90757994000001,36.612000119999998
8476979,2017,2017-10-30,2705,2017-02-28,1525,U23331,2705,2,5,3,2705,0,0,0,,0,20/09,"BASSETT ST","S 3RD ST",111.00,E,N,A,-,N,,,,,,,,,,N,4,0,1,2,A,-,09,21804,A,N,D,C,A,A,H,-,A,D,0,,,,,Y,,A,01,0,0,1,0,0,0,0,0,0,"- ","- ",,,MONTEREY,"KING CITY",-121.12533108,36.212171810000001
8477112,2017,2017-10-24,2706,2017-10-06,0932,191,MPD,5,5,4,2706,0,0,0,,0,002,"E FRANKLIN ST","TYLER ST",0.00,,Y,A,-,N,,,,,,,,,,N,2,0,1,2,A,-,10,21950,A,N,D,G,A,A,H,-,A,A,0,,Y,,,Y,,A,01,1,0,0,0,0,0,1,0,0,"- ","- ",,,MONTEREY,MONTEREY,-121.89344993,36.599840090000001
8477116,2017,2017-10-24,2706,2017-10-06,1659,590,MONTE,5,5,4,2706,0,0,0,,0,007,LIGHTHOUSE,ARTILLERY,251.00,N,N,B,-,N,,,,,,,,,,N,4,0,1,2,A,-,03,22350,,N,C,C,A,A,H,-,A,D,0,,,,,Y,,A,01,0,0,1,0,0,0,0,0,0,"- ","- ",,,MONTEREY,MONTEREY,,
8477201,2017,2017-10-24,2706,2017-09-29,1743,816,2706,5,5,4,2706,0,0,0,,0,001,"PINE ST","IRVING AV",0.00,,Y,B,-,N,,,,,,,,,,Y,4,0,2,2,A,-,09,21800,A,N,D,C,A,A,H,-,A,A,0,,,,,Y,,A,01,0,0,2,0,0,0,0,0,0,"- ","- ",,,MONTEREY,MONTEREY,-121.90851999,36.613129999999998
8477609,2017,2017-10-31,2706,2017-10-12,1019,121,MPD,4,5,4,2706,0,0,0,,0,002,"ABREGO ST","FREMONT ST",52.00,N,N,A,-,N,,,,,,,,,,N,4,0,1,2,A,-,09,21801,A,N,D,C,A,A,H,-,A,A,0,,,Y,,Y,,C,02,0,0,1,0,0,0,0,0,1,"- ","- ",,,MONTEREY,MONTEREY,-121.89216419,36.5953923
8477613,2017,2017-10-31,2706,2017-10-13,1208,121,MPD,5,5,4,2706,0,0,0,,0,002,"MUNRAS AV","CASS ST",4.00,S,N,A,-,N,,,,,,,,,,Y,4,0,1,2,A,-,03,22350,,N,C,C,A,A,H,-,A,D,0,,,,,Y,,A,01,0,0,1,0,0,0,0,0,0,"- ","- ",,,MONTEREY,MONTEREY,-121.89774912,36.58886184
8477931,2017,2017-10-30,2705,2017-04-04,0801,K23331,2705,2,5,3,2705,0,0,0,,0,0111,"CALCAGNO ST","SHERWOOD AV",0.00,,Y,A,-,N,,,,,,,,,,N,3,0,1,2,A,-,12,22450,A,N,H,G,A,A,H,-,A,D,0,,Y,,,Y,,L,04,0,1,0,0,0,0,1,0,0,"- ","- ",,,MONTEREY,"KING CITY",-121.13519988,36.220510040000001
8477955,2017,2017-10-30,2705,2017-06-15,2001,K22959,03,4,5,3,2705,0,0,0,,0,001,"BROADWAY ST","SAN ANTONIO DR",20.00,E,N,A,-,N,,,,,,,,,,N,4,0,2,2,A,-,04,21703,,N,C,C,A,A,H,-,A,A,0,,,,,Y,,A,01,0,0,2,0,0,0,0,0,0,"- ","- ",,,MONTEREY,"KING CITY",-121.13804732,36.205037320000002
90758328,2018,2018-06-28,9730,2018-06-24,2210,022061,,7,3,9,2700,0,2,4,,1,073,"SAN MIGUEL CANYON ROAD","CASTROVILLE BOULEVARD",320.00,E,N,A,-,N,,,,,,,,,,Y,3,0,1,1,A,-,01,23152,A,N,F,A,A,A,H,-,D,D,0,,,,,Y,Y,A,07,0,1,0,0,0,0,0,0,0,"- ","- ",36.8077392578125,-121.671142578125,MONTEREY,UNINCORPORATED,-121.67109680175781,36.807811737060547
90758393,2018,2018-06-28,9730,2018-06-24,1630,020933,,7,2,9,2700,0,1,3,,2,062,"SR-1 SOUTHBOUND","RESERVATION RD",5808.00,N,N,A,-,Y,,,1,,,,,,S,Y,3,0,1,1,A,-,01,23152,A,N,E,I,A,A,H,-,A,D,0,,,,,Y,Y,A,01,0,1,0,0,0,0,0,0,0,"- ","- ",36.711891174316406,-121.79641723632812,MONTEREY,UNINCORPORATED,-121.79651641845703,36.711940765380859
90758427,2018,2018-06-28,9735,2018-06-22,1615,020168,,5,2,9,2700,0,3,5,,2,001,"NACIMIENTO-FERGUSSON RD","VASQUEZ CREEK RD",217.00,E,N,A,-,N,,,,,,,,,,Y,2,0,1,1,A,-,08,22107,,N,F,A,A,A,H,-,A,D,0,,,Y,,Y,,C,02,1,0,0,0,0,0,0,0,1,"- ","- ",35.980461120605469,-121.25697326660156,MONTEREY,UNINCORPORATED,,
90758453,2018,2018-06-28,9735,2018-06-26,0510,020302,,2,3,9,2700,0,1,2,,2,045,"US-101 N/B","CAMP ROBERTS MAIN GATE",2112.00,N,N,A,B,Y,,,101,,,,,,N,Y,4,0,1,1,A,-,08,22107,,N,E,I,A,A,H,-,D,D,0,,,,,Y,,A,08,0,0,1,0,0,0,0,0,0,"- ","- ",35.805049896240234,-120.74775695800781,MONTEREY,UNINCORPORATED,-120.74790191650391,35.804950714111328
90760007,2018,2018-06-29,9730,2018-06-25,2142,019770,,1,2,9,2700,0,1,2,,1,070,"US-101 SOUTHBOUND","BLACKIE ROAD",1.00,S,N,A,-,Y,,,101,,,,,,S,Y,4,0,1,1,A,-,03,22350,,N,H,J,A,A,H,-,D,D,0,,,,,Y,,A,07,0,0,1,0,0,0,0,0,0,"- ","- ",36.772968292236328,-121.66960906982422,MONTEREY,UNINCORPORATED,-121.66933441162109,36.772979736328125
90760019,2018,2018-06-29,9730,2018-06-25,1410,022039,,1,2,9,2700,0,2,4,,1,023,"CARMEL VALLEY ROAD","SELFRIDGE LANE",530.00,W,N,A,-,N,,,,,,,,,,Y,4,0,1,1,A,-,08,22107,,N,E,J,A,A,H,-,A,D,0,,,,,Y,,A,07,0,0,1,0,0,0,0,0,0,"- ","- ",36.524940490722656,-121.79605865478516,MONTEREY,UNINCORPORATED,-121.79552459716797,36.524864196777344
90760051,2018,2018-06-29,9730,2018-06-21,1110,017580,,4,1,9,2700,0,2,4,,1,075,"SAN MIGUEL CANYON ROAD","ECHO VALLEY ROAD",0.00,,Y,A,-,N,,,,,,,,,,Y,2,0,1,2,A,-,09,21802,A,N,D,C,A,A,H,-,A,A,0,,,,,Y,,A,01,1,0,0,0,0,0,0,0,0,"- ","- ",36.821830749511719,-121.67362213134766,MONTEREY,UNINCORPORATED,-121.67346954345703,36.821659088134766
90760483,2018,2018-07-02,9730,2018-06-12,1130,017785,,2,1,9,2700,0,3,5,,2,002,"CACHAGUA ROAD","TASSAJARA ROAD",2112.00,W,N,A,-,N,,,,,,,,,,Y,1,1,0,2,A,-,05,21650,,N,B,C,A,A,H,-,A,D,0,,,Y,Y,Y,,C,02,0,0,0,0,0,0,0,1,0,"- ","- ",36.391731262207031,-121.60073852539062,MONTEREY,UNINCORPORATED,-121.60012054443359,36.391380310058594
90760614,2018,2018-07-02,9730,2018-06-24,1518,020899,,7,2,9,2700,0,2,4,,1,075,"SAN JUAN ROAD","MURPHY ROAD",0.00,,Y,B,-,N,,,,,,,,,,Y,3,0,2,2,A,-,09,21802,A,N,D,C,A,A,H,-,A,A,0,,,,,Y,,D,22,0,1,1,0,0,0,0,0,0,"- ","- ",36.896461486816406,-121.6761474609375,MONTEREY,UNINCORPORATED,-121.67607879638672,36.896411895751953
90760626,2018,2018-07-02,9730,2018-06-24,1449,020933,,7,2,9,2700,0,2,4,,2,063,"BLANCO RD","COOPER RD",2112.00,E,N,A,-,N,,,,,,,,,,Y,3,0,1,2,A,-,17,23114,A,N,E,J,A,A,G,-,A,D,0,,,,,Y,,D,22,0,1,0,0,0,0,0,0,0,"- ","- ",36.678691864013672,-121.72843933105469,MONTEREY,UNINCORPORATED,-121.72781372070312,36.6787109375
90760817,2018,2018-07-02,9730,2018-06-26,2255,020578,,2,3,9,2700,0,1,3,,2,062,SR-1,"IMJIN PKWY.",200.00,S,N,A,-,Y,,,1,,,,,,,Y,4,0,1,1,A,-,08,22107,,N,B,I,A,A,H,-,C,D,0,,,,,Y,,A,01,0,0,1,0,0,0,0,0,0,"- ","- ",36.668941497802734,-121.81336975097656,MONTEREY,UNINCORPORATED,-121.81346893310547,36.668994903564453
8477975,2017,2017-10-30,2705,2017-07-07,1854,K23529,2705,5,5,3,2705,0,0,0,,0,901,"ELLIS ST","N SAN LORENZO AVE",4.00,W,N,A,-,N,,,,,,,,,,N,3,0,2,3,A,-,10,21950,A,N,G,B,D,A,H,-,A,D,0,Y,,,,Y,Y,A,01,0,2,0,0,2,0,0,0,0,"- ","- ",,,MONTEREY,"KING CITY",-121.13179125000001,36.21248387
8478420,2017,2017-11-16,2712,2017-10-15,2247,1062,2712,7,5,3,2712,0,0,0,,0,001,"RESERVATION RD","CRESCENT AV",141.00,E,N,A,-,N,,,,,,,,,,Y,4,0,1,2,A,-,01,23152,A,N,C,C,A,A,H,-,C,A,0,,,,,Y,Y,A,01,0,0,1,0,0,0,0,0,0,"- ","- ",,,MONTEREY,MARINA,-121.79142242,36.683617779999999