CASE_ID,ACCIDENT_YEAR,PROC_DATE,JURIS,COLLISION_DATE,COLLISION_TIME,OFFICER_ID,REPORTING_DISTRICT,DAY_OF_WEEK,CHP_SHIFT,POPULATION,CNTY_CITY_LOC,SPECIAL_COND,BEAT_TYPE,CHP_BEAT_TYPE,CITY_DIVISION_LAPD,CHP_BEAT_CLASS,BEAT_NUMBER,PRIMARY_RD,SECONDARY_RD,DISTANCE,DIRECTION,INTERSECTION,WEATHER_1,WEATHER_2,STATE_HWY_IND,CALTRANS_COUNTY,CALTRANS_DISTRICT,STATE_ROUTE,ROUTE_SUFFIX,POSTMILE_PREFIX,POSTMILE,LOCATION_TYPE,RAMP_INTERSECTION,SIDE_OF_HWY,TOW_AWAY,COLLISION_SEVERITY,NUMBER_KILLED,NUMBER_INJURED,PARTY_COUNT,PRIMARY_COLL_FACTOR,PCF_CODE_OF_VIOL,PCF_VIOL_CATEGORY,PCF_VIOLATION,PCF_VIOL_SUBSECTION,HIT_AND_RUN,TYPE_OF_COLLISION,MVIW,PED_ACTION,ROAD_SURFACE,ROAD_COND_1,ROAD_COND_2,LIGHTING,CONTROL_DEVICE,CHP_ROAD_TYPE,PEDESTRIAN_ACCIDENT,BICYCLE_ACCIDENT,MOTORCYCLE_ACCIDENT,TRUCK_ACCIDENT,NOT_PRIVATE_PROPERTY,ALCOHOL_INVOLVED,STWD_VEHTYPE_AT_FAULT,CHP_VEHTYPE_AT_FAULT,COUNT_SEVERE_INJ,COUNT_VISIBLE_INJ,COUNT_COMPLAINT_PAIN,COUNT_PED_KILLED,COUNT_PED_INJURED,COUNT_BICYCLIST_KILLED,COUNT_BICYCLIST_INJURED,COUNT_MC_KILLED,COUNT_MC_INJURED,PRIMARY_RAMP,SECONDARY_RAMP,LATITUDE,LONGITUDE,COUNTY,CITY,POINT_X,POINT_Y
8478607,2017,2017-11-16,2708,2017-09-02,0933,19702,SPD,6,5,6,2708,0,0,0,,0,005,"EAST LAUREL DR",MARYAL,90.00,E,N,A,-,N,,,,,,,,,,Y,4,0,1,2,A,-,04,21703,,N,D,C,A,A,H,-,A,A,0,,,,,Y,,-,,0,0,1,0,0,0,0,0,0,"- ","- ",,,MONTEREY,SALINAS,-121.64658622,36.698158120000002
8478611,2017,2017-11-16,2708,2017-09-18,0336,30348,MONTE,1,5,6,2708,0,0,0,,0,,"WILLIAMS RD","OLD STAGE RD",117.00,W,N,A,-,N,,,,,,,,,,Y,4,0,1,1,A,-,21,22106,,M,F,I,A,A,H,-,D,D,0,,,,,Y,Y,-,,0,0,1,0,0,0,0,0,0,"- ","- ",,,MONTEREY,SALINAS,-121.57453098000001,36.698248939999999
8478615,2017,2017-11-16,2708,2017-09-19,2115,30350,,2,5,6,2708,0,0,0,,0,003,"EAST BORONDA RD","HEMINGWAY DR",0.00,,Y,A,-,N,,,,,,,,,,Y,3,0,2,3,A,-,01,23152,A,F,C,C,A,A,H,-,C,D,0,,,,,Y,Y,-,,0,1,1,0,0,0,0,0,0,"- ","- ",,,MONTEREY,SALINAS,-121.60973995000001,36.712210079999998
8478956,2017,2017-11-14,2708,2017-08-01,1812,58964,SPD,2,5,6,2708,0,0,0,,0,009,"EAST ROMIE LN","PAJARO ST",0.00,,Y,A,-,N,,,,,,,,,,Y,3,0,1,2,A,-,12,21453,A,N,A,C,A,A,H,-,A,A,0,,,,,Y,,-,,0,1,0,0,0,0,0,0,0,"- ","- ",,,MONTEREY,SALINAS,-121.65522,36.662040009999998
8478960,2017,2017-11-14,2708,2017-08-18,1902,54353,,5,5,6,2708,0,0,0,,0,003,"EAST BORONDA RD","MCKINNON ST",228.00,E,N,A,-,N,,,,,,,,,,Y,4,0,1,3,A,-,03,22350,,N,C,C,A,A,H,-,A,D,0,,,,,Y,,-,,0,0,1,0,0,0,0,0,0,"- ","- ",,,MONTEREY,SALINAS,-121.64289812,36.716943020000002
8479313,2017,2017-10-30,2703,2017-10-11,1542,8185,2703,3,5,2,2703,0,0,0,,0,ALL,"5TH ST","GABILAN CT",0.00,,Y,A,-,N,,,,,,,,,,N,4,0,1,2,A,-,10,21950,A,F,G,B,C,A,H,-,A,D,0,Y,,,,Y,,A,01,0,0,1,0,1,0,0,0,0,"- ","- ",,,MONTEREY,GONZALES,-121.43975996,36.51183004
8479317,2017,2017-10-30,2703,2017-10-10,1352,4741,2703,2,5,2,2703,0,0,0,,0,ALL,"ALTA ST","GLORIA CT",68.00,N,N,A,-,N,,,,,,,,,,Y,4,0,2,2,A,-,05,21651,A,N,D,C,A,A,H,-,A,D,0,,,,,Y,,A,01,0,0,2,0,0,0,0,0,0,"- ","- ",,,MONTEREY,GONZALES,-121.42995083,36.493824289999999
8479516,2017,2017-10-31,2708,2017-07-27,1216,35838,2706,4,5,6,2708,0,0,0,,0,008,"SALINAS ST","W ALISAL ST",0.00,,Y,A,-,N,,,,,,,,,,Y,4,0,4,2,A,-,12,21453,A,N,D,C,A,A,H,-,A,A,0,,,,,Y,,-,,0,0,4,0,0,0,0,0,0,"- ","- ",,,MONTEREY,SALINAS,-121.65602994,36.673620020000001
8479541,2017,2017-10-31,2708,2017-07-07,0404,82326,,5,5,6,2708,0,0,0,,0,001,"SAN JUAN GRADE RD","VAN BUREN AV",475.00,S,N,A,-,N,,,,,,,,,,N,4,0,1,2,A,-,08,22107,,F,G,B,E,A,H,-,D,D,0,Y,,,,Y,,-,,0,0,1,0,1,0,0,0,0,"- ","- ",,,MONTEREY,SALINAS,-121.64751219999999,36.722782580000001
8479545,2017,2017-10-31,2708,2017-07-15,1554,30350,,6,5,6,2708,0,0,0,,0,010,"E ALISAL ST","S MADIERA AV",20.00,E,N,A,-,N,,,,,,,,,,N,4,0,1,2,A,-,03,22350,,F,C,C,A,A,H,-,A,A,0,,,,,Y,,-,,0,0,1,0,0,0,0,0,0,"- ","- ",,,MONTEREY,SALINAS,-121.6383823,36.674003310000003
90761219,2018,2018-07-02,9730,2018-06-24,1630,020931,,7,2,9,2700,0,1,3,,1,068,SR-68,"BOOTS ROAD",165.00,W,N,A,-,Y,,,68,,,,,,,Y,4,0,1,3,A,-,03,22350,,N,C,C,A,A,H,-,A,D,0,,,,,Y,Y,A,01,0,0,1,0,0,0,0,0,0,"- ","- ",36.567501068115234,-121.77899932861328,MONTEREY,UNINCORPORATED,-121.77900695800781,36.567581176757812
90761234,2018,2018-07-02,9730,2018-06-27,0725,021407,,3,1,9,2700,0,2,4,,1,073,"HALL ROAD","ELKHORN ROAD",0.00,,Y,B,-,N,,,,,,,,,,N,4,0,2,2,A,-,09,21802,A,N,D,C,A,A,H,-,A,A,0,,,,,Y,,A,01,0,0,2,0,0,0,0,0,0,"- ","- ",36.868690490722656,-121.74375152587891,MONTEREY,UNINCORPORATED,-121.74369049072266,36.868560791015625
90761789,2018,2018-07-03,9735,2018-06-29,0945,020036,,5,1,9,2700,0,1,2,,2,045,"US-101 S/B","CAMP ROBERTS O.C.",3696.00,S,N,A,-,Y,,,101,,,,,,S,Y,3,0,1,1,A,-,08,22107,,N,F,A,A,A,H,-,A,D,0,,,,,Y,,A,01,0,1,0,0,0,0,0,0,0,"- ","- ",35.793388366699219,-120.73396301269531,MONTEREY,UNINCORPORATED,-120.73393249511719,35.793426513671875
90762105,2018,2018-07-03,9730,2018-06-29,1155,017580,,5,1,9,2700,0,1,2,,1,070,"U.S. 101 (S/B)","DUNBARTON ROAD",1056.00,S,N,A,-,Y,,,,,,,,,,Y,3,0,1,3,A,-,03,22350,,N,C,C,A,A,H,-,A,D,0,,,,,Y,,A,01,0,1,0,0,0,0,0,0,0,"- ","- ",36.842521667480469,-121.6334228515625,MONTEREY,UNINCORPORATED,-121.63333892822266,36.842540740966797
90762245,2018,2018-07-03,9735,2018-07-01,1830,020057,,7,2,9,2700,0,2,4,,1,011,"ARROYO SECO RD.","JORGENSON FLATS RD.",12672.00,W,N,A,-,N,,,,,,,,,,Y,2,0,2,2,A,-,05,21460,A,F,E,I,A,A,H,-,A,D,0,,,,,Y,,-,99,2,0,0,0,0,0,0,0,0,"- ","- ",36.233200073242188,-121.468017578125,MONTEREY,UNINCORPORATED,,
90762876,2018,2018-07-05,9730,2018-06-27,2240,021707,,3,3,9,2700,0,1,3,,1,066,"SR-183 (MERRITT STREET)","PAJARO STREET",130.00,S,N,A,-,Y,,,183,,,,,,,N,4,0,1,2,A,-,03,22350,,N,C,C,A,A,H,-,C,D,0,,,,,Y,,A,01,0,0,1,0,0,0,0,0,0,"- ","- ",36.762119293212891,-121.75370788574219,MONTEREY,UNINCORPORATED,-121.75351715087891,36.762382507324219
90762882,2018,2018-07-05,9730,2018-06-25,1725,022092,,1,2,9,2700,0,1,3,,1,066,"DAVIS ROAD","LEMOS AVENUE",150.00,N,N,A,-,N,,,,,,,,,,Y,4,0,1,2,A,-,03,22350,,N,C,C,A,A,H,-,A,D,0,,,,,Y,,A,01,0,0,1,0,0,0,0,0,0,"- ","- ",36.674518585205078,-121.67839050292969,MONTEREY,UNINCORPORATED,-121.67833709716797,36.674697875976562
90763435,2018,2018-07-05,9730,2018-05-02,2121,021396,,3,2,9,2700,0,2,4,,1,023,"CARMEL VALLEY ROAD","CARMEL KNOLLS DRIVE",276.00,E,N,B,-,N,,,,,,,,,,Y,1,1,0,1,A,-,01,23152,A,N,E,I,A,A,H,-,C,D,0,,,,,Y,Y,A,07,0,0,0,0,0,0,0,0,0,"- ","- ",36.543819427490234,-121.90364074707031,MONTEREY,UNINCORPORATED,-121.90394592285156,36.543880462646484
90763452,2018,2018-07-05,9730,2018-07-01,2250,022047,,7,3,9,2700,0,1,3,,1,074,"SR-1 N/B","NASHUA ROAD",250.00,S,N,A,-,Y,,,1,,,,,,N,Y,4,0,2,2,A,-,01,23152,F,N,C,C,A,A,H,-,E,D,0,,,,,Y,,A,01,0,0,2,0,0,0,0,0,0,"- ","- ",36.744819641113281,-121.77178192138672,MONTEREY,UNINCORPORATED,-121.77181243896484,36.744846343994141
90763678,2018,2018-07-05,9730,2018-05-27,2046,019239,,7,2,9,2700,0,3,5,,2,003,"SAN BENANCIO ROAD","HARPER CANYON ROAD",130.00,N,N,A,-,N,,,,,,,,,,Y,1,1,0,1,A,-,01,23152,A,N,E,I,A,A,H,-,D,D,0,,,,,Y,Y,D,22,0,0,0,0,0,0,0,0,0,"- ","- ",36.569568634033203,-121.70822143554688,MONTEREY,UNINCORPORATED,-121.70832824707031,36.569831848144531
90763934,2018,2018-07-06,9730,2018-06-24,0955,016537,,7,1,9,2700,0,1,2,,1,070,"US-101 S/B","SAN JUAN RD.",2112.00,S,N,B,-,Y,,,101,,,,,,S,N,3,0,1,1,C,-,18,,,N,H,A,A,A,H,-,A,D,0,,,,,Y,,-,"- ",0,1,0,0,0,0,0,0,0,"- ","- ",36.854148864746094,-121.63382720947266,MONTEREY,UNINCORPORATED,-121.63383483886719,36.854152679443359
90763945,2018,2018-07-06,9730,2018-06-28,1030,017785,,4,1,9,2700,0,3,5,,2,003,"CORRAL DE TIERRA ROAD","PASEO DEL CHAPARRAL",485.00,S,N,A,-,N,,,,,,,,,,Y,3,0,1,1,C,-,18,,,N,E,I,A,A,H,-,A,D,0,,,,,Y,,-,"- ",0,1,0,0,0,0,0,0,0,"- ","- ",36.556301116943359,-121.73255920410156,MONTEREY,UNINCORPORATED,-121.73220062255859,36.555492401123047
90763967,2018,2018-07-06,9730,2018-06-28,1510,022092,,4,2,9,2700,0,3,5,,2,006,"BLUE LARKSPUR LANE","CITATION COURT",240.00,E,N,A,-,N,,,,,,,,,,N,4,0,1,2,A,-,09,21804,A,N,D,C,A,A,H,-,A,D,0,,,,Y,Y,,A,01,0,0,1,0,0,0,0,0,0,"- ","- ",36.572799682617188,-121.80754089355469,MONTEREY,UNINCORPORATED,-121.8070068359375,36.572395324707031
90764243,2018,2018-07-06,9730,2018-06-30,1540,019981,,6,2,9,2700,0,3,5,,2,003,"LAURELES GRADE","CARMEL VALLEY ROAD",10.00,N,N,A,-,N,,,,,,,,,,N,4,0,1,2,A,-,21,22106,,N,C,C,A,A,H,-,A,A,0,,,,,Y,,A,01,0,0,1,0,0,0,0,0,0,"- ","- ",36.501068115234375,-121.75653839111328,MONTEREY,UNINCORPORATED,-121.75653839111328,36.500938415527344
90764290,2018,2018-07-06,9730,2018-06-30,1735,020931,,6,2,9,2700,0,1,3,,1,074,SR-1,"SPRINGFIELD ROAD",30.00,S,N,B,-,Y,,,1,,,,,,,Y,3,0,4,3,A,-,03,22350,,N,C,C,A,A,H,-,A,D,0,,,,,Y,,A,01,0,1,3,0,0,0,0,0,0,"- ","- ",36.837188720703125,-121.77108001708984,MONTEREY,UNINCORPORATED,-121.77100372314453,36.837188720703125
90764480,2018,2018-07-06,9730,2018-07-02,1335,019100,,1,1,9,2700,0,1,2,,1,070,"US-101 N/B","CRAZY HORSE CANYON ROAD",100.00,N,N,B,-,Y,,,,,,,,,,Y,2,0,1,2,A,-,04,21703,,N,C,C,A,A,H,-,A,D,0,,,,,Y,,A,01,1,0,0,0,0,0,0,0,0,"- ","- ",36.496791839599609,-121.37557983398438,MONTEREY,UNINCORPORATED,-121.63271331787109,36.818389892578125
90765092,2018,2018-07-09,9730,2018-06-30,1529,020899,,6,2,9,2700,0,1,3,,1,022,"SR-1 N/B","OCEAN AVENUE",123.00,N,N,A,-,Y,,,1,,,,,,N,N,4,0,1,2,A,-,03,22350,,N,C,C,A,A,H,-,A,D,0,,,,,Y,,E,22,0,0,1,0,0,0,0,0,0,"- ","- ",36.556381225585938,-121.91120147705078,MONTEREY,UNINCORPORATED,-121.91122436523438,36.556377410888672
90765236,2018,2018-07-09,9730,2018-07-03,0640,021776,,2,1,9,2700,0,3,5,,2,004,"SPENCE ROAD","US-101 N/B",155.00,E,N,B,-,N,,,,,,,,,,Y,4,0,1,2,A,-,09,21801,A,N,D,C,A,A,H,-,A,D,0,,,,,Y,,D,22,0,0,1,0,0,0,0,0,0,"- ","- ",36.613128662109375,-121.56651306152344,MONTEREY,UNINCORPORATED,,
90765431,2018,2018-07-09,9730,2018-07-03,1159,020208,,2,1,9,2700,0,2,4,,1,023,"CARMEL VALLEY ROAD","UPPER SCARLETT ROAD",330.00,W,N,A,-,N,,,,,,,,,,Y,4,0,1,1,A,-,08,22107,,N,E,I,A,A,H,-,A,D,0,,,,,Y,,A,07,0,0,1,0,0,0,0,0,0,"- ","- ",36.524711608886719,-121.79483795166016,MONTEREY,UNINCORPORATED,,
90765890,2018,2018-07-10,9730,2018-06-30,2100,022047,,6,2,9,2700,0,3,5,,2,003,"CACHAGUA RD.","TASSAJARA RD.",2640.00,W,N,A,-,N,,,,,,,,,,Y,3,0,1,1,A,-,01,23152,A,N,E,I,A,A,H,-,D,D,0,,,,,Y,Y,A,01,0,1,0,0,0,0,0,0,0,"- ","- ",36.402988433837891,-121.56784057617188,MONTEREY,UNINCORPORATED,-121.60126495361328,36.392253875732422
90766007,2018,2018-07-10,9730,2018-07-04,1427,019239,,3,2,9,2700,0,1,3,,1,068,"SR-68 EB","SECA PL",48.00,E,N,A,-,Y,,,68,,,,,,E,Y,3,0,3,2,A,-,08,22107,,N,C,C,A,A,H,-,A,D,0,,,,,Y,,A,01,0,2,1,0,0,0,0,0,0,"- ","- ",36.569431304931641,-121.75417327880859,MONTEREY,UNINCORPORATED,-121.75416564941406,36.569541931152344
90766402,2018,2018-07-10,9730,2018-07-05,1210,021888,,4,1,9,2700,0,1,2,,1,030,"US-101 NORTHBOUND","SPENCE ROAD",0.00,,Y,A,-,Y,,,101,,,,,,N,Y,4,0,5,2,A,-,09,21801,A,N,D,C,A,A,H,-,A,A,0,,,,,Y,,A,01,0,0,5,0,0,0,0,0,0,"- ","- ",36.612880706787109,-121.56703186035156,MONTEREY,UNINCORPORATED,-121.56702423095703,36.612884521484375
8481450,2017,2017-11-03,2710,2017-09-01,2042,40386,MARIN,5,5,4,2710,0,0,0,,0,011,"1713 NOCHE BUENA ST","MINGO AV",108.00,N,N,A,-,N,,,,,,,,,,N,3,0,1,2,A,-,08,22107,,M,B,E,A,A,H,-,C,D,0,,,,,Y,,A,07,0,1,0,0,0,0,0,0,0,"- ","- ",,,MONTEREY,SEASIDE,-121.83763999999999,36.612246720000002
8481522,2017,2017-11-28,2710,2017-09-12,0800,32771,,2,5,4,2710,0,0,0,,0,002,"SAN PABLO AV","BAKER ST",0.00,,Y,A,-,N,,,,,,,,,,N,4,0,1,2,A,-,09,21802,A,N,D,C,A,A,H,-,A,A,0,,,,,Y,,A,01,0,0,1,0,0,0,0,0,0,"- ","- ",,,MONTEREY,SEASIDE,-121.83905991,36.614840039999997
8481526,2017,2017-11-28,2710,2017-09-12,0752,34127,,2,5,4,2710,0,0,0,,0,001,"NOCHE BUENA ST","AMADOR AV",0.00,,Y,A,-,N,,,,,,,,,,N,4,0,1,2,A,-,09,21802,,N,D,C,A,A,H,-,A,A,0,,,,,Y,,A,07,0,0,1,0,0,0,0,0,0,"- ","- ",,,MONTEREY,SEASIDE,-121.83776994999999,36.606790089999997
8481530,2017,2017-11-28,2710,2017-09-02,1751,40386,MARIN,6,5,4,2710,0,0,0,,0,011,"FREMONT BL","CLEMENTINA AV",0.00,,Y,A,-,N,,,,,,,,,,Y,3,0,1,2,A,-,12,21453,A,N,D,C,A,A,H,-,A,A,0,,,,,Y,,A,01,0,1,0,0,0,0,0,0,0,"- ","- ",,,MONTEREY,SEASIDE,-121.84462987000001,36.610870050000003
8481612,2017,2017-11-29,2710,2017-04-30,0113,40386,MARIN,7,5,4,2710,0,0,0,,0,011,"PHOENIX AV","HILTON ST",87.00,E,N,A,-,N,,,,,,,,,,Y,2,0,1,2,A,-,08,22107,,N,F,E,A,A,H,-,C,D,0,,,,,Y,Y,A,01,1,0,0,0,0,0,0,0,0,"- ","- ",,,MONTEREY,SEASIDE,-121.83857356,36.6132153
8481616,2017,2017-11-29,2710,2017-09-19,0745,40392,SALIN,2,5,4,2710,0,0,0,,0,02A,"BROADWAY AV","NOCHE BUENA ST",0.00,,Y,A,-,N,,,,,,,,,,N,3,0,2,3,A,-,12,21453,A,N,G,B,B,A,H,-,A,A,0,Y,,,,Y,,A,01,0,1,1,0,2,0,0,0,0,"- ","- ",,,MONTEREY,SEASIDE,-121.83772995,36.609030009999998
8481620,2017,2017-11-29,2710,2017-09-13,1241,40399,,3,5,4,2710,0,0,0,,0,02A,"FREMONT BL","KIMBALL AV",38.00,S,N,A,-,N,,,,,,,,,,N,4,0,1,2,A,-,13,22515,,N,C,C,A,A,H,-,A,A,0,,,,,Y,,A,01,0,0,1,0,0,0,0,0,0,"- ","- ",,,MONTEREY,SEASIDE,-121.85022071,36.599732539999998
8481854,2017,2018-07-06,2706,2017-10-25,1730,310,2706,3,5,4,2706,0,0,0,,0,002,"FREMONT ST","AGUAJITO RD",15.00,W,N,A,-,Y,MON,5,1,-,-,77.580,H,-,N,N,4,0,1,2,A,-,03,22350,,N,C,C,A,A,H,-,A,A,0,,,,,Y,,A,01,0,0,1,0,0,0,0,0,0,"- ","- ",,,MONTEREY,MONTEREY,-121.8803217,36.591406800000001
8482012,2017,2017-12-28,2705,2017-07-17,0830,K22959,2705,1,5,3,2705,0,0,0,,0,,"BEECH ST","SAN ANTONIO DR",0.00,S,N,A,-,N,,,,,,,,,,N,3,0,1,2,A,-,21,22106,,N,G,B,F,A,H,-,A,D,0,Y,,,,Y,,A,08,0,1,0,0,1,0,0,0,0,"- ","- ",,,MONTEREY,"KING CITY",-121.12909992,36.221150110000004
8482344,2017,2017-11-14,2712,2017-09-19,1000,1034,2712,2,5,3,2712,0,0,0,,0,001,"DEL MONTE BL","DEL MONTE BL 3350",0.00,,N,A,-,N,,,,,,,,,,N,4,0,1,2,B,-,22,,,N,B,C,A,A,H,-,A,A,0,,,,,Y,,-,"- ",0,0,1,0,0,0,0,0,0,"- ","- ",,,MONTEREY,MARINA,,
8483157,2017,2017-11-06,2706,2017-10-23,1123,816,2706,1,5,4,2706,0,0,0,,0,002,"CAMINO AGUAJITO","DEL MONTE AV",0.00,,Y,A,-,N,,,,,,,,,,N,4,0,1,2,A,-,00,20001,A,F,G,B,B,A,H,-,A,A,0,Y,,,,Y,,D,22,0,0,1,0,1,0,0,0,0,"- ","- ",,,MONTEREY,MONTEREY,-121.88357997999999,36.599940060000002
8483595,2017,2017-11-07,2706,2017-10-18,1832,992,MPD,3,5,4,2706,0,0,0,,0,003,"VIRGIN AV","DEL MONTE AV",2.00,S,N,B,-,N,,,,,,,,,,Y,4,0,1,2,A,-,17,21200,A,N,D,G,A,A,H,-,A,A,0,,Y,,,Y,,L,04,0,0,1,0,0,0,1,0,0,"- ","- ",,,MONTEREY,MONTEREY,-121.85982549000001,36.605185880000001
90766820,2018,2018-07-11,9730,2018-06-30,2041,020916,,6,2,9,2700,0,3,5,,2,006,"MCFADDEN ROAD",SR-183,0.00,,Y,A,-,N,,,,,,,,,,N,4,0,1,2,A,-,21,22106,,N,C,C,A,A,H,-,D,A,0,,,,,Y,,A,01,0,0,1,0,0,0,0,0,0,"- ","- ",36.696338653564453,-121.70023345947266,MONTEREY,UNINCORPORATED,,
90766867,2018,2018-07-11,9730,2018-05-21,1620,020933,,1,2,9,2700,0,3,5,,2,007,"LEWIS ROAD","VEGA ROAD",2112.00,E,N,A,-,N,,,,,,,,,,Y,1,1,0,1,A,-,01,23152,A,N,E,I,A,A,H,-,A,D,0,,,Y,,Y,Y,C,02,0,0,0,0,0,0,0,1,0,"- ","- ",36.8302001953125,-121.71968078613281,MONTEREY,UNINCORPORATED,-121.71988677978516,36.883052825927734
90767163,2018,2018-07-11,9730,2018-07-04,1510,019315,,3,2,9,2700,0,2,4,,1,073,"SAN MIGUEL CANYON ROAD","CASTROVILLE BLVD",40.00,N,N,A,-,N,,,,,,,,,,N,4,0,1,2,A,-,07,21658,A,F,B,C,A,A,H,-,A,D,0,,,,,Y,,A,07,0,0,1,0,0,0,0,0,0,"- ","- ",36.808570861816406,-121.672119140625,MONTEREY,UNINCORPORATED,-121.67200469970703,36.808479309082031
90767636,2018,2018-07-12,9730,2018-07-06,1130,021776,,5,1,9,2700,0,1,3,,2,062,"SR-1 SOUTHBOUND","TIOGA AVE O/C",1056.00,S,N,A,-,Y,,,,,,,,,,Y,4,0,1,3,A,-,03,22350,,N,C,C,A,A,H,-,A,D,0,,,,,Y,,A,07,0,0,1,0,0,0,0,0,0,"- ","- ",36.615730285644531,-121.85073089599609,MONTEREY,UNINCORPORATED,-121.85097503662109,36.615478515625
90767682,2018,2018-07-12,9730,2018-07-04,1243,019569,,3,1,9,2700,0,3,5,,2,005,"CRAZY HORSE CANYON RD","SAN JUAN GRADE ROAD",3696.00,W,N,A,-,N,,,,,,,,,,Y,3,0,2,1,A,-,08,22107,,N,E,I,A,A,H,-,A,D,0,,,,,Y,,A,01,0,2,0,0,0,0,0,0,0,"- ","- ",36.783760070800781,-121.61049652099609,MONTEREY,UNINCORPORATED,-121.60918426513672,36.782253265380859
90767730,2018,2018-07-12,9730,2018-07-07,0800,020621,,6,1,9,2700,0,1,2,,1,070,"US-101 N/B","DUNBARTON ROAD",0.00,,Y,A,-,Y,,,101,,,,,,N,Y,4,0,1,1,A,-,08,22107,,N,E,I,A,A,H,-,A,D,0,,,,,Y,,A,07,0,0,1,0,0,0,0,0,0,"- ","- ",36.836841583251953,-121.63028717041016,MONTEREY,UNINCORPORATED,-121.63059997558594,36.836692810058594
90767740,2018,2018-07-12,9730,2018-07-07,1245,020990,,6,1,9,2700,0,1,2,,1,070,"US-101 SOUTHBOUND","SAN MIGUEL CANYON ROAD",1800.00,N,N,A,-,Y,,,101,,,,,,S,Y,3,0,2,3,A,-,03,22350,,N,C,C,A,A,H,-,A,D,0,,,,,Y,,A,01,0,2,0,0,0,0,0,0,0,"- ","- ",36.8023681640625,-121.65756225585938,MONTEREY,UNINCORPORATED,-121.65756988525391,36.802394866943359
90767909,2018,2018-07-12,9730,2018-07-08,2055,020598,,7,2,9,2700,0,1,2,,1,030,"US-101 SB","GOULD ROAD",3960.00,N,N,A,-,Y,,,101,,,,,,S,Y,4,0,1,2,A,-,08,22107,,N,B,C,A,A,H,-,D,D,0,,,,,Y,,A,01,0,0,1,0,0,0,0,0,0,"- ","- ",36.636131286621094,-121.59912109375,MONTEREY,UNINCORPORATED,-121.59915161132812,36.636093139648438
90767976,2018,2018-07-12,9730,2018-07-12,0640,018298,,4,1,9,2700,0,1,2,,1,030,"US-101 S/B","POTTER RD.",100.00,N,N,B,-,Y,,,101,,,,,,S,Y,4,0,1,2,A,-,07,21658,A,N,D,C,A,A,H,-,A,D,0,,,,,Y,,A,01,0,0,1,0,0,0,0,0,0,"- ","- ",36.605659484863281,-121.55744171142578,MONTEREY,UNINCORPORATED,-121.55746459960938,36.605628967285156
90768171,2018,2018-07-12,9730,2018-07-06,1637,020931,,5,2,9,2700,0,1,3,,1,022,SR-1,"ATHERTON DRIVE",0.00,,Y,A,-,Y,,,,,,,,,,N,4,0,2,2,A,-,09,21801,A,N,D,C,A,A,H,-,A,D,0,,,,,Y,,A,01,0,0,2,0,0,0,0,0,0,"- ","- ",35.546371459960938,-121.90959167480469,MONTEREY,UNINCORPORATED,-121.90965270996094,36.546340942382812
90768626,2018,2018-07-13,9735,2018-07-09,1355,019486,,1,1,9,2700,0,1,2,,1,041,"U/S 101 N/B","TEAGUE AVE",3168.00,S,N,A,-,Y,,,,,,,,,,Y,2,0,1,1,A,-,08,22107,,N,F,A,A,A,H,-,A,D,0,,,,,Y,,A,07,1,0,0,0,0,0,0,0,0,"- ","- ",36.253368377685547,-121.17700958251953,MONTEREY,UNINCORPORATED,,
90769508,2018,2018-07-16,9730,2018-07-03,2205,022047,,2,3,9,2700,0,2,4,,1,073,"SAN MIGUEL CYN RD","PRUNEDALE NORTH RD",30.00,W,N,A,-,N,,,,,,,,,,Y,4,0,2,2,A,-,03,22350,,N,C,C,A,A,H,-,C,A,0,,,,,Y,,A,01,0,0,2,0,0,0,0,0,0,"- ","- ",36.801750183105469,-121.66597747802734,MONTEREY,UNINCORPORATED,-121.66590118408203,36.801609039306641
90769515,2018,2018-07-16,9730,2018-07-08,1950,020931,,7,2,9,2700,0,1,3,,1,014,SR-1,"LITTLE SUR CREEK",1584.00,N,N,G,-,Y,,,1,,,,,,,Y,3,0,2,1,A,-,08,22107,,N,E,I,A,A,H,-,A,D,0,,,Y,,Y,,C,02,0,2,0,0,0,0,0,0,2,"- ","- ",36.347278594970703,-121.89579010009766,MONTEREY,UNINCORPORATED,-121.89575958251953,36.347316741943359
90769900,2018,2018-07-16,9730,2018-07-09,0620,021776,,1,1,9,2700,0,3,5,,2,007,"COOPER STREET","GEIL STREET",0.00,,Y,A,-,N,,,,,,,,,,Y,4,0,1,2,A,-,12,22450,A,N,D,C,A,A,H,-,A,A,0,,,,,Y,,A,01,0,0,1,0,0,0,0,0,0,"- ","- ",36.770198822021484,-121.75859832763672,MONTEREY,UNINCORPORATED,-121.75856781005859,36.770160675048828
90770026,2018,2018-07-16,9730,2018-07-09,1500,021120,,1,2,9,2700,0,1,2,,1,050,"US-101 SB","SANBORN RD.",900.00,S,N,A,-,Y,,,,,,,,,,N,3,0,1,3,A,-,03,22350,,M,C,C,A,A,H,-,A,D,0,,,,,Y,,A,01,0,1,0,0,0,0,0,0,0,"- ","- ",36.664760589599609,-121.62570190429688,MONTEREY,UNINCORPORATED,-121.62586975097656,36.664962768554688