CASE_ID,ACCIDENT_YEAR,PROC_DATE,JURIS,COLLISION_DATE,COLLISION_TIME,OFFICER_ID,REPORTING_DISTRICT,DAY_OF_WEEK,CHP_SHIFT,POPULATION,CNTY_CITY_LOC,SPECIAL_COND,BEAT_TYPE,CHP_BEAT_TYPE,CITY_DIVISION_LAPD,CHP_BEAT_CLASS,BEAT_NUMBER,PRIMARY_RD,SECONDARY_RD,DISTANCE,DIRECTION,INTERSECTION,WEATHER_1,WEATHER_2,STATE_HWY_IND,CALTRANS_COUNTY,CALTRANS_DISTRICT,STATE_ROUTE,ROUTE_SUFFIX,POSTMILE_PREFIX,POSTMILE,LOCATION_TYPE,RAMP_INTERSECTION,SIDE_OF_HWY,TOW_AWAY,COLLISION_SEVERITY,NUMBER_KILLED,NUMBER_INJURED,PARTY_COUNT,PRIMARY_COLL_FACTOR,PCF_CODE_OF_VIOL,PCF_VIOL_CATEGORY,PCF_VIOLATION,PCF_VIOL_SUBSECTION,HIT_AND_RUN,TYPE_OF_COLLISION,MVIW,PED_ACTION,ROAD_SURFACE,ROAD_COND_1,ROAD_COND_2,LIGHTING,CONTROL_DEVICE,CHP_ROAD_TYPE,PEDESTRIAN_ACCIDENT,BICYCLE_ACCIDENT,MOTORCYCLE_ACCIDENT,TRUCK_ACCIDENT,NOT_PRIVATE_PROPERTY,ALCOHOL_INVOLVED,STWD_VEHTYPE_AT_FAULT,CHP_VEHTYPE_AT_FAULT,COUNT_SEVERE_INJ,COUNT_VISIBLE_INJ,COUNT_COMPLAINT_PAIN,COUNT_PED_KILLED,COUNT_PED_INJURED,COUNT_BICYCLIST_KILLED,COUNT_BICYCLIST_INJURED,COUNT_MC_KILLED,COUNT_MC_INJURED,PRIMARY_RAMP,SECONDARY_RAMP,LATITUDE,LONGITUDE,COUNTY,CITY,POINT_X,POINT_Y
90770095,2018,2018-07-16,9730,2018-07-09,0536,021407,,1,3,9,2700,0,1,3,,1,066,SR-183,"COOPER ROAD",5280.00,N,N,A,-,Y,,,183,,,,,,,Y,4,0,1,2,A,-,06,21750,A,N,C,C,A,A,H,-,A,D,0,,,,,Y,,A,01,0,0,1,0,0,0,0,0,0,"- ","- ",36.725101470947266,-121.72830200195312,MONTEREY,UNINCORPORATED,-121.72834777832031,36.725055694580078
90770324,2018,2018-07-16,9735,2018-07-14,1632,020417,,6,2,9,2700,0,1,2,,2,045,"US-101 S/B","CALIFORNIA BLVD",3696.00,S,N,A,-,Y,,,101,,,,,,S,Y,4,0,1,1,A,-,08,22107,,N,E,I,A,A,H,-,A,D,0,,,,,Y,,A,01,0,0,1,0,0,0,0,0,0,"- ","- ",35.792179107666016,-120.73248291015625,MONTEREY,UNINCORPORATED,-120.73250579833984,35.792152404785156
90770539,2018,2018-07-17,9730,2018-07-07,1532,020899,,6,2,9,2700,0,3,5,,2,007,"VIERRA CANYON ROAD","OAK ROAD",0.00,,Y,A,-,N,,,,,,,,,,Y,3,0,1,1,A,-,03,22350,,N,E,I,A,A,H,-,A,D,0,,,,,Y,,A,01,0,1,0,0,0,0,0,0,0,"- ","- ",36.792709350585938,-121.66211700439453,MONTEREY,UNINCORPORATED,-121.66217041015625,36.792800903320312
90770561,2018,2018-07-17,9730,2018-07-08,1516,020899,,7,2,9,2700,0,1,3,,1,072,SR-156,"MCGUFFIE ROAD",10.00,W,N,A,-,Y,,,156,,,,,,,Y,2,0,6,2,A,-,03,22350,,N,D,C,A,A,H,-,A,D,0,,,,,Y,,A,01,1,2,3,0,0,0,0,0,0,"- ","- ",36.788608551025391,-121.67505645751953,MONTEREY,UNINCORPORATED,-121.67506408691406,36.788616180419922
90770604,2018,2018-07-17,9730,2018-06-15,1642,020933,,5,2,9,2700,0,3,5,,2,006,"ESPINOSA RD","RODGERS RD",5280.00,W,N,B,-,N,,,,,,,,,,Y,4,0,1,2,A,-,05,21460,A,M,E,I,A,A,H,-,A,D,0,,,,,Y,,A,01,0,0,1,0,0,0,0,0,0,"- ","- ",36.748020172119141,-121.70906829833984,MONTEREY,UNINCORPORATED,-121.70855712890625,36.748020172119141
90771017,2018,2018-07-17,9730,2018-07-09,2200,022061,,1,3,9,2700,0,2,4,,1,075,"SAN JUAN ROAD","ALLISON LANE",370.00,E,N,A,-,N,,,,,,,,,,Y,3,0,1,1,A,-,01,23152,A,N,E,I,A,A,H,-,D,D,0,,,,,Y,Y,A,01,0,1,0,0,0,0,0,0,0,"- ","- ",36.904308319091797,-121.73454284667969,MONTEREY,UNINCORPORATED,-121.73493194580078,36.904232025146484
90771083,2018,2018-07-17,9730,2018-07-11,0858,014800,,3,1,9,2700,0,3,5,,2,004,"HARTNELL ROAD","ALISAL ROAD",4224.00,W,N,A,-,N,,,,,,,,,,Y,2,0,1,1,A,-,08,22107,,N,F,A,A,A,H,-,A,D,0,,,,,Y,,A,07,1,0,0,0,0,0,0,0,0,"- ","- ",36.634899139404297,-121.58010101318359,MONTEREY,UNINCORPORATED,-121.58023071289062,36.634323120117188
90771114,2018,2018-07-17,9730,2018-07-12,1222,019569,,4,1,9,2700,0,1,3,,1,024,"SR-68 HOLMAN HWY","MORSE DR",100.00,E,N,A,-,Y,,,68,,,,,,,Y,4,0,2,1,C,-,18,,,N,E,H,A,A,H,-,A,D,0,,,,,Y,,-,"- ",0,0,2,0,0,0,0,0,0,"- ","- ",36.598110198974609,-121.92469024658203,MONTEREY,UNINCORPORATED,-121.92471313476562,36.598072052001953
90771127,2018,2018-07-17,9730,2018-07-10,0730,020208,,2,1,9,2700,0,3,5,,2,006,"NASHUA ROAD","MONTE ROAD",7709.00,E,N,A,-,N,,,,,,,,,,Y,3,0,5,2,A,-,08,22107,,N,B,C,A,A,H,-,A,D,0,,,,,Y,,A,01,0,2,3,0,0,0,0,0,0,"- ","- ",36.725601196289062,-121.74839782714844,MONTEREY,UNINCORPORATED,-121.74834442138672,36.725669860839844
90771342,2018,2018-07-18,9730,2018-07-08,0050,020701,,7,3,9,2700,0,3,5,,2,004,"OLD STAGE ROAD","POTTER ROAD",2600.00,S,N,A,-,N,,,,,,,,,,Y,2,0,4,2,A,-,09,21804,A,N,C,C,A,A,H,-,D,D,0,,,,,Y,,A,01,1,3,0,0,0,0,0,0,0,"- ","- ",36.618648529052734,-121.52426147460938,MONTEREY,UNINCORPORATED,-121.52420043945312,36.618545532226562
90771385,2018,2018-07-18,9730,2018-07-14,1235,019569,,6,1,9,2700,0,1,3,,1,022,SR-1,"AURORA DEL MAR",350.00,S,N,A,-,Y,,,1,,,,,,,Y,3,0,1,1,A,-,08,22107,,N,E,I,A,A,H,-,A,D,0,,,,,Y,,A,07,0,1,0,0,0,0,0,0,0,"- ","- ",36.479499816894531,-121.93699645996094,MONTEREY,UNINCORPORATED,-121.93690490722656,36.479545593261719
90771391,2018,2018-07-18,9730,2018-07-14,1420,019127,,6,2,9,2700,0,3,5,,2,004,"OLD STAGE RD","SPENCE RD",25.00,S,N,A,-,N,,,,,,,,,,Y,4,0,1,2,A,-,03,22350,,N,C,C,A,A,H,-,A,A,0,,,,,Y,,A,01,0,0,1,0,0,0,0,0,0,"- ","- ",36.629901885986328,-121.53984069824219,MONTEREY,UNINCORPORATED,-121.53981018066406,36.629852294921875
90771446,2018,2018-07-18,9730,2018-07-14,1910,021120,,6,2,9,2700,0,1,3,,1,072,"SR-156 E/B","MERRITT ST.",2587.00,W,N,A,-,Y,,,156,,,,,,E,Y,4,0,1,2,A,-,03,22350,,N,C,C,A,A,H,-,B,D,0,,,,,Y,,A,01,0,0,1,0,0,0,0,0,0,"- ","- ",36.756908416748047,-121.75932312011719,MONTEREY,UNINCORPORATED,-121.75932312011719,36.756908416748047
90771562,2018,2018-07-18,9730,2018-07-07,2159,019770,,6,2,9,2700,0,2,4,,1,073,"SAN MIGUEL CANYON ROAD","MORO ROAD",0.00,,Y,A,-,N,,,,,,,,,,Y,4,0,1,2,A,-,17,21451,A,N,D,C,A,A,H,-,C,A,0,,,,,Y,,A,01,0,0,1,0,0,0,0,0,0,"- ","- ",36.802898406982422,-121.66674041748047,MONTEREY,UNINCORPORATED,-121.66671752929688,36.802669525146484
90771718,2018,2018-07-18,9735,2018-07-13,1635,020057,,5,2,9,2700,0,3,5,,2,002,"LOCKWOOD SAN LUCAS RD.","QUAIL ESTATES RD",4752.00,N,N,A,-,N,,,,,,,,,,Y,4,0,1,1,A,-,08,22107,,N,F,A,A,A,H,-,A,D,0,,,,,Y,,A,07,0,0,1,0,0,0,0,0,0,"- ","- ",36.003288269042969,-121.06745147705078,MONTEREY,UNINCORPORATED,,
90771864,2018,2018-07-18,9730,2018-07-14,0210,020933,,6,3,9,2700,0,1,3,,1,066,"SR-183 (MERRITT STREET)","PRESTON STREET",100.00,E,N,A,-,Y,,,183,,,,,,,Y,3,0,1,3,A,-,01,23152,A,N,E,C,A,A,H,-,C,D,0,,,,,Y,Y,A,01,0,1,0,0,0,0,0,0,0,"- ","- ",36.765579223632812,-121.75788879394531,MONTEREY,UNINCORPORATED,-121.75787353515625,36.765602111816406
90772033,2018,2018-07-18,9730,2018-06-16,2014,021407,,6,2,9,2700,0,3,5,,2,003,"ALTA STREET","CORDA ROAD",0.00,,Y,A,-,N,,,,,,,,,,Y,1,1,1,2,A,-,01,23152,A,N,D,C,A,A,H,-,C,A,0,,,,,Y,Y,D,22,0,0,1,0,0,0,0,0,0,"- ","- ",36.518470764160156,-121.45970153808594,MONTEREY,UNINCORPORATED,-121.45970916748047,36.518451690673828
90773249,2018,2018-07-20,9730,2018-07-15,1315,022061,,7,1,9,2700,0,1,2,,1,070,"US-101 NORTHBOUND","REESE CIRCLE",3168.00,S,N,A,-,Y,,,101,,,,,,N,Y,4,0,3,2,A,-,03,22350,,N,C,C,A,A,H,-,A,D,0,,,,,Y,,A,01,0,0,3,0,0,0,0,0,0,"- ","- ",36.764961242675781,-121.66779327392578,MONTEREY,UNINCORPORATED,-121.66776275634766,36.764968872070312
90773277,2018,2018-07-20,9730,2018-07-14,0940,022061,,6,1,9,2700,0,1,2,,1,070,"US-101 NORTHBOUND","CRAZYHORSE CANYON ROAD",2640.00,N,N,A,-,Y,,,101,,,,,,N,Y,4,0,2,2,A,-,03,22350,,N,C,C,A,A,H,-,A,D,0,,,,,Y,,D,22,0,0,2,0,0,0,0,0,0,"- ","- ",36.823940277099609,-121.62918853759766,MONTEREY,UNINCORPORATED,-121.62913513183594,36.823905944824219
90773285,2018,2018-07-20,9730,2018-07-11,1130,018350,,3,1,9,2700,0,1,3,,1,022,SR-1,"MESA ROAD",200.00,S,N,A,-,Y,,,1,,,,,,,Y,3,0,1,4,A,-,03,22350,,N,C,C,A,A,H,-,A,D,0,,,,,Y,,A,07,0,1,0,0,0,0,0,0,0,"- ","- ",36.550918579101562,-121.91043090820312,MONTEREY,UNINCORPORATED,-121.91037750244141,36.550926208496094
90773311,2018,2018-07-20,9730,2018-07-11,0025,022047,,3,3,9,2700,0,3,5,,2,005,"ROGGE RD.","JASPER WAY",170.00,E,N,A,-,N,,,,,,,,,,Y,3,0,2,1,A,-,08,22107,,N,E,A,A,A,H,-,C,D,0,,,,,Y,,D,22,0,2,0,0,0,0,0,0,0,"- ","- ",36.731758117675781,-121.631591796875,MONTEREY,UNINCORPORATED,-121.631591796875,36.731742858886719
90773494,2018,2018-07-20,9730,2018-07-10,1200,018350,,2,1,6,2708,0,1,2,,1,050,"US-101 S/B","NORTH MAIN STREET",814.00,N,N,A,-,Y,,,101,,,,,,S,Y,3,0,2,2,A,-,03,22350,,N,C,C,A,A,D,-,A,A,0,,,,,Y,,A,01,0,2,0,0,0,0,0,0,0,"- ","- ",36.688610076904297,-121.65553283691406,MONTEREY,SALINAS,-121.65554809570312,36.688583374023438
90774200,2018,2018-08-27,9730,2018-07-12,0619,014800,,4,1,9,2700,0,3,5,,2,004,"HARTNELL ROAD","U.S. 101",3168.00,E,N,A,-,N,,,,,,,,,,Y,4,0,1,2,A,-,06,21750,A,N,B,C,A,A,H,-,A,D,0,,,,,Y,,A,01,0,0,1,0,0,0,0,0,0,"- ","- ",36.633621215820312,-121.58032989501953,MONTEREY,UNINCORPORATED,-121.58094024658203,36.630596160888672
90774205,2018,2018-07-23,9730,2018-07-13,1750,021120,,5,2,9,2700,0,2,4,,1,073,"ECHO VALLEY RD","SAN MIGUEL CANYON RD.",0.00,,Y,A,-,N,,,,,,,,,,Y,4,0,1,2,A,-,03,22350,,N,D,C,A,A,H,-,A,A,0,,,,,Y,,D,22,0,0,1,0,0,0,0,0,0,"- ","- ",36.821800231933594,-121.67333221435547,MONTEREY,UNINCORPORATED,-121.67346954345703,36.821659088134766
90774260,2018,2018-07-23,9730,2018-07-15,1700,019529,,7,2,9,2700,0,1,3,,1,014,"STATE ROUTE 1","PARTINGTON RIDGE RD.",5280.00,N,N,A,-,Y,,,1,,,,,,,Y,3,0,1,2,A,-,03,22350,,F,C,C,A,A,H,-,A,D,0,,,,,Y,,A,01,0,1,0,0,0,0,0,0,0,"- ","- ",36.185638427734375,-121.703369140625,MONTEREY,UNINCORPORATED,-121.70325469970703,36.185806274414062
90774331,2018,2018-07-23,9730,2018-07-14,1400,020899,,6,2,9,2700,0,1,2,,1,070,"US-101 N/B FROM SAN MIGUEL CANYON RD","NORTHBOUND US-101",230.00,E,N,A,-,Y,,,101,,,,R,,N,Y,3,0,1,1,A,-,03,22350,,N,E,I,A,A,H,-,A,D,0,,,Y,,Y,,C,02,0,1,0,0,0,0,0,0,1,"- ","- ",36.797328948974609,-121.6646728515625,MONTEREY,UNINCORPORATED,-121.6646728515625,36.797328948974609
90774418,2018,2018-07-23,9730,2018-07-13,2500,019981,,5,4,9,2700,0,1,3,,1,012,SR-1,"NACIMIENTO ROAD",1584.00,N,N,A,-,Y,,,1,,,,,,,Y,2,0,1,1,A,-,08,22107,,N,F,A,A,A,H,-,A,D,0,,,,,Y,,A,07,1,0,0,0,0,0,0,0,0,"- ","- ",36.001861572265625,-121.50393676757812,MONTEREY,UNINCORPORATED,-121.50393676757812,36.001861572265625
90774491,2018,2018-07-23,9730,2018-07-16,1142,021407,,1,1,9,2700,0,1,3,,1,068,SR-68,"BOOTS ROAD",2640.00,W,N,A,-,Y,,,68,,,,,,,Y,2,0,2,2,A,-,05,21460,A,N,A,C,A,A,H,-,A,D,0,,,,,Y,,A,01,2,0,0,0,0,0,0,0,0,"- ","- ",36.570098876953125,-121.78980255126953,MONTEREY,UNINCORPORATED,-121.78980255126953,36.570125579833984
90774506,2018,2018-07-23,9730,2018-07-16,1310,021776,,1,1,9,2700,0,1,3,,1,074,SR-1,"JENSEN ROAD",189.00,S,N,A,-,Y,,,1,,,,,,,Y,3,0,1,1,A,-,08,22107,,N,E,I,A,A,H,-,A,D,0,,,,,Y,,A,01,0,1,0,0,0,0,0,0,0,"- ","- ",36.853069305419922,-121.77105712890625,MONTEREY,UNINCORPORATED,-121.77109527587891,36.853069305419922
8483599,2017,2017-11-07,2706,2017-10-18,1807,992,MPD,3,5,4,2706,0,0,0,,0,003,"RAMONA AV","NORTH FREMONT ST",1.00,S,N,B,-,N,,,,,,,,,,N,3,0,1,2,A,-,17,21200,A,N,D,G,A,A,H,-,A,A,0,,Y,,,Y,,L,04,0,1,0,0,0,0,1,0,0,"- ","- ",,,MONTEREY,MONTEREY,-121.85625763,36.597208029999997
8484481,2017,2017-12-05,2712,2017-10-31,1629,1073,2712,2,5,3,2712,0,0,0,,0,001,"121 GENERAL STILLWELL DR","GENERAL STILLWELL DR",0.00,,Y,A,-,N,,,,,,,,,,N,4,0,1,2,B,-,22,,,N,G,B,-,A,H,-,A,D,0,Y,,,,Y,,D,22,0,0,1,0,1,0,0,0,0,"- ","- ",,,MONTEREY,MARINA,,
8485095,2017,2017-12-07,2712,2017-11-04,1211,1057,2712,6,5,3,2712,0,0,0,,0,001,"RESERVATION RD","RESERVATION RD 200",13.00,N,N,A,-,N,,,,,,,,,,N,4,0,2,2,D,-,00,,,N,C,C,A,A,H,-,A,A,0,,,,,Y,,-,"- ",0,0,2,0,0,0,0,0,0,"- ","- ",,,MONTEREY,MARINA,,
8485418,2017,2017-12-18,2708,2017-11-02,2101,28920,SALIN,4,5,6,2708,0,0,0,,0,003,"NATIVIDAD RD","CHAPARRAL ST",0.00,,Y,A,-,N,,,,,,,,,,N,4,0,1,2,A,-,12,21453,A,N,D,C,A,A,H,-,B,A,0,,,,,Y,,-,,0,0,1,0,0,0,0,0,0,"- ","- ",,,MONTEREY,SALINAS,-121.63451990999999,36.700130029999997
8485500,2017,2017-12-05,2708,2017-10-20,0115,56525,SALIN,5,5,6,2708,0,0,0,,0,010,"KERN ST","ROOSEVELT ST",122.00,S,N,C,-,N,,,,,,,,,,Y,2,0,1,2,A,-,01,23152,A,F,C,E,A,B,H,-,C,D,0,,,,,Y,Y,-,,1,0,0,0,0,0,0,0,0,"- ","- ",,,MONTEREY,SALINAS,-121.64039079,36.675488430000001
8486923,2017,2017-12-01,2712,2017-10-29,1715,1088,2712,7,5,3,2712,0,0,0,,0,001,"MONTE BL","BEACH RD",0.00,,Y,B,-,N,,,,,,,,,,Y,2,0,1,1,A,-,03,22350,,N,A,I,A,A,H,-,A,D,0,,,Y,,Y,Y,C,02,1,0,0,0,0,0,0,0,1,"- ","- ",,,MONTEREY,MARINA,,
8486961,2017,2017-12-05,2712,2017-10-25,1312,1073,2712,3,5,3,2712,0,0,0,,0,001,"DEL MONTE BL","CYPRESS AV",243.00,N,N,A,-,N,,,,,,,,,,N,4,0,2,2,A,-,03,22350,,N,C,C,A,A,H,-,A,A,0,,,Y,,Y,,A,01,0,0,2,0,0,0,0,0,1,"- ","- ",,,MONTEREY,MARINA,-121.80475737,36.682333939999999
8486973,2017,2017-11-17,2703,2017-10-16,0803,7248,2703,1,5,2,2703,0,0,0,,0,ALL,"RINCON RD","5TH ST",0.00,S,N,A,-,N,,,,,,,,,,N,3,0,1,2,A,-,05,21202,A,N,H,G,A,A,H,-,A,D,0,,Y,,,Y,,L,04,0,1,0,0,0,0,1,0,0,"- ","- ",,,MONTEREY,GONZALES,-121.43905988,36.512310110000001
8487579,2017,2017-12-27,2712,2017-10-13,0825,2712,2712,5,5,3,2712,0,0,0,,0,001,"IMJIN PKWY","CALIFORNIA AV",0.00,,Y,A,-,N,,,,,,,,,,N,4,0,1,2,A,-,09,21804,A,N,D,C,A,A,H,-,A,A,0,,,,,Y,,A,01,0,0,1,0,0,0,0,0,0,"- ","- ",,,MONTEREY,MARINA,-121.79684985999999,36.666170000000001
8488222,2017,2017-11-20,2706,2017-11-03,1631,114,MPD,5,5,4,2706,0,0,0,,0,002,"DEL MONTE AV","CAMINO AGUAJITO",350.00,W,N,B,-,N,,,,,,,,,,N,4,0,1,2,A,-,03,22350,,N,C,C,A,A,H,-,B,D,0,,,,,Y,,A,01,0,0,1,0,0,0,0,0,0,"- ","- ",,,MONTEREY,MONTEREY,-121.88477261,36.599939999999997
8488911,2017,2017-12-06,2704,2017-10-15,1201,3667,2704,7,5,3,2704,0,0,0,,0,005,"OAK AV","LIGHT POLE # 2382",114.00,W,N,A,-,N,,,,,,,,,,N,4,0,1,2,A,-,21,22106,,N,B,C,A,A,H,-,A,D,0,,,,,Y,,D,22,0,0,1,0,0,0,0,0,0,"- ","- ",,,MONTEREY,GREENFIELD,,
8491922,2017,2017-12-13,2712,2017-11-08,1738,1033,2712,3,5,3,2712,0,0,0,,0,001,"DEL MONTE BL","PALM AV",0.00,,Y,B,-,N,,,,,,,,,,N,4,0,1,2,A,-,12,21453,A,N,D,C,A,A,H,-,C,A,0,,,,,Y,,A,01,0,0,1,0,0,0,0,0,0,"- ","- ",,,MONTEREY,MARINA,-121.80367993999999,36.683450039999997
90774881,2018,2018-07-23,9730,2018-07-16,1840,019315,,1,2,9,2700,0,3,5,,2,004,"OLD STAGE ROAD","ASSOCIATED LANE",300.00,N,N,A,-,N,,,,,,,,,,Y,3,0,1,1,A,-,08,22107,,N,F,A,A,A,H,-,A,D,0,,,,,Y,,A,01,0,1,0,0,0,0,0,0,0,"- ","- ",36.525741577148438,-121.46707916259766,MONTEREY,UNINCORPORATED,-121.46688079833984,36.525592803955078
90775328,2018,2018-07-24,9730,2018-07-16,0550,021776,,1,3,9,2700,0,1,3,,1,072,SR-156,"CASTROVILLE BOULEVARD",1584.00,E,N,B,-,Y,,,156,,,,,,,Y,2,0,1,1,A,-,08,22107,,N,F,A,A,A,H,-,B,D,0,,,,Y,Y,,G,25,1,0,0,0,0,0,0,0,0,"- ","- ",36.770030975341797,-121.73755645751953,MONTEREY,UNINCORPORATED,-121.73757934570312,36.770084381103516
90775345,2018,2018-07-24,9730,2018-07-17,1510,017502,,2,2,9,2700,0,3,5,,2,006,"DAVIS  ROAD","HITCHCOCK  ROAD",800.00,N,N,A,-,N,,,,,,,,,,Y,4,0,1,1,A,-,01,23152,G,N,E,I,A,A,H,-,A,D,0,,,,,Y,Y,A,01,0,0,1,0,0,0,0,0,0,"- ","- ",36.660480499267578,-121.69051361083984,MONTEREY,UNINCORPORATED,-121.69052124023438,36.660556793212891
90775729,2018,2018-07-24,9730,2018-07-17,1525,019529,,2,2,9,2700,0,1,3,,1,022,"STATE ROUTE 1","HANDLEY DRIVE",350.00,S,N,A,-,Y,,,1,,,,,,,N,3,0,2,2,A,-,03,22350,,N,E,I,A,A,H,-,A,D,0,,,,,Y,,A,07,0,1,1,0,0,0,0,0,0,"- ","- ",36.564300537109375,-121.91187286376953,MONTEREY,UNINCORPORATED,-121.91178894042969,36.564353942871094
90776007,2018,2018-07-25,9730,2018-07-18,2120,018302,,3,2,9,2700,0,1,3,,2,062,"SR-1 NORTHBOUND","LIGHTFIGHTER DRIVE",1584.00,N,N,B,-,Y,,,1,,,,,,N,Y,4,0,1,1,A,-,08,22107,,N,E,I,A,A,C,-,D,D,0,,,,,Y,,A,01,0,0,1,0,0,0,0,0,0,"- ","- ",36.652400970458984,-121.81543731689453,MONTEREY,UNINCORPORATED,-121.81534576416016,36.652442932128906
90776127,2018,2018-11-01,9730,2018-07-13,2330,022039,,5,3,9,2700,0,1,2,,1,050,"US-101 N/B","ECKHARDT ROAD",0.00,,Y,A,-,Y,,,101,,,,,,N,N,2,0,5,2,A,-,13,21718,,N,D,C,A,A,H,-,D,D,0,,,,Y,Y,,G,25,2,2,1,0,0,0,0,0,0,"- ","- ",36.617118835449219,-121.57283020019531,MONTEREY,UNINCORPORATED,-121.57283020019531,36.617118835449219
90776133,2018,2018-07-25,9735,2018-07-15,1725,020057,,7,2,9,2700,0,1,2,,2,042,"US-101 N/B","WILDHORSE RD.",100.00,S,N,A,-,Y,,,101,,,,,,N,Y,3,0,1,1,A,-,08,22107,,N,E,I,A,A,H,-,A,D,0,,,,,Y,,A,01,0,1,0,0,0,0,0,0,0,"- ","- ",36.187370300292969,-121.07192230224609,MONTEREY,UNINCORPORATED,-121.07189178466797,36.187404632568359
90776483,2018,2018-07-25,9730,2018-07-18,1445,022047,,3,2,9,2700,0,3,5,,2,004,"OLD STAGE RD.","ZABALA RD.",1056.00,S,N,A,-,N,,,,,,,,,,Y,3,0,1,1,A,-,08,22107,,N,E,I,A,A,H,-,A,D,0,,,,,Y,,A,07,0,1,0,0,0,0,0,0,0,"- ","- ",36.662868499755859,-121.54852294921875,MONTEREY,UNINCORPORATED,-121.54859924316406,36.662864685058594
90776526,2018,2018-07-25,9730,2018-07-18,1540,019529,,3,2,9,2700,0,1,3,,2,062,"STATE ROUTE 1 (NORTHBOUND)","STATE ROUTE 218",300.00,N,N,A,-,Y,,,,,,,,,,Y,4,0,1,3,A,-,03,22350,,N,C,C,A,A,H,-,A,D,0,,,,,Y,,A,07,0,0,1,0,0,0,0,0,0,"- ","- ",36.610931396484375,-121.85597229003906,MONTEREY,UNINCORPORATED,,
90776541,2018,2018-07-25,9730,2018-07-18,2345,021707,,3,3,9,2700,0,1,3,,1,024,"SR-68 (HOLMAN)","SKYLINE FOREST DRIVE",686.00,W,N,E,-,Y,,,68,,,,,,,Y,4,0,1,2,A,-,03,22350,,N,C,C,A,A,D,-,D,D,0,,,,,Y,,D,22,0,0,1,0,0,0,0,0,0,"- ","- ",36.587329864501953,-121.91995239257812,MONTEREY,UNINCORPORATED,-121.91989135742188,36.587383270263672
90776666,2018,2018-07-25,9730,2018-07-19,1900,019529,,4,2,9,2700,0,1,3,,1,012,"STATE ROUTE 1","BIG CREEK BRIDGE",309.00,S,N,A,-,Y,,,1,,,,,,,Y,2,0,2,2,A,-,06,21750,A,N,D,C,A,A,H,-,A,D,0,,,,,Y,,A,07,1,0,1,0,0,0,0,0,0,"- ","- ",36.069339752197266,-121.59831237792969,MONTEREY,UNINCORPORATED,-121.59828186035156,36.069377899169922
8492321,2017,2017-11-29,2706,2017-10-25,1415,107,MPD,3,5,4,2706,0,0,0,,0,003,"DEL MONTE AV","SLOAT AV",100.00,E,N,A,-,N,,,,,,,,,,N,4,0,1,2,A,-,17,21658,,N,B,C,A,A,H,-,A,D,0,,,,,Y,,A,01,0,0,1,0,0,0,0,0,0,"- ","- ",,,MONTEREY,MONTEREY,-121.87853945000001,36.599850799999999
8492341,2017,2017-11-29,2706,2017-10-27,1139,114,MPD,5,5,4,2706,0,0,0,,0,002,"FIGUEROA ST","DEL MONTE AV",8.00,E,N,A,-,N,,,,,,,,,,N,2,0,1,2,A,-,12,21453,A,N,D,G,A,A,H,-,A,A,0,,Y,,,Y,,L,04,1,0,0,0,0,0,1,0,0,"- ","- ",,,MONTEREY,MONTEREY,-121.89003593,36.600281729999999
8492347,2017,2017-12-13,2706,2017-11-04,1036,716,MPD,6,5,4,2706,0,0,0,,0,001,"REESIDE AV","CANNERY ROW",113.00,W,Y,A,-,N,,,,,,,,,,N,3,0,1,2,A,-,09,21803,A,N,D,G,A,A,H,-,A,A,0,,Y,,,Y,,L,04,0,1,0,0,0,0,1,0,0,"- ","- ",,,MONTEREY,MONTEREY,-121.89706721,36.610344150000003
8492801,2017,2018-01-10,2708,2017-09-27,1718,30350,,3,5,6,2708,0,0,0,,0,012,"1ST AV","ALMA AV",60.00,N,N,A,-,N,,,,,,,,,,N,3,0,1,2,A,-,11,21954,A,N,G,B,D,A,H,-,A,D,0,Y,,,,Y,,N,60,0,1,0,0,1,0,0,0,0,"- ","- ",,,MONTEREY,SALINAS,-121.61041426,36.679696679999999
8492805,2017,2017-11-21,2708,2017-09-22,1700,52823,,5,5,6,2708,0,0,0,,0,004,"INDEPENDENCE BL","DANBURY ST",0.00,,Y,A,-,N,,,,,,,,,,N,3,0,1,2,A,-,09,21802,A,N,G,B,B,A,H,-,A,A,0,Y,,,,Y,,-,,0,1,0,0,1,0,0,0,0,"- ","- ",,,MONTEREY,SALINAS,-121.61849988,36.712270080000003