CASE_ID,ACCIDENT_YEAR,PROC_DATE,JURIS,COLLISION_DATE,COLLISION_TIME,OFFICER_ID,REPORTING_DISTRICT,DAY_OF_WEEK,CHP_SHIFT,POPULATION,CNTY_CITY_LOC,SPECIAL_COND,BEAT_TYPE,CHP_BEAT_TYPE,CITY_DIVISION_LAPD,CHP_BEAT_CLASS,BEAT_NUMBER,PRIMARY_RD,SECONDARY_RD,DISTANCE,DIRECTION,INTERSECTION,WEATHER_1,WEATHER_2,STATE_HWY_IND,CALTRANS_COUNTY,CALTRANS_DISTRICT,STATE_ROUTE,ROUTE_SUFFIX,POSTMILE_PREFIX,POSTMILE,LOCATION_TYPE,RAMP_INTERSECTION,SIDE_OF_HWY,TOW_AWAY,COLLISION_SEVERITY,NUMBER_KILLED,NUMBER_INJURED,PARTY_COUNT,PRIMARY_COLL_FACTOR,PCF_CODE_OF_VIOL,PCF_VIOL_CATEGORY,PCF_VIOLATION,PCF_VIOL_SUBSECTION,HIT_AND_RUN,TYPE_OF_COLLISION,MVIW,PED_ACTION,ROAD_SURFACE,ROAD_COND_1,ROAD_COND_2,LIGHTING,CONTROL_DEVICE,CHP_ROAD_TYPE,PEDESTRIAN_ACCIDENT,BICYCLE_ACCIDENT,MOTORCYCLE_ACCIDENT,TRUCK_ACCIDENT,NOT_PRIVATE_PROPERTY,ALCOHOL_INVOLVED,STWD_VEHTYPE_AT_FAULT,CHP_VEHTYPE_AT_FAULT,COUNT_SEVERE_INJ,COUNT_VISIBLE_INJ,COUNT_COMPLAINT_PAIN,COUNT_PED_KILLED,COUNT_PED_INJURED,COUNT_BICYCLIST_KILLED,COUNT_BICYCLIST_INJURED,COUNT_MC_KILLED,COUNT_MC_INJURED,PRIMARY_RAMP,SECONDARY_RAMP,LATITUDE,LONGITUDE,COUNTY,CITY,POINT_X,POINT_Y
8492809,2017,2018-01-22,2708,2017-09-09,2357,07903,EAST,6,5,6,2708,0,0,0,,0,011,"MESQUITE DR","TUMBLEWOOD DR",0.00,,Y,A,-,N,,,,,,,,,,Y,3,0,1,1,A,-,08,22107,,N,E,I,A,A,H,-,C,D,0,,,,,Y,,-,,0,1,0,0,0,0,0,0,0,"- ","- ",,,MONTEREY,SALINAS,,
8492813,2017,2017-11-21,2708,2017-09-19,1819,04113,,2,5,6,2708,0,0,0,,0,,"WILLIAMS RD","GRANDHAVEN ST",30.00,S,N,A,-,N,,,,,,,,,,N,4,0,1,3,A,-,03,22350,,N,C,C,A,A,H,-,B,D,0,,,,,Y,,-,,0,0,1,0,0,0,0,0,0,"- ","- ",,,MONTEREY,SALINAS,-121.61205378,36.676782690000003
8492817,2017,2017-11-21,2708,2017-07-04,1400,17987,,2,5,6,2708,0,0,0,,0,,"BORONDA RD",NATIVIDAD,1056.00,W,N,F,-,N,,,,,,,,,,N,4,0,2,2,A,-,09,21804,A,N,D,D,A,A,H,-,A,D,0,,,,,Y,,-,,0,0,2,0,0,0,0,0,0,"- ","- ",,,MONTEREY,SALINAS,-121.62708963999999,36.715930700000001
8492821,2017,2017-11-21,2708,2017-08-16,1657,17987,,3,5,6,2708,0,0,0,,0,,"WEST LAUREL DR","NORTH DAVIS RD",153.00,E,N,A,-,N,,,,,,,,,,Y,4,0,1,3,A,-,07,21658,A,F,D,C,A,A,H,-,A,A,0,,,,,Y,,-,,0,0,1,0,0,0,0,0,0,"- ","- ",,,MONTEREY,SALINAS,-121.66756933000001,36.697881330000001
8492824,2017,2017-12-26,2706,2017-10-27,0311,627,MPD,5,5,4,2706,0,0,0,,0,002,"DEL MONTE AV","WASHINGTON ST",16.00,E,N,A,-,N,,,,,,,,,,Y,2,0,1,1,A,-,01,23152,A,N,A,I,A,A,H,-,C,A,0,,,,,Y,Y,D,22,1,0,0,0,0,0,0,0,0,"- ","- ",,,MONTEREY,MONTEREY,-121.89229186,36.600639370000003
8492825,2017,2017-11-21,2708,2017-08-29,0931,50883,SALIN,2,5,6,2708,0,0,0,,0,001,"NORTH DAVIS RD","BORONDA CROSSING PL",390.00,W,N,B,-,N,,,,,,,,,,Y,4,0,1,1,A,-,03,22350,A,N,F,A,A,A,H,-,A,D,0,,,,,Y,,-,,0,0,1,0,0,0,0,0,0,"- ","- ",,,MONTEREY,SALINAS,-121.66805341,36.719506119999998
8492829,2017,2017-11-21,2708,2017-07-07,0910,73452,,5,5,6,2708,0,0,0,,0,003,"NATIVIDAD RD","LOS COCHES AV",0.00,,Y,A,-,N,,,,,,,,,,N,4,0,1,2,A,-,05,21650,1,N,G,G,A,A,H,-,A,A,0,,Y,,,Y,,L,04,0,0,1,0,0,0,1,0,0,"- ","- ",,,MONTEREY,SALINAS,-121.62755991,36.707030080000003
8492833,2017,2017-11-21,2708,2017-07-05,2234,31977,,3,5,6,2708,0,0,0,,0,008,"SOLEDAD ST","E ALISAL ST",375.00,S,N,A,-,N,,,,,,,,,,N,3,0,1,2,A,-,11,21954,A,F,G,B,D,A,H,-,A,D,0,Y,,,,Y,,N,60,0,1,0,0,1,0,0,0,0,"- ","- ",,,MONTEREY,SALINAS,-121.65121331,36.673263319999997
8492837,2017,2017-11-21,2708,2017-06-11,1152,49986,,7,5,6,2708,0,0,0,,0,012,"JOHN ST","SOUTH SANBORN RD",0.00,,Y,A,-,N,,,,,,,,,,N,3,0,1,2,A,-,12,21453,A,F,D,G,A,A,H,-,A,A,0,,Y,,,Y,,L,04,0,1,0,0,0,0,1,0,0,"- ","- ",,,MONTEREY,SALINAS,-121.62772993,36.669300020000001
8492850,2017,2017-11-21,2708,2017-09-10,2357,77067,SALIN,7,5,6,2708,0,0,0,,0,002,"MADRID ST","NORTH MAIN ST",898.00,E,N,A,-,N,,,,,,,,,,Y,4,0,1,3,A,-,05,21460,A,N,H,E,A,A,H,-,C,D,0,,,,,Y,,-,,0,0,1,0,0,0,0,0,0,"- ","- ",,,MONTEREY,SALINAS,-121.65469,36.713270000000001
8492854,2017,2017-11-21,2708,2017-09-14,0738,53269,,4,5,6,2708,0,0,0,,0,001,"EISENHOWER ST","BARKLEY DR",80.00,E,N,A,-,N,,,,,,,,,,N,3,0,3,3,A,-,08,22107,,N,D,C,A,A,H,-,A,D,0,,,,,Y,,-,,0,1,2,0,0,0,0,0,0,"- ","- ",,,MONTEREY,SALINAS,-121.64470185,36.72905841
8492858,2017,2017-11-21,2708,2017-09-24,1656,49021,,7,5,6,2708,0,0,0,,0,011,"SANBORN RD","FREEDOM PKWY",0.00,,Y,A,-,N,,,,,,,,,,Y,3,0,2,2,A,-,09,21801,A,F,D,C,A,A,H,-,A,A,0,,,,,Y,,-,,0,1,1,0,0,0,0,0,0,"- ","- ",,,MONTEREY,SALINAS,-121.60134986,36.692130040000002
8492862,2017,2017-11-21,2708,2017-09-13,1735,59989,SALIN,3,5,6,2708,0,0,0,,0,007,"W ALISAL ST","AMHERST DR",5.00,W,N,A,-,N,,,,,,,,,,Y,4,0,1,2,A,-,08,22107,,N,B,E,A,A,H,-,A,D,0,,,,,Y,,-,,0,0,1,0,0,0,0,0,0,"- ","- ",,,MONTEREY,SALINAS,-121.66861681,36.671957679999998
8492866,2017,2017-11-21,2708,2017-09-21,1007,35888,2708,4,5,6,2708,0,0,0,,0,007,"NACIONAL ST","ARCHER ST",0.00,,Y,A,-,N,,,,,,,,,,N,4,0,1,2,A,-,12,22450,A,N,D,C,A,A,H,-,A,D,0,,,,,Y,,-,,0,0,1,0,0,0,0,0,0,"- ","- ",,,MONTEREY,SALINAS,-121.66952992,36.67589006
8492870,2017,2017-11-21,2708,2017-09-30,1306,73452,,6,5,6,2708,0,0,0,,0,003,"NATIVIDAD RD","CHAPARRAL ST",0.00,,Y,A,-,N,,,,,,,,,,Y,4,0,1,1,A,-,08,22100,A,N,A,I,A,A,H,-,A,A,0,,,,,Y,Y,-,,0,0,1,0,0,0,0,0,0,"- ","- ",,,MONTEREY,SALINAS,-121.63451990999999,36.700130029999997
8492874,2017,2017-11-21,2708,2017-09-21,1819,71713,,4,5,6,2708,0,0,0,,0,,"EAST BORONDA RD",MCKINNON,400.00,W,N,A,-,N,,,,,,,,,,N,4,0,1,2,A,-,03,22350,,F,C,C,A,A,H,-,A,A,0,,,,,Y,,-,,0,0,1,0,0,0,0,0,0,"- ","- ",,,MONTEREY,SALINAS,-121.64500273,36.717267530000001
8492878,2017,2017-11-21,2708,2017-09-20,1612,71595,,3,5,6,2708,0,0,0,,0,012,"WILLIAMS RD","FAIRHAVEN ST",0.00,,Y,A,-,N,,,,,,,,,,Y,4,0,1,2,A,-,09,21801,A,M,A,C,A,A,H,-,A,A,0,,,,,Y,,-,,0,0,1,0,0,0,0,0,0,"- ","- ",,,MONTEREY,SALINAS,-121.61281998,36.676350050000003
8492881,2017,2017-12-04,2708,2017-10-15,0124,07903,EAST,7,5,6,2708,0,0,0,,0,011,"EAST BORONDA RD","SANBORN RD",0.00,N,N,A,-,N,,,,,,,,,,Y,2,0,2,1,A,-,03,22350,,N,E,I,A,A,H,-,C,D,0,,,,,Y,,-,,2,0,0,0,0,0,0,0,0,"- ","- ",,,MONTEREY,SALINAS,-121.59578992,36.695020110000002
8492884,2017,2017-12-06,2708,2017-10-26,0748,53260,,4,5,6,2708,0,0,0,,0,010,"JOHN ST","WOOD ST",0.00,,Y,A,-,N,,,,,,,,,,Y,3,0,2,3,A,-,10,21950,A,F,A,B,B,A,H,-,A,D,0,Y,,,,Y,,-,,0,1,1,0,2,0,0,0,0,"- ","- ",,,MONTEREY,SALINAS,-121.63592989999999,36.67037002
8492885,2017,2017-12-04,2708,2017-10-13,1752,59989,SALIN,5,5,6,2708,0,0,0,,0,008,"W ALISAL ST","SALINAS ST",0.00,,Y,A,-,N,,,,,,,,,,Y,4,0,2,2,A,-,12,21453,A,N,D,C,A,A,H,-,B,A,0,,,,,Y,,-,,0,0,2,0,0,0,0,0,0,"- ","- ",,,MONTEREY,SALINAS,-121.65602994,36.673620020000001
8492892,2017,2017-12-06,2708,2017-10-17,1631,28920,SALIN,2,5,6,2708,0,0,0,,0,007,"HOMESTEAD AV","CENTRAL AV",0.00,,Y,A,-,N,,,,,,,,,,Y,4,0,2,3,A,-,08,22107,,N,C,C,A,A,H,-,A,A,0,,,,,Y,,-,,0,0,2,0,0,0,0,0,0,"- ","- ",,,MONTEREY,SALINAS,-121.66502986,36.675600039999999
8492897,2017,2017-12-04,2708,2017-10-11,1223,49532,SALIN,3,5,6,2708,0,0,0,,0,002,"NORTH MAIN ST","HARDEN PKWY",400.00,N,N,A,-,N,,,,,,,,,,N,4,0,1,2,A,-,07,21658,A,N,B,C,A,A,H,-,A,A,0,,,,,Y,,-,,0,0,1,0,0,0,0,0,0,"- ","- ",,,MONTEREY,SALINAS,-121.65473015000001,36.71437701
8492900,2017,2017-12-06,2708,2017-10-29,0239,07903,EAST,7,5,6,2708,0,0,0,,0,011,"NORTH SANBORN RD","EAST LAUREL DR",0.00,,Y,A,-,N,,,,,,,,,,Y,3,0,3,2,A,-,01,23152,B,N,A,C,A,A,H,-,C,A,0,,,,,Y,Y,-,,0,2,1,0,0,0,0,0,0,"- ","- ",,,MONTEREY,SALINAS,-121.62087993999999,36.68294006
8492904,2017,2017-12-06,2708,2017-10-01,1751,25182,,7,5,6,2708,0,0,0,,0,003,"CONSTITUTION BL","MANCHESTER DR",5.00,S,N,A,-,N,,,,,,,,,,N,4,0,1,2,A,-,10,21950,A,N,G,B,C,A,H,-,A,D,0,Y,,,,Y,,-,,0,0,1,0,1,0,0,0,0,"- ","- ",,,MONTEREY,SALINAS,-121.62320599,36.700065199999997
8492905,2017,2017-12-04,2708,2017-10-04,1443,73452,,3,5,6,2708,0,0,0,,0,,"S HEBBRON","PRINCE PL",135.00,S,N,A,-,N,,,,,,,,,,Y,4,0,2,3,A,-,05,21650,,N,A,E,A,A,H,-,A,D,0,,,,,Y,Y,-,,0,0,2,0,0,0,0,0,0,"- ","- ",,,MONTEREY,SALINAS,-121.63256126,36.670972419999998
8492908,2017,2017-12-06,2708,2017-10-22,1539,00873,,7,5,6,2708,0,0,0,,0,,"NORTH DAVIS RD","W ROSSI RD",0.00,,Y,A,-,N,,,,,,,,,,Y,4,0,2,2,A,-,12,21453,A,N,D,C,A,A,H,-,A,A,0,,,,,Y,,-,,0,0,2,0,0,0,0,0,0,"- ","- ",,,MONTEREY,SALINAS,-121.67192991,36.68842008
8492909,2017,2017-12-04,2708,2017-10-13,1625,59989,SALIN,5,5,6,2708,0,0,0,,0,008,"W ALISAL ST","SALINAS ST",0.00,,Y,A,-,N,,,,,,,,,,N,4,0,1,3,A,-,12,21453,A,M,D,C,A,A,H,-,A,A,0,,,,,Y,,-,,0,0,1,0,0,0,0,0,0,EO,"- ",,,MONTEREY,SALINAS,-121.65602994,36.673620020000001
8492912,2017,2017-12-06,2708,2017-10-29,2027,16258,SALIN,7,5,6,2708,0,0,0,,0,001,"NORTH MAIN ST","BORONDA RD",0.00,,Y,A,-,N,,,,,,,,,,Y,3,0,2,2,A,-,03,22350,,N,C,C,A,A,H,-,C,A,0,,,,,Y,,-,,0,2,0,0,0,0,0,0,0,"- ","- ",,,MONTEREY,SALINAS,-121.65622992,36.721620110000003
8492913,2017,2017-12-04,2708,2017-10-06,1505,75362,SALIN,5,5,6,2708,0,0,0,,0,010,"E ALISAL ST","KERN ST",0.00,,Y,A,-,N,,,,,,,,,,N,4,0,1,2,A,-,09,21802,A,N,D,G,A,A,H,-,A,D,0,,Y,,,Y,,-,,0,0,1,0,0,0,1,0,0,"- ","- ",,,MONTEREY,SALINAS,-121.64025989,36.674200040000002
8492916,2017,2017-12-06,2708,2017-10-20,1826,19003,,5,5,6,2708,0,0,0,,0,004,"INDEPENDENCE BL","EAST BORONDA RD",100.00,S,N,A,-,N,,,,,,,,,,N,3,0,3,2,A,-,09,21801,A,N,D,C,A,A,H,-,C,D,0,,,,,Y,,-,,0,1,2,0,0,0,0,0,0,"- ","- ",,,MONTEREY,SALINAS,-121.6166446,36.714668500000002
8492917,2017,2017-12-04,2708,2017-10-15,1248,52823,,7,5,6,2708,0,0,0,,0,,"EAST BORONDA RD","HEMINGWAY DR",325.00,W,N,A,-,N,,,,,,,,,,N,4,0,6,4,A,-,03,22350,,N,C,C,A,A,H,-,A,D,0,,,,,Y,,-,,0,0,6,0,0,0,0,0,0,"- ","- ",,,MONTEREY,SALINAS,-121.61072455999999,36.712620870000002
90776853,2018,2018-07-26,9730,2018-07-16,0540,022061,,1,3,9,2700,0,2,4,,1,075,"SAN JUAN ROAD","ALLISON LANE",2112.00,E,N,B,-,N,,,,,,,,,,Y,4,0,1,3,A,-,03,22350,,N,C,C,A,A,H,-,A,D,0,,,,,Y,,A,01,0,0,1,0,0,0,0,0,0,"- ","- ",36.904148101806641,-121.72914123535156,MONTEREY,UNINCORPORATED,-121.72897338867188,36.904167175292969
90776892,2018,2018-07-26,9730,2018-07-17,0530,022061,,2,3,9,2700,0,1,2,,1,030,"NORTHBOUND US-101","OLD STAGE ROAD",6336.00,N,N,A,-,Y,,,101,,,,,,,Y,4,0,1,2,A,-,03,22350,,N,C,C,A,A,H,-,A,D,0,,,,,Y,,A,01,0,0,1,0,0,0,0,0,0,"- ","- ",36.535419464111328,-121.47994995117188,MONTEREY,UNINCORPORATED,-121.47991180419922,36.53546142578125
90776903,2018,2018-07-26,9730,2018-07-17,1340,022061,,2,1,9,2700,0,1,2,,1,030,"S/B US-101","SOMAVIA ROAD",1584.00,S,N,A,-,Y,,,101,,,,,,,Y,4,0,2,2,A,-,03,22350,,N,C,C,A,A,H,-,A,D,0,,,,,Y,,D,22,0,0,2,0,0,0,0,0,0,"- ","- ",36.592338562011719,-121.54205322265625,MONTEREY,UNINCORPORATED,-121.54203796386719,36.592353820800781
90776913,2018,2018-07-26,9730,2018-07-18,2150,022092,,3,2,9,2700,0,3,5,,2,004,"CAMPHORA GLORIA ROAD",US-101,10032.00,E,N,A,-,N,,,,,,,,,,Y,2,0,2,1,A,-,01,23152,A,N,E,A,A,A,H,-,D,D,0,,,,,Y,Y,D,22,1,0,1,0,0,0,0,0,0,"- ","- ",36.473419189453125,-121.34956359863281,MONTEREY,UNINCORPORATED,-121.36280059814453,36.449058532714844
90778757,2018,2018-07-27,9730,2018-07-17,1639,019239,,2,2,9,2700,0,2,4,,2,063,"BLANCO RD","DAVIS RD",2640.00,W,N,A,-,N,,,,,,,,,,Y,3,0,4,3,A,-,03,22350,,N,C,C,A,A,H,-,A,D,0,,,,,Y,,A,01,0,1,3,0,0,0,0,0,0,"- ","- ",36.671100616455078,-121.69309997558594,MONTEREY,UNINCORPORATED,-121.69253540039062,36.670894622802734
90779695,2018,2018-07-30,9730,2018-07-18,2158,020916,,3,2,9,2700,0,3,5,,2,006,"PAJARO STREET","MCDOUGALL RD.",95.00,E,N,A,-,N,,,,,,,,,,Y,4,0,1,3,A,-,01,23152,A,F,C,E,A,A,H,-,C,D,0,,,,,Y,Y,A,01,0,0,1,0,0,0,0,0,0,"- ","- ",36.7635498046875,-121.75273132324219,MONTEREY,UNINCORPORATED,-121.75267791748047,36.763496398925781
90779701,2018,2018-07-30,9730,2018-07-18,1025,020208,,3,1,9,2700,0,1,3,,1,068,"SR-68 SALINAS","LAGUNA PLACE",54.00,E,N,A,-,Y,,,68,,,,,,,Y,4,0,1,1,A,-,08,22107,,N,E,A,A,A,H,-,A,D,0,,,,,Y,,A,07,0,0,1,0,0,0,0,0,0,"- ","- ",36.570259094238281,-121.74978637695312,MONTEREY,UNINCORPORATED,-121.74980163574219,36.570297241210938
90779712,2018,2018-07-30,9730,2018-07-18,1551,019239,,3,2,9,2700,0,2,4,,1,073,"SALINAS RD","JONATHAN ST",7.00,S,N,A,-,N,,,,,,,,,,Y,4,0,1,2,A,-,06,21755,,N,D,C,A,A,H,-,A,D,0,,,Y,,Y,,C,02,0,0,1,0,0,0,0,0,1,"- ","- ",36.900848388671875,-121.74828338623047,MONTEREY,UNINCORPORATED,-121.7481689453125,36.900802612304688
90779868,2018,2018-07-30,9730,2018-07-20,1601,019981,,5,2,9,2700,0,1,3,,1,066,SR-183,"MCFADDEN ROAD",0.00,,Y,A,-,Y,,,183,,,,,,,Y,4,0,3,2,A,-,09,21802,A,N,D,C,A,A,H,-,A,A,0,,,,Y,Y,,A,01,0,0,3,0,0,0,0,0,0,"- ","- ",36.696399688720703,-121.70024108886719,MONTEREY,UNINCORPORATED,-121.70020294189453,36.696441650390625
90779935,2018,2018-07-30,9730,2018-07-20,1324,021856,,5,1,9,2700,0,1,3,,2,062,"NORTHBOUND STATE ROUTE 1","CALIFORNIA STREET",1056.00,S,N,B,-,Y,,,,,,,,,,Y,2,0,1,1,A,-,08,22107,,N,E,I,A,A,H,-,A,D,0,,,,,Y,,A,07,1,0,0,0,0,0,0,0,0,"- ","- ",36.622249603271484,-121.84552764892578,MONTEREY,UNINCORPORATED,-121.84490966796875,36.622665405273438
90779958,2018,2018-07-30,9730,2018-06-08,1610,020933,,5,2,9,2700,0,1,3,,1,074,SR-1,"SPRINGFIELD ROAD",150.00,N,N,A,-,Y,,,1,,,,,,,N,4,0,1,2,A,-,04,21703,,M,C,C,A,A,H,-,A,D,0,,,,,Y,,A,01,0,0,1,0,0,0,0,0,0,"- ","- ",36.838569641113281,-121.77101898193359,MONTEREY,UNINCORPORATED,-121.77100372314453,36.838569641113281
90780144,2018,2018-07-30,9730,2018-07-22,1520,019529,,7,2,9,2700,0,1,3,,1,014,"STATE ROUTE 1","SYCAMORE CANYON ROAD",20.00,S,N,A,-,Y,,,1,,,,,,,Y,4,0,1,5,A,-,03,22350,,N,C,C,A,A,H,-,A,D,0,,,,,Y,,E,22,0,0,1,0,0,0,0,0,0,"- ","- ",36.240211486816406,-121.77709197998047,MONTEREY,UNINCORPORATED,-121.77708435058594,36.240219116210938
90780449,2018,2018-07-30,9730,2018-07-22,1500,021120,,7,2,9,2700,0,3,5,,2,005,"CRAZY HORSE CANYON RD.","AUDREY LN.",520.00,E,N,A,-,N,,,,,,,,,,N,3,0,1,2,A,-,09,21804,A,N,B,C,A,A,H,-,A,D,0,,,Y,,Y,,C,02,0,1,0,0,0,0,0,0,1,"- ","- ",36.81378173828125,-121.62523651123047,MONTEREY,UNINCORPORATED,-121.62526702880859,36.813766479492188
90780609,2018,2018-07-30,9730,2018-07-24,1255,016666,,2,1,9,2700,0,1,3,,2,062,"SR-1 S/B","TIOGA AVENUE",100.00,N,N,A,-,Y,,,,,,,,,,Y,4,0,1,2,A,-,03,22350,,N,C,C,A,A,H,-,A,D,0,,,,,Y,,A,01,0,0,1,0,0,0,0,0,0,"- ","- ",36.618900299072266,-121.84809875488281,MONTEREY,UNINCORPORATED,-121.84871673583984,36.618076324462891
90780618,2018,2018-07-30,9730,2018-07-24,1755,020970,,2,2,9,2700,0,3,5,,2,006,"WOOD STREET","JACKSON STREET",0.00,,Y,A,-,N,,,,,,,,,,N,4,0,1,2,A,-,09,21802,A,N,D,C,A,A,H,-,A,D,0,,,,,Y,,J,48,0,0,1,0,0,0,0,0,0,"- ","- ",36.761398315429688,-121.748046875,MONTEREY,UNINCORPORATED,-121.74803924560547,36.761371612548828
90780622,2018,2018-07-30,9730,2018-07-24,2215,021707,,2,3,9,2700,0,1,3,,2,062,"SR-1 N/B TO SR-68 EB",SR-68,285.00,S,N,E,-,Y,,,1,,,,R,,N,Y,4,0,1,1,A,-,08,22107,,N,E,I,A,A,D,-,C,D,0,,,,,Y,Y,A,01,0,0,1,0,0,0,0,0,0,"- ","- ",36.594429016113281,-121.86908721923828,MONTEREY,UNINCORPORATED,-121.86908721923828,36.594429016113281
90780838,2018,2018-07-31,9730,2018-07-22,0520,020677,,7,3,9,2700,0,2,4,,1,073,"SAN MIGUEL CANYON RD","ECHO VALLEY RD.",30.00,S,N,A,-,N,,,,,,,,,,N,4,0,1,3,A,-,03,22350,,N,C,C,A,A,D,-,D,D,0,,,,,Y,,D,22,0,0,1,0,0,0,0,0,0,"- ","- ",36.821891784667969,-121.67349243164062,MONTEREY,UNINCORPORATED,-121.67342376708984,36.821586608886719
90780843,2018,2018-07-31,9730,2018-07-24,1730,017502,,2,2,9,2700,0,2,4,,2,063,"BLANCO ROAD","ARMSTRONG ROAD",150.00,W,N,A,-,N,,,,,,,,,,Y,4,0,1,3,A,-,03,22350,,N,C,C,A,A,H,-,A,D,0,,,,,Y,,A,01,0,0,1,0,0,0,0,0,0,"- ","- ",36.678638458251953,-121.70893096923828,MONTEREY,UNINCORPORATED,-121.70843505859375,36.678672790527344
90781387,2018,2018-09-11,9730,2018-04-24,1055,021794,,2,1,9,2700,0,1,2,,1,050,"US-101 S/B","AIRPORT BOULEVARD",2112.00,S,N,A,-,Y,,,101,,,,,,S,Y,1,1,3,4,A,-,03,22350,,F,C,C,A,A,H,-,A,D,0,,,,,Y,,D,22,2,0,1,0,0,0,0,0,0,"- ","- ",36.655868530273438,-121.62020874023438,MONTEREY,UNINCORPORATED,-121.62017822265625,36.655887603759766
90781503,2018,2018-07-31,9730,2018-07-23,1800,020970,,1,2,9,2700,0,2,4,,1,073,"SALINAS ROAD","SAN JUAN RD",80.00,S,N,A,-,N,,,,,,,,,,Y,3,0,4,4,A,-,03,22350,,N,C,C,A,A,H,-,A,D,0,,,,,Y,,A,01,0,1,3,0,0,0,0,0,0,"- ","- ",36.904228210449219,-121.74842071533203,MONTEREY,UNINCORPORATED,-121.74844360351562,36.904270172119141
90781766,2018,2018-12-04,9730,2018-07-21,1256,022061,,6,1,9,2700,0,1,2,,1,070,"S/B US-101","SR-156 OVER CROSSING",2640.00,N,N,A,-,Y,,,101,,,,,,,Y,4,0,2,2,A,-,08,22107,,N,B,C,A,A,H,-,A,D,0,,,,Y,Y,,G,25,0,0,2,0,0,0,0,0,0,"- ","- ",36.793659210205078,-121.66686248779297,MONTEREY,UNINCORPORATED,-121.66680908203125,36.793651580810547
90781875,2018,2018-08-01,9730,2018-07-24,1400,019239,,2,2,9,2700,0,1,3,,1,068,"SR-68 WB","PASADERA DR",350.00,E,N,A,-,Y,,,68,,,,,,W,Y,4,0,3,3,A,-,03,22350,,N,C,C,A,A,H,-,A,D,0,,,,,Y,,D,22,0,0,3,0,0,0,0,0,0,"- ","- ",36.567699432373047,-121.77719879150391,MONTEREY,UNINCORPORATED,-121.77720642089844,36.567760467529297
90784625,2018,2018-08-06,9730,2018-07-26,1712,020931,,4,2,9,2700,0,1,3,,2,062,"SR-1 N/B","MUNRAS AVE",100.00,S,N,B,-,Y,,,1,,,,,,N,N,4,0,3,3,A,-,03,22350,,N,C,C,A,A,H,-,A,D,0,,,,,Y,,D,22,0,0,3,0,0,0,0,0,0,"- ","- ",36.580249786376953,-121.90386962890625,MONTEREY,UNINCORPORATED,-121.90387725830078,36.58026123046875
90784629,2018,2018-08-06,9730,2018-07-25,0000,022039,,3,3,9,2700,0,3,5,,2,007,"MILLER ROAD","SILL ROAD",1056.00,N,N,A,-,N,,,,,,,,,,N,2,0,3,2,A,-,03,22350,,N,B,C,A,A,H,-,D,D,0,,,Y,,Y,,C,02,1,2,0,0,0,0,0,0,3,"- ","- ",36.869091033935547,-121.73088073730469,MONTEREY,UNINCORPORATED,-121.73085784912109,36.869300842285156
90784633,2018,2018-08-06,9730,2018-07-26,1740,017502,,4,2,9,2700,0,3,5,,2,006,"DAVIS ROAD","AMBROSE DRIVE",30.00,S,N,B,-,N,,,,,,,,,,N,4,0,3,2,A,-,03,22350,,N,C,C,A,A,H,-,A,D,0,,,,,Y,,A,07,0,0,3,0,0,0,0,0,0,"- ","- ",36.580291748046875,-121.90386199951172,MONTEREY,UNINCORPORATED,-121.68305969238281,36.669178009033203
90784641,2018,2018-08-06,9730,2018-07-26,1251,016666,,4,1,9,2700,0,2,4,,1,023,"CARMEL VALLEY ROAD","ROBINSON CANYON ROAD",448.00,W,N,A,-,N,,,,,,,,,,Y,3,0,1,1,A,-,08,22107,,N,E,I,A,A,H,-,A,D,0,,,,,Y,,A,01,0,1,0,0,0,0,0,0,0,"- ","- ",36.522598266601562,-121.80770111083984,MONTEREY,UNINCORPORATED,-121.80991363525391,36.523654937744141
90784687,2018,2018-08-06,9730,2018-07-26,0848,021407,,4,1,9,2700,0,1,2,,1,030,"US-101 N/B","SPENCE ROAD",650.00,S,N,A,-,Y,,,101,,,,,,N,Y,4,0,1,2,A,-,03,22350,,N,C,C,A,A,H,-,A,D,0,,,,,Y,,A,01,0,0,1,0,0,0,0,0,0,"- ","- ",36.612098693847656,-121.56590270996094,MONTEREY,UNINCORPORATED,-121.56591796875,36.612071990966797
90784789,2018,2018-08-06,9730,2018-07-27,0653,022061,,5,1,9,2700,0,3,5,,2,004,"ALISAL ROAD","SCONBERG PARKWAY",3168.00,S,N,B,-,N,,,,,,,,,,Y,4,0,1,2,A,-,09,21804,A,N,D,C,A,A,H,-,A,D,0,,,,,Y,,D,22,0,0,1,0,0,0,0,0,0,"- ","- ",36.665340423583984,-121.59439849853516,MONTEREY,UNINCORPORATED,-121.59450531005859,36.665363311767578
90784800,2018,2018-08-06,9730,2018-07-27,1424,020899,,5,2,9,2700,0,1,2,,1,070,"SOUTHBOUND US-101","ECHO VALLEY ROAD",5069.00,N,N,A,-,Y,,,101,,,,,,,Y,4,0,1,2,A,-,03,22350,,N,C,C,A,A,H,-,A,D,0,,,,,Y,,A,01,0,0,1,0,0,0,0,0,0,"- ","- ",36.831241607666016,-121.63007354736328,MONTEREY,UNINCORPORATED,-121.63004302978516,36.831245422363281