CASE_ID,ACCIDENT_YEAR,PROC_DATE,JURIS,COLLISION_DATE,COLLISION_TIME,OFFICER_ID,REPORTING_DISTRICT,DAY_OF_WEEK,CHP_SHIFT,POPULATION,CNTY_CITY_LOC,SPECIAL_COND,BEAT_TYPE,CHP_BEAT_TYPE,CITY_DIVISION_LAPD,CHP_BEAT_CLASS,BEAT_NUMBER,PRIMARY_RD,SECONDARY_RD,DISTANCE,DIRECTION,INTERSECTION,WEATHER_1,WEATHER_2,STATE_HWY_IND,CALTRANS_COUNTY,CALTRANS_DISTRICT,STATE_ROUTE,ROUTE_SUFFIX,POSTMILE_PREFIX,POSTMILE,LOCATION_TYPE,RAMP_INTERSECTION,SIDE_OF_HWY,TOW_AWAY,COLLISION_SEVERITY,NUMBER_KILLED,NUMBER_INJURED,PARTY_COUNT,PRIMARY_COLL_FACTOR,PCF_CODE_OF_VIOL,PCF_VIOL_CATEGORY,PCF_VIOLATION,PCF_VIOL_SUBSECTION,HIT_AND_RUN,TYPE_OF_COLLISION,MVIW,PED_ACTION,ROAD_SURFACE,ROAD_COND_1,ROAD_COND_2,LIGHTING,CONTROL_DEVICE,CHP_ROAD_TYPE,PEDESTRIAN_ACCIDENT,BICYCLE_ACCIDENT,MOTORCYCLE_ACCIDENT,TRUCK_ACCIDENT,NOT_PRIVATE_PROPERTY,ALCOHOL_INVOLVED,STWD_VEHTYPE_AT_FAULT,CHP_VEHTYPE_AT_FAULT,COUNT_SEVERE_INJ,COUNT_VISIBLE_INJ,COUNT_COMPLAINT_PAIN,COUNT_PED_KILLED,COUNT_PED_INJURED,COUNT_BICYCLIST_KILLED,COUNT_BICYCLIST_INJURED,COUNT_MC_KILLED,COUNT_MC_INJURED,PRIMARY_RAMP,SECONDARY_RAMP,LATITUDE,LONGITUDE,COUNTY,CITY,POINT_X,POINT_Y
90784931,2018,2018-08-06,9730,2018-07-27,1535,021794,,5,2,9,2700,0,2,4,,1,073,"SAN MIGUEL CANYON ROAD SOUTHBOUND","STRAWBERRY ROAD",410.00,N,N,A,-,N,,,,,,,,,,Y,4,0,1,3,A,-,03,22350,,N,C,C,A,A,H,-,A,D,0,,,,,Y,,D,22,0,0,1,0,0,0,0,0,0,"- ","- ",36.831291198730469,-121.67929077148438,MONTEREY,UNINCORPORATED,-121.67924499511719,36.831222534179688
90784966,2018,2018-08-06,9730,2018-07-27,0700,020208,,5,1,9,2700,0,2,4,,1,073,"SAN MIGUEL CANYON ROAD","MORO ROAD",150.00,E,N,B,-,N,,,,,,,,,,Y,4,0,1,2,A,-,03,22350,,N,C,C,A,A,H,-,A,D,0,,,,,Y,,D,22,0,0,1,0,0,0,0,0,0,"- ","- ",36.802249908447266,-121.66645812988281,MONTEREY,UNINCORPORATED,-121.66645812988281,36.802318572998047
90784999,2018,2018-08-06,9730,2018-07-28,1235,021856,,6,1,9,2700,0,1,2,,1,030,"SB US-101 TO CAMPHORA GLORIA","SILLIMAN RD OVER CROSSING",1056.00,N,N,A,-,Y,,,101,,,,R,,,N,4,0,1,1,A,-,01,23152,A,N,E,I,A,A,H,-,C,D,0,,,,,Y,Y,A,01,0,0,1,0,0,0,0,0,0,"- ","- ",36.450481414794922,-121.36567687988281,MONTEREY,UNINCORPORATED,-121.36567687988281,36.450481414794922
90785005,2018,2018-08-06,9730,2018-07-28,1730,017184,,6,2,9,2700,0,1,3,,1,012,SR-1,"VICENTE CREEK BRIDGE",2112.00,N,N,A,-,Y,,,1,,,,,,,N,3,0,2,1,A,-,03,22350,,N,B,I,A,A,H,-,A,A,0,,,Y,,Y,,C,02,0,2,0,0,0,0,0,0,2,"- ","- ",36.049468994140625,-121.58995819091797,MONTEREY,UNINCORPORATED,-121.58983612060547,36.049484252929688
90785016,2018,2018-08-06,9730,2018-07-28,1005,022061,,6,1,9,2700,0,1,2,,1,070,"SOUTHBOUND US-101","SAN JUAN ROAD",2112.00,S,N,A,-,Y,,,101,,,,,,,N,4,0,1,2,A,-,03,22350,,N,C,C,A,A,H,-,A,D,0,,,,,Y,,A,07,0,0,1,0,0,0,0,0,0,"- ","- ",36.854118347167969,-121.63392639160156,MONTEREY,UNINCORPORATED,-121.63389587402344,36.854084014892578
90785055,2018,2018-08-06,9730,2018-07-29,1250,018886,,7,1,9,2700,0,1,2,,1,070,"US-101 N/B","RALPH LANE",2640.00,N,N,A,-,Y,,,101,,,,,,N,N,3,0,2,3,A,-,03,22350,,N,C,C,A,A,H,-,A,D,0,,,,,Y,,A,07,0,2,0,0,0,0,0,0,0,"- ","- ",36.763088226318359,-121.66735076904297,MONTEREY,UNINCORPORATED,-121.66716766357422,36.763137817382812
90785073,2018,2018-08-06,9735,2018-08-01,1836,020335,,3,2,9,2700,0,3,5,,2,001,"ARROYO SECO","THORNE RD",514.00,N,N,A,-,N,,,,,,,,,,Y,3,0,5,1,A,-,01,23152,A,N,E,I,A,A,H,-,A,D,0,,,,,Y,Y,A,01,0,2,3,0,0,0,0,0,0,"- ","- ",36.315658569335938,-121.31149291992188,MONTEREY,UNINCORPORATED,-121.31156158447266,36.316154479980469
90785614,2018,2018-08-07,9730,2018-07-19,2037,020933,,4,2,9,2700,0,3,5,,2,005,"RUSSELL ROAD","BAHIA AVENUE",600.00,E,N,A,-,N,,,,,,,,,,Y,3,0,1,2,A,-,09,21801,A,F,D,C,A,A,H,-,B,D,0,,,,,Y,,A,07,0,1,0,0,0,0,0,0,0,"- ","- ",36.732948303222656,-121.65106964111328,MONTEREY,UNINCORPORATED,-121.65180969238281,36.732463836669922
90785950,2018,2018-08-07,9730,2018-07-30,1210,021888,,1,1,9,2700,0,3,5,,2,004,"ALISAL ROAD","2378 ALISAL ROAD",31.50,S,N,A,-,N,,,,,,,,,,N,2,0,1,2,A,-,08,22107,,N,D,G,A,A,H,-,A,D,0,,Y,,,Y,,L,04,1,0,0,0,0,0,1,0,0,"- ","- ",36.631378173828125,-121.54414367675781,MONTEREY,UNINCORPORATED,,
90785957,2018,2018-08-07,9730,2018-07-30,1240,018886,,1,1,9,2700,0,1,2,,1,030,"US-101 N/B","POTTER ROAD",2640.00,S,N,A,-,Y,,,101,,,,,,N,N,4,0,2,3,A,-,03,22350,,N,C,C,A,A,H,-,A,D,0,,,,,Y,,D,22,0,0,2,0,0,0,0,0,0,"- ","- ",36.597698211669922,-121.54759979248047,MONTEREY,UNINCORPORATED,-121.54759216308594,36.597705841064453
90785961,2018,2018-08-07,9730,2018-07-30,1214,016666,,1,1,9,2700,0,1,3,,2,062,"SR-1 S/B MUNRAS OFF","MUNRAS AVENUE U/C",1056.00,N,N,A,-,Y,,,,,,,,,,Y,4,0,1,2,A,-,03,22350,,N,C,C,A,A,H,-,A,D,0,,,,,Y,,A,01,0,0,1,0,0,0,0,0,0,"- ","- ",36.582649230957031,-121.89682006835938,MONTEREY,UNINCORPORATED,,
90785973,2018,2018-08-07,9730,2018-07-30,1220,021776,,1,1,9,2700,0,1,2,,1,050,"US-101 NORTHBOUND","ECKHARDT ROAD",0.00,,Y,A,-,Y,,,101,,,,,,N,Y,3,0,2,2,A,-,09,21801,A,N,D,C,A,A,H,-,A,D,0,,,,Y,Y,,G,25,0,1,1,0,0,0,0,0,0,"- ","- ",36.617099761962891,-121.57286071777344,MONTEREY,UNINCORPORATED,-121.57283782958984,36.61712646484375
90786029,2018,2018-08-07,9730,2018-07-30,0815,021776,,1,1,9,2700,0,1,2,,1,030,"US-101 SOUTHBOUND","FRONT STREET OVER-CROSSING",2112.00,S,N,B,-,Y,,,101,,,,,,S,N,4,0,1,2,A,-,03,22350,,N,C,C,A,A,H,-,A,D,0,,,,,Y,,A,01,0,0,1,0,0,0,0,0,0,"- ","- ",36.426910400390625,-121.33296203613281,MONTEREY,UNINCORPORATED,-121.33292388916016,36.426967620849609
90786372,2018,2018-08-08,9730,2018-07-31,0150,021707,,2,3,9,2700,0,2,4,,1,073,"SAN MIGUEL CANYON ROAD","CASTROVILLE BOULEVARD",50.00,E,N,B,-,N,,,,,,,,,,Y,4,0,1,2,A,-,03,22350,,M,E,I,A,A,H,-,D,D,0,,,,,Y,Y,A,01,0,0,1,0,0,0,0,0,0,"- ","- ",36.808380126953125,-121.67176055908203,MONTEREY,UNINCORPORATED,-121.67178344726562,36.808307647705078
90786437,2018,2018-08-08,9730,2018-07-31,1355,017502,,2,1,9,2700,0,1,3,,1,068,SR-68,"LAURELES GRADE ROAD",480.00,W,N,A,-,Y,,,,,,,,,,Y,4,0,2,2,A,-,03,22350,,N,C,C,A,A,H,-,A,D,0,,,,,Y,,A,01,0,0,2,0,0,0,0,0,0,"- ","- ",36.664321899414062,-121.66066741943359,MONTEREY,UNINCORPORATED,,
8492920,2017,2017-12-06,2708,2017-10-17,1751,73452,,2,5,6,2708,0,0,0,,0,003,"NATIVIDAD RD","LOS COCHES AV",0.00,,Y,A,-,N,,,,,,,,,,Y,4,0,1,2,A,-,12,21453,A,N,D,C,A,A,H,-,A,A,0,,,,,Y,,-,,0,0,1,0,0,0,0,0,0,"- ","- ",,,MONTEREY,SALINAS,-121.62755991,36.707030080000003
8492921,2017,2017-12-04,2708,2017-10-08,1958,74125,,7,5,6,2708,0,0,0,,0,012,"DEL MONTE AV","WILLIAMS RD",0.00,,Y,A,-,N,,,,,,,,,,Y,2,0,3,3,A,-,08,22107,,F,D,C,A,A,H,-,C,A,0,,,,,Y,,-,,2,0,1,0,0,0,0,0,0,"- ","- ",,,MONTEREY,SALINAS,-121.60429995,36.68120004
8492924,2017,2017-12-06,2708,2017-10-19,2300,79945,,4,5,6,2708,0,0,0,,0,005,"IRIS DR","NORTH MAIN ST",0.00,,Y,A,-,N,,,,,,,,,,Y,4,0,1,2,A,-,05,21460,A,F,B,C,A,A,H,-,C,A,0,,,,,Y,Y,-,,0,0,1,0,0,0,0,0,0,"- ","- ",,,MONTEREY,SALINAS,-121.65223997,36.693170029999997
8492925,2017,2017-12-04,2708,2017-10-06,1228,53260,,5,5,6,2708,0,0,0,,0,012,"E ALISAL ST","SCONBERG ST",276.00,S,N,A,-,N,,,,,,,,,,Y,4,0,1,2,A,-,05,21460,A,N,B,C,A,A,H,-,A,D,0,,,,,Y,,-,,0,0,1,0,0,0,0,0,0,"- ","- ",,,MONTEREY,SALINAS,-121.60018518,36.671856050000002
8492928,2017,2018-07-13,2708,2017-10-11,2005,34273,,3,5,6,2708,0,0,0,,0,001,"EAST BORONDA RD","RT 101",180.00,E,N,A,-,Y,MON,5,101,-,R,91.292,R,4,S,Y,4,0,1,3,A,-,03,22350,,N,C,C,A,A,H,-,C,D,0,,,,,Y,,-,,0,0,1,0,0,0,0,0,0,"- ","- ",,,MONTEREY,SALINAS,-121.65888167,36.726162160000001
8492933,2017,2017-12-04,2708,2017-10-04,1557,56793,,3,5,6,2708,0,0,0,,0,,"EAST MARKET ST","FRONT ST",0.00,,Y,A,-,N,,,,,,,,,,N,4,0,1,3,A,-,03,22350,,N,C,C,A,A,H,-,A,A,0,,,,,Y,,-,,0,0,1,0,0,0,0,0,0,"- ","- ",,,MONTEREY,SALINAS,-121.6529199,36.677790010000002
8492936,2017,2017-12-06,2708,2017-10-28,2152,54372,,6,5,6,2708,0,0,0,,0,011,"NORTH SANBORN RD","GARNER AV",520.00,N,N,A,-,N,,,,,,,,,,Y,2,0,1,3,A,-,08,22107,,F,G,B,E,A,H,-,C,D,0,Y,,,,Y,Y,-,,1,0,0,0,1,0,0,0,0,"- ","- ",,,MONTEREY,SALINAS,-121.61368358,36.687025400000003
8492948,2017,2018-10-24,2708,2017-10-24,1938,50883,SALIN,2,5,6,2708,0,0,0,,0,001,"NORTH MAIN ST","W LAMAR ST",6.00,N,N,A,-,N,,,,,,,,,,N,1,1,1,3,A,-,10,21950,A,F,G,B,B,A,H,-,C,A,0,Y,,,,Y,,-,,1,0,0,1,1,0,0,0,0,"- ","- ",,,MONTEREY,SALINAS,-121.65640953,36.723666479999999
8493141,2017,2018-06-08,2708,2017-10-28,1623,19003,,6,5,6,2708,0,0,0,,0,008,"CASENTINI ST","NORTH MAIN ST",300.00,W,N,B,-,N,,,,,,,,,,N,3,0,2,2,A,-,08,22100,5,N,D,D,A,A,H,-,A,D,0,,,,,Y,,-,,0,1,1,0,0,0,0,0,0,"- ","- ",,,MONTEREY,SALINAS,-121.65375419999999,36.684605750000003
8493143,2017,2018-01-10,2708,2017-08-09,1845,17987,,3,5,6,2708,0,0,0,,0,,"WEST LAUREL DR","NORTH DAVIS RD",2.00,E,N,A,-,N,,,,,,,,,,N,4,0,1,2,A,-,03,22350,,N,C,D,A,A,H,-,B,A,0,,,,,Y,,-,,0,0,1,0,0,0,0,0,0,"- ","- ",,,MONTEREY,SALINAS,-121.66808319,36.697909729999999
8493149,2017,2018-06-20,2708,2017-10-31,0755,71633,SALIN,2,5,6,2708,0,0,0,,0,006,"NORTH MAIN ST","CASENTINI ST",300.00,N,N,A,-,Y,MON,5,183,-,-,0.150,H,-,S,N,4,0,1,2,D,-,00,,,N,-,C,A,A,H,-,A,D,0,,,,,Y,,-,"- ",0,0,1,0,0,0,0,0,0,"- ","- ",,,MONTEREY,SALINAS,-121.65268098999999,36.68472774
8493153,2017,2018-07-06,2708,2017-10-01,1653,49021,,7,5,6,2708,0,0,0,,0,007,"BLANCO RD","MAIN ST",100.00,W,N,A,-,Y,MON,5,68,-,-,19.971,I,6,W,Y,4,0,1,2,A,-,04,21703,,N,C,C,A,A,H,-,A,A,0,,,,,Y,,-,,0,0,1,0,0,0,0,0,0,"- ","- ",,,MONTEREY,SALINAS,-121.660342,36.655601699999998
90786555,2018,2018-08-08,9730,2018-07-29,2200,022039,,7,3,9,2700,0,3,5,,2,007,"CASTROVILLE BLVD","DEL MONTE FARMS ROAD",528.00,N,N,B,-,N,,,,,,,,,,N,3,0,1,1,A,-,03,22350,,N,F,A,A,A,H,-,D,D,0,,,Y,,Y,,C,02,0,1,0,0,0,0,0,0,1,"- ","- ",36.794040679931641,-121.72660064697266,MONTEREY,UNINCORPORATED,-121.7266845703125,36.793827056884766
90786631,2018,2018-08-08,9730,2018-08-01,1535,020970,,3,2,9,2700,0,1,2,,1,050,"US-101 S/B","E. ALISAL ST",53.00,S,N,A,-,Y,,,,,,,,,,Y,4,0,1,2,A,-,03,22350,,N,C,C,A,A,H,-,A,D,0,,,,Y,Y,,A,07,0,0,1,0,0,0,0,0,0,"- ","- ",36.674098968505859,-121.64084625244141,MONTEREY,UNINCORPORATED,-121.64077758789062,36.674106597900391
90786655,2018,2018-08-08,9730,2018-07-31,1425,019818,,2,2,9,2700,0,1,3,,1,022,"HWY 1 SOUTHBOUND","GARRAPATA CRK BRG",2640.00,N,N,B,-,Y,,,,,,,,,,N,2,0,1,1,C,-,18,,,N,H,A,A,A,H,-,A,D,0,,,Y,,Y,,-,"- ",1,0,0,0,0,0,0,0,1,"- ","- ",36.421398162841797,-121.91242218017578,MONTEREY,UNINCORPORATED,,
90786943,2018,2018-09-17,9730,2018-08-01,1056,019818,,3,1,9,2700,0,1,3,,1,014,SR-1,"MM 42",2640.00,N,N,A,-,Y,,,1,,,,,,,Y,3,0,1,2,A,-,05,21460,A,N,B,C,A,A,H,-,A,D,0,,,Y,,Y,,C,02,0,1,0,0,0,0,0,0,1,"- ","- ",36.210819244384766,-121.74217987060547,MONTEREY,UNINCORPORATED,-121.74203491210938,36.210906982421875
90787641,2018,2018-08-09,9730,2018-08-02,0535,022061,,4,3,9,2700,0,2,4,,1,075,"SAN JUAN ROAD","SUMMERLAND ROAD",500.00,E,N,B,-,N,,,,,,,,,,Y,2,0,3,3,A,-,05,21460,A,N,B,C,A,A,H,-,B,D,0,,,,,Y,,A,01,2,0,1,0,0,0,0,0,0,"- ","- ",36.861640930175781,-121.65802764892578,MONTEREY,UNINCORPORATED,-121.65827941894531,36.86181640625
90787644,2018,2018-08-09,9730,2018-08-03,1155,022061,,5,1,6,2708,0,1,2,,1,050,"N/B US-101","MARKET STREET OVERCROSSING",1056.00,N,N,A,-,Y,,,,,,,,,,Y,4,0,3,2,A,-,03,22350,,N,C,C,A,A,H,-,A,D,0,,,,Y,Y,,F,27,0,0,3,0,0,0,0,0,0,"- ","- ",38.405120849609375,-121.38385009765625,MONTEREY,SALINAS,,
90787721,2018,2018-08-09,9730,2018-08-03,1040,016666,,5,1,9,2700,0,1,3,,1,068,"SR-68 E/B","PASADERA DRIVE",1018.00,E,N,A,-,Y,,,68,,,,,,E,Y,4,0,1,1,A,-,08,22107,,N,E,I,A,A,H,-,A,D,0,,,,,Y,,A,01,0,0,1,0,0,0,0,0,0,"- ","- ",36.567958831787109,-121.77574157714844,MONTEREY,UNINCORPORATED,-121.7757568359375,36.568004608154297
90787744,2018,2018-08-09,9730,2018-08-03,1125,021776,,5,1,9,2700,0,1,3,,1,022,SR-1,"SPINDRIFT ROAD",1392.00,S,N,A,-,Y,,,1,,,,,,,Y,3,0,1,1,A,-,01,23152,F,N,E,A,A,A,H,-,A,D,0,,,,,Y,,A,01,0,1,0,0,0,0,0,0,0,"- ","- ",36.493049621582031,-121.93755340576172,MONTEREY,UNINCORPORATED,-121.93767547607422,36.493053436279297
90787781,2018,2018-08-09,9730,2018-08-04,1230,021776,,6,1,9,2700,0,1,3,,1,074,SR-1,"STRUVE ROAD",0.00,,Y,A,-,Y,,,1,,,,,,,Y,3,0,1,2,A,-,06,21755,,N,D,C,A,A,H,-,A,D,0,,,Y,,Y,,C,02,0,1,0,0,0,0,0,0,1,"- ","- ",36.823570251464844,-121.78009033203125,MONTEREY,UNINCORPORATED,-121.78000640869141,36.823379516601562
90788214,2018,2018-08-10,9735,2018-08-02,0545,016696,,4,3,9,2700,0,3,5,,2,001,"CENTRAL AVENUE","HOBSON AVENUE",7920.00,N,N,B,-,N,,,,,,,,,,Y,4,0,2,2,A,-,08,22107,,N,A,C,A,A,H,-,A,D,0,,,,,Y,,D,22,0,0,2,0,0,0,0,0,0,"- ","- ",36.270259857177734,-121.21906280517578,MONTEREY,UNINCORPORATED,-121.22835540771484,36.278278350830078
90789081,2018,2018-08-13,9730,2018-08-02,0955,021776,,4,1,9,2700,0,1,3,,2,062,"WB SR-68 TO SB SR-1","AGUAJITO RD U/C",2640.00,N,N,B,-,Y,,,,,,,,,,Y,2,0,1,1,A,-,08,22107,,N,E,I,A,A,H,-,A,D,0,,,,,Y,,A,07,1,0,0,0,0,0,0,0,0,"- ","- ",36.594921112060547,-121.87117004394531,MONTEREY,UNINCORPORATED,,
8493254,2017,2018-05-31,2708,2017-09-26,1407,71633,SALIN,2,5,6,2708,0,0,0,,0,006,"MAIN ST","BRIDGE ST",200.00,S,N,A,-,Y,MON,5,183,-,-,0.270,H,-,S,N,4,0,1,2,A,-,04,21703,,N,C,C,A,A,H,-,A,A,0,,,,,Y,,A,01,0,0,1,0,0,0,0,0,0,"- ","- ",,,MONTEREY,SALINAS,-121.65325453,36.683037880000001
8493258,2017,2018-06-01,2708,2017-09-08,1429,73452,,5,5,6,2708,0,0,0,,0,,"MARKET ST","CAPITOL ST",90.00,E,N,A,-,Y,MON,5,183,-,-,1.030,H,-,S,Y,4,0,4,2,A,-,03,22350,,N,C,E,A,A,H,-,A,D,0,,,,,Y,,A,01,0,0,4,0,0,0,0,0,0,"- ","- ",,,MONTEREY,SALINAS,-121.66068903,36.679303590000004
8496233,2017,2017-12-08,2706,2017-11-16,1454,301,MPD,4,5,4,2706,0,0,0,,0,003,"NORTH FREMONT ST","RAMONA AV",0.00,,Y,C,-,N,,,,,,,,,,N,4,0,1,2,A,-,12,21453,A,N,D,C,A,B,H,-,A,A,0,,,,,Y,,D,22,0,0,1,0,0,0,0,0,0,"- ","- ",,,MONTEREY,MONTEREY,-121.85625992999999,36.597210019999999
8496237,2017,2017-12-08,2706,2017-11-16,1756,143,2706,4,5,4,2706,0,0,0,,0,003,"DEL MONTE AV","PARK AV",90.00,E,N,C,-,N,,,,,,,,,,N,4,0,1,2,A,-,03,22350,,N,C,C,A,B,H,-,C,A,0,,,,,Y,,A,07,0,0,1,0,0,0,0,0,0,"- ","- ",,,MONTEREY,MONTEREY,-121.8819834,36.599924559999998
8496277,2017,2017-12-04,2706,2017-10-27,0634,031,2706,5,5,4,2706,0,0,0,,0,002,"SOLEDAD DR","PACIFIC ST",0.00,,Y,A,-,N,,,,,,,,,,N,2,0,1,2,A,-,11,21950,B,N,G,B,B,A,H,-,C,A,0,Y,,,,Y,,N,60,1,0,0,0,1,0,0,0,0,"- ","- ",,,MONTEREY,MONTEREY,-121.90286998000001,36.58425003
8496601,2017,2018-02-16,2708,2017-09-29,1609,134,,5,5,6,2708,0,0,0,,0,008,"ABBOTT ST","JOHN ST",105.00,E,N,A,-,N,,,,,,,,,,N,4,0,1,2,A,-,03,22350,,N,C,C,A,A,H,-,A,A,0,,,,,Y,,-,,0,0,1,0,0,0,0,0,0,"- ","- ",,,MONTEREY,SALINAS,-121.64668438,36.669183320000002
8496605,2017,2018-02-16,2708,2017-08-14,1643,17987,,1,5,6,2708,0,0,0,,0,,"HANSEN ST","AIRPORT BL",0.00,,Y,B,-,N,,,,,,,,,,N,4,0,1,3,A,-,08,22100,B,N,B,C,A,A,H,-,A,A,0,,,,Y,Y,,D,22,0,0,1,0,0,0,0,0,0,"- ","- ",,,MONTEREY,SALINAS,-121.62674997000001,36.657990069999997
8496826,2017,2018-02-16,2706,2017-11-06,0628,608,2706,1,5,4,2706,0,0,0,,0,003,"DEL MONTE AV","HANNON AV",178.00,E,N,A,-,N,,,,,,,,,,Y,4,0,1,2,A,-,09,21801,A,N,D,C,A,A,H,-,A,D,0,,,,,Y,,A,08,0,0,1,0,0,0,0,0,0,"- ","- ",,,MONTEREY,MONTEREY,-121.86187821,36.604229349999997
8496830,2017,2018-02-16,2706,2017-11-14,1101,505,2706,2,5,4,2706,0,0,0,,0,001,"LIGHTHOUSE AV","HOFFMAN AV",0.00,,Y,A,-,N,,,,,,,,,,Y,4,0,2,2,A,-,12,21453,A,N,D,C,A,A,H,-,A,A,0,,,,,Y,,-,"- ",0,0,2,0,0,0,0,0,0,"- ","- ",,,MONTEREY,MONTEREY,-121.90170992,36.613560079999999
8499003,2017,2017-12-11,2712,2017-11-11,0221,1062,2712,6,5,3,2712,0,0,0,,0,001,"DEL MONTE BL","BEACH RD",0.00,,Y,A,-,N,,,,,,,,,,Y,4,0,1,1,A,-,01,23152,A,N,F,I,A,A,H,-,C,D,0,,,,,Y,Y,A,07,0,0,1,0,0,0,0,0,0,"- ","- ",,,MONTEREY,MARINA,-121.79746986000001,36.693640070000001
8499528,2017,2017-12-15,2707,2017-10-27,1115,2234,2707,5,5,3,2707,0,0,0,,0,002,"LIGHTHOUSE AV","CALEDONIA ST",0.00,,Y,A,-,N,,,,,,,,,,N,4,0,1,2,A,-,04,21703,,N,C,C,A,A,H,-,A,A,0,,,,,Y,,A,01,0,0,1,0,0,0,0,0,0,"- ","- ",,,MONTEREY,"PACIFIC GROVE",-121.92066989,36.622480019999998
8499761,2017,2017-12-01,2707,2017-10-23,1621,2224,2707,1,5,3,2707,0,0,0,,0,002,"LIGHTHOUSE AV","CENTRAL AV",0.00,,Y,A,-,N,,,,,,,,,,N,3,0,1,2,A,-,10,21950,A,N,G,B,B,A,H,-,A,D,0,Y,,,,Y,,A,01,0,1,0,0,1,0,0,0,0,"- ","- ",,,MONTEREY,"PACIFIC GROVE",-121.90472,36.617060080000002
90789131,2018,2018-08-13,9730,2018-08-01,1627,019239,,3,2,6,2708,0,1,2,,1,050,"US-101 SB","SHERWOOD DRIVE O.C.",50.00,S,N,A,-,Y,,,101,,,,,,S,Y,4,0,1,2,A,-,03,22350,,N,C,C,A,A,H,-,A,D,0,,,,Y,Y,,A,08,0,0,1,0,0,0,0,0,0,"- ","- ",36.6845703125,-121.64832305908203,MONTEREY,SALINAS,-121.64828491210938,36.68463134765625
90789149,2018,2018-08-13,9730,2018-08-02,1507,018810,,4,2,9,2700,0,3,5,,2,007,"HILLTOP ROAD","SALINAS ROAD",528.00,S,N,B,-,N,,,,,,,,,,Y,4,0,3,2,A,-,09,21801,A,N,D,C,A,A,H,-,A,A,0,,,,,Y,,A,01,0,0,3,0,0,0,0,0,0,"- ","- ",36.865150451660156,-121.77142333984375,MONTEREY,UNINCORPORATED,,
90789209,2018,2018-08-13,9730,2018-08-06,1010,019818,,1,1,9,2700,0,1,3,,1,012,"HIGHWAY 1","1 MON MM 11.77",316.00,N,N,A,-,Y,,,,,,,,,,Y,2,0,2,2,A,-,05,21460,A,N,B,C,A,A,B,-,A,D,0,,,Y,,Y,,C,02,1,1,0,0,0,0,0,0,2,"- ","- ",35.895408630371094,-121.46006774902344,MONTEREY,UNINCORPORATED,,
90789292,2018,2018-08-13,9730,2018-08-03,1705,021794,,5,2,9,2700,0,3,5,,2,007,"S/B ELKHORN ROAD","PARADISE VALLEY ROAD",2112.00,S,N,A,-,N,,,,,,,,,,Y,4,0,1,2,A,-,03,22350,,N,D,C,A,A,H,-,A,D,0,,,,,Y,,A,01,0,0,1,0,0,0,0,0,0,"- ","- ",36.816871643066406,-121.72772979736328,MONTEREY,UNINCORPORATED,,
90789316,2018,2018-08-13,9730,2018-08-06,0605,021776,,1,1,9,2700,0,2,4,,1,073,"HALL ROAD","JOHNSON ROAD",0.00,,Y,E,-,N,,,,,,,,,,Y,4,0,3,2,A,-,09,21802,A,N,D,C,A,A,H,-,B,A,0,,,,,Y,,A,01,0,0,3,0,0,0,0,0,0,"- ","- ",36.861289978027344,-121.70704650878906,MONTEREY,UNINCORPORATED,-121.70722198486328,36.861259460449219
90789361,2018,2018-08-13,9730,2018-08-05,0945,020208,,7,1,9,2700,0,1,3,,2,062,"SR-1 N/B","TIOGA AVENUE",1320.00,S,N,A,-,Y,,,,,,,,,,Y,3,0,1,1,A,-,08,22107,,N,E,I,A,A,H,-,A,D,0,,,,,Y,,A,01,0,1,0,0,0,0,0,0,0,"- ","- ",36.615211486816406,-121.85105895996094,MONTEREY,UNINCORPORATED,-121.85141754150391,36.614849090576172
90789680,2018,2018-08-13,9730,2018-08-05,2145,021396,,7,2,9,2700,0,1,2,,1,070,"N/B US-101","SALA ROAD",191.00,S,N,A,-,Y,,,101,,,,,,,Y,4,0,1,2,A,-,07,21658,A,M,B,C,A,A,H,-,C,D,0,,,,,Y,,-,99,0,0,1,0,0,0,0,0,0,"- ","- ",36.742988586425781,-121.65969848632812,MONTEREY,UNINCORPORATED,-121.66011047363281,36.742835998535156
90789759,2018,2018-08-13,9730,2018-08-06,0716,016666,,1,1,9,2700,0,1,3,,1,068,"SR-68 E/B","PORTOLA DRIVE",528.00,W,N,A,-,Y,,,68,,,,,,E,Y,3,0,1,1,A,-,08,22107,,N,E,I,A,A,H,-,A,D,0,,,,,Y,,A,01,0,1,0,0,0,0,0,0,0,"- ","- ",36.601371765136719,-121.69683074951172,MONTEREY,UNINCORPORATED,-121.69687652587891,36.601398468017578
90790041,2018,2018-08-14,9730,2018-08-06,1545,022047,,1,2,6,2708,0,3,5,,2,006,"S. DAVIS RD.","FOSTER RD.",0.00,,Y,A,-,N,,,,,,,,,,Y,4,0,1,2,A,-,09,21804,A,N,D,C,A,A,H,-,A,D,0,,,,,Y,,D,22,0,0,1,0,0,0,0,0,0,"- ","- ",36.651679992675781,-121.69786071777344,MONTEREY,SALINAS,-121.697998046875,36.651611328125