CASE_ID,ACCIDENT_YEAR,PROC_DATE,JURIS,COLLISION_DATE,COLLISION_TIME,OFFICER_ID,REPORTING_DISTRICT,DAY_OF_WEEK,CHP_SHIFT,POPULATION,CNTY_CITY_LOC,SPECIAL_COND,BEAT_TYPE,CHP_BEAT_TYPE,CITY_DIVISION_LAPD,CHP_BEAT_CLASS,BEAT_NUMBER,PRIMARY_RD,SECONDARY_RD,DISTANCE,DIRECTION,INTERSECTION,WEATHER_1,WEATHER_2,STATE_HWY_IND,CALTRANS_COUNTY,CALTRANS_DISTRICT,STATE_ROUTE,ROUTE_SUFFIX,POSTMILE_PREFIX,POSTMILE,LOCATION_TYPE,RAMP_INTERSECTION,SIDE_OF_HWY,TOW_AWAY,COLLISION_SEVERITY,NUMBER_KILLED,NUMBER_INJURED,PARTY_COUNT,PRIMARY_COLL_FACTOR,PCF_CODE_OF_VIOL,PCF_VIOL_CATEGORY,PCF_VIOLATION,PCF_VIOL_SUBSECTION,HIT_AND_RUN,TYPE_OF_COLLISION,MVIW,PED_ACTION,ROAD_SURFACE,ROAD_COND_1,ROAD_COND_2,LIGHTING,CONTROL_DEVICE,CHP_ROAD_TYPE,PEDESTRIAN_ACCIDENT,BICYCLE_ACCIDENT,MOTORCYCLE_ACCIDENT,TRUCK_ACCIDENT,NOT_PRIVATE_PROPERTY,ALCOHOL_INVOLVED,STWD_VEHTYPE_AT_FAULT,CHP_VEHTYPE_AT_FAULT,COUNT_SEVERE_INJ,COUNT_VISIBLE_INJ,COUNT_COMPLAINT_PAIN,COUNT_PED_KILLED,COUNT_PED_INJURED,COUNT_BICYCLIST_KILLED,COUNT_BICYCLIST_INJURED,COUNT_MC_KILLED,COUNT_MC_INJURED,PRIMARY_RAMP,SECONDARY_RAMP,LATITUDE,LONGITUDE,COUNTY,CITY,POINT_X,POINT_Y
90790123,2018,2018-09-24,9730,2018-08-06,1623,019981,,1,2,9,2700,0,1,3,,1,022,SR-1,"VALLEY WAY",0.00,,Y,A,-,Y,,,1,,,,,,,N,3,0,1,2,A,-,06,21755,,N,D,C,A,A,H,-,A,D,0,,,Y,,Y,,A,01,0,1,0,0,0,0,0,0,1,"- ","- ",36.560081481933594,-121.91181945800781,MONTEREY,UNINCORPORATED,-121.91171264648438,36.560089111328125
90790220,2018,2018-08-14,9730,2018-08-07,1250,017785,,2,1,9,2700,0,1,2,,1,050,"US-101 NORTHBOUND","HARTNELL ROAD",1584.00,S,N,A,-,Y,,,101,,,,,,N,Y,3,0,2,2,A,-,03,22350,,N,C,C,A,A,H,-,A,A,0,,,,,Y,,A,07,0,1,1,0,0,0,0,0,0,"- ","- ",36.619380950927734,-121.57604217529297,MONTEREY,UNINCORPORATED,-121.57600402832031,36.619430541992188
90791450,2018,2018-08-15,9730,2018-08-05,1720,021120,,7,2,9,2700,0,3,5,,2,007,"DOLAN RD.","VIA TANQUES RD.",370.00,W,N,A,-,N,,,,,,,,,,Y,2,0,1,1,A,-,03,22350,,N,E,A,A,A,H,-,A,D,0,,,Y,,Y,,C,02,1,0,0,0,0,0,0,0,1,"- ","- ",36.798038482666016,-121.75821685791016,MONTEREY,UNINCORPORATED,,
90791867,2018,2018-08-16,9730,2018-04-17,2319,018302,,2,3,9,2700,0,3,5,,2,004,"GLORIA ROAD","TAVERNETTI ROAD",5808.00,E,N,B,-,N,,,,,,,,,,Y,1,1,2,2,A,-,01,23152,A,N,C,C,A,A,E,-,D,D,0,,,,,Y,Y,D,22,2,0,0,0,0,0,0,0,0,"- ","- ",36.498279571533203,-121.40972900390625,MONTEREY,UNINCORPORATED,-121.42520904541016,36.492389678955078
90791992,2018,2018-08-16,9730,2018-08-08,1208,019818,,3,1,9,2700,0,3,5,,2,007,"ECHO VALLEY RD","LA ENCINAL DR",380.00,W,N,A,-,N,,,,,,,,,,Y,3,0,1,1,A,-,08,22107,,N,E,J,A,A,H,-,A,D,0,,,,,Y,,D,22,0,1,0,0,0,0,0,0,0,"- ","- ",36.82965087890625,-121.64417266845703,MONTEREY,UNINCORPORATED,,
90792067,2018,2018-08-16,9730,2018-08-09,1700,020990,,4,2,9,2700,0,1,2,,1,070,"US-101 SOUTHBOUND","SAN JUAN ROAD",2640.00,S,N,A,-,Y,,,101,,,,,,S,Y,3,0,1,2,A,-,03,22350,,N,C,C,A,A,H,-,A,D,0,,,,,Y,,A,01,0,1,0,0,0,0,0,0,0,"- ","- ",36.851829528808594,-121.63551330566406,MONTEREY,UNINCORPORATED,-121.63550567626953,36.851829528808594
90792137,2018,2018-08-16,9730,2018-08-09,1235,016537,,4,1,9,2700,0,1,2,,1,070,"S/B US-101","ECHO VALLEY RD. O/C",2112.00,N,N,A,-,Y,,,101,,,,,,,Y,3,0,1,1,A,-,08,22107,,N,B,I,A,A,H,-,A,D,0,,,Y,,Y,,C,02,0,1,0,0,0,0,0,0,1,"- ","- ",36.829620361328125,-121.62944030761719,MONTEREY,UNINCORPORATED,-121.62933349609375,36.829681396484375
90792177,2018,2018-08-16,9730,2018-08-09,0620,022061,,4,1,9,2700,0,2,4,,1,073,"HALL ROAD","SILL ROAD",2112.00,W,N,B,-,N,,,,,,,,,,Y,3,0,1,3,A,-,03,22350,,N,C,C,A,A,H,-,A,D,0,,,,,Y,,A,01,0,1,0,0,0,0,0,0,0,"- ","- ",36.864189147949219,-121.72550201416016,MONTEREY,UNINCORPORATED,-121.72975158691406,36.864139556884766
90792224,2018,2018-08-16,9730,2018-08-09,0710,022061,,4,1,9,2700,0,1,3,,1,072,SR-156,"CASTROVILLE BLVD",2640.00,E,N,B,-,Y,,,,,,,,,,Y,4,0,1,2,A,-,05,21460,A,N,B,C,A,A,H,-,A,D,0,,,,,Y,,A,01,0,0,1,0,0,0,0,0,0,"- ","- ",36.461330413818359,-121.44122314453125,MONTEREY,UNINCORPORATED,-121.742431640625,36.768478393554688
90792843,2018,2018-08-17,9730,2018-08-08,0525,015160,,3,3,9,2700,0,2,4,,2,063,"BLANCO ROAD","COOPER ROAD",3696.00,W,N,E,-,N,,,,,,,,,,Y,3,0,1,2,A,-,21,22106,,N,B,C,A,A,H,-,B,D,0,,,,,Y,,A,07,0,1,0,0,0,0,0,0,0,"- ","- ",36.677158355712891,-121.74774932861328,MONTEREY,UNINCORPORATED,-121.747314453125,36.677272796630859
90792853,2018,2018-08-17,9730,2018-08-08,1623,018810,,3,2,9,2700,0,1,3,,1,074,SR-1,"WATSONVILLE ROAD",20.00,N,N,B,-,Y,,,1,,,,,,,Y,4,0,5,4,A,-,03,22350,,N,C,C,A,A,H,-,A,D,0,,,,Y,Y,,G,27,0,0,5,0,0,0,0,0,0,"- ","- ",36.775920867919922,-121.77287292480469,MONTEREY,UNINCORPORATED,-121.77267456054688,36.776180267333984
90792862,2018,2018-08-17,9730,2018-07-14,2055,020598,,6,2,9,2700,0,2,4,,1,073,"HALL ROAD","JOHNSON ROAD",0.00,,Y,A,-,N,,,,,,,,,,Y,3,0,2,2,A,-,09,21802,A,F,D,C,A,A,H,-,D,D,0,,,,,Y,,D,22,0,2,0,0,0,0,0,0,0,"- ","- ",36.864311218261719,-121.71684265136719,MONTEREY,UNINCORPORATED,-121.70722198486328,36.861259460449219
90792902,2018,2018-08-17,9730,2018-07-04,1212,014800,,3,1,9,2700,0,3,5,,2,005,"OLD STAGE ROAD","CRAZY HORSE CANYON ROAD",2640.00,S,N,A,-,N,,,,,,,,,,Y,1,1,0,1,A,-,03,22350,,N,E,I,A,A,H,-,A,D,0,,,Y,,Y,,C,02,0,0,0,0,0,0,0,1,0,"- ","- ",36.762031555175781,-121.60148620605469,MONTEREY,UNINCORPORATED,-121.60182952880859,36.763427734375
90792964,2018,2018-08-17,9730,2018-08-10,1553,021407,,5,2,9,2700,0,1,3,,2,062,"SR-1 N/B","SOLEDAD DRIVE",800.00,S,N,A,-,Y,,,1,,,,,,N,Y,4,0,1,3,A,-,03,22350,,N,C,C,A,A,H,-,A,D,0,,,,,Y,,D,22,0,0,1,0,0,0,0,0,0,"- ","- ",36.578800201416016,-121.90640258789062,MONTEREY,UNINCORPORATED,-121.90635681152344,36.578731536865234
90793540,2018,2018-08-20,9730,2018-08-08,2130,022092,,3,2,9,2700,0,1,3,,1,074,SR-1,"STRUVE ROAD",0.00,,Y,E,-,Y,,,1,,,,,,,Y,4,0,2,2,A,-,09,21802,A,N,D,C,A,A,H,-,C,A,0,,,,,Y,,A,01,0,0,2,0,0,0,0,0,0,"- ","- ",36.831001281738281,-121.77105712890625,MONTEREY,UNINCORPORATED,-121.77101898193359,36.830997467041016
90793592,2018,2018-08-20,9735,2018-08-15,1905,020417,,3,2,9,2700,0,3,5,,2,003,"SR-146 N/B","STONEWALL CANYON RD.",2640.00,S,N,A,-,Y,,,,,,,,,,Y,3,0,1,1,A,-,08,22107,,N,E,I,A,A,H,-,A,D,0,,,,,Y,,A,01,0,1,0,0,0,0,0,0,0,"- ","- ",36.423069000244141,-121.28787994384766,MONTEREY,UNINCORPORATED,-121.22229766845703,36.45538330078125
90793688,2018,2018-08-20,9735,2018-08-18,0240,019965,,6,3,9,2700,0,1,2,,1,041,US-101,"HOBSON AVE",528.00,S,N,A,-,Y,,,,,,,,,,Y,3,0,1,1,A,-,08,22107,,N,F,A,A,A,H,-,D,D,0,,,,,Y,,A,01,0,1,0,0,0,0,0,0,0,"- ","- ",36.274589538574219,-121.1864013671875,MONTEREY,UNINCORPORATED,-121.18467712402344,36.274723052978516
90793818,2018,2018-08-20,9730,2018-08-10,1620,021120,,5,2,9,2700,0,3,5,,2,006,"NASHUA RD","COOPER RD.",2534.00,N,N,B,-,N,,,,,,,,,,Y,3,0,1,1,A,-,08,22107,,N,F,A,A,A,H,-,A,D,0,,,,,Y,,A,01,0,1,0,0,0,0,0,0,0,"- ","- ",36.708259582519531,-121.738037109375,MONTEREY,UNINCORPORATED,-121.73758697509766,36.70751953125
90793831,2018,2018-09-20,9730,2018-08-11,0430,021396,,6,3,9,2700,0,1,2,,1,070,"N/B US-101","RALPH LANE",950.00,N,N,E,-,Y,,,101,,,,,,,Y,3,0,1,2,A,-,08,22107,,N,E,I,A,A,H,-,D,D,0,,,,,Y,,A,01,0,1,0,0,0,0,0,0,0,"- ","- ",36.758831024169922,-121.6658935546875,MONTEREY,UNINCORPORATED,-121.66585540771484,36.758842468261719
90793890,2018,2018-08-20,9730,2018-08-10,0700,021888,,5,1,9,2700,0,3,5,,2,006,"ESPINOSA ROAD","RODGERS ROAD",4224.00,E,N,A,-,N,,,,,,,,,,Y,2,0,1,3,A,-,09,21804,A,F,B,C,A,A,H,-,B,D,0,,,,,Y,,-,99,1,0,0,0,0,0,0,0,0,"- ","- ",36.740299224853516,-121.67711639404297,MONTEREY,UNINCORPORATED,-121.67778015136719,36.740497589111328
90793901,2018,2018-08-20,9730,2018-08-11,2110,021856,,6,2,9,2700,0,3,5,,2,003,"CHULAR RIVER ROAD","SB US-101",215.00,W,N,A,-,N,,,,,,,,,,Y,4,0,1,1,A,-,03,22350,,N,E,I,A,A,H,-,D,D,0,,,,,Y,,A,01,0,0,1,0,0,0,0,0,0,"- ","- ",36.568771362304688,-121.51907348632812,MONTEREY,UNINCORPORATED,,
90793903,2018,2018-08-20,9730,2018-08-11,1532,020970,,6,2,9,2700,0,2,4,,1,073,"SALINAS ROAD","JONATHAN ST",149.00,S,N,A,-,Y,,,,,,,,,,Y,3,0,2,2,A,-,03,22350,,N,C,C,A,A,H,-,A,D,0,,,,,Y,,A,01,0,1,1,0,0,0,0,0,0,"- ","- ",36.900199890136719,-121.74819946289062,MONTEREY,UNINCORPORATED,-121.74813842773438,36.900409698486328
90793936,2018,2018-08-20,9730,2018-08-11,2245,020933,,6,3,9,2700,0,3,5,,2,007,"WOOD STREET","SR-183 (MERRITT STREET)",201.00,E,N,A,-,N,,,,,,,,,,Y,3,0,1,3,A,-,01,23152,A,N,C,E,A,A,H,-,C,D,0,,,,,Y,Y,A,01,0,1,0,0,0,0,0,0,0,"- ","- ",36.760890960693359,-121.75052642822266,MONTEREY,UNINCORPORATED,,
90794179,2018,2018-08-20,9730,2018-08-12,2038,020931,,7,2,9,2700,0,1,3,,1,024,"SR-68 HOLMAN",SR-1,528.00,W,N,B,-,Y,,,68,,,,,,,Y,4,0,3,2,A,-,09,21802,A,N,D,C,A,A,H,-,C,D,0,,,,,Y,,A,01,0,0,3,0,0,0,0,0,0,"- ","- ",36.576328277587891,-121.913818359375,MONTEREY,UNINCORPORATED,-121.91387176513672,36.576274871826172
90794206,2018,2018-08-20,9730,2018-08-12,1945,020990,,7,2,9,2700,0,2,4,,1,073,"SAN MIGUEL CANYON ROAD","APRICOT LANE",20.00,S,N,A,-,N,,,,,,,,,,N,2,0,1,1,A,-,03,22350,,N,F,A,A,A,H,-,B,D,0,,Y,,,Y,,L,04,1,0,0,0,0,0,1,0,0,"- ","- ",36.853958129882812,-121.69171905517578,MONTEREY,UNINCORPORATED,-121.69187927246094,36.854026794433594
90794288,2018,2018-08-20,9730,2018-08-13,2343,021856,,1,3,9,2700,0,1,2,,1,050,"SB US-101","ECKHARDT ROAD",200.00,N,N,A,-,Y,,,101,,,,,,,Y,4,0,1,2,A,-,03,22350,,N,C,C,A,A,H,-,C,D,0,,,,Y,Y,,A,01,0,0,1,0,0,0,0,0,0,"- ","- ",36.617401123046875,-121.57350921630859,MONTEREY,UNINCORPORATED,-121.57353210449219,36.61737060546875
90794317,2018,2018-08-20,9730,2018-08-13,0925,020208,,1,1,9,2700,0,3,5,,2,002,"CARMEL RANCHO BLVD.","CARMEL VALLEY ROAD",175.00,S,N,B,-,N,,,,,,,,,,Y,4,0,1,2,A,-,09,21804,A,N,D,C,A,A,H,-,A,D,0,,,,,Y,,A,01,0,0,1,0,0,0,0,0,0,"- ","- ",36.543109893798828,-121.90493774414062,MONTEREY,UNINCORPORATED,-121.90493774414062,36.543220520019531
90794501,2018,2018-08-21,9730,2018-08-12,0015,019100,,7,3,9,2700,0,1,2,,1,050,"US-101 SB","GOULD ROAD",30.00,S,N,A,-,Y,,,101,,,,,,S,Y,3,0,1,1,A,-,01,23152,A,N,E,I,A,A,H,-,D,D,0,,,,,Y,Y,A,07,0,1,0,0,0,0,0,0,0,"- ","- ",36.627571105957031,-121.58750915527344,MONTEREY,UNINCORPORATED,-121.58749389648438,36.627590179443359
90794685,2018,2018-08-21,9730,2018-08-14,1635,017502,,2,2,4,2706,0,1,3,,2,062,"SR-1 N/B","SR-68 (SALINAS) 0/C",1584.00,S,N,A,-,Y,,,1,,,,,,N,Y,3,0,1,2,A,-,03,22350,,N,C,C,A,A,H,-,A,D,0,,,,,Y,,A,01,0,1,0,0,0,0,0,0,0,"- ","- ",36.593318939208984,-121.87606048583984,MONTEREY,MONTEREY,-121.87609100341797,36.593448638916016
90794709,2018,2018-08-21,9730,2018-08-15,1212,017184,,3,1,9,2700,0,1,3,,1,068,"SR-68 (MONTEREY-SALINAS HWY)","TORO CAFE",1056.00,W,N,A,-,Y,,,68,,,,,,,Y,4,0,1,1,A,-,08,22107,,N,E,A,A,A,H,-,A,A,0,,,,,Y,,A,01,0,0,1,0,0,0,0,0,0,"- ","- ",36.584129333496094,-121.71308898925781,MONTEREY,UNINCORPORATED,-121.71316528320312,36.584194183349609
90794745,2018,2018-08-21,9730,2018-08-15,1640,017502,,3,2,9,2700,0,1,3,,1,022,SR-1,"RIBERA ROAD",1584.00,S,N,A,-,Y,,,1,,,,,,,N,4,0,2,2,A,-,03,22350,,N,C,C,A,A,H,-,A,D,0,,,,,Y,,A,01,0,0,2,0,0,0,0,0,0,"- ","- ",36.523708343505859,-121.925537109375,MONTEREY,UNINCORPORATED,-121.92556762695312,36.523738861083984
90795428,2018,2018-08-22,9730,2018-08-10,2035,020598,,5,2,9,2700,0,3,5,,2,006,"W/B ESPINOSA ROAD",SR-183,2097.00,E,N,A,-,N,,,,,,,,,,Y,2,0,3,2,A,-,01,23152,A,N,A,C,A,A,H,-,D,D,0,,,,,Y,Y,A,01,2,1,0,0,0,0,0,0,0,"- ","- ",36.742778778076172,-121.73438262939453,MONTEREY,UNINCORPORATED,,
90795559,2018,2018-08-22,9730,2018-08-15,2225,020578,,3,3,9,2700,0,3,5,,2,003,"HARKINS ROAD","HUNTER LANE",260.00,N,N,A,-,N,,,,,,,,,,Y,3,0,1,1,A,-,01,23152,A,N,F,A,A,A,H,-,D,D,0,,,,,Y,Y,D,22,0,1,0,0,0,0,0,0,0,"- ","- ",36.638900756835938,-121.63719940185547,MONTEREY,UNINCORPORATED,-121.63727569580078,36.638969421386719
90795622,2018,2018-08-22,9730,2018-08-15,1645,019239,,3,2,9,2700,0,1,3,,1,068,"SR-68 EB","QUAIL RIDGE LN",50.00,E,N,A,-,Y,,,68,,,,,,E,N,4,0,1,2,A,-,03,22350,,N,C,C,A,A,H,-,A,D,0,,,,,Y,,D,22,0,0,1,0,0,0,0,0,0,"- ","- ",36.570880889892578,-121.74675750732422,MONTEREY,UNINCORPORATED,-121.74678802490234,36.570991516113281
90795640,2018,2018-08-22,9730,2018-08-15,1604,019239,,3,2,9,2700,0,1,3,,1,068,"SR-68 EB","CORRAL DE TIERRA",1584.00,W,N,A,-,Y,,,68,,,,,,E,Y,4,0,2,5,A,-,03,22350,,N,C,C,A,A,H,-,A,D,0,,,,,Y,,D,22,0,0,2,0,0,0,0,0,0,"- ","- ",36.575489044189453,-121.73359680175781,MONTEREY,UNINCORPORATED,-121.73363494873047,36.575538635253906
8499765,2017,2017-12-01,2707,2017-10-30,0844,2224,2707,1,5,3,2707,0,0,0,,0,002,"LIGHTHOUSE AV","7TH ST",0.00,,Y,B,-,N,,,,,,,,,,N,4,0,1,2,A,-,10,21950,A,N,G,B,B,A,H,-,A,D,0,Y,,,,Y,,A,01,0,0,1,0,1,0,0,0,0,"- ","- ",,,MONTEREY,"PACIFIC GROVE",-121.91103993,36.619020030000001
8499951,2017,2017-12-11,2707,2017-11-01,1202,2215,2707,3,5,3,2707,0,0,0,,0,001,"PINE AV","FOREST AV",2.00,E,N,A,-,N,,,,,,,,,,N,4,0,1,2,A,-,03,22350,,N,C,C,A,A,H,-,A,A,0,,,,,Y,,D,22,0,0,1,0,0,0,0,0,0,"- ","- ",,,MONTEREY,"PACIFIC GROVE",-121.91879367,36.618847959999997
8500796,2017,2017-12-06,2701,2017-10-22,1500,209,2701,7,5,2,2701,0,0,0,,0,ALL,"LASUEN DR","RIO RD",0.00,,Y,A,-,N,,,,,,,,,,N,2,0,1,2,A,-,08,22107,,F,H,G,A,A,H,-,A,D,0,,Y,,,Y,,A,01,1,0,0,0,0,0,1,0,0,"- ","- ",,,MONTEREY,CARMEL,-121.91937999,36.543560030000002
8503097,2017,2018-06-14,2703,2017-11-08,1913,6608,2703,3,5,2,2703,0,0,0,,0,ALL,"5TH ST","RT 101",0.00,,Y,A,-,Y,MON,5,101,-,-,70.960,R,1,S,N,4,0,1,2,A,-,10,21950,A,N,G,B,B,A,H,-,C,A,0,Y,,,,Y,,A,08,0,0,1,0,1,0,0,0,0,"- ",SF,,,MONTEREY,GONZALES,-121.43855052000001,36.514731820000002
8503301,2017,2017-11-30,2708,2017-09-22,0623,03530,,5,5,6,2708,0,0,0,,0,012,"E ALISAL ST","EAST MARKET ST",20.00,S,N,A,-,N,,,,,,,,,,N,4,0,1,2,A,-,09,21802,A,N,D,C,A,A,H,-,A,A,0,,,,,Y,,-,,0,0,1,0,0,0,0,0,0,"- ","- ",,,MONTEREY,SALINAS,-121.61361797000001,36.67261543
8503305,2017,2017-11-30,2708,2017-09-28,1858,04125,,4,5,6,2708,0,0,0,,0,002,"ROCHEX AV","TULANE ST",0.00,,Y,A,-,N,,,,,,,,,,N,3,0,1,2,A,-,11,21954,A,N,G,B,D,A,H,-,A,D,0,Y,,,,Y,,N,60,0,1,0,0,1,0,0,0,0,"- ","- ",,,MONTEREY,SALINAS,-121.65949989000001,36.701490020000001
8503313,2017,2017-11-30,2708,2017-09-28,1530,03581,,4,5,6,2708,0,0,0,,0,004,"NANTUCKET BL","ROUND HILL FARMS",160.00,W,N,A,-,N,,,,,,,,,,N,4,0,1,2,A,-,08,22107,,F,B,G,A,A,H,-,A,D,0,,Y,,,Y,Y,-,99,0,0,1,0,0,0,1,0,0,"- ","- ",,,MONTEREY,SALINAS,,
8503580,2017,2017-11-28,2708,2017-08-02,1801,74130,SALIN,3,5,6,2708,0,0,0,,0,005,"BOLERO DR",PACHECO,225.00,N,N,A,-,N,,,,,,,,,,N,4,0,1,2,A,-,09,21804,A,N,A,G,A,A,-,-,A,D,0,,Y,,,Y,,L,04,0,0,1,0,0,0,1,0,0,"- ","- ",,,MONTEREY,SALINAS,-121.63653791999999,36.6987497
8503798,2017,2018-07-13,2710,2017-10-11,0803,34824,,3,5,4,2710,0,0,0,,0,002,"CANYON DEL REY","ROBERTS AV",218.00,W,N,A,-,Y,MON,5,218,-,R,0.040,H,-,W,Y,4,0,1,2,A,-,09,21801,A,N,D,C,A,A,H,-,A,D,0,,,,,Y,,-,,0,0,1,0,0,0,0,0,0,"- ","- ",,,MONTEREY,SEASIDE,-121.85772824,36.609621490000002
8504255,2018,2018-02-06,2706,2018-01-18,1758,395,2706,4,5,4,2706,0,0,0,,0,002,"MUNRAS AV","SOLEDAD DR",0.00,,Y,C,-,N,,,,,,,,,,Y,3,0,2,2,A,-,12,21453,A,N,D,C,A,B,H,-,C,A,0,,,,,Y,,A,01,0,2,0,0,0,0,0,0,0,"- ","- ",,,MONTEREY,MONTEREY,-121.90186309814453,36.583358764648438
8504259,2018,2018-08-01,2706,2018-01-26,1225,181,,5,5,4,2706,0,0,0,,0,,"RT 68",OLMSTED,0.00,,N,A,-,Y,MON,5,68,-,-,5.770,H,-,W,N,4,0,1,2,A,-,03,22350,,N,-,C,A,A,H,-,A,D,0,,,,,Y,,A,01,0,0,1,0,0,0,0,0,0,"- ","- ",,,MONTEREY,MONTEREY,-121.84632110595703,36.583217620849609
8504410,2017,2018-07-06,2707,2017-12-16,1702,2245,2707,6,5,3,2707,0,0,0,,0,002,"SUNSET DR","17 MILE DR",0.00,,Y,A,-,Y,MON,5,68,-,-,0.470,H,-,E,Y,4,0,9,4,A,-,03,22350,,N,C,C,A,A,H,-,B,A,0,,,,,Y,,A,01,0,0,9,0,0,0,0,0,0,"- ","- ",,,MONTEREY,"PACIFIC GROVE",-121.93185419,36.61530011
90795844,2018,2018-08-22,9730,2018-08-15,1425,019818,,3,2,9,2700,0,3,5,,2,001,"PALO COLORADO RD",SR-1,1056.00,E,N,A,-,N,,,,,,,,,,Y,3,0,1,1,A,-,01,23152,A,N,F,A,A,A,E,-,A,D,0,,,,,Y,Y,D,22,0,1,0,0,0,0,0,0,0,"- ","- ",36.400459289550781,-121.90115356445312,MONTEREY,UNINCORPORATED,,
90796085,2018,2018-08-22,9730,2018-08-14,0750,022092,,2,1,9,2700,0,3,5,,2,006,"DAVIS ROAD","SR-183 (MARKET STREET)",130.00,N,N,B,-,N,,,,,,,,,,Y,4,0,2,5,A,-,03,22350,,N,C,C,A,A,H,-,A,D,0,,,,,Y,,D,22,0,0,2,0,0,0,0,0,0,"- ","- ",36.685321807861328,-121.67427825927734,MONTEREY,UNINCORPORATED,,
90796355,2018,2018-08-23,9730,2018-08-14,0855,022092,,2,1,9,2700,0,3,5,,2,004,"OLD STAGE ROAD","SPENCE ROAD",0.00,,Y,B,-,N,,,,,,,,,,N,4,0,3,2,A,-,09,21802,A,N,D,C,A,A,H,-,A,A,0,,,,,Y,,A,01,0,0,3,0,0,0,0,0,0,"- ","- ",36.629989624023438,-121.53974151611328,MONTEREY,UNINCORPORATED,-121.53988647460938,36.629878997802734
90796375,2018,2018-08-23,9730,2018-08-17,1735,019127,,5,2,9,2700,0,1,2,,1,030,"US-101 S/B",GLORIA,2112.00,N,N,A,-,Y,,,101,,,,,,S,Y,4,0,1,3,A,-,03,22350,,M,C,C,A,A,H,-,A,D,0,,,,,Y,,A,07,0,0,1,0,0,0,0,0,0,"- ","- ",36.496429443359375,-121.42906188964844,MONTEREY,UNINCORPORATED,-121.42906188964844,36.496429443359375
90796414,2018,2018-08-23,9730,2018-08-17,2343,020933,,5,3,9,2700,0,1,3,,1,072,SR-156,"MCGUFFIE ROAD",400.00,E,N,A,-,Y,,,156,,,,,,,Y,2,0,1,2,A,-,01,23152,A,N,B,C,A,A,H,-,C,D,0,,,,,Y,Y,A,01,1,0,0,0,0,0,0,0,0,"- ","- ",36.788799285888672,-121.673828125,MONTEREY,UNINCORPORATED,-121.67383575439453,36.788837432861328
90796489,2018,2018-08-23,9730,2018-08-17,1502,020970,,5,2,9,2700,0,1,2,,1,070,"US-101 S/B","CRAZY HORSE CYN",1056.00,N,N,A,-,Y,,,101,,,,,,S,N,3,0,2,2,A,-,03,22350,,N,C,C,A,A,H,-,A,D,0,,,,,Y,,D,22,0,1,1,0,0,0,0,0,0,"- ","- ",36.824100494384766,-121.62920379638672,MONTEREY,UNINCORPORATED,-121.62918853759766,36.824092864990234
90796573,2018,2018-08-23,9730,2018-08-17,0750,016666,,5,1,9,2700,0,2,4,,2,063,"BLANCO ROAD","COOPER ROAD",0.00,,Y,A,-,N,,,,,,,,,,Y,4,0,2,2,A,-,09,21802,A,N,D,C,A,A,H,-,A,A,0,,,,,Y,,A,07,0,0,2,0,0,0,0,0,0,"- ","- ",36.678619384765625,-121.73519897460938,MONTEREY,UNINCORPORATED,-121.73502349853516,36.678699493408203
90796599,2018,2018-08-23,9730,2018-08-18,1155,020621,,6,1,6,2708,0,1,2,,1,050,"S/B US-101","SANBORN ROAD UC",1584.00,N,N,A,-,Y,,,101,,,,,,,Y,4,0,2,1,A,-,08,22107,,N,F,I,A,A,H,-,A,D,0,,,,,Y,,A,01,0,0,2,0,0,0,0,0,0,"- ","- ",36.668140411376953,-121.6337890625,MONTEREY,SALINAS,-121.63372802734375,36.668365478515625
90796646,2018,2018-08-23,9730,2018-06-30,0150,020896,,6,3,9,2700,0,3,5,,2,005,"SAN JUAN GRADE ROAD","AUGUSTA DRIVE",528.00,S,N,A,-,N,,,,,,,,,,Y,1,1,0,1,A,-,01,23152,A,N,E,I,A,A,H,-,D,D,0,,,,,Y,Y,A,01,0,0,0,0,0,0,0,0,0,"- ","- ",36.7435302734375,-121.62969207763672,MONTEREY,UNINCORPORATED,-121.62950897216797,36.743721008300781
90796656,2018,2018-09-24,9730,2018-08-18,2210,022061,,6,3,9,2700,0,3,5,,2,006,"DIRECTORS ROAD","BARLOY CANYON ROAD",93.00,S,N,E,-,N,,,,,,,,,,N,2,0,1,1,A,-,01,23152,A,N,F,A,A,A,H,-,C,D,0,,,Y,,Y,Y,C,03,1,0,0,0,0,0,0,0,1,"- ","- ",36.588481903076172,-121.75576782226562,MONTEREY,UNINCORPORATED,-121.75581359863281,36.588512420654297