CASE_ID,ACCIDENT_YEAR,PROC_DATE,JURIS,COLLISION_DATE,COLLISION_TIME,OFFICER_ID,REPORTING_DISTRICT,DAY_OF_WEEK,CHP_SHIFT,POPULATION,CNTY_CITY_LOC,SPECIAL_COND,BEAT_TYPE,CHP_BEAT_TYPE,CITY_DIVISION_LAPD,CHP_BEAT_CLASS,BEAT_NUMBER,PRIMARY_RD,SECONDARY_RD,DISTANCE,DIRECTION,INTERSECTION,WEATHER_1,WEATHER_2,STATE_HWY_IND,CALTRANS_COUNTY,CALTRANS_DISTRICT,STATE_ROUTE,ROUTE_SUFFIX,POSTMILE_PREFIX,POSTMILE,LOCATION_TYPE,RAMP_INTERSECTION,SIDE_OF_HWY,TOW_AWAY,COLLISION_SEVERITY,NUMBER_KILLED,NUMBER_INJURED,PARTY_COUNT,PRIMARY_COLL_FACTOR,PCF_CODE_OF_VIOL,PCF_VIOL_CATEGORY,PCF_VIOLATION,PCF_VIOL_SUBSECTION,HIT_AND_RUN,TYPE_OF_COLLISION,MVIW,PED_ACTION,ROAD_SURFACE,ROAD_COND_1,ROAD_COND_2,LIGHTING,CONTROL_DEVICE,CHP_ROAD_TYPE,PEDESTRIAN_ACCIDENT,BICYCLE_ACCIDENT,MOTORCYCLE_ACCIDENT,TRUCK_ACCIDENT,NOT_PRIVATE_PROPERTY,ALCOHOL_INVOLVED,STWD_VEHTYPE_AT_FAULT,CHP_VEHTYPE_AT_FAULT,COUNT_SEVERE_INJ,COUNT_VISIBLE_INJ,COUNT_COMPLAINT_PAIN,COUNT_PED_KILLED,COUNT_PED_INJURED,COUNT_BICYCLIST_KILLED,COUNT_BICYCLIST_INJURED,COUNT_MC_KILLED,COUNT_MC_INJURED,PRIMARY_RAMP,SECONDARY_RAMP,LATITUDE,LONGITUDE,COUNTY,CITY,POINT_X,POINT_Y
90796950,2018,2018-08-23,9730,2018-08-18,2350,020701,,6,3,9,2700,0,3,5,,2,005,"SAN JUAN GRADE ROAD","CRAZY HORSE CANYON ROAD",0.00,,Y,A,-,N,,,,,,,,,,Y,4,0,2,2,A,-,12,22450,A,N,D,C,A,A,H,-,D,A,0,,,,,Y,,A,01,0,0,2,0,0,0,0,0,0,"- ","- ",36.773521423339844,-121.60333251953125,MONTEREY,UNINCORPORATED,-121.60337066650391,36.773490905761719
90796986,2018,2018-08-23,9730,2018-08-20,1315,018886,,1,1,9,2700,0,1,3,,1,072,SR-156,"MERIDIAN ROAD",4752.00,W,N,A,-,Y,,,156,,,,,,,Y,2,0,2,1,A,-,08,22107,,N,E,I,A,A,H,-,A,D,0,,,,,Y,,A,01,1,0,1,0,0,0,0,0,0,"- ","- ",36.782600402832031,-121.69400024414062,MONTEREY,UNINCORPORATED,-121.69401550292969,36.782649993896484
90797303,2018,2018-08-24,9730,2018-08-16,1520,020931,,4,2,9,2700,0,1,3,,1,014,SR-1,"THE RIVER INN",528.00,N,N,A,-,Y,,,1,,,,,,,N,3,0,1,2,A,-,21,22106,,N,H,G,A,A,H,-,A,D,0,,Y,,,Y,,A,01,0,1,0,0,0,0,1,0,0,"- ","- ",36.272048950195312,-121.80983734130859,MONTEREY,UNINCORPORATED,-121.80986785888672,36.271976470947266
90798528,2018,2018-08-27,9730,2018-08-16,2150,022061,,4,2,9,2700,0,3,5,,2,006,"RESERVATION ROAD","PANZERIA ROAD",230.00,E,N,A,-,N,,,,,,,,,,Y,4,0,2,1,A,-,08,22107,,N,E,I,A,A,H,-,D,D,0,,,,,Y,,A,01,0,0,2,0,0,0,0,0,0,"- ","- ",36.651908874511719,-121.72503662109375,MONTEREY,UNINCORPORATED,-121.72598266601562,36.653182983398438
90798543,2018,2018-08-27,9730,2018-08-17,1838,022061,,5,2,9,2700,0,1,3,,1,014,SR-1,"COAST ROAD",75.00,N,N,A,-,Y,,,1,,,,,,,Y,3,0,1,1,A,-,08,22107,,N,E,I,A,A,H,-,A,D,0,,,,,Y,,A,01,0,1,0,0,0,0,0,0,0,"- ","- ",36.288520812988281,-121.84413909912109,MONTEREY,UNINCORPORATED,-121.84417724609375,36.288425445556641
90798967,2018,2018-08-27,9730,2018-08-16,0228,020677,,4,3,9,2700,0,1,2,,1,030,"US-101 S/B","SOMAVIA RD.",3696.00,S,N,A,-,Y,,,101,,,,,,S,Y,3,0,1,1,A,-,01,23152,A,N,F,I,A,A,H,-,D,D,0,,,,,Y,Y,A,01,0,1,0,0,0,0,0,0,0,"- ","- ",36.596328735351562,-121.54605865478516,MONTEREY,UNINCORPORATED,-121.5462646484375,36.596118927001953
90799027,2018,2018-08-27,9730,2018-08-17,1225,021888,,5,1,9,2700,0,1,3,,1,022,"SR-1 S/B","ATHERTON DRIVE",15.00,N,N,A,-,Y,,,1,,,,,,S,Y,4,0,1,2,A,-,06,21755,,N,B,C,A,A,H,-,A,D,0,,,Y,,Y,,C,03,0,0,1,0,0,0,0,0,1,"- ","- ",36.546501159667969,-121.90971374511719,MONTEREY,UNINCORPORATED,-121.90966033935547,36.5465087890625
90799130,2018,2018-08-27,9730,2018-08-15,0605,022092,,3,1,9,2700,0,3,5,,2,003,"RIVER ROAD","RIVERVIEW COURT",1584.00,S,N,A,-,N,,,,,,,,,,Y,3,0,3,3,A,-,06,21751,,N,A,C,A,A,H,-,A,D,0,,,,,Y,,D,22,0,3,0,0,0,0,0,0,0,"- ","- ",36.614738464355469,-121.65667724609375,MONTEREY,UNINCORPORATED,-121.65744018554688,36.61517333984375
90799146,2018,2018-08-27,9730,2018-08-15,1232,022092,,3,1,9,2700,0,1,2,,1,030,"US-101 N/B","SPENCE ROAD",0.00,,Y,A,-,Y,,,101,,,,,,N,Y,2,0,3,2,A,-,09,21802,A,N,D,C,A,A,H,-,A,A,0,,,,Y,Y,,D,22,1,1,1,0,0,0,0,0,0,"- ","- ",36.612838745117188,-121.56697082519531,MONTEREY,UNINCORPORATED,-121.56697082519531,36.612842559814453
90799182,2018,2018-08-27,9735,2018-08-19,0130,020710,,7,3,9,2700,0,2,4,,1,021,"JOLON ROAD","SAN LUCAS ROAD",1118.00,S,N,A,-,N,,,,,,,,,,Y,3,0,1,1,A,-,08,22107,,N,F,A,A,A,H,-,D,D,0,,,,,Y,,A,08,0,1,0,0,0,0,0,0,0,"- ","- ",36.112010955810547,-121.12979888916016,MONTEREY,UNINCORPORATED,-121.12979125976562,36.112056732177734
90799226,2018,2018-08-27,9730,2018-08-18,1445,020931,,6,2,9,2700,0,1,3,,1,074,SR-1,"JENSEN ROAD",1056.00,N,N,B,-,Y,,,1,,,,,,,Y,4,0,3,2,A,-,03,22350,,N,C,C,A,A,H,-,A,D,0,,,,,Y,,A,01,0,0,3,0,0,0,0,0,0,"- ","- ",36.855140686035156,-121.77124786376953,MONTEREY,UNINCORPORATED,-121.77111053466797,36.855140686035156
90799269,2018,2018-08-27,9735,2018-08-21,0605,016696,,2,1,9,2700,0,3,5,,2,001,"COLONY ROAD","MILE END ROAD",1194.00,W,N,B,-,N,,,,,,,,,,Y,4,0,2,2,A,-,09,21801,A,N,A,A,A,A,H,-,B,D,0,,,,,Y,,D,22,0,0,2,0,0,0,0,0,0,"- ","- ",36.397171020507812,-121.35034942626953,MONTEREY,UNINCORPORATED,-121.34908294677734,36.398162841796875
90799636,2018,2018-08-28,9730,2018-08-17,1745,020931,,5,2,9,2700,0,1,2,,1,030,"US-101 S/B","5TH STREET",5280.00,N,N,A,-,Y,,,101,,,,,,S,Y,2,0,1,3,A,-,03,22350,,N,C,C,A,A,H,-,A,D,0,,,,,Y,,A,01,1,0,0,0,0,0,0,0,0,"- ","- ",36.522201538085938,-121.45394134521484,MONTEREY,UNINCORPORATED,-121.45394897460938,36.522125244140625
90800509,2018,2018-08-29,9730,2018-08-19,1605,020677,,7,2,9,2700,0,3,5,,2,006,"ESPINOSA RD.","ROGERS RD.",15.00,W,N,A,-,N,,,,,,,,,,Y,3,0,2,2,A,-,01,23152,A,N,A,I,A,A,H,-,A,D,0,,,,,Y,Y,A,01,0,2,0,0,0,0,0,0,0,"- ","- ",36.744308471679688,-121.69139099121094,MONTEREY,UNINCORPORATED,-121.69144439697266,36.744316101074219
90800694,2018,2018-08-29,9730,2018-08-19,0400,021396,,7,3,9,2700,0,2,4,,1,073,"SAN MIGUEL CANYON ROAD","HALL ROAD",1786.00,S,N,A,-,N,,,,,,,,,,Y,2,0,1,1,A,-,08,22107,,N,E,A,A,A,H,-,D,D,0,,,,,Y,,A,01,1,0,0,0,0,0,0,0,0,"- ","- ",36.854839324951172,-121.69264221191406,MONTEREY,UNINCORPORATED,-121.69517517089844,36.854904174804688
90801534,2018,2018-08-30,9730,2018-08-21,1730,022061,,2,2,9,2700,0,2,4,,1,073,"SALINAS ROAD","ASSOCIATED LANE",100.00,E,N,A,-,N,,,,,,,,,,Y,4,0,1,2,A,-,03,22350,,N,C,C,A,A,H,-,A,D,0,,,,,Y,,A,07,0,0,1,0,0,0,0,0,0,"- ","- ",36.897518157958984,-121.74794006347656,MONTEREY,UNINCORPORATED,-121.74791717529297,36.897789001464844
90801764,2018,2018-08-30,9730,2018-08-23,0649,020621,,4,1,9,2700,0,2,4,,1,073,"HALL ROAD","JOHNSON ROAD",100.00,W,N,B,-,N,,,,,,,,,,Y,4,0,1,2,A,-,03,22350,,N,C,C,A,A,H,-,A,D,0,,,,,Y,,A,07,0,0,1,0,0,0,0,0,0,"- ","- ",36.861221313476562,-121.70733642578125,MONTEREY,UNINCORPORATED,-121.70749664306641,36.861423492431641
90801787,2018,2018-08-30,9730,2018-08-22,1805,021407,,3,2,9,2700,0,2,4,,2,063,"BLANCO ROAD","DAVIS ROAD",850.00,W,N,A,-,N,,,,,,,,,,Y,4,0,1,2,A,-,03,22350,,N,C,C,A,A,H,-,A,A,0,,,,,Y,,A,01,0,0,1,0,0,0,0,0,0,"- ","- ",36.668201446533203,-121.68779754638672,MONTEREY,UNINCORPORATED,-121.68753051757812,36.668079376220703
90801914,2018,2018-08-30,9730,2018-08-24,0810,020621,,5,1,6,2708,0,1,2,,1,050,"S/B US-101","LAUREL DRIVE",3168.00,N,N,B,-,Y,,,101,,,,,,,Y,4,0,1,2,A,-,03,22350,,N,C,C,A,A,H,-,A,D,0,,,,,Y,,A,01,0,0,1,0,0,0,0,0,0,"- ","- ",36.706680297851562,-121.66552734375,MONTEREY,SALINAS,-121.66551971435547,36.706676483154297
90801926,2018,2018-08-30,9730,2018-08-24,1630,019127,,5,2,9,2700,0,1,2,,1,050,"US-101 S/B","SHERWOOD DR O/C",528.00,N,N,A,-,Y,,,,,,,,,,N,4,0,1,1,A,-,08,22107,,N,E,I,A,A,H,-,A,D,0,,,,,Y,,A,01,0,0,1,0,0,0,0,0,0,"- ","- ",36.68524169921875,-121.64949798583984,MONTEREY,UNINCORPORATED,-121.64996337890625,36.685516357421875
90801987,2018,2018-08-30,9730,2018-08-26,1654,021407,,7,2,9,2700,0,3,5,,2,006,"LAURELES GRADE","CAMINO ESCONDIDO ROAD",5280.00,S,N,A,-,N,,,,,,,,,,Y,4,0,1,1,A,-,03,22350,,N,E,I,A,A,H,-,A,D,0,,,Y,,Y,,C,02,0,0,1,0,0,0,0,0,1,"- ","- ",36.531898498535156,-121.74939727783203,MONTEREY,UNINCORPORATED,,
90802057,2018,2018-08-30,9730,2018-08-21,1520,022039,,2,2,9,2700,0,1,3,,2,062,SR-1,SR-218,1056.00,N,N,A,-,Y,,,,,,,,,,N,2,0,2,2,A,-,07,21658,A,F,C,C,A,A,H,-,A,D,0,,,Y,,Y,,A,01,1,1,0,0,0,0,0,0,2,"- ","- ",36.607471466064453,-121.86057281494141,MONTEREY,UNINCORPORATED,,
90802113,2018,2018-08-30,9730,2018-08-25,2345,020233,,6,3,9,2700,0,1,2,,1,050,"US-101N OFF RAMP","NORTH MAIN ST",5.00,S,N,A,-,Y,,,,,,,,,,Y,3,0,1,1,A,-,01,23152,A,N,E,I,A,A,H,-,C,D,0,,,,,Y,Y,A,01,0,1,0,0,0,0,0,0,0,"- ","- ",36.687580108642578,-121.65241241455078,MONTEREY,UNINCORPORATED,,
8505465,2017,2017-12-06,2706,2017-11-14,0836,608,,2,5,4,2706,0,0,0,,0,002,"MUNRAS AV","VIA ZARAGOSA",25.00,N,N,A,-,N,,,,,,,,,,N,4,0,1,2,A,-,08,22107,,N,C,C,A,A,H,-,A,D,0,,,,,Y,,D,22,0,0,1,0,0,0,0,0,0,"- ","- ",,,MONTEREY,MONTEREY,-121.90268474,36.582298190000003
8505509,2017,2018-07-13,2706,2017-11-16,1412,992,2,4,5,4,2706,0,0,0,,0,003,"RT 68","RT 218",68.00,W,N,C,-,Y,MON,5,68,-,-,6.800,H,-,W,Y,2,0,4,2,A,-,03,22350,,N,D,C,A,B,H,-,A,D,0,,,,,Y,,A,01,3,1,0,0,0,0,0,0,0,WF,"- ",,,MONTEREY,MONTEREY,-121.82868824000001,36.58125184
8505522,2017,2017-12-05,2706,2017-11-22,1337,505,2706,3,5,4,2706,0,0,0,,0,002,"AGUAJITO RD","DEL MONTE AV",0.00,,Y,A,-,N,,,,,,,,,,N,4,0,1,2,A,-,03,22350,,N,C,C,A,A,H,-,A,A,0,,,,,Y,,A,07,0,0,1,0,0,0,0,0,0,"- ","- ",,,MONTEREY,MONTEREY,,
8507930,2017,2018-01-29,2712,2017-11-18,1634,1079,2712,6,5,3,2712,0,0,0,,0,001,"IMJIN PKWY","2ND AV",302.00,E,N,A,-,N,,,,,,,,,,Y,4,0,1,3,A,-,03,22350,,N,C,C,A,A,H,-,A,A,0,,,,Y,Y,,A,07,0,0,1,0,0,0,0,0,0,"- ","- ",,,MONTEREY,MARINA,-121.80790011000001,36.667406929999999
8508850,2017,2018-01-04,2706,2017-11-12,1234,222,2706,7,5,4,2706,0,0,0,,0,001,"JEFFERSON ST","WATSON ST",0.00,,Y,A,-,N,,,,,,,,,,Y,3,0,1,2,A,-,09,21802,A,N,D,C,A,A,H,-,A,D,0,,,,,Y,,D,22,0,1,0,0,0,0,0,0,0,"- ","- ",,,MONTEREY,MONTEREY,-121.90045995,36.599310060000001
8508854,2017,2017-12-13,2706,2017-11-27,1942,519,MPD,1,5,4,2706,0,0,0,,0,003,"FREMONT ST","DELA VINA AV",22.00,W,N,A,-,N,,,,,,,,,,N,4,0,1,2,A,-,10,21950,A,N,G,B,B,A,H,-,C,A,0,Y,,,,Y,,A,01,0,0,1,0,1,0,0,0,0,"- ","- ",,,MONTEREY,MONTEREY,-121.85900361,36.59677859
8508858,2017,2017-12-13,2706,2017-11-20,2122,519,2706,1,5,4,2706,0,0,0,,0,002,ABREGO,"FREMONT ST",27.00,N,N,B,-,N,,,,,,,,,,Y,4,0,2,2,A,-,09,21801,A,N,D,C,A,A,H,-,C,A,0,,,,,Y,Y,A,01,0,0,2,0,0,0,0,0,0,"- ","- ",,,MONTEREY,MONTEREY,-121.89217179000001,36.595323890000003
8509922,2017,2017-12-20,2708,2017-11-07,1727,19003,,2,5,6,2708,0,0,0,,0,007,"W ALISAL ST","WEST ACACIA ST",0.00,,Y,A,-,N,,,,,,,,,,Y,4,0,2,2,A,-,12,21453,A,N,F,D,A,A,H,-,B,A,0,,,,,Y,,-,,0,0,2,0,0,0,0,0,0,"- ","- ",,,MONTEREY,SALINAS,-121.67269989,36.669460030000003
8509926,2017,2017-12-20,2708,2017-11-29,0730,88215,MUNI,3,5,6,2708,0,0,0,,0,00S,"CHAPARRAL ST","LINWOOD DR",0.00,,Y,A,-,N,,,,,,,,,,N,4,0,1,2,A,-,10,21950,A,N,G,B,B,A,H,-,A,D,0,Y,,,,Y,,-,,0,0,1,0,1,0,0,0,0,"- ","- ",,,MONTEREY,SALINAS,-121.64251996,36.702050110000002
8509930,2017,2017-12-20,2708,2017-11-29,1713,28315,,3,5,6,2708,0,0,0,,0,005,"SOUTH SANBORN RD","JOHN ST",250.00,S,N,A,-,N,,,,,,,,,,Y,4,0,1,2,A,-,03,22350,,N,C,C,A,A,H,-,C,A,0,,,,,Y,,D,22,0,0,1,0,0,0,0,0,0,"- ","- ",,,MONTEREY,SALINAS,-121.62777783,36.668614269999999
8509934,2017,2017-12-20,2708,2017-11-05,0200,31977,,7,5,6,2708,0,0,0,,0,008,"MONTEREY ST","EAST MARKET ST",412.00,S,N,A,-,N,,,,,,,,,,Y,3,0,1,3,A,-,01,23152,A,F,B,C,A,A,H,-,C,A,0,,,,,Y,Y,A,01,0,1,0,0,0,0,0,0,0,"- ","- ",,,MONTEREY,SALINAS,-121.6542587,36.676589880000002
8509938,2017,2017-12-20,2708,2017-11-14,0545,82326,,2,5,6,2708,0,0,0,,0,001,"NORTH MAIN ST","RUSSELL RD",1584.00,S,N,B,-,N,,,,,,,,,,Y,4,0,4,3,A,-,09,21804,A,N,D,C,A,B,H,-,C,D,0,,,,,Y,,-,,0,0,4,0,0,0,0,0,0,"- ","- ",,,MONTEREY,SALINAS,-121.65626103,36.730080260000001
90803253,2018,2018-08-31,9730,2018-08-21,1908,022061,,2,2,9,2700,0,1,3,,1,068,"SR-68 E/B","PORTOLA DRIVE",350.00,E,N,A,-,Y,,,68,,,,,,E,Y,2,0,3,3,A,-,05,21651,A,N,D,C,A,A,H,-,A,D,0,,,,,Y,,A,01,1,2,0,0,0,0,0,0,0,"- ","- ",36.608791351318359,-121.69200134277344,MONTEREY,UNINCORPORATED,-121.69197845458984,36.608779907226562
90804497,2018,2018-09-04,9730,2018-08-25,0825,016537,,6,1,9,2700,0,1,2,,1,050,"ABBOTT ST.","FIRESTONE BUSINESS PARK",820.00,S,N,B,-,N,,,,,,,,,,Y,2,0,1,2,A,-,09,21801,B,N,D,C,A,A,H,-,A,D,0,,,Y,,Y,,C,02,1,0,0,0,0,0,0,0,1,"- ","- ",36.627330780029297,-121.58915710449219,MONTEREY,UNINCORPORATED,,
90804507,2018,2018-09-04,9730,2018-08-25,2118,019770,,6,2,9,2700,0,1,2,,1,070,"NORTHBOUND US-101","DUNBARTON RD.",0.00,,Y,A,-,Y,,,101,,,,,,,N,4,0,2,2,A,-,03,22350,,N,D,C,A,A,H,-,D,D,0,,,,Y,Y,,G,25,0,0,2,0,0,0,0,0,0,"- ","- ",36.836929321289062,-121.63007354736328,MONTEREY,UNINCORPORATED,-121.63059234619141,36.836677551269531
90804848,2018,2018-09-04,9730,2018-08-25,0840,020621,,6,1,6,2708,0,1,2,,1,050,"N/B US-101","N. MAIN STREET",600.00,N,N,B,-,Y,,,101,,,,,,,Y,4,0,1,1,A,-,08,22107,,N,E,I,A,A,H,-,A,D,0,,,,,Y,,D,22,0,0,1,0,0,0,0,0,0,"- ","- ",36.687931060791016,-121.65438079833984,MONTEREY,SALINAS,-121.65443420410156,36.687850952148438
90805082,2018,2018-09-04,9730,2018-08-25,1146,022129,,6,1,4,2710,0,1,3,,2,062,"SR-1 S/B","FREMONT BOULEVARD",4752.00,N,N,A,-,Y,,,1,,,,,,S,Y,3,0,2,2,A,-,03,22350,,N,C,C,A,A,H,-,A,D,0,,,,,Y,,A,01,0,2,0,0,0,0,0,0,0,"- ","- ",36.635601043701172,-121.83159637451172,MONTEREY,SEASIDE,-121.83163452148438,36.635627746582031
90805086,2018,2018-09-20,9730,2018-08-24,1755,022151,,5,2,9,2700,0,3,5,,2,007,"SALINAS RD","FRUITLAND AVE",10.00,E,N,A,-,N,,,,,,,,,,Y,3,0,2,2,A,-,07,21658,A,N,D,C,A,A,H,-,A,D,0,,,,,Y,,A,07,0,2,0,0,0,0,0,0,0,"- ","- ",36.8780517578125,-121.75227355957031,MONTEREY,UNINCORPORATED,-121.75252532958984,36.878017425537109
90805335,2018,2018-09-04,9730,2018-08-26,1650,022047,,7,2,9,2700,0,1,3,,2,062,"IMJIN PKWY","N/B SR-1 OFF RAMP",0.00,,Y,A,-,N,,,,,,,,,,Y,4,0,1,2,A,-,09,21802,A,N,D,C,A,A,H,-,A,D,0,,,,,Y,,A,01,0,0,1,0,0,0,0,0,0,"- ","- ",36.669349670410156,-121.81246948242188,MONTEREY,UNINCORPORATED,,
90805344,2018,2018-09-04,9730,2018-08-25,1127,020208,,6,1,9,2700,0,1,3,,2,062,"SR-1 S/B","LIGHT FIGHTER DRIVE",1214.00,S,N,B,-,Y,,,1,,,,,,S,Y,4,0,1,3,A,-,03,22350,,N,D,C,A,A,H,-,A,D,0,,,Y,,Y,,C,02,0,0,1,0,0,0,0,0,1,"- ","- ",36.645030975341797,-121.8184814453125,MONTEREY,UNINCORPORATED,-121.81850433349609,36.64508056640625
90805572,2018,2018-09-05,9730,2018-08-25,1435,022061,,6,2,9,2700,0,1,2,,1,070,"NORTHBOUND US-101","BERTA CANYON ROAD",400.00,N,N,A,-,Y,,,101,,,,,,,Y,3,0,2,2,A,-,03,22350,,N,C,C,A,A,H,-,A,D,0,,,,,Y,,A,01,0,2,0,0,0,0,0,0,0,"- ","- ",36.788810729980469,-121.66768646240234,MONTEREY,UNINCORPORATED,-121.66766357421875,36.788803100585938
90805604,2018,2018-09-05,9730,2018-08-27,0755,020208,,1,1,9,2700,0,1,3,,2,062,"SR-1 S/B","LIGHT FIGHTER DRIVE",25.00,N,N,B,-,Y,,,1,,,,,,S,N,4,0,1,2,A,-,03,22350,,N,C,C,A,A,H,-,A,D,0,,,,,Y,,A,07,0,0,1,0,0,0,0,0,0,"- ","- ",36.647659301757812,-121.81549835205078,MONTEREY,UNINCORPORATED,-121.81553649902344,36.647678375244141
90805659,2018,2018-09-05,9730,2018-08-27,0640,021776,,1,1,9,2700,0,2,4,,1,073,"HALL ROAD","GARIN ROAD",383.00,E,N,B,-,N,,,,,,,,,,Y,4,0,1,2,A,-,08,22107,,N,C,E,A,A,H,-,B,D,0,,,,,Y,,D,22,0,0,1,0,0,0,0,0,0,"- ","- ",36.872291564941406,-121.74449157714844,MONTEREY,UNINCORPORATED,,
8509942,2017,2017-12-20,2708,2017-11-03,0755,49532,SALIN,5,5,6,2708,0,0,0,,0,007,"W ALISAL ST","COLLEGE DR",0.00,,Y,A,-,N,,,,,,,,,,Y,4,0,2,2,A,-,09,21804,A,N,D,C,A,A,H,-,A,A,0,,,,,Y,,A,01,0,0,2,0,0,0,0,0,0,"- ","- ",,,MONTEREY,SALINAS,-121.67051992,36.671180049999997
8509946,2017,2018-06-19,2708,2017-11-08,0628,18925,,3,5,6,2708,0,0,0,,0,009,"SOUTH SANBORN RD","RT 101",0.00,,Y,A,-,Y,MON,5,101,-,-,86.280,R,4,S,Y,4,0,1,2,A,-,07,21658,A,N,-,C,A,A,H,-,A,A,0,,,,,Y,,A,01,0,0,1,0,0,0,0,0,0,"- ",SF,,,MONTEREY,SALINAS,-121.63066508999999,36.667484700000003
8509950,2017,2017-12-20,2708,2017-11-05,1832,82326,,7,5,6,2708,0,0,0,,0,005,"NATIVIDAD RD","EAST LAUREL DR",236.00,S,N,A,-,N,,,,,,,,,,N,4,0,3,3,A,-,03,22350,,M,C,C,A,A,H,-,C,D,0,,,,,Y,,A,01,0,0,3,0,0,0,0,0,0,"- ","- ",,,MONTEREY,SALINAS,-121.63877079,36.695810010000002
8509954,2017,2017-12-20,2708,2017-11-04,1846,28920,SALIN,6,5,6,2708,0,0,0,,0,002,"ROCHEX ST","PARKSIDE ST",150.00,E,N,A,-,N,,,,,,,,,,Y,3,0,1,3,A,-,01,23152,A,N,C,E,A,A,H,-,C,D,0,,,,,Y,Y,A,01,0,1,0,0,0,0,0,0,0,"- ","- ",,,MONTEREY,SALINAS,-121.65551358,36.700255249999998
8509958,2017,2017-12-20,2708,2017-11-05,1253,49021,,7,5,6,2708,0,0,0,,0,002,"NORTH MAIN ST","CURTIS ST",100.00,S,N,A,-,N,,,,,,,,,,Y,4,0,1,3,A,-,04,21703,,N,C,C,A,A,H,-,A,A,0,,,,,Y,,-,,0,0,1,0,0,0,0,0,0,"- ","- ",,,MONTEREY,SALINAS,-121.65244323,36.701517870000004
8509962,2017,2017-12-20,2708,2017-11-01,1126,53260,,3,5,6,2708,0,0,0,,0,010,"E ALISAL ST","S MADEIRA AV",0.00,,Y,A,-,N,,,,,,,,,,N,4,0,3,2,A,-,03,22350,,N,C,C,A,A,H,-,A,A,0,,,,,Y,,-,,0,0,3,0,0,0,0,0,0,"- ","- ",,,MONTEREY,SALINAS,-121.63844989,36.674010039999999
8509966,2017,2017-12-20,2708,2017-11-16,0606,96866,,4,5,6,2708,0,0,0,,0,009,"SOUTH MAIN ST","MAPLE ST",100.00,N,N,B,-,N,,,,,,,,,,Y,4,0,1,2,A,-,09,21801,A,N,D,C,A,A,H,-,C,D,0,,,,,Y,,A,01,0,0,1,0,0,0,0,0,0,"- ","- ",,,MONTEREY,SALINAS,-121.65555526,36.668723909999997
8509970,2017,2017-12-20,2708,2017-11-01,1040,73452,,3,5,6,2708,0,0,0,,0,,"SAN JUAN GRADE RD","EAST BORONDA RD",0.00,,Y,A,-,N,,,,,,,,,,N,4,0,1,2,A,-,08,22100,B,M,B,C,A,A,H,-,A,A,0,,,,,Y,,-,,0,0,1,0,0,0,0,0,0,"- ","- ",,,MONTEREY,SALINAS,-121.65117988999999,36.719790109999998
8509974,2017,2017-12-20,2708,2017-11-09,1815,15945,,4,5,6,2708,0,0,0,,0,,"LINCOLN AV","CENTRAL AV",0.00,,Y,A,-,N,,,,,,,,,,N,4,0,1,2,A,-,11,21954,A,N,D,B,D,A,H,-,C,A,0,Y,,,,Y,Y,N,60,0,0,1,0,1,0,0,0,0,"- ","- ",,,MONTEREY,SALINAS,-121.65755996999999,36.6766401
8509978,2017,2017-12-20,2708,2017-11-12,1750,57307,SALIN,7,5,6,2708,0,0,0,,0,011,"DEL MONTE AV","GALINDO ST",60.00,W,N,A,-,N,,,,,,,,,,N,3,0,1,2,A,-,01,23152,A,F,A,B,D,A,H,-,C,D,0,Y,,,,Y,Y,-,,0,1,0,0,1,0,0,0,0,"- ","- ",,,MONTEREY,SALINAS,-121.60997740000001,36.687735019999998
8509982,2017,2018-01-26,2708,2017-11-12,1720,74130,SALIN,7,5,6,2708,0,0,0,,0,005,"NORTH MAIN ST","IRIS DR",239.00,S,N,A,-,N,,,,,,,,,,N,4,0,1,3,A,-,03,22350,,N,C,C,A,A,H,-,B,A,0,,,,,Y,,-,,0,0,1,0,0,0,0,0,0,"- ","- ",,,MONTEREY,SALINAS,-121.65229291999999,36.692514799999998
8509997,2017,2017-12-18,2708,2017-11-07,0455,37923,SALIN,2,5,6,2708,0,0,0,,0,003,"NATIVIDAD RD","E LAUREL",0.00,,Y,A,-,N,,,,,,,,,,Y,4,0,1,2,A,-,12,21453,A,N,D,C,A,A,H,-,B,A,0,,,,,Y,,A,01,0,0,1,0,0,0,0,0,0,"- ","- ",,,MONTEREY,SALINAS,-121.63828998,36.696330019999998
90805840,2018,2018-09-05,9730,2018-08-28,1805,018810,,2,2,9,2700,0,1,3,,1,072,"SR-156 W/B","CASTROVILLE BLVD",0.00,,Y,A,-,Y,,,156,,,,,,W,Y,4,0,2,2,A,-,12,21453,A,N,D,C,A,A,H,-,A,A,0,,,,,Y,,-,28,0,0,2,0,0,0,0,0,0,"- ","- ",36.768558502197266,-121.74292755126953,MONTEREY,UNINCORPORATED,-121.74292755126953,36.768543243408203