CASE_ID,ACCIDENT_YEAR,PROC_DATE,JURIS,COLLISION_DATE,COLLISION_TIME,OFFICER_ID,REPORTING_DISTRICT,DAY_OF_WEEK,CHP_SHIFT,POPULATION,CNTY_CITY_LOC,SPECIAL_COND,BEAT_TYPE,CHP_BEAT_TYPE,CITY_DIVISION_LAPD,CHP_BEAT_CLASS,BEAT_NUMBER,PRIMARY_RD,SECONDARY_RD,DISTANCE,DIRECTION,INTERSECTION,WEATHER_1,WEATHER_2,STATE_HWY_IND,CALTRANS_COUNTY,CALTRANS_DISTRICT,STATE_ROUTE,ROUTE_SUFFIX,POSTMILE_PREFIX,POSTMILE,LOCATION_TYPE,RAMP_INTERSECTION,SIDE_OF_HWY,TOW_AWAY,COLLISION_SEVERITY,NUMBER_KILLED,NUMBER_INJURED,PARTY_COUNT,PRIMARY_COLL_FACTOR,PCF_CODE_OF_VIOL,PCF_VIOL_CATEGORY,PCF_VIOLATION,PCF_VIOL_SUBSECTION,HIT_AND_RUN,TYPE_OF_COLLISION,MVIW,PED_ACTION,ROAD_SURFACE,ROAD_COND_1,ROAD_COND_2,LIGHTING,CONTROL_DEVICE,CHP_ROAD_TYPE,PEDESTRIAN_ACCIDENT,BICYCLE_ACCIDENT,MOTORCYCLE_ACCIDENT,TRUCK_ACCIDENT,NOT_PRIVATE_PROPERTY,ALCOHOL_INVOLVED,STWD_VEHTYPE_AT_FAULT,CHP_VEHTYPE_AT_FAULT,COUNT_SEVERE_INJ,COUNT_VISIBLE_INJ,COUNT_COMPLAINT_PAIN,COUNT_PED_KILLED,COUNT_PED_INJURED,COUNT_BICYCLIST_KILLED,COUNT_BICYCLIST_INJURED,COUNT_MC_KILLED,COUNT_MC_INJURED,PRIMARY_RAMP,SECONDARY_RAMP,LATITUDE,LONGITUDE,COUNTY,CITY,POINT_X,POINT_Y
90806426,2018,2018-09-05,9735,2018-08-31,2025,019330,,5,2,9,2700,0,1,2,,1,040,"US-101 S/B OAK AVE. OFF-RAMP","OAK AVE",300.00,N,N,A,-,Y,,,,,,,,,,N,4,0,1,2,A,-,03,22350,,N,C,C,A,A,H,-,A,D,0,,,,,Y,,A,07,0,0,1,0,0,0,0,0,0,"- ","- ",36.192760467529297,-121.14209747314453,MONTEREY,UNINCORPORATED,,
90806769,2018,2018-09-06,9730,2018-08-27,1629,022047,,1,2,9,2700,0,3,5,,2,005,"W/B HEBERT RD.","MIDDLEFIELD RD.",1056.00,E,N,A,-,N,,,,,,,,,,Y,4,0,2,2,A,-,08,22107,,N,A,C,A,A,C,-,A,D,0,,,,,Y,,A,01,0,0,2,0,0,0,0,0,0,"- ","- ",36.757118225097656,-121.61136627197266,MONTEREY,UNINCORPORATED,,
90806832,2018,2018-09-06,9730,2018-08-27,1712,022061,,1,2,9,2700,0,1,2,,1,030,"NB US-101","SPENCE ROAD",0.00,,Y,A,-,Y,,,101,,,,,,,Y,3,0,3,2,A,-,09,21801,A,N,D,C,A,A,H,-,A,D,0,,,,Y,Y,,G,25,0,1,2,0,0,0,0,0,0,"- ","- ",36.612869262695312,-121.56687927246094,MONTEREY,UNINCORPORATED,-121.56692504882812,36.612812042236328
90806873,2018,2018-09-06,9730,2018-08-27,1610,022151,,1,2,9,2700,0,1,3,,1,022,SR-1,"CARPENTER STREET",150.00,S,N,A,-,Y,,,1,,,,,,,Y,4,0,3,4,A,-,03,22350,,N,C,C,A,A,H,-,A,A,0,,,,,Y,,A,07,0,0,3,0,0,0,0,0,0,"- ","- ",36.566181182861328,-121.91288757324219,MONTEREY,UNINCORPORATED,-121.91294097900391,36.566169738769531
90807296,2018,2018-09-06,9730,2018-08-28,1620,022151,,2,2,9,2700,0,1,3,,2,062,"SR-1 N/B","MUNRAS AVENUE U/C",500.00,S,N,A,-,Y,,,1,,,,,,N,Y,3,0,1,2,A,-,03,22350,,N,C,C,A,A,H,-,A,D,0,,,,,Y,Y,A,01,0,1,0,0,0,0,0,0,0,"- ","- ",36.579231262207031,-121.90569305419922,MONTEREY,UNINCORPORATED,-121.90564727783203,36.579166412353516
90807727,2018,2018-09-07,9730,2018-08-29,2205,020990,,3,3,9,2700,0,1,3,,2,062,"SR-1 SOUTHBOUND","IMJIN PARKWAY",18.00,S,N,A,-,Y,,,1,,,,,,S,Y,3,0,1,1,A,-,03,22350,,N,E,I,A,A,H,-,C,D,0,,,,,Y,,A,01,0,1,0,0,0,0,0,0,0,"- ","- ",36.669559478759766,-121.81365966796875,MONTEREY,UNINCORPORATED,-121.81327819824219,36.669345855712891
90807893,2018,2018-09-07,9730,2018-08-29,0518,020578,,3,3,9,2700,0,3,5,,2,007,"ECHO VALLEY ROAD","VIA DEL SOL",100.00,W,N,A,-,N,,,,,,,,,,Y,4,0,1,1,A,-,08,22107,,N,E,I,A,A,H,-,D,D,0,,,,,Y,,A,01,0,0,1,0,0,0,0,0,0,"- ","- ",36.828960418701172,-121.65087127685547,MONTEREY,UNINCORPORATED,-121.65096282958984,36.828948974609375
90808024,2018,2018-09-07,9730,2018-08-29,1803,018810,,3,2,9,2700,0,1,3,,1,074,SR-1,"JENSEN ROAD",1056.00,N,N,B,-,Y,,,1,,,,,,,Y,4,0,1,3,A,-,03,22350,,N,C,C,A,A,H,-,A,D,0,,,,,Y,,A,01,0,0,1,0,0,0,0,0,0,"- ","- ",36.85955810546875,-121.77118682861328,MONTEREY,UNINCORPORATED,-121.77109527587891,36.85955810546875
90808261,2018,2018-09-07,9735,2018-09-01,1515,020894,,6,2,9,2700,0,1,2,,2,044,"U.S. 101 NORTHBOUND","JOLON RD",15840.00,N,N,A,-,Y,,,,,,,,,,Y,4,0,1,1,A,-,08,22107,,N,E,I,A,A,H,-,A,D,0,,,,,Y,,A,01,0,0,1,0,0,0,0,0,0,"- ","- ",35.916881561279297,-120.8583984375,MONTEREY,UNINCORPORATED,-121.13774108886719,36.204509735107422
90808727,2018,2018-09-10,9730,2018-08-29,2149,019239,,3,2,9,2700,0,3,5,,2,006,"ESPINOSA RD",SR-183,5808.00,E,N,A,-,N,,,,,,,,,,Y,3,0,1,1,A,-,08,22107,,N,E,I,A,A,H,-,D,D,0,,,,,Y,,A,01,0,1,0,0,0,0,0,0,0,"- ","- ",36.748001098632812,-121.722900390625,MONTEREY,UNINCORPORATED,,
8510054,2017,2018-01-19,2712,2017-12-08,0840,1073,2712,5,5,3,2712,0,0,0,,0,001,"IMJIN PW","ABRAMS DR",1000.00,S,N,A,-,N,,,,,,,,,,N,4,0,1,2,A,-,04,21703,,N,C,C,A,A,A,-,A,D,0,,,,,Y,,D,22,0,0,1,0,0,0,0,0,0,"- ","- ",,,MONTEREY,MARINA,-121.79134616,36.661735229999998
8510082,2017,2017-12-22,2712,2017-12-10,0727,1073,2712,7,5,3,2712,0,0,0,,0,001,"RESERVATION RD","CRESCENT AV",0.00,E,N,A,-,N,,,,,,,,,,Y,3,0,1,2,A,-,03,22350,,N,C,E,A,A,H,-,B,D,0,,,,,Y,,A,01,0,1,0,0,0,0,0,0,0,"- ","- ",,,MONTEREY,MARINA,-121.79183997,36.683810020000003
8510524,2017,2018-01-08,2708,2017-10-24,1108,53991,SALIN,2,5,6,2708,0,0,0,,0,0L8,"W ALISAL ST","SALINAS ST",0.00,,Y,A,-,N,,,,,,,,,,Y,4,0,1,2,A,-,12,21453,A,N,D,C,A,A,H,-,A,A,0,,,,,Y,,-,"- ",0,0,1,0,0,0,0,0,0,"- ","- ",,,MONTEREY,SALINAS,-121.65602994,36.673620020000001
8510528,2017,2017-12-18,2708,2017-10-24,2129,30425,,2,5,6,2708,0,0,0,,0,012,"EAST LAUREL DR","TOWT ST",0.00,,Y,A,-,N,,,,,,,,,,N,4,0,1,2,A,-,09,21801,A,N,D,C,A,A,H,-,B,D,0,,,,,Y,,-,,0,0,1,0,0,0,0,0,0,"- ","- ",,,MONTEREY,SALINAS,-121.61766991,36.679200049999999
8510532,2017,2017-12-18,2708,2017-10-11,1742,34273,,3,5,6,2708,0,0,0,,0,008,"SHERWOOD DR","EAST MARKET ST",0.00,,Y,A,-,N,,,,,,,,,,N,4,0,2,2,A,-,03,22350,,N,C,C,A,A,H,-,A,A,0,,,,,Y,,-,,0,0,2,0,0,0,0,0,0,"- ","- ",,,MONTEREY,SALINAS,-121.65001993,36.678350080000001
8510573,2017,2017-12-19,2708,2017-11-15,0639,19120,,3,5,6,2708,0,0,0,,0,005,"NATIVIDAD RD","E LAUREL",316.00,S,N,A,-,N,,,,,,,,,,Y,4,0,2,2,A,-,09,21801,A,N,D,C,A,A,H,-,A,D,0,,,,,Y,,-,,0,0,2,0,0,0,0,0,0,"- ","- ",,,MONTEREY,SALINAS,-121.63894602000001,36.695641520000002
8510577,2017,2017-12-19,2708,2017-11-20,1450,34273,,1,5,6,2708,0,0,0,,0,008,"MONTEREY ST","E ALISAL ST",0.00,,Y,A,-,N,,,,,,,,,,Y,4,0,1,2,A,-,12,21453,A,N,D,C,A,A,H,-,A,A,0,,,,,Y,,-,,0,0,1,0,0,0,0,0,0,"- ","- ",,,MONTEREY,SALINAS,-121.65368991,36.67396007
8510581,2017,2017-12-19,2708,2017-11-16,1221,75635,SALIN,4,5,6,2708,0,0,0,,0,,"MADRID ST","NORTH MAIN ST",900.00,W,N,C,-,N,,,,,,,,,,Y,3,0,2,2,A,-,03,22350,,N,A,C,A,B,H,-,A,D,0,,,,,Y,,-,,0,2,0,0,0,0,0,0,0,"- ","- ",,,MONTEREY,SALINAS,-121.65772526000001,36.71289797
8510585,2017,2017-12-19,2708,2017-11-07,0952,75635,SALIN,2,5,6,2708,0,0,0,,0,,"SOUTH MAIN ST","CLAY ST",0.00,,Y,A,-,N,,,,,,,,,,Y,4,0,1,2,A,-,09,21802,A,M,D,C,A,A,H,-,A,D,0,,,,,Y,,A,01,0,0,1,0,0,0,0,0,0,"- ","- ",,,MONTEREY,SALINAS,-121.65502992,36.670250060000001
8510589,2017,2017-12-19,2708,2017-11-16,1708,00589,SALIN,4,5,6,2708,0,0,0,,0,011,"TOWT ST","FREEDOM PKWY",23.00,S,N,C,-,N,,,,,,,,,,Y,4,0,1,2,A,-,03,22350,A,F,C,C,A,B,H,-,B,D,0,,,,,Y,,-,,0,0,1,0,0,0,0,0,0,"- ","- ",,,MONTEREY,SALINAS,-121.59989955,36.689170760000003
8510593,2017,2017-12-19,2708,2017-11-20,1100,07661,,1,5,6,2708,0,0,0,,0,003,MCKINNON,"E ALVIN",150.00,N,N,A,-,N,,,,,,,,,,Y,4,0,1,2,A,-,03,22350,,N,B,C,A,A,H,-,A,D,0,,,,,Y,,-,,0,0,1,0,0,0,0,0,0,"- ","- ",,,MONTEREY,SALINAS,-121.64569554000001,36.707622870000002
8510597,2017,2017-12-19,2708,2017-11-29,1146,49532,SALIN,3,5,6,2708,0,0,0,,0,001,"BORONDA RD","SAN JUAN GRADE RD",0.00,,Y,A,-,N,,,,,,,,,,Y,2,0,2,2,A,-,08,22100,B,N,D,C,A,A,H,-,A,A,0,,,,,Y,,A,01,1,0,1,0,0,0,0,0,0,"- ","- ",,,MONTEREY,SALINAS,-121.65117988999999,36.719790109999998
8510601,2017,2017-12-19,2708,2017-11-13,1357,52823,,1,5,6,2708,0,0,0,,0,,"MCKINNON ST","EAST ALVIN DR",300.00,N,N,A,-,N,,,,,,,,,,N,3,0,2,1,A,-,08,22107,,N,E,I,A,A,H,-,A,D,0,,,,,Y,,-,,0,2,0,0,0,0,0,0,0,"- ","- ",,,MONTEREY,SALINAS,-121.64554108,36.70801574
8510605,2017,2017-12-19,2708,2017-11-16,0913,97440,,4,5,6,2708,0,0,0,,0,,"WILLIAMS RD","DEL MONTE AV",126.00,N,N,A,B,N,,,,,,,,,,N,4,0,1,2,A,-,08,22103,,M,B,C,A,A,H,-,A,D,0,,,,,Y,,-,,0,0,1,0,0,0,0,0,0,"- ","- ",,,MONTEREY,SALINAS,-121.60395072999999,36.681401690000001
8510609,2017,2018-01-19,2708,2017-11-26,0318,59989,MUNI,7,5,6,2708,0,0,0,,0,006,"LARKIN ST","GEARY CIR",63.00,W,N,A,-,N,,,,,,,,,,Y,4,0,1,2,A,-,08,22107,,N,C,E,A,A,H,-,C,-,0,,,,,Y,Y,-,,0,0,1,0,0,0,0,0,0,"- ","- ",,,MONTEREY,SALINAS,-121.66234482999999,36.691413060000002
8510724,2017,2018-02-02,2708,2017-10-23,1919,31977,,1,5,6,2708,0,0,0,,0,006,"NORTH DAVIS RD","ROSSI ST",20.00,S,N,A,-,N,,,,,,,,,,N,4,0,1,2,A,-,04,21703,,N,C,C,A,A,H,-,B,A,0,,,,,Y,,-,,0,0,1,0,0,0,0,0,0,"- ","- ",,,MONTEREY,SALINAS,-121.67197907000001,36.688381829999997
8510728,2017,2017-12-19,2708,2017-10-29,1819,56793,,7,5,6,2708,0,0,0,,0,012,"E ALISAL ST","SANBORN RD",250.00,E,N,A,-,N,,,,,,,,,,N,4,0,3,2,A,-,04,21703,,N,C,C,A,A,H,-,C,A,0,,,,,Y,,-,,0,0,3,0,0,0,0,0,0,"- ","- ",,,MONTEREY,SALINAS,-121.62659477,36.672819850000003
8510732,2017,2017-12-19,2708,2017-10-26,1401,15945,,4,5,6,2708,0,0,0,,0,,"ROCHEX ST","N 3RD ST",0.00,,Y,A,-,N,,,,,,,,,,N,4,0,1,2,A,-,11,21954,A,N,G,B,D,A,H,-,A,D,0,Y,,,,Y,,N,60,0,0,1,0,1,0,0,0,0,"- ","- ",,,MONTEREY,SALINAS,-121.65650998,36.70013007
8510736,2017,2017-12-19,2708,2017-10-23,0757,97440,,1,5,6,2708,0,0,0,,0,,"SALINAS ST","SAN LUIS ST",0.00,,Y,A,-,N,,,,,,,,,,Y,4,0,2,2,A,-,12,21453,A,N,D,C,A,A,H,-,A,A,0,,,,,Y,,A,01,0,0,2,0,0,0,0,0,0,"- ","- ",,,MONTEREY,SALINAS,-121.65565992000001,36.671810069999999
8510743,2017,2017-12-19,2708,2017-09-03,2032,49021,SALIN,7,5,6,2708,0,0,0,,0,010,"E ALISAL","FELICE ST",80.00,W,N,A,-,N,,,,,,,,,,N,4,0,1,2,A,-,11,21954,A,F,G,B,D,A,H,-,C,A,0,Y,,,,Y,,N,60,0,0,1,0,1,0,0,0,0,"- ","- ",,,MONTEREY,SALINAS,-121.63065069,36.673217510000001
8510747,2017,2017-12-19,2708,2017-09-13,1647,13133,,3,5,6,2708,0,0,0,,0,008,"EAST MARKET ST","PEACH DR",0.00,,Y,A,-,N,,,,,,,,,,N,2,0,1,2,A,-,09,21802,A,N,G,G,A,A,H,-,A,D,0,,Y,,,Y,,L,04,1,0,0,0,0,0,1,0,0,"- ","- ",,,MONTEREY,SALINAS,-121.64756987,36.678700110000001
8510751,2017,2017-12-19,2708,2017-09-20,1318,10122,WPC,3,5,6,2708,0,0,0,,0,010,"JOHN ST","N WOOD ST",600.00,W,N,A,-,N,,,,,,,,,,Y,4,0,1,2,A,-,04,21703,,N,C,C,A,A,-,-,A,D,0,,,,,Y,,-,,0,0,1,0,0,0,0,0,0,"- ","- ",,,MONTEREY,SALINAS,-121.63795592,36.670594780000002
8510755,2017,2017-12-19,2708,2017-09-23,1628,25182,,6,5,6,2708,0,0,0,,0,002,"EAST BORONDA RD","MCKINNON ST",60.00,W,N,A,-,N,,,,,,,,,,N,4,0,1,3,A,-,03,22350,,N,C,C,A,A,H,-,A,A,0,,,,,Y,,A,01,0,0,1,0,0,0,0,0,0,"- ","- ",,,MONTEREY,SALINAS,-121.64386141999999,36.717099570000002
8510791,2017,2018-01-19,2708,2017-09-12,1038,19702,SPD,2,5,6,2708,0,0,0,,0,007,"GEIL ST","EAST IVERSON ST",60.00,E,N,B,-,N,,,,,,,,,,N,4,0,1,2,-,-,"- ",,,N,G,B,D,A,H,-,A,D,0,Y,,,,Y,,-,"- ",0,0,1,0,1,0,0,0,0,"- ","- ",,,MONTEREY,SALINAS,-121.66390638,36.668087270000001
90808892,2018,2018-09-10,9730,2018-08-29,0757,020208,,3,1,9,2700,0,3,5,,2,007,"BLACKIE ROAD","COMMERCIAL PARKWAY",13728.00,E,N,A,-,N,,,,,,,,,,Y,2,0,5,2,A,-,05,21460,A,N,A,C,A,A,H,-,A,D,0,,,,,Y,,A,01,4,0,1,0,0,0,0,0,0,"- ","- ",36.775798797607422,-121.69805145263672,MONTEREY,UNINCORPORATED,-121.70259094238281,36.774459838867188
90808918,2018,2018-09-10,9730,2018-08-30,1615,017502,,4,2,4,2706,0,1,3,,2,062,SR-1,"AGUAJITO ROAD",1056.00,S,N,A,-,Y,,,1,,,,,,,N,4,0,1,2,A,-,03,22350,,N,C,C,A,A,H,-,A,D,0,,,,,Y,,D,22,0,0,1,0,0,0,0,0,0,"- ","- ",36.587799072265625,-121.88218688964844,MONTEREY,MONTEREY,-121.88218688964844,36.587799072265625
90809909,2018,2018-09-11,9730,2018-08-31,1025,017785,,5,1,6,2708,0,2,S,,2,901,"JOHN STREET","SPRING STREET",45.00,W,N,A,-,N,,,,,,,,,,N,4,0,1,4,A,-,03,22350,,M,C,C,A,A,H,-,A,D,0,,,,,Y,,A,01,0,0,1,0,0,0,0,0,0,"- ","- ",36.669628143310547,-121.64572906494141,MONTEREY,SALINAS,-121.64591979980469,36.669704437255859
90810468,2018,2018-09-11,9730,2018-08-31,1558,019127,,5,2,9,2700,0,1,2,,1,070,"US-101 S/B","SAN MIGUEL CYN O/C",235.00,S,N,A,-,Y,,,101,,,,,,S,Y,3,0,1,2,A,-,07,21658,A,N,B,C,A,A,H,-,A,D,0,,,Y,,Y,,C,02,0,1,0,0,0,0,0,0,1,"- ","- ",36.798938751220703,-121.66471099853516,MONTEREY,UNINCORPORATED,-121.66472625732422,36.798954010009766
90810750,2018,2018-09-12,9730,2018-08-31,1519,021856,,5,2,9,2700,0,1,3,,2,062,"SR-1 NB","IMJIN PARKWAY",2112.00,N,N,A,-,Y,,,1,,,,,,N,Y,4,0,1,3,A,-,07,21658,A,N,B,C,A,A,H,-,A,D,0,,,,Y,Y,,A,01,0,0,1,0,0,0,0,0,0,"- ","- ",36.674591064453125,-121.80898284912109,MONTEREY,UNINCORPORATED,-121.80910491943359,36.674701690673828
90810780,2018,2018-09-12,9730,2018-09-01,1425,022092,,6,2,9,2700,0,2,4,,1,073,"HALL ROAD","PINI ROAD",290.00,W,N,A,-,N,,,,,,,,,,N,3,0,1,1,A,-,03,22350,,N,F,A,A,A,H,-,A,D,0,,,Y,,Y,,C,02,0,1,0,0,0,0,0,0,1,"- ","- ",36.864158630371094,-121.71788024902344,MONTEREY,UNINCORPORATED,-121.71773529052734,36.864116668701172
90810806,2018,2018-09-12,9730,2018-09-03,1155,017785,,1,1,9,2700,0,3,5,,2,003,"LANINI ROAD","ALTA ROAD",7920.00,S,N,A,-,N,,,,,,,,,,Y,4,0,1,2,A,-,09,21804,A,N,D,C,A,A,H,-,A,D,0,,,,Y,Y,,D,22,0,0,1,0,0,0,0,0,0,"- ","- ",36.476470947265625,-121.40740966796875,MONTEREY,UNINCORPORATED,-121.41481781005859,36.48114013671875
90810818,2018,2018-09-12,9730,2018-09-03,1616,020970,,1,2,9,2700,0,1,3,,1,072,SR-156,"CATHEDRAL OAK RD",1584.00,E,N,B,-,Y,,,156,,,,,,,Y,4,0,2,2,A,-,03,22350,,N,C,C,A,A,H,-,A,D,0,,,,,Y,,A,01,0,0,2,0,0,0,0,0,0,"- ","- ",36.777400970458984,-121.71189880371094,MONTEREY,UNINCORPORATED,-121.71192932128906,36.777492523193359
90810829,2018,2018-09-12,9730,2018-09-03,1205,021776,,1,1,9,2700,0,1,3,,1,074,SR-1,"WATSONVILLE ROAD",677.00,S,N,B,-,Y,,,1,,,,,,,Y,4,0,1,2,A,-,09,21801,A,N,D,C,A,A,H,-,A,D,0,,,,,Y,,A,01,0,0,1,0,0,0,0,0,0,"- ","- ",36.775650024414062,-121.77210998535156,MONTEREY,UNINCORPORATED,-121.77204895019531,36.775733947753906
90810872,2018,2018-09-12,9730,2018-09-05,0755,017785,,3,1,9,2700,0,1,2,,1,050,"US-101 S/B","GOULD ROAD",1584.00,N,N,B,-,Y,,,101,,,,,,S,Y,4,0,1,2,C,-,18,,,N,E,J,A,A,H,-,A,D,0,,,,Y,Y,,-,"- ",0,0,1,0,0,0,0,0,0,"- ","- ",36.631069183349609,-121.59239196777344,MONTEREY,UNINCORPORATED,-121.59234619140625,36.631130218505859
90810921,2018,2018-09-12,9730,2018-09-03,1520,019127,,1,2,9,2700,0,1,2,,1,030,"US-101 N/B","5TH ST",1056.00,S,N,A,-,Y,,,101,,,,,,N,N,4,0,1,2,A,-,07,21658,A,M,B,A,A,A,H,-,A,D,0,,,,,Y,,A,01,0,0,1,0,0,0,0,0,0,"- ","- ",36.498859405517578,-121.43006134033203,MONTEREY,UNINCORPORATED,-121.43004608154297,36.498870849609375
90811033,2018,2018-09-12,9730,2018-09-02,1414,022061,,7,2,9,2700,0,1,3,,1,072,SR-156,"CATHEDRAL OAKS RD",1056.00,E,N,B,-,Y,,,156,,,,,,,Y,4,0,3,3,A,-,03,22350,,N,C,C,A,A,H,-,A,D,0,,,,,Y,,A,01,0,0,3,0,0,0,0,0,0,"- ","- ",36.777580261230469,-121.71166229248047,MONTEREY,UNINCORPORATED,-121.71165466308594,36.777568817138672
90811295,2018,2018-09-12,9730,2018-09-04,0624,022118,,2,1,9,2700,0,1,3,,1,066,"SR-183 (MERRITT STREET)","PALM STREET",0.00,,Y,B,-,Y,,,183,,,,,,,N,3,0,2,2,A,-,09,21802,A,N,D,C,A,A,H,-,A,A,0,,,,,Y,,A,01,0,2,0,0,0,0,0,0,0,"- ","- ",36.758968353271484,-121.7489013671875,MONTEREY,UNINCORPORATED,-121.74889373779297,36.758975982666016
90812209,2018,2018-09-13,9730,2018-09-06,0625,017785,,4,1,9,2700,0,3,5,,2,004,"CAMPHORA-GLORIA ROAD",US-101,1584.00,E,N,B,-,N,,,,,,,,,,Y,4,0,2,2,A,-,05,21650,,N,B,C,A,A,H,-,B,D,0,,,,,Y,,A,08,0,0,2,0,0,0,0,0,0,"- ","- ",36.450050354003906,-121.35842895507812,MONTEREY,UNINCORPORATED,-121.36280059814453,36.449058532714844
90812712,2018,2018-09-13,9730,2018-09-05,1845,019529,,3,2,9,2700,0,1,3,,2,062,"STATE ROUTE 1 (NORTHBOUND)","TIOGA AVE.",200.00,N,N,A,-,Y,,,,,,,,,,Y,4,0,1,2,A,-,03,22350,,N,C,C,A,A,H,-,A,D,0,,,,,Y,,D,22,0,0,1,0,0,0,0,0,0,"- ","- ",36.618061065673828,-121.84845733642578,MONTEREY,UNINCORPORATED,-121.84852600097656,36.618301391601562
90813125,2018,2018-09-14,9730,2018-09-06,0515,020578,,4,3,9,2700,0,1,2,,1,050,"SOUTHBOUND US-101","HARTNELL ROAD",189.00,S,N,A,-,Y,,,101,,,,,,,Y,4,0,2,3,A,-,08,22107,,F,B,C,A,A,H,-,D,D,0,,,,Y,Y,,A,01,0,0,2,0,0,0,0,0,0,"- ","- ",36.622398376464844,-121.58030700683594,MONTEREY,UNINCORPORATED,-121.58035278320312,36.622341156005859
90813184,2018,2018-09-14,9730,2018-09-04,1620,018350,,2,2,9,2700,0,2,4,,2,063,"BLANCO ROAD","DAVIS ROAD",125.00,W,N,A,-,N,,,,,,,,,,N,4,0,1,2,A,-,03,22350,,N,C,C,A,A,H,-,A,A,0,,,,,Y,,A,07,0,0,1,0,0,0,0,0,0,"- ","- ",36.667030334472656,-121.68575286865234,MONTEREY,UNINCORPORATED,-121.68548583984375,36.666961669921875
90813629,2018,2018-09-14,9735,2018-09-11,0630,020841,,2,1,9,2700,0,1,2,,1,040,"US-101 N/B","MAJOR FARMS DRIVEWAY",46.00,S,N,A,-,Y,,,101,,,,,,N,N,3,0,2,2,A,-,03,22350,,N,C,C,A,A,H,-,A,D,0,,,,,Y,,A,01,0,2,0,0,0,0,0,0,0,"- ","- ",36.380680084228516,-121.29724884033203,MONTEREY,UNINCORPORATED,-121.29727172851562,36.380653381347656
90814158,2018,2018-09-17,9730,2018-08-29,2130,019770,,3,2,9,2700,0,3,5,,2,005,"POLLOCK LANE","ORCHARD LANE",135.00,S,N,A,-,N,,,,,,,,,,Y,3,0,1,1,A,-,03,22350,,F,E,I,A,A,H,-,D,D,0,,,,,Y,,A,01,0,1,0,0,0,0,0,0,0,"- ","- ",36.774768829345703,-121.66313934326172,MONTEREY,UNINCORPORATED,-121.66329193115234,36.774833679199219
90814203,2018,2018-09-17,9730,2018-09-09,2025,022061,,7,2,9,2700,0,1,3,,1,074,"SOUTHBOUND SR-1","JETTY ROAD",1056.00,S,N,A,-,Y,,,1,,,,,,,Y,4,0,3,2,A,-,01,23152,A,N,D,C,A,A,H,-,D,D,0,,,Y,,Y,Y,A,07,0,0,3,0,0,0,0,0,2,"- ","- ",36.81378173828125,-121.78574371337891,MONTEREY,UNINCORPORATED,-121.78566741943359,36.813785552978516
90814272,2018,2018-09-17,9730,2018-09-07,0145,020233,,5,3,9,2700,0,3,5,,2,004,"OLD STAGE ROAD","IVERSON ROAD",3168.00,S,N,A,-,N,,,,,,,,,,Y,2,0,1,1,A,-,01,23152,A,N,F,I,A,A,H,-,D,D,0,,,,,Y,Y,A,01,1,0,0,0,0,0,0,0,0,"- ","- ",36.548721313476562,-121.47203826904297,MONTEREY,UNINCORPORATED,-121.47257995605469,36.549587249755859
90814425,2018,2018-09-17,9730,2018-09-09,1000,021776,,7,1,9,2700,0,1,3,,1,074,"SR-1 NORTHBOUND","DEL MONTE BLVD O/C",3696.00,N,N,B,-,Y,,,1,,,,,,N,Y,3,0,1,2,A,-,17,22109,,F,E,I,A,A,H,-,A,D,0,,,,,Y,,A,01,0,1,0,0,0,0,0,0,0,"- ","- ",36.732780456542969,-121.78159332275391,MONTEREY,UNINCORPORATED,-121.78163909912109,36.732830047607422
90814441,2018,2018-09-17,9730,2018-09-09,1850,022092,,7,2,9,2700,0,2,4,,1,073,"SAN MIGUEL CANYON","WOODLAND HILLS LANE",45.00,N,N,A,-,N,,,,,,,,,,Y,4,0,1,2,A,-,03,22350,,N,B,C,A,A,H,-,A,A,0,,,,,Y,,A,01,0,0,1,0,0,0,0,0,0,"- ","- ",36.846649169921875,-121.69000244140625,MONTEREY,UNINCORPORATED,-121.69004821777344,36.846702575683594
90815063,2018,2018-09-18,9730,2018-09-09,0104,022118,,7,3,9,2700,0,3,5,,2,005,"OLD STAGE ROAD","CRAZY HORSE ROAD",2640.00,S,N,B,-,N,,,,,,,,,,Y,4,0,1,1,A,-,08,22107,,N,E,I,A,A,H,-,D,D,0,,,,,Y,,A,01,0,0,1,0,0,0,0,0,0,"- ","- ",36.762680053710938,-121.60173034667969,MONTEREY,UNINCORPORATED,,
90815077,2018,2018-09-18,9730,2018-09-10,1609,022047,,1,2,9,2700,0,1,2,,1,070,"US-101 N/B","DUNBARTON RD.",528.00,N,N,A,-,Y,,,101,,,,,,N,N,4,0,1,2,A,-,09,21804,A,N,C,C,A,A,H,-,A,D,0,,,,,Y,,D,22,0,0,1,0,0,0,0,0,0,"- ","- ",36.846630096435547,-121.63529205322266,MONTEREY,UNINCORPORATED,-121.63523101806641,36.846656799316406