CASE_ID,ACCIDENT_YEAR,PROC_DATE,JURIS,COLLISION_DATE,COLLISION_TIME,OFFICER_ID,REPORTING_DISTRICT,DAY_OF_WEEK,CHP_SHIFT,POPULATION,CNTY_CITY_LOC,SPECIAL_COND,BEAT_TYPE,CHP_BEAT_TYPE,CITY_DIVISION_LAPD,CHP_BEAT_CLASS,BEAT_NUMBER,PRIMARY_RD,SECONDARY_RD,DISTANCE,DIRECTION,INTERSECTION,WEATHER_1,WEATHER_2,STATE_HWY_IND,CALTRANS_COUNTY,CALTRANS_DISTRICT,STATE_ROUTE,ROUTE_SUFFIX,POSTMILE_PREFIX,POSTMILE,LOCATION_TYPE,RAMP_INTERSECTION,SIDE_OF_HWY,TOW_AWAY,COLLISION_SEVERITY,NUMBER_KILLED,NUMBER_INJURED,PARTY_COUNT,PRIMARY_COLL_FACTOR,PCF_CODE_OF_VIOL,PCF_VIOL_CATEGORY,PCF_VIOLATION,PCF_VIOL_SUBSECTION,HIT_AND_RUN,TYPE_OF_COLLISION,MVIW,PED_ACTION,ROAD_SURFACE,ROAD_COND_1,ROAD_COND_2,LIGHTING,CONTROL_DEVICE,CHP_ROAD_TYPE,PEDESTRIAN_ACCIDENT,BICYCLE_ACCIDENT,MOTORCYCLE_ACCIDENT,TRUCK_ACCIDENT,NOT_PRIVATE_PROPERTY,ALCOHOL_INVOLVED,STWD_VEHTYPE_AT_FAULT,CHP_VEHTYPE_AT_FAULT,COUNT_SEVERE_INJ,COUNT_VISIBLE_INJ,COUNT_COMPLAINT_PAIN,COUNT_PED_KILLED,COUNT_PED_INJURED,COUNT_BICYCLIST_KILLED,COUNT_BICYCLIST_INJURED,COUNT_MC_KILLED,COUNT_MC_INJURED,PRIMARY_RAMP,SECONDARY_RAMP,LATITUDE,LONGITUDE,COUNTY,CITY,POINT_X,POINT_Y
90815097,2018,2018-09-18,9730,2018-09-10,2110,020990,,1,2,9,2700,0,1,2,,1,030,"US-101 SOUTHBOUND","ESPERANZA ROAD",750.00,N,N,A,-,Y,,,101,,,,,,S,Y,3,0,1,2,A,-,03,22350,,N,C,C,A,A,H,-,D,D,0,,,,,Y,,A,01,0,1,0,0,0,0,0,0,0,"- ","- ",36.591419219970703,-121.54136657714844,MONTEREY,UNINCORPORATED,-121.5413818359375,36.591407775878906
90815291,2018,2018-09-18,9730,2018-09-10,1700,022061,,1,2,9,2700,0,3,5,,2,004,"ALLISAL ROAD","HARTNEL ROAD",0.00,,Y,A,-,N,,,,,,,,,,Y,4,0,2,2,A,-,09,21802,A,N,D,C,A,A,H,-,A,A,0,,,,,Y,,D,22,0,0,2,0,0,0,0,0,0,"- ","- ",36.645378112792969,-121.57679748535156,MONTEREY,UNINCORPORATED,-121.57676696777344,36.645381927490234
90815490,2018,2018-09-18,9730,2018-09-11,0830,020208,,2,1,9,2700,0,1,3,,2,062,"SR-1 S/B","LIGHT FIGHTER DRIVE",620.00,S,N,B,-,Y,,,1,,,,,,S,N,4,0,1,2,A,-,03,22350,,N,C,C,A,A,H,-,A,D,0,,,,,Y,,A,01,0,0,1,0,0,0,0,0,0,"- ","- ",36.646030426025391,-121.81681823730469,MONTEREY,UNINCORPORATED,-121.81686401367188,36.646087646484375
90815515,2018,2018-09-18,9730,2018-09-16,1000,021776,,7,1,9,2700,0,1,2,,1,030,"NORTHBOUND US-101","FOLETTA ROAD",5280.00,N,N,A,-,Y,,,101,,,,,,,Y,4,0,2,3,A,-,03,22350,,N,C,C,A,A,H,-,A,D,0,,,,,Y,,A,01,0,0,2,0,0,0,0,0,0,"- ","- ",36.534568786621094,-121.47891998291016,MONTEREY,UNINCORPORATED,-121.47888946533203,36.53460693359375
90815821,2018,2018-09-18,9730,2018-09-12,1310,020208,,3,1,9,2700,0,1,3,,2,062,"SR-1 S/B","FREMONT BLVD.",5808.00,N,N,A,-,Y,,,1,,,,,,S,N,4,0,1,2,A,-,03,22350,,F,C,C,A,A,H,-,A,D,0,,,,,Y,,A,01,0,0,1,0,0,0,0,0,0,"- ","- ",36.637550354003906,-121.82997894287109,MONTEREY,UNINCORPORATED,-121.82997894287109,36.637550354003906
90816783,2018,2018-09-19,9730,2018-09-08,1350,022092,,6,1,9,2700,0,3,5,,2,005,"ASSISI WAY","DAMIEN WAY",1056.00,W,N,A,-,N,,,,,,,,,,Y,4,0,2,2,A,-,05,21650,,N,A,C,A,A,H,-,A,D,0,,,,,Y,,A,01,0,0,2,0,0,0,0,0,0,"- ","- ",36.762470245361328,-121.66413879394531,MONTEREY,UNINCORPORATED,-121.66454315185547,36.762260437011719
90816795,2018,2018-09-19,9730,2018-09-11,0820,022118,,2,1,9,2700,0,3,5,,2,006,"DAVIS ROAD",SR-183,55.00,E,N,B,-,N,,,,,,,,,,Y,3,0,1,3,A,-,03,22350,,N,C,C,A,A,H,-,A,D,0,,,,,Y,,A,01,0,1,0,0,0,0,0,0,0,"- ","- ",36.684669494628906,-121.67465209960938,MONTEREY,UNINCORPORATED,,
90816838,2018,2018-09-19,9730,2018-09-12,1722,021856,,3,2,9,2700,0,2,4,,1,075,"SAN JUAN ROAD","PORTER DRIVE",0.00,,Y,A,-,N,,,,,,,,,,N,4,0,1,2,A,-,17,21451,A,N,A,C,A,A,H,-,A,A,0,,,,,Y,,A,08,0,0,1,0,0,0,0,0,0,"- ","- ",36.904468536376953,-121.75038909912109,MONTEREY,UNINCORPORATED,-121.75039672851562,36.904521942138672
90816885,2018,2018-09-19,9730,2018-09-12,1505,018810,,3,2,9,2700,0,3,5,,2,007,"WALSH STREET",SR-183,50.00,E,N,A,-,N,,,,,,,,,,N,4,0,1,2,A,-,09,21804,A,N,D,G,A,A,H,-,A,D,0,,Y,,,Y,,L,04,0,0,1,0,0,0,1,0,0,"- ","- ",36.759788513183594,-121.74960327148438,MONTEREY,UNINCORPORATED,,
90816958,2018,2018-09-19,9730,2018-06-10,0232,020598,,7,3,9,2700,0,1,2,,1,050,"US-101 NORTHBOUND","AIRPORT BOULEVARD",6336.00,S,N,A,-,Y,,,101,,,,,,N,Y,1,1,3,2,A,-,01,23152,A,N,B,C,A,A,H,-,D,D,0,,,,,Y,Y,A,07,2,1,0,0,0,0,0,0,0,"- ","- ",36.645671844482422,-121.6119384765625,MONTEREY,UNINCORPORATED,-121.61192321777344,36.645687103271484
90816975,2018,2018-09-19,9730,2018-09-10,1750,022039,,1,2,9,2700,0,1,2,,1,030,"S/B US-101","CAMPHORA GLORIA ROAD",2300.00,S,N,A,-,Y,,,101,,,,,,,Y,4,0,1,1,C,-,18,,,N,E,I,A,A,H,-,A,D,0,,,,,Y,,-,"- ",0,0,1,0,0,0,0,0,0,"- ","- ",36.446269989013672,-121.35959625244141,MONTEREY,UNINCORPORATED,-121.35962677001953,36.446224212646484
90817156,2018,2018-09-20,9730,2018-09-10,1803,018810,,1,2,9,2700,0,3,5,,2,007,"SALINAS ROAD","FRUITLAND AVENUE",0.00,,Y,A,-,N,,,,,,,,,,Y,4,0,1,2,A,-,09,21802,A,N,D,C,A,A,H,-,A,A,0,,,,,Y,,A,01,0,0,1,0,0,0,0,0,0,"- ","- ",36.87799072265625,-121.75248718261719,MONTEREY,UNINCORPORATED,-121.7525634765625,36.878009796142578
90817301,2018,2018-09-20,9730,2018-09-11,1750,022151,,2,2,9,2700,0,3,5,,2,006,"ESPINOSA RD","FOXWOOD LN",952.00,E,N,A,-,N,,,,,,,,,,Y,4,0,1,2,A,-,09,21804,A,N,D,C,A,A,H,-,A,D,0,,,,,Y,Y,A,01,0,0,1,0,0,0,0,0,0,"- ","- ",36.743030548095703,-121.68673706054688,MONTEREY,UNINCORPORATED,-121.6866455078125,36.742984771728516
90817306,2018,2018-09-20,9730,2018-09-13,1250,017785,,4,1,6,2708,0,1,2,,1,050,"US-101 SOUTHBOUND","JOHN STREET",1056.00,N,N,A,-,Y,,,101,,,,,,S,Y,4,0,2,2,A,-,03,22350,,N,C,C,A,A,H,-,A,D,0,,,,,Y,,A,01,0,0,2,0,0,0,0,0,0,"- ","- ",36.673210144042969,-121.64069366455078,MONTEREY,SALINAS,-121.64064788818359,36.6732177734375
90817422,2018,2018-09-20,9730,2018-09-13,0620,015160,,4,1,9,2700,0,2,4,,1,073,"SALINAS ROAD","ASSOCIATED LANE",123.00,S,N,A,-,N,,,,,,,,,,Y,4,0,1,2,A,-,03,22350,,N,C,C,A,A,H,-,A,D,0,,,,,Y,,A,01,0,0,1,0,0,0,0,0,0,"- ","- ",36.897579193115234,-121.74787139892578,MONTEREY,UNINCORPORATED,-121.74789428710938,36.897453308105469
90817747,2018,2018-09-20,9735,2018-09-13,0355,020302,,4,3,9,2700,0,3,5,,2,004,"LOCKWOOD SAN LUCAS RD","PARIS VALLEY RD",279.00,N,N,A,-,N,,,,,,,,,,Y,3,0,1,1,A,-,03,22350,,N,F,I,A,A,H,-,D,D,0,,,,,Y,,A,01,0,1,0,0,0,0,0,0,0,"- ","- ",36.096439361572266,-121.01927947998047,MONTEREY,UNINCORPORATED,-121.01931762695312,36.096321105957031
90818110,2018,2018-09-24,9735,2018-09-15,0613,019965,,6,1,9,2700,0,2,4,,2,010,"ARROYO SECO","UNITED STATES HIGHWAY 101",528.00,W,N,A,-,N,,,,,,,,,,Y,3,0,2,2,A,-,09,21804,A,N,D,C,A,A,H,-,B,D,0,,,,,Y,,A,08,0,2,0,0,0,0,0,0,0,"- ","- ",36.402671813964844,-121.31919097900391,MONTEREY,UNINCORPORATED,,
90818123,2018,2018-09-20,9735,2018-09-17,0640,017257,,1,1,9,2700,0,1,2,,2,042,"US 101 NORTHBOUND","LAYOUS AVENUE O/C",500.00,N,N,A,-,Y,,,,,,,,,,Y,4,0,1,1,A,-,08,22107,,N,E,I,A,A,H,-,B,A,0,,,,,Y,,A,01,0,0,1,0,0,0,0,0,0,"- ","- ",36.170188903808594,-121.05844879150391,MONTEREY,UNINCORPORATED,,
90818406,2018,2018-09-21,9735,2018-09-18,2338,020417,,2,3,9,2700,0,1,2,,2,044,"US-101 S/B","JOLON RD.",13728.00,N,N,A,-,Y,,,101,,,,,,S,Y,4,0,1,2,A,-,03,22350,,N,C,C,A,A,H,-,D,D,0,,,,Y,Y,,G,25,0,0,1,0,0,0,0,0,0,"- ","- ",35.908370971679688,-120.84683227539062,MONTEREY,UNINCORPORATED,-120.84680938720703,35.90838623046875
90818723,2018,2018-09-21,9730,2018-09-12,2150,020896,,3,2,9,2700,0,3,5,,2,004,"OLD STAGE RD","960 OLD STAGE PVT DRVWY",410.00,S,N,A,-,N,,,,,,,,,,Y,3,0,1,1,A,-,08,22107,,N,E,C,A,A,H,-,D,D,0,,,,,Y,,A,07,0,1,0,0,0,0,0,0,0,"- ","- ",36.691768646240234,-121.56903076171875,MONTEREY,UNINCORPORATED,,
90819322,2018,2018-09-24,9730,2018-09-15,1801,020065,,6,2,9,2700,0,1,2,,1,050,"US-101 N/B","AIRPORT BLVD. O/C",4910.00,S,N,A,-,Y,,,101,,,,,,N,Y,3,0,1,1,A,-,08,22107,,N,F,I,A,A,H,-,A,D,0,,,,,Y,,A,08,0,1,0,0,0,0,0,0,0,"- ","- ",36.648368835449219,-121.61521911621094,MONTEREY,UNINCORPORATED,-121.61526489257812,36.648330688476562
90819428,2018,2018-09-24,9730,2018-09-13,0725,022129,,4,1,9,2700,0,1,3,,1,074,SR-1,SR-183,0.00,,Y,A,-,Y,,,1,,,,,,,Y,3,0,1,2,A,-,08,22101,D,N,A,C,A,A,H,-,A,D,0,,,Y,,Y,,C,02,0,1,0,0,0,0,0,0,1,"- ","- ",36.770900726318359,-121.76540374755859,MONTEREY,UNINCORPORATED,-121.76544189453125,36.7708740234375
90819518,2018,2018-09-24,9730,2018-09-14,1325,022129,,5,1,9,2700,0,1,2,,1,050,"US-101 S/B","AIRPORT BOULEVARD",4752.00,S,N,A,-,Y,,,101,,,,,,S,Y,3,0,1,1,A,-,08,22107,,N,F,I,A,A,H,-,A,D,0,,,,,Y,,D,22,0,1,0,0,0,0,0,0,0,"- ","- ",36.648399353027344,-121.61569976806641,MONTEREY,UNINCORPORATED,-121.61567687988281,36.648422241210938
90819626,2018,2018-09-24,9730,2018-09-14,1416,019127,,5,2,9,2700,0,3,5,,2,003,"ALTA ST","OLD STAGE RD",50.00,S,N,A,-,N,,,,,,,,,,Y,2,0,2,2,A,-,09,21802,A,N,D,C,A,A,H,-,A,A,0,,,,Y,Y,,A,08,1,1,0,0,0,0,0,0,0,"- ","- ",36.521881103515625,-121.46389007568359,MONTEREY,UNINCORPORATED,-121.46321105957031,36.521400451660156
90819683,2018,2018-09-24,9730,2018-09-14,0049,019239,,5,3,9,2700,0,1,2,,1,030,"US-101 NORTHBOUND","FRONT STREET",65.00,N,N,A,-,Y,,,101,,,,,,N,Y,4,0,1,1,A,-,01,23152,A,N,E,I,A,A,H,-,D,D,0,,,,,Y,Y,A,01,0,0,1,0,0,0,0,0,0,"- ","- ",36.431301116943359,-121.33709716796875,MONTEREY,UNINCORPORATED,-121.33704376220703,36.431320190429688
90819860,2018,2018-09-24,9730,2018-09-16,1815,021888,,7,2,9,2700,0,1,3,,1,074,"SR-1 SOUTH BOUND","JETTY ROAD",2112.00,S,N,A,-,Y,,,1,,,,,,,Y,4,0,2,2,A,-,09,21804,A,N,D,C,A,A,H,-,A,D,0,,,,,Y,,A,07,0,0,2,0,0,0,0,0,0,"- ","- ",36.811771392822266,-121.78549194335938,MONTEREY,UNINCORPORATED,-121.78545379638672,36.811779022216797
90819949,2018,2018-11-08,9730,2018-09-16,1535,021888,,7,2,9,2700,0,3,5,,2,007,"TRAFTON ROAD","SR-1 N/B",1584.00,E,N,A,-,N,,,,,,,,,,Y,4,0,1,2,A,-,05,21650,,N,A,C,A,A,H,-,A,D,0,,,,,Y,,A,01,0,0,1,0,0,0,0,0,0,"- ","- ",36.878818511962891,-121.76798248291016,MONTEREY,UNINCORPORATED,,
90819951,2018,2018-09-24,9730,2018-09-15,1637,021407,,6,2,9,2700,0,3,5,,2,003,"LAURELES GRADE","SOUTHVIEW LANE",800.00,S,N,A,-,N,,,,,,,,,,Y,4,0,1,1,A,-,03,22350,,N,E,A,A,A,H,-,A,D,0,,,Y,,Y,,C,02,0,0,1,0,0,0,0,0,1,"- ","- ",36.515399932861328,-121.75630187988281,MONTEREY,UNINCORPORATED,-121.75786590576172,36.515514373779297
90820078,2018,2018-09-24,9730,2018-09-14,0925,021120,,5,1,9,2700,0,3,5,,2,006,"RESERVATION RD.","BLANCO RD.",360.00,W,N,A,-,N,,,,,,,,,,Y,4,0,1,2,A,-,03,22350,,N,A,C,A,A,H,-,A,A,0,,,,,Y,,A,01,0,0,1,0,0,0,0,0,0,"- ","- ",36.667461395263672,-121.75803375244141,MONTEREY,UNINCORPORATED,-121.75775146484375,36.667427062988281
90820095,2018,2018-09-24,9730,2018-09-14,0400,021794,,5,3,9,2700,0,2,4,,1,023,"W/B CARMEL VALLEY ROAD","PHELPS WAY",300.00,E,N,A,-,N,,,,,,,,,,Y,2,0,1,1,A,-,08,22107,,N,A,I,A,A,H,-,D,D,0,,,,,Y,,A,01,1,0,0,0,0,0,0,0,0,"- ","- ",36.497108459472656,-121.75086975097656,MONTEREY,UNINCORPORATED,,
90820387,2018,2018-09-25,9730,2018-09-14,2220,018302,,5,3,9,2700,0,2,4,,1,023,"CARMEL VALLEY ROAD","CARMEL VALLEY MANOR ROAD",423.00,E,N,A,-,N,,,,,,,,,,Y,3,0,2,1,A,-,08,22107,,N,E,I,A,A,H,-,D,D,0,,,,,Y,,D,22,0,2,0,0,0,0,0,0,0,"- ","- ",36.529369354248047,-121.82572937011719,MONTEREY,UNINCORPORATED,,
90820395,2018,2018-09-25,9730,2018-09-15,0116,020598,,6,3,9,2700,0,1,3,,1,072,"SR-156 W/B",SR-183,1430.00,E,N,A,-,Y,,,156,,,,,,W,Y,2,0,1,1,A,-,01,23152,A,N,E,I,A,A,H,-,C,D,0,,,,,Y,Y,A,01,1,0,0,0,0,0,0,0,0,"- ","- ",36.764900207519531,-121.74919891357422,MONTEREY,UNINCORPORATED,-121.7491455078125,36.764858245849609
90820430,2018,2018-11-15,9730,2018-09-14,1510,022039,,5,2,9,2700,0,1,3,,1,074,SR-1,"STRUVE ROAD",1200.00,S,N,A,-,Y,,,1,,,,,,,N,4,0,1,2,A,-,08,22107,,F,G,B,E,A,H,-,A,D,0,Y,,,,Y,,-,99,0,0,1,0,1,0,0,0,0,"- ","- ",36.829120635986328,-121.77191925048828,MONTEREY,UNINCORPORATED,-121.77191925048828,36.829120635986328
90820441,2018,2018-09-25,9730,2018-09-15,1645,022061,,6,2,9,2700,0,2,4,,1,073,"W/B SAN MIGUEL CANYON RD","MORO ROAD",52.00,E,N,A,-,N,,,,,,,,,,Y,4,0,3,2,A,-,01,23152,A,F,C,C,A,A,H,-,A,A,0,,,,,Y,Y,A,07,0,0,3,0,0,0,0,0,0,"- ","- ",36.802520751953125,-121.66658020019531,MONTEREY,UNINCORPORATED,,
90820601,2018,2018-09-25,9730,2018-09-17,1555,019100,,1,2,6,2708,0,1,2,,1,050,"US-101 S/B","SANBORN ROAD",528.00,N,N,A,-,Y,,,,,,,,,,Y,4,0,2,3,A,-,03,22350,,N,C,C,A,A,H,-,A,D,0,,,,,Y,,A,01,0,0,2,0,0,0,0,0,0,"- ","- ",36.404350280761719,-121.37548828125,MONTEREY,SALINAS,-121.62979888916016,36.667209625244141
90820612,2018,2018-09-25,9730,2018-09-17,1500,022047,,1,2,9,2700,0,2,4,,1,073,"S/B SALINAS RD.","JONATHAN ST.",26.00,S,N,A,-,N,,,,,,,,,,Y,4,0,2,2,A,-,03,22350,,N,C,C,A,A,H,-,A,D,0,,,,,Y,,D,22,0,0,2,0,0,0,0,0,0,"- ","- ",36.900680541992188,-121.74819946289062,MONTEREY,UNINCORPORATED,,
90821315,2018,2018-09-26,9730,2018-07-28,2500,019569,,6,4,9,2700,0,1,3,,1,012,SR-1,"WILLOW CREEK",1056.00,S,N,A,-,Y,,,1,,,,,,,Y,1,1,0,1,A,-,01,23152,A,N,F,A,A,A,H,-,D,D,0,,,,,Y,Y,A,01,0,0,0,0,0,0,0,0,0,"- ","- ",35.887569427490234,-121.46054077148438,MONTEREY,UNINCORPORATED,-121.46054840087891,35.887569427490234
90821370,2018,2018-09-26,9730,2018-09-18,2238,022151,,2,3,9,2700,0,2,4,,1,023,"CARMEL VALLEY ROAD","LAUREL DR.",30.00,W,N,A,-,N,,,,,,,,,,Y,4,0,1,1,A,-,01,23152,A,N,E,I,A,A,H,-,D,D,0,,,,,Y,Y,A,01,0,0,1,0,0,0,0,0,0,"- ","- ",36.485458374023438,-121.73818206787109,MONTEREY,UNINCORPORATED,-121.73815155029297,36.485271453857422
90821943,2018,2018-09-26,9730,2018-09-15,0115,020598,,6,3,9,2700,0,1,3,,1,072,"SR-156 WESTBOUND","MILEPOST MARKER 1.62",33.00,W,N,A,-,Y,,,156,,,,,,W,Y,2,0,1,1,A,-,01,23152,F,N,F,I,A,A,H,-,C,D,0,,,,,Y,,D,22,1,0,0,0,0,0,0,0,0,"- ","- ",36.768199920654297,-121.74424743652344,MONTEREY,UNINCORPORATED,-121.74423980712891,36.768173217773438
90822027,2018,2018-09-26,9730,2018-09-19,1810,019100,,3,2,9,2700,0,3,5,,2,004,"OLD STAGE ROAD","SPENCE ROAD",0.00,,Y,A,-,N,,,,,,,,,,Y,4,0,1,2,A,-,03,22350,,N,C,C,A,A,H,-,B,D,0,,,,,Y,,D,22,0,0,1,0,0,0,0,0,0,"- ","- ",36.374778747558594,-121.32234954833984,MONTEREY,UNINCORPORATED,-121.53988647460938,36.629878997802734
90822369,2018,2018-09-27,9730,2018-09-18,1130,020896,,2,1,9,2700,0,1,3,,1,068,"SR-68 WB","PORTOLA DR",2112.00,W,N,A,-,Y,,,68,,,,,,W,Y,4,0,1,2,A,-,03,22350,,N,C,C,A,A,H,-,A,D,0,,,,,Y,,A,01,0,0,1,0,0,0,0,0,0,"- ","- ",36.601108551025391,-121.69737243652344,MONTEREY,UNINCORPORATED,-121.69734191894531,36.601093292236328
8510821,2017,2017-12-19,2708,2017-09-02,0110,00589,,6,5,6,2708,0,0,0,,0,005,"NORTH MAIN ST","EAST LAUREL DR",42.00,N,N,A,-,N,,,,,,,,,,N,4,0,1,2,A,-,04,21703,,F,C,C,A,A,H,-,C,A,0,,,,,Y,,-,,0,0,1,0,0,0,0,0,0,"- ","- ",,,MONTEREY,SALINAS,-121.65183828000001,36.699433120000002
8510849,2017,2017-12-19,2708,2017-10-11,1454,13102,,3,5,6,2708,0,0,0,,0,007,"PADRE DR","W SAN JOAQUIN ST",150.00,S,N,A,-,N,,,,,,,,,,Y,3,0,1,2,C,-,18,,,N,C,E,A,A,H,-,A,D,0,,,,,Y,,-,"- ",0,1,0,0,0,0,0,0,0,"- ","- ",,,MONTEREY,SALINAS,-121.66125354,36.659304040000002
8511049,2017,2017-12-27,2706,2017-11-22,1435,505,2706,3,5,4,2706,0,0,0,,0,002,"FIGUEROA ST","DEL MONTE",198.00,N,N,A,-,N,,,,,,,,,,N,4,0,1,2,A,-,17,21200,A,N,H,G,A,A,H,-,A,A,0,,Y,,,Y,,L,04,0,0,1,0,0,0,1,0,0,"- ","- ",,,MONTEREY,MONTEREY,-121.88993834999999,36.600797790000001
8511150,2017,2017-12-20,2701,2017-11-20,1024,209,2701,1,5,2,2701,0,0,0,,0,ALL,"4TH AV","JUNIPERO AV",88.00,E,N,A,-,N,,,,,,,,,,N,3,0,1,2,A,-,13,22515,A,N,H,E,A,A,H,-,A,D,0,,,,,Y,,A,08,0,1,0,0,0,0,0,0,0,"- ","- ",,,MONTEREY,CARMEL,-121.91979032,36.558128580000002
8511190,2017,2018-06-19,2706,2017-11-26,1039,716,MPD,7,5,4,2706,0,0,0,,0,003,"CASA VERDE WY","RT 1",0.00,,Y,B,-,Y,MON,5,1,-,R,78.600,R,4,N,Y,4,0,1,2,A,-,09,21802,A,N,D,C,A,A,H,-,A,A,0,,,,,Y,,A,01,0,0,1,0,0,0,0,0,0,"- ",SF,,,MONTEREY,MONTEREY,-121.86300824999999,36.600506520000003
8512203,2017,2018-01-11,2704,2017-11-06,0727,8061,2704,1,5,3,2704,0,0,0,,0,006,"3RD ST","APPLE AV",0.00,,Y,A,-,N,,,,,,,,,,N,3,0,2,5,C,-,18,,,N,G,B,D,A,H,-,A,D,0,Y,,,,Y,,-,"- ",0,1,1,0,2,0,0,0,0,"- ","- ",,,MONTEREY,GREENFIELD,-121.23672000000001,36.328990019999999
8512967,2017,2018-01-12,2706,2017-12-04,1446,716,2706,1,5,4,2706,0,0,0,,0,002,"FIGUEROA ST","PEARL ST",0.00,,Y,A,-,N,,,,,,,,,,Y,4,0,1,2,A,-,09,21802,A,N,D,C,A,A,H,-,A,A,0,,,,,Y,,A,01,0,0,1,0,0,0,0,0,0,"- ","- ",,,MONTEREY,MONTEREY,-121.89042987000001,36.598010039999998
8513457,2017,2018-02-16,2710,2017-11-26,1529,38145,,7,5,4,2710,0,0,0,,0,002,"FREMONT BL","FREMONT BL 1600",0.00,,-,A,-,N,,,,,,,,,,N,3,0,1,2,A,-,09,21804,A,N,D,G,A,A,H,-,A,D,0,,Y,,,Y,,A,,0,1,0,0,0,0,1,0,0,"- ","- ",,,MONTEREY,SEASIDE,,
8513543,2018,2018-02-07,2712,2018-01-01,1705,062,2712,1,5,3,2712,0,0,0,,0,001,"RESERVATION RD","VISTA DEL CAMINO AV",0.00,,Y,A,-,N,,,,,,,,,,Y,4,0,1,2,D,-,00,,,N,D,C,A,A,H,-,A,A,0,,,,,Y,,-,"- ",0,0,1,0,0,0,0,0,0,"- ","- ",,,MONTEREY,MARINA,,
8513560,2017,2018-02-08,2708,2017-11-17,1534,31968,,5,5,6,2708,0,0,0,,0,001,"N MAIN","BORONDA RD",30.00,N,N,A,-,N,,,,,,,,,,N,4,0,2,2,A,-,21,22106,,N,C,C,A,A,H,-,A,A,0,,,,,Y,,-,,0,0,2,0,0,0,0,0,0,"- ","- ",,,MONTEREY,SALINAS,-121.65624278,36.721701770000003
8513616,2017,2018-02-13,2708,2017-12-01,1757,59034,,5,5,6,2708,0,0,0,,0,012,"E ALISAL ST","E ALISAL RD",0.00,,Y,A,-,N,,,,,,,,,,Y,3,0,2,2,A,-,09,21801,A,N,D,C,A,A,H,-,C,D,0,,,,,Y,,J,48,0,1,1,0,0,0,0,0,0,"- ","- ",,,MONTEREY,SALINAS,-121.60112986999999,36.672960070000002
8513946,2017,2018-02-17,2710,2017-12-08,2157,40401,MARIN,5,5,4,2710,0,0,0,,0,,"FREMONT BL","FREMONT BL 1500",0.00,,N,A,-,N,,,,,,,,,,Y,4,0,1,2,A,-,08,22107,,N,B,C,A,A,H,-,C,D,0,,,,,Y,,A,01,0,0,1,0,0,0,0,0,0,"- ","- ",,,MONTEREY,SEASIDE,,
90822852,2018,2018-09-27,9730,2018-09-20,0600,015160,,4,1,9,2700,0,2,4,,1,075,"SAN JUAN ROAD","ALLISON ROAD",3696.00,E,N,A,-,N,,,,,,,,,,Y,4,0,1,2,A,-,03,22350,,N,C,C,A,A,H,-,D,D,0,,,,Y,Y,,G,75,0,0,1,0,0,0,0,0,0,"- ","- ",36.904041290283203,-121.72281646728516,MONTEREY,UNINCORPORATED,-121.72355651855469,36.904109954833984
90822893,2018,2018-09-27,9735,2018-09-22,1222,019700,,6,1,9,2700,0,1,2,,2,042,"US-101 NORTHBOUND",SR-198,2640.00,N,N,A,-,Y,,,101,,,,,,N,Y,3,0,1,1,A,-,08,22107,,N,F,A,A,A,H,-,A,D,0,,,,,Y,,A,07,0,1,0,0,0,0,0,0,0,"- ","- ",36.13214111328125,-121.03012847900391,MONTEREY,UNINCORPORATED,-121.0301513671875,36.132125854492188
90824286,2018,2018-09-28,9730,2018-09-20,1730,022129,,4,2,9,2700,0,1,2,,1,030,"US-101 N/B",SR-146,1584.00,S,N,A,-,Y,,,101,,,,,,N,N,4,0,1,2,A,-,03,22350,,N,C,C,A,A,H,-,A,D,0,,,,,Y,,A,01,0,0,1,0,0,0,0,0,0,"- ","- ",36.414989471435547,-121.32082366943359,MONTEREY,UNINCORPORATED,-121.32093811035156,36.414951324462891
90824474,2018,2018-09-28,9730,2018-08-14,0625,020208,,2,1,9,2700,0,1,3,,1,074,"SR-1 SOUTHBOUND","JENSEN ROAD",775.00,N,N,B,-,Y,,,1,,,,,,S,Y,1,1,3,3,A,-,03,22350,,N,C,C,A,B,H,-,B,D,0,,,,,Y,,A,01,1,0,2,0,0,0,0,0,0,"- ","- ",36.855991363525391,-121.77114105224609,MONTEREY,UNINCORPORATED,-121.77111053466797,36.855991363525391
90824641,2018,2018-09-28,9730,2018-09-20,1545,022129,,4,2,6,2708,0,1,2,,1,050,"US-101 N/B","SANBORN ROAD",1584.00,N,N,A,-,Y,,,101,,,,,,N,Y,4,0,1,5,A,-,03,22350,,N,C,C,A,A,H,-,A,D,0,,,,,Y,,A,01,0,0,1,0,0,0,0,0,0,"- ","- ",36.668350219726562,-121.63333129882812,MONTEREY,SALINAS,-121.63331604003906,36.668411254882812