CASE_ID,ACCIDENT_YEAR,PROC_DATE,JURIS,COLLISION_DATE,COLLISION_TIME,OFFICER_ID,REPORTING_DISTRICT,DAY_OF_WEEK,CHP_SHIFT,POPULATION,CNTY_CITY_LOC,SPECIAL_COND,BEAT_TYPE,CHP_BEAT_TYPE,CITY_DIVISION_LAPD,CHP_BEAT_CLASS,BEAT_NUMBER,PRIMARY_RD,SECONDARY_RD,DISTANCE,DIRECTION,INTERSECTION,WEATHER_1,WEATHER_2,STATE_HWY_IND,CALTRANS_COUNTY,CALTRANS_DISTRICT,STATE_ROUTE,ROUTE_SUFFIX,POSTMILE_PREFIX,POSTMILE,LOCATION_TYPE,RAMP_INTERSECTION,SIDE_OF_HWY,TOW_AWAY,COLLISION_SEVERITY,NUMBER_KILLED,NUMBER_INJURED,PARTY_COUNT,PRIMARY_COLL_FACTOR,PCF_CODE_OF_VIOL,PCF_VIOL_CATEGORY,PCF_VIOLATION,PCF_VIOL_SUBSECTION,HIT_AND_RUN,TYPE_OF_COLLISION,MVIW,PED_ACTION,ROAD_SURFACE,ROAD_COND_1,ROAD_COND_2,LIGHTING,CONTROL_DEVICE,CHP_ROAD_TYPE,PEDESTRIAN_ACCIDENT,BICYCLE_ACCIDENT,MOTORCYCLE_ACCIDENT,TRUCK_ACCIDENT,NOT_PRIVATE_PROPERTY,ALCOHOL_INVOLVED,STWD_VEHTYPE_AT_FAULT,CHP_VEHTYPE_AT_FAULT,COUNT_SEVERE_INJ,COUNT_VISIBLE_INJ,COUNT_COMPLAINT_PAIN,COUNT_PED_KILLED,COUNT_PED_INJURED,COUNT_BICYCLIST_KILLED,COUNT_BICYCLIST_INJURED,COUNT_MC_KILLED,COUNT_MC_INJURED,PRIMARY_RAMP,SECONDARY_RAMP,LATITUDE,LONGITUDE,COUNTY,CITY,POINT_X,POINT_Y
90825304,2018,2018-10-01,9730,2018-09-20,1336,019770,,4,1,9,2700,0,2,4,,1,075,"SAN JUAN ROAD","SAN MIGUEL CANYON ROAD",92.00,E,N,A,-,N,,,,,,,,,,Y,4,0,2,2,A,-,03,22350,,N,C,C,A,A,H,-,A,A,0,,,,,Y,,D,22,0,0,2,0,0,0,0,0,0,"- ","- ",36.899898529052734,-121.69020080566406,MONTEREY,UNINCORPORATED,-121.69029235839844,36.89996337890625
90825364,2018,2018-10-01,9730,2018-09-20,0718,022092,,4,1,9,2700,0,1,3,,1,074,"SR-1 (CABRILLO HIGHWAY)","MOLERA ROAD",1056.00,N,N,A,-,Y,,,1,,,,,,,Y,3,0,1,1,A,-,08,22107,,N,F,A,A,A,H,-,A,D,0,,,,,Y,,A,01,0,1,0,0,0,0,0,0,0,"- ","- ",36.781990051269531,-121.77919006347656,MONTEREY,UNINCORPORATED,-121.77933502197266,36.781845092773438
90825443,2018,2018-10-01,9730,2018-09-22,1635,019529,,6,2,9,2700,0,1,3,,2,062,"STATE ROUTE 1 (NORTHBOUND)","STATE ROUTE 218",350.00,S,N,A,-,Y,,,,,,,,,,N,4,0,1,2,A,-,03,22350,,N,C,C,A,A,H,-,A,D,0,,,,,Y,,A,01,0,0,1,0,0,0,0,0,0,"- ","- ",36.607868194580078,-121.8604736328125,MONTEREY,UNINCORPORATED,,
90825473,2018,2018-10-01,9730,2018-09-23,0311,021856,,7,3,9,2700,0,3,5,,2,004,"ALISAL ROAD","HARTNELL ROAD",1584.00,N,N,E,-,N,,,,,,,,,,Y,3,0,1,1,A,-,01,23152,A,N,F,I,A,A,H,-,D,D,0,,,,,Y,Y,A,07,0,1,0,0,0,0,0,0,0,"- ","- ",36.648960113525391,-121.57981872558594,MONTEREY,UNINCORPORATED,-121.57991790771484,36.648918151855469
90825563,2018,2018-10-01,9730,2018-09-22,0200,021396,,6,3,9,2700,0,1,2,,1,070,"S/B US-101","SR-156 W/B",1029.00,N,N,A,-,Y,,,101,,,,,,,Y,3,0,1,2,A,-,01,23152,A,F,C,C,A,A,H,-,C,D,0,,,,,Y,Y,A,01,0,1,0,0,0,0,0,0,0,"- ","- ",36.791858673095703,-121.66731262207031,MONTEREY,UNINCORPORATED,-121.66717529296875,36.791831970214844
90825577,2018,2018-10-01,9730,2018-09-21,0946,019569,,5,1,9,2700,0,1,3,,1,022,"SR-1 N/B","CARPENTER ST",45.00,N,N,A,-,Y,,,1,,,,,,N,N,4,0,1,2,A,-,21,22106,,N,C,C,A,A,H,-,A,D,0,,,,,Y,,D,22,0,0,1,0,0,0,0,0,0,"- ","- ",36.566791534423828,-121.91288757324219,MONTEREY,UNINCORPORATED,-121.91300201416016,36.566791534423828
8515022,2017,2017-12-16,2706,2017-12-02,1319,410,MPD,6,5,4,2706,0,0,0,,0,001,"LIGHTHOUSE AV","FOAM ST",0.00,,Y,A,-,N,,,,,,,,,,N,4,0,1,2,A,-,08,22107,,F,B,C,A,A,H,-,A,D,0,,,,,Y,Y,A,07,0,0,1,0,0,0,0,0,0,"- ","- ",,,MONTEREY,MONTEREY,-121.89559988000001,36.607770039999998
8515069,2017,2018-06-19,2708,2017-11-30,1640,12507,,4,5,6,2708,0,0,0,,0,007,"WEST MARKET ST","CLARK ST",141.00,E,N,A,-,Y,MON,5,183,-,-,1.720,H,-,N,N,4,0,1,2,A,-,09,21804,A,N,D,C,A,A,H,-,B,D,0,,,,,Y,,A,01,0,0,1,0,0,0,0,0,0,"- ","- ",,,MONTEREY,SALINAS,-121.67140928000001,36.683499679999997
8515077,2017,2018-06-07,2708,2017-11-05,1412,79223,,7,5,6,2708,0,0,0,,0,,"EAST BORONDA RD",MCKINNON,400.00,E,N,A,-,N,,,,,,,,,,Y,4,0,2,2,A,-,03,22350,,N,C,C,A,A,H,-,A,D,0,,,,,Y,,-,,0,0,2,0,0,0,0,0,0,"- ","- ",,,MONTEREY,SALINAS,-121.64232111,36.716856679999999
8515089,2017,2018-06-19,2708,2017-11-06,1337,49021,,1,5,6,2708,0,0,0,,0,007,"SOUTH MAIN ST","ROMIE LN",0.00,,Y,A,-,Y,MON,5,68,-,-,20.490,I,5,E,N,4,0,1,2,A,-,10,21950,A,N,G,B,B,A,H,-,A,A,0,Y,,,,Y,,-,,0,0,1,0,1,0,0,0,0,"- ","- ",,,MONTEREY,SALINAS,-121.65771488999999,36.662860019999997
8515093,2017,2018-06-19,2708,2017-11-07,1511,34273,,2,5,6,2708,0,0,0,,0,007,"SOUTH MAIN ST","JOHN ST",0.00,,Y,A,-,Y,MON,5,68,-,-,21.074,I,5,E,N,4,0,1,2,A,-,12,21453,A,N,D,C,A,A,H,-,A,A,0,,,,,Y,,A,01,0,0,1,0,0,0,0,0,0,"- ","- ",,,MONTEREY,SALINAS,-121.65481692,36.671073319999998
8515101,2017,2018-06-19,2707,2017-11-17,0747,2215,2707,5,5,3,2707,0,0,0,,0,001,"FOREST AV","SUNSET DR",0.00,S,N,A,-,Y,MON,5,68,-,-,1.070,H,-,E,N,4,0,1,2,A,-,09,21804,A,N,D,G,A,B,H,-,A,D,0,,Y,,,Y,,A,01,0,0,1,0,0,0,1,0,0,"- ","- ",,,MONTEREY,"PACIFIC GROVE",-121.92328412000001,36.610952619999999
8515117,2017,2018-06-20,2708,2017-10-27,0903,52823,,5,5,6,2708,0,0,0,,0,,"NORTH MAIN ST","WEST MENKE ST",90.00,S,N,A,-,Y,MON,5,183,-,-,0.360,H,-,S,N,4,0,1,2,A,-,03,22350,,N,C,C,A,A,H,-,A,D,0,,,,,Y,,-,,0,0,1,0,0,0,0,0,0,"- ","- ",,,MONTEREY,SALINAS,-121.65371834,36.681784880000002
8515128,2017,2018-06-01,2708,2017-09-18,1002,49532,SALIN,1,5,6,2708,0,0,0,,0,008,"WEST MARKET ST","LINCOLN AV",150.00,E,N,A,-,Y,MON,5,183,-,-,0.850,I,5,N,Y,3,0,3,2,A,-,05,21460,C,N,B,C,A,A,H,-,A,A,0,,,,,Y,,-,,0,1,2,0,0,0,0,0,0,"- ","- ",,,MONTEREY,SALINAS,-121.65857564,36.678528540000002
8515404,2017,2017-12-27,2708,2017-11-10,0857,53991,,5,5,6,2708,0,0,0,,0,007,"WEST BLANCO","SAN VINCENTE",0.00,,Y,A,-,N,,,,,,,,,,Y,4,0,2,2,A,-,09,21801,A,N,D,C,A,A,H,-,A,A,0,,,,,Y,,-,,0,0,2,0,0,0,0,0,0,"- ","- ",,,MONTEREY,SALINAS,-121.67198999,36.662040050000002
8516353,2017,2018-01-31,2710,2017-10-25,1355,33762,,3,5,4,2710,0,0,0,,0,02A,"FREMONT BL","ECHO AV",70.00,N,N,A,-,N,,,,,,,,,,N,4,0,1,2,A,-,03,22350,,N,C,C,A,A,H,-,A,D,0,,,,,Y,,A,01,0,0,1,0,0,0,0,0,0,"- ","- ",,,MONTEREY,SEASIDE,-121.84292751,36.61417728
8516357,2017,2018-07-06,2710,2017-10-14,1429,36059,MARIN,6,5,4,2710,0,0,0,,0,,"RT 1","CANYON DEL REY BL",0.00,,Y,A,-,Y,MON,5,1,-,R,79.240,R,4,N,N,3,0,1,2,A,-,05,21650,,N,H,G,A,A,-,-,A,A,0,,Y,,,Y,,L,04,0,1,0,0,0,0,1,0,0,"- ","- ",,,MONTEREY,SEASIDE,-121.8592852,36.609160580000001
8516361,2017,2017-12-28,2710,2017-10-03,2015,40392,SALIN,2,5,4,2710,0,0,0,,0,01A,"PLAYA AV","FREMONT BL",0.00,,Y,A,-,N,,,,,,,,,,Y,4,0,1,2,A,-,12,21453,A,F,A,C,A,A,H,-,C,A,0,,,,,Y,Y,A,01,0,0,1,0,0,0,0,0,0,"- ","- ",,,MONTEREY,SEASIDE,-121.84116993000001,36.61800006
90826206,2018,2018-10-02,9730,2018-09-24,0515,018886,,1,3,9,2700,0,3,5,,2,003,"ABBOTT STREET",US-101,1500.00,N,N,B,-,N,,,,,,,,,,Y,3,0,1,2,A,-,05,21460,A,N,B,C,A,A,H,-,D,D,0,,,,Y,Y,,A,01,0,1,0,0,0,0,0,0,0,"- ","- ",36.628570556640625,-121.59040832519531,MONTEREY,UNINCORPORATED,-121.59060668945312,36.628822326660156
90827621,2018,2018-10-03,9730,2018-09-22,1649,021794,,6,2,9,2700,0,3,5,,2,007,"ELKHORN ROAD","BAYVIEW ROAD",290.00,S,N,B,-,N,,,,,,,,,,Y,2,0,3,2,A,-,01,23152,A,N,E,I,A,A,H,-,A,D,0,,,,,Y,Y,A,01,2,0,1,0,0,0,0,0,0,"- ","- ",36.806270599365234,-121.72280883789062,MONTEREY,UNINCORPORATED,-121.72287750244141,36.806282043457031
90828138,2018,2018-10-03,9735,2018-09-25,1545,019965,,2,2,9,2700,0,1,3,,1,034,SR-198,"MAIN ST.",2640.00,E,N,A,-,Y,,,198,,,,,,,Y,3,0,2,1,A,-,08,22107,,N,F,A,A,A,H,-,A,D,0,,,,Y,Y,,G,25,0,2,0,0,0,0,0,0,0,"- ","- ",36.132228851318359,-121.01164245605469,MONTEREY,UNINCORPORATED,-121.01165008544922,36.132228851318359
90828181,2018,2018-10-04,9730,2018-09-27,1500,014800,,4,2,9,2700,0,3,5,,2,005,"ESPINOSA ROAD","HARRISON ROAD",75.00,W,N,A,-,N,,,,,,,,,,N,4,0,1,2,A,-,01,23152,A,N,B,C,A,A,H,-,A,D,0,,,,,Y,Y,M,47,0,0,1,0,0,0,0,0,0,"- ","- ",36.734500885009766,-121.65640258789062,MONTEREY,UNINCORPORATED,-121.65644836425781,36.734504699707031
90828633,2018,2018-10-04,9735,2018-09-27,0620,019700,,4,1,9,2700,0,3,5,,2,002,"INTERLAKE ROAD","BRYSON HESPERIA RD",10560.00,S,N,A,-,N,,,,,,,,,,Y,4,0,1,1,A,-,08,22107,,N,E,I,A,A,H,-,D,D,0,,,,,Y,,A,01,0,0,1,0,0,0,0,0,0,"- ","- ",35.820571899414062,-121.00901031494141,MONTEREY,UNINCORPORATED,-121.01003265380859,35.821296691894531
90829090,2018,2018-10-04,9730,2018-09-28,1104,019569,,5,1,4,2706,0,1,3,,1,022,"SR-1 N/B","OCEAN AVE",56.00,N,N,A,-,Y,,,,,,,,,,N,3,0,1,1,A,-,03,22350,,N,F,A,A,A,H,-,A,D,0,,,Y,,Y,,C,02,0,1,0,0,0,0,0,0,1,"- ","- ",36.556419372558594,-121.91111755371094,MONTEREY,MONTEREY,-121.88023376464844,36.599231719970703
90829094,2018,2018-10-04,9730,2018-09-28,0545,016537,,5,3,9,2700,0,3,5,,2,004,"OLD STAGE RD.","ZABALA RD.",0.00,,Y,B,-,N,,,,,,,,,,Y,2,0,2,2,A,-,12,22450,A,N,D,C,A,A,H,-,D,A,0,,,,,Y,,A,01,1,1,0,0,0,0,0,0,0,"- ","- ",36.665481567382812,-121.55001068115234,MONTEREY,UNINCORPORATED,-121.55007934570312,36.665500640869141
90829154,2018,2018-10-04,9730,2018-09-25,2015,022151,,2,2,9,2700,0,1,2,,1,050,"US-101 N/B","SPENCE RD",0.00,,Y,A,-,Y,,,101,,,,,,N,Y,3,0,2,3,A,-,09,21801,A,N,D,C,A,A,H,-,D,D,0,,,,Y,Y,,G,25,0,1,1,0,0,0,0,0,0,"- ","- ",36.612930297851562,-121.56712341308594,MONTEREY,UNINCORPORATED,-121.56710815429688,36.612945556640625
90829207,2018,2018-11-05,9730,2018-09-28,2030,019100,,5,2,9,2700,0,2,4,,1,073,"ECHO VALLEY ROAD","SAN MIGUEL CANYON ROAD",0.00,,Y,A,-,N,,,,,,,,,,N,4,0,1,2,A,-,09,21802,A,N,D,C,A,A,H,-,D,A,0,,,,,Y,,D,22,0,0,1,0,0,0,0,0,0,"- ","- ",36.491840362548828,-121.40241241455078,MONTEREY,UNINCORPORATED,-121.67346954345703,36.821659088134766
90829220,2018,2018-10-04,9730,2018-10-02,1450,019529,,2,2,9,2700,0,1,2,,1,030,"UNITED STATE 101 (NORTHBOUND)","CHULAR RIVER ROAD",500.00,N,N,A,-,Y,,,,,,,,,,Y,3,0,2,2,A,-,03,22350,,N,C,C,A,A,H,-,A,D,0,,,,,Y,,A,01,0,2,0,0,0,0,0,0,0,"- ","- ",36.571041107177734,-121.5194091796875,MONTEREY,UNINCORPORATED,,
90829221,2018,2018-10-04,9730,2018-09-29,1630,019529,,6,2,9,2700,0,3,5,,2,002,"CACHAGUA RD.","TASSAJARA RD.",5280.00,W,N,A,-,N,,,,,,,,,,Y,3,0,1,1,A,-,08,22107,,N,E,I,A,A,H,-,A,D,0,,,,,Y,,A,01,0,1,0,0,0,0,0,0,0,"- ","- ",36.391910552978516,-121.60076904296875,MONTEREY,UNINCORPORATED,-121.6083984375,36.393379211425781
90829223,2018,2018-10-04,9730,2018-10-02,2000,019529,,2,2,9,2700,0,3,5,,2,003,"FOLETTA ROAD","ALTA STREET",100.00,W,N,A,-,N,,,,,,,,,,Y,2,0,1,1,A,-,08,22107,,N,A,J,A,A,H,-,D,D,0,,,,,Y,,A,01,1,0,0,0,0,0,0,0,0,"- ","- ",36.523399353027344,-121.46640014648438,MONTEREY,UNINCORPORATED,-121.46620178222656,36.523422241210938
90829765,2018,2018-10-05,9730,2018-09-28,0454,022129,,5,3,9,2700,0,3,5,,2,007,"MERIDIAN ROAD","ARCHER ROAD",1056.00,E,N,B,-,N,,,,,,,,,,Y,4,0,1,1,A,-,03,22350,,N,F,A,A,B,H,-,D,D,0,,,,,Y,,D,22,0,0,1,0,0,0,0,0,0,"- ","- ",36.788898468017578,-121.69699859619141,MONTEREY,UNINCORPORATED,-121.69795989990234,36.788932800292969
90830035,2018,2018-10-05,9730,2018-09-27,0605,015160,,4,1,9,2700,0,2,4,,1,073,"SAN MIGUEL CANYON ROAD","STRONG CIRCLE",0.00,,Y,E,-,N,,,,,,,,,,Y,4,0,1,1,C,-,18,,,N,E,H,A,A,H,-,D,D,0,,,,,Y,,-,"- ",0,0,1,0,0,0,0,0,0,"- ","- ",36.836490631103516,-121.68303680419922,MONTEREY,UNINCORPORATED,-121.68305206298828,36.836471557617188
90830435,2018,2018-10-08,9730,2018-09-25,1950,022047,,2,2,9,2700,0,3,5,,2,004,"E. ALISAL RD","SCONEBERG PKWY",528.00,S,N,A,-,N,,,,,,,,,,Y,3,0,4,3,A,-,08,22107,,N,B,C,A,A,H,-,D,D,0,,,,,Y,,A,01,0,1,3,0,0,0,0,0,0,"- ","- ",36.669040679931641,-121.59773254394531,MONTEREY,UNINCORPORATED,-121.59969329833984,36.671287536621094
90830484,2018,2018-10-08,9730,2018-09-28,0806,016666,,5,1,9,2700,0,1,3,,1,068,SR-68,"TORERO ROAD",0.00,,Y,A,-,Y,,,68,,,,,,,Y,4,0,1,2,A,-,06,21755,,N,D,C,A,A,H,-,A,D,0,,,Y,,Y,,C,02,0,0,1,0,0,0,0,0,1,"- ","- ",36.593601226806641,-121.70449829101562,MONTEREY,UNINCORPORATED,-121.70452117919922,36.593624114990234
90830494,2018,2018-10-08,9730,2018-09-30,1348,021407,,7,1,9,2700,0,1,3,,1,068,SR-68,"A ROAD",0.00,,Y,A,-,Y,,,68,,,,,,,Y,4,0,2,2,A,-,08,22107,,N,D,C,A,A,H,-,A,A,0,,,,,Y,,A,01,0,0,2,0,0,0,0,0,0,"- ","- ",36.570301055908203,-121.76180267333984,MONTEREY,UNINCORPORATED,-121.76179504394531,36.570404052734375
90830501,2018,2018-10-08,9730,2018-09-29,2250,022039,,6,3,9,2700,0,1,2,,1,050,"S/B US-101","MARKET STREET",150.00,S,N,A,-,Y,,,,,,,,,,N,4,0,1,2,A,-,00,21960,A,N,G,B,E,A,H,-,D,D,0,Y,,,,Y,,N,60,0,0,1,0,1,0,0,0,0,"- ","- ",36.677459716796875,-121.641357421875,MONTEREY,UNINCORPORATED,,
90830507,2018,2018-10-08,9730,2018-09-29,2045,020990,,6,2,9,2700,0,3,5,,2,004,"ALISAL ROAD","FUJI LANE",570.00,E,N,A,-,N,,,,,,,,,,Y,3,0,1,1,A,-,01,23152,A,N,F,A,A,A,H,-,D,D,0,,,,,Y,Y,A,07,0,1,0,0,0,0,0,0,0,"- ","- ",36.630859375,-121.54268646240234,MONTEREY,UNINCORPORATED,-121.56390380859375,36.638214111328125
90830891,2018,2018-10-08,9730,2018-09-28,2110,020990,,5,2,9,2700,0,1,3,,1,072,"SR-156 EASTBOUND","MONTE DEL LAGO",500.00,E,N,A,-,Y,,,156,,,,,,E,Y,3,0,1,1,C,-,18,,,N,H,A,A,A,H,-,D,D,0,,,Y,,Y,,-,"- ",0,1,0,0,0,0,0,0,1,"- ","- ",36.771739959716797,-121.731689453125,MONTEREY,UNINCORPORATED,-121.73169708251953,36.771774291992188
90831392,2018,2018-10-09,9730,2018-10-07,0133,022129,,7,3,9,2700,0,1,3,,1,012,SR-1,"MILEPOST MARKER SR-1 14.00",2112.00,S,N,A,-,Y,,,1,,,,,,,Y,2,0,2,2,A,-,05,21650,,N,A,C,A,A,H,-,D,D,0,,,,,Y,,A,01,2,0,0,0,0,0,0,0,0,"- ","- ",35.931259155273438,-121.46853637695312,MONTEREY,UNINCORPORATED,-121.46858215332031,35.931247711181641
90831424,2018,2018-10-09,9730,2018-09-30,1807,020931,,7,2,6,2708,0,1,3,,1,072,SR-156,"CASTROVILLE BLVD",4224.00,E,N,B,-,Y,,,,,,,,,,Y,3,0,5,3,A,-,01,23152,A,N,C,C,A,A,H,-,A,D,0,,,,,Y,Y,A,07,0,3,2,0,0,0,0,0,0,"- ","- ",36.772178649902344,-121.73026275634766,MONTEREY,SALINAS,-121.74722290039062,36.76654052734375
8516370,2017,2018-01-04,2710,2017-10-03,1617,34127,,2,5,4,2710,0,0,0,,0,003,"BROADWAY AV","SANTA BARBARA ST",188.00,W,N,A,-,N,,,,,,,,,,Y,4,0,1,3,A,-,08,22107,,F,B,E,A,A,D,E,A,D,0,,,,,Y,,D,22,0,0,1,0,0,0,0,0,0,"- ","- ",,,MONTEREY,SEASIDE,-121.84660033999999,36.60919663
8516470,2017,2018-01-31,2710,2017-10-30,0208,40386,MARIN,1,5,4,2710,0,0,0,,0,011,"FREMONT BL","ECHO AV",0.00,S,N,C,E,N,,,,,,,,,,Y,3,0,1,1,A,-,01,23152,,N,F,I,A,B,H,-,C,A,0,,,,,Y,Y,A,01,0,1,0,0,0,0,0,0,0,"- ","- ",,,MONTEREY,SEASIDE,-121.84302,36.614000109999999
8516474,2017,2017-12-28,2710,2017-10-31,1654,32771,,2,5,4,2710,0,0,0,,0,002,"FREMONT BL","ORD GROVE AV",10.00,S,N,A,-,N,,,,,,,,,,N,3,0,1,2,A,-,10,21950,A,N,G,B,B,A,H,-,A,A,0,Y,,,,Y,,A,01,0,1,0,0,1,0,0,0,0,"- ","- ",,,MONTEREY,SEASIDE,-121.8407052,36.619282849999998
8516478,2017,2017-12-28,2710,2017-10-30,1818,36059,MARIN,1,5,4,2710,0,0,0,,0,,"FREMONT BL","MONTEREY RD",156.00,N,N,A,-,N,,,,,,,,,,N,4,0,1,2,A,-,03,22350,,N,C,C,A,A,H,-,C,A,0,,,,,Y,,-,,0,0,1,0,0,0,0,0,0,"- ","- ",,,MONTEREY,SEASIDE,-121.84124966,36.62417705
8517882,2017,2017-12-20,2712,2017-12-04,0836,1088,2712,1,5,3,2712,0,0,0,,0,001,"IMJIN PW","PRESTON AV",101.00,N,N,A,-,N,,,,,,,,,,Y,4,0,1,2,A,-,03,22350,,N,C,C,A,A,H,-,A,D,0,,,,,Y,,A,08,0,0,1,0,0,0,0,0,0,"- ","- ",,,MONTEREY,MARINA,-121.77023386,36.668395519999997
8522572,2017,2018-01-11,2706,2017-12-22,1721,716,2706,5,5,4,2706,0,0,0,,0,003,"NORTH FREMONT ST","CASA VERDE WY",0.00,,Y,A,-,N,,,,,,,,,,N,4,0,1,2,A,-,01,23153,A,N,C,C,A,A,H,-,C,A,0,,,,,Y,Y,D,22,0,0,1,0,0,0,0,0,0,"- ","- ",,,MONTEREY,MONTEREY,-121.86268996,36.59621009
8523086,2017,2018-01-11,2706,2017-12-19,2134,519,MPD,2,5,4,2706,0,0,0,,0,002,"SHADY LN","TOYON DR",43.00,W,N,A,-,N,,,,,,,,,,Y,3,0,1,1,A,-,17,22517,,N,E,I,A,A,H,-,C,D,0,,,,,Y,Y,A,01,0,1,0,0,0,0,0,0,0,"- ","- ",,,MONTEREY,MONTEREY,-121.91346498,36.589277559999999
8523090,2017,2018-01-11,2706,2017-12-14,1516,117,MPD,4,5,4,2706,0,0,0,,0,002,"SOLEDAD DR","MUNRAS AV",60.00,E,N,A,-,N,,,,,,,,,,N,4,0,1,2,A,-,03,22350,,N,C,C,A,A,H,-,A,D,0,,,,,Y,,A,08,0,0,1,0,0,0,0,0,0,"- ","- ",,,MONTEREY,MONTEREY,-121.90169708000001,36.583260439999997
8523094,2017,2018-01-26,2706,2017-12-06,1324,114,MPD,3,5,4,2706,0,0,0,,0,002,"FREMONT ST","CAMINO AGUAJITO",90.00,W,N,A,-,N,,,,,,,,,,N,4,0,1,2,A,-,07,21658,A,N,D,C,A,A,H,-,A,D,0,,,,,Y,,A,01,0,0,1,0,0,0,0,0,0,"- ","- ",,,MONTEREY,MONTEREY,-121.88279678000001,36.593822230000001
8523098,2017,2018-01-11,2706,2017-12-19,2249,608,,2,5,4,2706,0,0,0,,0,001,"DAVID AV","LIGHTHOUSE AV",0.00,,Y,B,-,N,,,,,,,,,,N,4,0,1,2,A,-,10,21950,A,N,G,B,B,A,H,-,C,A,0,Y,,,,Y,Y,A,01,0,0,1,0,1,0,0,0,0,"- ","- ",,,MONTEREY,MONTEREY,-121.90446993,36.616790039999998
8528468,2017,2018-01-23,2703,2017-12-19,0053,4989,2703,2,5,2,2703,0,0,0,,0,ALL,"5TH ST","CENTER ST",0.00,,N,A,-,N,,,,,,,,,,N,3,0,1,2,A,-,00,2800,2,N,C,J,A,A,H,-,D,D,0,,,Y,,Y,,C,02,0,1,0,0,0,0,0,0,1,"- ","- ",,,MONTEREY,GONZALES,-121.44382994999999,36.508860030000001
8529723,2017,2018-02-20,2710,2017-11-03,0954,10397,,5,5,4,2710,0,0,0,,0,001,"SONOMA AV","SONOMA AV 1120",0.00,,-,A,-,N,,,,,,,,,,Y,3,0,1,2,A,-,01,23152,A,N,A,E,A,A,H,-,A,D,0,,,,,Y,,A,01,0,1,0,0,0,0,0,0,0,"- ","- ",,,MONTEREY,SEASIDE,,
90831447,2018,2018-10-09,9730,2018-09-30,1331,017184,,7,1,9,2700,0,1,3,,1,014,SR-1,"SHELL GAS STATION (NORTH RD)",92.00,N,N,A,-,Y,,,1,,,,,,,Y,4,0,1,2,A,-,09,21804,A,N,F,A,A,A,H,-,A,A,0,,,Y,,Y,,A,07,0,0,1,0,0,0,0,0,1,"- ","- ",36.235908508300781,-121.76862335205078,MONTEREY,UNINCORPORATED,-121.76863861083984,36.235897064208984
90831457,2018,2018-10-09,9730,2018-09-30,0943,020598,,7,1,9,2700,0,1,3,,1,066,"MERRITT STREET","SALINAS ROAD",15.00,N,N,A,-,Y,,,,,,,,,,N,2,0,1,2,C,-,18,,,N,C,C,A,A,H,-,A,A,0,,,,,Y,,-,"- ",1,0,0,0,0,0,0,0,0,"- ","- ",36.761699676513672,-121.75270080566406,MONTEREY,UNINCORPORATED,-121.75287628173828,36.761909484863281
90831470,2018,2018-10-09,9730,2018-09-29,2234,020933,,6,3,9,2700,0,1,3,,2,062,"SR-1 N/B","SOLEDAD DR U/C",40.00,S,N,A,-,Y,,,,,,,,,,Y,3,0,1,1,A,-,01,23152,A,N,E,J,A,A,H,-,D,D,0,,,,,Y,Y,A,07,0,1,0,0,0,0,0,0,0,"- ","- ",36.581901550292969,-121.89978790283203,MONTEREY,UNINCORPORATED,-121.89965057373047,36.581890106201172
90831778,2018,2018-11-07,9730,2018-08-05,1330,021794,,7,1,9,2700,0,3,5,,2,006,"MOLERA ROAD","ARTICHOKE LANE",400.00,W,N,A,-,N,,,,,,,,,,Y,1,1,0,2,A,-,03,22350,,N,C,C,A,A,H,-,A,D,0,,,Y,,Y,,C,02,0,0,0,0,0,0,0,1,0,"- ","- ",36.748260498046875,-121.77403259277344,MONTEREY,UNINCORPORATED,-121.77389526367188,36.748134613037109
90831819,2018,2018-10-09,9730,2018-08-08,0425,020701,,3,3,9,2700,0,3,5,,2,005,"SAN JUAN GRADE ROAD","HEBERT ROAD",74.00,N,N,E,-,N,,,,,,,,,,Y,1,1,1,2,A,-,01,23152,A,N,C,C,A,A,H,-,D,D,0,,,,,Y,Y,A,01,0,1,0,0,0,0,0,0,0,"- ","- ",36.759761810302734,-121.61553955078125,MONTEREY,UNINCORPORATED,-121.61558532714844,36.759754180908203
90832466,2018,2018-10-10,9730,2018-09-28,2330,021888,,5,3,9,2700,0,2,4,,1,075,"SAN JUAN ROAD","ALLISON STREET",4224.00,E,N,A,-,N,,,,,,,,,,Y,4,0,1,1,A,-,08,22107,,F,E,A,A,A,H,-,D,D,0,,,,,Y,,A,01,0,0,1,0,0,0,0,0,0,"- ","- ",36.904098510742188,-121.72229766845703,MONTEREY,UNINCORPORATED,-121.72174835205078,36.904090881347656