CASE_ID,ACCIDENT_YEAR,PROC_DATE,JURIS,COLLISION_DATE,COLLISION_TIME,OFFICER_ID,REPORTING_DISTRICT,DAY_OF_WEEK,CHP_SHIFT,POPULATION,CNTY_CITY_LOC,SPECIAL_COND,BEAT_TYPE,CHP_BEAT_TYPE,CITY_DIVISION_LAPD,CHP_BEAT_CLASS,BEAT_NUMBER,PRIMARY_RD,SECONDARY_RD,DISTANCE,DIRECTION,INTERSECTION,WEATHER_1,WEATHER_2,STATE_HWY_IND,CALTRANS_COUNTY,CALTRANS_DISTRICT,STATE_ROUTE,ROUTE_SUFFIX,POSTMILE_PREFIX,POSTMILE,LOCATION_TYPE,RAMP_INTERSECTION,SIDE_OF_HWY,TOW_AWAY,COLLISION_SEVERITY,NUMBER_KILLED,NUMBER_INJURED,PARTY_COUNT,PRIMARY_COLL_FACTOR,PCF_CODE_OF_VIOL,PCF_VIOL_CATEGORY,PCF_VIOLATION,PCF_VIOL_SUBSECTION,HIT_AND_RUN,TYPE_OF_COLLISION,MVIW,PED_ACTION,ROAD_SURFACE,ROAD_COND_1,ROAD_COND_2,LIGHTING,CONTROL_DEVICE,CHP_ROAD_TYPE,PEDESTRIAN_ACCIDENT,BICYCLE_ACCIDENT,MOTORCYCLE_ACCIDENT,TRUCK_ACCIDENT,NOT_PRIVATE_PROPERTY,ALCOHOL_INVOLVED,STWD_VEHTYPE_AT_FAULT,CHP_VEHTYPE_AT_FAULT,COUNT_SEVERE_INJ,COUNT_VISIBLE_INJ,COUNT_COMPLAINT_PAIN,COUNT_PED_KILLED,COUNT_PED_INJURED,COUNT_BICYCLIST_KILLED,COUNT_BICYCLIST_INJURED,COUNT_MC_KILLED,COUNT_MC_INJURED,PRIMARY_RAMP,SECONDARY_RAMP,LATITUDE,LONGITUDE,COUNTY,CITY,POINT_X,POINT_Y
90832468,2018,2018-10-10,9730,2018-09-29,2030,022047,,6,2,9,2700,0,3,5,,2,006,"CALLE DEL ADOBE","POST DR",0.00,,Y,A,-,N,,,,,,,,,,Y,4,0,1,2,A,-,09,21802,A,N,D,C,A,A,H,-,C,A,0,,,,,Y,,A,01,0,0,1,0,0,0,0,0,0,"- ","- ",36.698101043701172,-121.67075347900391,MONTEREY,UNINCORPORATED,-121.67070007324219,36.698028564453125
90832479,2018,2018-10-10,9730,2018-09-30,2315,022129,,7,3,9,2700,0,1,2,,1,070,"US-101 S/B","PRUNEDALE SOUTH ROAD",0.00,,Y,A,-,Y,,,101,,,,,,S,Y,3,0,1,2,A,-,01,23152,A,N,D,C,A,A,H,-,D,A,0,,,,,Y,Y,A,07,0,1,0,0,0,0,0,0,0,"- ","- ",36.7877197265625,-121.66799926757812,MONTEREY,UNINCORPORATED,-121.66803741455078,36.787727355957031
90832496,2018,2018-10-10,9730,2018-10-01,1617,021407,,1,2,9,2700,0,2,4,,1,075,"SAN JUAN ROAD","ALLISON ROAD",3696.00,E,N,A,-,N,,,,,,,,,,N,3,0,1,1,A,-,03,22350,,N,E,A,A,A,H,-,A,D,0,,,Y,,Y,,C,02,0,1,0,0,0,0,0,0,1,"- ","- ",36.904098510742188,-121.72299957275391,MONTEREY,UNINCORPORATED,-121.72355651855469,36.904109954833984
90832505,2018,2018-10-10,9730,2018-10-01,1030,020621,,1,1,9,2700,0,1,3,,1,022,SR-1,"HANDLEY DRIVE",0.00,,Y,A,-,Y,,,1,,,,,,,Y,3,0,1,3,A,-,09,21802,A,N,D,C,A,A,H,-,A,A,0,,,,,Y,,A,01,0,1,0,0,0,0,0,0,0,"- ","- ",36.565139770507812,-121.91236114501953,MONTEREY,UNINCORPORATED,-121.912353515625,36.565143585205078
90832528,2018,2018-10-10,9730,2018-10-01,0625,017785,,1,1,3,2711,0,1,2,,1,030,"US-101 NORTHBOUND",SR-146,2112.00,N,N,B,-,Y,,,101,,,,,,N,Y,4,0,1,1,A,-,08,22107,,N,E,I,A,A,H,-,D,D,0,,,,,Y,,A,07,0,0,1,0,0,0,0,0,0,"- ","- ",36.424869537353516,-121.32904815673828,MONTEREY,SOLEDAD,-121.32909393310547,36.424808502197266
90833589,2018,2018-10-11,9730,2018-10-02,0645,017785,,2,1,9,2700,0,3,5,,2,006,"DAVIS ROAD","MARKET STREET",200.00,N,N,B,-,N,,,,,,,,,,N,4,0,1,2,A,-,03,22350,,N,C,C,A,A,H,-,B,D,0,,,,,Y,,A,01,0,0,1,0,0,0,0,0,0,"- ","- ",36.684661865234375,-121.67466735839844,MONTEREY,UNINCORPORATED,-121.67436218261719,36.685260772705078
90834296,2018,2018-10-11,9735,2018-10-03,1302,017681,,3,1,9,2700,0,1,2,,2,044,"US-101 SOUTHBOUND","ALVARADO ROAD",2640.00,N,N,B,-,Y,,,101,,,,,,S,Y,4,0,1,1,A,-,08,22107,,N,E,I,A,A,H,-,A,D,0,,,,,Y,,A,01,0,0,1,0,0,0,0,0,0,"- ","- ",35.960281372070312,-120.88459777832031,MONTEREY,UNINCORPORATED,-120.88452911376953,35.960338592529297
90834313,2018,2018-10-11,9735,2018-10-03,1700,019330,,3,2,9,2700,0,1,2,,1,040,"US-101 S/B","OAK AVE",528.00,N,N,A,-,Y,,,,,,,,,,N,3,0,3,2,A,-,03,22350,,N,C,C,A,A,H,-,A,D,0,,,,,Y,,A,07,0,1,2,0,0,0,0,0,0,"- ","- ",36.192760467529297,-121.14209747314453,MONTEREY,UNINCORPORATED,-121.23928833007812,36.324897766113281
90834389,2018,2018-10-12,9730,2018-10-02,0806,020598,,2,1,9,2700,0,3,5,,2,007,"GEIL STREET","UNION STREET",177.00,N,N,A,-,N,,,,,,,,,,Y,2,0,2,2,A,-,08,22107,,N,C,E,A,A,H,-,A,D,0,,,,,Y,,A,07,1,1,0,0,0,0,0,0,0,"- ","- ",36.765701293945312,-121.75270080566406,MONTEREY,UNINCORPORATED,-121.75261688232422,36.765743255615234
90834394,2018,2018-10-12,9730,2018-10-02,1753,021407,,2,2,9,2700,0,1,3,,1,022,SR-1,"SAN JOSE CREEK CANYON RD",75.00,N,N,A,-,Y,,,1,,,,,,,Y,4,0,1,2,A,-,09,21801,A,N,D,D,A,A,H,-,A,D,0,,,,,Y,,A,07,0,0,1,0,0,0,0,0,0,"- ","- ",36.522598266601562,-121.927001953125,MONTEREY,UNINCORPORATED,-121.92699432373047,36.522590637207031
90834435,2018,2018-10-12,9730,2018-10-03,0710,017785,,3,1,9,2700,0,3,5,,2,004,"ALISAL ROAD","HARTNELL ROAD",2640.00,N,N,B,-,N,,,,,,,,,,Y,3,0,2,2,A,-,01,23152,F,F,B,C,A,A,H,-,A,D,0,,,,,Y,,A,07,0,1,1,0,0,0,0,0,0,"- ","- ",36.651969909667969,-121.58225250244141,MONTEREY,UNINCORPORATED,-121.58201599121094,36.651275634765625
90834447,2018,2018-10-12,9730,2018-10-03,0900,017785,,3,1,9,2700,0,3,5,,2,004,"OLD STAGE ROAD","ESPERANZA ROAD",75.00,S,N,B,-,N,,,,,,,,,,Y,4,0,1,2,A,-,03,22350,,N,C,C,A,B,H,-,A,D,0,,,,,Y,,D,22,0,0,1,0,0,0,0,0,0,"- ","- ",36.604339599609375,-121.51322937011719,MONTEREY,UNINCORPORATED,-121.51336669921875,36.604446411132812
90834568,2018,2018-10-12,9730,2018-10-03,0555,022092,,3,3,9,2700,0,1,3,,1,022,"SR-1 (CABRILLO HIGHWAY)","PETER PAN ROAD",528.00,N,N,C,-,Y,,,1,,,,,,,Y,3,0,1,1,A,-,03,22350,,N,F,A,A,B,H,-,D,D,0,,,,,Y,,A,07,0,1,0,0,0,0,0,0,0,"- ","- ",36.499141693115234,-121.93618774414062,MONTEREY,UNINCORPORATED,-121.93618774414062,36.499141693115234
90834789,2018,2018-10-12,9730,2018-10-04,2045,022151,,4,2,9,2700,0,1,3,,1,066,"SR-183/MERRITT ST.","PAJARO ST",0.00,,Y,A,-,Y,,,183,,,,,,,N,3,0,1,2,A,-,10,21950,A,N,G,B,B,A,H,-,C,A,0,Y,,,,Y,,A,01,0,1,0,0,1,0,0,0,0,"- ","- ",36.762641906738281,-121.75385284423828,MONTEREY,UNINCORPORATED,-121.75385284423828,36.76263427734375
90834894,2018,2018-10-12,9730,2018-10-04,0855,015160,,4,1,9,2700,0,1,3,,1,074,"SR-1 SOUTHBOUND","NASHUA/MOLERA ROAD",528.00,S,N,B,-,Y,,,1,,,,,,S,Y,3,0,4,3,A,-,01,23152,F,N,B,C,A,B,H,-,A,D,0,,,,,Y,,A,01,0,2,2,0,0,0,0,0,0,"- ","- ",36.733631134033203,-121.78115081787109,MONTEREY,UNINCORPORATED,-121.78124237060547,36.733730316162109
90834957,2018,2018-10-12,9730,2018-10-05,1630,019529,,5,2,9,2700,0,3,5,,2,006,"DAVIS ROAD","CENTRAL AVENUE",0.00,,Y,A,-,N,,,,,,,,,,N,4,0,1,2,A,-,05,21650,,N,D,G,A,A,H,-,A,D,0,,Y,,,Y,,L,04,0,0,1,0,0,0,1,0,0,"- ","- ",36.676620483398438,-121.67672729492188,MONTEREY,UNINCORPORATED,-121.67693328857422,36.676300048828125
90835616,2018,2018-10-15,9730,2018-10-03,1300,017184,,3,1,9,2700,0,1,3,,1,012,SR-1,"SODA SPRINGS TRAILHEAD",60.00,S,N,B,-,Y,,,1,,,,,,,Y,2,0,1,2,A,-,05,21460,A,N,A,C,A,B,H,-,A,A,0,,,Y,,Y,,A,01,1,0,0,0,0,0,0,0,1,"- ","- ",35.821418762207031,-121.37415313720703,MONTEREY,UNINCORPORATED,-121.37416076660156,35.821414947509766
90835674,2018,2018-10-15,9730,2018-10-03,1630,017184,,3,2,9,2700,0,1,3,,1,012,SR-1,"VISTA POINT MPM 37",1056.00,N,N,B,C,Y,,,1,,,,,,,Y,4,0,1,1,A,-,03,22350,,N,E,I,A,B,H,-,A,A,0,,,,,Y,,A,07,0,0,1,0,0,0,0,0,0,"- ","- ",36.172050476074219,-121.68860626220703,MONTEREY,UNINCORPORATED,-121.68860626220703,36.171993255615234
90835958,2018,2018-10-15,9730,2018-10-05,1206,019239,,5,1,9,2700,0,3,5,,2,002,"RIO RD",SR-1,65.00,E,N,A,-,N,,,,,,,,,,N,4,0,2,3,A,-,21,22106,,N,C,C,A,A,H,-,A,D,0,,,,,Y,,D,22,0,0,2,0,0,0,0,0,0,"- ","- ",36.539199829101562,-121.90959930419922,MONTEREY,UNINCORPORATED,-121.91005706787109,36.539306640625
90836069,2018,2018-10-15,9735,2018-10-04,1610,020710,,4,2,9,2700,0,3,5,,2,003,SR-146,"METZ RD",1584.00,N,N,A,-,Y,,,146,,,,,,,Y,2,0,1,1,A,-,08,22107,,N,E,I,A,A,H,-,A,D,0,,,,,Y,,A,01,1,0,0,0,0,0,0,0,0,"- ","- ",36.420341491699219,-121.28372192382812,MONTEREY,UNINCORPORATED,-121.28366851806641,36.420402526855469
90836253,2018,2018-10-15,9730,2018-10-05,1235,015160,,5,1,9,2700,0,2,4,,1,073,"SAN MIGUEL CANYON ROAD","APRICOT LANE",528.00,E,N,A,-,N,,,,,,,,,,Y,3,0,1,1,A,-,08,22107,,N,E,I,A,A,H,-,A,D,0,,,,,Y,,A,01,0,1,0,0,0,0,0,0,0,"- ","- ",36.853328704833984,-121.69097137451172,MONTEREY,UNINCORPORATED,-121.69084167480469,36.852909088134766
90836278,2018,2018-10-15,9730,2018-10-06,0610,018886,,6,1,9,2700,0,1,3,,1,074,SR-1,"STRUVE ROAD (SOUTH)",1475.00,S,N,A,-,Y,,,1,,,,,,,Y,4,0,2,2,A,-,09,21801,A,N,D,C,A,A,H,-,B,D,0,,,,,Y,,A,08,0,0,2,0,0,0,0,0,0,"- ","- ",36.821430206298828,-121.78459167480469,MONTEREY,UNINCORPORATED,-121.78450012207031,36.821323394775391
90836712,2018,2018-10-16,9730,2018-10-04,1510,018350,,4,2,9,2700,0,3,5,,2,005,"HEBERT ROAD","SAN JUAN GRADE ROAD",1056.00,E,N,A,-,N,,,,,,,,,,Y,4,0,1,2,A,-,08,22107,,N,B,C,A,A,H,-,A,D,0,,,,,Y,,A,01,0,0,1,0,0,0,0,0,0,"- ","- ",36.757091522216797,-121.61134338378906,MONTEREY,UNINCORPORATED,-121.61277770996094,36.757926940917969
90836810,2018,2018-10-16,9730,2018-10-06,1250,020598,,6,1,9,2700,0,1,2,,1,030,"US-101 N/B","SPENCE ROAD",1000.00,S,N,A,-,Y,,,101,,,,,,N,Y,4,0,2,2,A,-,03,22350,,N,C,C,A,A,H,-,A,D,0,,,,,Y,,A,01,0,0,2,0,0,0,0,0,0,"- ","- ",36.611698150634766,-121.56520080566406,MONTEREY,UNINCORPORATED,-121.56527709960938,36.611598968505859
90837290,2018,2018-10-16,9730,2018-10-07,1858,021407,,7,2,9,2700,0,3,5,,2,003,"CHUALAR RIVER ROAD","PARKER ROAD",10560.00,S,N,A,-,N,,,,,,,,,,Y,3,0,1,1,A,-,03,22350,,N,F,I,A,A,H,-,A,D,0,,,,,Y,,A,01,0,1,0,0,0,0,0,0,0,"- ","- ",36.567501068115234,-121.56819915771484,MONTEREY,UNINCORPORATED,,
90837557,2018,2018-10-16,9735,2018-10-07,0315,021120,,7,3,9,2700,0,1,2,,2,042,"US-101 NORTHBOUND TO WILDHORSE RD.","WILDHORSE RD.",160.00,S,N,A,-,Y,,,101,,,,R,,N,Y,2,0,1,2,A,-,08,22107,,N,B,C,A,A,H,-,C,A,0,,,,Y,Y,,A,01,1,0,0,0,0,0,0,0,0,"- ","- ",36.187538146972656,-121.07154846191406,MONTEREY,UNINCORPORATED,-121.07154846191406,36.187538146972656
90837750,2018,2018-10-17,9730,2018-10-08,1700,017502,,1,2,9,2700,0,1,3,,1,022,SR-1,"RIBERA ROAD",2112.00,S,N,A,-,Y,,,1,,,,,,,N,3,0,1,2,A,-,03,22350,,N,C,C,A,A,H,-,A,D,0,,,Y,,Y,,C,02,0,1,0,0,0,0,0,0,0,"- ","- ",36.525108337402344,-121.92392730712891,MONTEREY,UNINCORPORATED,-121.92389678955078,36.525070190429688
90837899,2018,2018-10-17,9735,2018-10-15,0715,020302,,1,1,9,2700,0,3,5,,2,002,"JOLON ROAD","US-101 S/B TO JOLON ROAD",0.00,,Y,B,-,N,,,,,,,,,,Y,4,0,1,2,A,-,12,22450,A,N,D,C,A,A,H,-,A,A,0,,,,Y,Y,,A,08,0,0,1,0,0,0,0,0,0,"- ","- ",35.873630523681641,-120.83702850341797,MONTEREY,UNINCORPORATED,,
90837972,2018,2018-10-17,9730,2018-10-08,1255,017785,,1,1,9,2700,0,3,5,,2,004,"MAIN STREET","GRANT STREET",10.00,W,N,A,-,N,,,,,,,,,,Y,4,0,2,2,A,-,05,21460,A,N,B,C,A,A,H,-,A,A,0,,,,,Y,,A,07,0,0,2,0,0,0,0,0,0,"- ","- ",36.56951904296875,-121.51773834228516,MONTEREY,UNINCORPORATED,-121.51770782470703,36.569572448730469
90837989,2018,2018-10-17,9730,2018-10-09,2002,019981,,2,2,9,2700,0,3,5,,2,005,"BLANCO ROAD","DAVIS ROAD",0.00,,Y,A,-,N,,,,,,,,,,Y,3,0,2,2,A,-,09,21453,C,N,D,C,A,A,H,-,C,A,0,,,,,Y,,A,07,0,1,1,0,0,0,0,0,0,"- ","- ",36.666759490966797,-121.68520355224609,MONTEREY,UNINCORPORATED,-121.68511199951172,36.666801452636719
90838005,2018,2018-10-17,9730,2018-10-09,0321,019239,,2,3,9,2700,0,3,5,,2,004,"ASSOCIATED LANE","FANOE ROAD",422.00,E,N,A,-,N,,,,,,,,,,Y,4,0,1,2,A,-,08,22107,,N,A,E,A,A,H,-,D,D,0,,,,,Y,,A,01,0,0,1,0,0,0,0,0,0,"- ","- ",36.524398803710938,-121.45929718017578,MONTEREY,UNINCORPORATED,-121.44850921630859,36.531501770019531
90838038,2018,2018-10-17,9730,2018-10-09,0750,017785,,2,1,6,2708,0,1,2,,1,050,"US-101 NORTHBOUND","JOHN STREET",528.00,N,N,B,-,Y,,,,,,,,,,Y,3,0,2,2,A,-,07,21658,A,F,B,C,A,A,H,-,A,D,0,,,,,Y,,-,99,0,1,1,0,0,0,0,0,0,"- ","- ",36.721149444580078,-121.63996124267578,MONTEREY,SALINAS,-121.63990020751953,36.672019958496094
90838074,2018,2018-10-17,9730,2018-10-10,1310,019315,,3,1,9,2700,0,1,3,,1,066,SR-183,SR-156,0.00,,Y,A,-,Y,,,183,,,,,,,Y,3,0,1,2,A,-,09,21801,A,N,D,C,A,A,H,-,A,A,0,,,,,Y,,A,01,0,1,0,0,0,0,0,0,0,"- ","- ",36.761219024658203,-121.75180053710938,MONTEREY,UNINCORPORATED,-121.75184631347656,36.761157989501953
90838267,2018,2018-10-17,9730,2018-10-06,2250,022118,,6,3,9,2700,0,3,5,,2,004,"ZABALA ROAD","ALISAL ROAD",739.00,N,N,A,-,N,,,,,,,,,,Y,3,0,1,1,A,-,01,23152,A,N,E,I,A,A,H,-,D,D,0,,,,,Y,Y,A,08,0,1,0,0,0,0,0,0,0,"- ","- ",36.642608642578125,-121.56929016113281,MONTEREY,UNINCORPORATED,-121.56929016113281,36.642604827880859
90838403,2018,2018-10-17,9735,2018-10-07,1648,020710,,7,2,9,2700,0,1,2,,1,040,"US-101 N/B","HUDSON RD",1400.00,N,N,A,-,Y,,,101,,,,,,N,Y,3,0,1,1,A,-,01,23152,A,N,E,I,A,A,H,-,A,D,0,,,,,Y,Y,A,01,0,1,0,0,0,0,0,0,0,"- ","- ",36.355720520019531,-121.27053833007812,MONTEREY,UNINCORPORATED,-121.27044677734375,36.355808258056641
90838766,2018,2018-10-18,9730,2018-10-11,1754,018810,,4,2,9,2700,0,3,5,,2,007,"STRUVE ROAD","GIBERSON ROAD",3.00,S,N,B,-,N,,,,,,,,,,Y,4,0,2,2,A,-,09,21804,A,N,D,C,A,A,H,-,A,D,0,,,,,Y,,A,01,0,0,2,0,0,0,0,0,0,"- ","- ",36.827030181884766,-121.77999877929688,MONTEREY,UNINCORPORATED,-121.77999114990234,36.827003479003906
90838839,2018,2018-10-18,9735,2018-10-07,2334,019800,,7,3,9,2700,0,2,4,,1,021,"JOLON RD","CROSS RD",1056.00,E,N,A,-,N,,,,,,,,,,Y,4,0,1,1,A,-,08,22107,,N,F,A,A,A,H,-,D,D,0,,,,,Y,,D,22,0,0,1,0,0,0,0,0,0,"- ","- ",35.938980102539062,-121.11422729492188,MONTEREY,UNINCORPORATED,-121.11631011962891,35.939361572265625
90838857,2018,2018-10-18,9730,2018-10-08,0511,022129,,1,3,9,2700,0,1,3,,1,066,SR-183,"CALIFORNIA STREET",0.00,,Y,A,-,Y,,,183,,,,,,,N,4,0,2,2,A,-,09,21802,A,N,D,C,A,A,H,-,C,A,0,,,,,Y,,A,08,0,0,2,0,0,0,0,0,0,"- ","- ",36.758800506591797,-121.74859619140625,MONTEREY,UNINCORPORATED,-121.74861907958984,36.758773803710938
8529731,2017,2018-06-14,2710,2017-11-03,1514,40386,MARIN,5,5,4,2710,0,0,0,,0,002,"FREMONT BL","CANYON DEL REY BL",0.00,,Y,B,-,Y,MON,5,218,-,-,0.000,I,6,W,N,4,0,1,2,A,-,21,22106,,N,C,C,A,A,H,-,A,A,0,,,,,Y,Y,D,22,0,0,1,0,0,0,0,0,0,"- ","- ",,,MONTEREY,SEASIDE,-121.85079106000001,36.598905809999998
8529997,2017,2018-01-16,2712,2017-12-04,1619,1062,2712,1,5,3,2712,0,0,0,,0,001,"IMJIN PW","2ND AV",62.00,W,N,A,-,N,,,,,,,,,,N,4,0,1,3,A,-,03,22350,,N,C,C,A,A,H,-,A,A,0,,,,,Y,,A,01,0,0,1,0,0,0,0,0,0,"- ","- ",,,MONTEREY,MARINA,-121.80900781,36.667858250000002
8531075,2018,2018-08-01,2712,2018-01-01,1356,1073,2712,1,5,3,2712,0,0,0,,0,001,"IMJIN PW","RT 1",0.00,,Y,A,-,Y,MON,5,1,-,R,84.653,R,4,S,N,3,0,1,2,A,-,03,22350,,N,E,C,A,A,H,-,A,A,0,,,,,Y,,A,07,0,1,0,0,0,0,0,0,0,"- ","- ",,,MONTEREY,MARINA,-121.81188201904297,36.671745300292969
8531578,2017,2018-01-22,2706,2017-12-15,1730,716,2706,5,5,4,2706,0,0,0,,0,001,"LIGHTHOUSE AV","DAVID AV",0.00,,Y,A,-,N,,,,,,,,,,N,2,0,1,2,A,-,10,21950,A,N,G,B,B,A,H,-,C,A,0,Y,,,,Y,Y,D,22,1,0,0,0,1,0,0,0,0,"- ","- ",,,MONTEREY,MONTEREY,-121.90446993,36.616790039999998
8531669,2017,2018-01-19,2706,2017-12-06,1451,716,2706,3,5,4,2706,0,0,0,,0,001,"LIGHTHOUSE AV","MCCLELLAN AV",0.00,,Y,A,-,N,,,,,,,,,,N,4,0,1,2,A,-,10,21950,A,N,G,B,B,A,H,-,A,A,0,Y,,,,Y,,A,07,0,0,1,0,1,0,0,0,0,"- ","- ",,,MONTEREY,MONTEREY,-121.90081993,36.612510049999997
8531673,2017,2018-01-19,2706,2017-12-16,1031,121,MPD,6,5,4,2706,0,0,0,,0,002,"ADAMS ST","BONIFACIO PL",111.00,N,N,A,-,N,,,,,,,,,,N,4,0,1,2,A,-,21,22106,,N,C,B,E,A,H,-,A,D,0,Y,,,,Y,,A,01,0,0,1,0,1,0,0,0,0,"- ","- ",,,MONTEREY,MONTEREY,-121.89169454,36.598828840000003
8531677,2017,2018-01-19,2706,2017-12-27,0210,129,MPD,3,5,4,2706,0,0,0,,0,002,"PACIFIC ST","VISCAINO RD",2.00,S,N,A,-,N,,,,,,,,,,N,4,0,1,1,A,-,01,23152,,N,B,I,A,A,H,-,C,C,0,,,,,Y,Y,A,01,0,0,1,0,0,0,0,0,0,"- ","- ",,,MONTEREY,MONTEREY,-121.90026215,36.589424780000002
8531760,2018,2018-01-17,2706,2018-01-03,1309,410,MPD,3,5,4,2706,0,0,0,,0,002,"LIGHTHOUSE AV","DEL MONTE AV",175.00,N,N,C,-,N,,,,,,,,,,Y,4,0,1,1,A,-,03,22350,,N,E,I,A,B,H,-,A,A,0,,,,,Y,,A,01,0,0,1,0,0,0,0,0,0,"- ","- ",,,MONTEREY,MONTEREY,-121.89263153076172,36.601081848144531
8531826,2018,2018-08-01,2706,2018-01-03,2235,635,MPD,3,5,4,2706,0,0,0,,0,002,"RT 68","HISTORIC ROUTE SIGN",81.00,W,N,C,-,Y,MON,5,68,-,-,6.570,H,-,E,N,4,0,1,1,A,-,08,22107,,N,E,I,A,B,H,-,C,D,0,,,,,Y,,A,01,0,0,1,0,0,0,0,0,0,"- ","- ",,,MONTEREY,MONTEREY,-121.83268737792969,36.58172607421875
8533315,2017,2018-01-18,2710,2017-11-27,1500,33362,,1,5,4,2710,0,0,0,,0,,"GIGLING RD","6TH AV",0.00,,Y,A,-,N,,,,,,,,,,Y,4,0,3,2,A,-,03,22350,,N,C,C,A,A,H,-,A,D,0,,,,,Y,,A,01,0,0,3,0,0,0,0,0,0,"- ","- ",,,MONTEREY,SEASIDE,-121.79346986,36.643860070000002
8533371,2017,2018-01-18,2710,2017-11-06,1754,36059,MARIN,1,5,4,2710,0,0,0,,0,,"HARCOURT AV","FREMONT BL",16.00,W,N,A,-,N,,,,,,,,,,N,4,0,1,2,A,-,05,21650,1,N,G,G,A,A,H,-,D,D,0,,Y,,,Y,,L,04,0,0,1,0,0,0,1,0,0,"- ","- ",,,MONTEREY,SEASIDE,-121.84830451000001,36.603800829999997
8533379,2017,2018-01-18,2710,2017-11-28,0709,33362,,2,5,4,2710,0,0,0,,0,,"NOCHE BUENA ST","MILITARY AV",0.00,,Y,A,-,N,,,,,,,,,,Y,4,0,1,3,A,-,09,21802,A,N,D,C,A,A,H,-,A,D,0,,,,,Y,,A,01,0,0,1,0,0,0,0,0,0,"- ","- ",,,MONTEREY,SEASIDE,-121.83797989999999,36.621400059999999
90839350,2018,2018-10-18,9730,2018-10-10,0705,017785,,3,1,9,2700,0,3,5,,2,003,"FRONT STREET","US-101 S/B",200.00,S,N,B,-,Y,,,,,,,,,,Y,3,0,2,1,A,-,08,22107,,N,F,A,A,A,H,-,B,A,0,,,,,Y,,A,07,0,2,0,0,0,0,0,0,0,"- ","- ",36.435089111328125,-121.34255218505859,MONTEREY,UNINCORPORATED,,
90840013,2018,2018-10-19,9730,2018-10-12,2320,021888,,5,3,9,2700,0,1,3,,2,062,"SR-1 S/B TO IMJIN PARKWAY","IMJIN PARKWAY",25.00,N,N,A,-,Y,,,1,,,,R,,S,Y,4,0,2,2,A,-,01,23152,F,M,C,C,A,A,H,-,C,A,0,,,,,Y,,A,01,0,0,2,0,0,0,0,0,0,"- ","- ",36.669719696044922,-121.81352996826172,MONTEREY,UNINCORPORATED,-121.81352996826172,36.669719696044922
90840410,2018,2018-10-19,9730,2018-10-14,1300,019569,,7,1,9,2700,0,2,4,,1,073,"ELK HORN RD","WERNER RD",89.00,N,N,A,-,N,,,,,,,,,,Y,4,0,1,2,A,-,21,22106,,N,D,C,A,A,H,-,A,D,0,,,,,Y,,A,01,0,0,1,0,0,0,0,0,0,"- ","- ",36.879310607910156,-121.74710845947266,MONTEREY,UNINCORPORATED,-121.74718475341797,36.879222869873047
90840450,2018,2018-10-19,9735,2018-10-09,1330,016696,,2,1,9,2700,0,1,2,,1,041,"US 101 SB","KENNY ROAD",0.00,,Y,A,-,Y,,,,,,,,,,Y,4,0,2,2,A,-,09,21801,A,N,D,C,A,A,H,-,A,D,0,,,,Y,Y,,G,25,0,0,2,0,0,0,0,0,0,"- ","- ",36.293739318847656,-121.20105743408203,MONTEREY,UNINCORPORATED,,
90842041,2018,2018-10-23,9730,2018-10-06,2145,022151,,6,2,9,2700,0,2,4,,1,075,"SAN JUAN ROAD","AROMAS ROAD",2640.00,W,N,A,-,N,,,,,,,,,,Y,3,0,2,2,A,-,01,23152,A,F,A,C,A,A,H,-,D,D,0,,,,,Y,Y,A,01,0,2,0,0,0,0,0,0,0,"- ","- ",36.888889312744141,-121.66747283935547,MONTEREY,UNINCORPORATED,-121.66701507568359,36.888408660888672
90842447,2018,2018-10-23,9730,2018-10-12,1925,019981,,5,2,9,2700,0,2,4,,1,023,"CARMEL VALLEY ROAD","RANCHO FIESTA ROAD",870.00,E,N,A,-,N,,,,,,,,,,Y,4,0,1,2,A,-,03,22350,,N,C,C,A,A,H,-,D,D,0,,,,,Y,,A,07,0,0,1,0,0,0,0,0,0,"- ","- ",36.512561798095703,-121.77271270751953,MONTEREY,UNINCORPORATED,-121.77262878417969,36.512550354003906
90842450,2018,2018-11-12,9730,2018-10-12,1752,020899,,5,2,9,2700,0,2,4,,1,073,"SALINAS ROAD","TRAFTON ROAD",1003.00,S,N,A,-,N,,,,,,,,,,Y,3,0,1,5,A,-,03,22350,,N,C,C,A,A,H,-,A,D,0,,,,,Y,,A,07,0,1,0,0,0,0,0,0,0,"- ","- ",36.883968353271484,-121.74697875976562,MONTEREY,UNINCORPORATED,-121.74694061279297,36.884037017822266