CASE_ID,ACCIDENT_YEAR,PROC_DATE,JURIS,COLLISION_DATE,COLLISION_TIME,OFFICER_ID,REPORTING_DISTRICT,DAY_OF_WEEK,CHP_SHIFT,POPULATION,CNTY_CITY_LOC,SPECIAL_COND,BEAT_TYPE,CHP_BEAT_TYPE,CITY_DIVISION_LAPD,CHP_BEAT_CLASS,BEAT_NUMBER,PRIMARY_RD,SECONDARY_RD,DISTANCE,DIRECTION,INTERSECTION,WEATHER_1,WEATHER_2,STATE_HWY_IND,CALTRANS_COUNTY,CALTRANS_DISTRICT,STATE_ROUTE,ROUTE_SUFFIX,POSTMILE_PREFIX,POSTMILE,LOCATION_TYPE,RAMP_INTERSECTION,SIDE_OF_HWY,TOW_AWAY,COLLISION_SEVERITY,NUMBER_KILLED,NUMBER_INJURED,PARTY_COUNT,PRIMARY_COLL_FACTOR,PCF_CODE_OF_VIOL,PCF_VIOL_CATEGORY,PCF_VIOLATION,PCF_VIOL_SUBSECTION,HIT_AND_RUN,TYPE_OF_COLLISION,MVIW,PED_ACTION,ROAD_SURFACE,ROAD_COND_1,ROAD_COND_2,LIGHTING,CONTROL_DEVICE,CHP_ROAD_TYPE,PEDESTRIAN_ACCIDENT,BICYCLE_ACCIDENT,MOTORCYCLE_ACCIDENT,TRUCK_ACCIDENT,NOT_PRIVATE_PROPERTY,ALCOHOL_INVOLVED,STWD_VEHTYPE_AT_FAULT,CHP_VEHTYPE_AT_FAULT,COUNT_SEVERE_INJ,COUNT_VISIBLE_INJ,COUNT_COMPLAINT_PAIN,COUNT_PED_KILLED,COUNT_PED_INJURED,COUNT_BICYCLIST_KILLED,COUNT_BICYCLIST_INJURED,COUNT_MC_KILLED,COUNT_MC_INJURED,PRIMARY_RAMP,SECONDARY_RAMP,LATITUDE,LONGITUDE,COUNTY,CITY,POINT_X,POINT_Y
90842514,2018,2018-10-23,9730,2018-10-13,2327,022129,,6,3,9,2700,0,3,5,,2,006,"ESPINOSA ROAD","RODGERS ROAD",2640.00,W,N,A,-,N,,,,,,,,,,Y,3,0,1,1,A,-,01,23152,A,N,F,I,A,A,H,-,D,D,0,,,,,Y,Y,A,01,0,1,0,0,0,0,0,0,0,"- ","- ",36.746868133544922,-121.69934844970703,MONTEREY,UNINCORPORATED,-121.69969940185547,36.746971130371094
90843277,2018,2018-10-24,9730,2018-10-13,2040,020931,,6,2,4,2710,0,1,3,,2,062,"SR-1 NORTHBOUND","FREMONT BLVD",60.00,S,N,B,-,Y,,,1,,,,,,N,Y,3,0,2,2,A,-,01,23152,A,F,B,C,A,A,H,-,C,D,0,,,,,Y,Y,A,01,0,2,0,0,0,0,0,0,0,"- ","- ",36.624309539794922,-121.84137725830078,MONTEREY,SEASIDE,-121.84137725830078,36.624305725097656
90843292,2018,2018-10-24,9730,2018-10-14,2210,022039,,7,3,9,2700,0,1,3,,1,066,SR-183,"COOPER ROAD",1584.00,N,N,A,-,Y,,,183,,,,,,,Y,3,0,2,2,A,-,03,22350,,N,D,C,A,A,H,-,D,D,0,,,,,Y,,A,07,0,2,0,0,0,0,0,0,0,"- ","- ",36.717948913574219,-121.72116088867188,MONTEREY,UNINCORPORATED,-121.72142028808594,36.717727661132812
90843896,2018,2018-10-24,9730,2018-10-15,1640,021407,,1,2,9,2700,0,3,5,,2,004,"ENCINAL ROAD","POTTER ROAD",5280.00,S,N,A,-,N,,,,,,,,,,Y,4,0,1,2,A,-,09,21801,A,N,D,C,A,A,H,-,A,D,0,,,,,Y,,D,22,0,0,1,0,0,0,0,0,0,"- ","- ",36.620700836181641,-121.51339721679688,MONTEREY,UNINCORPORATED,,
90844250,2018,2018-10-25,9730,2018-10-07,1903,022092,,7,2,9,2700,0,3,5,,2,005,"ROGGE ROAD","JASPER WAY",95.00,E,N,A,-,N,,,,,,,,,,Y,3,0,1,4,A,-,01,23152,A,N,C,E,A,A,H,-,C,D,0,,,,,Y,Y,A,01,0,1,0,0,0,0,0,0,0,"- ","- ",36.731880187988281,-121.63188934326172,MONTEREY,UNINCORPORATED,-121.63180541992188,36.731861114501953
90844270,2018,2018-10-25,9730,2018-10-15,0615,020598,,1,1,9,2700,0,3,5,,2,006,"MONTE ROAD","272 MONTE ROAD",1057.00,S,N,A,-,N,,,,,,,,,,Y,2,0,1,2,A,-,05,21460,A,N,B,C,A,A,H,-,D,D,0,,,,,Y,,M,46,1,0,0,0,0,0,0,0,0,"- ","- ",36.732101440429688,-121.78179931640625,MONTEREY,UNINCORPORATED,,
90844281,2018,2018-10-25,9730,2018-10-16,0830,017785,,2,1,6,2708,0,1,2,,1,050,"US-101 NORTHBOUND","SANBORN ROAD",10.00,S,N,A,-,Y,,,101,,,,,,N,Y,4,0,1,1,A,-,03,22350,,N,E,I,A,A,H,-,A,D,0,,,,,Y,,A,01,0,0,1,0,0,0,0,0,0,"- ","- ",36.666698455810547,-121.62789916992188,MONTEREY,SALINAS,-121.6279296875,36.666648864746094
90844380,2018,2018-10-25,9730,2018-10-16,1825,020931,,2,2,9,2700,0,3,5,,2,005,"EL RANCHO WAY","HYLAND DRIVE",245.00,E,N,B,-,N,,,,,,,,,,N,3,0,1,2,A,-,09,21804,A,N,D,C,A,A,H,-,B,D,0,,,,,Y,,M,96,0,1,0,0,0,0,0,0,0,"- ","- ",36.698860168457031,-121.67098999023438,MONTEREY,UNINCORPORATED,-121.67096710205078,36.698902130126953
90844464,2018,2018-10-25,9730,2018-10-17,1912,020899,,3,2,9,2700,0,3,5,,2,005,"SAN JUAN GRADE ROAD","PENZANCE STREET",241.00,N,N,A,-,N,,,,,,,,,,Y,4,0,1,2,A,-,21,22106,,N,H,C,A,A,H,-,D,D,0,,,,,Y,,A,07,0,0,1,0,0,0,0,0,0,"- ","- ",36.732261657714844,-121.63905334472656,MONTEREY,UNINCORPORATED,-121.63925933837891,36.732398986816406
90846048,2018,2018-10-26,9730,2018-10-15,1655,021888,,1,2,6,2708,0,1,2,,1,070,"US-101 NORTH BOUND FROM LAUREL DRIVE","LAUREL DRIVE",12.00,N,N,A,-,Y,,,101,,,,R,,,Y,2,0,1,2,A,-,05,21650,,N,D,G,A,A,H,-,A,A,0,,Y,,,Y,,L,04,1,0,0,0,0,0,1,0,0,"- ","- ",36.698101043701172,-121.66340637207031,MONTEREY,SALINAS,-121.66340637207031,36.698101043701172
90846156,2018,2018-10-26,9730,2018-10-17,0715,015160,,3,1,9,2700,0,2,4,,1,075,"SAN JUAN ROAD","CARPENTERIA ROAD",0.00,,Y,B,-,N,,,,,,,,,,Y,4,0,1,2,A,-,09,21802,A,N,D,C,A,A,H,-,B,A,0,,,,Y,Y,,D,22,0,0,1,0,0,0,0,0,0,"- ","- ",36.860408782958984,-121.65409851074219,MONTEREY,UNINCORPORATED,-121.65342712402344,36.860179901123047
90846213,2018,2018-10-26,9730,2018-10-18,0340,022129,,4,3,9,2700,0,3,5,,2,003,"RIVER ROAD","LAS PALMAS PARKWAY",1056.00,S,N,A,-,N,,,,,,,,,,Y,2,0,1,1,A,-,01,23152,A,N,F,A,A,A,H,-,D,D,0,,,,,Y,Y,A,07,1,0,0,0,0,0,0,0,0,"- ","- ",36.605640411376953,-121.63999176025391,MONTEREY,UNINCORPORATED,-121.64121246337891,36.606113433837891
90846263,2018,2018-10-26,9730,2018-10-18,0650,015160,,4,1,9,2700,0,2,4,,1,075,"SAN JUAN ROAD","PORTER DRIVE",15.00,E,N,B,-,N,,,,,,,,,,Y,4,0,1,2,A,-,21,22106,,N,C,C,A,A,H,-,A,A,0,,,,,Y,,A,01,0,0,1,0,0,0,0,0,0,"- ","- ",36.904708862304688,-121.75010681152344,MONTEREY,UNINCORPORATED,-121.75035095214844,36.904518127441406
90846273,2018,2018-10-26,9730,2018-10-18,0900,015160,,4,1,9,2700,0,3,5,,2,007,"MERIDIAN ROAD","ORMART ROAD",1584.00,E,N,A,-,N,,,,,,,,,,Y,4,0,1,2,A,-,03,22350,,N,C,C,A,A,H,-,A,D,0,,,,Y,Y,,D,22,0,0,1,0,0,0,0,0,0,"- ","- ",36.789558410644531,-121.71764373779297,MONTEREY,UNINCORPORATED,-121.71817779541016,36.789539337158203
90846454,2018,2018-10-26,9730,2018-10-18,1735,017502,,4,2,9,2700,0,3,5,,2,006,"OLMSTEAD ROAD","VIA MALPASO",0.00,,Y,A,-,N,,,,,,,,,,Y,4,0,1,2,A,-,09,21802,A,N,D,C,A,A,H,-,A,D,0,,,,,Y,,A,01,0,0,1,0,0,0,0,0,0,"- ","- ",36.578651428222656,-121.84883880615234,MONTEREY,UNINCORPORATED,-121.84983062744141,36.579120635986328
90846768,2018,2018-10-26,9730,2018-10-18,1805,017502,,4,2,9,2700,0,1,3,,1,068,SR-68,"LAGUNA PLACE",1056.00,E,N,A,-,Y,,,68,,,,,,,Y,4,0,1,2,A,-,03,22350,,N,C,C,A,A,H,-,A,D,0,,,,,Y,,A,01,0,0,1,0,0,0,0,0,0,"- ","- ",36.571128845214844,-121.74649047851562,MONTEREY,UNINCORPORATED,-121.74647521972656,36.571060180664062
90846784,2018,2018-10-26,9730,2018-10-16,1535,017502,,2,2,4,2706,0,1,3,,2,062,"SR-1 N/B","DEL MONTE AVE. O/R",200.00,S,N,A,-,Y,,,1,,,,,,N,Y,4,0,1,3,A,-,03,22350,,N,C,C,A,A,H,-,A,D,0,,,,,Y,,A,01,0,0,1,0,0,0,0,0,0,"- ","- ",36.593288421630859,-121.87661743164062,MONTEREY,MONTEREY,-121.87662506103516,36.59332275390625
90847085,2018,2018-10-29,9730,2018-10-16,1600,022092,,2,2,9,2700,0,3,5,,2,006,"SOUTH DAVIS ROAD","WEST ACACIA STREET",0.00,,Y,A,-,N,,,,,,,,,,Y,4,0,1,2,A,-,03,22350,,N,C,C,A,A,H,-,A,D,0,,,,,Y,,A,07,0,0,1,0,0,0,0,0,0,"- ","- ",36.672328948974609,-121.68031311035156,MONTEREY,UNINCORPORATED,-121.68035125732422,36.672340393066406
90847086,2018,2018-10-29,9730,2018-10-17,0300,022151,,3,3,9,2700,0,3,5,,2,007,"CASTROVILLE BLVD","ARCHER STREET",1426.00,W,N,A,-,N,,,,,,,,,,Y,3,0,1,1,A,-,01,23152,A,N,E,I,A,A,H,-,C,D,0,,,,,Y,Y,D,22,0,1,0,0,0,0,0,0,0,"- ","- ",36.794811248779297,-121.70796966552734,MONTEREY,UNINCORPORATED,-121.70793914794922,36.794845581054688
90847432,2018,2018-10-29,9730,2018-10-19,1200,017785,,5,1,9,2700,0,3,5,,2,003,"HARKINS ROAD","HUNTER LANE",1584.00,E,N,A,-,N,,,,,,,,,,N,4,0,1,2,A,-,05,21650,,M,B,C,A,A,H,-,A,D,0,,,,,Y,,A,07,0,0,1,0,0,0,0,0,0,"- ","- ",36.642940521240234,-121.63478088378906,MONTEREY,UNINCORPORATED,-121.63544464111328,36.642292022705078
90849022,2018,2018-10-30,9735,2018-10-21,1135,020036,,7,1,9,2700,0,1,3,,1,034,"SR-198 W/B",SR-25,3168.00,E,N,A,-,Y,,,,,,,,,,Y,2,0,1,1,A,-,03,22350,,N,F,A,A,A,H,-,A,D,0,,,,,Y,,D,22,1,0,0,0,0,0,0,0,0,"- ","- ",,,MONTEREY,UNINCORPORATED,,
90849152,2018,2018-10-30,9735,2018-10-20,1715,020894,,6,2,9,2700,0,3,5,,2,003,"METZ RD","BLUE JAY LN",3100.00,S,N,A,-,N,,,,,,,,,,Y,3,0,1,1,A,-,01,23152,F,N,E,I,A,A,H,-,A,D,0,,,,,Y,,A,01,0,1,0,0,0,0,0,0,0,"- ","- ",36.392059326171875,-121.24893188476562,MONTEREY,UNINCORPORATED,-121.25228881835938,36.398628234863281
90849606,2018,2018-10-31,9730,2018-10-19,1425,020899,,5,2,9,2700,0,1,2,,1,030,"NORTHBOUND US-101","HARTNELL ROAD",1109.00,N,N,A,-,Y,,,101,,,,,,,N,2,0,1,2,A,-,05,21202,A,N,B,G,A,A,H,-,A,D,0,,Y,,,Y,,L,04,1,0,0,0,0,0,1,0,0,"- ","- ",36.625049591064453,-121.58329772949219,MONTEREY,UNINCORPORATED,-121.58328247070312,36.625064849853516
90849625,2018,2018-10-31,9730,2018-10-20,1800,022047,,6,2,9,2700,0,3,5,,2,006,"S. DAVIS RD.","BLANCO RD.",100.00,N,N,A,-,N,,,,,,,,,,Y,4,0,1,2,A,-,03,22350,,N,C,C,A,A,H,-,B,D,0,,,,,Y,,D,22,0,0,1,0,0,0,0,0,0,"- ","- ",36.667308807373047,-121.68479919433594,MONTEREY,UNINCORPORATED,-121.68490600585938,36.667022705078125
90849707,2018,2018-10-31,9730,2018-10-20,1555,022092,,6,2,9,2700,0,1,2,,1,050,"US-101 SB","NORTH MAIN STREET",320.00,S,N,A,-,Y,,,,,,,,,,Y,4,0,1,2,A,-,03,22350,,N,C,C,A,A,H,-,A,A,0,,,,,Y,,A,01,0,0,1,0,0,0,0,0,0,"- ","- ",36.689029693603516,-121.65251922607422,MONTEREY,UNINCORPORATED,-121.65266418457031,36.686458587646484
90849772,2018,2018-10-31,9730,2018-10-20,2237,022129,,6,3,9,2700,0,2,4,,1,075,"SAN JUAN ROAD","DUNBARTON ROAD",528.00,E,N,A,-,N,,,,,,,,,,N,3,0,1,1,C,-,18,,,N,H,H,A,A,H,-,D,D,0,,,,,Y,,-,"- ",0,1,0,0,0,0,0,0,0,"- ","- ",36.854820251464844,-121.63688659667969,MONTEREY,UNINCORPORATED,-121.63739013671875,36.854694366455078
8533669,2018,2018-01-26,2706,2018-01-13,1135,505,2706,6,5,4,2706,0,0,0,,0,001,"CANNERY ROW",SPENCE,61.00,N,N,A,-,N,,,,,,,,,,N,4,0,1,2,A,-,21,22106,,N,C,G,A,A,H,-,A,D,0,,Y,,,Y,,D,22,0,0,1,0,0,0,1,0,0,"- ","- ",,,MONTEREY,MONTEREY,,
8534223,2017,2018-01-24,2707,2017-12-26,1850,2221,2707,2,5,3,2707,0,0,0,,0,002,"FOREST AV","SINEX AV",82.00,S,N,A,-,N,,,,,,,,,,Y,4,0,4,4,A,-,03,22350,,N,C,C,A,A,H,-,C,A,0,,,,,Y,,A,01,0,0,4,0,0,0,0,0,0,"- ","- ",,,MONTEREY,"PACIFIC GROVE",-121.92052726999999,36.614878789999999
8534276,2018,2018-01-23,2706,2018-01-01,0610,851,,1,5,4,2706,0,0,0,,0,003,"MONTECITO AV","RAMONA AV",0.00,,Y,B,-,N,,,,,,,,,,Y,3,0,1,3,A,-,08,22107,,N,C,E,A,A,H,-,C,D,0,,,,,Y,,A,07,0,1,0,0,0,0,0,0,0,"- ","- ",,,MONTEREY,MONTEREY,-121.86032104492188,36.600448608398438
8535616,2017,2018-01-29,2712,2017-12-16,2322,1062,2712,6,5,3,2712,0,0,0,,0,001,"IMJIN PW","ABRAMS DR",34.00,S,N,A,-,N,,,,,,,,,,N,4,0,1,2,A,-,03,22350,,N,C,C,A,A,H,-,C,A,0,,,,,Y,,A,01,0,0,1,0,0,0,0,0,0,"- ","- ",,,MONTEREY,MARINA,-121.79354389,36.663623270000002
8536310,2017,2018-03-05,2704,2017-12-29,1749,8061,2704,5,5,3,2704,0,0,0,,0,001,"OAK AV","EL CAMINO REAL",0.00,,Y,A,-,N,,,,,,,,,,N,4,0,1,2,A,-,09,21801,B,N,A,C,A,A,H,-,C,A,0,,,,,Y,,A,07,0,0,1,0,0,0,0,0,0,"- ","- ",,,MONTEREY,GREENFIELD,-121.24341987,36.320850100000001
8536618,2017,2018-01-22,2704,2017-12-30,2025,4845,2704,6,5,3,2704,0,0,0,,0,002,"APPLE AV","CARDONA ST",0.00,,Y,A,-,N,,,,,,,,,,N,4,0,1,2,A,-,10,21950,A,N,G,B,B,A,H,-,C,A,0,Y,,,,Y,Y,A,01,0,0,1,0,1,0,0,0,0,"- ","- ",,,MONTEREY,GREENFIELD,,
8536902,2017,2018-01-29,2712,2017-12-17,1309,1073,2712,7,5,3,2712,0,0,0,,0,001,"IMJIN PW","ABRAMS DR",111.00,S,N,A,-,N,,,,,,,,,,N,4,0,2,3,A,-,03,22350,,N,C,C,A,A,H,-,A,A,0,,,,,Y,,A,01,0,0,2,0,0,0,0,0,0,"- ","- ",,,MONTEREY,MARINA,-121.79338885,36.663452530000001
8537720,2017,2018-01-27,2708,2017-11-27,0754,08323,,1,5,6,2708,0,0,0,,0,011,"EAST BORONDA RD","RIDER AV",0.00,,Y,A,-,N,,,,,,,,,,Y,3,0,1,2,A,-,09,21801,A,N,-,C,A,B,H,-,A,D,0,,,,,Y,,-,,0,1,0,0,0,0,0,0,0,"- ","- ",,,MONTEREY,SALINAS,-121.60016989,36.700200029999998
8537724,2017,2018-01-27,2708,2017-11-21,1926,13133,,2,5,6,2708,0,0,0,,0,012,OREGON,"N SANBORN",0.00,,Y,A,-,N,,,,,,,,,,N,4,0,1,2,A,-,10,21950,A,N,D,G,A,A,H,-,C,A,0,,Y,,,Y,,-,,0,0,1,0,0,0,1,0,0,"- ","- ",,,MONTEREY,SALINAS,-121.62214991,36.682260049999996
8537728,2017,2018-02-12,2708,2017-11-20,1806,56793,,1,5,6,2708,0,0,0,,0,,"W ALISAL","SALINAS ST",0.00,,Y,A,-,N,,,,,,,,,,Y,4,0,1,2,A,-,12,21453,A,N,D,C,A,A,H,-,C,A,0,,,,,Y,,-,"- ",0,0,1,0,0,0,0,0,0,"- ","- ",,,MONTEREY,SALINAS,-121.65602994,36.673620020000001
8537732,2017,2018-01-27,2708,2017-11-21,0843,07661,,2,5,6,2708,0,0,0,,0,004,"EAST BORONDA RD","NATIVIDAD RD",200.00,E,N,A,-,N,,,,,,,,,,Y,4,0,1,3,A,-,03,22350,,N,C,C,A,A,H,-,A,D,0,,,,,Y,,-,,0,0,1,0,0,0,0,0,0,"- ","- ",,,MONTEREY,SALINAS,-121.62284142999999,36.715481359999998
8537748,2017,2018-01-27,2708,2017-11-09,1818,92575,SALIN,4,5,6,2708,0,0,0,,0,010,"SOUTH SANBORN RD",MCGOWAN,0.00,,Y,A,-,N,,,,,,,,,,N,3,0,3,2,A,-,08,22107,,N,D,C,A,A,H,-,B,D,0,,,,,Y,,-,,0,2,1,0,0,0,0,0,0,"- ","- ",,,MONTEREY,SALINAS,-121.62757987000001,36.670920109999997
90849778,2018,2018-10-31,9730,2018-10-21,1135,018886,,7,1,9,2700,0,1,3,,1,074,SR-1,"POTRERO ROAD",1300.00,S,N,A,-,Y,,,1,,,,,,,Y,4,0,1,2,A,-,09,21801,A,N,D,C,A,A,H,-,A,D,0,,,,,Y,,A,07,0,0,1,0,0,0,0,0,0,"- ","- ",36.787628173828125,-121.78218078613281,MONTEREY,UNINCORPORATED,-121.78221893310547,36.787612915039062
90849794,2018,2018-10-31,9730,2018-10-21,1825,020677,,7,2,9,2700,0,3,5,,2,003,"CARMEL VALLEY RD","CACHAGUA RD.",21120.00,E,N,A,-,N,,,,,,,,,,Y,4,0,1,1,A,-,03,22350,,N,E,A,A,A,H,-,D,D,0,,,Y,,Y,,C,02,0,0,1,0,0,0,0,0,1,"- ","- ",36.441051483154297,-121.64116668701172,MONTEREY,UNINCORPORATED,-121.62097930908203,36.428146362304688
90849836,2018,2018-10-31,9730,2018-10-21,1350,020677,,7,1,9,2700,0,3,5,,2,003,"GLORIA RD","US-101 N/B",40920.00,E,N,A,-,N,,,,,,,,,,Y,3,0,1,1,A,-,03,22350,,N,F,A,A,A,H,-,A,D,0,,,Y,,Y,,C,02,0,1,0,0,0,0,0,0,1,"- ","- ",36.529129028320312,-121.30657958984375,MONTEREY,UNINCORPORATED,,
90850004,2018,2018-10-31,9730,2018-10-22,0936,016666,,1,1,9,2700,0,2,4,,1,023,"CARMEL VALLEY ROAD","RANCHO FIESTA ROAD",1056.00,W,N,A,-,N,,,,,,,,,,Y,4,0,1,1,C,-,18,,,N,E,I,A,A,H,-,A,D,0,,,,,Y,,-,"- ",0,0,1,0,0,0,0,0,0,"- ","- ",36.514499664306641,-121.77719879150391,MONTEREY,UNINCORPORATED,-121.77841186523438,36.515003204345703
90850026,2018,2018-10-31,9730,2018-10-22,0545,018886,,1,3,9,2700,0,1,3,,1,072,SR-156,"MCGUFFIE ROAD",0.00,,Y,A,-,Y,,,156,,,,,,,Y,4,0,1,1,A,-,08,22107,,N,E,I,A,A,H,-,D,D,0,,,,,Y,,A,01,0,0,1,0,0,0,0,0,0,"- ","- ",36.788631439208984,-121.67489624023438,MONTEREY,UNINCORPORATED,-121.67490386962891,36.788642883300781
90850032,2018,2018-10-31,9730,2018-10-22,2300,018302,,1,3,9,2700,0,1,3,,2,062,"SR-1 NORTHBOUND","RESERVATION ROAD",4224.00,N,N,A,-,Y,,,1,,,,,,N,Y,4,0,1,2,D,-,00,,,N,C,C,A,A,H,-,D,D,0,,,,,Y,,-,"- ",0,0,1,0,0,0,0,0,0,"- ","- ",36.707401275634766,-121.79862976074219,MONTEREY,UNINCORPORATED,-121.798583984375,36.707370758056641
90850295,2018,2018-10-31,9735,2018-10-28,2153,020841,,7,2,9,2700,0,1,3,,1,034,SR-198,"GRIFFIN ROAD",735.00,E,N,A,-,Y,,,198,,,,,,,Y,2,0,2,1,A,-,03,22350,,N,E,H,A,A,H,-,D,D,0,,,,,Y,,A,01,2,0,0,0,0,0,0,0,0,"- ","- ",36.196159362792969,-120.71219635009766,MONTEREY,UNINCORPORATED,-120.71224975585938,36.196071624755859
90850309,2018,2018-10-31,9735,2018-09-30,1933,019800,,7,2,9,2700,0,1,2,,1,041,"US-101 S/B","TEAGUE AVE",1584.00,S,N,A,-,Y,,,101,,,,,,S,Y,1,1,4,2,A,-,08,22107,,N,A,C,A,A,H,-,D,D,0,,,,,Y,,A,07,2,2,0,0,0,0,0,0,0,"- ","- ",36.256679534912109,-121.17839813232422,MONTEREY,UNINCORPORATED,-121.17835998535156,36.256690979003906
90850314,2018,2018-10-31,9735,2018-09-30,1934,019800,,7,2,9,2700,0,1,2,,1,041,"US-101 S/B","TEAGUE AVE",8527200.00,S,N,A,-,Y,,,101,,,,,,S,Y,2,0,2,2,C,-,18,,,N,D,C,A,A,H,-,D,D,0,,,,,Y,,-,"- ",1,1,0,0,0,0,0,0,0,"- ","- ",36.256679534912109,-121.17839813232422,MONTEREY,UNINCORPORATED,-121.17835998535156,36.256690979003906
90850396,2018,2018-11-01,9730,2018-10-22,1734,019239,,1,2,9,2700,0,3,5,,2,003,"RIVER RD","CHUALAR RIVER RD",5280.00,N,N,A,-,N,,,,,,,,,,Y,3,0,3,1,A,-,08,22107,,N,E,I,A,A,H,-,A,D,0,,,,,Y,,A,07,0,3,0,0,0,0,0,0,0,"- ","- ",36.564098358154297,-121.56400299072266,MONTEREY,UNINCORPORATED,-121.56415557861328,36.563999176025391
90850408,2018,2018-11-01,9730,2018-10-24,0830,018298,,3,1,9,2700,0,1,2,,1,030,"US-101 N/B","SOLEDAD PRISON RD.",1056.00,S,N,A,-,Y,,,101,,,,,,N,Y,3,0,1,2,A,-,03,22350,,N,C,C,A,A,H,-,A,D,0,,,,,Y,,A,01,0,1,0,0,0,0,0,0,0,"- ","- ",36.463138580322266,-121.38458251953125,MONTEREY,UNINCORPORATED,-121.38455963134766,36.463161468505859
90850422,2018,2018-11-01,9730,2018-10-23,0655,022047,,2,1,9,2700,0,3,5,,2,006,"MCFADDEN RD.","COOPER RD.",1056.00,E,N,B,-,N,,,,,,,,,,Y,4,0,3,2,A,-,05,21650,,N,A,C,A,A,H,-,B,D,0,,,,,Y,,A,01,0,0,3,0,0,0,0,0,0,"- ","- ",36.693218231201172,-121.73065185546875,MONTEREY,UNINCORPORATED,-121.73136901855469,36.693161010742188
90850450,2018,2018-11-01,9730,2018-10-23,0735,016537,,2,1,9,2700,0,2,4,,2,063,"BLANCO RD.","HITCHCOCK RD.",2112.00,E,N,B,-,N,,,,,,,,,,Y,3,0,1,2,A,-,03,22350,,N,C,C,A,A,D,-,A,D,0,,,,,Y,,D,22,0,1,0,0,0,0,0,0,0,"- ","- ",36.672420501708984,-121.69518280029297,MONTEREY,UNINCORPORATED,-121.69583892822266,36.672779083251953
90850461,2018,2018-11-01,9730,2018-10-24,0630,016537,,3,1,9,2700,0,1,2,,1,030,"US-101 N/B","GLORIA RD.",0.00,,N,A,-,Y,,,101,,,,,,N,Y,3,0,1,2,A,-,03,22350,,N,C,C,A,A,H,-,D,D,0,,,,,Y,,A,01,0,1,0,0,0,0,0,0,0,"- ","- ",36.489311218261719,-121.42398834228516,MONTEREY,UNINCORPORATED,-121.42401885986328,36.489276885986328
90850486,2018,2018-11-01,9730,2018-10-24,0820,016537,,3,1,3,2711,0,1,2,,1,030,"US-101 N/B","FRONT ST. U/C",10.00,S,N,A,-,Y,,,101,,,,,,N,Y,3,0,1,2,A,-,03,22350,,N,C,C,A,A,H,-,A,D,0,,,,,Y,,A,01,0,1,0,0,0,0,0,0,0,"- ","- ",36.431529998779297,-121.33706665039062,MONTEREY,SOLEDAD,-121.33710479736328,36.4315185546875
90850600,2018,2018-11-01,9730,2018-10-24,0635,016537,,3,1,9,2700,0,1,2,,1,030,"US-101 N/B","GLORIA RD.",3696.00,S,N,A,-,Y,,,101,,,,,,N,Y,3,0,2,3,A,-,03,22350,,N,C,C,A,A,H,-,D,D,0,,,,,Y,,A,01,0,2,0,0,0,0,0,0,0,"- ","- ",36.486431121826172,-121.42064666748047,MONTEREY,UNINCORPORATED,-121.42061614990234,36.486473083496094
90852569,2018,2018-11-05,9730,2018-10-25,2050,021707,,4,2,9,2700,0,3,5,,2,006,"ESPINOSA ROAD","RODGERS ROAD",0.00,,N,A,-,N,,,,,,,,,,Y,3,0,4,4,A,-,03,22350,,N,C,C,A,A,H,-,D,D,0,,,,,Y,,A,07,0,2,2,0,0,0,0,0,0,"- ","- ",36.746761322021484,-121.69908905029297,MONTEREY,UNINCORPORATED,-121.69139862060547,36.744300842285156
90852618,2018,2019-09-10,9730,2018-10-25,0828,020621,,4,1,9,2700,0,1,3,,1,022,SR-1,"3RD AVENUE",0.00,,Y,A,-,Y,,,1,,,,,,,N,3,0,1,2,A,-,08,22107,,N,D,G,A,A,H,-,A,D,0,,Y,,,Y,,A,07,0,1,0,0,0,0,1,0,0,"- ","- ",36.559581756591797,-121.91179656982422,MONTEREY,UNINCORPORATED,-121.91167449951172,36.559597015380859
90852649,2018,2018-11-05,9730,2018-10-25,0650,016537,,4,1,9,2700,0,1,2,,1,070,"US-101 N/B","SAN MIGUEL CYN RD.",1056.00,S,N,A,-,Y,,,101,,,,,,N,Y,3,0,2,2,A,-,03,22350,,N,C,C,A,A,H,-,A,D,0,,,,,Y,,A,07,0,2,0,0,0,0,0,0,0,"- ","- ",36.795509338378906,-121.66623687744141,MONTEREY,UNINCORPORATED,-121.66622161865234,36.795505523681641