CASE_ID,ACCIDENT_YEAR,PROC_DATE,JURIS,COLLISION_DATE,COLLISION_TIME,OFFICER_ID,REPORTING_DISTRICT,DAY_OF_WEEK,CHP_SHIFT,POPULATION,CNTY_CITY_LOC,SPECIAL_COND,BEAT_TYPE,CHP_BEAT_TYPE,CITY_DIVISION_LAPD,CHP_BEAT_CLASS,BEAT_NUMBER,PRIMARY_RD,SECONDARY_RD,DISTANCE,DIRECTION,INTERSECTION,WEATHER_1,WEATHER_2,STATE_HWY_IND,CALTRANS_COUNTY,CALTRANS_DISTRICT,STATE_ROUTE,ROUTE_SUFFIX,POSTMILE_PREFIX,POSTMILE,LOCATION_TYPE,RAMP_INTERSECTION,SIDE_OF_HWY,TOW_AWAY,COLLISION_SEVERITY,NUMBER_KILLED,NUMBER_INJURED,PARTY_COUNT,PRIMARY_COLL_FACTOR,PCF_CODE_OF_VIOL,PCF_VIOL_CATEGORY,PCF_VIOLATION,PCF_VIOL_SUBSECTION,HIT_AND_RUN,TYPE_OF_COLLISION,MVIW,PED_ACTION,ROAD_SURFACE,ROAD_COND_1,ROAD_COND_2,LIGHTING,CONTROL_DEVICE,CHP_ROAD_TYPE,PEDESTRIAN_ACCIDENT,BICYCLE_ACCIDENT,MOTORCYCLE_ACCIDENT,TRUCK_ACCIDENT,NOT_PRIVATE_PROPERTY,ALCOHOL_INVOLVED,STWD_VEHTYPE_AT_FAULT,CHP_VEHTYPE_AT_FAULT,COUNT_SEVERE_INJ,COUNT_VISIBLE_INJ,COUNT_COMPLAINT_PAIN,COUNT_PED_KILLED,COUNT_PED_INJURED,COUNT_BICYCLIST_KILLED,COUNT_BICYCLIST_INJURED,COUNT_MC_KILLED,COUNT_MC_INJURED,PRIMARY_RAMP,SECONDARY_RAMP,LATITUDE,LONGITUDE,COUNTY,CITY,POINT_X,POINT_Y
90853541,2018,2019-01-09,9730,2018-07-12,1940,019127,,4,2,9,2700,0,2,4,,1,023,"WEST CARMEL VALLEY ROAD","COUNTRY CLUB DRIVE",2640.00,E,N,B,-,N,,,,,,,,,,Y,1,1,2,2,A,-,01,23152,A,N,A,C,A,A,H,-,B,D,0,,,,,Y,Y,A,07,2,0,0,0,0,0,0,0,0,"- ","- ",36.490261077880859,-121.74446868896484,MONTEREY,UNINCORPORATED,-121.75023651123047,36.496723175048828
90853548,2018,2018-11-06,9730,2018-10-06,0550,018886,,6,3,9,2700,0,3,5,,2,006,"MONTE ROAD","NEPONSET ROAD",750.00,N,N,A,-,N,,,,,,,,,,N,2,0,1,2,A,-,08,22107,,F,G,B,E,A,H,-,D,D,0,Y,,,,Y,,-,99,1,0,0,0,1,0,0,0,0,"- ","- ",36.727649688720703,-121.78649139404297,MONTEREY,UNINCORPORATED,-121.78646850585938,36.727725982666016
90853955,2018,2018-11-06,9730,2018-10-26,1647,022129,,5,2,9,2700,0,3,5,,2,007,"LEWIS ROAD","SAN MIGUEL CANYON ROAD",792.00,E,N,A,-,N,,,,,,,,,,Y,3,0,1,1,A,-,03,22350,,N,E,I,A,A,H,-,A,D,0,,,,,Y,,A,01,0,1,0,0,0,0,0,0,0,"- ","- ",36.878608703613281,-121.69090270996094,MONTEREY,UNINCORPORATED,-121.68795013427734,36.877738952636719
90853969,2018,2018-11-06,9730,2018-10-26,0030,020990,,5,3,9,2700,0,1,3,,1,024,SR-68,"SKYLINE FOREST DRIVE",550.00,W,N,A,-,Y,,,68,,,,,,,Y,3,0,1,3,A,-,03,22350,,N,C,C,A,A,D,-,D,A,0,,,,,Y,,A,01,0,1,0,0,0,0,0,0,0,"- ","- ",36.587100982666016,-121.91963195800781,MONTEREY,UNINCORPORATED,-121.91963195800781,36.58709716796875
90854001,2018,2018-11-06,9730,2018-10-26,1700,017502,,5,2,9,2700,0,1,3,,1,022,SR-1,"CARPENTER STREET",2112.00,N,N,A,-,Y,,,1,,,,,,,N,4,0,1,2,A,-,03,22350,,N,C,C,A,A,H,-,A,D,0,,,,,Y,,A,01,0,0,1,0,0,0,0,0,0,"- ","- ",36.572288513183594,-121.91326141357422,MONTEREY,UNINCORPORATED,-121.91309356689453,36.572299957275391
90854187,2018,2018-11-06,9730,2018-10-27,1627,021407,,6,2,9,2700,0,3,5,,2,006,"RESERVATION ROAD","INTER-GARRISON ROAD",0.00,,Y,A,-,N,,,,,,,,,,Y,3,0,4,2,A,-,12,21453,A,N,D,C,A,A,H,-,A,A,0,,,,,Y,,D,22,0,3,1,0,0,0,0,0,0,"- ","- ",36.659698486328125,-121.74179840087891,MONTEREY,UNINCORPORATED,-121.74178314208984,36.659679412841797
90854227,2018,2018-11-06,9730,2018-10-28,0155,019100,,7,3,9,2700,0,3,5,,2,004,"25810 ROOSEVELT STREET","WASHINGTON STREET",50.00,E,N,B,-,N,,,,,,,,,,N,4,0,1,2,A,-,08,22107,,M,C,E,A,A,H,-,C,D,0,,,,,Y,Y,A,01,0,0,1,0,0,0,0,0,0,"- ","- ",36.340408325195312,-121.30448913574219,MONTEREY,UNINCORPORATED,-121.51263427734375,36.566925048828125
90854240,2018,2018-11-06,9730,2018-10-28,1330,019529,,7,1,9,2700,0,1,3,,1,068,"STATE ROUTE 68 (WESTBOUND)","SPRECKLES BLVD.",150.00,E,N,A,-,Y,,,68,,,,,,,Y,4,0,1,1,A,-,08,22107,,N,A,I,A,A,H,-,A,D,0,,,,,Y,,A,01,0,0,1,0,0,0,0,0,0,"- ","- ",36.635608673095703,-121.66824340820312,MONTEREY,UNINCORPORATED,-121.66796875,36.635448455810547
90854264,2018,2018-11-06,9730,2018-10-28,0230,020896,,7,3,9,2700,0,2,4,,1,073,"SAN MIGUEL CANYON RD","CASTROVILLE BLVD",100.00,E,N,A,-,N,,,,,,,,,,Y,3,0,1,1,A,-,01,23152,A,N,E,I,A,A,H,-,D,D,0,,,,,Y,Y,A,01,0,1,0,0,0,0,0,0,0,"- ","- ",36.808418273925781,-121.67165374755859,MONTEREY,UNINCORPORATED,-121.67165374755859,36.808216094970703
90854670,2018,2018-11-07,9730,2018-10-29,1059,020933,,1,1,9,2700,0,1,2,,1,070,"US-101 N/B","ESPINOSA ROAD U/C",500.00,S,N,A,-,Y,,,101,,,,,,N,N,4,0,1,2,A,-,03,22350,,N,C,C,A,A,C,-,A,A,0,,,,,Y,,A,01,0,0,1,0,0,0,0,0,0,"- ","- ",36.732990264892578,-121.65689086914062,MONTEREY,UNINCORPORATED,-121.65695953369141,36.732994079589844
90854672,2018,2018-11-07,9730,2018-10-29,1359,021407,,1,1,9,2700,0,3,5,,2,005,"HEBERT ROAD","SAN JUAN GRADE ROAD",158.00,E,N,A,-,N,,,,,,,,,,Y,2,0,2,1,A,-,01,23152,A,N,E,I,A,A,H,-,A,D,0,,,,,Y,Y,A,07,1,1,0,0,0,0,0,0,0,"- ","- ",36.757301330566406,-121.61180114746094,MONTEREY,UNINCORPORATED,-121.61528778076172,36.759342193603516
90854685,2018,2018-11-07,9730,2018-10-29,0545,015160,,1,3,9,2700,0,2,4,,1,073,"WERNER ROAD","SALINAS ROAD",5.00,S,N,A,-,N,,,,,,,,,,N,4,0,2,2,A,-,08,22107,,M,D,C,A,A,H,-,D,A,0,,,,,Y,,A,01,0,0,2,0,0,0,0,0,0,"- ","- ",36.878139495849609,-121.75,MONTEREY,UNINCORPORATED,-121.75140380859375,36.878269195556641
90855006,2018,2018-11-07,9730,2018-10-30,0745,017803,,2,1,9,2700,0,3,5,,2,006,"BLACKIE RD","DEL MONTE AVE",0.00,,Y,A,-,N,,,,,,,,,,Y,4,0,1,2,A,-,09,21802,A,N,D,C,A,A,H,-,A,A,0,,,,,Y,,A,07,0,0,1,0,0,0,0,0,0,"- ","- ",36.758071899414062,-121.74417114257812,MONTEREY,UNINCORPORATED,-121.744140625,36.757961273193359
90855012,2018,2018-11-07,9730,2018-10-28,0540,022047,,7,3,9,2700,0,1,3,,1,066,"SR-183 S/B","OLD CEMETERY RD.",1056.00,N,N,E,-,Y,,,183,,,,,,S,Y,4,0,1,2,A,-,09,21801,A,M,E,I,A,A,H,-,D,D,0,,,,,Y,,-,99,0,0,1,0,0,0,0,0,0,"- ","- ",36.688381195068359,-121.68485260009766,MONTEREY,UNINCORPORATED,-121.68486022949219,36.688362121582031
90855333,2018,2018-11-07,9730,2018-10-31,1005,017785,,3,1,9,2700,0,1,2,,1,030,"US-101 NORTHBOUND","OLD STAGE ROAD",2112.00,S,N,A,-,Y,,,101,,,,,,N,Y,4,0,1,1,A,-,08,22107,,N,E,I,A,A,H,-,A,D,0,,,,,Y,,A,01,0,0,1,0,0,0,0,0,0,"- ","- ",36.522789001464844,-121.45762634277344,MONTEREY,UNINCORPORATED,-121.45763397216797,36.522743225097656
90855665,2018,2018-11-07,9735,2018-10-21,2115,021120,,7,2,9,2700,0,1,2,,2,044,"US-101 N/B","LOS LOBOS RD",930.00,N,N,A,-,Y,,,101,,,,,,N,Y,2,0,1,2,C,-,18,,,N,E,H,A,A,H,-,D,D,0,,,Y,,Y,,-,"- ",1,0,0,0,0,0,0,0,1,"- ","- ",35.977851867675781,-120.90093231201172,MONTEREY,UNINCORPORATED,-120.90090942382812,35.977863311767578
90855667,2018,2018-11-07,9735,2018-10-21,2114,021120,,7,2,9,2700,0,1,2,,2,044,"US-101 N/B","LOS LOBOS RD",850.00,N,N,A,-,Y,,,101,,,,,,N,Y,3,0,1,1,C,-,18,,,N,E,H,A,A,H,-,D,D,0,,,,,Y,,-,"- ",0,1,0,0,0,0,0,0,0,"- ","- ",35.977638244628906,-120.90080261230469,MONTEREY,UNINCORPORATED,-120.90077972412109,35.977653503417969
90855670,2018,2018-11-07,9735,2018-10-21,2116,021120,,7,2,9,2700,0,1,2,,2,044,"US-101 N/B","LOS LOBOS RD.",900.00,N,N,A,-,Y,,,101,,,,,,N,Y,4,0,1,1,C,-,18,,,N,E,H,A,A,H,-,D,D,0,,,,,Y,,-,"- ",0,0,1,0,0,0,0,0,0,"- ","- ",35.977638244628906,-120.90080261230469,MONTEREY,UNINCORPORATED,-120.90077972412109,35.977653503417969
90855841,2018,2018-11-08,9730,2018-10-31,1300,020391,,3,1,9,2700,0,3,5,,2,007,"HUDSON LANDING RD","SPRING RD",488.00,W,N,A,-,N,,,,,,,,,,N,4,0,1,2,A,-,11,21954,A,N,G,B,E,A,H,-,A,D,0,Y,,,,Y,,N,60,0,0,1,0,1,0,0,0,0,"- ","- ",36.867198944091797,-121.74955749511719,MONTEREY,UNINCORPORATED,-121.74944305419922,36.867214202880859
90855899,2018,2018-11-08,9730,2018-10-31,1745,021407,,3,2,9,2700,0,1,3,,2,062,SR-1,"IMJIN ROAD",2640.00,S,N,A,-,Y,,,1,,,,,,,Y,4,0,1,2,A,-,03,22350,,N,C,C,A,A,H,-,A,D,0,,,,,Y,,A,01,0,0,1,0,0,0,0,0,0,"- ","- ",36.659801483154297,-121.81620025634766,MONTEREY,UNINCORPORATED,-121.81633758544922,36.659809112548828
90855969,2018,2018-11-08,9730,2018-11-01,0915,017785,,4,1,9,2700,0,1,2,,1,050,"US-101 NORTHBOUND","HARTNELL ROAD",100.00,N,N,A,-,Y,,,101,,,,,,N,Y,4,0,4,2,A,-,09,21802,A,N,C,C,A,A,H,-,A,A,0,,,,,Y,,A,01,0,0,4,0,0,0,0,0,0,"- ","- ",36.623008728027344,-121.58090972900391,MONTEREY,UNINCORPORATED,-121.58092498779297,36.622989654541016
90855984,2018,2018-11-08,9730,2018-11-01,0800,017785,,4,1,9,2700,0,2,4,,2,063,"BLANCO ROAD","DAVIS ROAD",90.00,W,N,A,-,N,,,,,,,,,,N,4,0,1,2,A,-,03,22350,,N,C,C,A,A,H,-,A,A,0,,,,,Y,,A,07,0,0,1,0,0,0,0,0,0,"- ","- ",36.666919708251953,-121.68556976318359,MONTEREY,UNINCORPORATED,-121.68538665771484,36.666912078857422
90856034,2018,2018-11-08,9730,2018-11-01,0945,017785,,4,1,9,2700,0,2,4,,2,063,"BLANCO ROAD","SAN JUAN DRIVE",0.00,,Y,A,-,N,,,,,,,,,,Y,4,0,1,2,A,-,09,21802,A,N,D,C,A,A,H,-,A,A,0,,,,Y,Y,,A,07,0,0,1,0,0,0,0,0,0,"- ","- ",36.65399169921875,-121.65225219726562,MONTEREY,UNINCORPORATED,-121.65225982666016,36.653839111328125
90856050,2018,2018-11-08,9730,2018-11-02,1505,021856,,5,2,9,2700,0,1,3,,2,062,"SR-1 SB","SR-68 (HOLMAN HIGHWAY)",1584.00,N,N,A,-,Y,,,1,,,,,,S,Y,3,0,1,1,A,-,08,22107,,N,E,I,A,A,H,-,A,D,0,,,,,Y,,A,01,0,1,0,0,0,0,0,0,0,"- ","- ",36.577690124511719,-121.90854644775391,MONTEREY,UNINCORPORATED,-121.90853118896484,36.577655792236328
90856060,2018,2018-11-08,9730,2018-11-02,0840,019239,,5,1,6,2708,0,1,2,,1,050,"US-101 NB","AIRPORT BLVD O.C.",1056.00,S,N,A,-,Y,,,101,,,,,,N,Y,4,0,2,2,A,-,03,22350,,N,C,C,A,A,H,-,A,D,0,,,,,Y,,A,01,0,0,2,0,0,0,0,0,0,"- ","- ",36.657100677490234,-121.62049865722656,MONTEREY,SALINAS,-121.62057495117188,36.657054901123047
90856077,2018,2018-11-08,9730,2018-10-29,0700,018886,,1,1,9,2700,0,3,5,,2,006,"DEL MONTE BOULEVARD","CHARLES BENSON ROAD",375.00,S,N,A,-,N,,,,,,,,,,Y,4,0,2,3,A,-,03,22350,,N,C,C,A,A,H,-,A,D,0,,,,,Y,,A,08,0,0,2,0,0,0,0,0,0,"- ","- ",36.719711303710938,-121.78772735595703,MONTEREY,UNINCORPORATED,-121.78770446777344,36.719779968261719
90856144,2018,2018-11-08,9730,2018-11-02,1830,019127,,5,2,9,2700,0,3,5,,2,003,"HARKINS RD","NUTTING ST",1056.00,W,N,A,-,N,,,,,,,,,,Y,3,0,1,1,A,-,01,23152,A,N,F,A,A,A,H,-,C,D,0,,,,,Y,Y,A,01,0,1,0,0,0,0,0,0,0,"- ","- ",36.644290924072266,-121.63430786132812,MONTEREY,UNINCORPORATED,-121.63497924804688,36.643150329589844
90856153,2018,2018-11-08,9730,2018-11-02,0900,019569,,5,1,9,2700,0,1,3,,1,014,SR-1,"1 MON 42.00",75.00,N,N,A,-,Y,,,1,,,,,,,Y,4,0,1,2,A,-,08,22107,,F,D,C,A,A,H,-,A,D,0,,,,,Y,,A,08,0,0,1,0,0,0,0,0,0,"- ","- ",36.207908630371094,-121.73728942871094,MONTEREY,UNINCORPORATED,-121.73732757568359,36.208209991455078
90856377,2018,2018-11-08,9730,2018-11-03,1300,019569,,6,1,9,2700,0,2,4,,1,073,"HALL RD","PINI RD",75.00,W,N,A,-,N,,,,,,,,,,Y,4,0,1,1,A,-,08,22107,,N,F,A,A,A,H,-,A,D,0,,,,,Y,,A,07,0,0,1,0,0,0,0,0,0,"- ","- ",36.863700866699219,-121.71703338623047,MONTEREY,UNINCORPORATED,-121.71699523925781,36.864120483398438
90856809,2018,2018-11-09,9730,2018-11-02,1820,022129,,5,2,9,2700,0,2,4,,1,073,"SALINAS ROAD","TRAFTON ROAD",0.00,,Y,A,-,N,,,,,,,,,,Y,4,0,1,3,A,-,09,21802,A,N,D,C,A,A,H,-,D,D,0,,,,,Y,,A,07,0,0,1,0,0,0,0,0,0,"- ","- ",36.886791229248047,-121.74720764160156,MONTEREY,UNINCORPORATED,-121.74710845947266,36.886791229248047
90856820,2018,2018-11-09,9730,2018-11-03,1240,022047,,6,1,9,2700,0,1,3,,1,072,"SR-156 W/B","CASTROVILLE BLVD.",460.00,E,N,A,-,Y,,,156,,,,,,W,Y,4,0,2,2,A,-,03,22350,,N,C,C,A,A,H,-,A,D,0,,,,,Y,,A,01,0,0,2,0,0,0,0,0,0,"- ","- ",36.768939971923828,-121.74159240722656,MONTEREY,UNINCORPORATED,-121.74159240722656,36.768939971923828
90856823,2018,2018-11-09,9730,2018-11-04,1854,021407,,7,2,9,2700,0,2,4,,2,063,"BLANCO ROAD","ARMSTRONG ROAD",560.00,E,N,A,-,N,,,,,,,,,,Y,4,0,1,2,A,-,03,22350,,N,C,C,A,A,H,-,D,D,0,,,,,Y,,A,01,0,0,1,0,0,0,0,0,0,"- ","- ",36.678699493408203,-121.70659637451172,MONTEREY,UNINCORPORATED,-121.70603179931641,36.678455352783203
90856900,2018,2018-11-09,9730,2018-11-07,1616,019239,,3,2,9,2700,0,3,5,,2,003,"RIVER RD","LAS PALMAS PARKWAY",175.00,W,N,A,-,N,,,,,,,,,,Y,3,0,1,1,A,-,08,22107,,N,F,A,A,A,H,-,A,D,0,,,,,Y,,A,01,0,1,0,0,0,0,0,0,0,"- ","- ",36.6072998046875,-121.64530181884766,MONTEREY,UNINCORPORATED,-121.64518737792969,36.607185363769531
90856941,2018,2018-12-11,9730,2018-10-31,0828,020598,,3,1,9,2700,0,1,3,,1,074,"SR-1 N/B","JETTY ROAD",200.00,N,N,B,-,Y,,,1,,,,,,N,Y,4,0,1,2,A,-,03,22350,,N,B,C,A,A,H,-,A,D,0,,,,,Y,,A,07,0,0,1,0,0,0,0,0,0,"- ","- ",36.817001342773438,-121.78589630126953,MONTEREY,UNINCORPORATED,-121.785888671875,36.817001342773438
90857393,2018,2018-11-09,9730,2018-11-04,1912,021856,,7,2,9,2700,0,3,5,,2,007,"SAN MIGUEL CANYON ROAD","LEWIS ROAD",528.00,N,N,A,-,N,,,,,,,,,,Y,2,0,1,1,A,-,03,22350,,N,E,I,A,A,H,-,D,D,0,,,Y,,Y,,C,02,1,0,0,0,0,0,0,0,1,"- ","- ",36.878639221191406,-121.68717193603516,MONTEREY,UNINCORPORATED,-121.68679809570312,36.878818511962891
90858343,2018,2018-11-12,9730,2018-11-04,1157,020933,,7,1,9,2700,0,1,3,,1,014,SR-1,"PALO COLORADO",1584.00,N,N,A,-,Y,,,1,,,,,,,Y,3,0,2,3,A,-,03,22350,,N,C,C,A,A,H,-,A,D,0,,,Y,,Y,,C,02,0,2,0,0,0,0,0,0,2,"- ","- ",36.402931213378906,-121.9090576171875,MONTEREY,UNINCORPORATED,-121.90906524658203,36.402919769287109
90858353,2018,2018-11-12,9730,2018-11-03,2035,019100,,6,2,9,2700,0,1,2,,1,050,"US-101 S/B","SPENCE ROAD",528.00,N,N,A,-,Y,,,,,,,,,,Y,4,0,2,2,A,-,09,21801,A,N,D,C,A,A,H,-,D,D,0,,,,Y,Y,,G,25,0,0,2,0,0,0,0,0,0,"- ","- ",36.364948272705078,-121.34580230712891,MONTEREY,UNINCORPORATED,-121.56845092773438,36.613666534423828
90859071,2018,2018-11-13,9735,2018-11-10,1620,021120,,6,2,9,2700,0,1,3,,2,030,"METZ RD.","BLUE JAY LN.",900.00,N,N,A,-,N,,,,,,,,,,N,4,0,1,1,A,-,08,22107,,N,F,A,A,A,H,-,A,D,0,,,Y,,Y,,C,02,0,0,1,0,0,0,0,0,1,"- ","- ",36.401470184326172,-121.25496673583984,MONTEREY,UNINCORPORATED,-121.26235961914062,36.405601501464844
90859174,2018,2018-11-13,9735,2018-11-01,2252,020841,,4,3,9,2700,0,1,2,,2,042,"US-101 N/B","LAYOUS O/C",6864.00,S,N,A,-,Y,,,101,,,,,,N,Y,2,0,1,2,A,-,03,22350,,N,C,C,A,A,H,-,D,D,0,,,,Y,Y,,A,01,1,0,0,0,0,0,0,0,0,"- ","- ",36.153858184814453,-121.04512786865234,MONTEREY,UNINCORPORATED,-121.04515075683594,36.153846740722656
90859192,2018,2018-11-13,9730,2018-11-06,0855,020621,,2,1,9,2700,0,3,5,,2,005,"ROGGE ROAD","JADE DRIVE",1056.00,E,N,A,-,N,,,,,,,,,,N,4,0,1,2,A,-,03,22350,,N,C,C,A,A,H,-,A,D,0,,,,,Y,,D,22,0,0,1,0,0,0,0,0,0,"- ","- ",36.729530334472656,-121.62737274169922,MONTEREY,UNINCORPORATED,-121.62769317626953,36.729644775390625
90859215,2018,2018-11-13,9735,2018-11-01,2253,020841,,4,3,9,2700,0,1,2,,2,042,"US-101 N/B","LAYOUS O/C",6864.00,S,N,A,-,Y,,,101,,,,,,N,N,1,1,0,2,C,-,18,,,N,G,B,F,A,H,-,D,D,0,Y,,,,Y,,-,"- ",0,0,0,1,0,0,0,0,0,"- ","- ",36.153858184814453,-121.04514312744141,MONTEREY,UNINCORPORATED,-121.04515075683594,36.153850555419922
90859652,2018,2018-11-14,9730,2018-11-05,0655,020933,,1,1,9,2700,0,3,5,,2,004,"OLD STAGE ROAD","ASSOCIATED LANE",2112.00,N,N,E,-,N,,,,,,,,,,Y,2,0,1,1,A,-,08,22107,,N,E,I,A,A,H,-,A,A,0,,,,,Y,,D,22,1,0,0,0,0,0,0,0,0,"- ","- ",36.529880523681641,-121.47268676757812,MONTEREY,UNINCORPORATED,-121.471435546875,36.528900146484375
90860213,2018,2018-11-14,9730,2018-11-04,1520,022092,,7,2,9,2700,0,1,2,,1,030,"US-101 S/B",101MON70.00,19.00,S,N,A,-,Y,,,101,,,,,,S,Y,3,0,1,1,A,-,08,22107,,M,E,I,A,A,H,-,A,D,0,,,,,Y,,D,22,0,1,0,0,0,0,0,0,0,"- ","- ",36.501548767089844,-121.43173980712891,MONTEREY,UNINCORPORATED,-121.43170166015625,36.501567840576172
90860216,2018,2018-11-14,9730,2018-11-04,1530,022092,,7,2,9,2700,0,1,2,,1,030,"US-101 S/B","CAMPHORA GLORIA ROAD",1056.00,S,N,A,-,Y,,,101,,,,,,S,Y,3,0,1,2,A,-,08,22107,,N,C,C,A,A,H,-,A,D,0,,,,,Y,,D,22,0,1,0,0,0,0,0,0,0,"- ","- ",36.444499969482422,-121.35710144042969,MONTEREY,UNINCORPORATED,-121.35708618164062,36.444515228271484
90860232,2018,2018-11-14,9730,2018-11-07,0655,017785,,3,1,9,2700,0,3,5,,2,004,"OLD STAGE ROAD","ALISAL ROAD",0.00,,Y,A,-,N,,,,,,,,,,Y,4,0,1,3,A,-,06,21751,,M,F,C,A,A,H,-,A,D,0,,,,,Y,,A,01,0,0,1,0,0,0,0,0,0,"- ","- ",36.630889892578125,-121.54257202148438,MONTEREY,UNINCORPORATED,-121.54270935058594,36.630901336669922
90860245,2018,2018-11-14,9730,2018-11-07,2050,020916,,3,2,9,2700,0,2,4,,1,073,"SAN MIGUEL CANYON ROAD","CASTROVILLE BOULEVARD",0.00,,Y,A,-,N,,,,,,,,,,Y,3,0,2,2,A,-,09,21802,A,N,D,C,A,A,H,-,D,A,0,,,,,Y,Y,A,01,0,1,1,0,0,0,0,0,0,"- ","- ",36.808429718017578,-121.67198181152344,MONTEREY,UNINCORPORATED,-121.67191314697266,36.808399200439453
90860475,2018,2018-11-15,9730,2018-11-07,2150,020065,,3,2,9,2700,0,1,3,,1,068,SR-68,"CORRAL DE TIERRA",2376.00,W,N,A,-,Y,,,68,,,,,,,Y,4,0,1,2,A,-,03,22350,,N,C,C,A,A,D,-,C,D,0,,,,,Y,,A,01,0,0,1,0,0,0,0,0,0,"- ","- ",36.575191497802734,-121.73416900634766,MONTEREY,UNINCORPORATED,-121.73416900634766,36.5751953125
8537752,2017,2018-01-27,2708,2017-11-19,2002,74130,SALIN,7,5,6,2708,0,0,0,,0,003,"BUCKINGHAM DR","BUCKINGHAM CIR",5.00,N,N,A,-,N,,,,,,,,,,Y,4,0,1,2,A,-,03,22350,A,N,C,E,A,A,H,-,C,D,0,,,,,Y,,-,,0,0,1,0,0,0,0,0,0,"- ","- ",,,MONTEREY,SALINAS,-121.63389171,36.712642000000002
8537756,2017,2018-01-27,2708,2017-11-22,1336,50883,SALIN,3,5,6,2708,0,0,0,,0,010,"E ALISAL ST","S PEARL ST",200.00,W,N,A,-,N,,,,,,,,,,Y,4,0,2,3,A,-,09,21804,A,N,A,C,A,A,H,-,A,D,0,,,,,Y,,-,,0,0,2,0,0,0,0,0,0,"- ","- ",,,MONTEREY,SALINAS,-121.63431605,36.67358299
8537760,2017,2018-01-27,2708,2017-11-16,1739,59156,SALIN,4,5,6,2708,0,0,0,,0,009,"EAST ROMIE LN","SOUTH MAIN ST",9.00,E,N,C,-,N,,,,,,,,,,N,3,0,2,3,A,-,10,21950,A,N,A,B,B,B,H,-,B,A,0,Y,,,,Y,,-,,0,2,0,0,2,0,0,0,0,"- ","- ",,,MONTEREY,SALINAS,-121.65771032000001,36.662623709999998
8539927,2017,2018-01-27,2706,2017-12-28,1508,410,2706,4,5,4,2706,0,0,0,,0,001,"LIGHTHOUSE AV","PACIFIC ST",0.00,,Y,A,-,N,,,,,,,,,,Y,4,0,1,1,A,-,07,21658,A,N,E,I,A,A,H,-,A,D,0,,,,,Y,,A,01,0,0,1,0,0,0,0,0,0,"- ","- ",,,MONTEREY,MONTEREY,-121.92272988000001,36.623440080000002
8539931,2017,2018-01-27,2706,2017-12-31,1111,114,MPD,7,5,4,2706,0,0,0,,0,002,"DEL MONTE AV","CAMINO EL ESTERO",222.00,E,N,A,-,N,,,,,,,,,,N,4,0,1,2,A,-,09,21804,A,N,B,C,A,A,H,-,A,D,0,,,,,Y,,A,01,0,0,1,0,0,0,0,0,0,"- ","- ",,,MONTEREY,MONTEREY,-121.88655353999999,36.599939999999997
8540127,2017,2018-04-04,2708,2017-12-23,1106,79223,,6,5,6,2708,0,0,0,,0,,"D ST","GALINDO ST",100.00,E,N,A,-,N,,,,,,,,,,Y,4,0,1,3,C,-,18,,,N,D,C,A,A,H,-,A,D,0,,,,,Y,,-,"- ",0,0,1,0,0,0,0,0,0,"- ","- ",,,MONTEREY,SALINAS,-121.60738267000001,36.68869591
8540132,2017,2018-02-10,2708,2017-11-28,0655,73452,,2,5,6,2708,0,0,0,,0,005,"NATIVIDAD RD","EAST LAUREL DR",0.00,,Y,A,-,N,,,,,,,,,,N,3,0,1,2,A,-,08,22100,A,M,B,C,A,A,H,-,B,A,0,,,,,Y,,-,,0,1,0,0,0,0,0,0,0,"- ","- ",,,MONTEREY,SALINAS,-121.63828998,36.696330019999998
8540225,2018,2018-03-21,2712,2018-02-13,0803,1073,2712,2,5,3,2712,0,0,0,,0,001,"IMJIN PW","3RD AV",329.00,W,N,A,-,N,,,,,,,,,,Y,4,0,1,3,A,-,03,22350,,N,C,C,A,A,H,-,A,D,0,,,,,Y,,A,01,0,0,1,0,0,0,0,0,0,"- ","- ",,,MONTEREY,MARINA,-121.80563354492188,36.666702270507812
8540482,2017,2018-01-26,2708,2017-12-28,1815,92575,SALIN,4,5,6,2708,0,0,0,,0,001,"NORTH DAVIS RD","BORONDA CROSSING PL",0.00,,Y,A,-,N,,,,,,,,,,Y,3,0,2,2,A,-,08,22107,,N,D,C,A,A,H,-,C,B,0,,,,,Y,,-,,0,2,0,0,0,0,0,0,0,"- ","- ",,,MONTEREY,SALINAS,-121.66704993,36.720210080000001