CASE_ID,ACCIDENT_YEAR,PROC_DATE,JURIS,COLLISION_DATE,COLLISION_TIME,OFFICER_ID,REPORTING_DISTRICT,DAY_OF_WEEK,CHP_SHIFT,POPULATION,CNTY_CITY_LOC,SPECIAL_COND,BEAT_TYPE,CHP_BEAT_TYPE,CITY_DIVISION_LAPD,CHP_BEAT_CLASS,BEAT_NUMBER,PRIMARY_RD,SECONDARY_RD,DISTANCE,DIRECTION,INTERSECTION,WEATHER_1,WEATHER_2,STATE_HWY_IND,CALTRANS_COUNTY,CALTRANS_DISTRICT,STATE_ROUTE,ROUTE_SUFFIX,POSTMILE_PREFIX,POSTMILE,LOCATION_TYPE,RAMP_INTERSECTION,SIDE_OF_HWY,TOW_AWAY,COLLISION_SEVERITY,NUMBER_KILLED,NUMBER_INJURED,PARTY_COUNT,PRIMARY_COLL_FACTOR,PCF_CODE_OF_VIOL,PCF_VIOL_CATEGORY,PCF_VIOLATION,PCF_VIOL_SUBSECTION,HIT_AND_RUN,TYPE_OF_COLLISION,MVIW,PED_ACTION,ROAD_SURFACE,ROAD_COND_1,ROAD_COND_2,LIGHTING,CONTROL_DEVICE,CHP_ROAD_TYPE,PEDESTRIAN_ACCIDENT,BICYCLE_ACCIDENT,MOTORCYCLE_ACCIDENT,TRUCK_ACCIDENT,NOT_PRIVATE_PROPERTY,ALCOHOL_INVOLVED,STWD_VEHTYPE_AT_FAULT,CHP_VEHTYPE_AT_FAULT,COUNT_SEVERE_INJ,COUNT_VISIBLE_INJ,COUNT_COMPLAINT_PAIN,COUNT_PED_KILLED,COUNT_PED_INJURED,COUNT_BICYCLIST_KILLED,COUNT_BICYCLIST_INJURED,COUNT_MC_KILLED,COUNT_MC_INJURED,PRIMARY_RAMP,SECONDARY_RAMP,LATITUDE,LONGITUDE,COUNTY,CITY,POINT_X,POINT_Y
8540508,2017,2018-01-29,2708,2017-12-23,1842,74130,SMW,6,5,6,2708,0,0,0,,0,004,"E LAUREL","NATIVIDAD RD",354.00,E,N,A,-,N,,,,,,,,,,Y,4,0,1,5,A,-,03,22350,A,N,C,C,A,A,H,-,C,A,0,,,,,Y,,-,,0,0,1,0,0,0,0,0,0,"- ","- ",,,MONTEREY,SALINAS,-121.63713592000001,36.696043529999997
8540512,2017,2018-01-29,2708,2017-12-15,0803,53260,,5,5,6,2708,0,0,0,,0,008,"W ALISAL ST","LINCOLN AV",0.00,,Y,A,-,N,,,,,,,,,,Y,3,0,2,2,A,-,12,21453,A,N,D,C,A,A,H,-,A,A,0,,,,,Y,,-,,0,1,1,0,0,0,0,0,0,"- ","- ",,,MONTEREY,SALINAS,-121.65684994999999,36.673520089999997
8540516,2017,2018-01-29,2708,2017-12-19,0957,53260,,2,5,6,2708,0,0,0,,0,010,"EAST MARKET ST","KINGS ST",0.00,,Y,A,-,N,,,,,,,,,,Y,3,0,1,2,A,-,09,21801,B,N,D,C,A,A,H,-,A,D,0,,,,,Y,,-,,0,1,0,0,0,0,0,0,0,"- ","- ",,,MONTEREY,SALINAS,-121.63903000000001,36.677280080000003
90861016,2018,2018-11-15,9730,2018-11-08,1112,016666,,4,1,9,2700,0,1,3,,1,022,"SR-1 S/B","OCEAN AVENUE",30.00,S,N,A,-,Y,,,1,,,,,,S,Y,4,0,1,3,A,-,03,22350,,N,C,C,A,A,H,-,A,A,0,,,Y,,Y,,A,08,0,0,1,0,0,0,0,0,1,"- ","- ",36.555801391601562,-121.91120147705078,MONTEREY,UNINCORPORATED,-121.91114044189453,36.555809020996094
90862451,2018,2018-11-19,9730,2018-11-08,0740,016666,,4,1,9,2700,0,1,3,,2,062,"S/B SR-1 TRANS TO FREMONT STREET","CAMINO AGUAJITO ROAD",30.00,N,N,A,-,Y,,,,,,,,,,Y,4,0,1,2,A,-,03,22350,,N,C,C,A,A,H,-,A,D,0,,,,,Y,,A,01,0,0,1,0,0,0,0,0,0,"- ","- ",36.593700408935547,-121.8822021484375,MONTEREY,UNINCORPORATED,,
90862460,2018,2018-11-19,9730,2018-11-08,1758,022151,,4,2,9,2700,0,1,3,,1,022,SR-1,"CARMEL VALLEY RD",0.00,,Y,A,-,Y,,,1,,,,,,,Y,2,0,1,2,A,-,01,23152,A,N,D,C,A,A,H,-,C,A,0,,,Y,,Y,Y,C,02,1,0,0,0,0,0,0,0,1,"- ","- ",36.543388366699219,-121.90833282470703,MONTEREY,UNINCORPORATED,-121.90837097167969,36.543376922607422
90862514,2018,2018-11-19,9730,2018-11-09,2005,022151,,5,2,9,2700,0,1,3,,1,022,SR-1,"MAL PASO RD",393.00,S,N,A,-,Y,,,1,,,,,,,Y,2,0,1,1,A,-,01,23152,A,N,F,I,A,A,H,-,D,D,0,,,,,Y,Y,A,01,1,0,0,0,0,0,0,0,0,"- ","- ",36.481731414794922,-121.93714141845703,MONTEREY,UNINCORPORATED,-121.93716430664062,36.481731414794922
90862521,2018,2018-11-19,9730,2018-11-12,0910,017785,,1,1,9,2700,0,3,5,,2,004,"ALISAL ROAD","OLD STAGE ROAD",190.00,N,N,A,-,N,,,,,,,,,,Y,4,0,1,1,A,-,08,22107,,N,E,I,A,A,H,-,A,D,0,,,,,Y,,A,07,0,0,1,0,0,0,0,0,0,"- ","- ",36.631458282470703,-121.54421234130859,MONTEREY,UNINCORPORATED,-121.54330444335938,36.631099700927734
90862775,2018,2018-11-19,9730,2018-11-10,0115,020990,,6,3,9,2700,0,1,3,,1,024,"SR-68 HOLMAN HIGHWAY","SKYLINE FOREST DRIVE",620.00,W,N,A,-,Y,,,68,,,,,,,Y,3,0,2,2,A,-,05,21460,A,N,A,C,A,A,H,-,D,D,0,,,,,Y,,A,01,0,2,0,0,0,0,0,0,0,"- ","- ",36.587291717529297,-121.9197998046875,MONTEREY,UNINCORPORATED,-121.91980743408203,36.587284088134766
90862784,2018,2018-11-19,9735,2018-11-01,1630,020710,,4,2,9,2700,0,2,4,,2,010,"ARROYO SECO ROAD","CLARK ROAD",5280.00,S,N,A,-,N,,,,,,,,,,Y,2,0,2,2,A,-,09,21804,A,N,D,C,A,A,H,-,A,D,0,,,,,Y,,D,22,1,0,1,0,0,0,0,0,0,"- ","- ",36.334918975830078,-121.31671142578125,MONTEREY,UNINCORPORATED,-121.31663513183594,36.334579467773438
90862936,2018,2018-11-19,9735,2018-11-13,0920,017257,,2,1,9,2700,0,3,5,,2,004,"INDIAN VALLEY ROAD","76121 INDIAN VALLEY ROAD",1056.00,S,N,A,-,N,,,,,,,,,,Y,4,0,1,1,A,-,08,22107,,N,F,A,A,A,H,-,A,D,0,,,,,Y,,D,23,0,0,1,0,0,0,0,0,0,"- ","- ",35.819438934326172,-120.70707702636719,MONTEREY,UNINCORPORATED,,
90863199,2018,2018-11-19,9730,2018-11-10,1608,021407,,6,2,9,2700,0,1,3,,1,066,SR-183,"SALINAS STREET",18.00,S,N,A,-,Y,,,183,,,,,,,Y,4,0,1,2,A,-,06,21755,,N,B,C,A,A,H,-,A,A,0,,,,Y,Y,,A,01,0,0,1,0,0,0,0,0,0,"- ","- ",36.761798858642578,-121.75289916992188,MONTEREY,UNINCORPORATED,-121.75284576416016,36.761878967285156
90863579,2018,2018-11-20,9730,2018-11-08,0755,020598,,4,1,9,2700,0,1,3,,1,024,"SR-68 W/B","SKYLINE FOREST DRIVE",0.00,,Y,A,-,Y,,,68,,,,,,W,Y,3,0,1,2,A,-,09,21801,A,N,D,C,A,A,H,-,A,D,0,,,,,Y,,A,07,0,1,0,0,0,0,0,0,0,"- ","- ",36.585700988769531,-121.91850280761719,MONTEREY,UNINCORPORATED,-121.91859436035156,36.585693359375
90863586,2018,2018-11-20,9730,2018-11-10,2100,021794,,6,2,9,2700,0,1,2,,1,070,"S/B US-101","PRUNEDALE SOUTH ROAD",422.00,S,N,A,-,Y,,,101,,,,,,,Y,2,0,2,2,A,-,01,23152,A,N,B,C,A,A,H,-,D,D,0,,,,Y,Y,Y,A,01,2,0,0,0,0,0,0,0,0,"- ","- ",36.758098602294922,-121.66580200195312,MONTEREY,UNINCORPORATED,-121.66574859619141,36.758113861083984
8540520,2017,2018-01-29,2708,2017-12-23,2118,28315,SALIN,6,5,6,2708,0,0,0,,0,010,"EAST LAUREL DR","ST EDWARDS DR",0.00,,Y,A,-,N,,,,,,,,,,Y,4,0,2,2,A,-,09,21801,A,N,D,C,A,A,H,-,C,A,0,,,,,Y,,-,,0,0,2,0,0,0,0,0,0,"- ","- ",,,MONTEREY,SALINAS,-121.62309998000001,36.686330009999999
8540524,2017,2018-01-29,2708,2017-12-11,0932,19702,SPD,1,5,6,2708,0,0,0,,0,006,"NORTH MAIN ST","ROSSI ST",0.00,,Y,A,-,N,,,,,,,,,,Y,4,0,1,3,A,-,12,21453,A,N,D,C,A,A,H,-,A,A,0,,,,,Y,,-,,0,0,1,0,0,0,0,0,0,"- ","- ",,,MONTEREY,SALINAS,-121.65408995,36.680890079999998
8540528,2017,2018-01-29,2708,2017-12-24,2329,56525,SALIN,7,5,6,2708,0,0,0,,0,005,"NATIVIDAD RD","EAST LAUREL DR",140.00,N,N,A,-,N,,,,,,,,,,N,4,0,1,2,A,-,08,22107,,F,B,C,A,A,H,-,C,A,0,,,,,Y,,-,,0,0,1,0,0,0,0,0,0,"- ","- ",,,MONTEREY,SALINAS,-121.63790272999999,36.696543599999998
8540532,2017,2018-01-29,2708,2017-12-26,1459,70843,,2,5,6,2708,0,0,0,,0,,"SALINAS ST","W ALISAL ST",0.00,,Y,A,-,N,,,,,,,,,,Y,3,0,3,2,D,-,00,,,N,D,C,A,A,H,-,A,A,0,,,,,Y,,-,"- ",0,1,2,0,0,0,0,0,0,"- ","- ",,,MONTEREY,SALINAS,-121.65602994,36.673620020000001
8540536,2017,2018-01-29,2708,2017-12-10,2030,28315,,7,5,6,2708,0,0,0,,0,010,"FREMONT ST","TERRACE ST",270.00,W,N,A,-,N,,,,,,,,,,N,4,0,1,3,A,-,03,22350,A,F,C,C,A,A,H,-,C,D,0,,,,,Y,,-,,0,0,1,0,0,0,0,0,0,"- ","- ",,,MONTEREY,SALINAS,-121.63393456,36.677666729999999
8540540,2017,2018-01-29,2708,2017-12-14,1611,25182,,4,5,6,2708,0,0,0,,0,002,"CRESCENT WY","ADAMS ST",50.00,E,N,A,-,N,,,,,,,,,,N,3,0,1,2,A,-,03,22350,,N,A,E,A,A,H,-,A,A,0,,,,,Y,,-,,0,1,0,0,0,0,0,0,0,"- ","- ",,,MONTEREY,SALINAS,-121.66294155,36.701351680000002
8540552,2017,2018-01-29,2708,2017-12-07,1742,03778,SALIN,4,5,6,2708,0,0,0,,0,005,"E BERNAL ST","NORTH MAIN ST",407.00,E,N,A,-,N,,,,,,,,,,N,4,0,1,2,A,-,10,21954,B,F,-,B,D,A,H,-,C,D,0,Y,,,,Y,Y,-,,0,0,1,0,1,0,0,0,0,"- ","- ",,,MONTEREY,SALINAS,-121.65089396,36.689905320000001
8540556,2017,2018-01-29,2708,2017-12-07,1647,53268,,4,5,6,2708,0,0,0,,0,003,"EAST BORONDA RD",MCKINNON,270.00,E,N,A,-,N,,,,,,,,,,Y,2,0,1,2,A,-,03,22350,,F,-,C,A,A,H,-,C,A,0,,,,,Y,,-,,1,0,0,0,0,0,0,0,0,"- ","- ",,,MONTEREY,SALINAS,-121.64275686000001,36.71692358
8540560,2017,2018-01-29,2708,2017-12-15,2049,54353,,5,5,6,2708,0,0,0,,0,005,"NORTH MAIN ST","CHAPARRAL ST",0.00,,Y,A,-,N,,,,,,,,,,Y,3,0,4,2,A,-,04,21703,,N,C,C,A,A,H,-,C,D,0,,,,,Y,Y,-,,0,4,0,0,0,0,0,0,0,"- ","- ",,,MONTEREY,SALINAS,-121.65291994,36.704030060000001
8540681,2017,2018-01-27,2708,2017-12-08,0858,49532,SALIN,5,5,6,2708,0,0,0,,0,005,"ALVIN DR","LINWOOD DR",200.00,W,N,A,-,N,,,,,,,,,,Y,3,0,4,3,A,-,09,21804,A,N,D,C,A,A,H,-,A,A,0,,,,,Y,,-,,0,2,2,0,0,0,0,0,0,"- ","- ",,,MONTEREY,SALINAS,-121.64099315,36.706069110000001
8540685,2017,2018-01-27,2708,2017-12-13,1250,73452,,3,5,6,2708,0,0,0,,0,005,"NORTH MAIN ST","WEST LAUREL DR",20.00,N,N,A,-,N,,,,,,,,,,N,4,0,2,2,A,-,03,22350,,N,C,C,A,A,H,-,A,A,0,,,,,Y,,-,,0,0,2,0,0,0,0,0,0,"- ","- ",,,MONTEREY,SALINAS,-121.65204051000001,36.699374290000002
8540689,2017,2018-01-27,2708,2017-12-13,1303,37663,,3,5,6,2708,0,0,0,,0,011,"GARNER AV","RIDER AV",0.00,,Y,A,-,N,,,,,,,,,,N,4,0,1,2,A,-,10,21950,A,N,G,B,B,A,H,-,A,A,0,Y,,,,Y,,-,,0,0,1,0,1,0,0,0,0,"- ","- ",,,MONTEREY,SALINAS,-121.61778988,36.689300070000002
8540693,2017,2018-01-27,2708,2017-12-12,0849,19702,SPD,2,5,6,2708,0,0,0,,0,009,"ABBOTT ST","EAST ROMIE LN",0.00,,Y,A,-,N,,,,,,,,,,Y,3,0,1,2,A,-,12,21453,A,N,A,C,A,A,H,-,A,A,0,,,,,Y,,-,,0,1,0,0,0,0,0,0,0,"- ","- ",,,MONTEREY,SALINAS,-121.63884999,36.658990090000003
8540697,2017,2018-01-27,2708,2017-12-04,0810,35838,2706,1,5,6,2708,0,0,0,,0,002,"LAFAYETTE WY","BROADWAY DR",0.00,,Y,A,-,N,,,,,,,,,,N,4,0,1,2,A,-,09,21802,A,N,A,B,B,A,H,-,A,D,0,Y,,,,Y,,-,,0,0,1,0,1,0,0,0,0,"- ","- ",,,MONTEREY,SALINAS,-121.64750991,36.71359004
8540701,2017,2018-07-13,2708,2017-12-14,1632,28315,,4,5,6,2708,0,0,0,,0,009,"RT 101",TERVEN,160.00,N,N,A,-,Y,MON,5,101,-,-,85.710,R,2,S,Y,4,0,1,2,A,-,07,21658,A,N,B,C,A,A,H,-,A,A,0,,,,,Y,,-,,0,0,1,0,0,0,0,0,0,SF,"- ",,,MONTEREY,SALINAS,-121.62367752,36.661919509999997
8540705,2017,2018-01-27,2708,2017-12-03,0027,54440,,7,5,6,2708,0,0,0,,0,012,"TOWT ST","COOPER AV",34.00,N,N,A,-,N,,,,,,,,,,N,4,0,1,2,A,-,11,21954,A,N,G,B,D,A,H,-,C,D,0,Y,,,,Y,Y,N,60,0,0,1,0,1,0,0,0,0,"- ","- ",,,MONTEREY,SALINAS,-121.61847516,36.678743750000002
8540709,2017,2018-01-27,2708,2017-12-16,2010,19735,SPD,6,5,6,2708,0,0,0,,0,003,"E BORANDA RD","NATIVIDAD RD",150.00,W,N,A,-,N,,,,,,,,,,Y,4,0,1,2,A,-,01,23153,A,N,C,C,A,A,H,-,C,A,0,,,,,Y,Y,-,,0,0,1,0,0,0,0,0,0,"- ","- ",,,MONTEREY,SALINAS,-121.62402536,36.715605400000001
8540713,2017,2018-01-27,2708,2017-12-11,2048,04125,,1,5,6,2708,0,0,0,,0,010,"KERN ST","ROOSEVELT ST",142.00,N,N,A,-,N,,,,,,,,,,Y,3,0,2,2,A,-,01,23152,A,N,C,E,A,A,H,-,D,D,0,,,,,Y,Y,-,,0,1,1,0,0,0,0,0,0,"- ","- ",,,MONTEREY,SALINAS,-121.64026839,36.67620694
8540717,2017,2018-01-27,2708,2017-12-12,2155,49021,SALIN,2,5,6,2708,0,0,0,,0,012,"E ALISAL ST","EAST MARKET ST",100.00,W,N,A,-,N,,,,,,,,,,Y,4,0,1,2,A,-,05,21460,A,F,A,C,A,A,H,-,C,A,0,,,,,Y,Y,-,,0,0,1,0,0,0,0,0,0,"- ","- ",,,MONTEREY,SALINAS,-121.61388986,36.67259713
8540886,2017,2018-01-31,2708,2017-11-14,0801,71633,SALIN,2,5,6,2708,0,0,0,,0,006,"WEST ROSSI ST","NORTH MAIN ST",130.00,W,N,A,-,N,,,,,,,,,,N,4,0,1,2,A,-,09,21804,A,N,D,C,A,A,H,-,A,D,0,,,,,Y,,-,,0,0,1,0,0,0,0,0,0,"- ","- ",,,MONTEREY,SALINAS,-121.65442763,36.681121519999998
8540890,2017,2018-01-31,2708,2017-11-21,1848,13133,,2,5,6,2708,0,0,0,,0,012,WILLIAMS,"E ALISAL",0.00,,Y,A,-,N,,,,,,,,,,N,3,0,3,2,A,-,09,21801,A,N,D,C,A,A,H,-,C,A,0,,,,,Y,,-,,0,2,1,0,0,0,0,0,0,"- ","- ",,,MONTEREY,SALINAS,-121.61989998,36.672160040000001
8540894,2017,2018-01-31,2708,2017-11-15,1527,75362,,3,5,6,2708,0,0,0,,0,006,"W ROSSI","RICO ST",0.00,,Y,B,-,N,,,,,,,,,,Y,4,0,2,2,A,-,09,21801,A,N,D,C,A,A,H,-,A,A,0,,,,,Y,,-,,0,0,2,0,0,0,0,0,0,"- ","- ",,,MONTEREY,SALINAS,-121.66150992999999,36.683930099999998
8540898,2017,2018-01-31,2708,2017-11-28,0746,APARKER,,2,5,6,2708,0,0,0,,0,008,"W ALISAL","CAPITOL ST",0.00,,Y,A,-,N,,,,,,,,,,N,4,0,1,2,A,-,10,21950,A,N,G,B,B,A,H,-,A,A,0,Y,,,,Y,,-,,0,0,1,0,1,0,0,0,0,"- ","- ",,,MONTEREY,SALINAS,-121.66007989000001,36.67311007
8540902,2017,2018-02-26,2708,2017-11-26,1638,30425,,7,5,6,2708,0,0,0,,0,,"EAST LAUREL DR","CONSTITUTION BL",191.00,E,N,C,-,N,,,,,,,,,,Y,4,0,2,2,A,-,03,22350,,N,C,C,A,B,H,-,C,A,0,,,,,Y,,-,,0,0,2,0,0,0,0,0,0,"- ","- ",,,MONTEREY,SALINAS,-121.63183904,36.694127979999998
90863963,2018,2018-11-20,9730,2018-11-12,1135,019315,,1,1,9,2700,0,1,3,,1,072,SR-156,US-101,1056.00,W,N,A,-,Y,,,156,,,,,,,Y,4,0,1,2,A,-,09,21801,A,N,D,C,A,A,H,-,A,D,0,,,,,Y,,A,07,0,0,1,0,0,0,0,0,0,"- ","- ",36.788871765136719,-121.67304229736328,MONTEREY,UNINCORPORATED,-121.67304229736328,36.788852691650391
90864038,2018,2018-11-20,9730,2018-11-13,0615,015160,,2,1,9,2700,0,1,3,,1,074,SR-1,"STRUVE ROAD SOUTH",50.00,N,N,B,-,Y,,,1,,,,,,,Y,4,0,1,2,A,-,03,22350,,N,C,C,A,A,H,-,A,D,0,,,,,Y,,A,01,0,0,1,0,0,0,0,0,0,"- ","- ",36.823440551757812,-121.77912139892578,MONTEREY,UNINCORPORATED,-121.77922821044922,36.823696136474609
90864260,2018,2018-11-20,9730,2018-11-12,1725,022151,,1,2,9,2700,0,2,4,,1,023,"CARMEL VALLEY RD","DORRIS DR",0.00,,Y,A,-,N,,,,,,,,,,Y,4,0,1,2,A,-,09,21802,A,N,B,C,A,A,H,-,C,A,0,,,,,Y,,A,07,0,0,1,0,0,0,0,0,0,"- ","- ",36.523731231689453,-121.80992889404297,MONTEREY,UNINCORPORATED,-121.81004333496094,36.523708343505859
90864635,2018,2018-11-21,9730,2018-11-14,1700,022129,,3,2,9,2700,0,3,5,,2,006,"DAVIS ROAD","SR-183 UNDERCROSSING",135.00,S,N,A,-,N,,,,,,,,,,Y,3,0,1,2,A,-,01,23152,A,N,A,C,A,A,H,-,A,D,0,,,,,Y,Y,A,01,0,1,0,0,0,0,0,0,0,"- ","- ",36.684280395507812,-121.67494964599609,MONTEREY,UNINCORPORATED,,
90864660,2018,2018-11-21,9730,2018-11-12,0625,020621,,1,1,9,2700,0,1,3,,1,074,"S/B SR-1","SALINAS ROAD OC",2112.00,N,N,A,-,Y,,,1,,,,,,,Y,4,0,1,2,A,-,07,21658,A,N,C,C,A,A,H,-,A,D,0,,,,,Y,,A,01,0,0,1,0,0,0,0,0,0,"- ","- ",36.875869750976562,-121.77101135253906,MONTEREY,UNINCORPORATED,-121.77102661132812,36.875865936279297
90865225,2018,2018-11-21,9735,2018-11-11,1610,021275,,7,2,9,2700,0,3,5,,2,002,"METZ RD",SR-146,3900.00,N,N,A,-,N,,,,,,,,,,Y,4,0,2,1,A,-,03,22350,,N,E,I,A,A,H,-,A,D,0,,,,,Y,,A,01,0,0,2,0,0,0,0,0,0,"- ","- ",36.423099517822266,-121.28781890869141,MONTEREY,UNINCORPORATED,-121.28760528564453,36.423168182373047
90866429,2018,2018-11-26,9730,2018-11-11,2350,022039,,7,3,9,2700,0,1,2,,1,030,"N/B US-101","HARTNELL ROAD",0.00,,Y,A,-,Y,,,101,,,,,,,Y,2,0,3,2,A,-,01,23152,A,N,C,C,A,A,H,-,D,D,0,,,,,Y,Y,A,01,2,1,0,0,0,0,0,0,0,"- ","- ",36.622989654541016,-121.58090972900391,MONTEREY,UNINCORPORATED,-121.58091735839844,36.622982025146484
90866877,2018,2018-11-26,9730,2018-11-16,0000,020701,,5,3,9,2700,0,1,3,,1,074,"DOLAN ROAD",SR-1,75.00,E,N,A,-,N,,,,,,,,,,Y,3,0,1,1,A,-,01,23152,A,N,E,I,A,A,H,-,D,D,0,,,,,Y,Y,A,01,0,1,0,0,0,0,0,0,0,"- ","- ",36.804100036621094,-121.78346252441406,MONTEREY,UNINCORPORATED,-121.78356170654297,36.804031372070312
90866898,2018,2018-11-26,9730,2018-11-17,0728,020598,,6,1,9,2700,0,2,4,,2,063,"BLANCO ROAD","COOPER ROAD",1909.00,E,N,A,-,N,,,,,,,,,,Y,3,0,1,1,A,-,08,22107,,N,E,I,A,A,H,-,A,D,0,,,,,Y,,D,22,0,1,0,0,0,0,0,0,0,"- ","- ",36.678901672363281,-121.72930145263672,MONTEREY,UNINCORPORATED,-121.72850799560547,36.6787109375
90867282,2018,2018-11-26,9730,2018-11-14,1515,022151,,3,2,9,2700,0,3,5,,2,004,"INNER PERIMETER ROAD","SALINAS VALLEY STATE PRISON  ROAD",2112.00,N,N,A,-,N,,,,,,,,,,Y,2,0,2,1,B,-,22,,,N,E,I,A,A,H,-,A,D,0,,,,,Y,,J,48,1,1,0,0,0,0,0,0,0,"- ","- ",36.476360321044922,-121.37323760986328,MONTEREY,UNINCORPORATED,,
90867793,2018,2018-11-27,9730,2018-11-16,1725,018810,,5,2,9,2700,0,1,3,,2,062,"SR-1 N/B","IRIS CANYON ROAD O/C",100.00,S,N,A,-,Y,,,,,,,,,,Y,4,0,1,2,A,-,03,22350,,N,C,C,A,A,H,-,C,D,0,,,,,Y,,A,01,0,0,1,0,0,0,0,0,0,"- ","- ",36.583198547363281,-121.89201354980469,MONTEREY,UNINCORPORATED,-121.89158630371094,36.583061218261719
8540906,2017,2018-01-31,2708,2017-11-13,1240,05048,,1,5,6,2708,0,0,0,,0,006,"WEST ROSSI ST","NORTH DAVIS RD",0.00,,Y,A,-,N,,,,,,,,,,Y,3,0,1,2,A,-,12,21453,A,N,D,C,A,A,H,-,A,A,0,,,,,Y,,-,,0,1,0,0,0,0,0,0,0,"- ","- ",,,MONTEREY,SALINAS,-121.67192991,36.68842008
8540910,2017,2018-01-31,2708,2017-11-16,1328,71633,SALIN,4,5,6,2708,0,0,0,,0,008,"E ALISAL ST","MURPHY ST",0.00,,Y,B,-,N,,,,,,,,,,Y,3,0,3,2,A,-,09,21801,A,N,A,C,A,A,H,-,A,D,0,,,,,Y,,-,,0,1,2,0,0,0,0,0,0,"- ","- ",,,MONTEREY,SALINAS,-121.64535988999999,36.674670059999997
8541106,2018,2018-02-02,2706,2018-01-26,1415,191,MPD,5,5,4,2706,0,0,0,,0,003,"CAMINO AGUAJITO ST","10TH ST",0.00,,Y,A,-,N,,,,,,,,,,N,3,0,1,2,A,-,08,21717,,F,D,G,A,A,H,-,A,A,0,,Y,,,Y,,D,22,0,1,0,0,0,0,1,0,0,"- ","- ",,,MONTEREY,MONTEREY,,
8541694,2018,2018-02-08,2706,2018-01-26,0817,181,MPD,5,5,4,2706,0,0,0,,0,003,"DEL MONTE AV","AGUAJITO RD",40.00,E,N,A,-,N,,,,,,,,,,N,4,0,1,2,A,-,03,22350,,N,C,C,A,B,H,-,A,A,0,,,,,Y,,A,07,0,0,1,0,0,0,0,0,0,"- ","- ",,,MONTEREY,MONTEREY,,
8541698,2018,2018-02-07,2706,2018-01-18,1511,395,2706,4,5,4,2706,0,0,0,,0,002,"ABREGO ST","EL DORADO ST",185.00,N,N,C,-,N,,,,,,,,,,N,4,0,1,2,A,-,09,21801,A,F,D,C,A,B,H,-,A,D,0,,,,,Y,,A,01,0,0,1,0,0,0,0,0,0,"- ","- ",,,MONTEREY,MONTEREY,-121.89309692382812,36.593196868896484
8542809,2018,2018-02-09,2712,2018-01-17,1613,1073,2712,3,5,3,2712,0,0,0,,0,001,"IMJIN PKWY","ABRAMS DR",700.00,S,N,A,-,N,,,,,,,,,,N,4,0,1,2,A,-,04,21703,A,N,C,C,A,A,H,-,A,A,0,,,,,Y,,D,22,0,0,1,0,0,0,0,0,0,"- ","- ",,,MONTEREY,MARINA,-121.79221343994141,36.662139892578125
8542876,2018,2018-03-05,2707,2018-01-13,1843,2215,2707,6,5,3,2707,0,0,0,,0,002,"LIGHTHOUSE AV","CYPRESS AV",0.00,,Y,A,-,N,,,,,,,,,,N,4,0,1,3,A,-,03,22350,,M,B,E,E,A,H,-,C,D,0,Y,,,,Y,,-,99,0,0,1,0,1,0,0,0,0,"- ","- ",,,MONTEREY,"PACIFIC GROVE",-121.92127227783203,36.622661590576172
8543141,2017,2018-06-14,2710,2017-11-09,0926,40392,,4,5,4,2710,0,0,0,,0,02B,"MONTEREY RD","FREMONT BL",0.00,,Y,A,-,Y,MON,5,1,-,R,80.970,R,4,S,Y,4,0,1,2,A,-,12,21453,A,N,A,C,A,A,H,-,A,A,0,,,,,Y,,A,01,0,0,1,0,0,0,0,0,0,"- ","- ",,,MONTEREY,SEASIDE,-121.83863040999999,36.627730540000002
8543791,2017,2018-05-09,2708,2017-02-25,0202,18925,,6,5,6,2708,0,0,0,,0,007,"SOUTH MAIN ST","JOHN ST",0.00,,Y,A,-,Y,MON,5,68,-,-,21.050,H,-,W,Y,3,0,1,1,A,-,01,23152,A,N,A,I,A,A,H,-,C,A,0,,,,,Y,Y,A,01,0,1,0,0,0,0,0,0,0,"- ","- ",,,MONTEREY,SALINAS,-121.65493454999999,36.670735350000001
8543799,2017,2018-06-19,2708,2017-11-27,1724,19120,SALIN,1,5,6,2708,0,0,0,,0,009,"RT 68","BLANCO RD",169.00,S,N,A,-,Y,MON,5,68,-,-,19.940,H,-,E,N,4,0,1,2,A,-,03,22350,,N,C,C,A,A,H,-,B,A,0,,,,,Y,,A,07,0,0,1,0,0,0,0,0,0,"- ","- ",,,MONTEREY,SALINAS,-121.66034833000001,36.65510493
8543800,2017,2018-06-20,2708,2017-12-04,0547,31968,,1,5,6,2708,0,0,0,,0,006,"NORTH MAIN ST","CASENTINI ST",0.00,,Y,A,-,Y,MON,5,183,-,-,0.210,I,5,S,Y,4,0,1,2,A,-,12,21453,A,N,D,C,A,A,H,-,C,A,0,,,,,Y,,A,07,0,0,1,0,0,0,0,0,0,"- ","- ",,,MONTEREY,SALINAS,-121.65293638,36.683871379999999
8544739,2017,2018-02-06,2708,2017-11-18,1653,13133,,6,5,6,2708,0,0,0,,0,010,"JOHN ST","S SANDBORN",50.00,N,N,A,-,N,,,,,,,,,,N,3,0,1,2,A,-,04,21703,,F,C,G,A,A,H,-,A,D,0,,Y,,,Y,,-,,0,1,0,0,0,0,1,0,0,"- ","- ",,,MONTEREY,SALINAS,,
90867847,2018,2018-11-27,9730,2018-11-17,1835,022092,,6,2,9,2700,0,1,2,,1,070,"US-101 NB","CRAZY HORSE CANYON ROAD",4224.00,N,N,A,-,Y,,,101,,,,,,N,Y,4,0,1,3,A,-,03,22350,,N,C,C,A,A,H,-,D,D,0,,,,,Y,,A,08,0,0,1,0,0,0,0,0,0,"- ","- ",36.829410552978516,-121.62904357910156,MONTEREY,UNINCORPORATED,-121.62903594970703,36.829414367675781