CASE_ID,ACCIDENT_YEAR,PROC_DATE,JURIS,COLLISION_DATE,COLLISION_TIME,OFFICER_ID,REPORTING_DISTRICT,DAY_OF_WEEK,CHP_SHIFT,POPULATION,CNTY_CITY_LOC,SPECIAL_COND,BEAT_TYPE,CHP_BEAT_TYPE,CITY_DIVISION_LAPD,CHP_BEAT_CLASS,BEAT_NUMBER,PRIMARY_RD,SECONDARY_RD,DISTANCE,DIRECTION,INTERSECTION,WEATHER_1,WEATHER_2,STATE_HWY_IND,CALTRANS_COUNTY,CALTRANS_DISTRICT,STATE_ROUTE,ROUTE_SUFFIX,POSTMILE_PREFIX,POSTMILE,LOCATION_TYPE,RAMP_INTERSECTION,SIDE_OF_HWY,TOW_AWAY,COLLISION_SEVERITY,NUMBER_KILLED,NUMBER_INJURED,PARTY_COUNT,PRIMARY_COLL_FACTOR,PCF_CODE_OF_VIOL,PCF_VIOL_CATEGORY,PCF_VIOLATION,PCF_VIOL_SUBSECTION,HIT_AND_RUN,TYPE_OF_COLLISION,MVIW,PED_ACTION,ROAD_SURFACE,ROAD_COND_1,ROAD_COND_2,LIGHTING,CONTROL_DEVICE,CHP_ROAD_TYPE,PEDESTRIAN_ACCIDENT,BICYCLE_ACCIDENT,MOTORCYCLE_ACCIDENT,TRUCK_ACCIDENT,NOT_PRIVATE_PROPERTY,ALCOHOL_INVOLVED,STWD_VEHTYPE_AT_FAULT,CHP_VEHTYPE_AT_FAULT,COUNT_SEVERE_INJ,COUNT_VISIBLE_INJ,COUNT_COMPLAINT_PAIN,COUNT_PED_KILLED,COUNT_PED_INJURED,COUNT_BICYCLIST_KILLED,COUNT_BICYCLIST_INJURED,COUNT_MC_KILLED,COUNT_MC_INJURED,PRIMARY_RAMP,SECONDARY_RAMP,LATITUDE,LONGITUDE,COUNTY,CITY,POINT_X,POINT_Y
90867855,2018,2018-11-27,9730,2018-11-18,1911,020899,,7,2,9,2700,0,1,3,,1,074,SR-1,"JENSEN ROAD",1267.00,N,N,B,-,Y,,,1,,,,,,,Y,4,0,3,2,A,-,09,21801,A,N,C,C,A,A,H,-,D,D,0,,,,,Y,,A,07,0,0,3,0,0,0,0,0,0,"- ","- ",36.857280731201172,-121.77120208740234,MONTEREY,UNINCORPORATED,-121.77110290527344,36.857280731201172
90867918,2018,2018-11-27,9730,2018-11-17,1825,019239,,6,2,9,2700,0,3,5,,2,003,"ROBLEY RD","CAMINO DE CHAMISAL",1584.00,E,N,A,-,N,,,,,,,,,,Y,3,0,1,1,A,-,08,22107,,N,E,I,A,A,H,-,D,D,0,,,,,Y,,A,01,0,1,0,0,0,0,0,0,0,"- ","- ",36.55419921875,-121.74700164794922,MONTEREY,UNINCORPORATED,-121.74954986572266,36.560588836669922
90867969,2018,2019-02-18,9730,2018-11-18,1835,021888,,7,2,9,2700,0,1,3,,1,074,"SR-1 S/B","SPRINGFIELD ROAD",2640.00,N,N,A,-,Y,,,1,,,,,,S,Y,2,0,11,2,A,-,05,21460,A,N,A,C,A,A,H,-,D,D,0,,,,,Y,,A,07,5,3,3,0,0,0,0,0,0,"- ","- ",36.845409393310547,-121.77115631103516,MONTEREY,UNINCORPORATED,-121.77114868164062,36.845409393310547
90868007,2018,2018-11-27,9730,2018-11-18,1723,021407,,7,2,9,2700,0,1,3,,2,062,"SR-1 N/B","SR-68 OVER-CROSSING",1320.00,S,N,A,-,Y,,,1,,,,,,N,Y,4,0,1,3,A,-,03,22350,,N,C,C,A,A,H,-,C,D,0,,,,,Y,,A,01,0,0,1,0,0,0,0,0,0,"- ","- ",36.593601226806641,-121.87220001220703,MONTEREY,UNINCORPORATED,-121.87226104736328,36.594074249267578
90868038,2018,2018-11-27,9730,2018-11-17,2330,020933,,6,3,9,2700,0,1,3,,2,062,"SR-1 S/B","IMJIN PKWY O/C",3696.00,N,N,A,-,Y,,,1,,,,,,S,Y,3,0,1,1,A,-,03,22350,,N,E,I,A,A,H,-,D,D,0,,,,,Y,,A,01,0,1,0,0,0,0,0,0,0,"- ","- ",36.678199768066406,-121.80770111083984,MONTEREY,UNINCORPORATED,-121.80779266357422,36.67822265625
90868503,2018,2018-11-27,9730,2018-11-16,1341,022151,,5,1,9,2700,0,2,4,,1,023,"CARMEL VALLEY ROAD","PASO DEL RIO",269.00,W,N,A,-,N,,,,,,,,,,Y,2,0,2,2,A,-,05,21460,A,N,A,C,A,A,H,-,A,D,0,,,,,Y,,A,01,2,0,0,0,0,0,0,0,0,"- ","- ",36.504009246826172,-121.76055908203125,MONTEREY,UNINCORPORATED,,
90869412,2018,2018-11-28,9730,2018-11-17,1506,022129,,6,2,9,2700,0,1,3,,2,062,"SR-1 S/B","FREMONT BOULEVARD",528.00,S,N,B,-,Y,,,,,,,,,,Y,4,0,1,2,A,-,03,22350,,N,C,C,A,A,H,-,A,D,0,,,,,Y,,A,07,0,0,1,0,0,0,0,0,0,"- ","- ",36.623771667480469,-121.84314727783203,MONTEREY,UNINCORPORATED,,
90869802,2018,2018-11-29,9730,2018-11-18,2330,020970,,7,3,9,2700,0,1,3,,1,022,"SR-1 NORTHBOUND","CARMEL HILLS DRIVE",95.00,N,N,A,-,Y,,,1,,,,,,N,Y,3,0,1,3,A,-,01,23152,A,N,C,E,A,A,H,-,D,D,0,,,Y,,Y,Y,C,02,0,1,0,0,0,0,0,0,1,"- ","- ",36.548988342285156,-121.90995025634766,MONTEREY,UNINCORPORATED,-121.91006469726562,36.548969268798828
90869810,2018,2018-11-29,9730,2018-11-19,1450,021856,,1,2,9,2700,0,1,3,,1,072,"E/B SR-156",SR-183,2112.00,W,N,A,-,Y,,,156,,,,,,,N,4,0,1,2,A,-,09,21804,A,N,C,C,A,A,H,-,A,D,0,,,,,Y,,K,45,0,0,1,0,0,0,0,0,0,"- ","- ",36.757438659667969,-121.75858306884766,MONTEREY,UNINCORPORATED,-121.75858306884766,36.757442474365234
90869832,2018,2018-11-29,9730,2018-11-19,0720,015160,,1,1,9,2700,0,2,4,,1,073,"HALL ROAD","LAS LOMAS DRIVE",150.00,S,N,A,-,N,,,,,,,,,,Y,4,0,2,2,A,-,03,22350,,N,B,C,A,A,H,-,A,D,0,,,,,Y,,A,01,0,0,2,0,0,0,0,0,0,"- ","- ",36.865528106689453,-121.73468780517578,MONTEREY,UNINCORPORATED,-121.73323822021484,36.865055084228516
90869931,2018,2018-11-29,9730,2018-11-20,1606,020899,,2,2,9,2700,0,1,3,,1,014,SR-1,"PFEIFFER ROAD",1109.00,S,N,A,-,Y,,,1,,,,,,,Y,4,0,3,2,A,-,03,22350,,N,C,C,A,A,H,-,B,D,0,,,,,Y,,A,01,0,0,3,0,0,0,0,0,0,"- ","- ",36.261180877685547,-121.79335021972656,MONTEREY,UNINCORPORATED,-121.79331207275391,36.261211395263672
90870322,2018,2018-11-29,9730,2018-11-21,1930,019529,,3,2,9,2700,0,3,5,,2,007,"BLACKIE RD.","MOLLY RD.",500.00,W,N,B,-,N,,,,,,,,,,Y,3,0,2,1,A,-,08,22107,,N,E,I,A,B,H,-,D,D,0,,,,,Y,,A,01,0,1,1,0,0,0,0,0,0,"- ","- ",36.775501251220703,-121.68122100830078,MONTEREY,UNINCORPORATED,,
90870402,2018,2018-11-29,9730,2018-11-20,1720,022151,,2,2,9,2700,0,3,5,,2,007,"DOLAN RD","VIA TANQUES",1584.00,E,N,A,-,N,,,,,,,,,,Y,4,0,1,2,A,-,06,21750,,N,B,C,A,A,H,-,D,D,0,,,,,Y,,D,22,0,0,1,0,0,0,0,0,0,"- ","- ",36.796421051025391,-121.7510986328125,MONTEREY,UNINCORPORATED,,
90871860,2018,2018-11-30,9730,2018-11-16,1820,022129,,5,2,9,2700,0,2,4,,1,073,"SAN MIGUEL CANYON ROAD","MORO ROAD",0.00,,Y,A,-,N,,,,,,,,,,Y,4,0,1,2,A,-,17,21451,A,N,A,C,A,A,H,-,C,A,0,,,,,Y,,A,01,0,0,1,0,0,0,0,0,0,"- ","- ",36.802688598632812,-121.66668701171875,MONTEREY,UNINCORPORATED,-121.66671752929688,36.802669525146484
90871884,2018,2018-11-30,9730,2018-11-23,1118,019569,,5,1,9,2700,0,1,2,,1,070,"US-101 S/B","CRAZY HORSE CANYON RD",200.00,S,N,C,-,Y,,,101,,,,,,S,Y,2,0,1,1,A,-,03,22350,,N,F,A,A,B,H,-,A,D,0,,,,,Y,,A,01,1,0,0,0,0,0,0,0,0,"- ","- ",36.818031311035156,-121.63358306884766,MONTEREY,UNINCORPORATED,-121.63359069824219,36.818046569824219
90871890,2018,2018-11-30,9730,2018-11-22,0145,021707,,4,3,9,2700,0,1,3,,1,074,"SR-1 N/B","NASHUA ROAD",1320.00,S,N,B,-,Y,,,1,,,,,,N,Y,4,0,1,2,A,-,01,23152,A,M,C,C,A,B,H,-,C,D,0,,,,,Y,Y,A,01,0,0,1,0,0,0,0,0,0,"- ","- ",36.742290496826172,-121.77382659912109,MONTEREY,UNINCORPORATED,-121.77373504638672,36.742221832275391
90872271,2018,2018-11-30,9730,2018-11-21,0455,020578,,3,3,9,2700,0,1,2,,1,050,"US-101 NORTHBOUND","HARTNELL ROAD",10.00,N,N,A,-,Y,,,101,,,,,,N,Y,4,0,1,2,A,-,09,21801,A,F,D,C,A,A,H,-,D,D,0,,,,,Y,,D,22,0,0,1,0,0,0,0,0,0,"- ","- ",36.62274169921875,-121.58054351806641,MONTEREY,UNINCORPORATED,-121.58055114746094,36.622722625732422
90872291,2018,2018-11-30,9730,2018-11-22,0400,020233,,4,3,9,2700,0,2,4,,1,073,"HALL ROAD","SAN MIGUEL CANYON ROAD",0.00,,Y,B,-,N,,,,,,,,,,Y,4,0,1,1,A,-,08,22107,,N,E,I,A,B,H,-,C,A,0,,,,,Y,Y,A,01,0,0,1,0,0,0,0,0,0,"- ","- ",36.859149932861328,-121.69499206542969,MONTEREY,UNINCORPORATED,-121.69519805908203,36.859321594238281
90872304,2018,2018-11-30,9730,2018-11-22,2247,020578,,4,3,9,2700,0,1,3,,1,022,SR-1,"CARMEL VALLEY ROAD",15.00,S,N,B,-,Y,,,1,,,,,,,Y,4,0,1,2,A,-,01,23152,F,N,C,C,A,B,H,-,D,A,0,,,,,Y,,D,22,0,0,1,0,0,0,0,0,0,"- ","- ",36.543300628662109,-121.90824127197266,MONTEREY,UNINCORPORATED,-121.90833282470703,36.543266296386719
90872328,2018,2018-11-30,9730,2018-11-22,2200,019770,,4,3,4,2706,0,1,3,,2,062,"SR-1 NB OFF-RAMP TO CASA VERDE ROAD","CASA VERDE ROAD",10.00,S,N,B,-,Y,,,1,,,,R,,N,N,4,0,1,2,A,-,03,22350,,N,C,C,A,B,H,-,D,A,0,,,,,Y,,A,07,0,0,1,0,0,0,0,0,0,"- ","- ",36.598590850830078,-121.86428070068359,MONTEREY,MONTEREY,-121.86428070068359,36.598590850830078
90872465,2018,2018-11-30,9730,2018-11-26,0510,017785,,1,3,9,2700,0,1,2,,1,030,"US-101 SOUTHBOUND TO ALTA STREET","FOLETTA ROAD",0.00,,Y,A,-,Y,,,101,,,,R,,S,N,4,0,1,2,A,-,09,21802,A,N,D,C,A,A,H,-,C,A,0,,,,,Y,,A,07,0,0,1,0,0,0,0,0,0,"- ","- ",36.523609161376953,-121.46595764160156,MONTEREY,UNINCORPORATED,-121.46595764160156,36.523609161376953
90872484,2018,2018-11-30,9730,2018-11-26,2127,020701,,1,2,9,2700,0,2,4,,1,073,"SAN MIGUEL CANYON ROAD","DAMASCUS ROAD",320.00,S,N,A,-,N,,,,,,,,,,Y,3,0,1,1,A,-,03,22350,,N,E,I,A,A,H,-,D,D,0,,,,,Y,,A,01,0,1,0,0,0,0,0,0,0,"- ","- ",36.843578338623047,-121.68955993652344,MONTEREY,UNINCORPORATED,-121.68979644775391,36.845188140869141
90872805,2018,2018-12-03,9730,2018-11-22,0300,020896,,4,3,9,2700,0,3,5,,2,004,"ALISAL RD","HARTNELL RD",540.00,N,N,B,C,N,,,,,,,,,,Y,3,0,2,1,A,-,03,22350,,N,E,I,A,D,H,-,D,D,0,,,,,Y,,D,22,0,2,0,0,0,0,0,0,0,"- ","- ",36.646648406982422,-121.57794189453125,MONTEREY,UNINCORPORATED,-121.57784271240234,36.646587371826172
90874432,2018,2018-12-12,9730,2018-11-17,2330,022039,,6,3,9,2700,0,2,4,,1,075,"SAN JUAN ROAD","ALLISON ST",2112.00,E,N,A,-,N,,,,,,,,,,Y,2,0,2,2,A,-,09,21804,A,F,D,C,A,A,H,-,D,D,0,,,,,Y,Y,A,01,1,1,0,0,0,0,0,0,0,"- ","- ",36.904159545898438,-121.72905731201172,MONTEREY,UNINCORPORATED,-121.72897338867188,36.904167175292969
90874441,2018,2018-12-04,9730,2018-11-23,0926,022129,,5,1,9,2700,0,3,5,,2,005,"CALLE DEL ADOBE","POST DRIVE",0.00,,Y,B,-,N,,,,,,,,,,Y,3,0,1,2,A,-,09,21802,A,N,D,C,A,B,H,-,A,A,0,,,,,Y,,D,22,0,1,0,0,0,0,0,0,0,"- ","- ",36.698150634765625,-121.67070770263672,MONTEREY,UNINCORPORATED,-121.67070007324219,36.698028564453125
90875567,2018,2018-12-05,9730,2018-11-23,1725,022118,,5,2,9,2700,0,2,4,,1,075,"SAN JUAN ROAD","CARPENTERIA ROAD",101.00,E,N,B,C,N,,,,,,,,,,Y,3,0,1,2,A,-,09,21801,A,N,D,C,A,B,H,-,C,D,0,,,,Y,Y,,F,26,0,1,0,0,0,0,0,0,0,"- ","- ",36.859928131103516,-121.65290832519531,MONTEREY,UNINCORPORATED,-121.65312194824219,36.860054016113281
90875605,2018,2018-12-05,9730,2018-11-27,0635,017785,,2,1,9,2700,0,1,2,,1,030,"US-101 S/B","SPENCE ROAD",0.00,,Y,B,E,Y,,,101,,,,,,S,Y,4,0,3,2,A,-,09,21801,A,N,D,C,A,A,H,-,A,D,0,,,,,Y,,A,01,0,0,3,0,0,0,0,0,0,"- ","- ",36.612651824951172,-121.56716918945312,MONTEREY,UNINCORPORATED,-121.567138671875,36.612697601318359
90875678,2018,2018-12-05,9730,2018-11-26,1950,022151,,1,2,9,2700,0,2,4,,1,073,"SALINAS RD","FRUITLAND AVE",0.00,,Y,A,-,N,,,,,,,,,,Y,3,0,2,2,A,-,09,21804,A,N,A,C,A,A,H,-,D,D,0,,,,,Y,,A,01,0,2,0,0,0,0,0,0,0,"- ","- ",36.878028869628906,-121.75250244140625,MONTEREY,UNINCORPORATED,-121.7525634765625,36.878009796142578
90876041,2018,2018-12-05,9730,2018-09-26,1125,022092,,3,1,9,2700,0,3,5,,2,007,"CASTROVILLE BLVD","ORMART ROAD",1056.00,E,N,A,-,N,,,,,,,,,,Y,1,1,0,1,A,-,03,22350,,N,E,I,A,A,H,-,A,D,0,,,,,Y,,A,01,0,0,0,0,0,0,0,0,0,"- ","- ",36.795139312744141,-121.7161865234375,MONTEREY,UNINCORPORATED,-121.71685791015625,36.795074462890625
90877644,2018,2018-12-06,9730,2018-11-29,1057,017785,,4,1,9,2700,0,2,4,,2,063,"BLANCO ROAD","DAVIS ROAD",0.00,,Y,C,-,N,,,,,,,,,,Y,4,0,3,2,A,-,12,21453,A,N,D,C,A,B,H,-,A,A,0,,,,,Y,,A,07,0,0,3,0,0,0,0,0,0,"- ","- ",36.666759490966797,-121.68511199951172,MONTEREY,UNINCORPORATED,-121.68511199951172,36.666801452636719
90878269,2018,2018-12-07,9730,2018-11-29,0740,019569,,4,1,9,2700,0,2,4,,1,075,"SAN JUAN RD","CARPENTERIA RD",0.00,,Y,C,-,N,,,,,,,,,,Y,3,0,2,2,A,-,09,21802,A,N,D,C,A,B,H,-,A,A,0,,,,,Y,,A,01,0,2,0,0,0,0,0,0,0,"- ","- ",36.860210418701172,-121.65341186523438,MONTEREY,UNINCORPORATED,-121.65342712402344,36.860179901123047
90878340,2018,2018-12-07,9730,2018-11-29,0850,021053,,4,1,9,2700,0,1,3,,1,074,"SR-1 S/B","SALINAS RD.",600.00,N,N,B,C,Y,,,1,,,,,,S,Y,4,0,1,1,A,-,03,22350,,N,F,A,A,B,H,-,A,D,0,,,,,Y,,A,01,0,0,1,0,0,0,0,0,0,"- ","- ",36.881500244140625,-121.77210235595703,MONTEREY,UNINCORPORATED,-121.77217102050781,36.881488800048828
8545055,2017,2018-02-08,2710,2017-12-08,1904,40396,,5,5,4,2710,0,0,0,,0,001,"HILBY AV","LUXTON ST",78.00,W,N,A,-,N,,,,,,,,,,Y,4,0,1,5,A,-,01,23152,A,M,C,E,A,A,H,-,C,D,0,,,,,Y,Y,A,01,0,0,1,0,0,0,0,0,0,"- ","- ",,,MONTEREY,SEASIDE,-121.83629573,36.602374359999999
8545283,2017,2018-02-07,2710,2017-12-27,1546,33762,,3,5,4,2710,0,0,0,,0,02A,"FREMONT BL","HILBY AV",9.00,S,N,A,-,N,,,,,,,,,,N,2,0,1,2,A,-,10,21950,A,N,G,B,B,A,H,-,A,A,0,Y,,,,Y,,A,,1,0,0,0,1,0,0,0,0,"- ","- ",,,MONTEREY,SEASIDE,-121.84883085,36.602586870000003
8545532,2016,2018-02-05,2708,2016-09-07,1044,07661,,3,5,6,2708,0,0,0,,0,004,CONSTITUTION,"TWIN CREEKS DR",32.00,S,N,A,-,N,,,,,,,,,,,4,0,1,1,A,-,21,22106,,N,A,I,A,A,H,-,A,D,0,,,,,Y,,-,,0,0,1,0,0,0,0,0,0,"- ","- ",,,MONTEREY,SALINAS,-121.62322156,36.699917759999998
8545601,2017,2018-02-06,2708,2017-08-28,1952,30350,,1,5,6,2708,0,0,0,,0,012,"MOHAR ST","BEECH ST",20.00,W,N,A,-,N,,,,,,,,,,N,4,0,1,2,A,-,11,21954,A,N,G,B,D,A,H,-,C,D,0,Y,,,,Y,,N,60,0,0,1,0,1,0,0,0,0,"- ","- ",,,MONTEREY,SALINAS,-121.6165104,36.681324269999998
8545637,2017,2018-02-10,2708,2017-06-14,1621,54353,,3,5,6,2708,0,0,0,,0,008,"WEST MARKET ST","RIKER ST",200.00,E,N,A,-,N,,,,,,,,,,Y,4,0,1,3,A,-,01,23152,A,N,B,C,A,A,H,-,A,D,0,,,,,Y,Y,-,,0,0,1,0,0,0,0,0,0,"- ","- ",,,MONTEREY,SALINAS,-121.66148817,36.679644099999997
8546878,2018,2018-02-06,2707,2018-01-17,0806,2215,2707,3,5,3,2707,0,0,0,,0,002,"LIGHTHOUSE AV","EARDLEY AV",6.00,N,N,A,-,N,,,,,,,,,,N,4,0,1,2,A,-,09,21803,A,N,D,C,A,A,H,-,A,A,0,,,,,Y,,A,01,0,0,1,0,0,0,0,0,0,"- ","- ",,,MONTEREY,"PACIFIC GROVE",-121.90611267089844,36.616905212402344
8547043,2018,2018-02-14,2706,2018-01-25,1520,992,2706,4,5,4,2706,0,0,0,,0,002,"PEARL ST","CAMINO AGUAJITO",0.00,,Y,B,-,N,,,,,,,,,,N,4,0,1,2,A,-,09,21800,A,N,D,C,A,A,H,-,A,A,0,,,,,Y,,D,22,0,0,1,0,0,0,0,0,0,"- ","- ",,,MONTEREY,MONTEREY,-121.88272094726562,36.597400665283203
8547207,2018,2018-02-12,2706,2018-01-26,1215,716,2706,5,5,4,2706,0,0,0,,0,003,"NORTH FREMONT ST","CASANOVA AV",170.00,E,N,A,-,N,,,,,,,,,,Y,4,0,1,1,C,-,18,,,N,E,I,A,A,H,-,A,D,0,,,,,Y,,-,"- ",0,0,1,0,0,0,0,0,0,"- ","- ",,,MONTEREY,MONTEREY,-121.85268402099609,36.597824096679688
8547262,2018,2018-02-12,2706,2018-01-25,1749,121,MPD,4,5,4,2706,0,0,0,,0,002,"DEL MONTE AV","CAMINO AGUAJITO",516.00,W,N,B,-,N,,,,,,,,,,Y,3,0,5,4,A,-,07,21658,A,N,B,C,A,A,H,-,C,D,0,,,,,Y,,A,01,0,1,4,0,0,0,0,0,0,"- ","- ",,,MONTEREY,MONTEREY,-121.88533782958984,36.599941253662109
8547367,2018,2018-02-12,2706,2018-02-03,0941,181,2706,6,5,4,2706,0,0,0,,0,003,"RAMONA AV",MONTECITO,60.00,N,N,A,-,N,,,,,,,,,,N,4,0,1,2,A,-,21,22106,,N,D,C,A,A,H,-,A,D,0,,,,,Y,,A,01,0,0,1,0,0,0,0,0,0,"- ","- ",,,MONTEREY,MONTEREY,-121.86046600341797,36.600566864013672
8547501,2018,2018-03-13,2712,2018-01-17,1119,1073,2712,3,5,3,2712,0,0,0,,0,001,"RESERVATION RD","CALIFORNIA AV",0.00,,Y,A,-,N,,,,,,,,,,Y,4,0,2,2,A,-,03,22350,,N,C,C,A,A,H,-,A,A,0,,,,,Y,,A,07,0,0,2,0,0,0,0,0,0,"- ","- ",,,MONTEREY,MARINA,-121.78488922119141,36.680599212646484
8547952,2017,2018-02-09,2710,2017-12-04,1646,36059,MARIN,1,5,4,2710,0,0,0,,0,,"DELMONTE BL","CANYON DEL REY BL",25.00,S,N,A,-,N,,,,,,,,,,N,4,0,1,2,A,-,21,22106,,N,C,C,A,A,H,-,C,A,0,,,,,Y,,-,,0,0,1,0,0,0,0,0,0,"- ","- ",,,MONTEREY,SEASIDE,-121.85607709,36.607590760000001
90878419,2018,2018-12-07,9730,2018-11-30,1035,019315,,5,1,9,2700,0,1,2,,1,070,"US-101 (N/B)","RALPH LANE",1584.00,S,N,B,-,Y,,,101,,,,,,,Y,4,0,2,2,A,-,03,22350,,N,C,C,A,A,D,-,A,D,0,,,,,Y,,A,01,0,0,2,0,0,0,0,0,0,"- ","- ",36.752418518066406,-121.66378021240234,MONTEREY,UNINCORPORATED,-121.66378021240234,36.752422332763672
90878453,2018,2018-12-07,9730,2018-11-30,1745,021888,,5,2,9,2700,0,1,3,,1,066,"SAN MIGUEL CANYON ROAD","1600 SAN MIGUEL CANYON",20.00,W,N,A,-,N,,,,,,,,,,Y,4,0,1,3,A,-,03,22350,,N,C,C,A,A,H,-,D,D,0,,,,,Y,,D,22,0,0,1,0,0,0,0,0,0,"- ","- ",36.834758758544922,-121.68109893798828,MONTEREY,UNINCORPORATED,,
90879198,2018,2018-12-10,9730,2018-11-30,0745,019569,,5,1,9,2700,0,3,5,,2,005,"ROGGE RD","BOLLENBACHER DR",23.00,E,N,A,-,N,,,,,,,,,,N,4,0,1,2,A,-,10,21950,A,N,G,B,B,A,H,-,A,A,0,Y,,,,Y,,A,07,0,0,1,0,1,0,0,0,0,"- ","- ",36.732719421386719,-121.63343811035156,MONTEREY,UNINCORPORATED,-121.63340759277344,36.732734680175781
90879388,2018,2018-12-10,9730,2018-12-01,0740,020621,,6,1,9,2700,0,3,5,,2,007,"CASTROVILLE BLVD","PARADISE ROAD",150.00,E,N,B,C,N,,,,,,,,,,Y,2,0,1,1,A,-,08,22107,,N,E,I,A,B,H,-,A,D,0,,,,,Y,,A,01,1,0,0,0,0,0,0,0,0,"- ","- ",36.799690246582031,-121.69770050048828,MONTEREY,UNINCORPORATED,-121.6981201171875,36.799446105957031
90879739,2018,2018-12-10,9730,2018-11-30,1704,022129,,5,2,9,2700,0,1,2,,1,070,"US-101 S/B","PRUNEDALE SOUTH ROAD OVERCROSSING",2112.00,S,N,A,-,Y,,,101,,,,,,S,Y,3,0,3,4,A,-,03,22350,,N,C,C,A,A,H,-,B,D,0,,,,,Y,,D,22,0,2,1,0,0,0,0,0,0,"- ","- ",36.762771606445312,-121.66721343994141,MONTEREY,UNINCORPORATED,-121.66720581054688,36.762771606445312
90880027,2018,2018-12-11,9730,2018-12-02,1140,020598,,7,1,9,2700,0,3,5,,2,020,"CARMEL WAY","17 MILE DRIVE",425.00,W,N,A,-,N,,,,,,,,,,N,3,0,1,2,A,-,03,22350,,N,A,G,A,A,H,-,A,D,0,,Y,,,Y,,L,04,0,1,0,0,0,0,1,0,0,"- ","- ",36.560001373291016,-121.92680358886719,MONTEREY,UNINCORPORATED,-121.92704010009766,36.5606689453125
90880363,2018,2018-12-11,9730,2018-12-04,1430,019635,,2,2,9,2700,0,3,5,,2,005,"VIERRA CANYON ROAD","TEICHMAN COURT",500.00,E,N,B,-,N,,,,,,,,,,N,4,0,2,2,A,-,09,21804,A,N,D,C,A,A,H,-,A,D,0,,,,,Y,,D,22,0,0,2,0,0,0,0,0,0,"- ","- ",36.797119140625,-121.65180206298828,MONTEREY,UNINCORPORATED,-121.65144348144531,36.797122955322266
90880374,2018,2020-02-28,9730,2018-10-01,1934,020065,,1,2,9,2700,0,1,2,,1,050,"US-101 S/B","SPENCE ROAD",3168.00,N,N,A,-,Y,,,101,,,,,,S,Y,1,1,2,4,A,-,01,23152,A,N,A,C,A,A,H,-,D,D,0,,,,,Y,Y,D,22,1,0,1,0,0,0,0,0,0,"- ","- ",36.618568420410156,-121.57514190673828,MONTEREY,UNINCORPORATED,-121.57515716552734,36.618545532226562
90880411,2018,2019-01-30,9730,2018-10-06,0130,022061,,6,3,9,2700,0,1,3,,2,062,"NORTHBOUND SR-1","IMJIN PARKWAY",2112.00,S,N,B,-,Y,,,1,,,,,,,Y,1,1,1,4,A,-,01,23152,A,F,F,C,A,A,H,-,D,D,0,,,Y,,Y,Y,C,02,0,0,1,0,0,0,0,1,1,"- ","- ",36.664718627929688,-121.81542205810547,MONTEREY,UNINCORPORATED,-121.81542205810547,36.664722442626953
90880423,2018,2019-11-20,9730,2018-10-11,1855,020899,,4,2,9,2700,0,2,4,,1,073,"SALINAS ROAD","TRAFTON ROAD",542.00,S,N,A,-,N,,,,,,,,,,Y,1,1,2,2,A,-,01,23152,A,N,D,C,A,A,H,-,B,D,0,,,,,Y,Y,A,01,2,0,0,0,0,0,0,0,0,"- ","- ",36.885208129882812,-121.74710845947266,MONTEREY,UNINCORPORATED,-121.74701690673828,36.885303497314453
90880581,2018,2018-12-11,9730,2018-11-10,1737,022129,,6,2,9,2700,0,1,3,,1,068,"STATE ROUTE 68","FAIRGROUND ROAD OVER CROSSING",295.00,E,N,A,-,Y,,,,,,,,,,Y,1,1,0,1,A,-,08,22107,,N,F,I,A,A,H,-,D,D,0,,,Y,,Y,,C,02,0,0,0,0,0,0,0,1,0,"- ","- ",36.592960357666016,-121.86714935302734,MONTEREY,UNINCORPORATED,,
8548874,2018,2018-02-20,2712,2018-01-31,0730,1073,2712,3,5,3,2712,0,0,0,,0,001,"RESERVATION RD","CRESCENT AV",104.00,W,N,A,-,N,,,,,,,,,,Y,3,0,1,3,A,-,03,22350,,N,C,C,A,A,H,-,B,A,0,,,,,Y,,A,01,0,1,0,0,0,0,0,0,0,"- ","- ",,,MONTEREY,MARINA,-121.79214477539062,36.683956146240234