CASE_ID,ACCIDENT_YEAR,PROC_DATE,JURIS,COLLISION_DATE,COLLISION_TIME,OFFICER_ID,REPORTING_DISTRICT,DAY_OF_WEEK,CHP_SHIFT,POPULATION,CNTY_CITY_LOC,SPECIAL_COND,BEAT_TYPE,CHP_BEAT_TYPE,CITY_DIVISION_LAPD,CHP_BEAT_CLASS,BEAT_NUMBER,PRIMARY_RD,SECONDARY_RD,DISTANCE,DIRECTION,INTERSECTION,WEATHER_1,WEATHER_2,STATE_HWY_IND,CALTRANS_COUNTY,CALTRANS_DISTRICT,STATE_ROUTE,ROUTE_SUFFIX,POSTMILE_PREFIX,POSTMILE,LOCATION_TYPE,RAMP_INTERSECTION,SIDE_OF_HWY,TOW_AWAY,COLLISION_SEVERITY,NUMBER_KILLED,NUMBER_INJURED,PARTY_COUNT,PRIMARY_COLL_FACTOR,PCF_CODE_OF_VIOL,PCF_VIOL_CATEGORY,PCF_VIOLATION,PCF_VIOL_SUBSECTION,HIT_AND_RUN,TYPE_OF_COLLISION,MVIW,PED_ACTION,ROAD_SURFACE,ROAD_COND_1,ROAD_COND_2,LIGHTING,CONTROL_DEVICE,CHP_ROAD_TYPE,PEDESTRIAN_ACCIDENT,BICYCLE_ACCIDENT,MOTORCYCLE_ACCIDENT,TRUCK_ACCIDENT,NOT_PRIVATE_PROPERTY,ALCOHOL_INVOLVED,STWD_VEHTYPE_AT_FAULT,CHP_VEHTYPE_AT_FAULT,COUNT_SEVERE_INJ,COUNT_VISIBLE_INJ,COUNT_COMPLAINT_PAIN,COUNT_PED_KILLED,COUNT_PED_INJURED,COUNT_BICYCLIST_KILLED,COUNT_BICYCLIST_INJURED,COUNT_MC_KILLED,COUNT_MC_INJURED,PRIMARY_RAMP,SECONDARY_RAMP,LATITUDE,LONGITUDE,COUNTY,CITY,POINT_X,POINT_Y
8549017,2018,2018-02-20,2712,2018-02-02,2103,1073,2712,5,5,3,2712,0,0,0,,0,001,"DEL MONTE BL","PALM AV",67.00,S,N,A,-,N,,,,,,,,,,Y,4,0,1,2,A,-,01,23152,B,N,C,C,A,A,H,-,C,A,0,,,,,Y,Y,A,01,0,0,1,0,0,0,0,0,0,"- ","- ",,,MONTEREY,MARINA,-121.80382537841797,36.683307647705078
8553508,2018,2018-02-23,2712,2018-01-31,0840,1073,2712,3,5,3,2712,0,0,0,,0,001,"IMJIN PKWY","CALIFORNIA AV",474.00,W,N,A,-,N,,,,,,,,,,Y,3,0,2,4,A,-,03,22350,,N,C,C,A,A,H,-,A,A,0,,,,,Y,,D,22,0,1,1,0,0,0,0,0,0,"- ","- ",,,MONTEREY,MARINA,-121.79839324951172,36.666545867919922
8553512,2018,2018-03-06,2712,2018-02-01,1643,1073,2712,4,5,3,2712,0,0,0,,0,001,"IMJIN PKWY","2ND AV",125.00,E,N,A,-,N,,,,,,,,,,Y,3,0,2,3,A,-,08,22107,,M,C,C,A,A,H,-,A,A,0,,,,,Y,,A,01,0,1,1,0,0,0,0,0,0,"- ","- ",,,MONTEREY,MARINA,-121.80844116210938,36.667625427246094
8553987,2017,2018-06-08,2708,2017-12-02,0908,52823,,6,5,6,2708,0,0,0,,0,,"NORTH DAVIS RD","WESTRIDGE PKWY",600.00,S,N,A,-,N,,,,,,,,,,Y,3,0,1,2,A,-,09,21801,A,N,A,I,A,A,H,-,A,D,0,,,,,Y,Y,A,01,0,1,0,0,0,0,0,0,0,"- ","- ",,,MONTEREY,SALINAS,-121.66693601,36.702353070000001
8554057,2018,2018-06-28,2708,2018-01-19,1530,54353,,5,5,6,2708,0,0,0,,0,005,"NORTH MAIN ST","SANTA CLARA AV",0.00,,Y,A,-,N,,,,,,,,,,N,4,0,1,3,A,-,03,22350,,M,C,C,A,A,H,-,A,D,0,,,,,Y,,A,07,0,0,1,0,0,0,0,0,0,"- ","- ",,,MONTEREY,SALINAS,-121.65241241455078,36.687969207763672
8554061,2018,2018-08-01,2708,2018-01-31,1611,15945,,3,5,6,2708,0,0,0,,0,,"RT 183","E LAKE ST",200.00,S,N,A,-,Y,MON,5,183,-,-,0.630,H,-,N,N,3,0,1,2,A,-,03,22350,,F,C,G,A,A,H,-,A,A,0,,Y,,,Y,,-,,0,1,0,0,0,0,1,0,0,"- ","- ",,,MONTEREY,SALINAS,-121.65546417236328,36.678089141845703
8554064,2017,2018-07-06,2708,2017-12-24,1652,59156,SALIN,7,5,6,2708,0,0,0,,0,009,"JOHN ST","PAJARO ST",0.00,,Y,B,-,Y,MON,5,68,-,-,21.240,I,5,E,Y,3,0,3,2,A,-,12,21453,A,N,D,C,A,A,H,-,B,A,0,,,,,Y,,A,01,0,1,2,0,0,0,0,0,0,"- ","- ",36.401400000000002,-121.399,MONTEREY,SALINAS,-121.65210534000001,36.670468200000002
8554072,2017,2018-06-20,2708,2017-12-19,1915,59156,SALIN,2,5,6,2708,0,0,0,,0,007,"WEST MARKET ST","CLARK ST",0.00,,Y,B,-,Y,MON,5,183,-,-,1.690,I,5,S,Y,4,0,1,2,A,-,09,21801,A,N,D,C,A,A,H,-,C,D,0,,,,,Y,,A,01,0,0,1,0,0,0,0,0,0,"- ","- ",,,MONTEREY,SALINAS,-121.67092698,36.683303899999999
8554074,2018,2018-08-01,2708,2018-01-26,1154,7904,,5,5,6,2708,0,0,0,,0,006,"RT 183","E MENKE ST",240.00,N,N,A,-,Y,MON,5,183,-,-,0.290,H,-,N,Y,4,0,2,3,A,-,09,21801,A,N,D,C,A,A,H,-,A,D,0,,,,,Y,,D,22,0,0,2,0,0,0,0,0,0,"- ","- ",,,MONTEREY,SALINAS,-121.65342712402344,36.682933807373047
8554076,2017,2018-06-19,2708,2017-11-14,1014,56294,,2,5,6,2708,0,0,0,,0,008,"JOHN ST","WORK ST",0.00,,N,A,-,Y,MON,5,68,-,-,21.820,H,-,W,N,3,0,1,2,A,-,03,22350,,F,C,C,A,A,H,-,A,A,0,,,,,Y,,A,07,0,1,0,0,0,0,0,0,0,"- ","- ",,,MONTEREY,SALINAS,-121.64268125,36.670699239999998
8554078,2018,2018-08-01,2708,2018-01-14,2021,589,,7,5,6,2708,0,0,0,,0,008,"RT 183","PALMETTO ST",0.00,,Y,A,-,Y,MON,5,183,-,-,0.920,I,5,S,N,2,0,1,2,A,-,11,21954,A,N,G,B,D,A,H,-,C,D,0,Y,,,,Y,Y,N,60,1,0,0,0,1,0,0,0,0,"- ","- ",,,MONTEREY,SALINAS,-121.65897369384766,36.678672790527344
90880807,2018,2018-12-11,9730,2018-12-09,1237,020598,,7,1,9,2700,0,1,3,,1,066,"MERRITT STREET","PAJARO STREET",155.00,S,N,A,-,Y,,,,,,,,,,Y,4,0,1,2,A,-,07,21658,,N,B,C,A,A,H,-,A,D,0,,,,,Y,,A,07,0,0,1,0,0,0,0,0,0,"- ","- ",36.762100219726562,-121.75319671630859,MONTEREY,UNINCORPORATED,-121.75334167480469,36.762271881103516
90880814,2018,2018-12-11,9730,2018-12-04,1743,021407,,2,2,9,2700,0,1,3,,2,062,SR-1,"SOLEDAD DRIVE",1320.00,S,N,B,-,Y,,,1,,,,,,,Y,4,0,2,3,A,-,03,22350,,N,C,C,A,B,H,-,D,D,0,,,,Y,Y,,A,07,0,0,2,0,0,0,0,0,0,"- ","- ",36.579601287841797,-121.90509796142578,MONTEREY,UNINCORPORATED,-121.90505981445312,36.579532623291016
90880966,2018,2018-12-12,9730,2018-11-30,1607,019239,,5,2,9,2700,0,3,5,,2,003,"SR-68 EB","CORRAL DE TIERRA RD",700.00,W,N,A,-,Y,,,68,,,,,,E,N,3,0,2,2,A,-,03,22350,,F,C,C,A,A,H,-,A,D,0,,,,,Y,,D,22,0,2,0,0,0,0,0,0,0,"- ","- ",36.577598571777344,-121.73040008544922,MONTEREY,UNINCORPORATED,-121.73040771484375,36.577610015869141
90881015,2018,2018-12-12,9730,2018-12-05,0636,019569,,3,1,9,2700,0,1,2,,1,070,"ESPINOSA RD","CHRISTENSEN RD",8448.00,W,N,B,-,N,,,,,,,,,,Y,3,0,2,2,A,-,05,21460,A,N,D,C,A,A,H,-,A,D,0,,,,,Y,,A,01,0,1,1,0,0,0,0,0,0,"- ","- ",36.742931365966797,-121.68650817871094,MONTEREY,UNINCORPORATED,-121.68551635742188,36.742668151855469
90881224,2018,2018-12-12,9730,2018-12-06,0740,018886,,4,1,9,2700,0,1,3,,2,062,"SR-1 S/B","DEL MONTE BOULEVARD",2112.00,S,N,A,-,Y,,,1,,,,,,S,Y,4,0,1,1,C,-,18,,,N,H,A,A,B,H,-,A,D,0,,,,,Y,,-,"- ",0,0,1,0,0,0,0,0,0,"- ","- ",36.720859527587891,-121.79271697998047,MONTEREY,UNINCORPORATED,-121.79277801513672,36.72088623046875
90881420,2018,2018-12-12,9730,2018-12-08,1010,019315,,6,1,6,2708,0,3,5,,2,003,"LARELES GRADE","BARONET ROAD",0.00,,Y,A,-,N,,,,,,,,,,N,4,0,1,2,A,-,09,21802,A,N,D,C,A,A,H,-,A,A,0,,,,,Y,,A,01,0,0,1,0,0,0,0,0,0,"- ","- ",36.557651519775391,-121.75161743164062,MONTEREY,SALINAS,-121.75163269042969,36.557651519775391
90881441,2018,2018-12-12,9730,2018-12-02,1125,022047,,7,1,9,2700,0,2,4,,1,023,"CARMEL VALLEY ROAD","VIA MALLOCRA",0.00,,Y,A,-,N,,,,,,,,,,Y,4,0,2,2,A,-,12,21453,A,N,D,C,A,A,H,-,A,A,0,,,,,Y,,A,01,0,0,2,0,0,0,0,0,0,"- ","- ",36.541770935058594,-121.88027191162109,MONTEREY,UNINCORPORATED,,
90882983,2018,2018-12-14,9730,2018-12-04,1730,019239,,2,2,9,2700,0,2,4,,1,073,"SALINAS RD","JONATHAN ST",0.00,,Y,B,C,N,,,,,,,,,,N,3,0,1,2,A,-,11,21954,A,N,G,B,D,B,H,-,C,D,0,Y,,,,Y,Y,N,60,0,1,0,0,1,0,0,0,0,"- ","- ",36.900798797607422,-121.74819946289062,MONTEREY,UNINCORPORATED,-121.7481689453125,36.900821685791016
90883031,2018,2018-12-14,9730,2018-12-07,1950,017502,,5,2,9,2700,0,1,3,,1,022,"RIO  ROAD",SR-1,12.00,W,N,A,-,N,,,,,,,,,,Y,3,0,3,2,A,-,01,23152,A,N,C,C,A,A,H,-,C,D,0,,,,,Y,Y,A,07,0,1,2,0,0,0,0,0,0,"- ","- ",36.539470672607422,-121.91049957275391,MONTEREY,UNINCORPORATED,-121.91027069091797,36.5394287109375
90883408,2018,2018-12-14,9735,2018-12-14,0725,020302,,5,1,9,2700,0,3,5,,2,003,"METZ RD","SPRECKELS ROAD",3168.00,S,N,B,-,N,,,,,,,,,,Y,4,0,1,1,A,-,03,22350,,N,F,I,A,A,H,-,A,D,0,,,,,Y,,A,01,0,0,1,0,0,0,0,0,0,"- ","- ",36.259891510009766,-121.1409912109375,MONTEREY,UNINCORPORATED,-121.14151000976562,36.260459899902344
90883588,2018,2018-12-14,9730,2018-12-01,1400,021407,,6,2,9,2700,0,1,3,,1,074,SR-1,"NASHUA ROAD",5280.00,S,N,A,-,Y,,,1,,,,,,,Y,4,0,1,1,A,-,01,23152,A,N,E,I,A,A,H,-,A,D,0,,,,,Y,Y,A,07,0,0,1,0,0,0,0,0,0,"- ","- ",36.733860015869141,-121.78112030029297,MONTEREY,UNINCORPORATED,-121.78111267089844,36.733852386474609
90883599,2018,2018-12-14,9730,2018-12-05,1445,021407,,3,2,6,2708,0,2,S,,2,901,"CALLE DE ADOBE","POST DRIVE",0.00,,Y,C,-,N,,,,,,,,,,Y,4,0,2,2,A,-,09,21802,A,N,D,C,A,B,H,-,A,A,0,,,,,Y,,A,01,0,0,2,0,0,0,0,0,0,"- ","- ",36.698200225830078,-121.67070007324219,MONTEREY,SALINAS,-121.67070007324219,36.698028564453125
90883966,2018,2018-12-17,9730,2018-12-05,2101,022151,,3,2,9,2700,0,2,4,,1,023,"CARMEL VALLEY RD","CARMEL RANCHO BLVD",40.00,E,N,C,-,N,,,,,,,,,,N,3,0,1,2,A,-,01,23152,A,N,C,C,A,B,H,-,D,A,0,,,,,Y,Y,A,01,0,1,0,0,0,0,0,0,0,"- ","- ",36.543849945068359,-121.90440368652344,MONTEREY,UNINCORPORATED,-121.90480804443359,36.543708801269531
90883968,2018,2018-12-17,9730,2018-12-07,0730,022047,,5,1,9,2700,0,3,5,,2,006,"RESERVATION RD.","INTER-GARRISON RD.",0.00,,Y,A,-,N,,,,,,,,,,Y,4,0,2,3,A,-,12,21453,A,N,D,D,A,A,H,-,A,A,0,,,,,Y,,A,01,0,0,2,0,0,0,0,0,0,"- ","- ",36.659709930419922,-121.74173736572266,MONTEREY,UNINCORPORATED,-121.74178314208984,36.659679412841797
90883972,2018,2018-12-17,9730,2018-12-08,2350,020065,,6,3,9,2700,0,1,2,,1,070,"US-101 N/B","BEATRICE DR.",260.00,N,N,A,-,Y,,,101,,,,,,N,Y,3,0,1,2,A,-,01,23152,A,M,B,C,A,A,H,-,D,D,0,,,Y,,Y,Y,A,01,0,1,0,0,0,0,0,0,0,"- ","- ",36.809909820556641,-121.64482116699219,MONTEREY,UNINCORPORATED,-121.64479064941406,36.809883117675781
90884277,2018,2018-12-17,9730,2018-12-08,1345,019239,,6,1,9,2700,0,1,3,,1,068,"SR-68 WB","LAURELES GRADE RD",50.00,E,N,A,-,Y,,,68,,,,,,W,N,4,0,1,2,A,-,03,22350,,N,C,C,A,A,H,-,A,D,0,,,,,Y,,A,01,0,0,1,0,0,0,0,0,0,"- ","- ",36.569599151611328,-121.75509643554688,MONTEREY,UNINCORPORATED,-121.75509643554688,36.569614410400391
90884323,2018,2018-12-17,9730,2018-12-10,1730,021856,,1,2,9,2700,0,1,3,,2,062,"NORTHBOUND STATE ROUTE 1","SR-68 (SALINAS HIGHWAY)",250.00,S,N,A,-,Y,,,1,,,,,,,Y,4,0,1,2,A,-,03,22350,,N,C,C,A,A,H,-,D,D,0,,,,,Y,,A,01,0,0,1,0,0,0,0,0,0,"- ","- ",36.594249725341797,-121.87091827392578,MONTEREY,UNINCORPORATED,-121.87091827392578,36.594257354736328
90884616,2018,2018-12-17,9730,2018-12-10,1737,021407,,1,2,9,2700,0,3,5,,2,007,"CASTROVILLE BLVD","DOLAN ROAD",1320.00,S,N,A,-,N,,,,,,,,,,N,4,0,1,2,A,-,06,21760,B,N,B,G,A,A,H,-,D,D,0,,Y,,,Y,,A,07,0,0,1,0,0,0,1,0,0,"- ","- ",36.793598175048828,-121.72660064697266,MONTEREY,UNINCORPORATED,-121.72677612304688,36.793498992919922
90884640,2018,2018-12-17,9730,2018-12-08,2115,019239,,6,2,9,2700,0,3,5,,2,002,"LAURELES GRADE RD","HIDDEN HILLS RD",450.00,S,N,A,-,N,,,,,,,,,,Y,4,0,1,1,A,-,08,22107,,N,E,I,A,A,H,-,D,D,0,,,,,Y,,A,01,0,0,1,0,0,0,0,0,0,"- ","- ",36.544700622558594,-121.75350189208984,MONTEREY,UNINCORPORATED,-121.7535400390625,36.544235229492188
90884676,2018,2018-12-17,9730,2018-12-07,1722,021794,,5,2,9,2700,0,1,2,,1,050,"N/B US-101","S. SANBORN ROAD",1056.00,N,N,A,-,Y,,,,,,,,,,Y,4,0,1,4,A,-,03,22350,,F,C,C,A,A,H,-,C,D,0,,,,,Y,,-,99,0,0,1,0,0,0,0,0,0,"- ","- ",36.667900085449219,-121.63157653808594,MONTEREY,UNINCORPORATED,,
90884896,2018,2018-12-18,9730,2018-12-06,1500,022092,,4,2,9,2700,0,3,5,,2,003,"ALTA STREET","FOLETTA ROAD",0.00,,Y,A,-,N,,,,,,,,,,Y,3,0,1,2,A,-,09,21801,A,N,A,C,A,A,H,-,A,A,0,,,,,Y,,A,01,0,1,0,0,0,0,0,0,0,"- ","- ",36.523609161376953,-121.46597290039062,MONTEREY,UNINCORPORATED,-121.4659423828125,36.523601531982422
90885664,2018,2018-12-18,9730,2018-12-08,0109,022151,,6,3,9,2700,0,1,2,,1,030,"US-101 N/B","CHUALAR RIVER RD",4224.00,S,N,A,-,Y,,,101,,,,,,N,Y,2,0,2,1,A,-,08,22107,,N,E,I,A,A,H,-,D,D,0,,,,,Y,,A,07,1,1,0,0,0,0,0,0,0,"- ","- ",36.560169219970703,-121.50877380371094,MONTEREY,UNINCORPORATED,-121.50878143310547,36.560157775878906
90885671,2018,2018-12-18,9730,2018-12-10,1140,022151,,1,1,9,2700,0,2,4,,1,073,"SAN MIGUEL CANYON RD","CHARLES SCHELL LN",2640.00,E,N,A,-,N,,,,,,,,,,Y,4,0,1,2,A,-,03,22350,,N,C,C,A,A,H,-,A,D,0,,,,,Y,,A,08,0,0,1,0,0,0,0,0,0,"- ","- ",36.849578857421875,-121.69007873535156,MONTEREY,UNINCORPORATED,-121.69001770019531,36.850780487060547
90885833,2018,2018-12-19,9730,2018-12-10,0445,020065,,1,3,9,2700,0,2,4,,1,073,"SAN MIGUEL CANYON ROAD","CASTROVILLE BLVD.",0.00,,Y,A,-,N,,,,,,,,,,Y,4,0,1,1,A,-,12,22450,A,N,E,I,A,A,H,-,D,A,0,,,,,Y,,A,01,0,0,1,0,0,0,0,0,0,"- ","- ",36.808311462402344,-121.67138671875,MONTEREY,UNINCORPORATED,-121.67191314697266,36.808399200439453
90886659,2018,2018-12-19,9730,2018-12-12,1410,021856,,3,2,9,2700,0,3,5,,2,007,"DOLAN ROAD","STATE ROUTE 1",12.00,E,N,A,-,N,,,,,,,,,,N,4,0,1,2,A,-,21,22106,,M,C,C,A,A,H,-,A,D,0,,,,,Y,,-,99,0,0,1,0,0,0,0,0,0,"- ","- ",36.804248809814453,-121.78369140625,MONTEREY,UNINCORPORATED,-121.78376770019531,36.804080963134766
90886813,2018,2018-12-20,9730,2018-12-11,2017,021888,,2,2,9,2700,0,1,3,,2,062,"SR-1 SOUTHBOUND ON FROM FREMONT STREET","SR-1 NORTH BOUND",150.00,E,N,A,-,Y,,,,,,,,,,Y,4,0,1,2,A,-,03,22350,,N,C,C,A,A,H,-,C,D,0,,,,,Y,,A,01,0,0,1,0,0,0,0,0,0,"- ","- ",36.595691680908203,-121.86672973632812,MONTEREY,UNINCORPORATED,,
90887191,2018,2018-12-20,9730,2018-12-13,2257,020970,,4,3,9,2700,0,1,3,,1,074,SR-1,"STRUVE ROAD",1531.00,S,N,A,-,Y,,,1,,,,,,,Y,3,0,1,1,A,-,08,22107,,N,E,I,A,A,H,-,D,D,0,,,,,Y,,A,01,0,1,0,0,0,0,0,0,0,"- ","- ",36.821331024169922,-121.78468322753906,MONTEREY,UNINCORPORATED,-121.78459930419922,36.821235656738281
90887358,2018,2018-12-20,9730,2018-12-14,1808,021407,,5,2,9,2700,0,1,3,,1,066,SR-183,"RICO STREET",0.00,,Y,A,-,Y,,,183,,,,,,,Y,3,0,2,2,A,-,09,21802,A,N,D,C,A,A,H,-,C,A,0,,,,,Y,,A,07,0,1,1,0,0,0,0,0,0,"- ","- ",36.764701843261719,-121.75659942626953,MONTEREY,UNINCORPORATED,-121.75662231445312,36.764671325683594
90888659,2018,2018-12-24,9730,2018-12-13,2306,020990,,4,3,9,2700,0,3,5,,2,007,"DEL MONTE AVENUE","WOOD STREET",0.00,,Y,A,-,N,,,,,,,,,,Y,3,0,1,1,A,-,03,22350,,N,E,I,A,A,H,-,C,D,0,,,,,Y,,A,01,0,1,0,0,0,0,0,0,0,"- ","- ",36.761951446533203,-121.74571228027344,MONTEREY,UNINCORPORATED,-121.74629974365234,36.761730194091797
90888777,2018,2018-12-24,9735,2018-12-12,1925,020710,,3,2,9,2700,0,1,2,,1,041,"US-101 S/B","CENTRAL AVE EXTENSION",500.00,N,N,A,-,Y,,,101,,,,,,S,Y,4,0,1,1,A,-,08,22107,,N,F,A,A,A,H,-,D,D,0,,,,,Y,,A,08,0,0,1,0,0,0,0,0,0,"- ","- ",36.2034912109375,-121.15663909912109,MONTEREY,UNINCORPORATED,-121.15663146972656,36.203498840332031
90888784,2018,2018-12-24,9730,2018-12-14,0937,019569,,5,1,9,2700,0,3,5,,2,006,"ESPINOSA RD","CHRISTENSEN RD",3168.00,W,N,B,-,N,,,,,,,,,,Y,4,0,1,1,A,-,08,22107,,N,E,I,A,A,H,-,A,D,0,,,,,Y,,A,01,0,0,1,0,0,0,0,0,0,"- ","- ",36.738151550292969,-121.6690673828125,MONTEREY,UNINCORPORATED,-121.66849517822266,36.737899780273438
90888825,2018,2018-12-24,9730,2018-12-15,1310,017785,,6,1,9,2700,0,3,5,,2,003,"US-101 SOUTHBOUND TO CHUALAR RIVER ROAD","CHUALAR RIVER RD",0.00,,Y,A,-,Y,,,101,,,,R,,S,Y,3,0,3,2,A,-,12,22450,A,N,D,C,A,A,H,-,A,A,0,,,,,Y,,A,01,0,2,1,0,0,0,0,0,0,"- ","- ",36.569190979003906,-121.51827239990234,MONTEREY,UNINCORPORATED,-121.51827239990234,36.569190979003906
90888832,2018,2018-12-24,9730,2018-12-14,1312,017184,,5,1,9,2700,0,1,3,,1,014,SR-1,"BIG SUR POST OFFICE (47500 HIGHWAY 1)",0.00,,Y,B,-,Y,,,1,,,,,,,N,4,0,1,2,A,-,03,22350,,N,C,C,A,B,H,-,A,D,0,,,,,Y,,A,07,0,0,1,0,0,0,0,0,0,"- ","- ",36.237041473388672,-121.77014923095703,MONTEREY,UNINCORPORATED,-121.7701416015625,36.237056732177734
8554230,2018,2018-08-02,2706,2018-02-20,0925,250,,2,5,4,2706,0,0,0,,0,003,"RT 68","JOSSELYN CANYON RD",5.00,W,N,A,-,Y,MON,5,68,-,-,5.210,H,-,E,N,2,0,1,2,A,-,03,22350,,N,C,C,A,A,H,-,A,A,0,,,,,Y,,A,01,1,0,0,0,0,0,0,0,0,"- ","- ",,,MONTEREY,MONTEREY,-121.85568237304688,36.583488464355469
8554233,2018,2018-06-29,2712,2018-01-30,1101,1073,2712,2,5,3,2712,0,0,0,,0,001,"IMJIN PW","RT 1",0.00,E,N,A,-,N,,,,,,,,,,Y,4,0,1,2,A,-,08,22107,,N,H,C,A,A,H,-,A,D,0,,,,,Y,,A,07,0,0,1,0,0,0,0,0,0,"- ","- ",,,MONTEREY,MARINA,-121.81314849853516,36.669498443603516
8554234,2018,2018-08-02,2706,2018-02-15,0848,395,2706,4,5,4,2706,0,0,0,,0,003,"RT 68","JOSSELYN CANYON RD",218.00,E,N,A,-,Y,MON,5,68,-,-,5.260,H,-,W,Y,3,0,1,2,A,-,08,22107,,N,D,C,A,A,H,-,A,D,0,,,,,Y,,A,07,0,1,0,0,0,0,0,0,0,"- ","- ",,,MONTEREY,MONTEREY,-121.85483551025391,36.583400726318359
8554325,2018,2018-08-01,2708,2018-01-12,1252,31972,,5,5,6,2708,0,0,0,,0,007,"SOUTH MAIN ST","STEPHANIE DR",500.00,S,N,A,-,Y,MON,5,68,-,-,19.760,H,-,E,,4,0,1,2,A,-,03,22350,,N,C,C,A,A,H,-,A,D,0,,,,,Y,,D,22,0,0,1,0,0,0,0,0,0,"- ","- ",,,MONTEREY,SALINAS,-121.66117858886719,36.652557373046875
8554619,2018,2018-08-02,2707,2018-02-25,1700,1983,2707,7,5,3,2707,0,0,0,,0,001,"FOREST AV","PRESCOTT LN",0.00,,Y,A,-,Y,MON,5,68,-,-,1.540,H,-,E,N,4,0,1,2,A,-,08,22107,,N,A,C,A,A,H,-,A,D,0,,,,,Y,,A,01,0,0,1,0,0,0,0,0,0,"- ","- ",,,MONTEREY,"PACIFIC GROVE",-121.92026519775391,36.604270935058594
8556700,2018,2018-02-27,2706,2018-01-17,1651,121,MPD,3,5,4,2706,0,0,0,,0,001,"LIGHTHOUSE AV","PRESCOTT AV",165.00,S,N,A,-,N,,,,,,,,,,N,4,0,1,2,A,-,03,22350,,N,C,C,A,A,H,-,A,D,0,,,Y,,Y,,C,02,0,0,1,0,0,0,0,0,1,"- ","- ",,,MONTEREY,MONTEREY,-121.90237426757812,36.614337921142578
8556778,2018,2018-03-01,2706,2018-02-08,0809,103,,4,5,4,2706,0,0,0,,0,002,"FREMONT ST","VIA MIRADA",0.00,,Y,A,-,N,,,,,,,,,,Y,3,0,3,2,A,-,09,21802,A,N,D,C,A,A,H,-,A,A,0,,,,,Y,,A,01,0,1,2,0,0,0,0,0,0,"- ","- ",,,MONTEREY,MONTEREY,,
8556789,2018,2018-03-01,2708,2018-01-18,1718,56793,,4,5,6,2708,0,0,0,,0,003,"E BORONDA",MCKINNON,1584.00,E,N,A,-,N,,,,,,,,,,Y,4,0,2,3,A,-,03,22350,,N,C,C,A,A,H,-,B,A,0,,,,,Y,,-,,0,0,2,0,0,0,0,0,0,"- ","- ",,,MONTEREY,SALINAS,-121.63835144042969,36.716243743896484
8556793,2018,2018-03-01,2708,2018-01-15,1630,56793,,1,5,6,2708,0,0,0,,0,,"VILLA ST","WEST MARKET ST",0.00,,Y,A,-,N,,,,,,,,,,N,4,0,1,2,A,-,04,21703,,N,C,C,A,A,H,-,A,A,0,,,,,Y,,-,,0,0,1,0,0,0,0,0,0,"- ","- ",,,MONTEREY,SALINAS,-121.66580200195312,36.681331634521484
8557228,2018,2018-03-14,2706,2018-01-17,0105,121,MPD,3,5,4,2706,0,0,0,,0,001,"LIGHTHOUSE AV","PACIFIC ST",856.00,N,N,A,-,N,,,,,,,,,,Y,4,0,1,1,A,-,01,23152,A,N,E,I,A,A,H,-,C,D,0,,,,,Y,Y,A,01,0,0,1,0,0,0,0,0,0,"- ","- ",,,MONTEREY,MONTEREY,-121.92525482177734,36.624614715576172
8557438,2018,2018-08-02,2706,2018-02-08,0758,410,2706,4,5,4,2706,0,0,0,,0,003,"RT 68","JOSSELYN CANYON RD",1056.00,W,N,A,-,Y,MON,5,68,-,-,5.020,H,-,E,Y,4,0,2,2,A,-,03,22350,,N,C,C,A,A,H,-,A,D,0,,,,,Y,,A,01,0,0,2,0,0,0,0,0,0,"- ","- ",,,MONTEREY,MONTEREY,-121.85869598388672,36.584396362304688
8559043,2018,2018-02-23,2708,2018-01-13,2255,04113,,6,5,6,2708,0,0,0,,0,008,"MAIN ST","MARKET ST",0.00,,Y,A,-,N,,,,,,,,,,Y,4,0,1,2,A,-,12,21453,A,N,D,C,A,A,H,-,C,A,0,,,,,Y,,-,"- ",0,0,1,0,0,0,0,0,0,"- ","- ",,,MONTEREY,SALINAS,-121.65593719482422,36.677608489990234
90888882,2018,2018-12-24,9735,2018-12-16,1430,020710,,7,2,9,2700,0,1,2,,1,041,"US-101 S/B","CENTRAL AVE",16.00,S,N,A,-,Y,,,101,,,,,,S,Y,3,0,2,1,A,-,08,22107,,N,E,I,A,A,H,-,A,D,0,,,,,Y,,A,07,0,1,1,0,0,0,0,0,0,"- ","- ",36.233711242675781,-121.17474365234375,MONTEREY,UNINCORPORATED,-121.17449951171875,36.233734130859375
90888907,2018,2018-12-24,9730,2018-12-15,1444,020899,,6,2,9,2700,0,1,3,,1,022,"SOUTHBOUND SR-1","OCEAN AVENUE",1003.00,S,N,A,-,Y,,,1,,,,,,,Y,3,0,3,4,A,-,03,22350,,N,C,C,A,A,H,-,A,D,0,,,,,Y,,A,07,0,1,2,0,0,0,0,0,0,"- ","- ",36.553329467773438,-121.91074371337891,MONTEREY,UNINCORPORATED,-121.91075134277344,36.553329467773438