CASE_ID,ACCIDENT_YEAR,PROC_DATE,JURIS,COLLISION_DATE,COLLISION_TIME,OFFICER_ID,REPORTING_DISTRICT,DAY_OF_WEEK,CHP_SHIFT,POPULATION,CNTY_CITY_LOC,SPECIAL_COND,BEAT_TYPE,CHP_BEAT_TYPE,CITY_DIVISION_LAPD,CHP_BEAT_CLASS,BEAT_NUMBER,PRIMARY_RD,SECONDARY_RD,DISTANCE,DIRECTION,INTERSECTION,WEATHER_1,WEATHER_2,STATE_HWY_IND,CALTRANS_COUNTY,CALTRANS_DISTRICT,STATE_ROUTE,ROUTE_SUFFIX,POSTMILE_PREFIX,POSTMILE,LOCATION_TYPE,RAMP_INTERSECTION,SIDE_OF_HWY,TOW_AWAY,COLLISION_SEVERITY,NUMBER_KILLED,NUMBER_INJURED,PARTY_COUNT,PRIMARY_COLL_FACTOR,PCF_CODE_OF_VIOL,PCF_VIOL_CATEGORY,PCF_VIOLATION,PCF_VIOL_SUBSECTION,HIT_AND_RUN,TYPE_OF_COLLISION,MVIW,PED_ACTION,ROAD_SURFACE,ROAD_COND_1,ROAD_COND_2,LIGHTING,CONTROL_DEVICE,CHP_ROAD_TYPE,PEDESTRIAN_ACCIDENT,BICYCLE_ACCIDENT,MOTORCYCLE_ACCIDENT,TRUCK_ACCIDENT,NOT_PRIVATE_PROPERTY,ALCOHOL_INVOLVED,STWD_VEHTYPE_AT_FAULT,CHP_VEHTYPE_AT_FAULT,COUNT_SEVERE_INJ,COUNT_VISIBLE_INJ,COUNT_COMPLAINT_PAIN,COUNT_PED_KILLED,COUNT_PED_INJURED,COUNT_BICYCLIST_KILLED,COUNT_BICYCLIST_INJURED,COUNT_MC_KILLED,COUNT_MC_INJURED,PRIMARY_RAMP,SECONDARY_RAMP,LATITUDE,LONGITUDE,COUNTY,CITY,POINT_X,POINT_Y
90888972,2018,2018-12-24,9730,2018-12-15,0640,019315,,6,1,9,2700,0,1,2,,1,070,"US-101 (N/B)","SALA RD",700.00,S,N,B,-,Y,,,101,,,,,,,Y,4,0,1,1,A,-,08,22107,,N,E,I,A,A,H,-,C,D,0,,,,,Y,,A,07,0,0,1,0,0,0,0,0,0,"- ","- ",36.742351531982422,-121.65952301025391,MONTEREY,UNINCORPORATED,-121.65987396240234,36.742214202880859
90889053,2018,2018-12-24,9730,2018-12-15,1247,019569,,6,1,9,2700,0,3,5,,2,007,"SAN JUAN RD","BROOKLYN ST",112.00,W,N,A,-,N,,,,,,,,,,N,3,0,1,3,A,-,03,22350,,N,D,G,A,A,H,-,A,D,0,,Y,,,Y,,J,48,0,1,0,0,0,0,1,0,0,"- ","- ",36.903800964355469,-121.75148773193359,MONTEREY,UNINCORPORATED,-121.75137329101562,36.903850555419922
90889054,2018,2019-01-07,9730,2018-12-15,1703,020931,,6,2,9,2700,0,3,5,,2,003,"RIVER RD","PARKER RD",6336.00,S,N,B,-,N,,,,,,,,,,N,3,0,3,2,A,-,05,21460,A,N,E,I,A,A,H,-,D,D,0,,,,,Y,,A,01,0,2,1,0,0,0,0,0,0,"- ","- ",36.57489013671875,-121.58531188964844,MONTEREY,UNINCORPORATED,-121.58908081054688,36.576740264892578
90889113,2018,2018-12-24,9730,2018-12-16,0607,019569,,7,1,9,2700,0,1,2,,1,070,"US-101 N/B","VIERRA CANYON RD",200.00,N,N,B,-,Y,,,101,,,,,,N,N,4,0,1,1,A,-,08,22107,,N,E,I,A,A,H,-,D,D,0,,,,,Y,,A,01,0,0,1,0,0,0,0,0,0,"- ","- ",36.792301177978516,-121.66699981689453,MONTEREY,UNINCORPORATED,-121.66693115234375,36.792285919189453
90889487,2018,2018-12-24,9730,2018-10-17,1618,020931,,3,2,9,2700,0,1,2,,1,030,"US-101 NORTHBOUND","CHUALAR RIVER ROAD",6864.00,S,N,A,-,Y,,,101,,,,,,N,Y,1,1,0,2,A,-,09,21801,A,N,D,C,A,A,H,-,A,D,0,,,,Y,Y,,G,25,0,0,0,0,0,0,0,0,0,"- ","- ",36.554248809814453,-121.50254821777344,MONTEREY,UNINCORPORATED,-121.50251770019531,36.554290771484375
90890140,2018,2018-12-26,9730,2018-12-16,2053,021794,,7,2,9,2700,0,3,5,,2,006,"SAN JUAN GRADE ROAD","CRAZY HORSE CANYON ROAD",528.00,S,N,C,-,N,,,,,,,,,,Y,4,0,2,1,A,-,03,22350,,N,E,I,A,B,H,-,D,D,0,,,,,Y,,A,01,0,0,2,0,0,0,0,0,0,"- ","- ",36.771919250488281,-121.60508728027344,MONTEREY,UNINCORPORATED,-121.60457611083984,36.772418975830078
90890236,2018,2018-12-26,9735,2018-12-21,0630,020841,,5,1,9,2700,0,3,5,,2,001,"NACIMIENTO-FERGUSSON RD","SAN MIGUELITO LOOP RD",10560.00,W,N,A,-,N,,,,,,,,,,Y,4,0,1,1,A,-,08,22107,,N,E,I,A,A,H,-,D,D,0,,,,,Y,,A,01,0,0,1,0,0,0,0,0,0,"- ","- ",35.973251342773438,-121.32547760009766,MONTEREY,UNINCORPORATED,,
90890304,2018,2018-12-26,9730,2018-12-16,1610,022118,,7,2,9,2700,0,3,5,,2,007,"AROMAS ROAD","SAN JUAN ROAD",430.00,E,N,B,C,N,,,,,,,,,,Y,3,0,1,1,A,-,03,22350,,N,E,I,A,B,H,-,D,D,0,,,,,Y,,A,08,0,1,0,0,0,0,0,0,0,"- ","- ",36.882431030273438,-121.6602783203125,MONTEREY,UNINCORPORATED,-121.66043853759766,36.882453918457031
90890494,2018,2018-12-26,9730,2018-12-17,1729,021407,,1,2,9,2700,0,2,4,,2,063,"BLANCO ROAD","ARMSTRONG ROAD",5280.00,E,N,B,-,N,,,,,,,,,,Y,4,0,3,2,A,-,03,22350,,N,C,C,A,A,H,-,C,D,0,,,,,Y,,A,01,0,0,3,0,0,0,0,0,0,"- ","- ",36.674598693847656,-121.69889831542969,MONTEREY,UNINCORPORATED,-121.69284820556641,36.671073913574219
90890555,2018,2018-12-26,9730,2018-12-17,1744,021856,,1,2,9,2700,0,2,4,,2,063,"BLANCO ROAD","ARMSTRONG ROAD",2112.00,W,N,A,-,N,,,,,,,,,,Y,4,0,1,2,A,-,03,22350,,N,C,C,A,A,H,-,D,D,0,,,,,Y,,A,07,0,0,1,0,0,0,0,0,0,"- ","- ",36.678699493408203,-121.71552276611328,MONTEREY,UNINCORPORATED,-121.71512603759766,36.6787109375
90890697,2018,2018-12-26,9730,2018-12-17,1050,019239,,1,1,9,2700,0,1,2,,1,030,"US-101 SB","ESPERANZA RD",1584.00,S,N,A,-,Y,,,101,,,,,,S,Y,4,0,1,2,A,-,01,23152,F,N,C,C,A,A,H,-,A,D,0,,,,Y,Y,,A,01,0,0,1,0,0,0,0,0,0,"- ","- ",36.586940765380859,-121.53678131103516,MONTEREY,UNINCORPORATED,-121.53677368164062,36.586944580078125
90890882,2018,2018-12-27,9730,2018-12-15,1149,022151,,6,1,9,2700,0,1,3,,1,074,SR-1,"MOLERA RD",300.00,S,N,A,-,Y,,,1,,,,,,,N,3,0,1,1,A,-,03,22350,,N,E,I,A,A,H,-,A,D,0,,,,,Y,,E,22,0,1,0,0,0,0,0,0,0,"- ","- ",36.743789672851562,-121.77335357666016,MONTEREY,UNINCORPORATED,-121.77317047119141,36.743656158447266
90891090,2018,2018-12-27,9730,2018-12-17,1138,020621,,1,1,9,2700,0,1,2,,1,030,"S/B US-101","SOMAVIA ROAD",1584.00,S,N,A,-,Y,,,101,,,,,,,Y,4,0,1,3,A,-,03,22350,,N,C,C,A,A,H,-,A,D,0,,,,,Y,,A,01,0,0,1,0,0,0,0,0,0,"- ","- ",36.592411041259766,-121.54232788085938,MONTEREY,UNINCORPORATED,-121.54237365722656,36.592369079589844
90891812,2018,2018-12-27,9730,2018-12-19,1655,019981,,3,2,9,2700,0,3,5,,2,006,"DAVIS ROAD","RESERVATION ROAD",150.00,N,N,A,-,N,,,,,,,,,,Y,4,0,1,3,A,-,03,22350,,N,C,C,A,A,H,-,B,D,0,,,,,Y,,A,01,0,0,1,0,0,0,0,0,0,"- ","- ",36.642959594726562,-121.70558929443359,MONTEREY,UNINCORPORATED,-121.70627593994141,36.642093658447266
90891829,2018,2018-12-27,9730,2018-12-19,1930,021888,,3,2,9,2700,0,1,3,,1,066,SR-183,"PAJARO STREET",0.00,,Y,A,-,N,,,183,,,,,,,N,4,0,1,2,A,-,12,21453,A,N,D,C,A,A,H,-,C,A,0,,,,,Y,,A,01,0,0,1,0,0,0,0,0,0,"- ","- ",36.762641906738281,-121.75377655029297,MONTEREY,UNINCORPORATED,-121.75380706787109,36.762599945068359
90892967,2018,2018-12-28,9730,2018-12-17,2132,020065,,1,2,9,2700,0,2,4,,1,073,"SAN MIGUEL CANYON ROAD","CASTROVILLE BLVD.",845.00,E,N,A,-,N,,,,,,,,,,Y,3,0,1,1,A,-,01,23152,A,N,F,A,A,A,H,-,D,D,0,,,,,Y,Y,D,22,0,1,0,0,0,0,0,0,0,"- ","- ",36.806831359863281,-121.66970825195312,MONTEREY,UNINCORPORATED,-121.66976165771484,36.806854248046875
90892983,2018,2018-12-28,9730,2018-12-15,1723,022129,,6,2,9,2700,0,3,5,,2,003,"FOLETTA ROAD","ALTA STREET",7392.00,N,N,A,-,N,,,,,,,,,,Y,3,0,1,1,A,-,03,22350,,N,E,I,A,A,H,-,D,D,0,,,,,Y,,A,01,0,1,0,0,0,0,0,0,0,"- ","- ",36.537528991699219,-121.48358917236328,MONTEREY,UNINCORPORATED,-121.46534729003906,36.523139953613281
90893012,2018,2018-12-28,9730,2018-12-19,1746,021856,,3,2,9,2700,0,2,4,,1,073,"HALL ROAD","SILL ROAD",1584.00,W,N,A,-,N,,,,,,,,,,Y,3,0,1,2,A,-,03,22350,,N,C,C,A,A,H,-,D,D,0,,,,,Y,,A,07,0,1,0,0,0,0,0,0,0,"- ","- ",36.864189147949219,-121.72824859619141,MONTEREY,UNINCORPORATED,-121.72794342041016,36.864128112792969
90893119,2018,2018-12-28,9730,2018-12-20,2021,019981,,4,2,9,2700,0,3,5,,2,005,"DAVIS ROAD",SR-183,528.00,S,N,A,-,N,,,,,,,,,,Y,3,0,1,1,A,-,08,22107,,N,E,I,A,A,H,-,C,D,0,,,,,Y,,A,01,0,1,0,0,0,0,0,0,0,"- ","- ",36.681179046630859,-121.6744384765625,MONTEREY,UNINCORPORATED,,
90893168,2018,2018-12-28,9735,2018-12-27,1300,019800,,4,1,9,2700,0,1,2,,1,040,"US-101 S/B","HUDSON RD",2112.00,N,N,A,-,Y,,,101,,,,,,S,N,4,0,1,2,A,-,03,22350,,N,C,C,A,A,H,-,A,D,0,,,,,Y,,D,22,0,0,1,0,0,0,0,0,0,"- ","- ",36.366069793701172,-121.27973937988281,MONTEREY,UNINCORPORATED,-121.28010559082031,36.365653991699219
8559047,2018,2018-02-23,2708,2018-01-02,1406,56793,,2,5,6,2708,0,0,0,,0,,"WEST LAUREL DR","ADAMS ST",0.00,,Y,A,-,N,,,,,,,,,,Y,3,0,1,3,A,-,00,12500,A,N,D,C,A,A,H,-,A,A,0,,,,,Y,,A,01,0,1,0,0,0,0,0,0,0,"- ","- ",,,MONTEREY,SALINAS,-121.66246032714844,36.698009490966797
8559048,2018,2018-02-26,2708,2018-01-03,0318,30348,MONTE,3,5,6,2708,0,0,0,,0,,"WILLIAMS RD","DEL MONTE AV",0.00,,Y,A,-,N,,,,,,,,,,Y,4,0,2,2,A,-,12,21453,A,N,D,C,A,A,H,-,C,A,0,,,,,Y,,-,,0,0,2,0,0,0,0,0,0,"- ","- ",,,MONTEREY,SALINAS,-121.60430145263672,36.681201934814453
8559051,2018,2018-02-23,2708,2018-01-08,1655,77067,,1,5,6,2708,0,0,0,,0,005,"IRIS DR","MAIN ST",156.00,W,N,B,-,N,,,,,,,,,,N,3,0,1,2,A,-,10,21950,A,F,G,G,A,B,H,-,C,D,0,,Y,,,Y,,A,01,0,1,0,0,0,0,1,0,0,"- ","- ",,,MONTEREY,SALINAS,-121.65277099609375,36.693195343017578
8559052,2018,2018-02-26,2708,2018-01-10,1303,75635,SALIN,3,5,6,2708,0,0,0,,0,,"EAST MARKET ST","MERCED ST",0.00,,Y,A,-,N,,,,,,,,,,Y,4,0,2,2,A,-,01,23152,A,M,C,C,A,A,H,-,A,D,0,,,,,Y,Y,-,,0,0,2,0,0,0,0,0,0,"- ","- ",,,MONTEREY,SALINAS,-121.64231872558594,36.678108215332031
8559055,2018,2018-02-23,2708,2018-01-08,1738,05048,,1,5,6,2708,0,0,0,,0,006,"MAIN ST","CASENTINI ST",250.00,N,N,C,-,N,,,,,,,,,,Y,2,0,4,3,A,-,03,22350,,N,C,C,A,B,H,-,C,D,0,,,,,Y,,A,01,3,0,1,0,0,0,0,0,0,"- ","- ",,,MONTEREY,SALINAS,-121.65277099609375,36.684970855712891
8559059,2018,2018-02-23,2708,2018-01-13,0757,75635,SALIN,6,5,6,2708,0,0,0,,0,,"TWIN OAKS DR","CREEKVIEW CIR",186.00,E,N,A,-,N,,,,,,,,,,N,2,0,1,2,A,-,10,21954,B,F,A,B,-,A,H,-,A,D,0,Y,,,,Y,Y,A,01,1,0,0,0,1,0,0,0,0,"- ","- ",,,MONTEREY,SALINAS,,
8559060,2018,2018-02-26,2708,2018-01-04,2149,06240,,4,5,6,2708,0,0,0,,0,006,"NORTH DAVIS RD","LARKIN ST",0.00,,Y,A,-,N,,,,,,,,,,Y,4,0,1,3,A,-,05,21650,,N,-,C,A,A,H,-,C,A,0,,,,,Y,,-,,0,0,1,0,0,0,0,0,0,"- ","- ",,,MONTEREY,SALINAS,-121.66840362548828,36.693740844726562
8559063,2018,2018-02-23,2708,2018-01-22,1641,52823,,1,5,6,2708,0,0,0,,0,,"CONSTITUTION BL","MANCHESTER DR",0.00,,Y,A,-,N,,,,,,,,,,N,2,0,1,2,A,-,10,21950,A,F,G,B,-,A,H,-,B,D,0,Y,,,,Y,,A,01,1,0,0,0,1,0,0,0,0,"- ","- ",,,MONTEREY,SALINAS,-121.62319183349609,36.700069427490234
8559064,2018,2018-02-26,2708,2018-01-10,1758,25182,,3,5,6,2708,0,0,0,,0,,"NORTH MAIN ST","NAVAJO DR",0.00,,Y,A,-,N,,,,,,,,,,Y,4,0,3,2,A,-,03,22350,,N,D,-,A,A,H,-,C,D,0,,,,,Y,,-,,0,0,3,0,0,0,0,0,0,"- ","- ",,,MONTEREY,SALINAS,-121.65325164794922,36.705699920654297
8559067,2018,2018-02-23,2708,2018-01-24,1112,71633,SALIN,3,5,6,2708,0,0,0,,0,008,"MAIN ST","MARKET ST",0.00,,Y,A,-,N,,,,,,,,,,N,4,0,2,2,A,-,04,21703,,N,C,C,A,A,H,-,A,A,0,,,,,Y,,A,01,0,0,2,0,0,0,0,0,0,"- ","- ",,,MONTEREY,SALINAS,-121.65593719482422,36.677608489990234
8559068,2018,2018-02-23,2708,2018-01-06,1310,74130,SALIN,6,5,6,2708,0,0,0,,0,003,BORONDA,BORONDA-NATIVIDAD,0.00,,Y,A,-,N,,,,,,,,,,N,4,0,2,2,A,-,04,21703,,N,B,C,A,A,H,-,A,A,0,,,,,Y,,-,,0,0,2,0,0,0,0,0,0,"- ","- ",,,MONTEREY,SALINAS,,
8559071,2018,2018-02-23,2708,2018-01-25,1639,16258,SALIN,4,5,6,2708,0,0,0,,0,001,"MAIN ST","BORONDA RD",0.00,,Y,A,-,N,,,,,,,,,,N,3,0,1,2,A,-,10,21950,A,N,G,B,-,A,H,-,A,A,0,Y,,,,Y,,A,01,0,1,0,0,1,0,0,0,0,"- ","- ",,,MONTEREY,SALINAS,-121.65622711181641,36.72161865234375
8559072,2018,2018-02-23,2708,2018-01-15,0554,54871,MUNI,1,5,6,2708,0,0,0,,0,009,"SCHILLING PL","EDEN ST",625.00,N,N,A,-,N,,,,,,,,,,Y,3,0,2,2,A,-,05,21460,A,N,A,C,A,A,H,-,B,D,0,,,,,Y,,-,,0,1,1,0,0,0,0,0,0,"- ","- ",,,MONTEREY,SALINAS,-121.62299346923828,36.654655456542969
8559075,2018,2018-02-23,2708,2018-01-17,1832,16301,,3,5,6,2708,0,0,0,,0,009,"SAN MIGUEL DR","SAN MIGUEL CIR",35.00,W,N,A,-,N,,,,,,,,,,N,3,0,1,1,A,-,08,22107,,N,A,I,A,A,H,-,A,D,0,,,,,Y,,D,22,0,1,0,0,0,0,0,0,0,"- ","- ",,,MONTEREY,SALINAS,-121.65322113037109,36.657741546630859
8559076,2018,2018-02-28,2708,2018-01-02,1543,69054,,2,5,6,2708,0,0,0,,0,009,ABBOTT,HARKINS,5.00,N,N,A,-,N,,,,,,,,,,N,3,0,1,2,A,-,03,22350,,N,C,C,A,A,H,-,A,D,0,,,Y,,Y,Y,C,02,0,1,0,0,0,0,0,0,1,"- ","- ",,,MONTEREY,SALINAS,-121.62678527832031,36.653434753417969
8559079,2018,2018-02-23,2708,2018-01-07,0553,59989,SALIN,7,5,6,2708,0,0,0,,0,007,"ALISAL ST","COLLEGE DR",193.00,E,N,E,-,N,,,,,,,,,,Y,2,0,1,1,A,-,03,22350,,N,A,I,A,A,H,-,C,D,0,,,,,Y,,A,01,1,0,0,0,0,0,0,0,0,"- ","- ",,,MONTEREY,SALINAS,-121.6700439453125,36.671543121337891
8559080,2018,2018-02-23,2708,2018-01-10,2012,77067,,3,5,6,2708,0,0,0,,0,008,"EAST GABILAN ST","SOLEDAD ST",109.00,E,N,A,-,N,,,,,,,,,,Y,3,0,1,3,A,-,08,22107,,M,C,E,A,A,H,-,C,D,0,,,,,Y,,-,,0,1,0,0,0,0,0,0,0,"- ","- ",,,MONTEREY,SALINAS,-121.65146636962891,36.676170349121094
8559083,2018,2018-02-23,2708,2018-01-12,1500,30425,,5,5,6,2708,0,0,0,,0,002,"MAIN ST","NAVAJO DR",0.00,,Y,A,-,N,,,,,,,,,,N,3,0,1,2,A,-,09,21802,A,N,G,G,A,A,H,-,A,D,0,,Y,,,Y,,L,04,0,1,0,0,0,0,1,0,0,"- ","- ",,,MONTEREY,SALINAS,-121.65325164794922,36.705699920654297
8559084,2018,2018-08-01,2708,2018-01-17,1009,53260,,3,5,6,2708,0,0,0,,0,012,"FAIRVIEW AV","RT 101",0.00,,Y,A,-,Y,MON,5,101,-,-,85.920,R,4,N,Y,3,0,1,1,A,-,03,22350,,N,A,I,A,A,H,-,A,D,0,,,,,Y,,-,,0,1,0,0,0,0,0,0,0,"- ","- ",,,MONTEREY,SALINAS,-121.62537384033203,36.664802551269531
8559087,2018,2018-02-23,2708,2018-01-27,0730,98751,,6,5,6,2708,0,0,0,,0,003,"CHAPARRAL ST","NATIVIDAD RD",0.00,,Y,A,-,N,,,,,,,,,,N,3,0,1,2,A,-,05,21650,,N,D,G,A,A,H,-,A,A,0,,Y,,,Y,,L,04,0,1,0,0,0,0,1,0,0,"- ","- ",,,MONTEREY,SALINAS,-121.634521484375,36.700130462646484
8559088,2018,2018-02-23,2708,2018-01-08,1534,56793,,1,5,6,2708,0,0,0,,0,,"EAST BORONDA RD",CONSTITUTION,600.00,W,N,C,-,N,,,,,,,,,,Y,3,0,4,3,A,-,03,22350,,N,C,C,A,B,H,-,A,A,0,,,,,Y,,-,,0,1,3,0,0,0,0,0,0,"- ","- ",,,MONTEREY,SALINAS,-121.60355377197266,36.706039428710938
8559091,2018,2018-02-23,2708,2018-01-27,1347,6235,,6,5,6,2708,0,0,0,,0,001,"MAIN ST","BOLIVAR ST",450.00,E,N,A,-,N,,,,,,,,,,N,3,0,1,2,A,-,03,22350,,N,C,C,A,A,H,-,A,D,0,,,,,Y,,A,01,0,1,0,0,0,0,0,0,0,"- ","- ",,,MONTEREY,SALINAS,-121.6563720703125,36.725051879882812
8559092,2018,2018-02-23,2708,2018-01-27,0934,19943,,6,5,6,2708,0,0,0,,0,002,"HARDEN PKWY","NORTH MAIN ST",525.00,E,N,A,-,N,,,,,,,,,,N,3,0,1,2,A,-,10,21950,A,N,G,B,B,A,H,-,A,A,0,Y,,,,Y,,A,01,0,1,0,0,1,0,0,0,0,"- ","- ",,,MONTEREY,SALINAS,-121.65275573730469,36.713455200195312
8559096,2018,2018-02-23,2708,2018-01-27,1513,30425,SPD,6,5,6,2708,0,0,0,,0,002,"W ALVIN ST","N 1ST ST",0.00,,Y,A,-,N,,,,,,,,,,Y,3,0,1,2,A,-,09,21804,A,N,A,C,A,A,H,-,A,D,0,,,,,Y,,-,,0,1,0,0,0,0,0,0,0,"- ","- ",,,MONTEREY,SALINAS,-121.65602874755859,36.707511901855469
8559099,2018,2018-02-23,2708,2018-01-02,2219,69021,,2,5,6,2708,0,0,0,,0,009,"JOHN ST","PAJARO ST",0.00,,Y,A,-,N,,,,,,,,,,Y,3,0,4,2,A,-,01,23152,A,N,D,C,A,A,H,-,D,A,0,,,,,Y,Y,A,01,0,1,3,0,0,0,0,0,0,"- ","- ",,,MONTEREY,SALINAS,-121.65220642089844,36.670501708984375
8559100,2018,2018-03-09,2708,2018-01-30,1715,30425,,2,5,6,2708,0,0,0,,0,,"N MADERA ST","FREMONT ST",0.00,,Y,A,-,N,,,,,,,,,,N,4,0,1,2,A,-,03,22350,,F,D,C,A,A,H,-,B,D,0,,,,,Y,,-,,0,0,1,0,0,0,0,0,0,"- ","- ",,,MONTEREY,SALINAS,-121.6378173828125,36.678050994873047
8559103,2018,2018-02-23,2708,2018-01-04,0818,69086,,4,5,6,2708,0,0,0,,0,008,"MAIN ST","CASENTINI ST",0.00,,Y,B,-,N,,,,,,,,,,Y,4,0,1,1,A,-,03,22350,,N,E,I,A,B,H,-,A,A,0,,,,,Y,,A,01,0,0,1,0,0,0,0,0,0,"- ","- ",,,MONTEREY,SALINAS,-121.65283203125,36.684291839599609
8559104,2018,2018-02-23,2708,2018-01-01,0049,49280,,1,5,6,2708,0,0,0,,0,011,"GARNER AV","ATLANTIC ST",50.00,E,N,A,-,N,,,,,,,,,,Y,4,0,1,4,A,-,21,22106,,N,D,C,A,A,H,-,C,D,0,,,,,Y,Y,-,,0,0,1,0,0,0,0,0,0,"- ","- ",,,MONTEREY,SALINAS,-121.61714172363281,36.688529968261719
8559107,2018,2018-02-23,2706,2018-01-09,1612,16258,SALIN,2,5,4,2706,0,0,0,,0,001,"BORONDA RD","MAIN ST",10.00,W,N,A,-,N,,,,,,,,,,N,4,0,1,2,A,-,03,22350,,F,C,C,A,A,H,-,A,A,0,,,,,Y,,D,22,0,0,1,0,0,0,0,0,0,"- ","- ",,,MONTEREY,MONTEREY,-121.65626525878906,36.721622467041016
8559108,2018,2018-02-23,2708,2018-01-22,1652,04113,,1,5,6,2708,0,0,0,,0,,"E ALISAL ST","BARDIN RD",215.00,S,N,A,-,N,,,,,,,,,,Y,3,0,2,2,A,-,09,21801,A,N,D,C,A,A,H,-,A,D,0,,,,,Y,,-,,0,2,0,0,0,0,0,0,0,"- ","- ",,,MONTEREY,SALINAS,-121.60247039794922,36.673488616943359
8559112,2018,2018-02-23,2708,2018-01-25,1848,57307,SALIN,4,5,6,2708,0,0,0,,0,011,"GARNER AV","NORTH SANBORN RD",0.00,,Y,A,-,N,,,,,,,,,,N,3,0,1,2,A,-,03,22350,,M,C,C,A,B,H,-,C,D,0,,,,,Y,Y,-,,0,1,0,0,0,0,0,0,0,"- ","- ",,,MONTEREY,SALINAS,-121.61514282226562,36.686210632324219
8559116,2018,2018-02-23,2708,2018-01-26,1101,30425,,5,5,6,2708,0,0,0,,0,,"ABBOTT ST","EAST ROMIE LN",0.00,,Y,A,-,N,,,,,,,,,,Y,4,0,2,2,A,-,12,21453,A,N,B,C,A,A,H,-,A,A,0,,,,,Y,,-,,0,0,2,0,0,0,0,0,0,"- ","- ",,,MONTEREY,SALINAS,-121.63884735107422,36.658988952636719
8559120,2018,2018-02-23,2708,2018-01-18,0657,16301,,4,5,6,2708,0,0,0,,0,009,"ABBOTT ST","JOHN ST",189.00,S,N,A,-,N,,,,,,,,,,Y,3,0,1,1,A,-,08,22107,,N,E,I,A,A,H,-,A,A,0,,,,,Y,,-,,0,1,0,0,0,0,0,0,0,"- ","- ",,,MONTEREY,SALINAS,-121.64653778076172,36.668987274169922
8559136,2018,2018-02-26,2708,2018-02-03,1213,71633,SALIN,6,5,6,2708,0,0,0,,0,006,"WEST ROSSI ST","MARTELLA ST",215.00,W,N,A,-,N,,,,,,,,,,Y,3,0,1,2,A,-,04,21703,,N,C,C,A,A,H,-,A,D,0,,,,,Y,,A,01,0,1,0,0,0,0,0,0,0,"- ","- ",,,MONTEREY,SALINAS,-121.65574645996094,36.681770324707031
8559165,2018,2018-08-01,2708,2018-01-14,1744,31972,,7,5,6,2708,0,0,0,,0,006,"WEST LAUREL DR","RT 101",0.00,,Y,A,-,Y,MON,5,101,-,R,89.520,R,4,S,,4,0,1,2,A,-,12,21453,A,N,D,C,A,A,H,-,C,A,0,,,,,Y,,-,,0,0,1,0,0,0,0,0,0,"- ",EF,,,MONTEREY,SALINAS,-121.66619110107422,36.701271057128906
8559524,2017,2018-02-26,2708,2017-12-09,2147,77067,SALIN,6,5,6,2708,0,0,0,,0,012,"SOUTH SANBORN RD","EAST ALISAL ST",215.00,S,N,A,-,N,,,,,,,,,,N,3,0,1,2,A,-,11,21955,,N,G,B,D,A,H,-,C,D,0,Y,,,,Y,Y,N,60,0,1,0,0,1,0,0,0,0,"- ","- ",,,MONTEREY,SALINAS,-121.62747881,36.672320169999999
90894285,2018,2018-12-31,9730,2018-12-21,0400,020677,,5,3,9,2700,0,1,3,,1,074,SR-1,"MOLERA ROAD",770.00,N,N,A,-,Y,,,1,,,,,,,Y,3,0,1,1,A,-,08,22107,,N,F,I,A,A,H,-,D,D,0,,,,,Y,,A,01,0,1,0,0,0,0,0,0,0,"- ","- ",36.782341003417969,-121.7799072265625,MONTEREY,UNINCORPORATED,-121.77984619140625,36.782386779785156
90894424,2018,2018-12-31,9730,2018-12-21,0600,019569,,5,1,9,2700,0,1,2,,1,070,"US-101 N/B","CRAZY HORSE CANYON RD",2112.00,S,N,A,-,Y,,,101,,,,,,N,Y,4,0,1,2,A,-,08,22107,,N,C,C,A,A,H,-,D,D,0,,,,,Y,,A,01,0,0,1,0,0,0,0,0,0,"- ","- ",36.814861297607422,-121.6395263671875,MONTEREY,UNINCORPORATED,-121.63951873779297,36.814842224121094
90894832,2018,2018-12-31,9730,2018-12-23,1816,022129,,7,2,9,2700,0,2,4,,1,073,"SAN MIGUEL CANYON ROAD","CASTROVILLE BOULEVARD",0.00,,Y,A,-,N,,,,,,,,,,Y,3,0,2,1,A,-,03,22350,,N,E,I,A,A,H,-,D,A,0,,,,,Y,,A,08,0,1,1,0,0,0,0,0,0,"- ","- ",36.80828857421875,-121.67153930664062,MONTEREY,UNINCORPORATED,-121.67191314697266,36.808399200439453
90895008,2018,2018-12-31,9730,2018-12-17,0729,022151,,1,1,9,2700,0,1,3,,2,062,SR-1,"IMJIN PARKWAY",170.00,N,N,A,-,Y,,,1,,,,,,,N,4,0,1,2,A,-,03,22350,,N,C,C,A,A,H,-,A,D,0,,,,,Y,,A,01,0,0,1,0,0,0,0,0,0,"- ","- ",36.669971466064453,-121.81282806396484,MONTEREY,UNINCORPORATED,-121.81289672851562,36.670009613037109
90895328,2018,2019-01-02,9730,2018-12-21,1250,019569,,5,1,9,2700,0,1,2,,1,070,"US-101 S/B",SR-156,1056.00,S,N,A,-,Y,,,101,,,,,,S,Y,4,0,1,2,A,-,03,22350,,N,C,C,A,A,H,-,A,D,0,,,,,Y,,D,22,0,0,1,0,0,0,0,0,0,"- ","- ",36.786518096923828,-121.66826629638672,MONTEREY,UNINCORPORATED,-121.66827392578125,36.786521911621094