CASE_ID,ACCIDENT_YEAR,PROC_DATE,JURIS,COLLISION_DATE,COLLISION_TIME,OFFICER_ID,REPORTING_DISTRICT,DAY_OF_WEEK,CHP_SHIFT,POPULATION,CNTY_CITY_LOC,SPECIAL_COND,BEAT_TYPE,CHP_BEAT_TYPE,CITY_DIVISION_LAPD,CHP_BEAT_CLASS,BEAT_NUMBER,PRIMARY_RD,SECONDARY_RD,DISTANCE,DIRECTION,INTERSECTION,WEATHER_1,WEATHER_2,STATE_HWY_IND,CALTRANS_COUNTY,CALTRANS_DISTRICT,STATE_ROUTE,ROUTE_SUFFIX,POSTMILE_PREFIX,POSTMILE,LOCATION_TYPE,RAMP_INTERSECTION,SIDE_OF_HWY,TOW_AWAY,COLLISION_SEVERITY,NUMBER_KILLED,NUMBER_INJURED,PARTY_COUNT,PRIMARY_COLL_FACTOR,PCF_CODE_OF_VIOL,PCF_VIOL_CATEGORY,PCF_VIOLATION,PCF_VIOL_SUBSECTION,HIT_AND_RUN,TYPE_OF_COLLISION,MVIW,PED_ACTION,ROAD_SURFACE,ROAD_COND_1,ROAD_COND_2,LIGHTING,CONTROL_DEVICE,CHP_ROAD_TYPE,PEDESTRIAN_ACCIDENT,BICYCLE_ACCIDENT,MOTORCYCLE_ACCIDENT,TRUCK_ACCIDENT,NOT_PRIVATE_PROPERTY,ALCOHOL_INVOLVED,STWD_VEHTYPE_AT_FAULT,CHP_VEHTYPE_AT_FAULT,COUNT_SEVERE_INJ,COUNT_VISIBLE_INJ,COUNT_COMPLAINT_PAIN,COUNT_PED_KILLED,COUNT_PED_INJURED,COUNT_BICYCLIST_KILLED,COUNT_BICYCLIST_INJURED,COUNT_MC_KILLED,COUNT_MC_INJURED,PRIMARY_RAMP,SECONDARY_RAMP,LATITUDE,LONGITUDE,COUNTY,CITY,POINT_X,POINT_Y
90895330,2018,2019-01-02,9730,2018-12-23,1405,022118,,7,2,9,2700,0,2,4,,1,073,"SAN MIGUEL CANYON ROAD","GARLEN LANE",101.00,S,N,A,-,N,,,,,,,,,,Y,3,0,2,2,A,-,09,21801,A,N,C,C,A,A,H,-,A,D,0,,,,,Y,,A,07,0,1,1,0,0,0,0,0,0,"- ","- ",36.819591522216797,-121.67285919189453,MONTEREY,UNINCORPORATED,-121.67311096191406,36.820964813232422
90895333,2018,2019-01-02,9730,2018-12-23,1735,021794,,7,2,9,2700,0,1,2,,1,030,"N/B US-101","5TH STREET",1056.00,N,N,A,-,Y,,,101,,,,,,,Y,4,0,1,2,A,-,08,22107,,N,E,I,A,A,H,-,C,D,0,,,,,Y,,A,01,0,0,1,0,0,0,0,0,0,"- ","- ",36.515949249267578,-121.43907928466797,MONTEREY,UNINCORPORATED,-121.43902587890625,36.515995025634766
90895342,2018,2019-01-02,9730,2018-12-25,1445,022047,,2,2,9,2700,0,3,5,,2,007,"COOPER ST.","POMBER ST.",0.00,,Y,A,-,N,,,,,,,,,,Y,4,0,1,2,A,-,01,23152,A,N,A,C,A,A,H,-,A,D,0,,,,,Y,Y,A,01,0,0,1,0,0,0,0,0,0,"- ","- ",36.769481658935547,-121.75942993164062,MONTEREY,UNINCORPORATED,-121.75939178466797,36.769439697265625
90895398,2018,2019-01-02,9730,2018-12-23,1332,021888,,7,1,9,2700,0,1,3,,1,074,"SR-1 SOUTHBOUND","SPRINGFIELD ROAD",1584.00,S,N,A,-,Y,,,1,,,,,,S,Y,3,0,3,3,A,-,03,22350,,N,C,C,A,A,H,-,A,D,0,,,,,Y,,A,01,0,1,2,0,0,0,0,0,0,"- ","- ",36.833698272705078,-121.77100372314453,MONTEREY,UNINCORPORATED,-121.77100372314453,36.833698272705078
90895962,2018,2019-01-02,9730,2018-12-25,0950,018350,,2,1,9,2700,0,1,3,,1,068,SR-68,"SAN BENANCIO ROAD",1584.00,E,N,A,-,Y,,,68,,,,,,,Y,3,0,1,1,A,-,08,22107,,N,E,I,A,A,H,-,A,D,0,,,,,Y,,A,07,0,1,0,0,0,0,0,0,0,"- ","- ",36.582408905029297,-121.71614074707031,MONTEREY,UNINCORPORATED,-121.71610260009766,36.58233642578125
90896012,2018,2019-01-02,9730,2018-12-24,1530,021888,,1,2,9,2700,0,1,3,,1,074,"SR-1 N/B","TRAFTON ROAD",680.00,N,N,C,-,Y,,,1,,,,,,N,Y,3,0,3,1,A,-,03,22350,,N,F,I,A,B,H,-,A,D,0,,,,,Y,,A,01,0,3,0,0,0,0,0,0,0,"- ","- ",36.87847900390625,-121.77129364013672,MONTEREY,UNINCORPORATED,-121.77132415771484,36.878471374511719
90896077,2018,2019-01-02,9730,2018-12-25,0710,020933,,2,1,9,2700,0,1,3,,1,014,SR-1,"POINT SUR NAVAL FACILITY",3168.00,N,N,A,-,Y,,,1,,,,,,,Y,3,0,1,1,A,-,01,23152,A,M,E,I,A,B,H,-,A,D,0,,,,,Y,Y,A,07,0,1,0,0,0,0,0,0,0,"- ","- ",36.316890716552734,-121.89166259765625,MONTEREY,UNINCORPORATED,-121.89174652099609,36.316864013671875
90896118,2018,2019-01-02,9730,2018-12-24,1348,022129,,1,1,9,2700,0,1,2,,1,070,"US-101 N/B","DUNBARTON ROAD",189.00,S,N,C,-,Y,,,101,,,,,,N,Y,4,0,2,2,A,-,08,22107,,N,E,I,A,B,H,-,A,D,0,,,,,Y,,A,01,0,0,2,0,0,0,0,0,0,"- ","- ",36.836139678955078,-121.63043975830078,MONTEREY,UNINCORPORATED,-121.63038635253906,36.836154937744141
90896466,2018,2019-01-03,9730,2018-12-26,1740,021776,,3,2,9,2700,0,3,5,,2,005,"NATIVIDAD ROAD","OLD STAGE ROAD",1584.00,S,N,A,-,N,,,,,,,,,,Y,3,0,2,3,A,-,05,21650,,N,B,C,A,A,H,-,D,D,0,,,,,Y,,A,01,0,1,1,0,0,0,0,0,0,"- ","- ",36.7364501953125,-121.60440826416016,MONTEREY,UNINCORPORATED,-121.60466766357422,36.736122131347656
90896542,2018,2019-01-03,9730,2018-12-28,0920,018886,,5,1,9,2700,0,2,4,,2,063,"DAVIS ROAD","BLANCO ROAD",0.00,,Y,A,-,N,,,,,,,,,,N,4,0,1,2,A,-,03,22350,,N,C,C,A,A,H,-,A,A,0,,,,,Y,,A,01,0,0,1,0,0,0,0,0,0,"- ","- ",36.667041778564453,-121.68521118164062,MONTEREY,UNINCORPORATED,-121.68511199951172,36.666801452636719
90897484,2018,2019-01-04,9730,2018-12-26,1510,019529,,3,2,9,2700,0,1,3,,2,062,"STATE ROUTE 1 (SOUTHBOUND)","FREMONT BLVD.",150.00,S,N,A,-,Y,,,,,,,,,,N,4,0,1,2,A,-,03,22350,,N,C,C,A,A,H,-,A,D,0,,,,,Y,,A,07,0,0,1,0,0,0,0,0,0,"- ","- ",36.62274169921875,-121.84517669677734,MONTEREY,UNINCORPORATED,,
90897488,2018,2019-01-04,9730,2018-12-28,1858,020931,,5,2,9,2700,0,1,3,,1,066,"MERRITT STREET","CRANE STREET",0.00,,Y,A,-,Y,,,,,,,,,,N,3,0,1,2,A,-,10,21950,A,N,G,B,B,A,H,-,C,D,0,Y,,,,Y,,D,22,0,1,0,0,1,0,0,0,0,"- ","- ",36.765220642089844,-121.75752258300781,MONTEREY,UNINCORPORATED,-121.75740051269531,36.765251159667969
90897489,2018,2019-01-04,9730,2018-12-29,0040,020701,,6,3,6,2708,0,2,4,,2,063,"BLANCO ROAD","ALISAL STREET",835.00,W,N,A,-,N,,,,,,,,,,Y,3,0,1,1,A,-,01,23152,A,N,F,I,A,A,H,-,D,D,0,,,,,Y,Y,A,01,0,1,0,0,0,0,0,0,0,"- ","- ",36.665191650390625,-121.68083953857422,MONTEREY,SALINAS,-121.68073272705078,36.665077209472656
90897490,2018,2019-01-04,9730,2018-12-27,2033,020899,,4,2,9,2700,0,1,3,,1,074,SR-1,SR-183,0.00,,Y,B,-,Y,,,1,,,,,,,Y,3,0,2,2,A,-,09,21802,A,N,D,C,A,A,H,-,C,D,0,,,,,Y,,A,08,0,1,1,0,0,0,0,0,0,"- ","- ",36.770858764648438,-121.76540374755859,MONTEREY,UNINCORPORATED,-121.76542663574219,36.770843505859375
90897494,2018,2019-01-04,9730,2018-12-29,1235,018886,,6,1,9,2700,0,2,4,,1,073,"SALINAS ROAD","LEWIS ROAD",50.00,S,N,A,-,N,,,,,,,,,,Y,4,0,1,3,A,-,04,21703,,N,C,C,A,A,H,-,A,D,0,,,,,Y,,A,01,0,0,1,0,0,0,0,0,0,"- ","- ",36.890819549560547,-121.74729156494141,MONTEREY,UNINCORPORATED,-121.747314453125,36.890853881835938
90897505,2018,2019-01-04,9730,2018-12-28,0547,019569,,5,3,9,2700,0,2,4,,1,073,"SALINAS RD","RAILROAD AVE",174.00,N,N,A,-,N,,,,,,,,,,Y,2,0,1,2,A,-,11,21954,A,N,G,B,D,A,H,-,D,D,0,Y,,,,Y,,N,60,1,0,0,0,1,0,0,0,0,"- ","- ",36.896308898925781,-121.74784851074219,MONTEREY,UNINCORPORATED,-121.74779510498047,36.896186828613281
90897812,2018,2019-01-04,9730,2018-12-26,1150,016666,,3,1,9,2700,0,1,3,,1,074,"SR-1 S/B","SPRINGFIELD ROAD",80.00,S,N,A,-,Y,,,1,,,,,,S,Y,4,0,1,2,A,-,03,22350,,N,C,C,A,A,H,-,A,D,0,,,,,Y,,A,08,0,0,1,0,0,0,0,0,0,"- ","- ",36.837799072265625,-121.77100372314453,MONTEREY,UNINCORPORATED,-121.77100372314453,36.837799072265625
8559528,2017,2018-02-26,2708,2017-12-17,0517,56525,SALIN,7,5,6,2708,0,0,0,,0,012,"EAST ALISAL ST","EUCALYPTUS DR",21.00,E,N,A,-,N,,,,,,,,,,N,4,0,1,2,A,-,06,21750,A,F,B,C,A,A,H,-,C,D,0,,,,,Y,,-,,0,0,1,0,0,0,0,0,0,"- ","- ",,,MONTEREY,SALINAS,-121.62511901000001,36.672662389999999
8559532,2017,2018-02-26,2708,2017-12-26,2030,49021,,2,5,6,2708,0,0,0,,0,010,"SAN BORN RD","EAST LAUREL DR",30.00,S,N,A,-,N,,,,,,,,,,N,4,0,1,2,A,-,09,21804,A,N,D,C,A,A,H,-,C,A,0,,,,,Y,,-,,0,0,1,0,0,0,0,0,0,"- ","- ",,,MONTEREY,SALINAS,-121.62096522,36.68289437
8559536,2017,2018-02-26,2708,2017-12-12,2239,75371,,2,5,6,2708,0,0,0,,0,012,"WILLIAMS RD","QUILLA ST",53.00,N,N,A,-,N,,,,,,,,,,Y,4,0,1,2,A,-,03,22350,,N,D,C,A,A,H,-,C,D,0,,,,,Y,,-,,0,0,1,0,0,0,0,0,0,"- ","- ",,,MONTEREY,SALINAS,-121.61792285999999,36.673434569999998
8559540,2017,2018-02-26,2708,2017-12-21,2300,18945,,4,5,6,2708,0,0,0,,0,005,"NORTH MAIN ST","EAST BERNAL DR",135.00,S,N,A,-,N,,,,,,,,,,Y,3,0,1,2,A,-,03,22350,,F,B,C,A,A,H,-,C,A,0,,,,,Y,,-,,0,1,0,0,0,0,0,0,0,"- ","- ",,,MONTEREY,SALINAS,-121.65230090999999,36.689599510000001
8559544,2017,2018-02-26,2708,2017-12-29,2238,49280,,5,5,6,2708,0,0,0,,0,011,"WILLIAMS RD","BORONDA RD",0.00,,Y,A,-,N,,,,,,,,,,Y,3,0,4,2,A,-,09,21801,A,N,A,C,A,A,H,-,C,D,0,,,,,Y,,-,,0,1,3,0,0,0,0,0,0,"- ","- ",,,MONTEREY,SALINAS,-121.59071989,36.689000010000001
8559548,2017,2018-02-26,2708,2017-12-21,0046,49021,WPC,4,5,6,2708,0,0,0,,0,005,"EAST BERNAL DR","MARYAL DR",0.00,,Y,A,-,N,,,,,,,,,,Y,4,0,2,2,A,-,09,21801,A,N,D,C,A,A,G,-,C,A,0,,,,,Y,,-,,0,0,2,0,0,0,0,0,0,"- ","- ",,,MONTEREY,SALINAS,-121.64608989,36.69097
8559552,2017,2018-03-02,2708,2017-12-13,1038,76998,,3,5,6,2708,0,0,0,,0,003,"EAST BORONDA RD","MCKINNON ST",440.00,W,N,A,-,N,,,,,,,,,,Y,4,0,1,2,A,-,03,22350,A,N,C,C,A,A,H,-,A,D,0,,,,,Y,,-,,0,0,1,0,0,0,0,0,0,"- ","- ",,,MONTEREY,SALINAS,-121.64513712999999,36.717286729999998
8559555,2017,2018-02-22,2708,2017-12-22,1807,03185,,5,5,6,2708,0,0,0,,0,011,"NORTH SANBORN RD","EAST BORONDA RD",528.00,S,N,A,-,N,,,,,,,,,,Y,4,0,1,2,A,-,21,22106,,N,D,C,A,A,H,-,C,D,0,,,,,Y,,-,,0,0,1,0,0,0,0,0,0,"- ","- ",,,MONTEREY,SALINAS,-121.5972233,36.694147860000001
8559556,2017,2018-02-26,2708,2017-12-14,1113,07661,,4,5,6,2708,0,0,0,,0,003,"LESLIE DR","NATIVIDAD RD",0.00,,Y,A,-,N,,,,,,,,,,N,4,0,1,2,A,-,03,22350,,N,C,C,A,A,H,-,A,A,0,,,,,Y,,-,,0,0,1,0,0,0,0,0,0,"- ","- ",,,MONTEREY,SALINAS,-121.62979998,36.70482011
8559560,2017,2018-02-26,2708,2017-12-21,1304,73452,,4,5,6,2708,0,0,0,,0,,"NORTH MAIN ST","CHAPARRAL ST",311.00,S,N,A,-,N,,,,,,,,,,N,4,0,1,2,A,-,09,21804,A,F,G,B,C,A,H,-,A,D,0,Y,,,,Y,Y,-,,0,0,1,0,1,0,0,0,0,"- ","- ",,,MONTEREY,SALINAS,-121.65275449000001,36.703186170000002
8559568,2017,2018-02-26,2708,2017-12-24,0210,49280,,7,5,6,2708,0,0,0,,0,012,"EUCALYPTUS DR","EAST MARKET",240.00,N,N,A,-,N,,,,,,,,,,Y,4,0,1,4,A,-,05,21650,,N,A,E,A,A,H,-,C,D,0,,,,,Y,,-,,0,0,1,0,0,0,0,0,0,"- ","- ",,,MONTEREY,SALINAS,-121.62361462,36.677794159999998
8559584,2017,2018-03-02,2708,2017-06-04,1706,54871,ALINA,7,5,6,2708,0,0,0,,0,012,"JOHN ST","MAGNOLIA DR",0.00,,Y,A,-,N,,,,,,,,,,,4,0,1,2,A,-,10,21950,A,F,B,B,E,A,H,-,A,D,0,Y,,,,Y,,-,,0,0,1,0,1,0,0,0,0,"- ","- ",,,MONTEREY,SALINAS,-121.62834991,36.669380070000003
8559588,2017,2018-02-26,2708,2017-11-23,1156,50883,SALIN,4,5,6,2708,0,0,0,,0,011,"EAST BORONDA RD","FALCON DR",0.00,,Y,A,-,N,,,,,,,,,,N,4,0,1,2,A,-,05,21651,A,N,-,C,A,A,H,-,A,-,0,,,,,Y,,-,,0,0,1,0,0,0,0,0,0,"- ","- ",,,MONTEREY,SALINAS,-121.59354996,36.692370109999999
8559592,2017,2018-03-06,2708,2017-11-17,1508,70843,,5,5,6,2708,0,0,0,,0,,"PAJARO ST","CHESTNUT ST",0.00,,Y,A,-,N,,,,,,,,,,Y,4,0,2,2,A,-,09,21802,A,N,D,C,A,A,A,-,A,A,0,,,,,Y,,-,,0,0,2,0,0,0,0,0,0,"- ","- ",,,MONTEREY,SALINAS,-121.65342991,36.667040059999998
8559949,2018,2018-02-21,2706,2018-02-05,1250,181,MPD,1,5,4,2706,0,0,0,,0,003,"FREMONT ST","RAMONA AV",58.00,E,N,A,-,N,,,,,,,,,,N,4,0,1,2,A,-,03,22350,,N,C,C,A,A,H,-,A,D,0,,,,,Y,,-,"- ",0,0,1,0,0,0,0,0,0,"- ","- ",,,MONTEREY,MONTEREY,-121.85606384277344,36.597240447998047
8559957,2018,2018-03-15,2706,2018-02-09,1713,428,MPD,5,5,4,2706,0,0,0,,0,001,"LIGHTHOUSE AV","TYLER ST",0.00,,Y,A,-,N,,,,,,,,,,N,4,0,1,2,A,-,01,23153,A,M,C,C,A,A,H,-,A,D,0,,,,,Y,Y,A,07,0,0,1,0,0,0,0,0,0,"- ","- ",,,MONTEREY,MONTEREY,-121.89299011230469,36.601608276367188
8561905,2018,2018-03-09,2706,2018-02-18,2246,121,MPD,7,5,4,2706,0,0,0,,0,002,"DEL MONTE AV","CAMINO AGUAJITO RD",386.00,W,N,C,-,N,,,,,,,,,,Y,3,0,1,2,A,-,01,23152,A,N,C,E,A,B,H,-,C,D,0,,,,,Y,Y,A,01,0,1,0,0,0,0,0,0,0,"- ","- ",,,MONTEREY,MONTEREY,-121.88489532470703,36.599941253662109
8561909,2018,2018-03-09,2706,2018-02-19,1117,851,,1,5,4,2706,0,0,0,,0,002,"PACIFIC ST","VIA BUENA VISTA",20.00,N,N,B,-,N,,,,,,,,,,N,3,0,1,1,C,-,18,,,N,H,A,A,A,H,-,A,D,0,,,,,Y,,-,"- ",0,1,0,0,0,0,0,0,0,"- ","- ",,,MONTEREY,MONTEREY,-121.90277099609375,36.584403991699219
8562298,2017,2018-02-28,2708,2017-12-07,0939,73452,,4,5,6,2708,0,0,0,,0,,"MCKINNON ST","WESTMINSTER DR",0.00,,Y,A,-,N,,,,,,,,,,N,4,0,1,2,A,-,10,21950,A,F,G,B,B,A,H,-,A,D,0,Y,,,,Y,,-,99,0,0,1,0,1,0,0,0,0,"- ","- ",,,MONTEREY,SALINAS,-121.64485997,36.709840040000003
8562302,2017,2018-02-28,2708,2017-12-20,1853,13133,,3,5,6,2708,0,0,0,,0,004,NATIVIDAD,"E LAUREL",110.00,S,N,A,-,N,,,,,,,,,,N,4,0,1,2,A,-,03,22350,A,M,C,D,A,A,H,-,C,D,0,,,,,Y,,A,01,0,0,1,0,0,0,0,0,0,"- ","- ",,,MONTEREY,SALINAS,-121.63851339,36.696087179999999
8562332,2018,2018-03-05,2706,2018-02-04,1458,505,2706,7,5,4,2706,0,0,0,,0,002,"DEL MONTE AV","FIGUEROA ST",72.00,W,N,A,-,N,,,,,,,,,,N,4,0,1,2,A,-,03,22350,,N,C,C,A,A,H,-,A,D,0,,,,,Y,,D,22,0,0,1,0,0,0,0,0,0,"- ","- ",,,MONTEREY,MONTEREY,-121.89028167724609,36.600299835205078
8562475,2018,2018-03-01,2706,2018-02-14,1646,395,2706,3,5,4,2706,0,0,0,,0,003,"NORTH FREMONT ST","RAMONA AV",217.00,E,N,A,-,N,,,,,,,,,,Y,4,0,1,2,A,-,03,22350,,N,C,C,A,A,H,-,A,D,0,,,,,Y,,A,01,0,0,1,0,0,0,0,0,0,"- ","- ",,,MONTEREY,MONTEREY,-121.85553741455078,36.597320556640625
8562479,2018,2018-03-01,2706,2018-02-20,1736,143,2706,2,5,4,2706,0,0,0,,0,001,"LIGHTHOUSE AV","DRAKE AV",0.00,,Y,A,-,N,,,,,,,,,,Y,4,0,2,2,A,-,12,21453,A,N,D,C,A,A,H,-,B,A,0,,,,,Y,,A,07,0,0,2,0,0,0,0,0,0,"- ","- ",,,MONTEREY,MONTEREY,-121.89994049072266,36.6114501953125
8565333,2018,2018-03-13,2707,2018-02-05,1530,2234,2707,1,5,3,2707,0,0,0,,0,002,"DAVID AV","PATTERSON LN",0.00,,Y,A,-,N,,,,,,,,,,N,3,0,1,2,A,-,09,21802,A,N,A,G,A,A,H,-,A,A,0,,Y,,,Y,,A,01,0,1,0,0,0,0,1,0,0,"- ","- ",,,MONTEREY,"PACIFIC GROVE",-121.92887878417969,36.605598449707031
8566905,2018,2018-03-13,2707,2018-02-27,0845,2179,2707,2,5,3,2707,0,0,0,,0,001,"SINEX AV","FOREST AV",9.00,W,N,A,-,N,,,,,,,,,,N,2,0,2,2,D,-,00,,,N,C,C,A,A,H,-,A,A,0,,,,,Y,,-,"- ",1,0,1,0,0,0,0,0,0,"- ","- ",,,MONTEREY,"PACIFIC GROVE",-121.92045593261719,36.615097045898438
8567034,2018,2018-07-24,2704,2018-01-12,0758,0098,,5,5,3,2704,0,0,0,,0,001,"TYLER AV","LIGHT POLE  1181",10.00,W,N,E,-,N,,,,,,,,,,Y,4,0,1,2,B,-,22,,,N,E,E,A,B,H,-,B,D,0,,,,,Y,,A,01,0,0,1,0,0,0,0,0,0,"- ","- ",,,MONTEREY,GREENFIELD,,
8567748,2018,2018-03-20,2706,2018-03-08,1310,395,2706,4,5,4,2706,0,0,0,,0,003,"DEL MONTE AV","CASA VERDE WY",0.00,,Y,A,-,N,,,,,,,,,,N,4,0,1,2,A,-,03,22350,,N,C,C,A,A,H,-,A,D,0,,,,,Y,,A,08,0,0,1,0,0,0,0,0,0,"- ","- ",,,MONTEREY,MONTEREY,-121.86660003662109,36.602081298828125
8570235,2018,2018-03-27,2708,2018-01-26,0701,30348,,5,5,6,2708,0,0,0,,0,011,"SANBORN RD","DELMONTE AV",150.00,S,N,A,-,N,,,,,,,,,,Y,3,0,1,2,A,-,09,21804,A,N,D,C,A,A,H,-,A,D,0,,,,,Y,,A,01,0,1,0,0,0,0,0,0,0,"- ","- ",,,MONTEREY,SALINAS,-121.61123657226562,36.688419342041016
8570931,2018,2018-07-27,2704,2018-01-30,1648,7609,2704,2,5,3,2704,0,0,0,,0,002,"OAK AV","4TH ST",0.00,,Y,A,-,Y,MON,5,101,-,-,53.470,R,4,N,N,4,0,1,2,D,-,00,,,N,G,G,A,A,H,-,B,A,0,,Y,,,Y,Y,-,"- ",0,0,1,0,0,0,1,0,0,"- ","- ",,,MONTEREY,GREENFIELD,-121.2392578125,36.325160980224609
8571417,2018,2018-03-14,2706,2018-02-15,2328,826,2706,4,5,4,2706,0,0,0,,0,003,"DEL MONTE AV","HANNON AV",37.00,E,N,A,-,N,,,,,,,,,,Y,4,0,3,2,A,-,09,21801,A,N,D,C,A,A,H,-,C,D,0,,,,,Y,,A,07,0,0,3,0,0,0,0,0,0,"- ","- ",,,MONTEREY,MONTEREY,-121.86228942871094,36.604030609130859
8571421,2018,2018-03-14,2706,2018-02-23,1748,121,MPD,5,5,4,2706,0,0,0,,0,003,"MARK THOMAS DR","SLOAT AV",0.00,,Y,A,-,N,,,,,,,,,,Y,4,0,1,2,A,-,09,21801,A,N,D,C,A,A,H,-,A,A,0,,,,,Y,,A,01,0,0,1,0,0,0,0,0,0,"- ","- ",,,MONTEREY,MONTEREY,-121.87712860107422,36.592811584472656
8573159,2018,2018-03-21,2706,2018-03-01,1322,410,,4,5,4,2706,0,0,0,,0,002,"HWY 1","AGUAJITO RD",27.00,E,N,B,C,N,,,,,,,,,,Y,3,0,1,3,A,-,03,22350,,N,C,C,A,B,H,-,A,A,0,,,,,Y,,A,07,0,1,0,0,0,0,0,0,0,"- ","- ",,,MONTEREY,MONTEREY,-121.88041687011719,36.591625213623047
8573179,2018,2018-03-21,2706,2018-03-02,1407,395,2706,5,5,4,2706,0,0,0,,0,003,"DEL MONTE AV","ROBERTS AV",20.00,E,N,B,-,N,,,,,,,,,,Y,3,0,1,1,A,-,08,22107,,N,E,I,A,B,H,-,A,D,0,,,,,Y,,A,07,0,1,0,0,0,0,0,0,0,"- ","- ",,,MONTEREY,MONTEREY,-121.85947418212891,36.605583190917969
8573361,2018,2018-03-21,2706,2018-03-08,1349,395,2706,4,5,4,2706,0,0,0,,0,003,"DEL MONTE AV","CASA VERDE WY",0.00,,Y,A,-,N,,,,,,,,,,N,4,0,1,2,A,-,21,22106,,N,C,C,A,A,H,-,A,A,0,,,,,Y,,A,01,0,0,1,0,0,0,0,0,0,"- ","- ",,,MONTEREY,MONTEREY,-121.86660003662109,36.602081298828125
8573365,2018,2018-03-21,2706,2018-03-08,1108,395,2706,4,5,4,2706,0,0,0,,0,002,"CASS ST","MUNRAS AV",0.00,,Y,A,-,N,,,,,,,,,,N,4,0,1,2,A,-,09,21801,A,N,D,C,A,A,H,-,A,D,0,,,,,Y,,A,08,0,0,1,0,0,0,0,0,0,"- ","- ",,,MONTEREY,MONTEREY,-121.89774322509766,36.588871002197266
8573984,2018,2018-03-20,2712,2018-02-14,0933,1073,2712,3,5,3,2712,0,0,0,,0,001,"RESERVATION RD","BAYER ST",17.00,E,N,A,-,N,,,,,,,,,,N,3,0,1,2,A,-,05,21650,1,N,H,G,A,A,H,-,A,A,0,,Y,,,Y,,L,04,0,1,0,0,0,0,1,0,0,"- ","- ",,,MONTEREY,MARINA,-121.77936553955078,36.677783966064453
8574545,2018,2018-03-26,2706,2018-02-23,1633,201,2706,5,5,4,2706,0,0,0,,0,002,"BARNET SEGAL LN","SOLEDAD DR",1500.00,,N,A,-,N,,,,,,,,,,N,4,0,1,2,A,-,13,22515,B,N,C,E,A,A,H,-,A,D,0,,,,,Y,,A,08,0,0,1,0,0,0,0,0,0,"- ","- ",,,MONTEREY,MONTEREY,,
8577514,2018,2018-03-27,2706,2018-03-12,1041,395,2706,1,5,4,2706,0,0,0,,0,003,"PARK AV","7TH ST",0.00,,Y,B,-,N,,,,,,,,,,Y,4,0,1,2,A,-,09,21802,A,N,D,C,A,A,H,-,A,D,0,,,,,Y,,D,22,0,0,1,0,0,0,0,0,0,"- ","- ",,,MONTEREY,MONTEREY,-121.88101196289062,36.5948486328125
8577604,2018,2018-03-29,2706,2018-03-10,1621,716,MONTE,6,5,4,2706,0,0,0,,0,002,"LIGHTHOUSE AV","DEL MONTE AV",12.00,N,N,B,C,N,,,,,,,,,,N,4,0,1,2,A,-,03,22350,,N,F,C,A,B,H,-,A,A,0,,,Y,,Y,Y,C,02,0,0,1,0,0,0,0,0,1,"- ","- ",,,MONTEREY,MONTEREY,-121.89236450195312,36.600688934326172
8577798,2018,2018-03-27,2706,2018-02-25,1550,992,2706,7,5,4,2706,0,0,0,,0,002,"DEL MONTE AV","FIGUEROA ST",100.00,W,N,A,-,N,,,,,,,,,,N,4,0,1,2,A,-,21,22106,,N,C,C,A,A,H,-,A,D,0,,,,,Y,,A,01,0,0,1,0,0,0,0,0,0,"- ","- ",,,MONTEREY,MONTEREY,-121.89037322998047,36.600315093994141
8580715,2018,2018-03-29,2708,2018-02-22,0758,19003,,4,5,6,2708,0,0,0,,0,010,"TOWT ST","EAST MARKET ST",29.00,N,-,B,-,N,,,,,,,,,,N,4,0,1,3,C,-,18,,,N,C,E,A,A,H,-,A,A,0,,,,,Y,,-,"- ",0,0,1,0,0,0,0,0,0,"- ","- ",,,MONTEREY,SALINAS,-121.62158203125,36.676788330078125
8580805,2018,2018-03-23,2712,2018-03-14,1723,1073,2712,3,5,3,2712,0,0,0,,0,001,"IMJIN PKWY","PRESTON AV",609.00,S,N,A,-,N,,,,,,,,,,Y,4,0,1,2,A,-,03,22350,,N,C,C,A,A,H,-,A,A,0,,,,,Y,,A,01,0,0,1,0,0,0,0,0,0,"- ","- ",,,MONTEREY,MARINA,-121.77204895019531,36.667102813720703
8581052,2017,2018-03-23,2708,2017-10-14,1134,56793,,6,5,6,2708,0,0,0,,0,,"LEMOS AV","UNIVERSITY AV",0.00,,Y,A,-,N,,,,,,,,,,N,3,0,1,2,A,-,12,22450,A,N,-,C,A,A,H,-,A,A,0,,,,,Y,,-,,0,1,0,0,0,0,0,0,0,"- ","- ",,,MONTEREY,SALINAS,-121.67591991,36.673090100000003
8581064,2017,2018-03-23,2708,2017-12-12,1126,17987,,2,5,6,2708,0,0,0,,0,,"MCKINNON ST","MCKINNON ST 1700",0.00,,N,A,-,N,,,,,,,,,,Y,4,0,1,2,A,-,04,21703,,M,C,D,A,A,H,-,C,A,0,,,,,Y,,-,,0,0,1,0,0,0,0,0,0,"- ","- ",,,MONTEREY,SALINAS,,
8582270,2018,2018-04-03,2706,2018-03-08,0842,395,2706,4,5,4,2706,0,0,0,,0,002,"CAMINO AGUAJITO RD","7TH ST",0.00,,Y,A,-,N,,,,,,,,,,N,4,0,1,2,A,-,08,22103,,N,D,C,A,A,H,-,A,D,0,,,,,Y,,A,01,0,0,1,0,0,0,0,0,0,"- ","- ",,,MONTEREY,MONTEREY,-121.88230133056641,36.594688415527344