CASE_ID,ACCIDENT_YEAR,PROC_DATE,JURIS,COLLISION_DATE,COLLISION_TIME,OFFICER_ID,REPORTING_DISTRICT,DAY_OF_WEEK,CHP_SHIFT,POPULATION,CNTY_CITY_LOC,SPECIAL_COND,BEAT_TYPE,CHP_BEAT_TYPE,CITY_DIVISION_LAPD,CHP_BEAT_CLASS,BEAT_NUMBER,PRIMARY_RD,SECONDARY_RD,DISTANCE,DIRECTION,INTERSECTION,WEATHER_1,WEATHER_2,STATE_HWY_IND,CALTRANS_COUNTY,CALTRANS_DISTRICT,STATE_ROUTE,ROUTE_SUFFIX,POSTMILE_PREFIX,POSTMILE,LOCATION_TYPE,RAMP_INTERSECTION,SIDE_OF_HWY,TOW_AWAY,COLLISION_SEVERITY,NUMBER_KILLED,NUMBER_INJURED,PARTY_COUNT,PRIMARY_COLL_FACTOR,PCF_CODE_OF_VIOL,PCF_VIOL_CATEGORY,PCF_VIOLATION,PCF_VIOL_SUBSECTION,HIT_AND_RUN,TYPE_OF_COLLISION,MVIW,PED_ACTION,ROAD_SURFACE,ROAD_COND_1,ROAD_COND_2,LIGHTING,CONTROL_DEVICE,CHP_ROAD_TYPE,PEDESTRIAN_ACCIDENT,BICYCLE_ACCIDENT,MOTORCYCLE_ACCIDENT,TRUCK_ACCIDENT,NOT_PRIVATE_PROPERTY,ALCOHOL_INVOLVED,STWD_VEHTYPE_AT_FAULT,CHP_VEHTYPE_AT_FAULT,COUNT_SEVERE_INJ,COUNT_VISIBLE_INJ,COUNT_COMPLAINT_PAIN,COUNT_PED_KILLED,COUNT_PED_INJURED,COUNT_BICYCLIST_KILLED,COUNT_BICYCLIST_INJURED,COUNT_MC_KILLED,COUNT_MC_INJURED,PRIMARY_RAMP,SECONDARY_RAMP,LATITUDE,LONGITUDE,COUNTY,CITY,POINT_X,POINT_Y
8596422,2018,2018-04-26,2712,2018-04-01,0150,1073,2712,7,5,3,2712,0,0,0,,0,001,"MARINA DR","DEBBIE CIR",126.00,N,N,A,-,N,,,,,,,,,,Y,3,0,1,3,A,-,01,23153,A,N,G,B,F,A,H,-,C,D,0,Y,,,,Y,Y,A,01,0,1,0,0,1,0,0,0,0,"- ","- ",,,MONTEREY,MARINA,-121.80142974853516,36.686531066894531
8596437,2018,2018-04-19,2706,2018-04-05,1839,635,2706,4,5,4,2706,0,0,0,,0,002,"MUNRAS AV","DEL MONTE CTR",77.00,S,N,A,-,N,,,,,,,,,,Y,4,0,1,1,A,-,08,22107,,N,E,I,A,A,H,-,A,D,0,,,,,Y,,A,01,0,0,1,0,0,0,0,0,0,"- ","- ",,,MONTEREY,MONTEREY,-121.90101623535156,36.584621429443359
8596483,2018,2018-04-17,2706,2018-03-31,1914,826,2706,6,5,4,2706,0,0,0,,0,003,"DEL MONTE AV","DE LA VINA AV",0.00,,Y,A,-,N,,,,,,,,,,Y,4,0,1,2,A,-,09,21801,A,N,D,-,A,A,H,-,C,D,0,,,,,Y,,A,01,0,0,1,0,0,0,0,0,0,"- ","- ",,,MONTEREY,MONTEREY,-121.86579895019531,36.602439880371094
8596554,2018,2018-04-20,2706,2018-03-25,1006,505,2706,7,5,4,2706,0,0,0,,0,002,"PEARL ST","CORTES ST",9.00,W,N,C,-,N,,,,,,,,,,Y,3,0,3,2,A,-,08,22107,,N,A,C,A,B,H,-,A,D,0,,,,,Y,,A,01,0,1,2,0,0,0,0,0,0,"- ","- ",,,MONTEREY,MONTEREY,-121.88925933837891,36.597862243652344
8597341,2018,2018-04-20,2706,2018-04-06,2115,121,MPD,5,5,4,2706,0,0,0,,0,001,"PACIFIC ST","FRANKLIN ST",0.00,,Y,B,-,N,,,,,,,,,,Y,4,0,2,2,A,-,09,21801,A,F,D,C,A,A,H,-,C,A,0,,,,,Y,,D,22,0,0,2,0,0,0,0,0,0,"- ","- ",,,MONTEREY,MONTEREY,-121.89581298828125,36.600189208984375
8597345,2018,2018-04-20,2706,2018-04-08,0904,103,MPD,7,5,4,2706,0,0,0,,0,002,"FIGUEROA ST","FRANKLIN ST",0.00,,Y,A,-,N,,,,,,,,,,Y,3,0,4,2,A,-,12,21453,A,N,D,C,A,A,H,-,A,A,0,,,,,Y,,D,22,0,3,1,0,0,0,0,0,0,"- ","- ",,,MONTEREY,MONTEREY,-121.89019775390625,36.599288940429688
8597574,2018,2018-04-24,2706,2018-03-30,1247,538,MPD,5,5,4,2706,0,0,0,,0,003,"AGUAJITO RD","MARK THOMAS DR",0.00,,Y,A,-,N,,,,,,,,,,Y,3,0,1,2,A,-,09,21801,A,N,D,G,A,A,H,-,A,A,0,,Y,,,Y,,A,01,0,1,0,0,0,0,1,0,0,"- ","- ",,,MONTEREY,MONTEREY,-121.88011932373047,36.591098785400391
8597613,2018,2018-04-24,2706,2018-04-09,1241,103,MPD,1,5,4,2706,0,0,0,,0,002,"PACIFIC ST","MADISON ST",0.00,,Y,A,-,N,,,,,,,,,,Y,4,0,1,2,A,-,08,22102,,N,D,C,A,A,H,-,A,D,0,,,,,Y,,A,01,0,0,1,0,0,0,0,0,0,"- ","- ",,,MONTEREY,MONTEREY,-121.89710235595703,36.596809387207031
8599388,2018,2018-04-30,2706,2018-03-27,1939,816,MPD,2,5,4,2706,0,0,0,,0,003,"CASANOVA AV","TOYON AV",123.00,S,N,A,-,N,,,,,,,,,,Y,4,0,3,5,C,-,18,,,N,C,E,A,A,H,-,C,D,0,,,,,Y,,-,"- ",0,0,3,0,0,0,0,0,0,"- ","- ",,,MONTEREY,MONTEREY,-121.85607147216797,36.599945068359375
8601683,2018,2018-07-26,2708,2018-03-08,1332,71633,SALIN,4,5,6,2708,0,0,0,,0,008,"SOUTH MAIN ST","JOHN ST",18.00,N,N,A,-,Y,MON,5,68,-,-,21.074,I,6,W,Y,4,0,1,2,A,-,07,21658,A,N,C,E,A,A,H,-,A,A,0,,,Y,Y,Y,,C,02,0,0,1,0,0,0,0,0,1,"- ","- ",,,MONTEREY,SALINAS,-121.65481567382812,36.671073913574219
8601695,2018,2018-07-27,2708,2018-03-15,0751,98751,SALIN,4,5,6,2708,0,0,0,,0,006,"RT 183","W LAKE ST",5.00,N,N,A,-,Y,MON,5,183,-,-,0.480,H,-,S,N,4,0,1,3,A,-,03,22350,,N,C,C,A,A,H,-,A,D,0,,,,,Y,,A,01,0,0,1,0,0,0,0,0,0,"- ","- ",,,MONTEREY,SALINAS,-121.65435791015625,36.680122375488281
8601722,2018,2018-06-28,2708,2018-02-18,2136,56793,,7,5,6,2708,0,0,0,,0,,"N MAIN","SANTA CLARA ST",15.00,N,N,A,-,N,,,,,,,,,,Y,4,0,1,1,A,-,08,22107,,N,E,I,A,A,H,-,C,D,0,,,,,Y,,A,01,0,0,1,0,0,0,0,0,0,"- ","- ",,,MONTEREY,SALINAS,-121.65240478515625,36.688011169433594
8602798,2018,2018-05-29,2708,2018-04-11,1149,74130,SALIN,3,5,6,2708,0,0,0,,0,006,"NORTH DAVIS RD","WEST ROSSI ST",0.00,,Y,A,-,N,,,,,,,,,,Y,3,0,1,2,A,-,03,22350,,N,C,C,A,A,H,-,A,A,0,,,,,Y,,-,,0,1,0,0,0,0,0,0,0,"- ","- ",,,MONTEREY,SALINAS,-121.67192840576172,36.688419342041016
8603121,2018,2018-05-24,2708,2018-04-06,1500,07904,,5,5,6,2708,0,0,0,,0,002,"EAST ALVIN DR","MCKINNON ST",50.00,W,N,C,-,N,,,,,,,,,,N,4,0,1,2,A,-,03,22350,,N,C,C,A,B,H,-,A,D,0,,,,,Y,,-,,0,0,1,0,0,0,0,0,0,"- ","- ",,,MONTEREY,SALINAS,-121.64601135253906,36.707271575927734
8603125,2018,2018-05-22,2708,2018-01-11,1507,31968,,4,5,6,2708,0,0,0,,0,011,"WILLIAMS RD","DEL MONTE AV",1374.00,N,N,A,-,N,,,,,,,,,,N,4,0,1,3,A,-,09,21804,A,N,D,C,A,A,H,-,A,D,0,,,,,Y,,-,,0,0,1,0,0,0,0,0,0,"- ","- ",,,MONTEREY,SALINAS,-121.60048675537109,36.683399200439453
8604021,2018,2018-07-20,2710,2018-03-25,1948,40400,SEASI,7,5,4,2710,0,0,0,,0,2T3,"CANYON DEL REY","SONOMA AV",0.00,,Y,A,-,Y,MON,5,218,-,L,0.300,H,-,W,Y,2,0,1,2,A,-,"- ",,,N,A,B,D,A,H,-,C,A,0,Y,,,,Y,,-,"- ",1,0,0,0,1,0,0,0,0,"- ","- ",,,MONTEREY,SEASIDE,-121.85546112060547,36.606937408447266
8604155,2018,2018-08-22,2706,2018-04-12,0510,519,2706,4,5,4,2706,0,0,0,,0,003,"RT 68","YORK RD",3168.00,E,N,B,-,Y,MON,5,68,-,-,8.750,H,-,W,Y,4,0,2,2,A,-,05,21460,A,N,A,C,A,B,H,-,D,D,0,,,,,Y,,A,01,0,0,2,0,0,0,0,0,0,"- ","- ",,,MONTEREY,MONTEREY,-121.79804992675781,36.569515228271484
8604244,2017,2018-05-08,2705,2017-07-19,2156,K23127,2705,3,5,3,2705,0,0,0,,0,901,"SAN ANTONIO DR","N MILDRED AV",120.00,W,N,A,-,N,,,,,,,,,,Y,3,0,1,1,A,-,17,21658,,N,E,I,A,A,H,-,C,D,0,,,,,Y,Y,-,,0,1,0,0,0,0,0,0,0,"- ","- ",,,MONTEREY,"KING CITY",-121.13828951000001,36.21602841
8604762,2018,2018-05-14,2707,2018-04-14,1100,2217,2707,6,5,3,2707,0,0,0,,0,001,"FOREST AV","JUNIPERO AV",15.00,W,N,A,-,N,,,,,,,,,,N,4,0,1,2,A,-,09,21802,A,N,B,C,A,A,H,-,A,D,0,,,Y,,Y,,A,01,0,0,1,0,0,0,0,0,1,"- ","- ",,,MONTEREY,"PACIFIC GROVE",-121.91965484619141,36.616909027099609
8605693,2018,2018-05-09,2712,2018-04-23,1635,1062,2712,1,5,3,2712,0,0,0,,0,001,"IMJIN PKWY","IMJIN RD",0.00,,Y,A,-,N,,,,,,,,,,Y,4,0,1,2,A,-,03,22350,,N,C,C,A,A,H,-,A,A,0,,,,,Y,,A,01,0,0,1,0,0,0,0,0,0,"- ","- ",,,MONTEREY,MARINA,-121.79136657714844,36.661739349365234
8608518,2018,2018-04-27,2706,2018-04-16,1526,992,MPD,1,5,4,2706,0,0,0,,0,003,"AGUAJITO RD","5TH ST",0.00,,Y,B,-,N,,,,,,,,,,Y,4,0,1,2,A,-,08,22107,,N,D,C,A,A,H,-,A,D,0,,,,,Y,,A,07,0,0,1,0,0,0,0,0,0,"- ","- ",,,MONTEREY,MONTEREY,,
8609248,2018,2018-05-04,2708,2018-03-21,1808,35838,SALIN,3,5,6,2708,0,0,0,,0,002,"CHEROKEE DR","QUINTERO CIR",102.00,N,N,B,-,N,,,,,,,,,,N,3,0,1,2,A,-,11,21954,A,N,A,B,E,A,H,-,A,D,0,Y,,,,Y,,N,60,0,1,0,0,1,0,0,0,0,"- ","- ",,,MONTEREY,SALINAS,-121.65972137451172,36.708538055419922
8609252,2018,2018-05-04,2708,2018-03-08,2239,73185,,4,5,6,2708,0,0,0,,0,008,SHERWOOD,"CALLE CEBU",0.00,,-,A,-,N,,,,,,,,,,Y,4,0,1,1,A,-,03,22350,,N,A,I,A,A,H,-,C,D,0,,,,,Y,,-,,0,0,1,0,0,0,0,0,0,"- ","- ",36.405498504638672,-121.38590240478516,MONTEREY,SALINAS,-121.65036773681641,36.680198669433594
8609295,2018,2018-05-02,2708,2018-03-08,1914,17987,,4,5,6,2708,0,0,0,,0,001,"NORTH DAVIS RD","BORANDA RD",0.00,,Y,A,-,N,,,,,,,,,,N,4,0,3,2,A,-,09,21801,A,N,D,C,A,A,H,-,C,D,0,,,,,Y,,D,22,0,0,3,0,0,0,0,0,0,"- ","- ",,,MONTEREY,SALINAS,-121.66387939453125,36.722198486328125
8609522,2018,2018-04-27,2708,2018-03-23,1701,73185,,5,5,6,2708,0,0,0,,0,009,"PAJARO ST","ROMIE LN",6.00,S,N,A,-,N,,,,,,,,,,N,3,0,1,2,A,-,05,21650,1,N,D,G,A,A,H,-,A,A,0,,Y,,,Y,,L,04,0,1,0,0,0,0,1,0,0,"- ","- ",,,MONTEREY,SALINAS,-121.65522766113281,36.662025451660156
8609526,2018,2018-04-27,2708,2018-03-26,1311,19943,,1,5,6,2708,0,0,0,,0,001,"NORTH MAIN ST","EAST BORONDA RD",0.00,S,N,A,-,N,,,,,,,,,,N,4,0,2,2,A,-,03,22350,,N,C,C,A,A,H,-,A,A,0,,,,,Y,,A,01,0,0,2,0,0,0,0,0,0,"- ","- ",,,MONTEREY,SALINAS,-121.65622711181641,36.72161865234375
8609530,2018,2018-04-27,2708,2018-03-09,0012,54353,,5,5,6,2708,0,0,0,,0,007,"W ALISAL ST","COLLEGE DR",42.00,W,N,A,-,N,,,,,,,,,,Y,2,0,1,1,A,-,08,22107,,N,E,I,A,A,H,-,C,D,0,,,,,Y,,-,,1,0,0,0,0,0,0,0,0,"- ","- ",,,MONTEREY,SALINAS,-121.67062377929688,36.671100616455078
8609534,2018,2018-04-27,2708,2018-03-11,1823,08775,,7,5,6,2708,0,0,0,,0,,"EAST LAUREL DR","ST EDWARDS AVE",0.00,,Y,B,-,N,,,,,,,,,,Y,4,0,2,2,A,-,08,22107,,N,D,C,A,A,H,-,A,D,0,,,,,Y,,A,01,0,0,2,0,0,0,0,0,0,"- ","- ",,,MONTEREY,SALINAS,-121.62310028076172,36.686328887939453
8609538,2018,2018-04-27,2708,2018-03-14,1521,53260,,3,5,6,2708,0,0,0,,0,011,"WILLIAMS RD","MONTE BELLA AVE",450.00,S,N,A,-,N,,,,,,,,,,Y,3,0,1,3,A,-,04,21703,,N,C,C,A,A,H,-,A,D,0,,,,,Y,,-,,0,1,0,0,0,0,0,0,0,"- ","- ",,,MONTEREY,SALINAS,-121.60172271728516,36.682697296142578
8609542,2018,2018-04-27,2708,2018-03-20,1649,56525,SALIN,2,5,6,2708,0,0,0,,0,002,"HARDEN PY","NORTH MAIN ST",371.00,E,N,C,-,N,,,,,,,,,,N,4,0,1,2,A,-,03,22350,A,N,C,C,A,B,H,-,A,D,0,,,,,Y,,A,01,0,0,1,0,0,0,0,0,0,"- ","- ",,,MONTEREY,SALINAS,-121.65327453613281,36.713386535644531
8609546,2018,2018-04-27,2708,2018-03-21,0812,79223,,3,5,6,2708,0,0,0,,0,,"MORENO DR","CAMARILLO CT",20.00,S,N,B,-,N,,,,,,,,,,Y,4,0,1,4,A,-,09,21801,A,N,A,C,A,B,-,-,A,D,0,,,,,Y,,-,,0,0,1,0,0,0,0,0,0,"- ","- ",,,MONTEREY,SALINAS,-121.60472869873047,36.686168670654297
8609550,2018,2018-04-27,2708,2018-03-09,1715,31977,,5,5,6,2708,0,0,0,,0,005,"EAST LAUREL DR","GRANADA AV",87.00,S,N,A,-,N,,,,,,,,,,N,2,0,1,2,A,-,04,21703,,N,C,C,A,A,H,-,A,A,0,,,,,Y,,-,,1,0,0,0,0,0,0,0,0,"- ","- ",,,MONTEREY,SALINAS,-121.64006805419922,36.696723937988281
8609554,2018,2018-04-27,2708,2018-03-24,1737,59989,SALIN,6,5,6,2708,0,0,0,,0,012,"EAST LAUREL DR","MIOWAY AVE",0.00,,Y,B,-,N,,,,,,,,,,Y,4,0,1,2,A,-,12,22450,,F,D,C,A,A,H,-,A,A,0,,,,,Y,,-,,0,0,1,0,0,0,0,0,0,"- ","- ",,,MONTEREY,SALINAS,-121.61614227294922,36.677440643310547
8609558,2018,2018-04-27,2708,2018-03-18,1830,19003,,7,5,6,2708,0,0,0,,0,010,"EAST MARKET ST","N HEBBRON",190.00,W,N,A,-,N,,,,,,,,,,Y,2,0,4,5,A,-,01,23152,A,N,B,E,F,A,H,-,B,A,0,Y,,,,Y,Y,-,,2,2,0,0,1,0,0,0,0,"- ","- ",,,MONTEREY,SALINAS,-121.63236236572266,36.676616668701172
8609566,2018,2018-04-27,2708,2018-03-16,2056,59989,SALIN,5,5,6,2708,0,0,0,,0,006,"POWELL ST","GOUGH WY",466.00,N,N,C,-,N,,,,,,,,,,N,3,0,1,2,A,-,08,22107,,F,C,E,A,B,H,-,D,D,0,,,,,Y,,-,,0,1,0,0,0,0,0,0,0,"- ","- ",,,MONTEREY,SALINAS,-121.6654052734375,36.687671661376953
8609570,2018,2018-04-27,2708,2018-03-04,1925,56793,SALIN,7,5,6,2708,0,0,0,,0,002,"EAST BORONDA RD","SAN JUAN GRADE",52.00,E,N,A,-,N,,,,,,,,,,Y,3,0,2,2,A,-,01,23153,B,N,C,C,A,A,H,-,C,A,0,,,,,Y,Y,-,,0,2,0,0,0,0,0,0,0,"- ","- ",,,MONTEREY,SALINAS,-121.65106201171875,36.719680786132812
8609574,2018,2018-04-27,2708,2018-03-07,1811,25182,,3,5,6,2708,0,0,0,,0,002,"WEST LAUREL DR","POLK ST",0.00,,Y,A,-,N,,,,,,,,,,Y,3,0,3,2,A,-,09,21802,A,N,D,I,A,A,H,-,C,A,0,,,,,Y,,-,,0,1,2,0,0,0,0,0,0,"- ","- ",,,MONTEREY,SALINAS,-121.66043090820312,36.698268890380859
8609578,2018,2018-04-27,2708,2018-03-07,1845,85123,SALIN,3,5,6,2708,0,0,0,,0,010,"E MARKET","N HEBBRON AV",4.00,W,N,A,-,N,,,,,,,,,,N,2,0,1,2,A,-,10,21950,A,N,G,B,B,A,H,-,C,A,0,Y,,,,Y,,-,,1,0,0,0,1,0,0,0,0,"- ","- ",,,MONTEREY,SALINAS,-121.63173675537109,36.676551818847656
8609582,2018,2018-04-27,2708,2018-03-06,1700,04125,SALIN,2,5,6,2708,0,0,0,,0,002,"N 1ST ST","PUEBLO DR",93.00,N,N,A,-,N,,,,,,,,,,N,4,0,1,2,A,-,17,22517,,N,D,G,A,A,H,-,A,D,0,,Y,,,Y,,-,,0,0,1,0,0,0,1,0,0,"- ","- ",,,MONTEREY,SALINAS,-121.65577697753906,36.706283569335938
8609586,2018,2018-05-01,2708,2018-03-03,2021,03778,SALIN,6,5,6,2708,0,0,0,,0,001,"SAN JUAN GRADE RD","RUSSELL RD",0.00,,Y,A,-,N,,,,,,,,,,Y,4,0,2,2,A,-,12,21453,A,N,-,C,A,A,H,-,C,A,0,,,,,Y,,-,"- ",0,0,2,0,0,0,0,0,0,"- ","- ",,,MONTEREY,SALINAS,-121.64109039306641,36.730159759521484
8609587,2018,2018-04-30,2708,2018-03-16,0644,82326,,5,5,6,2708,0,0,0,,0,002,"EAST BORONDA RD","MCKINNON ST",12.00,E,N,C,-,N,,,,,,,,,,Y,4,0,1,2,A,-,07,21658,A,N,B,C,A,B,H,-,C,A,0,,,,,Y,,-,,0,0,1,0,0,0,0,0,0,"- ","- ",,,MONTEREY,SALINAS,-121.64362335205078,36.717063903808594
8609590,2018,2018-04-30,2708,2018-03-07,1841,59989,SALIN,3,5,6,2708,0,0,0,,0,008,"CALIFORNIA ST","EAST SAN LUIS ST",0.00,,Y,A,-,N,,,,,,,,,,Y,3,0,3,3,A,-,09,21802,A,N,D,C,A,A,H,-,D,A,0,,,,,Y,,-,,0,3,0,0,0,0,0,0,0,"- ","- ",,,MONTEREY,SALINAS,-121.64990234375,36.672630310058594
8609591,2018,2018-04-30,2708,2018-03-30,2131,03778,SALIN,5,5,6,2708,0,0,0,,0,003,"E BORANDA RD","NATIVIDAD RD",256.00,,N,A,-,N,,,,,,,,,,Y,3,0,1,3,A,-,01,23152,A,F,-,C,A,A,H,-,C,A,0,,,,,Y,Y,-,,0,1,0,0,0,0,0,0,0,"- ","- ",,,MONTEREY,SALINAS,-121.62351989746094,36.715541839599609
8609595,2018,2018-04-30,2708,2018-03-12,0651,49021,,1,5,6,2708,0,0,0,,0,003,"BORONDA RD","MCKINNON ST",600.00,E,N,B,-,N,,,,,,,,,,N,3,0,1,2,A,-,06,21760,A,N,B,G,A,A,H,-,B,A,0,,Y,,,Y,,-,,0,1,0,0,0,0,1,0,0,"- ","- ",,,MONTEREY,SALINAS,-121.64164733886719,36.716751098632812
8609599,2018,2018-04-30,2708,2018-03-09,0657,30348,MONTR,5,5,6,2708,0,0,0,,0,012,"E ALISAL ST","FERN ST",166.00,E,N,E,-,N,,,,,,,,,,N,3,0,1,1,A,-,08,22107,,N,F,J,A,D,H,-,A,D,0,,,,,Y,,-,,0,1,0,0,0,0,0,0,0,"- ","- ",,,MONTEREY,SALINAS,-121.60616302490234,36.673118591308594
8609896,2018,2018-05-17,2708,2018-03-03,1754,8775,,6,5,6,2708,0,0,0,,0,,"GARNER AV","DALLAS AV",0.00,,Y,B,-,N,,,,,,,,,,Y,4,0,1,4,A,-,01,23152,A,N,D,C,A,B,H,-,C,D,0,,,,,Y,Y,A,01,0,0,1,0,0,0,0,0,0,"- ","- ",,,MONTEREY,SALINAS,-121.61138916015625,36.681949615478516
8610516,2018,2018-05-07,2710,2018-03-08,0734,33762,10,4,5,4,2710,0,0,0,,0,02A,"JUDSON ST","BROADWAY AV",93.00,S,N,A,-,N,,,,,,,,,,N,4,0,1,4,A,-,08,22107,,N,G,E,E,A,H,-,A,D,0,Y,,,Y,Y,,A,01,0,0,1,0,1,0,0,0,0,"- ","- ",,,MONTEREY,SEASIDE,-121.83522796630859,36.608745574951172
8610520,2018,2018-05-08,2710,2018-03-20,1634,32771,,2,5,4,2710,0,0,0,,0,002,"LA SALLE AV","NOCHE BUENA ST",0.00,,Y,B,-,N,,,,,,,,,,Y,4,0,1,2,A,-,12,22450,A,N,D,C,A,B,H,-,A,A,0,,,,,Y,,A,01,0,0,1,0,0,0,0,0,0,"- ","- ",,,MONTEREY,SEASIDE,-121.83753204345703,36.616741180419922
8610646,2018,2018-05-07,2710,2018-03-13,1759,33762,,2,5,4,2710,0,0,0,,0,02A,"DEL MONTE BL","ECHO AV",202.00,N,N,C,-,N,,,,,,,,,,Y,4,0,1,2,A,-,01,23152,A,N,B,E,A,B,H,-,A,D,0,,,,,Y,Y,A,01,0,0,1,0,0,0,0,0,0,"- ","- ",,,MONTEREY,SEASIDE,,
8610654,2018,2018-05-07,2710,2018-03-04,0154,40405,,7,5,4,2710,0,0,0,,0,01B,"BROADWAY AV","NOCHE BUENA ST",0.00,,Y,C,-,N,,,,,,,,,,Y,4,0,3,2,A,-,01,23152,A,N,C,C,A,B,H,-,D,A,0,,,,,Y,Y,A,01,0,0,3,0,0,0,0,0,0,"- ","- ",,,MONTEREY,SEASIDE,-121.83773040771484,36.609031677246094
8610727,2018,2018-05-08,2708,2018-02-24,1613,08775,,6,5,6,2708,0,0,0,,0,009,"ABBOTT ST","HARKINS RD",0.00,,Y,A,G,N,,,,,,,,,,N,3,0,1,2,A,-,12,21453,A,F,D,C,A,A,H,-,A,A,0,,,,Y,Y,,A,01,0,1,0,0,0,0,0,0,0,"- ","- ",,,MONTEREY,SALINAS,-121.62677001953125,36.653430938720703
8610731,2018,2018-05-14,2708,2018-02-24,1605,08775,,6,5,6,2708,0,0,0,,0,,"EAST LAKE ST","BRIDGE ST",0.00,,Y,A,-,N,,,,,,,,,,N,4,0,1,2,A,-,10,21950,A,M,G,B,D,A,H,-,A,D,0,Y,,,,Y,,A,01,0,0,1,0,1,0,0,0,0,"- ","- ",,,MONTEREY,SALINAS,-121.65377807617188,36.679668426513672
8610735,2018,2018-05-08,2708,2018-02-27,1808,16258,SALIN,2,5,6,2708,0,0,0,,0,001,"DAVIS RD","BORONDA CROSSING PL",30.00,N,N,A,-,N,,,,,,,,,,N,4,0,2,2,A,-,03,22350,,N,C,C,A,A,H,-,C,A,0,,,,,Y,,A,01,0,0,2,0,0,0,0,0,0,"- ","- ",,,MONTEREY,SALINAS,-121.66697692871094,36.720264434814453
8610739,2018,2018-05-08,2708,2018-02-25,1845,71713,,7,5,6,2708,0,0,0,,0,001,"MAIN ST","BORONDA RD",5.00,S,N,A,-,N,,,,,,,,,,Y,4,0,1,2,A,-,09,21453,B,N,D,C,A,A,H,-,C,A,0,,,Y,,Y,,A,01,0,0,1,0,0,0,0,0,1,"- ","- ",,,MONTEREY,SALINAS,-121.65622711181641,36.721607208251953
8610782,2017,2018-05-11,2708,2017-01-31,0750,52823,,2,5,6,2708,0,0,0,,0,,"FRONT ST","EAST SAN LUIS ST",0.00,,Y,A,-,N,,,,,,,,,,N,4,0,2,3,A,-,10,21950,A,F,D,B,B,A,H,-,A,A,0,Y,,,,Y,,-,,0,0,2,0,2,0,0,0,0,"- ","- ",,,MONTEREY,SALINAS,-121.64873999,36.672790020000001
8610800,2018,2018-05-08,2708,2018-02-19,1603,25182,,1,5,6,2708,0,0,0,,0,002,"NORTH MAIN ST","CHAPARRAL ST",110.00,S,N,A,-,N,,,,,,,,,,N,2,0,1,1,C,-,18,,,N,F,A,A,A,H,-,A,D,0,,,Y,,Y,,-,"- ",1,0,0,0,0,0,0,0,1,"- ","- ",,,MONTEREY,SALINAS,-121.65287017822266,36.703731536865234
8611207,2018,2018-05-11,2706,2018-04-25,0631,992,MPD,3,5,4,2706,0,0,0,,0,002,"FRANKLIN ST","ALVARADO ST",0.00,,Y,B,-,N,,,,,,,,,,Y,4,0,1,2,A,-,09,21453,B,N,D,C,A,A,H,-,B,A,0,,,,,Y,,A,01,0,0,1,0,0,0,0,0,0,"- ","- ",,,MONTEREY,MONTEREY,-121.89431762695312,36.599971771240234
8612896,2017,2018-05-21,2705,2017-09-28,2206,23575,2704,4,5,3,2705,0,0,0,,0,003,"BROADWAY ST","BROADWAY ST 900 BLOCK",0.00,,N,A,-,N,,,,,,,,,,Y,4,0,1,2,A,-,08,22107,,N,C,E,A,A,H,-,C,-,0,,,,,Y,,A,07,0,0,1,0,0,0,0,0,0,"- ","- ",,,MONTEREY,"KING CITY",,
90898483,2018,2019-01-07,9730,2018-12-27,1805,020896,,4,2,9,2700,0,3,5,,2,007,"ELKHORN RD","STRAWBERRY RD",850.00,S,N,A,-,N,,,,,,,,,,Y,2,0,1,1,A,-,01,23152,A,N,F,A,A,A,H,-,D,D,0,,,,,Y,Y,D,22,1,0,0,0,0,0,0,0,0,"- ","- ",36.826999664306641,-121.73200988769531,MONTEREY,UNINCORPORATED,-121.73182678222656,36.827144622802734
90898491,2018,2019-01-07,9730,2018-12-29,1211,017785,,6,1,9,2700,0,1,2,,1,030,"US-101 SOUTHBOUND","SOLEDAD PRISON ROAD",5280.00,S,N,A,-,Y,,,101,,,,,,S,Y,3,0,1,1,A,-,01,23152,A,N,E,I,A,A,H,-,A,D,0,,,,,Y,Y,A,08,0,1,0,0,0,0,0,0,0,"- ","- ",36.455741882324219,-121.3736572265625,MONTEREY,UNINCORPORATED,-121.37360382080078,36.455844879150391
90898503,2018,2019-01-07,9730,2018-12-30,1437,021856,,7,2,9,2700,0,3,5,,2,005,"NATIVIDAD ROAD","OLD NATIVIDAD ROAD",0.00,,Y,A,-,N,,,,,,,,,,Y,4,0,1,2,A,-,09,21802,A,N,D,C,A,A,H,-,A,A,0,,,,,Y,,A,01,0,0,1,0,0,0,0,0,0,"- ","- ",36.733081817626953,-121.60804748535156,MONTEREY,UNINCORPORATED,-121.60810852050781,36.733089447021484
90898565,2018,2019-01-07,9730,2018-12-30,0830,018886,,7,1,9,2700,0,2,4,,1,073,"HALL ROAD","JOHNSON ROAD",2112.00,W,N,A,-,N,,,,,,,,,,Y,4,0,2,2,A,-,03,22350,,N,C,C,A,A,H,-,A,D,0,,,,,Y,,A,01,0,0,2,0,0,0,0,0,0,"- ","- ",36.864158630371094,-121.71372222900391,MONTEREY,UNINCORPORATED,-121.71339416503906,36.864086151123047
90899339,2018,2019-01-07,9735,2018-12-29,1640,021275,,6,2,9,2700,0,3,5,,2,002,"SR-198 E/B","MILE POST MARKER 5",2112.00,E,N,A,-,N,,,198,,,,,,E,Y,4,0,2,1,A,-,03,22350,,N,E,I,A,A,H,-,A,D,0,,,,,Y,,D,22,0,0,2,0,0,0,0,0,0,"- ","- ",36.149730682373047,-120.94928741455078,MONTEREY,UNINCORPORATED,-120.94927978515625,36.149696350097656