CASE_ID,ACCIDENT_YEAR,PROC_DATE,JURIS,COLLISION_DATE,COLLISION_TIME,OFFICER_ID,REPORTING_DISTRICT,DAY_OF_WEEK,CHP_SHIFT,POPULATION,CNTY_CITY_LOC,SPECIAL_COND,BEAT_TYPE,CHP_BEAT_TYPE,CITY_DIVISION_LAPD,CHP_BEAT_CLASS,BEAT_NUMBER,PRIMARY_RD,SECONDARY_RD,DISTANCE,DIRECTION,INTERSECTION,WEATHER_1,WEATHER_2,STATE_HWY_IND,CALTRANS_COUNTY,CALTRANS_DISTRICT,STATE_ROUTE,ROUTE_SUFFIX,POSTMILE_PREFIX,POSTMILE,LOCATION_TYPE,RAMP_INTERSECTION,SIDE_OF_HWY,TOW_AWAY,COLLISION_SEVERITY,NUMBER_KILLED,NUMBER_INJURED,PARTY_COUNT,PRIMARY_COLL_FACTOR,PCF_CODE_OF_VIOL,PCF_VIOL_CATEGORY,PCF_VIOLATION,PCF_VIOL_SUBSECTION,HIT_AND_RUN,TYPE_OF_COLLISION,MVIW,PED_ACTION,ROAD_SURFACE,ROAD_COND_1,ROAD_COND_2,LIGHTING,CONTROL_DEVICE,CHP_ROAD_TYPE,PEDESTRIAN_ACCIDENT,BICYCLE_ACCIDENT,MOTORCYCLE_ACCIDENT,TRUCK_ACCIDENT,NOT_PRIVATE_PROPERTY,ALCOHOL_INVOLVED,STWD_VEHTYPE_AT_FAULT,CHP_VEHTYPE_AT_FAULT,COUNT_SEVERE_INJ,COUNT_VISIBLE_INJ,COUNT_COMPLAINT_PAIN,COUNT_PED_KILLED,COUNT_PED_INJURED,COUNT_BICYCLIST_KILLED,COUNT_BICYCLIST_INJURED,COUNT_MC_KILLED,COUNT_MC_INJURED,PRIMARY_RAMP,SECONDARY_RAMP,LATITUDE,LONGITUDE,COUNTY,CITY,POINT_X,POINT_Y
90899546,2018,2019-01-08,9730,2018-12-29,0110,022092,,6,3,9,2700,0,3,5,,2,002,"AGUAJITO ROAD",MONHOLLAN,400.00,S,N,A,-,N,,,,,,,,,,Y,4,0,1,1,A,-,01,23152,G,N,E,I,A,A,H,-,D,D,0,,,,,Y,Y,A,07,0,0,1,0,0,0,0,0,0,"- ","- ",36.57421875,-121.87439727783203,MONTEREY,UNINCORPORATED,-121.87442779541016,36.574302673339844
90901166,2018,2019-09-23,9735,2018-11-21,0610,020036,,3,1,9,2700,0,1,2,,1,041,"US-101 (S/B)","CENTRAL AVE",5280.00,S,N,B,-,Y,,,101,,,,,,,Y,1,3,6,2,A,-,09,21801,A,N,D,C,A,A,H,-,D,A,0,,,,,Y,,M,57,4,2,0,0,0,0,0,0,0,"- ","- ",36.220241546630859,-121.16837310791016,MONTEREY,UNINCORPORATED,-121.16838836669922,36.220230102539062
90907389,2018,2019-01-18,9730,2018-12-23,2355,022092,,7,3,9,2700,0,1,2,,1,030,"US-101 N/B","SPENCE ROAD",0.00,,Y,A,-,Y,,,101,,,,,,N,Y,4,0,1,2,A,-,09,21802,A,M,A,C,A,A,H,-,D,A,0,,,,,Y,,A,01,0,0,1,0,0,0,0,0,0,"- ","- ",36.612869262695312,-121.56703948974609,MONTEREY,UNINCORPORATED,-121.56702423095703,36.612888336181641
90914884,2018,2019-01-29,9730,2018-07-17,0603,018350,,2,1,9,2700,0,1,2,,1,070,"US-101 N/B","PESANTE ROAD",0.00,,Y,B,-,Y,,,101,,,,,,N,Y,3,0,1,2,A,-,07,21658,A,N,E,A,A,A,H,-,A,D,0,,,,,Y,,A,01,0,1,0,0,0,0,0,0,0,"- ","- ",36.776168823242188,-121.66924285888672,MONTEREY,UNINCORPORATED,-121.66940307617188,36.776161193847656
90957639,2018,2019-03-29,9730,2018-12-05,1725,020931,,3,2,9,2700,0,1,3,,2,062,"SR-1 NORTHBOUND","8TH STREET O/C",133.00,S,N,C,-,Y,,,1,,,,,,N,Y,1,1,0,3,A,-,01,23152,F,N,C,C,A,B,H,-,B,D,0,,,,,Y,,D,22,0,0,0,0,0,0,0,0,0,"- ","- ",36.661270141601562,-121.81620025634766,MONTEREY,UNINCORPORATED,-121.81621551513672,36.661270141601562
8613501,2017,2018-05-08,2705,2017-10-08,1803,16316,11,7,5,3,2705,0,0,0,,0,001,"SAN ANTONIO DR","N MILDRED AV",0.00,,Y,A,-,N,,,,,,,,,,N,4,0,1,2,A,-,10,21950,A,N,G,B,B,A,H,-,A,A,0,Y,,,,Y,,-,,0,0,1,0,1,0,0,0,0,"- ","- ",,,MONTEREY,"KING CITY",-121.13794987,36.216210019999998
8613517,2017,2018-05-22,2705,2017-09-03,0500,K23127,2705,7,5,3,2705,0,0,0,,0,,"S 1ST ST","DIVISION ST",0.00,,Y,B,-,N,,,,,,,,,,Y,2,0,1,1,A,-,03,22350,,N,A,I,A,A,H,-,C,D,0,,,,,Y,,-,,1,0,0,0,0,0,0,0,0,"- ","- ",,,MONTEREY,"KING CITY",-121.12012996999999,36.210560049999998
8613677,2018,2018-04-24,2701,2018-03-24,0922,210,2701,6,5,2,2701,0,0,0,,0,ALL,"5TH AV",DOLORES,0.00,,Y,B,-,N,,,,,,,,,,N,4,0,1,1,C,-,18,,,N,B,I,A,A,H,-,A,D,0,,Y,,,Y,,-,"- ",0,0,1,0,0,0,1,0,0,"- ","- ",,,MONTEREY,CARMEL,-121.92268371582031,36.556900024414062
8614259,2018,2018-04-27,2704,2018-04-16,1919,0633,,1,5,3,2704,0,0,0,,0,002,"MORENO ST","HUERTA ST",11.00,S,N,A,-,N,,,,,,,,,,N,3,0,1,3,A,-,11,21950,B,N,G,B,C,A,H,-,A,D,0,Y,,,,Y,,N,60,0,1,0,0,1,0,0,0,0,"- ","- ",,,MONTEREY,GREENFIELD,-121.23757934570312,36.317653656005859
8614732,2018,2018-05-07,2712,2018-04-09,1627,1062,2712,1,5,3,2712,0,0,0,,0,001,"IMJIN PKWY","2ND AV",290.00,W,N,A,-,N,,,,,,,,,,N,4,0,1,2,A,-,03,22350,,N,C,C,A,A,H,-,A,A,0,,,,,Y,,A,07,0,0,1,0,0,0,0,0,0,"- ","- ",,,MONTEREY,MARINA,-121.80970001220703,36.668144226074219
8614919,2018,2018-05-07,2706,2018-04-20,1146,395,2706,5,5,4,2706,0,0,0,,0,002,"PACIFIC ST","MADISON ST",0.00,,Y,A,-,N,,,,,,,,,,N,4,0,1,2,A,-,03,22350,,N,C,C,A,A,H,-,A,D,0,,,,,Y,,I,20,0,0,1,0,0,0,0,0,0,"- ","- ",,,MONTEREY,MONTEREY,-121.89710235595703,36.596809387207031
8614923,2018,2018-05-07,2706,2018-04-14,1330,410,MPD,6,5,4,2706,0,0,0,,0,002,"MAR VISTA DR","DRY CREEK RD",3.00,E,N,A,-,N,,,,,,,,,,N,4,0,1,2,B,-,22,,,N,C,C,A,A,H,-,A,D,0,,,,,Y,,A,08,0,0,1,0,0,0,0,0,0,"- ","- ",,,MONTEREY,MONTEREY,-121.91517639160156,36.592761993408203
8615394,2018,2018-05-07,2706,2018-04-26,2013,635,MPD,4,5,4,2706,0,0,0,,0,001,"LIGHTHOUSE AV","DRAKE AV",101.00,N,N,A,-,N,,,,,,,,,,N,4,0,1,2,A,-,08,22107,,N,B,E,A,A,H,-,C,D,0,,,,,Y,,A,01,0,0,1,0,0,0,0,0,0,"- ","- ",,,MONTEREY,MONTEREY,-121.90013122558594,36.611679077148438
8615398,2018,2018-05-07,2706,2018-04-22,1721,121,MPD,7,5,4,2706,0,0,0,,0,002,"DEL MONTE AV","FIGUEROA ST",54.00,W,N,A,-,N,,,,,,,,,,Y,4,0,1,3,A,-,03,22350,,N,C,C,A,A,H,-,A,A,0,,,,,Y,,A,01,0,0,1,0,0,0,0,0,0,"- ","- ",,,MONTEREY,MONTEREY,-121.89022064208984,36.600288391113281
8615792,2018,2018-07-27,2707,2018-03-29,2128,2221,2707,4,5,3,2707,0,0,0,,0,001,"HOLMAN HWY","SYIDA DR",0.00,,Y,A,-,Y,MON,5,68,-,-,1.810,H,-,E,Y,4,0,1,2,A,-,05,21651,A,N,B,C,A,A,H,-,D,D,0,,,,,Y,,D,22,0,0,1,0,0,0,0,0,0,"- ","- ",,,MONTEREY,"PACIFIC GROVE",-121.92373657226562,36.602466583251953
8617283,2018,2018-05-24,2708,2018-04-11,1520,19120,SALIN,3,5,6,2708,0,0,0,,0,009,"ABBOTT ST","LOS PALOS DR",156.00,S,N,A,-,N,,,,,,,,,,Y,3,0,1,2,A,-,04,21703,,N,C,C,A,A,H,-,A,D,0,,,,,Y,,D,22,0,1,0,0,0,0,0,0,0,"- ","- ",,,MONTEREY,SALINAS,-121.64142608642578,36.662014007568359
8617287,2018,2018-05-24,2708,2018-04-03,1638,73185,,2,5,6,2708,0,0,0,,0,005,"EAST LAUREL DR","NOICE DR",0.00,,Y,A,-,N,,,,,,,,,,Y,4,0,1,2,A,-,09,21802,A,N,A,C,A,A,H,-,A,D,0,,,,,Y,,-,,0,0,1,0,0,0,0,0,0,"- ","- ",,,MONTEREY,SALINAS,-121.65084838867188,36.699131011962891
8617291,2018,2018-05-24,2708,2018-04-28,2326,49021,,6,5,6,2708,0,0,0,,0,010,"EAST MARKET ST","RAGSDALE CT",70.00,E,N,A,-,N,,,,,,,,,,Y,4,0,1,4,A,-,01,23152,A,N,B,C,A,A,H,-,C,A,0,,,,,Y,Y,-,,0,0,1,0,0,0,0,0,0,"- ","- ",,,MONTEREY,SALINAS,-121.6346435546875,36.676834106445312
8617295,2018,2018-05-24,2708,2018-04-13,1747,73185,SALIN,5,5,6,2708,0,0,0,,0,004,"CONSTITUTION BL","EAST LAUREL DR",568.00,E,N,A,-,N,,,,,,,,,,Y,3,0,2,2,A,-,09,21804,A,N,D,C,A,A,H,-,A,D,0,,,,,Y,,-,,0,1,1,0,0,0,0,0,0,"- ","- ",,,MONTEREY,SALINAS,-121.6309814453125,36.695625305175781
8617299,2018,2018-05-24,2708,2018-04-12,0802,19120,SALIN,4,5,6,2708,0,0,0,,0,005,"PARSONS AV","PIKE WY",0.00,,Y,A,-,N,,,,,,,,,,N,3,0,2,2,A,-,09,21802,A,N,B,C,A,A,H,-,A,A,0,,,,,Y,,-,,0,1,1,0,0,0,0,0,0,"- ","- ",,,MONTEREY,SALINAS,-121.64211273193359,36.704620361328125
8617303,2018,2018-05-24,2708,2018-04-23,1911,03778,SALIN,1,5,6,2708,0,0,0,,0,001,"NORTH MAIN ST","E BOLIVAR",30.00,W,N,A,-,N,,,,,,,,,,N,3,0,1,2,A,-,03,22350,A,N,-,C,A,A,H,-,-,A,0,,,,,Y,,D,22,0,1,0,0,0,0,0,0,0,"- ","- ",,,MONTEREY,SALINAS,-121.6563720703125,36.725051879882812
8617307,2018,2018-05-24,2708,2018-04-16,1510,92575,SALIN,1,5,6,2708,0,0,0,,0,001,"SAN JUAN GRADE RD","MAIN ST",200.00,E,N,A,-,N,,,,,,,,,,N,4,0,1,2,A,-,03,22350,,N,-,C,A,A,H,-,A,D,0,,,,,Y,,A,01,0,0,1,0,0,0,0,0,0,"- ","- ",,,MONTEREY,SALINAS,-121.65469360351562,36.717266082763672
8617311,2018,2018-05-24,2708,2018-04-13,1411,54370,,5,5,6,2708,0,0,0,,0,002,"MAYFAIR DR","S SAN BORN RD",450.00,E,N,A,-,N,,,,,,,,,,N,2,0,1,2,A,-,10,21952,,N,G,B,D,A,H,-,A,D,0,Y,,,,Y,,-,,1,0,0,0,1,0,0,0,0,"- ","- ",,,MONTEREY,SALINAS,-121.62644958496094,36.668102264404297
8617315,2018,2018-05-24,2708,2018-04-02,1047,13102,,1,5,6,2708,0,0,0,,0,009,"ABBOTT ST","MALARIN ST",0.00,,Y,A,-,N,,,,,,,,,,Y,2,0,1,4,A,-,09,21801,A,N,D,C,E,A,H,-,A,A,0,Y,,,,Y,,-,,1,0,0,0,1,0,0,0,0,"- ","- ",,,MONTEREY,SALINAS,-121.64170074462891,36.662380218505859
8617352,2017,2018-05-23,2708,2017-05-16,1532,72945,MUN1,2,5,6,2708,0,0,0,,0,011,"WILLIAMS RD","GARNER AV",300.00,N,N,A,-,N,,,,,,,,,,Y,4,0,2,5,A,-,09,21804,A,N,B,B,F,A,H,-,A,D,0,Y,,,,Y,,-,,0,0,2,0,1,0,0,0,0,"- ","- ",,,MONTEREY,SALINAS,-121.60776325,36.679234340000001
8617364,2017,2018-05-23,2708,2017-08-02,1233,72945,,3,5,6,2708,0,0,0,,0,,"WEST BLANCO RD","RIKER ST",0.00,,Y,A,-,N,,,,,,,,,,Y,4,0,2,2,A,-,12,21453,A,N,F,D,A,A,A,-,A,A,0,,,,,Y,,-,,0,0,2,0,0,0,0,0,0,"- ","- ",,,MONTEREY,SALINAS,-121.66511998999999,36.6588201
8617443,2017,2018-05-24,2708,2017-03-28,2035,15945,,2,5,6,2708,0,0,0,,0,,"MONTEREY ST","EAST GABILAN ST",0.00,,Y,A,-,N,,,,,,,,,,,4,0,1,2,A,-,10,21950,A,N,G,B,B,A,H,-,C,A,0,Y,,,,Y,,-,,0,0,1,0,1,0,0,0,0,"- ","- ",,,MONTEREY,SALINAS,-121.65408999,36.67581002
8617444,2018,2018-05-24,2708,2018-04-02,1452,58583,,1,5,6,2708,0,0,0,,0,008,"SALINAS ST","GABILAN ST",7.00,S,N,A,-,N,,,,,,,,,,N,4,0,1,2,A,-,10,21950,A,N,G,B,B,A,H,-,A,A,0,Y,,,,Y,,D,22,0,0,1,0,1,0,0,0,0,"- ","- ",,,MONTEREY,SALINAS,-121.65642547607422,36.675441741943359
8617447,2017,2018-05-24,2708,2017-03-21,1518,30350,,2,5,6,2708,0,0,0,,0,010,"EAST MARKET ST","NORTH HEBBRON AV",0.00,,Y,A,-,N,,,,,,,,,,N,4,0,1,2,A,-,10,21950,A,F,G,B,B,A,H,-,A,A,0,Y,,,,Y,,-,,0,0,1,0,1,0,0,0,0,"- ","- ",,,MONTEREY,SALINAS,-121.63171997000001,36.676550030000001
8617448,2018,2018-05-24,2708,2018-04-03,1853,03581,,2,5,6,2708,0,0,0,,0,002,"EAST ALVIN DR","WHEELER ST",21.00,W,N,A,-,N,,,,,,,,,,N,3,0,1,2,A,-,05,21650,,N,D,G,A,A,H,-,A,A,0,,Y,,,Y,,L,04,0,1,0,0,0,0,1,0,0,"- ","- ",,,MONTEREY,SALINAS,-121.65203857421875,36.70806884765625
8617451,2017,2018-05-24,2708,2017-03-23,0558,37663,,4,5,6,2708,0,0,0,,0,010,"JOHN ST","MAGNOLIA ST",0.00,,Y,B,-,N,,,,,,,,,,,2,0,1,2,D,-,00,,,F,-,B,-,A,H,-,C,D,0,Y,,,,Y,,-,"- ",1,0,0,0,1,0,0,0,0,"- ","- ",,,MONTEREY,SALINAS,-121.62834991,36.669380070000003
8617452,2018,2018-05-24,2708,2018-04-07,0308,00589,SALIN,6,5,6,2708,0,0,0,,0,005,"EAST BERNAL DR","ROSARITA DR",0.00,,Y,C,-,N,,,,,,,,,,Y,3,0,1,2,A,-,08,22107,,N,C,E,A,B,H,-,C,D,0,,,,,Y,,-,,0,1,0,0,0,0,0,0,0,"- ","- ",,,MONTEREY,SALINAS,-121.64563751220703,36.691158294677734
8617455,2018,2018-05-24,2708,2018-03-18,2100,31977,,7,5,6,2708,0,0,0,,0,005,"NATIVIDAD RD","BERNAL DR",0.00,,Y,A,-,N,,,,,,,,,,Y,3,0,1,1,A,-,08,22107,,N,E,J,A,A,H,-,C,A,0,,,,,Y,,-,,0,1,0,0,0,0,0,0,0,"- ","- ",,,MONTEREY,SALINAS,-121.64346313476562,36.692241668701172
8617459,2018,2018-05-24,2708,2018-03-14,1921,58125,,3,5,6,2708,0,0,0,,0,,"EAST BORONDA RD","NATIVIDAD RD",523.00,W,N,A,-,N,,,,,,,,,,N,4,0,1,2,A,-,03,22350,,N,C,C,A,A,H,-,C,A,0,,,,,Y,,-,,0,0,1,0,0,0,0,0,0,"- ","- ",,,MONTEREY,SALINAS,-121.62528228759766,36.715751647949219
8617460,2018,2018-05-24,2708,2018-03-16,1014,72945,,5,5,6,2708,0,0,0,,0,006,"NORTH DAVIS RD","W LAUREL",0.00,,Y,B,-,N,,,,,,,,,,Y,4,0,2,2,A,-,12,21453,A,N,-,D,A,B,A,-,A,A,0,,,,,Y,,-,,0,0,2,0,0,0,0,0,0,"- ","- ",,,MONTEREY,SALINAS,-121.6680908203125,36.697910308837891
8617464,2018,2018-05-24,2708,2018-04-28,0809,71633,SALIN,6,5,6,2708,0,0,0,,0,008,"FRONT ST","E ALISAL ST",170.00,S,N,A,-,N,,,,,,,,,,N,3,0,1,1,A,-,03,22350,,N,E,I,A,A,G,-,A,D,0,,,,,Y,,-,,0,1,0,0,0,0,0,0,0,"- ","- ",,,MONTEREY,SALINAS,-121.64905548095703,36.674179077148438
8617468,2018,2018-05-24,2708,2018-04-30,1705,56793,,1,5,6,2708,0,0,0,,0,005,"LUPIN DR",GARDENIA,50.00,S,N,A,-,N,,,,,,,,,,Y,4,0,1,2,A,-,21,22106,,N,C,C,A,A,H,-,A,D,0,,,,,Y,,-,,0,0,1,0,0,0,0,0,0,"- ","- ",,,MONTEREY,SALINAS,-121.65396881103516,36.689979553222656
8617472,2018,2018-06-01,2708,2018-04-26,0818,19943,,4,5,6,2708,0,0,0,,0,008,"MAIN ST","EAST SAN LUIS ST",63.00,N,N,B,-,N,,,,,,,,,,Y,4,0,2,2,A,-,03,22350,,F,C,C,A,A,H,-,A,A,0,,,,,Y,,A,01,0,0,2,0,0,0,0,0,0,"- ","- ",,,MONTEREY,SALINAS,-121.65449523925781,36.672130584716797
8617476,2018,2018-05-24,2708,2018-04-30,2047,19120,SALIN,1,5,6,2708,0,0,0,,0,006,"NORTH DAVIS RD","WEST LAUREL DR",114.00,N,N,A,-,N,,,,,,,,,,Y,4,0,1,3,A,-,09,21801,A,N,D,C,A,A,H,-,C,D,0,,,,,Y,,-,,0,0,1,0,0,0,0,0,0,"- ","- ",,,MONTEREY,SALINAS,-121.66806030273438,36.698223114013672
8617477,2018,2018-05-23,2708,2018-02-17,1442,49986,,6,5,6,2708,0,0,0,,0,008,"E ALISAL ST","WORK ST",0.00,,Y,A,-,N,,,,,,,,,,Y,3,0,3,2,A,-,12,21453,A,N,D,C,A,A,H,-,A,A,0,,,,,Y,,A,01,0,1,2,0,0,0,0,0,0,"- ","- ",,,MONTEREY,SALINAS,-121.64338684082031,36.674491882324219
8617480,2018,2018-05-24,2708,2018-04-28,0624,54353,,6,5,6,2708,0,0,0,,0,012,"E ALISAL ST","EAST MARKET ST",0.00,,Y,A,-,N,,,,,,,,,,Y,3,0,2,2,A,-,09,21802,A,N,D,D,A,A,H,-,A,D,0,,,,,Y,Y,-,,0,1,1,0,0,0,0,0,0,"- ","- ",,,MONTEREY,SALINAS,-121.61354827880859,36.672618865966797
8617481,2018,2018-05-23,2708,2018-02-06,1455,70843,,2,5,6,2708,0,0,0,,0,,"POST DR","NORTH DAVIS RD",350.00,W,N,A,-,N,,,,,,,,,,Y,4,0,1,2,A,-,09,21804,A,N,C,C,A,A,H,-,A,D,0,,,,,Y,,-,,0,0,1,0,0,0,0,0,0,"- ","- ",,,MONTEREY,SALINAS,-121.66988372802734,36.696277618408203
8617484,2018,2018-05-24,2708,2018-04-05,1001,71633,SALIN,4,5,6,2708,0,0,0,,0,008,"W GABILAN ST","MAIN ST",0.00,W,N,A,-,N,,,,,,,,,,N,4,0,1,2,A,-,11,21954,A,N,G,B,A,A,H,-,A,A,0,,,,,Y,,-,,0,0,1,0,0,0,0,0,0,"- ","- ",,,MONTEREY,SALINAS,-121.6552734375,36.675628662109375
8617486,2018,2018-05-24,2708,2018-03-15,0645,19943,,4,5,6,2708,0,0,0,,0,001,"EAST BORONDA RD","SAN JUAN GRADE RD",300.00,E,N,A,-,N,,,,,,,,,,Y,3,0,2,2,A,-,09,21801,A,N,D,C,A,A,H,-,B,D,0,,,,,Y,,A,01,0,2,0,0,0,0,0,0,0,"- ","- ",,,MONTEREY,SALINAS,-121.65050506591797,36.719169616699219
8617488,2018,2018-05-25,2708,2018-04-01,0328,30348,SALIN,7,5,6,2708,0,0,0,,0,,BORONDA,"WILLIAMS RD",10.00,E,N,A,-,N,,,,,,,,,,Y,3,0,1,1,A,-,01,23152,A,N,A,J,A,A,H,-,C,A,0,,,,,Y,Y,-,,0,1,0,0,0,0,0,0,0,"- ","- ",,,MONTEREY,SALINAS,-121.59072113037109,36.688999176025391
8617490,2018,2018-05-24,2708,2018-03-30,1753,34273,SALIN,5,5,6,2708,0,0,0,,0,005,"NORTH MAIN ST","ROCHEX AV",48.00,S,N,A,-,N,,,,,,,,,,Y,3,0,3,2,A,-,03,22350,,N,C,C,A,A,H,-,A,D,0,,,,,Y,,A,01,0,3,0,0,0,0,0,0,0,"- ","- ",,,MONTEREY,SALINAS,-121.6522216796875,36.700408935546875
8617492,2018,2018-05-24,2708,2018-04-06,0940,69054,SPD,5,5,6,2708,0,0,0,,0,008,"EAST MARKET ST","PEACH ST",0.00,,Y,B,-,N,,,,,,,,,,Y,4,0,1,2,A,-,01,23152,,F,D,C,A,B,H,-,A,D,0,,,,,Y,,-,,0,0,1,0,0,0,0,0,0,"- ","- ",,,MONTEREY,SALINAS,-121.64756774902344,36.678699493408203
8617494,2018,2018-05-24,2708,2018-03-28,0639,71713,,3,5,6,2708,0,0,0,,0,011,"WILLIAMS RD","GARNER AV",0.00,,Y,A,-,N,,,,,,,,,,Y,3,0,1,2,A,-,09,21802,A,N,D,C,A,A,H,-,B,D,0,,,,,Y,,A,01,0,1,0,0,0,0,0,0,0,"- ","- ",,,MONTEREY,SALINAS,-121.60859680175781,36.678760528564453
8617496,2018,2018-05-24,2708,2018-04-07,0228,APARKER,,6,5,6,2708,0,0,0,,0,008,"EAST GABILAN ST","MAIN ST",20.00,E,N,C,-,N,,,,,,,,,,Y,4,0,1,1,A,-,01,23152,A,N,E,I,A,B,H,-,C,A,0,,,,,Y,Y,-,,0,0,1,0,0,0,0,0,0,"- ","- ",,,MONTEREY,SALINAS,-121.65520477294922,36.675640106201172
8617500,2018,2018-05-24,2708,2018-04-13,0915,49532,SALIN,5,5,6,2708,0,0,0,,0,002,"NORTH MAIN ST","HARDEN PKWY",500.00,S,N,A,-,N,,,,,,,,,,N,4,0,1,2,A,-,05,21650,1,N,D,G,A,A,H,-,A,A,0,,Y,,,Y,,L,04,0,0,1,0,0,0,1,0,0,"- ","- ",,,MONTEREY,SALINAS,-121.65426635742188,36.711933135986328
8617504,2018,2018-05-30,2708,2018-04-10,1452,10122,,2,5,6,2708,0,0,0,,0,010,"EAST MARKET ST","CARR AV",100.00,E,N,A,-,N,,,,,,,,,,Y,4,0,1,2,A,-,02,22400,A,N,E,I,A,-,H,-,A,D,0,,,,,Y,Y,A,08,0,0,1,0,0,0,0,0,0,"- ","- ",,,MONTEREY,SALINAS,-121.63515472412109,36.676887512207031
8617508,2018,2018-05-23,2708,2018-04-06,1753,04125,SALIN,5,5,6,2708,0,0,0,,0,004,"CONSTITUTION BL","MANCHESTER DR",1350.00,S,N,C,-,N,,,,,,,,,,Y,4,0,1,1,A,-,08,22107,,N,E,I,A,B,H,-,A,D,0,,,,,Y,,-,,0,0,1,0,0,0,0,0,0,"- ","- ",,,MONTEREY,SALINAS,-121.62701416015625,36.698047637939453
8617512,2018,2018-05-23,2708,2018-04-17,2308,75362,SALIN,2,5,6,2708,0,0,0,,0,001,"NATIVIDAD RD","ROGGE RD",2085.00,S,N,A,-,N,,,,,,,,,,Y,2,0,1,1,A,-,08,22107,,N,H,A,A,A,H,-,D,D,0,,,,,Y,,-,,1,0,0,0,0,0,0,0,0,"- ","- ",,,MONTEREY,SALINAS,-121.62059020996094,36.723808288574219
8619149,2018,2018-05-23,2712,2018-04-16,2018,1057,2712,1,5,3,2712,0,0,0,,0,001,"IMJIN PW","IMJIN RD",237.00,W,N,A,-,N,,,,,,,,,,Y,2,0,4,5,A,-,03,22350,,N,H,C,F,B,H,-,B,A,0,Y,,,,Y,,D,22,2,2,0,0,2,0,0,0,0,"- ","- ",,,MONTEREY,MARINA,-121.79208374023438,36.662025451660156
8619467,2018,2018-06-05,2707,2018-04-28,1510,2245,2717,6,5,3,2707,0,0,0,,0,002,"CONGRESS AV","SINEX AV",0.00,,Y,A,-,N,,,,,,,,,,N,4,0,1,2,A,-,10,21950,A,M,G,B,D,A,H,-,A,A,0,Y,,,,Y,,A,01,0,0,1,0,1,0,0,0,0,"- ","- ",,,MONTEREY,"PACIFIC GROVE",-121.92359161376953,36.615989685058594
8619696,2018,2018-06-04,2708,2018-04-01,2312,59989,SALIN,7,5,6,2708,0,0,0,,0,001,"EAST BORONDA RD","SAN JUAN GRADE RD",67.00,W,N,A,-,N,,,,,,,,,,Y,3,0,2,2,A,-,03,22350,,N,C,C,A,A,H,-,C,A,0,,,,,Y,Y,-,,0,2,0,0,0,0,0,0,0,"- ","- ",,,MONTEREY,SALINAS,-121.6513671875,36.719894409179688
8619749,2018,2018-06-11,2707,2018-04-21,0835,2217,2707,6,5,3,2707,0,0,0,,0,002,"LIGHTHOUSE AV","9TH ST",0.00,,Y,A,-,N,,,,,,,,,,N,3,0,1,2,A,-,09,21802,A,N,A,C,A,A,H,-,A,D,0,,,,,Y,,A,01,0,1,0,0,0,0,0,0,0,"- ","- ",,,MONTEREY,"PACIFIC GROVE",-121.91208648681641,36.619140625
8620024,2017,2018-05-29,2708,2017-03-14,2039,07903,EAST,2,5,6,2708,0,0,0,,0,011,"DELMONTE AV","NORTH SANBORN RD",0.00,,Y,B,-,N,,,,,,,,,,,4,0,1,2,A,-,03,22350,,M,C,C,A,A,H,-,C,A,0,,,,,Y,,-,,0,0,1,0,0,0,0,0,0,"- ","- ",,,MONTEREY,SALINAS,-121.61081992,36.688660079999998
8620145,2018,2018-06-12,2712,2018-05-09,1138,1154,2712,3,5,3,2712,0,0,0,,0,001,"SEACREST AV","CARMEL AV",0.00,,Y,B,-,N,,,,,,,,,,N,4,0,1,2,B,-,22,,,N,G,B,D,A,H,-,A,D,0,Y,,,,Y,,-,"- ",0,0,1,0,1,0,0,0,0,"- ","- ",,,MONTEREY,MARINA,-121.79859924316406,36.682270050048828
8621497,2018,2018-05-29,2706,2018-05-09,1251,851,,3,5,4,2706,0,0,0,,0,002,"MUNRAS AV","VIA ARBOLES",0.00,,Y,A,-,N,,,,,,,,,,N,4,0,1,2,A,-,05,21650,1,N,D,G,A,A,-,-,A,D,0,,Y,,,Y,,L,04,0,0,1,0,0,0,1,0,0,"- ","- ",,,MONTEREY,MONTEREY,-121.90023803710938,36.586048126220703
8621501,2018,2018-05-29,2706,2018-05-02,2236,114,2706,3,5,4,2706,0,0,0,,0,001,"REESIDE AV","LIGHTHOUSE AV",0.00,,Y,A,-,N,,,,,,,,,,Y,4,0,1,2,A,-,12,21453,A,N,D,C,A,A,H,-,C,A,0,,,,,Y,,A,07,0,0,1,0,0,0,0,0,0,"- ","- ",,,MONTEREY,MONTEREY,-121.89839935302734,36.609638214111328
8622472,2018,2018-05-31,2706,2018-05-13,1522,395,2706,7,5,4,2706,0,0,0,,0,002,"DEL MONTE AV","PALO VERDE AV",100.00,W,N,A,-,N,,,,,,,,,,Y,3,0,1,2,A,-,08,22107,,N,D,C,A,A,H,-,A,D,0,,,,,Y,,A,01,0,1,0,0,0,0,0,0,0,"- ","- ",,,MONTEREY,MONTEREY,-121.86970520019531,36.600765228271484
8622514,2018,2018-05-30,2706,2018-05-18,1311,851,,5,5,4,2706,0,0,0,,0,001,"LIGHTHOUSE AV","HOFFMAN AV",0.00,,Y,B,-,N,,,,,,,,,,Y,4,0,1,3,A,-,03,22350,,N,C,C,A,A,H,-,A,A,0,,,,,Y,,A,01,0,0,1,0,0,0,0,0,0,"- ","- ",,,MONTEREY,MONTEREY,-121.90171051025391,36.613559722900391