CASE_ID,ACCIDENT_YEAR,PROC_DATE,JURIS,COLLISION_DATE,COLLISION_TIME,OFFICER_ID,REPORTING_DISTRICT,DAY_OF_WEEK,CHP_SHIFT,POPULATION,CNTY_CITY_LOC,SPECIAL_COND,BEAT_TYPE,CHP_BEAT_TYPE,CITY_DIVISION_LAPD,CHP_BEAT_CLASS,BEAT_NUMBER,PRIMARY_RD,SECONDARY_RD,DISTANCE,DIRECTION,INTERSECTION,WEATHER_1,WEATHER_2,STATE_HWY_IND,CALTRANS_COUNTY,CALTRANS_DISTRICT,STATE_ROUTE,ROUTE_SUFFIX,POSTMILE_PREFIX,POSTMILE,LOCATION_TYPE,RAMP_INTERSECTION,SIDE_OF_HWY,TOW_AWAY,COLLISION_SEVERITY,NUMBER_KILLED,NUMBER_INJURED,PARTY_COUNT,PRIMARY_COLL_FACTOR,PCF_CODE_OF_VIOL,PCF_VIOL_CATEGORY,PCF_VIOLATION,PCF_VIOL_SUBSECTION,HIT_AND_RUN,TYPE_OF_COLLISION,MVIW,PED_ACTION,ROAD_SURFACE,ROAD_COND_1,ROAD_COND_2,LIGHTING,CONTROL_DEVICE,CHP_ROAD_TYPE,PEDESTRIAN_ACCIDENT,BICYCLE_ACCIDENT,MOTORCYCLE_ACCIDENT,TRUCK_ACCIDENT,NOT_PRIVATE_PROPERTY,ALCOHOL_INVOLVED,STWD_VEHTYPE_AT_FAULT,CHP_VEHTYPE_AT_FAULT,COUNT_SEVERE_INJ,COUNT_VISIBLE_INJ,COUNT_COMPLAINT_PAIN,COUNT_PED_KILLED,COUNT_PED_INJURED,COUNT_BICYCLIST_KILLED,COUNT_BICYCLIST_INJURED,COUNT_MC_KILLED,COUNT_MC_INJURED,PRIMARY_RAMP,SECONDARY_RAMP,LATITUDE,LONGITUDE,COUNTY,CITY,POINT_X,POINT_Y
8622526,2018,2018-05-30,2706,2018-05-12,2211,222,2706,6,5,4,2706,0,0,0,,0,002,"FREMONT ST","ABREGO ST",0.00,,Y,A,-,N,,,,,,,,,,N,3,0,1,2,A,-,11,21954,A,N,G,B,E,A,H,-,C,A,0,Y,,,,Y,Y,N,60,0,1,0,0,1,0,0,0,0,"- ","- ",,,MONTEREY,MONTEREY,-121.89218139648438,36.595249176025391
8622530,2018,2018-05-30,2706,2018-05-14,2306,608,MPD,1,5,4,2706,0,0,0,,0,001,"WAVE ST","DAVID AV",65.00,S,N,A,-,N,,,,,,,,,,Y,4,0,1,1,A,-,01,23152,F,N,F,I,A,A,H,-,C,D,0,,,,,Y,,A,07,0,0,1,0,0,0,0,0,0,"- ","- ",,,MONTEREY,MONTEREY,-121.90265655517578,36.617473602294922
8622534,2018,2018-05-30,2706,2018-05-20,1713,851,,7,5,4,2706,0,0,0,,0,001,"LIGHTHOUSE AV","HOFFMAN AV",145.00,N,N,B,-,N,,,,,,,,,,N,4,0,1,2,A,-,11,21953,,N,G,B,E,A,H,-,A,A,0,Y,,,,Y,,N,60,0,0,1,0,1,0,0,0,0,"- ","- ",,,MONTEREY,MONTEREY,-121.90199279785156,36.613887786865234
8622546,2018,2018-05-30,2706,2018-05-11,1230,395,2706,5,5,4,2706,0,0,0,,0,002,"MUNRAS AV","SOLEDAD DR",10.00,N,N,A,-,N,,,,,,,,,,N,4,0,1,2,A,-,03,22350,,N,C,C,A,A,H,-,A,A,0,,,,,Y,Y,A,01,0,0,1,0,0,0,0,0,0,"- ","- ",,,MONTEREY,MONTEREY,-121.90184020996094,36.583385467529297
8623843,2018,2018-08-22,2708,2018-04-16,1451,52823,,1,5,6,2708,0,0,0,,0,,"SOUTH SANBORN RD","ELVEE DR",0.00,,Y,A,-,Y,MON,5,101,-,-,85.980,R,4,S,N,4,0,2,2,A,-,03,22350,,N,C,C,A,A,H,-,A,A,0,,,,Y,Y,,F,26,0,0,2,0,0,0,0,0,0,"- ","- ",,,MONTEREY,SALINAS,-121.62619781494141,36.665271759033203
8623847,2018,2018-08-22,2708,2018-04-26,0817,75635,,4,5,6,2708,0,0,0,,0,,"RT 68","EAST ROMIE LN",0.00,,Y,A,-,Y,MON,5,68,-,-,20.490,I,5,W,Y,4,0,1,2,A,-,12,21453,A,F,D,C,A,A,H,-,A,A,0,,,,,Y,,A,01,0,0,1,0,0,0,0,0,0,"- ","- ",,,MONTEREY,SALINAS,-121.65771484375,36.662868499755859
8623851,2018,2018-08-22,2708,2018-04-21,1347,71633,SALIN,6,5,6,2708,0,0,0,,0,006,"RT 183",MENKE,140.00,N,N,A,-,Y,MON,5,183,-,-,0.370,H,-,N,Y,3,0,1,3,A,-,07,21658,A,F,B,C,A,A,H,-,A,D,0,,,,,Y,,-,99,0,1,0,0,0,0,0,0,0,"- ","- ",,,MONTEREY,SALINAS,-121.65386199951172,36.681770324707031
8623896,2018,2018-08-22,2708,2018-04-04,1435,75635,SALIN,3,5,6,2708,0,0,0,,0,,"SOUTH SANBORN RD","FAIRVIEW AV",0.00,,Y,A,-,Y,MON,5,101,-,-,86.220,R,4,N,Y,3,0,3,2,A,-,09,21801,A,N,A,C,A,A,H,-,A,D,0,,,,,Y,,A,07,0,1,2,0,0,0,0,0,0,"- ","- ",,,MONTEREY,SALINAS,-121.62953186035156,36.667320251464844
8623900,2018,2018-05-29,2708,2018-04-01,1459,13102,,7,5,6,2708,0,0,0,,0,002,"WEST LAUREL DR","ADAMS ST",0.00,,Y,A,-,Y,,,,,,,,,,,4,0,1,2,A,-,12,21453,A,N,D,C,A,A,H,-,A,A,0,,,,,Y,,-,"- ",0,0,1,0,0,0,0,0,0,"- ","- ",,,MONTEREY,SALINAS,-121.66246032714844,36.698009490966797
8623912,2018,2018-08-21,2708,2018-04-06,1655,74130,SALIN,5,5,6,2708,0,0,0,,0,007,"RT 183","RIKER ST",0.00,,Y,C,-,Y,MON,5,183,-,-,1.150,I,5,N,Y,3,0,1,2,A,-,01,23152,A,F,B,C,A,B,H,-,A,D,0,,,,,Y,Y,A,08,0,1,0,0,0,0,0,0,0,"- ","- ",,,MONTEREY,SALINAS,-121.66300201416016,36.680191040039062
8623946,2018,2018-07-26,2708,2018-03-16,1651,72945,,5,5,6,2708,0,0,0,,0,010,"EAST MARKET ST","RT 101",0.00,,Y,A,-,Y,MON,5,101,-,-,87.440,R,4,S,Y,4,0,1,2,A,-,12,22450,,N,D,D,A,A,H,-,A,D,0,,,,,Y,,A,01,0,0,1,0,0,0,0,0,0,"- ","- ",,,MONTEREY,SALINAS,-121.64190673828125,36.679599761962891
8623985,2017,2018-06-21,2708,2017-03-05,1900,4113,,7,5,6,2708,0,0,0,,0,,"RT 101","EAST MARKET ST",0.00,,Y,B,-,Y,MON,5,101,-,-,87.440,R,1,S,N,3,0,1,2,A,-,09,21802,A,F,B,G,A,A,H,-,B,A,0,,Y,,,Y,,-,,0,1,0,0,0,0,1,0,0,"- ","- ",,,MONTEREY,SALINAS,-121.64190374,36.679598660000003
8623989,2018,2018-07-26,2708,2018-03-31,0810,19120,SALIN,6,5,6,2708,0,0,0,,0,007,"RT 68","WEST ACACIA ST",10.00,N,N,A,-,Y,MON,5,68,-,-,20.610,I,5,E,N,2,0,1,2,A,-,10,21950,A,F,G,B,B,A,H,-,A,A,0,Y,,,,Y,,-,99,1,0,0,0,1,0,0,0,0,"- ","- ",,,MONTEREY,SALINAS,-121.65711212158203,36.664546966552734
8624064,2018,2018-05-22,2708,2018-03-13,1528,58125,,2,5,6,2708,0,0,0,,0,007,"RIKER ST","W ROMIE LN",0.00,,Y,C,-,N,,,,,,,,,,Y,4,0,2,2,A,-,09,21801,A,N,D,C,A,B,H,-,A,A,0,,,,,Y,,-,,0,0,2,0,0,0,0,0,0,"- ","- ",,,MONTEREY,SALINAS,-121.66275787353516,36.663818359375
8624369,2018,2018-05-31,2706,2018-05-27,1147,992,,7,5,4,2706,0,0,0,,0,002,"MADISON ST","PACIFIC ST",0.00,,Y,A,-,N,,,,,,,,,,Y,4,0,1,2,A,-,12,21453,A,N,D,C,A,A,H,-,A,A,0,,,,,Y,,A,07,0,0,1,0,0,0,0,0,0,"- ","- ",,,MONTEREY,MONTEREY,-121.89710235595703,36.596809387207031
8625771,2018,2018-06-05,2706,2018-05-26,1613,103,,6,5,4,2706,0,0,0,,0,002,"PACIFIC ST","GROVE ST",0.00,,Y,B,-,N,,,,,,,,,,N,4,0,1,2,A,-,09,21802,A,N,D,C,A,A,H,-,A,A,0,,,,,Y,,A,08,0,0,1,0,0,0,0,0,0,"- ","- ",,,MONTEREY,MONTEREY,-121.89920043945312,36.590751647949219
8626145,2018,2018-06-07,2706,2018-05-28,1850,826,2706+,1,5,4,2706,0,0,0,,0,002,"DEL MONTE AV","CAMINO EL ESTERO",542.00,E,N,A,-,N,,,,,,,,,,Y,4,0,1,4,A,-,05,21460,A,N,B,C,A,A,H,-,A,D,0,,,,,Y,Y,A,07,0,0,1,0,0,0,0,0,0,"- ","- ",,,MONTEREY,MONTEREY,-121.88545989990234,36.599941253662109
8626149,2018,2018-06-07,2706,2018-05-05,2019,816,MPD,6,5,4,2706,0,0,0,,0,001,"PACIFIC ST","SCOTT ST",0.00,,Y,A,-,N,,,,,,,,,,Y,3,0,1,2,A,-,09,21801,A,N,A,C,A,A,H,-,C,A,0,,,,,Y,Y,A,07,0,1,0,0,0,0,0,0,0,"- ","- ",,,MONTEREY,MONTEREY,-121.89537048339844,36.603179931640625
8632900,2018,2018-07-17,2706,2018-06-01,0048,128,2706,5,5,4,2706,0,0,0,,0,001,"LIGHTHOUSE AV","DICKMAN AV",165.00,S,N,A,-,N,,,,,,,,,,Y,3,0,2,1,A,-,01,23152,,N,E,J,A,A,H,-,C,D,0,,,,,Y,Y,-,"- ",0,1,1,0,0,0,0,0,0,"- ","- ",,,MONTEREY,MONTEREY,-121.89894104003906,36.610286712646484
8632954,2018,2018-06-13,2706,2018-06-01,1124,851,,5,5,4,2706,0,0,0,,0,003,"NORTH FREMONT ST","PALO VERDE AV",0.00,,Y,A,-,N,,,,,,,,,,N,4,0,1,2,A,-,07,21658,A,N,B,C,A,A,H,-,A,D,0,,,Y,,Y,,A,01,0,0,1,0,0,0,0,0,1,"- ","- ",,,MONTEREY,MONTEREY,-121.86551666259766,36.595771789550781
8633224,2018,2018-07-16,2703,2018-05-23,0508,5056,2703,3,5,2,2703,0,0,0,,0,ALL,"5TH ST","4TH ST",119.00,N,N,A,-,N,,,,,,,,,,N,4,0,1,3,A,-,"- ",,,N,B,C,A,A,H,-,B,D,0,,,,Y,Y,,A,01,0,0,1,0,0,0,0,0,0,"- ","- ",,,MONTEREY,GONZALES,-121.80016326904297,36.664878845214844
8633793,2018,2018-07-12,2712,2018-06-04,0754,1062,2712,1,5,3,2712,0,0,0,,0,001,"CRESCENT AV","RESERVATION RD",280.00,S,N,A,-,N,,,,,,,,,,Y,4,0,1,1,A,-,08,22107,,N,E,I,A,A,H,-,A,D,0,,,,,Y,,A,01,0,0,1,0,0,0,0,0,0,"- ","- ",,,MONTEREY,MARINA,-121.79233551025391,36.683151245117188
8636061,2018,2018-06-19,2701,2018-05-11,1803,195,2701,5,5,2,2701,0,0,0,,0,00N,"MISSION ST","4TH AV",185.00,S,N,A,-,N,,,,,,,,,,N,3,0,1,2,A,-,21,22106,,N,H,B,E,A,H,-,A,D,0,Y,,,,Y,Y,A,01,0,1,0,0,1,0,0,0,0,"- ","- ",,,MONTEREY,CARMEL,-121.92092895507812,36.557613372802734
8636069,2018,2018-06-19,2706,2018-05-30,0843,505,2706,3,5,4,2706,0,0,0,,0,001,"LIGHTHOUSE AV","IRVING AV",0.00,,Y,B,-,N,,,,,,,,,,Y,4,0,1,3,A,-,12,21453,A,N,D,C,A,A,H,-,A,A,0,,,,,Y,,A,07,0,0,1,0,0,0,0,0,0,"- ","- ",,,MONTEREY,MONTEREY,-121.90361785888672,36.615829467773438
8636128,2018,2018-06-21,2706,2018-06-02,0750,851,,6,5,4,2706,0,0,0,,0,003,"LIGHTHOUSE SB TUNNEL AV","PACIFIC ST",500.00,S,N,A,-,N,,,,,,,,,,Y,2,0,1,2,A,-,07,21658,A,N,B,C,A,A,H,-,A,D,0,,,,,Y,,A,01,1,0,0,0,0,0,0,0,0,"- ","- ",,,MONTEREY,MONTEREY,,
8636132,2018,2018-06-21,2706,2018-06-01,1736,826,2706,5,5,4,2706,0,0,0,,0,003,"NORTH FREMONT ST","AIRPORT RD",302.00,W,N,A,-,N,,,,,,,,,,N,4,0,1,2,A,-,04,21703,,N,C,C,A,A,H,-,A,D,0,,,,,Y,,A,01,0,0,1,0,0,0,0,0,0,"- ","- ",,,MONTEREY,MONTEREY,-121.85990142822266,36.596477508544922
8637559,2018,2018-06-15,2712,2018-05-28,1212,1062,2712,1,5,3,2712,0,0,0,,0,001,"RESERVATION RD","DE FOREST RD",120.00,W,N,A,-,N,,,,,,,,,,Y,4,0,2,3,A,-,03,22350,,N,C,C,A,A,H,-,A,A,0,,,,,Y,,A,08,0,0,2,0,0,0,0,0,0,"- ","- ",,,MONTEREY,MARINA,-121.79383087158203,36.684776306152344
8639063,2018,2018-07-13,2707,2018-05-23,0401,2234,2707,3,5,3,2707,0,0,0,,0,001,"FOREST AV","FOREST HILL BL",168.00,S,N,B,C,Y,,,,,,,,,,Y,2,0,2,1,C,-,18,,,N,A,I,A,B,H,-,C,D,0,,,,,Y,,-,"- ",1,1,0,0,0,0,0,0,0,"- ","- ",,,MONTEREY,"PACIFIC GROVE",-121.92204284667969,36.606681823730469
8639433,2018,2018-07-20,2705,2018-03-18,1208,K22959,2705,7,5,3,2705,0,0,0,,0,901,"BROADWAY ST","SAN ANTONIO DR",0.00,,Y,A,-,Y,MON,5,101,-,R,42.050,R,4,N,Y,4,0,2,2,A,-,03,22350,,N,C,C,A,A,H,-,A,A,0,,,,,Y,,A,01,0,0,2,0,0,0,0,0,0,"- ","- ",,,MONTEREY,"KING CITY",-121.14956665039062,36.197750091552734
8643543,2018,2018-07-02,2708,2018-02-27,1806,04113,,2,5,6,2708,0,0,0,,0,006,"NORTH MAIN ST","W MENKE ST",180.00,N,N,A,-,N,,,,,,,,,,N,4,0,1,2,A,-,21,22106,,N,C,C,A,A,H,-,B,A,0,,,,,Y,,I,11,0,0,1,0,0,0,0,0,0,"- ","- ",,,MONTEREY,SALINAS,-121.65343475341797,36.682651519775391
8643547,2018,2018-07-02,2708,2018-05-15,2202,54383,,2,5,6,2708,0,0,0,,0,,"COTTONWOOD CT","TUMBLEWEED DR",528.00,W,N,A,-,N,,,,,,,,,,Y,3,0,1,2,A,-,00,23136,A,N,C,C,A,A,H,-,C,D,0,,,,,Y,Y,-,,0,1,0,0,0,0,0,0,0,"- ","- ",,,MONTEREY,SALINAS,-121.60249328613281,36.700050354003906
8643551,2018,2018-07-03,2708,2018-05-17,0507,71713,,4,5,6,2708,0,0,0,,0,011,"BUCKHORN DR","BISON WY",0.00,,Y,A,-,N,,,,,,,,,,N,2,0,1,2,A,-,09,21802,A,N,D,C,A,A,H,-,B,D,0,,,,,Y,,A,01,1,0,0,0,0,0,0,0,0,"- ","- ",,,MONTEREY,SALINAS,-121.59706878662109,36.691551208496094
8643625,2018,2018-10-12,2708,2018-04-27,2000,59156,SALIN,5,5,6,2708,0,0,0,,0,006,"NORTH DAVIS RD","WESTRIDGE PKWY",600.00,S,N,A,-,N,,,,,,,,,,Y,4,0,2,2,A,-,03,22350,,F,C,C,A,A,H,-,B,D,0,,,,,Y,,-,,0,0,2,0,0,0,0,0,0,"- ","- ",,,MONTEREY,SALINAS,-121.66693878173828,36.702354431152344
8643629,2017,2018-06-28,2708,2017-04-23,1151,13133,,7,5,6,2708,0,0,0,,0,009,PAQJARO,"EAST ROMIE LN",150.00,N,N,A,-,N,,,,,,,,,,N,4,0,1,2,A,-,11,21954,A,N,G,B,D,A,H,-,A,D,0,Y,,,,Y,,N,60,0,0,1,0,1,0,0,0,0,"- ","- ",,,MONTEREY,SALINAS,,
8643633,2018,2018-08-22,2708,2018-04-17,2051,74122,,2,5,6,2708,0,0,0,,0,008,"NORTH MAIN ST","RT 183",0.00,,Y,B,-,Y,MON,5,183,-,-,0.710,I,5,N,Y,3,0,1,2,A,-,12,21453,A,N,B,C,A,A,H,-,C,A,0,,,,,Y,,A,01,0,1,0,0,0,0,0,0,0,"- ","- ",,,MONTEREY,SALINAS,-121.65650177001953,36.677768707275391
8643637,2018,2018-06-28,2708,2018-04-16,1500,37663,,1,5,6,2708,0,0,0,,0,011,"WILLIAMS RD","FREEDOM PKWY",40.00,N,N,A,-,N,,,,,,,,,,N,4,0,1,3,A,-,03,22350,,F,-,C,A,A,H,-,A,A,0,,,,,Y,,-,,0,0,1,0,0,0,0,0,0,"- ","- ",,,MONTEREY,SALINAS,-121.59658813476562,36.685684204101562
8643641,2017,2018-06-28,2708,2017-04-29,2130,54370,,6,5,6,2708,0,0,0,,0,012,"CROSS AV","MARKET ST",70.00,N,N,A,-,N,,,,,,,,,,N,3,0,1,2,A,-,11,21954,A,N,G,B,D,A,H,-,C,D,0,Y,,,,Y,,N,60,0,1,0,0,1,0,0,0,0,"- ","- ",,,MONTEREY,SALINAS,-121.61400496,36.674200900000002
8643645,2018,2018-07-10,2708,2018-05-05,2054,30348,SALIN,6,5,6,2708,0,0,0,,0,008,"NORTH MAIN ST","W MARKET",300.00,N,N,A,-,N,,,,,,,,,,Y,3,0,1,1,A,-,08,22107,,N,E,A,A,A,H,-,C,D,0,,,,,Y,,-,,0,1,0,0,0,0,0,0,0,"- ","- ",,,MONTEREY,SALINAS,-121.65528869628906,36.678245544433594
8643649,2018,2018-06-28,2708,2018-05-27,1627,19003,,7,5,6,2708,0,0,0,,0,003,"LOS COCHES AV","HUMBOLDT DR",0.00,,Y,A,-,N,,,,,,,,,,Y,4,0,1,2,A,-,01,23152,A,N,D,C,A,A,H,-,A,D,0,,,,,Y,Y,-,,0,0,1,0,0,0,0,0,0,"- ","- ",,,MONTEREY,SALINAS,-121.63043212890625,36.708259582519531
8643653,2018,2018-06-28,2708,2018-05-04,0442,30348,SALIN,5,5,6,2708,0,0,0,,0,011,"FREEDOM PKWY","SANBORN RD",0.00,,Y,A,-,N,,,,,,,,,,Y,4,0,1,1,D,-,00,,,N,F,A,A,A,H,-,C,A,0,,,,,Y,,-,"- ",0,0,1,0,0,0,0,0,0,"- ","- ",,,MONTEREY,SALINAS,-121.60134887695312,36.692131042480469
8643657,2018,2018-06-28,2708,2018-05-15,1511,98751,SALIN,2,5,6,2708,0,0,0,,0,011,"KILBRETH AV","DEL MONTE BL",463.00,N,N,A,-,N,,,,,,,,,,N,3,0,1,2,A,-,11,21954,A,N,G,B,D,A,H,-,A,D,0,Y,,,,Y,,N,60,0,1,0,0,1,0,0,0,0,"- ","- ",,,MONTEREY,SALINAS,-121.60917663574219,36.689029693603516
8643661,2018,2018-06-28,2708,2018-05-12,0907,71633,SALIN,6,5,6,2708,0,0,0,,0,009,"ABBOTT ST","SPICER ST",0.00,,Y,A,-,N,,,,,,,,,,Y,3,0,2,2,A,-,09,21801,A,N,D,C,A,A,H,-,A,D,0,,,,,Y,,-,,0,1,1,0,0,0,0,0,0,"- ","- ",,,MONTEREY,SALINAS,-121.64438629150391,36.666118621826172
8643665,2018,2018-06-28,2708,2018-05-13,2150,1900,,7,5,6,2708,0,0,0,,0,011,"NORTH SANBORN RD",BORONDA,1056.00,S,N,A,-,N,,,,,,,,,,Y,4,0,2,2,A,-,09,21804,A,N,D,D,A,A,H,-,C,D,0,,,,,Y,,-,,0,0,2,0,0,0,0,0,0,"- ","- ",,,MONTEREY,SALINAS,-121.59854888916016,36.693168640136719
8643682,2018,2018-06-28,2708,2018-05-03,1621,19003,,4,5,6,2708,0,0,0,,0,008,"EAST MARKET ST","GREENFIELD ALY",150.00,E,N,A,-,N,,,,,,,,,,Y,4,0,2,3,A,-,04,21703,,N,C,C,A,A,H,-,A,A,0,,,,,Y,,-,,0,0,2,0,0,0,0,0,0,"- ","- ",,,MONTEREY,SALINAS,-121.65212249755859,36.677165985107422
8643686,2018,2018-06-28,2708,2018-05-04,1250,37663,,5,5,6,2708,0,0,0,,0,002,"NAVAJO DR","NORTH MAIN ST",0.00,,Y,A,-,N,,,,,,,,,,N,3,0,1,2,A,-,05,21650,1,N,-,G,A,A,H,-,A,A,0,,Y,,,Y,,L,04,0,1,0,0,0,0,1,0,0,"- ","- ",,,MONTEREY,SALINAS,-121.65325164794922,36.705699920654297
8643690,2018,2018-06-28,2708,2018-05-23,2131,59989,SALIN,3,5,6,2708,0,0,0,,0,007,"W ALISAL ST","HOMESTEAD AV",0.00,,Y,A,-,N,,,,,,,,,,Y,3,0,2,2,A,-,12,21453,A,N,D,C,A,A,H,-,C,A,0,,,,,Y,,-,,0,2,0,0,0,0,0,0,0,"- ","- ",,,MONTEREY,SALINAS,-121.66438293457031,36.672519683837891
8643694,2018,2018-06-28,2708,2018-05-20,1330,06235,,7,5,6,2708,0,0,0,,0,007,"W ALISAL ST","CAPITOL ST",10.00,W,N,A,-,N,,,,,,,,,,Y,3,0,1,2,A,-,03,22350,,N,C,C,A,A,H,-,A,D,0,,,,,Y,,-,,0,1,0,0,0,0,0,0,0,"- ","- ",,,MONTEREY,SALINAS,-121.66011047363281,36.673103332519531
8643698,2018,2018-06-28,2708,2018-05-23,1625,30350,,3,5,6,2708,0,0,0,,0,010,"E ALISAL ST","SMITH ST",0.00,,Y,A,-,N,,,,,,,,,,N,4,0,1,2,A,-,03,22350,,N,C,C,A,A,H,-,A,D,0,,,,,Y,,-,,0,0,1,0,0,0,0,0,0,"- ","- ",,,MONTEREY,SALINAS,-121.63672637939453,36.673839569091797
8643702,2018,2018-06-28,2708,2018-05-22,1608,19003,,2,5,6,2708,0,0,0,,0,010,"NORTH SANBORN RD","EAST MARKET ST",300.00,N,N,A,-,N,,,,,,,,,,N,4,0,1,3,A,-,04,21703,,N,C,C,A,A,H,-,A,A,0,,,,,Y,,-,,0,0,1,0,0,0,0,0,0,"- ","- ",,,MONTEREY,SALINAS,-121.62662506103516,36.67718505859375
8643706,2018,2018-06-28,2708,2018-05-15,1738,58583,2708,2,5,6,2708,0,0,0,,0,004,"EAST ALVIN DR","LASSEN AV",5.00,N,N,A,-,N,,,,,,,,,,Y,2,0,1,2,A,-,09,21802,A,F,D,C,A,A,H,-,A,D,0,,,,,Y,,A,08,1,0,0,0,0,0,0,0,0,"- ","- ",,,MONTEREY,SALINAS,-121.63866424560547,36.70550537109375
8643710,2018,2018-06-28,2708,2018-05-24,1333,30347,2708,4,5,6,2708,0,0,0,,0,,"N SANBORN","DEL MONTE AV",0.00,,Y,A,-,N,,,,,,,,,,Y,2,0,3,2,A,-,09,21801,A,N,B,C,A,A,H,-,A,A,0,,,,,Y,,-,,1,2,0,0,0,0,0,0,0,"- ","- ",,,MONTEREY,SALINAS,-121.61081695556641,36.68865966796875
8643714,2018,2018-06-28,2708,2018-05-27,1552,85123,SALIN,7,5,6,2708,0,0,0,,0,010,"EAST MARKET ST","HEBBRON AV",255.00,E,N,A,-,N,,,,,,,,,,Y,3,0,2,3,A,-,09,21804,A,N,-,C,A,A,H,-,A,A,0,,,,,Y,,-,,0,1,1,0,0,0,0,0,0,"- ","- ",,,MONTEREY,SALINAS,-121.630859375,36.676464080810547
8643718,2018,2018-06-28,2708,2018-05-22,1549,19735,SALIN,2,5,6,2708,0,0,0,,0,006,"W ROSSI","RICO ST",15.00,E,N,A,-,N,,,,,,,,,,N,4,0,1,2,A,-,21,22106,,N,C,C,A,A,H,-,A,A,0,,,,,Y,,-,,0,0,1,0,0,0,0,0,0,"- ","- ",,,MONTEREY,SALINAS,-121.66146087646484,36.683914184570312
8643722,2018,2018-06-28,2708,2018-05-12,1301,75635,SALIN,6,5,6,2708,0,0,0,,0,,"ARCADIA ST","NATIVIDAD RD",15.00,W,N,A,-,N,,,,,,,,,,N,4,0,1,2,A,-,03,22350,,N,C,C,A,A,H,-,A,A,0,,,,,Y,,-,,0,0,1,0,0,0,0,0,0,"- ","- ",,,MONTEREY,SALINAS,-121.62436676025391,36.713550567626953
8643726,2018,2018-06-28,2708,2018-05-27,1207,74122,WPC,7,5,6,2708,0,0,0,,0,012,"MOFFETT ST","LA GUARDIA ST",1600.00,W,N,A,-,N,,,,,,,,,,N,3,0,1,2,A,-,11,21954,A,N,G,B,D,A,H,-,A,D,0,Y,,,,Y,,A,01,0,1,0,0,1,0,0,0,0,"- ","- ",,,MONTEREY,SALINAS,-121.61631774902344,36.660694122314453
8643730,2017,2018-06-28,2708,2017-05-13,1345,37663,,6,5,6,2708,0,0,0,,0,010,"CARR AV","TERRACE ST",150.00,N,N,A,-,N,,,,,,,,,,N,2,0,1,1,A,-,03,22350,,N,A,I,A,A,H,-,A,D,0,,,,,Y,,-,,1,0,0,0,0,0,0,0,0,"- ","- ",,,MONTEREY,SALINAS,-121.63515239,36.678985740000002
8643734,2018,2018-06-28,2708,2018-05-27,1122,87875,SPD,7,5,6,2708,0,0,0,,0,,"EAST MARKET ST",GRIFFIN,0.00,,Y,A,-,N,,,,,,,,,,Y,3,0,2,2,A,-,09,21801,A,N,A,C,A,A,H,-,A,A,0,,,,,Y,,-,"- ",0,2,0,0,0,0,0,0,0,"- ","- ",,,MONTEREY,SALINAS,-121.64494323730469,36.678958892822266
8643738,2018,2018-06-28,2708,2018-05-10,1548,30347,2708,4,5,6,2708,0,0,0,,0,005,"RAINIER DR",MODOC,14.00,E,N,A,-,N,,,,,,,,,,Y,2,0,1,2,A,-,08,22107,A,N,A,C,A,A,H,-,A,D,0,,,,,Y,,-,"- ",1,0,0,0,0,0,0,0,0,"- ","- ",,,MONTEREY,SALINAS,-121.63746643066406,36.701686859130859
8643741,2018,2018-06-29,2708,2018-05-01,2008,56525,SPD,2,5,6,2708,0,0,0,,0,010,"EAST LAUREL DR","ST EDWARDS AV",156.00,E,N,A,-,N,,,,,,,,,,Y,2,0,1,1,A,-,08,22107,,N,D,I,A,A,H,-,C,D,0,,,,,Y,,-,,1,0,0,0,0,0,0,0,0,"- ","- ",,,MONTEREY,SALINAS,-121.62287139892578,36.685943603515625
8643742,2018,2018-06-28,2708,2018-05-07,2233,73185,,1,5,6,2708,0,0,0,,0,004,"CONSTITUTION BL","MANCHESTER DR",0.00,,Y,A,-,N,,,,,,,,,,N,4,0,1,2,A,-,10,21950,A,N,G,B,B,A,H,-,D,D,0,Y,,,,Y,,-,,0,0,1,0,1,0,0,0,0,"- ","- ",,,MONTEREY,SALINAS,-121.62319183349609,36.700069427490234
8643745,2018,2018-06-29,2708,2018-05-17,1414,74122,SALIN,4,5,6,2708,0,0,0,,0,002,"N 1ST ST","WEST CURTIS ST",242.00,N,N,A,-,N,,,,,,,,,,N,4,0,1,2,A,-,08,22107,,N,G,G,A,A,H,-,A,D,0,,Y,,,Y,,-,"- ",0,0,1,0,0,0,1,0,0,"- ","- ",,,MONTEREY,SALINAS,-121.65501403808594,36.702136993408203
8643746,2018,2018-06-28,2708,2018-05-08,0824,69054,,2,5,6,2708,0,0,0,,0,007,"W ALISAL ST","HOMESTEAD AV",0.00,,Y,B,-,N,,,,,,,,,,Y,4,0,2,2,A,-,09,21801,A,N,D,C,A,A,H,-,A,A,0,,,,,Y,,-,,0,0,2,0,0,0,0,0,0,"- ","- ",,,MONTEREY,SALINAS,-121.66438293457031,36.672519683837891
8643749,2017,2018-06-29,2708,2017-05-04,0800,34245,,4,5,6,2708,0,0,0,,0,005,"EAST ALVIN DR","MCKINNON RD",50.00,W,N,A,-,N,,,,,,,,,,N,4,0,1,2,A,-,00,22658,A,N,G,G,A,A,H,-,A,A,0,,Y,,,Y,,-,,0,0,1,0,0,0,1,0,0,"- ","- ",,,MONTEREY,SALINAS,-121.6460131,36.707270289999997
8643750,2018,2018-06-28,2708,2018-05-10,1441,52823,,4,5,6,2708,0,0,0,,0,,"WEST BLANCO RD","PADRE DR",0.00,,Y,A,-,N,,,,,,,,,,N,4,0,2,2,A,-,09,21801,A,N,D,C,A,A,H,-,A,D,0,,,,,Y,,-,,0,0,2,0,0,0,0,0,0,"- ","- ",,,MONTEREY,SALINAS,-121.6622314453125,36.656429290771484