CASE_ID,ACCIDENT_YEAR,PROC_DATE,JURIS,COLLISION_DATE,COLLISION_TIME,OFFICER_ID,REPORTING_DISTRICT,DAY_OF_WEEK,CHP_SHIFT,POPULATION,CNTY_CITY_LOC,SPECIAL_COND,BEAT_TYPE,CHP_BEAT_TYPE,CITY_DIVISION_LAPD,CHP_BEAT_CLASS,BEAT_NUMBER,PRIMARY_RD,SECONDARY_RD,DISTANCE,DIRECTION,INTERSECTION,WEATHER_1,WEATHER_2,STATE_HWY_IND,CALTRANS_COUNTY,CALTRANS_DISTRICT,STATE_ROUTE,ROUTE_SUFFIX,POSTMILE_PREFIX,POSTMILE,LOCATION_TYPE,RAMP_INTERSECTION,SIDE_OF_HWY,TOW_AWAY,COLLISION_SEVERITY,NUMBER_KILLED,NUMBER_INJURED,PARTY_COUNT,PRIMARY_COLL_FACTOR,PCF_CODE_OF_VIOL,PCF_VIOL_CATEGORY,PCF_VIOLATION,PCF_VIOL_SUBSECTION,HIT_AND_RUN,TYPE_OF_COLLISION,MVIW,PED_ACTION,ROAD_SURFACE,ROAD_COND_1,ROAD_COND_2,LIGHTING,CONTROL_DEVICE,CHP_ROAD_TYPE,PEDESTRIAN_ACCIDENT,BICYCLE_ACCIDENT,MOTORCYCLE_ACCIDENT,TRUCK_ACCIDENT,NOT_PRIVATE_PROPERTY,ALCOHOL_INVOLVED,STWD_VEHTYPE_AT_FAULT,CHP_VEHTYPE_AT_FAULT,COUNT_SEVERE_INJ,COUNT_VISIBLE_INJ,COUNT_COMPLAINT_PAIN,COUNT_PED_KILLED,COUNT_PED_INJURED,COUNT_BICYCLIST_KILLED,COUNT_BICYCLIST_INJURED,COUNT_MC_KILLED,COUNT_MC_INJURED,PRIMARY_RAMP,SECONDARY_RAMP,LATITUDE,LONGITUDE,COUNTY,CITY,POINT_X,POINT_Y
8643753,2018,2018-06-29,2708,2018-05-23,0955,08775,,3,5,6,2708,0,0,0,,0,005,"ROSARITA DR","GRANADA AV",60.00,S,N,B,C,N,,,,,,,,,,N,3,0,1,2,A,-,21,22106,,N,D,C,A,-,H,-,A,D,0,,,,,Y,,A,01,0,1,0,0,0,0,0,0,0,"- ","- ",,,MONTEREY,SALINAS,-121.64496612548828,36.694026947021484
8643758,2018,2018-06-28,2708,2018-05-17,1914,35838,SALIN,4,5,6,2708,0,0,0,,0,012,"EAST LAUREL DR","TOWT ST",119.00,W,N,A,-,N,,,,,,,,,,Y,3,0,1,3,A,-,08,22107,,N,C,C,A,A,H,-,A,D,0,,,,,Y,,-,,0,1,0,0,0,0,0,0,0,"- ","- ",,,MONTEREY,SALINAS,-121.61790466308594,36.679466247558594
8643973,2018,2018-07-20,2708,2018-05-04,2148,07903,EAST,5,5,6,2708,0,0,0,,0,011,"NORTH SANBORN RD","FREEDOM PKWY",0.00,,Y,A,-,N,,,,,,,,,,N,4,0,1,2,A,-,09,21801,A,N,D,C,A,A,H,-,C,A,0,,,,,Y,,A,01,0,0,1,0,0,0,0,0,0,"- ","- ",36.692058563232422,-121.60127258300781,MONTEREY,SALINAS,-121.60134887695312,36.692131042480469
8644152,2018,2018-06-25,2712,2018-05-28,1232,1184,2712,1,5,3,2712,0,0,0,,0,001,"RESERVATION RD","CALIFORNIA AV",0.00,,Y,A,-,N,,,,,,,,,,Y,3,0,1,2,D,-,00,,,N,F,C,A,A,H,-,A,A,0,,,,,Y,,-,"- ",0,1,0,0,0,0,0,0,0,"- ","- ",,,MONTEREY,MARINA,-121.78488922119141,36.680599212646484
8645023,2018,2018-06-29,2706,2018-06-08,1033,395,2706,5,5,4,2706,0,0,0,,0,002,"MUNRAS AV","DEL MONTE CTR",0.00,,Y,A,-,N,,,,,,,,,,N,4,0,1,2,A,-,12,21453,A,N,D,C,A,A,H,-,A,A,0,,,,,Y,,A,08,0,0,1,0,0,0,0,0,0,"- ","- ",,,MONTEREY,MONTEREY,-121.90090179443359,36.584808349609375
8645046,2018,2018-06-29,2707,2018-06-08,1220,1445,01,5,5,3,2707,0,0,0,,0,001,"FOREST AV","BEAUMONT AV",81.00,N,N,A,-,N,,,,,,,,,,Y,4,0,1,2,A,-,05,21651,A,N,A,C,A,A,H,-,A,D,0,,,,,Y,,A,01,0,0,1,0,0,0,0,0,0,"- ","- ",,,MONTEREY,"PACIFIC GROVE",-121.92176055908203,36.612316131591797
8645074,2018,2018-06-29,2707,2018-06-06,1406,2245,2707,3,5,3,2707,0,0,0,,0,002,"CONGRESS AV","ROSEMONT AV",134.00,S,N,A,-,N,,,,,,,,,,Y,3,0,1,2,A,-,04,21703,,N,C,C,A,A,H,-,A,D,0,,,,,Y,,A,01,0,1,0,0,0,0,0,0,0,"- ","- ",,,MONTEREY,"PACIFIC GROVE",-121.92446136474609,36.614681243896484
8645091,2018,2018-06-28,2706,2018-06-05,1326,410,,2,5,4,2706,0,0,0,,0,002,"PEARL ST","TYLER ST",46.00,W,N,A,-,N,,,,,,,,,,N,4,0,1,2,A,-,21,22106,,N,B,C,A,A,H,-,A,A,0,,,,,Y,,A,01,0,0,1,0,0,0,0,0,0,"- ","- ",,,MONTEREY,MONTEREY,-121.89419555664062,36.597694396972656
8645095,2018,2018-06-28,2706,2018-06-14,1246,395,,4,5,4,2706,0,0,0,,0,002,"CAMINO EL ESTERO","DEL MONTE AV",71.00,S,N,A,-,N,,,,,,,,,,Y,4,0,1,2,A,-,09,21804,A,N,D,C,A,A,H,-,A,D,0,,,,,Y,,A,08,0,0,1,0,0,0,0,0,0,"- ","- ",,,MONTEREY,MONTEREY,-121.88734436035156,36.599746704101562
8645099,2018,2018-06-28,2706,2018-06-09,0028,128,2706,6,5,4,2706,0,0,0,,0,001,"LIGHTHOUSE AV","PRIVATE BOLIO GATE M",131.00,S,N,A,-,N,,,,,,,,,,Y,3,0,1,1,A,-,03,22350,,N,E,I,A,A,H,-,C,D,0,,,,,Y,,A,01,0,1,0,0,0,0,0,0,0,"- ","- ",,,MONTEREY,MONTEREY,,
8645103,2018,2018-06-28,2706,2018-06-06,1318,395,MPD,3,5,4,2706,0,0,0,,0,002,"FREMONT ST","ABREGO ST",0.00,,Y,A,-,N,,,,,,,,,,N,4,0,2,2,A,-,03,22350,,N,C,C,A,A,H,-,A,A,0,,,,,Y,,A,01,0,0,2,0,0,0,0,0,0,"- ","- ",,,MONTEREY,MONTEREY,-121.89218139648438,36.595249176025391
8645107,2018,2018-06-28,2706,2018-06-16,2040,635,MPD,6,5,4,2706,0,0,0,,0,003,"NORTH FREMONT ST","RAMONA AV",221.00,E,N,B,-,N,,,,,,,,,,N,4,0,1,2,A,-,03,22350,,F,C,C,A,A,H,-,A,D,0,,,,,Y,,A,07,0,0,1,0,0,0,0,0,0,"- ","- ",,,MONTEREY,MONTEREY,-121.85552215576172,36.597324371337891
8646252,2018,2018-07-09,2710,2018-04-19,1030,32771,,4,5,4,2710,0,0,0,,0,001,"FREMONT BL","HARCOURT AV",0.00,,Y,A,-,N,,,,,,,,,,N,4,0,1,2,A,-,10,21950,A,N,G,B,B,A,H,-,A,A,0,Y,,,,Y,,D,22,0,0,1,0,1,0,0,0,0,"- ","- ",,,MONTEREY,SEASIDE,-121.84825134277344,36.603801727294922
8646311,2018,2018-07-09,2710,2018-04-02,1740,32771,,1,5,4,2710,0,0,0,,0,001,"SONOMA AV","MESCAL ST",0.00,,N,B,-,N,,,,,,,,,,Y,3,0,1,3,A,-,03,22350,,N,A,E,A,A,H,-,A,D,0,,,Y,,Y,,C,02,0,1,0,0,0,0,0,0,1,"- ","- ",,,MONTEREY,SEASIDE,-121.82729339599609,36.605541229248047
8646500,2018,2018-07-05,2710,2018-04-17,1243,32771,,2,5,4,2710,0,0,0,,0,002,"FREMONT BL","PLAYA AV",23.00,N,N,A,-,N,,,,,,,,,,N,4,0,1,2,A,-,10,21950,A,N,G,B,B,A,H,-,A,A,0,Y,,,,Y,,A,07,0,0,1,0,1,0,0,0,0,"- ","- ",,,MONTEREY,SEASIDE,-121.84114074707031,36.618057250976562
8646504,2018,2018-07-05,2710,2018-04-16,1625,38383,,1,5,4,2710,0,0,0,,0,02A,"FREMONT BL","LOPEZ AV",44.00,S,N,B,-,N,,,,,,,,,,N,4,0,1,2,A,-,11,21954,A,N,D,B,D,A,-,-,A,D,0,Y,,,,Y,,N,60,0,0,1,0,1,0,0,0,0,"- ","- ",,,MONTEREY,SEASIDE,-121.84862518310547,36.603015899658203
8646508,2018,2018-07-05,2710,2018-04-11,0022,40391,MARIN,3,5,4,2710,0,0,0,,0,003,"GENERAL JIM MOORE BL","GIGLING RD",0.00,,Y,A,-,N,,,,,,,,,,Y,3,0,3,2,A,-,08,22107,,N,D,D,A,A,C,-,A,A,0,,,,,Y,,A,07,0,1,2,0,0,0,0,0,0,"- ","- ",,,MONTEREY,SEASIDE,,
8646512,2018,2018-07-05,2710,2018-04-18,1244,40405,,3,5,4,2710,0,0,0,,0,213,"FREMONT BL","CLEMENTINA AV",0.00,,Y,A,-,N,,,,,,,,,,Y,3,0,1,2,A,-,12,21453,A,N,D,C,A,A,H,-,A,A,0,,,,,Y,,A,01,0,1,0,0,0,0,0,0,0,"- ","- ",,,MONTEREY,SEASIDE,-121.84462738037109,36.610870361328125
8646516,2018,2018-08-22,2710,2018-04-08,0600,40392,,7,5,4,2710,0,0,0,,0,01B,"FREMONT BL","CANYON DEL REY BL",0.00,,Y,A,-,Y,MON,5,218,-,-,0.000,I,5,E,N,4,0,1,2,A,-,11,21950,B,N,D,G,A,A,H,-,C,A,0,,Y,,,Y,,L,04,0,0,1,0,0,0,1,0,0,"- ","- ",,,MONTEREY,SEASIDE,-121.85079193115234,36.598907470703125
8646520,2018,2018-07-05,2710,2018-04-06,1552,40405,,5,5,4,2710,0,0,0,,0,02B,"FREMONT BL","ECHO AV",10.00,N,N,C,-,N,,,,,,,,,,N,3,0,1,2,A,-,08,22107,,N,D,G,A,B,H,-,A,A,0,,Y,,,Y,,A,01,0,1,0,0,0,0,1,0,0,"- ","- ",,,MONTEREY,SEASIDE,-121.84300994873047,36.614025115966797
8646524,2018,2018-07-05,2710,2018-04-05,1541,40391,MARIN,4,5,4,2710,0,0,0,,0,003,CLEMENTINA,"FREMONT BL",0.00,,Y,A,-,N,,,,,,,,,,N,4,0,1,2,A,-,03,22350,,N,C,C,A,A,H,-,A,A,0,,,,,Y,,-,,0,0,1,0,0,0,0,0,0,"- ","- ",,,MONTEREY,SEASIDE,-121.84462738037109,36.610870361328125
8646528,2018,2018-07-05,2710,2018-04-03,1100,32771,,2,5,4,2710,0,0,0,,0,002,"FREMONT BL","ECHO AV",0.00,S,N,A,-,N,,,,,,,,,,N,4,0,1,3,A,-,03,22350,,N,C,C,A,A,H,-,A,A,0,,,,,Y,,A,01,0,0,1,0,0,0,0,0,0,"- ","- ",,,MONTEREY,SEASIDE,-121.843017578125,36.613998413085938
8646532,2018,2018-07-05,2710,2018-04-02,1958,40356,,1,5,4,2710,0,0,0,,0,003,"DEL MONTE BL","PLAYA AV",0.00,,Y,A,-,N,,,,,,,,,,N,4,0,1,2,A,-,12,21453,A,N,D,G,A,A,H,-,C,A,0,,Y,,,Y,,L,04,0,0,1,0,0,0,1,0,0,"- ","- ",,,MONTEREY,SEASIDE,-121.84262084960938,36.618499755859375
8646536,2018,2018-07-05,2710,2018-04-02,1059,33362,,1,5,4,2710,0,0,0,,0,,"DEL MONTE BL","CLEMENTINA AV",100.00,N,N,B,-,N,,,,,,,,,,Y,2,0,1,2,A,-,11,21954,A,N,G,B,D,A,H,-,A,D,0,Y,,,,Y,,N,60,1,0,0,0,1,0,0,0,0,"- ","- ",,,MONTEREY,SEASIDE,-121.84872436523438,36.611431121826172
8646708,2018,2018-07-03,2712,2018-06-04,2011,1188,1,1,5,3,2712,0,0,0,,0,001,"REINDOLLAR AV","CALIFORNIA AV",13.00,E,N,A,-,N,,,,,,,,,,N,3,0,3,4,A,-,10,21950,A,F,G,B,B,A,G,-,A,D,0,Y,,,,Y,,A,07,0,1,2,0,3,0,0,0,0,"- ","- ",,,MONTEREY,MARINA,-121.78961181640625,36.674140930175781
8647004,2018,2018-07-11,2706,2018-06-16,1932,608,MPD,6,5,4,2706,0,0,0,,0,002,"MUNRAS AV","TYLER ST",66.00,N,N,A,-,N,,,,,,,,,,N,3,0,1,2,A,-,11,21954,A,N,G,B,D,A,H,-,A,D,0,Y,,,,Y,,N,60,0,1,0,0,1,0,0,0,0,"- ","- ",,,MONTEREY,MONTEREY,-121.89437866210938,36.597118377685547
8647008,2018,2018-07-11,2706,2018-06-18,1351,505,2706,1,5,4,2706,0,0,0,,0,002,"DEL MONTE AV","PACIFIC ST",15.00,E,N,A,-,N,,,,,,,,,,N,4,0,1,2,A,-,21,22106,,N,C,C,A,A,H,-,A,A,0,,,,,Y,,A,01,0,0,1,0,0,0,0,0,0,"- ","- ",,,MONTEREY,MONTEREY,-121.89544677734375,36.60113525390625
8647012,2018,2018-07-11,2706,2018-06-20,1837,121,MPD,3,5,4,2706,0,0,0,,0,001,"LIGHTHOUSE AV","DICKMAN AV",15.00,S,N,A,-,N,,,,,,,,,,N,4,0,1,2,A,-,03,22350,,F,C,C,A,A,H,-,A,A,0,,,,,Y,Y,A,01,0,0,1,0,0,0,0,0,0,"- ","- ",,,MONTEREY,MONTEREY,-121.89923095703125,36.610626220703125
8647016,2018,2018-07-11,2706,2018-06-20,1638,826,2706,3,5,4,2706,0,0,0,,0,001,"PRIVATE BOLIO RD","LIGHTHOUSE AV",37.00,E,N,A,-,N,,,,,,,,,,N,3,0,1,2,A,-,03,22350,,N,C,C,A,A,H,-,A,D,0,,,Y,,Y,,A,01,0,1,0,0,0,0,0,0,1,"- ","- ",,,MONTEREY,MONTEREY,-121.89723205566406,36.608470916748047
8647214,2018,2018-07-09,2708,2018-03-30,1953,30350,,5,5,6,2708,0,0,0,,0,005,"EAST BERNAL DR","ROSARITA DR",40.00,E,N,A,-,N,,,,,,,,,,N,4,0,1,3,A,-,08,22107,,F,B,B,E,A,H,-,B,D,0,Y,,,,Y,Y,-,99,0,0,1,0,1,0,0,0,0,"- ","- ",,,MONTEREY,SALINAS,-121.64552307128906,36.691219329833984
8647444,2018,2018-07-02,2708,2018-04-22,0025,75561,SALIN,7,5,6,2708,0,0,0,,0,010,"EAST MARKET ST","KERN ST",0.00,,Y,A,-,N,,,,,,,,,,Y,3,0,1,2,A,-,12,21453,A,N,D,C,A,A,H,-,C,A,0,,,,,Y,,J,48,0,1,0,0,0,0,0,0,0,"- ","- ",,,MONTEREY,SALINAS,-121.64008331298828,36.677391052246094
8647448,2018,2018-07-02,2708,2018-05-20,0521,03185,,7,5,6,2708,0,0,0,,0,012,"2ND AV","TOWT ST",300.00,E,N,A,-,N,,,,,,,,,,Y,4,0,2,4,A,-,01,23152,A,N,A,E,A,A,H,-,C,D,0,,,,,Y,Y,-,,0,0,2,0,0,0,0,0,0,"- ","- ",,,MONTEREY,SALINAS,-121.62128448486328,36.674781799316406
8648061,2018,2018-08-24,2708,2018-06-14,1925,31968,,4,5,6,2708,0,0,0,,0,010,"N HEBBRON AV","JEFFERSON ST",113.00,S,N,A,-,N,,,,,,,,,,Y,1,1,0,2,A,-,11,21954,A,N,G,B,E,A,H,-,A,D,0,Y,,,,Y,,N,60,0,0,0,1,0,0,0,0,0,"- ","- ",,,MONTEREY,SALINAS,-121.63193511962891,36.675243377685547
8648136,2018,2018-09-24,2708,2018-07-08,0008,37923,,7,5,6,2708,0,0,0,,0,004,"OLD STAGE RD","MILE MARKER 16.3",315.00,E,N,A,-,N,,,,,,,,,,Y,1,1,0,1,A,-,01,23152,A,N,H,J,A,A,B,-,D,D,0,,,,,Y,Y,-,,0,0,0,0,0,0,0,0,0,"- ","- ",,,MONTEREY,SALINAS,,
8648280,2018,2018-10-25,2708,2018-09-14,0226,30348,SALIN,5,5,6,2708,0,0,0,,0,012,"ROY DIAZ ST","DE LA TORRE ST",208.00,N,N,A,-,N,,,,,,,,,,N,1,1,0,2,A,-,11,21954,A,F,G,B,D,A,H,-,C,D,0,Y,,,,Y,,N,60,0,0,0,1,0,0,0,0,0,"- ","- ",,,MONTEREY,SALINAS,-121.62178802490234,36.661849975585938
8648419,2017,2018-12-10,2710,2017-02-04,1828,40386,MARIN,6,5,4,2710,0,0,0,,0,011,"BROADWAY AV","HILLSDALE ST",0.00,,Y,A,-,N,,,,,,,,,,N,1,1,1,3,A,-,10,21950,A,N,G,B,D,A,H,-,C,A,0,Y,,,,Y,,D,22,1,0,0,1,1,0,0,0,0,"- ","- ",,,MONTEREY,SEASIDE,-121.85054988,36.609270100000003
8648427,2018,2018-12-18,2708,2018-10-10,1944,08225,,3,5,6,2708,0,0,0,,0,008,"W ALISAL ST","MAIN ST",0.00,,Y,A,-,N,,,,,,,,,,Y,1,1,0,2,A,-,11,21950,B,N,A,B,B,A,H,-,C,A,0,Y,,,,Y,,N,60,0,0,0,1,0,0,0,0,0,"- ","- ",,,MONTEREY,SALINAS,-121.65482330322266,36.673801422119141
8648580,2018,2019-02-13,2708,2018-01-08,0638,37923,,1,5,6,2708,0,0,0,,0,002,"W LAUREL","BALDWIN ST",250.00,E,N,C,-,N,,,,,,,,,,N,1,1,0,2,D,-,00,,,F,G,B,E,B,H,-,D,D,0,Y,,,,Y,,-,"- ",0,0,0,1,0,0,0,0,0,"- ","- ",,,MONTEREY,SALINAS,-121.65348052978516,36.699134826660156
8648740,2018,2018-08-17,2708,2018-05-05,0646,54353,,6,5,6,2708,0,0,0,,0,006,"EAST ROSSI ST","RT 183",0.00,,Y,A,-,Y,MON,5,183,-,-,0.430,I,5,S,Y,3,0,1,2,A,-,12,21453,A,F,D,D,A,A,H,-,A,D,0,,,,,Y,Y,-,,0,1,0,0,0,0,0,0,0,"- ","- ",,,MONTEREY,SALINAS,-121.65408325195312,36.680812835693359
8648750,2018,2018-08-16,2708,2018-05-21,1832,18923,,1,5,6,2708,0,0,0,,0,007,"WEST MARKET ST","VILLA ST",0.00,,Y,A,-,Y,MON,5,183,-,-,1.380,I,5,N,N,4,0,1,2,A,-,08,22107,,N,B,C,A,A,H,-,A,D,0,,,,,Y,,-,,0,0,1,0,0,0,0,0,0,"- ","- ",,,MONTEREY,SALINAS,-121.6663818359375,36.6815185546875
8648780,2018,2018-08-17,2708,2018-05-11,1729,18925,,5,5,6,2708,0,0,0,,0,006,"NORTH MAIN ST","E MENKE ST",166.00,N,N,A,-,Y,MON,5,183,-,-,0.270,H,-,N,N,4,0,1,2,A,-,09,21801,A,N,D,C,A,A,H,-,A,D,0,,,,,Y,,-,,0,0,1,0,0,0,0,0,0,"- ","- ",,,MONTEREY,SALINAS,-121.6533203125,36.6832275390625
8648784,2018,2018-08-17,2708,2018-05-25,1456,52823,,5,5,6,2708,0,0,0,,0,,"RT 68",CHESTNUT,54.00,S,N,B,-,Y,MON,5,68,-,-,20.820,H,-,W,N,4,0,3,4,A,-,04,21703,,M,C,C,A,A,H,-,A,D,0,,,,,Y,,-,,0,0,3,0,0,0,0,0,0,"- ","- ",,,MONTEREY,SALINAS,-121.65605926513672,36.667499542236328
8648967,2018,2018-08-06,2710,2018-04-17,0815,40391,MARIN,2,5,4,2710,0,0,0,,0,002,"ORD GROVE AV","GRANDVIEW ST",0.00,,Y,A,-,N,,,,,,,,,,Y,4,0,3,2,A,-,09,21802,A,N,D,C,A,A,H,-,A,D,0,,,,,Y,,A,01,0,0,3,0,0,0,0,0,0,"- ","- ",,,MONTEREY,SEASIDE,-121.83699035644531,36.619258880615234
8648970,2018,2019-02-12,2708,2018-05-08,0834,71633,SALIN,2,5,6,2708,0,0,0,,0,006,"RT 183","CASENTINI ST",50.00,N,N,A,-,Y,MON,5,183,-,-,0.190,H,-,N,N,4,0,1,2,A,-,03,22350,,N,C,C,A,A,H,-,A,A,0,,,,,Y,,-,,0,0,1,0,0,0,0,0,0,"- ","- ",,,MONTEREY,SALINAS,-121.65289306640625,36.684402465820312
8648976,2018,2018-07-10,2708,2018-04-25,1108,10122,,3,5,6,2708,0,0,0,,0,010,"E ALISAL ST","N WOOD",0.00,,Y,A,-,N,,,,,,,,,,N,4,0,1,2,A,-,12,21453,A,M,D,C,A,A,H,-,A,A,0,,,,,Y,,-,,0,0,1,0,0,0,0,0,0,"- ","- ",,,MONTEREY,SALINAS,-121.63539886474609,36.673698425292969
8649275,2018,2018-07-30,2706,2018-07-06,2138,826,2706,5,5,4,2706,0,0,0,,0,002,"PACIFIC ST","FRANKLIN ST",99.00,S,N,A,-,N,,,,,,,,,,Y,3,0,1,2,A,-,01,23152,A,N,C,C,A,A,H,-,C,A,0,,,,,Y,Y,A,01,0,1,0,0,0,0,0,0,0,"- ","- ",,,MONTEREY,MONTEREY,-121.89589691162109,36.599925994873047
8649540,2018,2018-08-28,2710,2018-05-09,1500,40401,MARIN,3,5,4,2710,0,0,0,,0,,"WARING ST","WANDA AV",0.00,N,N,A,-,N,,,,,,,,,,N,3,0,1,2,A,-,21,22106,,N,G,B,D,A,H,-,A,D,0,Y,,,,Y,,A,07,0,1,0,0,1,0,0,0,0,"- ","- ",,,MONTEREY,SEASIDE,-121.83473968505859,36.604141235351562
8649593,2018,2018-08-21,2710,2018-05-02,1551,36059,MARIN,3,5,4,2710,0,0,0,,0,,"BROADWAY AV","FREMONT BL",175.00,E,N,A,-,N,,,,,,,,,,N,4,0,1,2,A,-,04,21703,,N,C,C,A,A,H,-,A,D,0,,,,,Y,,A,01,0,0,1,0,0,0,0,0,0,"- ","- ",,,MONTEREY,SEASIDE,-121.84505462646484,36.609153747558594
8650033,2018,2018-09-07,2708,2018-07-05,0622,15963,,4,5,6,2708,0,0,0,,0,,"E ALISAL ST","NORTH SANBORN RD",5.00,E,N,B,-,N,,,,,,,,,,Y,4,0,3,3,A,-,03,22350,,N,D,C,A,A,G,-,B,A,0,,,,,Y,,J,48,0,0,3,0,0,0,0,0,0,"- ","- ",,,MONTEREY,SALINAS,-121.62742614746094,36.672908782958984
8650043,2018,2018-08-31,2710,2018-06-23,1621,40397,,6,5,4,2710,0,0,0,,0,003,"PLAYA AV","DEL MONTE BL",0.00,,Y,A,-,N,,,,,,,,,,N,4,0,1,2,A,-,03,22350,,N,C,C,A,A,H,-,A,A,0,,,,,Y,,A,01,0,0,1,0,0,0,0,0,0,"- ","- ",,,MONTEREY,SEASIDE,-121.84262084960938,36.618499755859375
8650134,2018,2018-09-06,2706,2018-08-05,1511,395,2706,7,5,4,2706,0,0,0,,0,003,"CAMINO AGUAJITO","7TH ST",0.00,,Y,A,-,N,,,,,,,,,,Y,4,0,1,2,A,-,09,21801,A,N,D,C,A,A,H,-,A,D,0,,,,,Y,,-,,0,0,1,0,0,0,0,0,0,"- ","- ",,,MONTEREY,MONTEREY,-121.88230133056641,36.594688415527344
8650587,2018,2018-09-17,2708,2018-07-09,1746,187875,,1,5,6,2708,0,0,0,,0,008,"SHERWOOD DR","ROSSI ST",800.00,N,N,A,-,N,,,,,,,,,,Y,2,0,3,2,A,-,09,21804,A,N,D,C,A,A,H,-,A,D,0,,,,,Y,,A,01,1,2,0,0,0,0,0,0,0,"- ","- ",,,MONTEREY,SALINAS,-121.64997863769531,36.682304382324219
8650636,2018,2018-09-28,2706,2018-07-17,1459,395,2706,2,5,4,2706,0,0,0,,0,002,"CAMINO EL ESTERO","WEBSTER ST",50.00,S,N,A,-,N,,,,,,,,,,N,3,0,1,2,A,-,09,21804,A,N,H,A,A,A,H,-,A,D,0,,,Y,,Y,,A,07,0,1,0,0,0,0,0,0,1,"- ","- ",,,MONTEREY,MONTEREY,-121.888916015625,36.596664428710938
8650700,2018,2018-09-28,2708,2018-07-28,0512,30348,MONTE,6,5,6,2708,0,0,0,,0,010,"WOOD ST","E ALISAL RD",6.00,W,N,A,-,N,,,,,,,,,,Y,4,0,1,2,A,-,12,21453,A,M,D,C,A,A,H,-,A,A,0,,,,,Y,,-,,0,0,1,0,0,0,0,0,0,"- ","- ",,,MONTEREY,SALINAS,-121.63540649414062,36.673683166503906
8651644,2018,2018-10-03,2708,2018-08-13,1944,15702,,1,5,6,2708,0,0,0,,0,008,"GRIFFIN ST","COMMISSION ST",0.00,,Y,B,-,N,,,,,,,,,,Y,3,0,3,2,A,-,09,21804,A,N,D,C,A,A,H,-,A,A,0,,,,,Y,,J,48,0,1,2,0,0,0,0,0,0,"- ","- ",,,MONTEREY,SALINAS,-121.64459228515625,36.678340911865234
8651758,2018,2018-10-10,2710,2018-07-27,1840,40409,,5,5,4,2710,0,0,0,,0,01B,"FREMONT BL","FRANCIS AV",118.00,S,N,B,-,N,,,,,,,,,,N,4,0,1,2,A,-,09,21804,A,N,G,B,F,A,H,-,A,D,0,Y,,,,Y,,A,01,0,0,1,0,1,0,0,0,0,"- ","- ",,,MONTEREY,SEASIDE,-121.8494873046875,36.601173400878906
8651776,2018,2018-10-08,2706,2018-08-31,0004,992,MPD,5,5,4,2706,0,0,0,,0,002,"DEL MONTE AV",WASHINGTON,85.00,W,N,A,-,N,,,,,,,,,,Y,2,0,1,1,A,-,01,23152,A,N,-,A,A,A,H,-,C,D,0,,,Y,,Y,Y,C,02,1,0,0,0,0,0,0,0,1,"- ","- ",,,MONTEREY,MONTEREY,-121.89262390136719,36.600696563720703
8651780,2018,2018-10-08,2706,2018-08-07,0719,123,2706,2,5,4,2706,0,0,0,,0,002,"MUNRAS AV","SOLEDAD DR",150.00,S,N,-,-,N,,,,,,,,,,N,3,0,1,1,A,-,03,22350,,N,E,I,A,-,-,-,-,A,0,,,Y,,Y,,C,03,0,1,0,0,0,0,0,0,1,"- ","- ",,,MONTEREY,MONTEREY,-121.90213012695312,36.583011627197266
8651784,2018,2018-10-08,2706,2018-08-18,1551,395,2706,6,5,4,2706,0,0,0,,0,002,"VETERANS DR","SKYLINE DR",500.00,E,N,A,-,N,,,,,,,,,,N,3,0,1,1,C,-,18,,,N,H,A,A,A,H,-,A,D,0,,,Y,,Y,,-,"- ",0,1,0,0,0,0,0,0,1,"- ","- ",,,MONTEREY,MONTEREY,,
8651915,2018,2018-10-09,2708,2018-08-06,1623,87875,,1,5,6,2708,0,0,0,,0,,"NORTH SANBORN RD","DEL MONTE",0.00,,Y,A,-,N,,,,,,,,,,Y,3,0,2,4,C,-,18,,,N,D,B,B,A,H,-,A,A,0,Y,,,,Y,,-,"- ",0,1,1,0,2,0,0,0,0,"- ","- ",,,MONTEREY,SALINAS,-121.61081695556641,36.68865966796875
8651919,2018,2018-10-09,2708,2018-08-18,1811,80368,SALIN,6,5,6,2708,0,0,0,,0,005,"WEST LAUREL DR","PARKSIDE ST",48.00,E,N,A,-,N,,,,,,,,,,N,2,0,1,2,A,-,08,22100,B,N,D,G,A,A,H,-,A,D,0,,Y,,,Y,,L,04,1,0,0,0,0,0,1,0,0,"- ","- ",,,MONTEREY,SALINAS,-121.65577697753906,36.698848724365234
8654030,2018,2018-08-15,2712,2018-06-08,0031,1033,2712,5,5,3,2712,0,0,0,,0,001,"IMJIN PKWY","CALIFORNIA AV",0.00,,Y,A,-,N,,,,,,,,,,Y,4,0,1,2,D,-,00,,,N,D,C,A,A,H,-,C,A,0,,,,,Y,,-,"- ",0,0,1,0,0,0,0,0,0,"- ","- ",,,MONTEREY,MARINA,-121.79685211181641,36.666168212890625
8654657,2018,2018-07-17,2706,2018-06-25,1314,395,2706,1,5,4,2706,0,0,0,,0,002,"PEARL ST","TYLER ST",14.00,E,N,A,-,N,,,,,,,,,,N,4,0,1,2,A,-,03,22350,,N,C,C,A,A,H,-,A,D,0,,,,,Y,,A,01,0,0,1,0,0,0,0,0,0,"- ","- ",,,MONTEREY,MONTEREY,-121.89398956298828,36.59771728515625
8654660,2018,2018-07-18,2706,2018-07-08,0916,851,,7,5,4,2706,0,0,0,,0,002,"SOLEDAD DR","MUNRAS AV",0.00,,Y,A,-,N,,,,,,,,,,Y,3,0,1,2,A,-,12,21453,A,N,B,C,A,A,H,-,A,A,0,,,,,Y,,A,01,0,1,0,0,0,0,0,0,0,"- ","- ",,,MONTEREY,MONTEREY,-121.90186309814453,36.583358764648438
8654668,2018,2018-07-17,2706,2018-07-05,2219,826,2706,4,5,4,2706,0,0,0,,0,001,"LIGHTHOUSE AV","HOFFMAN AV",148.00,N,N,A,-,N,,,,,,,,,,N,2,0,1,2,A,-,11,21955,,N,G,B,D,A,H,-,C,D,0,Y,,,,Y,Y,N,60,1,0,0,0,1,0,0,0,0,"- ","- ",,,MONTEREY,MONTEREY,-121.90199279785156,36.613895416259766