CASE_ID,ACCIDENT_YEAR,PROC_DATE,JURIS,COLLISION_DATE,COLLISION_TIME,OFFICER_ID,REPORTING_DISTRICT,DAY_OF_WEEK,CHP_SHIFT,POPULATION,CNTY_CITY_LOC,SPECIAL_COND,BEAT_TYPE,CHP_BEAT_TYPE,CITY_DIVISION_LAPD,CHP_BEAT_CLASS,BEAT_NUMBER,PRIMARY_RD,SECONDARY_RD,DISTANCE,DIRECTION,INTERSECTION,WEATHER_1,WEATHER_2,STATE_HWY_IND,CALTRANS_COUNTY,CALTRANS_DISTRICT,STATE_ROUTE,ROUTE_SUFFIX,POSTMILE_PREFIX,POSTMILE,LOCATION_TYPE,RAMP_INTERSECTION,SIDE_OF_HWY,TOW_AWAY,COLLISION_SEVERITY,NUMBER_KILLED,NUMBER_INJURED,PARTY_COUNT,PRIMARY_COLL_FACTOR,PCF_CODE_OF_VIOL,PCF_VIOL_CATEGORY,PCF_VIOLATION,PCF_VIOL_SUBSECTION,HIT_AND_RUN,TYPE_OF_COLLISION,MVIW,PED_ACTION,ROAD_SURFACE,ROAD_COND_1,ROAD_COND_2,LIGHTING,CONTROL_DEVICE,CHP_ROAD_TYPE,PEDESTRIAN_ACCIDENT,BICYCLE_ACCIDENT,MOTORCYCLE_ACCIDENT,TRUCK_ACCIDENT,NOT_PRIVATE_PROPERTY,ALCOHOL_INVOLVED,STWD_VEHTYPE_AT_FAULT,CHP_VEHTYPE_AT_FAULT,COUNT_SEVERE_INJ,COUNT_VISIBLE_INJ,COUNT_COMPLAINT_PAIN,COUNT_PED_KILLED,COUNT_PED_INJURED,COUNT_BICYCLIST_KILLED,COUNT_BICYCLIST_INJURED,COUNT_MC_KILLED,COUNT_MC_INJURED,PRIMARY_RAMP,SECONDARY_RAMP,LATITUDE,LONGITUDE,COUNTY,CITY,POINT_X,POINT_Y
8656229,2018,2018-08-09,2706,2018-05-16,1330,851,,3,5,4,2706,0,0,0,,0,002,"ALVARADO ST","FRANKLIN ST",16.00,S,N,A,-,N,,,,,,,,,,N,4,0,1,2,A,-,03,22350,,N,C,C,A,A,H,-,A,A,0,,,,Y,Y,,F,25,0,0,1,0,0,0,0,0,0,"- ","- ",,,MONTEREY,MONTEREY,-121.89433288574219,36.599925994873047
8656507,2018,2018-08-20,2708,2018-06-24,1450,03581,,7,5,6,2708,0,0,0,,0,003,"NATIVIDAD RD","CHAPARRAL ST",28.00,N,N,A,-,N,,,,,,,,,,N,4,0,1,2,A,-,04,21703,,N,C,C,A,A,H,-,A,A,0,,,,,Y,Y,-,,0,0,1,0,0,0,0,0,0,"- ","- ",,,MONTEREY,SALINAS,-121.63446044921875,36.700187683105469
8656511,2018,2018-08-30,2708,2018-06-23,2057,80368,2708,6,5,6,2708,0,0,0,,0,012,"WILLIAMS RD","EAST MARKET ST",0.00,,Y,A,-,N,,,,,,,,,,Y,4,0,2,2,A,-,12,21453,A,N,D,C,A,A,H,-,C,A,0,,,,,Y,,A,07,0,0,2,0,0,0,0,0,0,"- ","- ",,,MONTEREY,SALINAS,-121.61505889892578,36.675079345703125
8656515,2018,2018-08-17,2708,2018-06-27,1911,85123,SALIN,3,5,6,2708,0,0,0,,0,010,"E ALISAL ST","N HEBBRON AV",0.00,,Y,A,-,N,,,,,,,,,,N,3,0,1,2,A,-,03,22350,,F,-,C,A,A,H,-,A,A,0,,,,,Y,,-,,0,1,0,0,0,0,0,0,0,"- ","- ",,,MONTEREY,SALINAS,-121.63224792480469,36.673381805419922
8656519,2018,2018-08-20,2708,2018-06-30,1223,85123,SALIN,6,5,6,2708,0,0,0,,0,002,"W ALVIN DR","N 1ST ST",140.00,E,N,A,-,N,,,,,,,,,,N,3,0,2,3,A,-,10,21950,A,N,-,B,D,A,H,-,A,A,0,Y,,,,Y,,-,,0,2,0,0,2,0,0,0,0,"- ","- ",,,MONTEREY,SALINAS,-121.65556335449219,36.70758056640625
8656523,2018,2018-08-20,2708,2018-06-29,1803,59989,SALIN,5,5,6,2708,0,0,0,,0,008,"SHERWOOD DR","CALLE CEBU",433.00,N,N,A,-,N,,,,,,,,,,N,4,0,1,2,A,-,08,22107,,N,B,C,A,A,H,-,A,D,0,,,,,Y,,-,,0,0,1,0,0,0,0,0,0,"- ","- ",,,MONTEREY,SALINAS,-121.65047454833984,36.681385040283203
8656527,2016,2018-08-17,2708,2016-06-15,2022,59156,SALIN,3,5,6,2708,0,0,0,,0,007,"WEST BLANCO RD","LUTHER WY",0.00,,Y,B,-,N,,,,,,,,,,N,4,0,3,2,A,-,09,21802,A,N,D,C,A,A,H,-,B,D,0,,,,,Y,,-,,0,0,3,0,0,0,0,0,0,"- ","- ",,,MONTEREY,SALINAS,-121.67322998,36.66224004
8656531,2018,2018-08-31,2708,2018-06-20,1445,56793,,3,5,6,2708,0,0,0,,0,012,"WILLIAMS RD","E ALISAL ST",0.00,,Y,A,-,N,,,,,,,,,,N,4,0,2,2,A,-,09,21801,A,N,D,C,A,A,H,-,A,A,0,,,,,Y,,-,,0,0,2,0,0,0,0,0,0,"- ","- ",,,MONTEREY,SALINAS,-121.61990356445312,36.672161102294922
8656535,2018,2018-08-20,2708,2018-06-07,1119,75635,SALIN,4,5,6,2708,0,0,0,,0,,"WEST LAUREL DR","HUNTINGTON ST",0.00,,Y,A,-,N,,,,,,,,,,Y,3,0,1,2,A,-,09,21801,A,N,D,C,A,A,H,-,A,D,0,,,,,Y,,-,,0,1,0,0,0,0,0,0,0,"- ","- ",,,MONTEREY,SALINAS,-121.6536865234375,36.699111938476562
8656539,2018,2018-08-30,2708,2018-06-01,1313,71507,,5,5,6,2708,0,0,0,,0,010,"N HEBBRON AV","EAST ST",50.00,S,N,A,-,N,,,,,,,,,,N,2,0,1,2,A,-,10,21950,A,N,G,B,D,A,H,-,A,D,0,Y,,,,Y,,-,,1,0,0,0,1,0,0,0,0,"- ","- ",,,MONTEREY,SALINAS,-121.63210296630859,36.674411773681641
8656543,2018,2018-08-20,2708,2018-06-25,0527,18945,,1,5,6,2708,0,0,0,,0,002,"OSAGE DR","N 1ST ST",0.00,,Y,B,-,N,,,,,,,,,,Y,4,0,1,2,A,-,03,22350,,N,C,C,A,A,H,-,B,D,0,,,,,Y,,-,,0,0,1,0,0,0,0,0,0,"- ","- ",,,MONTEREY,SALINAS,-121.65586853027344,36.706729888916016
8656547,2018,2018-08-20,2708,2018-06-22,1635,97440,,5,5,6,2708,0,0,0,,0,,"NORTH SANBORN RD","GARNER AV",0.00,,Y,A,-,N,,,,,,,,,,Y,3,0,1,2,A,-,10,21950,A,N,G,B,B,A,H,-,A,A,0,Y,,,,Y,,-,,0,1,0,0,1,0,0,0,0,"- ","- ",,,MONTEREY,SALINAS,-121.61514282226562,36.686210632324219
8656551,2018,2018-09-18,2708,2018-06-02,1334,57533,,6,5,6,2708,0,0,0,,0,008,E.ALISAL,"PAJARO RD",0.00,,Y,A,-,N,,,,,,,,,,Y,3,0,2,2,A,-,12,21453,A,N,D,C,A,A,H,-,-,A,0,,,,,Y,,-,"- ",0,2,0,0,0,0,0,0,0,"- ","- ",,,MONTEREY,SALINAS,-121.65255737304688,36.674121856689453
8656555,2018,2018-08-20,2708,2018-06-03,0030,00873,12,7,5,6,2708,0,0,0,,0,012,"N SANBORN",CIRCLE,0.00,,Y,A,-,N,,,,,,,,,,N,3,0,1,2,A,-,03,22350,,F,C,C,A,A,H,-,C,-,0,,,,,Y,,A,01,0,1,0,0,0,0,0,0,0,"- ","- ",,,MONTEREY,SALINAS,-121.62525939941406,36.679008483886719
8656559,2018,2018-08-20,2708,2018-06-07,2109,25182,,4,5,6,2708,0,0,0,,0,002,"EAST BORONDA RD","MCKINNON ST",550.00,W,N,A,-,N,,,,,,,,,,Y,3,0,5,4,A,-,01,23152,A,N,C,C,A,A,H,-,C,A,0,,,,,Y,Y,-,,0,1,4,0,0,0,0,0,0,"- ","- ",,,MONTEREY,SALINAS,-121.6455078125,36.717338562011719
8657183,2018,2018-09-21,2706,2018-07-27,2308,608,2706,5,5,4,2706,0,0,0,,0,001,"LIGHTHOUSE AV","DRAKE AV",0.00,,Y,A,-,N,,,,,,,,,,Y,4,0,1,2,A,-,12,21453,A,N,D,C,A,A,H,-,C,A,0,,,,,Y,,A,01,0,0,1,0,0,0,0,0,0,"- ","- ",,,MONTEREY,MONTEREY,-121.89994049072266,36.6114501953125
8657187,2018,2018-09-21,2706,2018-07-18,1752,123,2706,3,5,4,2706,0,0,0,,0,003,"NORTH FREMONT ST","CASANOVA AV",8.00,W,N,A,-,N,,,,,,,,,,N,2,0,1,2,A,-,11,21456,C,N,G,B,B,A,H,-,A,A,0,Y,,,,Y,,N,60,1,0,0,0,1,0,0,0,0,"- ","- ",,,MONTEREY,MONTEREY,-121.85325622558594,36.597667694091797
8658349,2018,2018-08-28,2706,2018-07-30,1434,851,,1,5,4,2706,0,0,0,,0,001,"LIGHTHOUSE AV",DELMONTE,1000.00,N,N,A,-,N,,,,,,,,,,N,4,0,1,2,A,-,03,22350,,N,C,C,A,A,H,-,C,D,0,,,,,Y,,D,22,0,0,1,0,0,0,0,0,0,"- ","- ",,,MONTEREY,MONTEREY,-121.92832946777344,36.626640319824219
8658457,2018,2018-08-14,2708,2018-03-28,2029,74686,,3,5,6,2708,0,0,0,,0,,"LOS PALOS DR","EAST ROMIE LN",0.00,,Y,A,-,N,,,,,,,,,,N,3,0,1,2,A,-,05,21650,1,N,D,G,A,A,H,-,C,A,0,,Y,,,Y,,L,04,0,1,0,0,0,0,1,0,0,"- ","- ",,,MONTEREY,SALINAS,-121.64466094970703,36.659610748291016
8660360,2018,2018-07-17,2707,2018-07-04,1008,2254,2707,3,5,3,2707,0,0,0,,0,002,"OCEAN VIEW BL","DEWEY AV",0.00,,Y,B,-,N,,,,,,,,,,N,3,0,2,2,B,-,22,,,N,D,G,F,A,H,-,A,D,0,Y,Y,,,Y,,N,60,0,2,0,0,1,0,1,0,0,"- ","- ",,,MONTEREY,"PACIFIC GROVE",-121.90518951416016,36.619770050048828
8660868,2018,2018-08-15,2706,2018-06-18,1137,395,2706,1,5,4,2706,0,0,0,,0,003,"RT 68","OLMSTED RD",1000.00,E,N,A,-,Y,MON,5,68,-,-,5.760,H,-,W,N,4,0,1,2,C,-,18,,,N,-,C,A,A,H,-,A,D,0,,,,,Y,,-,"- ",0,0,1,0,0,0,0,0,0,"- ","- ",,,MONTEREY,MONTEREY,-121.84648895263672,36.583271026611328
8661620,2018,2018-08-03,2710,2018-05-26,0119,40404,,6,5,4,2710,0,0,0,,0,01B,"FLORES ST","LA SALLE AV",144.00,S,N,C,-,N,,,,,,,,,,Y,3,0,1,4,A,-,"- ",,,N,B,E,A,B,H,-,C,D,0,,,,,Y,,A,01,0,1,0,0,0,0,0,0,0,"- ","- ",,,MONTEREY,SEASIDE,-121.83376312255859,36.616313934326172
8661624,2018,2018-10-04,2710,2018-05-26,1640,40400,,6,5,4,2710,0,0,0,,0,02B,"FREMONT BL","FREMONT BL 1700 BLOCK",0.00,,-,A,-,N,,,,,,,,,,Y,4,0,1,3,A,-,01,23152,A,N,C,C,A,A,H,-,A,A,0,,,,Y,Y,Y,A,01,0,0,1,0,0,0,0,0,0,"- ","- ",,,MONTEREY,SEASIDE,,
8662696,2018,2018-07-26,2708,2018-02-26,1747,31968,,1,5,6,2708,0,0,0,,0,010,TOWT,"BELLEHAVEN ST",30.00,S,N,A,-,N,,,,,,,,,,N,4,0,1,2,A,-,09,21804,A,N,-,C,A,A,H,-,B,D,0,,,,,Y,,-,,0,0,1,0,0,0,0,0,0,"- ","- ",,,MONTEREY,SALINAS,-121.61449432373047,36.681011199951172
8662839,2018,2018-07-25,2706,2018-06-30,1519,395,2706,6,5,4,2706,0,0,0,,0,002,"LIGHTHOUSE AV","PRIVATE BOLIO RD",2100.00,S,N,A,-,N,,,,,,,,,,N,4,0,1,2,A,-,03,22350,,N,C,C,A,A,H,-,A,D,0,,,,,Y,,A,08,0,0,1,0,0,0,0,0,0,"- ","- ",,,MONTEREY,MONTEREY,-121.89437103271484,36.604015350341797
8664687,2018,2018-07-26,2710,2018-05-24,1740,40396,,4,5,4,2710,0,0,0,,0,002,"SAN PABLO CT","SAN PABLO AV",0.00,,Y,A,-,N,,,,,,,,,,N,4,0,1,2,A,-,08,22107,,N,G,B,D,A,H,-,A,D,0,Y,,,,Y,,A,01,0,0,1,0,1,0,0,0,0,"- ","- ",,,MONTEREY,SEASIDE,-121.84085845947266,36.614879608154297
8664691,2018,2018-07-26,2710,2018-05-22,1615,40391,MARIN,2,5,4,2710,0,0,0,,0,002,"LA SALLE AV","LUZERN ST",0.00,,Y,A,-,N,,,,,,,,,,Y,4,0,1,2,A,-,09,21802,A,N,D,D,A,A,H,-,A,A,0,,,,,Y,,A,01,0,0,1,0,0,0,0,0,0,"- ","- ",,,MONTEREY,SEASIDE,-121.8311767578125,36.616691589355469
8664695,2018,2018-07-27,2710,2018-05-10,1902,40408,,4,5,4,2710,0,0,0,,0,01B,"PHOENIX AV","GOODWIN ST",0.00,,Y,A,-,N,,,,,,,,,,Y,3,0,3,2,A,-,09,21802,A,N,D,C,A,A,H,-,A,A,0,,,,,Y,,A,01,0,1,2,0,0,0,0,0,0,"- ","- ",,,MONTEREY,SEASIDE,-121.8394775390625,36.613231658935547
8664699,2018,2018-07-27,2710,2018-05-08,1618,36059,MARIN,2,5,4,2710,0,0,0,,0,,"DEL MONTE BL","BROADWAY AV",11.00,N,N,A,-,N,,,,,,,,,,Y,3,0,1,2,A,-,08,22107,,F,D,C,A,A,H,-,A,A,0,,,Y,,Y,,A,01,0,1,0,0,0,0,0,0,1,"- ","- ",,,MONTEREY,SEASIDE,-121.85269927978516,36.609409332275391
8664703,2018,2018-07-27,2710,2018-05-02,2224,40411,MARIN,3,5,4,2710,0,0,0,,0,004,"COLONEL DURHAM ST","6TH AV",9.00,W,N,A,-,N,,,,,,,,,,N,4,0,1,2,A,-,12,22450,,F,D,C,A,A,H,-,C,A,0,,,,,Y,,-,99,0,0,1,0,0,0,0,0,0,"- ","- ",,,MONTEREY,SEASIDE,,
8664707,2018,2018-07-27,2710,2018-05-02,0838,40391,MARIN,3,5,4,2710,0,0,0,,0,001,"LORENZO CT","KIMBALL AV",304.00,S,N,A,-,N,,,,,,,,,,Y,2,0,2,2,A,-,08,22107,,N,B,E,A,A,H,-,A,D,0,,,,,Y,,A,01,1,1,0,0,0,0,0,0,0,"- ","- ",,,MONTEREY,SEASIDE,-121.84744262695312,36.598903656005859
8664836,2018,2018-08-23,2706,2018-07-13,1624,851,2706,5,5,4,2706,0,0,0,,0,002,"MUNRAS AV","CASS ST",0.00,,Y,A,-,N,,,,,,,,,,Y,3,0,1,2,A,-,09,21801,A,N,D,C,A,A,H,-,A,D,0,,,,,Y,,A,01,0,1,0,0,0,0,0,0,0,"- ","- ",,,MONTEREY,MONTEREY,-121.89774322509766,36.588871002197266
8664840,2018,2018-08-23,2706,2018-07-13,1445,851,,5,5,4,2706,0,0,0,,0,001,"FOAM ST","IRVING AV",0.00,,Y,A,-,N,,,,,,,,,,Y,4,0,1,2,A,-,12,21453,A,N,D,C,A,A,H,-,A,A,0,,,,,Y,,A,01,0,0,1,0,0,0,0,0,0,"- ","- ",,,MONTEREY,MONTEREY,-121.90280151367188,36.616279602050781
8664844,2018,2018-08-23,2706,2018-07-04,1113,177,MPD,3,5,4,2706,0,0,0,,0,001,"PACIFIC ST","DEL MONTE AV",38.00,S,N,A,-,N,,,,,,,,,,N,4,0,1,2,A,-,03,22350,,N,C,C,A,A,H,-,A,A,0,,,,,Y,,A,07,0,0,1,0,0,0,0,0,0,"- ","- ",,,MONTEREY,MONTEREY,-121.89553070068359,36.601039886474609
8665212,2018,2018-09-12,2704,2018-07-04,2302,5382,,3,5,3,2704,0,0,0,,0,002,"PALM AV","6TH ST",0.00,,Y,A,-,N,,,,,,,,,,Y,4,0,1,1,A,-,03,22350,,F,E,I,A,A,H,-,C,D,0,,,,,Y,,A,01,0,0,1,0,0,0,0,0,0,"- ","- ",,,MONTEREY,GREENFIELD,-121.24153900146484,36.324111938476562
8665293,2018,2018-09-04,2708,2018-06-01,1002,87875,2708,5,5,6,2708,0,0,0,,0,,BLANCO,RIKER,500.00,W,N,A,-,N,,,,,,,,,,Y,3,0,1,2,A,-,03,22350,,N,C,C,A,A,H,-,A,D,0,,,,,Y,,A,01,0,1,0,0,0,0,0,0,0,"- ","- ",,,MONTEREY,SALINAS,-121.66600799560547,36.659976959228516
8665364,2017,2018-07-31,2708,2017-05-29,2138,31967,SALIN,1,5,6,2708,0,0,0,,0,011,"NORTH SAN BORN RD","FREEDOM PKWY",0.00,,Y,A,-,N,,,,,,,,,,N,4,0,1,2,A,-,03,22350,,N,C,C,A,A,H,-,C,B,0,,,,,Y,,-,,0,0,1,0,0,0,0,0,0,"- ","- ",,,MONTEREY,SALINAS,-121.60134986,36.692130040000002
8665368,2017,2018-07-31,2708,2017-05-12,1800,56525,SALIN,5,5,6,2708,0,0,0,,0,012,"MACHADO WY","MONTANA ST",21.00,N,N,A,-,N,,,,,,,,,,N,4,0,1,2,A,-,00,21954,,N,G,B,D,A,H,-,A,D,0,Y,,,,Y,,N,60,0,0,1,0,1,0,0,0,0,"- ","- ",,,MONTEREY,SALINAS,-121.61671113,36.683032859999997
8665443,2017,2018-08-06,2708,2017-06-18,1629,25182,,7,5,6,2708,0,0,0,,0,002,"EAST BORONDA RD","SAN JUAN GRADE RD",260.00,E,N,A,-,N,,,,,,,,,,,4,0,1,2,A,-,05,21650,1,N,-,G,A,A,H,-,A,A,0,,Y,,,Y,,L,04,0,0,1,0,0,0,1,0,0,"- ","- ",,,MONTEREY,SALINAS,-121.65059709000001,36.719251499999999
8665447,2018,2018-08-06,2708,2018-06-30,1417,37663,,6,5,6,2708,0,0,0,,0,011,"TOWT ST","CORTER ST",350.00,N,N,A,-,N,,,,,,,,,,N,3,0,2,5,A,-,09,21804,A,N,D,C,E,A,H,-,A,D,0,Y,,,,Y,,-,,0,1,1,0,1,0,0,0,0,"- ","- ",,,MONTEREY,SALINAS,,
8665451,2018,2018-08-06,2708,2018-06-23,1817,25182,,6,5,6,2708,0,0,0,,0,003,"EAST BORONDA RD","MCKINNON ST",820.00,E,N,A,-,N,,,,,,,,,,Y,4,0,1,2,A,-,03,22350,,N,C,C,A,A,H,-,A,A,0,,,,,Y,,-,,0,0,1,0,0,0,0,0,0,"- ","- ",,,MONTEREY,SALINAS,-121.64091491699219,36.716640472412109
8665455,2018,2018-08-09,2708,2018-06-23,1309,71633,SALIN,6,5,6,2708,0,0,0,,0,006,"VICTOR ST","POTRERO WY",0.00,,Y,A,-,N,,,,,,,,,,N,4,0,1,3,A,-,04,21703,,N,C,C,A,A,H,-,A,D,0,,,,,Y,,-,,0,0,1,0,0,0,0,0,0,"- ","- ",,,MONTEREY,SALINAS,-121.66557312011719,36.688621520996094
8665456,2018,2018-09-18,2708,2018-06-09,1437,87875,,6,5,6,2708,0,0,0,,0,,"BLANCO RD","RIKER ST",0.00,,Y,A,-,N,,,,,,,,,,Y,3,0,2,2,A,-,12,21453,A,N,D,C,A,A,H,-,A,A,0,,,,,Y,,A,01,0,2,0,0,0,0,0,0,0,"- ","- ",,,MONTEREY,SALINAS,-121.66512298583984,36.658821105957031
8665460,2018,2018-07-31,2708,2018-06-11,1810,54383,,1,5,6,2708,0,0,0,,0,002,"REGENCY CIR","HARDEN PKWY",0.00,,Y,A,-,N,,,,,,,,,,N,3,0,1,2,A,-,10,21950,A,N,G,B,B,A,H,-,A,D,0,Y,,,,Y,,A,01,0,1,0,0,1,0,0,0,0,"- ","- ",,,MONTEREY,SALINAS,-121.64926147460938,36.713470458984375
8665464,2018,2018-07-31,2708,2018-06-10,1119,06235,,7,5,6,2708,0,0,0,,0,001,"RUSSELL RD","VAN BUREN AV",0.00,,Y,A,-,N,,,,,,,,,,Y,3,0,2,2,D,-,00,,,N,A,C,A,A,H,-,A,A,0,,,,,Y,,-,"- ",0,2,0,0,0,0,0,0,0,"- ","- ",,,MONTEREY,SALINAS,-121.64804840087891,36.732128143310547
8665468,2018,2018-07-31,2708,2018-06-13,1859,19003,,3,5,6,2708,0,0,0,,0,002,"NORTH MAIN ST","MADRID ST",479.00,N,N,A,-,N,,,,,,,,,,N,4,0,1,2,A,-,05,21650,1,N,G,G,A,A,H,-,A,D,0,,Y,,,Y,,L,04,0,0,1,0,0,0,1,0,0,"- ","- ",,,MONTEREY,SALINAS,-121.65495300292969,36.714569091796875
8665472,2018,2018-07-31,2708,2018-06-23,0533,GARCIA,,6,5,6,2708,0,0,0,,0,003,"NATIVIDAD RD","LOS COCHES AV",0.00,,Y,A,-,N,,,,,,,,,,N,3,0,1,2,A,-,17,21451,A,F,D,C,A,A,H,-,A,A,0,,,,,Y,,-,,0,1,0,0,0,0,0,0,0,"- ","- ",,,MONTEREY,SALINAS,-121.6275634765625,36.70703125
8665476,2018,2018-07-31,2708,2018-06-21,2051,56793,,4,5,6,2708,0,0,0,,0,,"WEST ACACIA","CAMDEN WY",75.00,E,N,A,-,N,,,,,,,,,,Y,3,0,1,2,A,-,08,22107,,N,-,C,A,A,H,-,C,D,0,,,,,Y,,-,,0,1,0,0,0,0,0,0,0,"- ","- ",,,MONTEREY,SALINAS,-121.67475891113281,36.670246124267578
8665480,2018,2018-07-31,2708,2018-06-23,1829,59156,SALIN,6,5,6,2708,0,0,0,,0,005,"WEST LAUREL DR","NORTH MAIN ST",30.00,W,N,A,-,N,,,,,,,,,,,4,0,1,2,A,-,03,22350,,N,C,C,A,A,H,-,A,A,0,,,,,Y,,-,,0,0,1,0,0,0,0,0,0,"- ","- ",,,MONTEREY,SALINAS,-121.65213012695312,36.699306488037109
8665484,2018,2018-07-31,2708,2018-06-03,1105,87875,2708,7,5,6,2708,0,0,0,,0,,"EUCALYPTUS DR","EAST ALISAL",5.00,N,N,A,-,N,,,,,,,,,,N,3,0,1,2,A,-,05,21650,1,N,G,G,A,A,H,-,A,D,0,,Y,,,Y,,L,04,0,1,0,0,0,0,1,0,0,"- ","- ",,,MONTEREY,SALINAS,-121.62518310546875,36.672683715820312
8665488,2018,2018-07-31,2708,2018-06-09,1910,25154,SALIN,6,5,6,2708,0,0,0,,0,012,"CROSS AV","MIAMI ST",0.00,,Y,A,-,N,,,,,,,,,,N,3,0,1,2,A,-,09,21800,B,M,G,G,A,A,H,-,A,D,0,,Y,,,Y,,L,04,0,1,0,0,0,0,1,0,0,"- ","- ",,,MONTEREY,SALINAS,-121.60916900634766,36.676948547363281
8665492,2018,2018-07-31,2708,2018-06-07,1732,03581,,4,5,6,2708,0,0,0,,0,003,"EAST BORONDA RD","MCKINNON ST",80.00,E,N,A,-,N,,,,,,,,,,N,4,0,1,2,A,-,08,22103,,N,D,C,A,A,H,-,A,A,0,,,,,Y,,-,,0,0,1,0,0,0,0,0,0,"- ","- ",,,MONTEREY,SALINAS,-121.64339447021484,36.717025756835938
8665496,2018,2018-07-31,2708,2018-06-07,1754,16258,SALIN,4,5,6,2708,0,0,0,,0,003,"NATIVIDAD RD","BORONDA RD",10.00,W,N,A,-,N,,,,,,,,,,N,3,0,2,2,A,-,03,22350,,N,C,C,A,A,H,-,A,A,0,,,,,Y,,-,,0,2,0,0,0,0,0,0,0,"- ","- ",,,MONTEREY,SALINAS,-121.62352752685547,36.71551513671875
8665500,2018,2018-07-31,2708,2018-06-16,0546,37923,SALIN,6,5,6,2708,0,0,0,,0,005,"NATIVIDAD RD","EAST ALVIN DR",40.00,E,N,A,-,N,,,,,,,,,,Y,3,0,2,2,A,-,03,22350,,N,D,C,A,A,H,-,A,A,0,,,,,Y,,-,,0,1,1,0,0,0,0,0,0,"- ","- ",,,MONTEREY,SALINAS,-121.63132476806641,36.703327178955078
8665504,2018,2018-07-31,2708,2018-06-21,1340,52823,,4,5,6,2708,0,0,0,,0,,"HARKINS RD","ABBOTT ST",150.00,W,N,A,-,N,,,,,,,,,,N,4,0,1,2,A,-,03,22350,,N,D,C,A,A,H,-,A,A,0,,,,,Y,,-,,0,0,1,0,0,0,0,0,0,"- ","- ",,,MONTEREY,SALINAS,-121.62696075439453,36.653045654296875
8665508,2018,2018-07-31,2708,2018-06-17,1835,54372,,7,5,6,2708,0,0,0,,0,002,"NORTH SAN BORN RD","KIMMEL ST",0.00,,Y,A,-,N,,,,,,,,,,Y,4,0,1,2,A,-,09,21801,A,N,D,C,A,A,H,-,A,A,0,,,,,Y,,-,,0,0,1,0,0,0,0,0,0,"- ","- ",,,MONTEREY,SALINAS,-121.61723327636719,36.685031890869141
8665512,2018,2018-07-31,2708,2018-06-21,1548,53270,,4,5,6,2708,0,0,0,,0,012,"EAST LAUREL DR","TOWT ST",633.00,W,N,A,-,N,,,,,,,,,,N,4,0,2,3,A,-,04,21703,,N,C,C,A,A,H,-,A,D,0,,,,,Y,,-,,0,0,2,0,0,0,0,0,0,"- ","- ",,,MONTEREY,SALINAS,-121.61890411376953,36.680625915527344
8665516,2018,2018-07-31,2708,2018-06-30,0759,75334,,6,5,6,2708,0,0,0,,0,008,"MONTEREY ST","EAST MARKET ST",0.00,,Y,A,-,N,,,,,,,,,,N,3,0,2,2,A,-,12,21453,A,N,D,C,A,A,H,-,A,A,0,,,,,Y,,-,,0,1,1,0,0,0,0,0,0,"- ","- ",,,MONTEREY,SALINAS,-121.65451812744141,36.677700042724609
8665520,2018,2018-07-31,2708,2018-06-28,1955,57533,SALIN,4,5,6,2708,0,0,0,,0,012,"WILLIAMS RD",QUILLA,10.00,N,N,A,-,N,,,,,,,,,,Y,4,0,1,3,A,-,03,22350,,N,C,D,A,A,H,-,A,D,0,,,,,Y,,-,,0,0,1,0,0,0,0,0,0,"- ","- ",,,MONTEREY,SALINAS,-121.6180419921875,36.673366546630859
8666520,2018,2018-08-09,2712,2018-07-11,0849,1184,2712,3,5,3,2712,0,0,0,,0,001,"IMJIN PKWY","3RD AV",446.00,W,N,B,-,N,,,,,,,,,,Y,4,0,1,2,A,-,08,22107,,N,C,C,A,A,H,-,A,D,0,,,,,Y,,A,01,0,0,1,0,0,0,0,0,0,"- ","- ",,,MONTEREY,MARINA,-121.80602264404297,36.666782379150391
8667040,2018,2018-08-21,2708,2018-06-28,1628,34273,SALIN,4,5,6,2708,0,0,0,,0,007,"RT 183","VILLA ST",205.00,W,N,A,-,Y,MON,5,183,-,-,1.340,H,-,N,Y,3,0,1,2,A,-,09,21804,A,N,D,C,A,A,H,-,A,D,0,,,,,Y,,-,,0,1,0,0,0,0,0,0,0,"- ","- ",,,MONTEREY,SALINAS,-121.66578674316406,36.681289672851562
8667093,2018,2018-07-26,2708,2018-06-30,0615,13133,SALIN,6,5,6,2708,0,0,0,,0,008,SALINAS,"WEST ALISAL ST",0.00,,Y,A,-,N,,,,,,,,,,Y,3,0,2,2,A,-,12,21453,A,N,D,C,A,A,H,-,A,A,0,,,,,Y,,-,,0,1,1,0,0,0,0,0,0,"- ","- ",,,MONTEREY,SALINAS,-121.65602874755859,36.673618316650391
8668242,2018,2018-09-13,2703,2018-06-29,1255,6608,2703,5,5,2,2703,0,0,0,,0,ALL,"ALTA ST","10TH ST",14.00,S,N,A,-,N,,,,,,,,,,N,4,0,1,2,B,-,22,,,N,C,E,A,A,H,-,A,D,0,,,,,Y,,A,01,0,0,1,0,0,0,0,0,0,"- ","- ",,,MONTEREY,GONZALES,-121.45035552978516,36.510787963867188
8668424,2018,2018-08-07,2706,2018-07-16,1405,301,MPD,1,5,4,2706,0,0,0,,0,003,"FAIRGROUND RD","CASA VERDE",0.00,,Y,A,-,N,,,,,,,,,,N,4,0,1,2,A,-,12,22450,A,N,A,C,A,A,H,-,A,A,0,,,,,Y,,A,01,0,0,1,0,0,0,0,0,0,"- ","- ",,,MONTEREY,MONTEREY,-121.86241149902344,36.595088958740234
8668432,2018,2018-08-07,2706,2018-07-09,2222,608,MPD,1,5,4,2706,0,0,0,,0,003,"NORTH FREMONT ST","AIRPORT RD",20.00,E,N,A,-,N,,,,,,,,,,N,4,0,1,3,A,-,04,21703,,N,C,C,A,A,H,-,C,D,0,,,,,Y,,A,01,0,0,1,0,0,0,0,0,0,"- ","- ",,,MONTEREY,MONTEREY,-121.85882568359375,36.596649169921875