CASE_ID,ACCIDENT_YEAR,PROC_DATE,JURIS,COLLISION_DATE,COLLISION_TIME,OFFICER_ID,REPORTING_DISTRICT,DAY_OF_WEEK,CHP_SHIFT,POPULATION,CNTY_CITY_LOC,SPECIAL_COND,BEAT_TYPE,CHP_BEAT_TYPE,CITY_DIVISION_LAPD,CHP_BEAT_CLASS,BEAT_NUMBER,PRIMARY_RD,SECONDARY_RD,DISTANCE,DIRECTION,INTERSECTION,WEATHER_1,WEATHER_2,STATE_HWY_IND,CALTRANS_COUNTY,CALTRANS_DISTRICT,STATE_ROUTE,ROUTE_SUFFIX,POSTMILE_PREFIX,POSTMILE,LOCATION_TYPE,RAMP_INTERSECTION,SIDE_OF_HWY,TOW_AWAY,COLLISION_SEVERITY,NUMBER_KILLED,NUMBER_INJURED,PARTY_COUNT,PRIMARY_COLL_FACTOR,PCF_CODE_OF_VIOL,PCF_VIOL_CATEGORY,PCF_VIOLATION,PCF_VIOL_SUBSECTION,HIT_AND_RUN,TYPE_OF_COLLISION,MVIW,PED_ACTION,ROAD_SURFACE,ROAD_COND_1,ROAD_COND_2,LIGHTING,CONTROL_DEVICE,CHP_ROAD_TYPE,PEDESTRIAN_ACCIDENT,BICYCLE_ACCIDENT,MOTORCYCLE_ACCIDENT,TRUCK_ACCIDENT,NOT_PRIVATE_PROPERTY,ALCOHOL_INVOLVED,STWD_VEHTYPE_AT_FAULT,CHP_VEHTYPE_AT_FAULT,COUNT_SEVERE_INJ,COUNT_VISIBLE_INJ,COUNT_COMPLAINT_PAIN,COUNT_PED_KILLED,COUNT_PED_INJURED,COUNT_BICYCLIST_KILLED,COUNT_BICYCLIST_INJURED,COUNT_MC_KILLED,COUNT_MC_INJURED,PRIMARY_RAMP,SECONDARY_RAMP,LATITUDE,LONGITUDE,COUNTY,CITY,POINT_X,POINT_Y
8668460,2018,2019-01-31,2706,2018-07-11,1432,181,2706,3,5,4,2706,0,0,0,,0,002,"SOLEDAD DR","MAR VISTA DR",114.00,S,N,A,-,N,,,,,,,,,,Y,1,1,1,1,A,-,08,22107,,N,A,I,A,A,H,-,A,D,0,,,,,Y,,A,01,0,1,0,0,0,0,0,0,0,"- ","- ",,,MONTEREY,MONTEREY,-121.90953063964844,36.588722229003906
8669502,2018,2018-08-31,2712,2018-07-23,1914,1177,2712,1,5,3,2712,0,0,0,,0,001,"DEL MONTE BL","REINDOLLAR AV",311.00,S,N,A,-,N,,,,,,,,,,Y,4,0,1,1,A,-,03,22350,,N,F,A,A,A,H,-,A,A,0,,,Y,,Y,,C,02,0,0,1,0,0,0,0,0,1,"- ","- ",,,MONTEREY,MARINA,-121.80645751953125,36.68023681640625
8670804,2018,2018-10-08,2706,2018-08-03,0918,707,MPD,5,5,4,2706,0,0,0,,0,002,"PEARL ST","CORTES ST",0.00,,Y,A,-,N,,,,,,,,,,Y,4,0,1,2,A,-,09,21802,A,N,D,C,A,A,H,-,A,D,0,,,,,Y,,A,01,0,0,1,0,0,0,0,0,0,"- ","- ",,,MONTEREY,MONTEREY,-121.88922882080078,36.597858428955078
8670808,2018,2018-10-08,2706,2018-08-03,1456,181,,5,5,4,2706,0,0,0,,0,,"VIA LAVANDERA","COSTANOAN DR",279.00,S,N,A,-,N,,,,,,,,,,N,4,0,1,2,A,-,09,21802,A,N,D,C,A,A,H,-,A,D,0,,,,,Y,,A,01,0,0,1,0,0,0,0,0,0,"- ","- ",,,MONTEREY,MONTEREY,-121.88230133056641,36.592411041259766
8670816,2018,2018-10-08,2706,2018-08-01,0643,992,MPD,3,5,4,2706,0,0,0,,0,002,ABREGO,PEARL,0.00,,Y,B,-,N,,,,,,,,,,Y,4,0,1,2,A,-,12,22450,A,N,D,C,A,A,H,-,A,A,0,,,,,Y,,A,07,0,0,1,0,0,0,0,0,0,"- ","- ",,,MONTEREY,MONTEREY,-121.89273071289062,36.597850799560547
8670970,2018,2018-08-20,2710,2018-06-01,1557,40406,,5,5,4,2710,0,0,0,,0,001,"FREMONT BL","HILBY AV",125.00,S,N,A,-,N,,,,,,,,,,Y,4,0,1,3,A,-,04,21703,,N,C,C,A,A,H,-,A,A,0,,,,,Y,,D,22,0,0,1,0,0,0,0,0,0,"- ","- ",,,MONTEREY,SEASIDE,-121.84896850585938,36.602287292480469
8670978,2018,2018-08-20,2710,2018-06-09,1237,40405,,6,5,4,2710,0,0,0,,0,2BIIC,"KIMBALL AV","WHEELER ST",111.00,W,N,A,-,N,,,,,,,,,,Y,4,0,1,2,A,-,01,23152,F,N,C,E,A,A,H,-,-,D,0,,,,,Y,,A,01,0,0,1,0,0,0,0,0,0,"- ","- ",,,MONTEREY,SEASIDE,-121.84595489501953,36.599678039550781
8670982,2018,2018-08-20,2710,2018-06-18,2149,40404,16,1,5,4,2710,0,0,0,,0,01A,"DEL MONTE BL","CLEMENTINA AV",1399.00,N,N,A,-,N,,,,,,,,,,Y,2,0,1,2,A,-,01,23152,A,N,C,E,A,A,H,-,C,D,0,,,,,Y,Y,A,01,1,0,0,0,0,0,0,0,0,"- ","- ",,,MONTEREY,SEASIDE,-121.84529876708984,36.613658905029297
8671278,2018,2018-09-05,2706,2018-07-18,1452,395,2706,3,5,4,2706,0,0,0,,0,003,"CASANOVA AV","EUCLID AV",275.00,S,N,A,-,N,,,,,,,,,,Y,4,0,1,2,A,-,08,22107,,N,C,E,A,A,H,-,A,D,0,,,,,Y,,B,08,0,0,1,0,0,0,0,0,0,"- ","- ",,,MONTEREY,MONTEREY,-121.84853363037109,36.593940734863281
8671781,2018,2018-08-29,2707,2018-07-17,2112,2011,2707,2,5,3,2707,0,0,0,,0,002,"OCEAN VIEW BL","SEA PALM AV",40.00,E,N,A,-,N,,,,,,,,,,Y,3,0,1,3,A,-,03,22350,,M,C,E,A,A,H,-,C,D,0,,,,,Y,Y,A,01,0,1,0,0,0,0,0,0,0,"- ","- ",,,MONTEREY,"PACIFIC GROVE",-121.92176055908203,36.628135681152344
8673172,2018,2018-08-13,2706,2018-07-18,0953,181,,3,5,4,2706,0,0,0,,0,003,"N FREMONT",CASANOVA,0.00,,Y,A,-,N,,,,,,,,,,N,4,0,2,2,A,-,12,21453,A,N,D,D,A,A,D,-,A,A,0,,,,,Y,,A,07,0,0,2,0,0,0,0,0,0,"- ","- ",,,MONTEREY,MONTEREY,-121.85323333740234,36.597671508789062
8673684,2018,2018-10-17,2708,2018-06-09,0611,07903,EAST,6,5,6,2708,0,0,0,,0,011,"NORTH SANBORN RD","DELMONTE AV",179.00,S,N,A,-,N,,,,,,,,,,N,4,0,1,2,A,-,09,21804,A,N,D,D,A,A,H,-,A,A,0,,,,,Y,,-,,0,0,1,0,0,0,0,0,0,"- ","- ",,,MONTEREY,SALINAS,-121.61131286621094,36.688373565673828
8675275,2018,2018-08-22,2703,2018-08-01,1851,4989,2703,3,5,2,2703,0,0,0,,0,ALL,"BELDEN ST","2ND ST",40.00,E,N,A,-,N,,,,,,,,,,Y,4,0,1,2,A,-,09,21802,A,N,D,C,A,A,H,-,A,D,0,,,,,Y,,D,22,0,0,1,0,0,0,0,0,0,"- ","- ",,,MONTEREY,GONZALES,-121.44194793701172,36.505851745605469
8676316,2018,2018-08-15,2707,2018-07-26,1549,2221,2707,4,5,3,2707,0,0,0,,0,002,"SUNSET DR","CROCKER AV",8.00,W,N,A,-,N,,,,,,,,,,N,3,0,1,2,A,-,09,21802,A,N,D,G,A,A,H,-,A,D,0,,Y,,,Y,,A,01,0,1,0,0,0,0,1,0,0,"- ","- ",,,MONTEREY,"PACIFIC GROVE",-121.9356689453125,36.616146087646484
8676904,2018,2018-08-27,2710,2018-06-05,0450,40396,,2,5,4,2710,0,0,0,,0,003,"DEL MONTE BL","CANYON DEL REY BL",13.00,N,N,A,-,Y,MON,5,218,-,L,0.250,I,6,W,Y,2,0,4,1,A,-,01,23152,A,N,E,I,A,A,H,-,C,A,0,,,,,Y,,A,01,1,1,2,0,0,0,0,0,0,"- ","- ",,,MONTEREY,SEASIDE,-121.85576629638672,36.607620239257812
8676908,2018,2018-08-27,2710,2018-06-23,0118,40406,MARIN,6,5,4,2710,0,0,0,,0,,"CANYON DEL REY BL","FRANCIS AV",0.00,,Y,A,-,Y,MON,5,218,-,L,0.710,I,5,E,Y,2,0,1,2,A,-,11,21954,A,N,G,B,D,A,H,-,C,D,0,Y,,,,Y,Y,N,60,1,0,0,0,1,0,0,0,0,"- ","- ",,,MONTEREY,SEASIDE,-121.85289001464844,36.601356506347656
8677003,2018,2018-10-25,2708,2018-07-05,1637,08775,SALIN,4,5,6,2708,0,0,0,,0,006,"RT 183","CASENTINI ST",0.00,,Y,A,-,Y,MON,5,183,-,-,0.210,I,6,N,N,3,0,1,2,A,-,05,21650,,N,-,G,A,A,H,-,A,A,0,,Y,,,Y,,L,04,0,1,0,0,0,0,1,0,0,"- ","- ",,,MONTEREY,SALINAS,-121.65299987792969,36.684104919433594
8677007,2018,2018-10-19,2708,2018-07-04,1502,79223,,3,5,6,2708,0,0,0,,0,,"EAST BORONDA RD","WILLIAMS RD",0.00,,Y,A,-,N,,,,,,,,,,Y,3,0,3,2,A,-,09,21802,A,N,D,C,A,A,H,-,A,-,0,,,,,Y,,-,,0,3,0,0,0,0,0,0,0,"- ","- ",,,MONTEREY,SALINAS,-121.59072113037109,36.688999176025391
8677358,2018,2018-08-20,2710,2018-06-17,1840,40407,2710,7,5,4,2710,0,0,0,,0,001,"KIMBALL AV","KIMBALL AV 1554",0.00,,-,A,-,N,,,,,,,,,,N,4,0,1,2,A,-,09,21804,B,F,D,C,A,A,H,-,A,A,0,,,,,Y,,A,07,0,0,1,0,0,0,0,0,0,"- ","- ",,,MONTEREY,SEASIDE,,
8677542,2018,2018-08-21,2710,2018-06-30,2200,40407,2710,6,5,4,2710,0,0,0,,0,003,"DELMONTE AV","CLEMENTINA AV",0.00,,Y,A,-,N,,,,,,,,,,N,4,0,1,2,A,-,03,22350,,M,C,C,A,A,H,-,C,A,0,,,,,Y,,A,01,0,0,1,0,0,0,0,0,0,"- ","- ",,,MONTEREY,SEASIDE,-121.84900665283203,36.611278533935547
8677546,2018,2018-08-21,2710,2018-06-30,1424,40405,,6,5,4,2710,0,0,0,,0,02B,"CANYON DEL REY BL","DELMONTE BL",0.00,,Y,A,-,N,,,,,,,,,,N,4,0,1,2,A,-,04,21703,,N,C,C,A,A,H,-,A,A,0,,,Y,,Y,,A,07,0,0,1,0,0,0,0,0,1,"- ","- ",,,MONTEREY,SEASIDE,-121.85600280761719,36.607620239257812
8677550,2018,2018-09-17,2710,2018-06-04,2010,H0396,,1,5,4,2710,0,0,0,,0,002,"MINGO AV","SOTO ST",0.00,,Y,A,-,N,,,,,,,,,,Y,4,0,3,2,A,-,12,22450,A,N,D,C,A,A,H,-,B,D,0,,,,,Y,,A,01,0,0,3,0,0,0,0,0,0,"- ","- ",,,MONTEREY,SEASIDE,-121.83071899414062,36.611831665039062
8677554,2018,2018-08-21,2710,2018-06-02,1112,40407,2710,6,5,4,2710,0,0,0,,0,001,"SAN LUCAS ST","PALM AV",0.00,,Y,A,-,N,,,,,,,,,,N,4,0,1,2,A,-,09,21802,A,N,D,C,A,A,H,-,A,A,0,,,,,Y,,A,01,0,0,1,0,0,0,0,0,0,"- ","- ",,,MONTEREY,SEASIDE,-121.84026336669922,36.608299255371094
8678449,2018,2018-10-08,2707,2018-08-04,2200,2257,2707,6,5,3,2707,0,0,0,,0,002,"OCEAN VIEW BL","11TH ST",0.00,,-,A,-,N,,,,,,,,,,N,3,0,1,2,C,-,18,,,N,H,G,E,A,H,-,D,D,0,Y,Y,,,Y,,-,"- ",0,1,0,0,1,0,0,0,0,"- ","- ",,,MONTEREY,"PACIFIC GROVE",-121.91246795654297,36.622169494628906
8679317,2018,2018-10-01,2708,2018-02-24,1933,31968,,6,5,6,2708,0,0,0,,0,003,"BORONDA RD","NATIVIDAD RD",20.00,E,N,A,-,N,,,,,,,,,,N,3,0,1,2,A,-,11,21956,,N,G,B,D,A,H,-,C,A,0,Y,,,,Y,,N,60,0,1,0,0,1,0,0,0,0,"- ","- ",,,MONTEREY,SALINAS,-121.62345123291016,36.715534210205078
8681171,2018,2018-08-29,2708,2018-07-03,1701,54383,SALIN,2,5,6,2708,0,0,0,,0,001,"SAN JUAN GRADE RD","BORONDA RD",10.00,N,N,B,-,N,,,,,,,,,,N,4,0,1,3,A,-,03,22350,,N,C,C,A,A,H,-,A,A,0,,,,,Y,,D,22,0,0,1,0,0,0,0,0,0,"- ","- ",,,MONTEREY,SALINAS,-121.65115356445312,36.719810485839844
8681181,2018,2018-10-04,2708,2018-07-09,0228,82326,,1,5,6,2708,0,0,0,,0,002,"CHEROKEE DR","TULANE ST",291.00,S,N,A,-,N,,,,,,,,,,Y,4,0,1,2,A,-,01,23152,A,M,A,E,A,A,H,-,C,D,0,,,,,Y,Y,A,01,0,0,1,0,0,0,0,0,0,"- ","- ",,,MONTEREY,SALINAS,-121.66384124755859,36.699630737304688
8681194,2017,2018-08-23,2708,2017-06-22,1354,79223,,4,5,6,2708,0,0,0,,0,,"DEL MONTE AV",TOWT,0.00,,Y,A,-,N,,,,,,,,,,,4,0,1,2,A,-,12,22450,A,N,D,G,A,A,H,-,A,A,0,,Y,,,Y,,L,04,0,0,1,0,0,0,1,0,0,"- ","- ",,,MONTEREY,SALINAS,-121.60764987,36.68507005
8681199,2018,2018-08-31,2708,2018-07-02,0718,25154,SALIN,1,5,6,2708,0,0,0,,0,012,"SOUTH SANBORN RD","JOHN ST",0.00,,Y,B,-,N,,,,,,,,,,Y,3,0,1,2,A,-,12,21453,A,N,D,C,A,A,H,-,A,A,0,,,,Y,Y,,F,26,0,1,0,0,0,0,0,0,0,"- ","- ",,,MONTEREY,SALINAS,-121.62773132324219,36.669300079345703
8681204,2018,2018-10-04,2708,2018-07-18,1752,87875,2708,3,5,6,2708,0,0,0,,0,005,"LAUREL DR","NORTH MAIN ST",0.00,,Y,A,-,N,,,,,,,,,,Y,3,0,1,2,A,-,03,22350,,N,C,C,A,A,H,-,A,A,0,,,,,Y,,A,01,0,1,0,0,0,0,0,0,0,"- ","- ",,,MONTEREY,SALINAS,-121.65203094482422,36.699321746826172
8681208,2018,2018-10-04,2708,2018-07-21,1838,73185,,6,5,6,2708,0,0,0,,0,007,"ORANGE DR","PADRE DR",150.00,W,N,A,-,N,,,,,,,,,,N,3,0,1,2,A,-,11,21954,A,N,-,B,D,A,H,-,A,A,0,Y,,,,Y,,N,60,0,1,0,0,1,0,0,0,0,"- ","- ",,,MONTEREY,SALINAS,-121.66133117675781,36.661510467529297
8681212,2018,2018-10-04,2708,2018-07-29,0630,54871,,7,5,6,2708,0,0,0,,0,010,"EAST MARKET ST","N HEBBRON AV",0.00,,Y,A,-,N,,,,,,,,,,Y,2,0,1,5,A,-,01,23153,A,F,B,C,A,A,H,-,A,A,0,,,,,Y,Y,-,,1,0,0,0,0,0,0,0,0,"- ","- ",,,MONTEREY,SALINAS,-121.63172149658203,36.676551818847656
8681216,2018,2018-10-04,2708,2018-07-05,1334,25154,,4,5,6,2708,0,0,0,,0,012,"BARDIN RD","SYCAMORE RD",45.00,N,N,A,-,N,,,,,,,,,,N,3,0,1,3,A,-,08,22107,,N,B,C,A,A,H,-,A,A,0,,,,,Y,,-,,0,1,0,0,0,0,0,0,0,"- ","- ",,,MONTEREY,SALINAS,-121.60250854492188,36.674514770507812
8681220,2018,2018-10-04,2708,2018-07-06,1715,56793,,5,5,6,2708,0,0,0,,0,005,"IRIS DR","LUPIN DR",144.00,W,N,A,-,N,,,,,,,,,,Y,3,0,1,3,A,-,01,23152,A,N,-,C,A,A,H,-,A,D,0,,,,,Y,Y,-,,0,1,0,0,0,0,0,0,0,"- ","- ",,,MONTEREY,SALINAS,-121.65422821044922,36.693256378173828
8681224,2018,2018-10-04,2708,2018-07-02,0954,35715,,1,5,6,2708,0,0,0,,0,006,"NORTH MAIN ST","CASENTINI ST",0.00,,Y,B,-,N,,,,,,,,,,Y,4,0,1,2,A,-,12,21453,A,N,D,C,A,A,H,-,A,A,0,,,,,Y,,-,,0,0,1,0,0,0,0,0,0,"- ","- ",,,MONTEREY,SALINAS,-121.65283203125,36.684291839599609
8681228,2018,2018-10-04,2708,2018-07-02,2159,59989,,1,5,6,2708,0,0,0,,0,008,"EAST MARKET ST","PAJARO ST",0.00,,Y,A,-,N,,,,,,,,,,Y,3,0,1,2,A,-,08,22101,D,N,D,C,A,A,H,-,C,A,0,,,,,Y,,-,,0,1,0,0,0,0,0,0,0,"- ","- ",,,MONTEREY,SALINAS,-121.65335083007812,36.677829742431641
8681232,2018,2018-10-04,2708,2018-07-05,1811,54383,,4,5,6,2708,0,0,0,,0,003,"NATIVIDAD RD","ALVIN DR",0.00,,Y,A,-,N,,,,,,,,,,N,3,0,2,4,A,-,12,21453,A,N,A,C,A,A,H,-,A,A,0,,,,,Y,,A,01,0,2,0,0,0,0,0,0,0,"- ","- ",,,MONTEREY,SALINAS,-121.63140869140625,36.703239440917969
8681236,2018,2018-10-04,2708,2018-07-01,1906,18925,,7,5,6,2708,0,0,0,,0,007,"CLAY ST","SOUTH MAIN ST",0.00,,Y,A,-,N,,,,,,,,,,N,3,0,1,2,A,-,05,21650,1,N,D,G,A,A,H,-,A,D,0,,Y,,,Y,,L,04,0,1,0,0,0,0,1,0,0,"- ","- ",,,MONTEREY,SALINAS,-121.655029296875,36.670249938964844
8681240,2018,2018-10-04,2708,2018-07-02,1653,97440,,1,5,6,2708,0,0,0,,0,,"E MARKET","CEDAR ST",7.00,E,N,B,-,N,,,,,,,,,,N,3,0,1,2,A,-,03,22350,,N,C,C,A,A,H,-,A,D,0,,,,,Y,,-,,0,1,0,0,0,0,0,0,0,"- ","- ",,,MONTEREY,SALINAS,-121.62514495849609,36.676815032958984
8681244,2018,2018-10-04,2708,2018-07-23,2100,03778,278,1,5,6,2708,0,0,0,,0,001,"E BOLIVAR ST","VAN BUREN AV",12.00,S,N,A,-,N,,,,,,,,,,N,4,0,1,2,A,-,08,22107,,M,B,C,A,A,H,-,C,D,0,,,,,Y,Y,-,,0,0,1,0,0,0,0,0,0,"- ","- ",,,MONTEREY,SALINAS,-121.64981079101562,36.726303100585938
8681248,2018,2018-10-04,2708,2018-07-03,1636,97440,,2,5,6,2708,0,0,0,,0,011,"N SAN BORN RD","DEL MONTE AV",528.00,S,N,B,-,N,,,,,,,,,,Y,3,0,1,3,A,-,09,21804,A,F,A,C,A,A,H,-,A,D,0,,,,,Y,,-,,0,1,0,0,0,0,0,0,0,"- ","- ",,,MONTEREY,SALINAS,-121.61228179931641,36.687812805175781
8681252,2018,2018-10-04,2708,2018-07-22,1333,30510,,7,5,6,2708,0,0,0,,0,002,"W ALVIN DR","N 1ST ST",0.00,,Y,A,-,N,,,,,,,,,,N,3,0,1,2,A,-,12,22450,A,F,D,C,A,A,H,-,A,A,0,,,,,Y,,-,,0,1,0,0,0,0,0,0,0,"- ","- ",,,MONTEREY,SALINAS,-121.65602874755859,36.707511901855469
8681264,2018,2018-10-04,2708,2018-07-05,0152,49021,,4,5,6,2708,0,0,0,,0,010,"N SAN BORN RD",PARKWAY,75.00,S,N,A,-,N,,,,,,,,,,Y,3,0,1,6,A,-,01,23152,A,M,C,E,A,A,H,-,C,A,0,,,,,Y,Y,-,,0,1,0,0,0,0,0,0,0,"- ","- ",,,MONTEREY,SALINAS,-121.62746429443359,36.675315856933594
8681268,2018,2018-10-04,2708,2018-07-09,1427,53260,,1,5,6,2708,0,0,0,,0,012,"BARDIN RD","WILLIAMS RD",0.00,,Y,A,-,N,,,,,,,,,,Y,3,0,2,2,A,-,09,21801,B,N,A,C,A,A,H,-,A,A,0,,,,,Y,,-,,0,1,1,0,0,0,0,0,0,"- ","- ",,,MONTEREY,SALINAS,-121.60703277587891,36.679649353027344
8683956,2018,2018-09-12,2706,2018-07-25,1554,COLLIER,2706,3,5,4,2706,0,0,0,,0,003,"NORTH FREMONT ST",CASANOVA,433.00,E,N,A,-,N,,,,,,,,,,Y,4,0,1,2,A,-,03,22350,,N,C,C,A,A,H,-,A,D,0,,,,,Y,,A,01,0,0,1,0,0,0,0,0,0,"- ","- ",,,MONTEREY,MONTEREY,-121.85189056396484,36.598155975341797
8684230,2018,2018-09-05,2708,2018-07-24,0008,53268,,2,5,6,2708,0,0,0,,0,008,"PAJARO ST","EAST GABILAN ST",14.00,S,N,A,-,N,,,,,,,,,,Y,4,0,1,2,A,-,01,23153,A,N,C,C,A,A,H,-,C,A,0,,,,,Y,Y,A,01,0,0,1,0,0,0,0,0,0,"- ","- ",,,MONTEREY,SALINAS,-121.6529541015625,36.6759033203125
8685247,2018,2018-08-28,2712,2018-08-05,0300,1073,,7,5,3,2712,0,0,0,,0,001,"MELANIE RD","SUSAN AV",180.00,N,N,A,-,N,,,,,,,,,,N,4,0,1,2,A,-,01,23152,A,N,C,E,A,A,H,-,D,D,0,,,,,Y,Y,A,01,0,0,1,0,0,0,0,0,0,"- ","- ",,,MONTEREY,MARINA,-121.79262542724609,36.691188812255859
8685608,2018,2018-08-29,2706,2018-08-11,1822,335,MONTE,6,5,4,2706,0,0,0,,0,003,CASANOVA,"MELWAY CIR",0.00,,Y,A,-,N,,,,,,,,,,N,3,0,1,2,A,-,09,21804,A,N,D,C,A,A,H,-,A,D,0,,,Y,,Y,,A,07,0,1,0,0,0,0,0,0,1,"- ","- ",,,MONTEREY,MONTEREY,-121.85163116455078,36.596408843994141
8685612,2018,2018-08-29,2706,2018-08-16,1412,103,2706,4,5,4,2706,0,0,0,,0,002,"DEL MONTE AV","PACIFIC ST",19.00,E,N,A,-,N,,,,,,,,,,Y,4,0,1,2,A,-,07,21658,A,N,C,I,A,A,H,-,A,A,0,,,,,Y,,A,01,0,0,1,0,0,0,0,0,0,"- ","- ",,,MONTEREY,MONTEREY,-121.89543914794922,36.601131439208984
8686072,2018,2018-10-08,2712,2018-08-09,1243,1184,2712,4,5,3,2712,0,0,0,,0,001,"ABRAMS DR","BROSTROM AV",0.00,,Y,A,-,N,,,,,,,,,,N,2,0,1,1,A,-,03,22350,,N,H,A,A,A,H,-,A,A,0,,,,,Y,,M,96,1,0,0,0,0,0,0,0,0,"- ","- ",,,MONTEREY,MARINA,-121.78489685058594,36.666011810302734
8687160,2018,2018-09-28,2712,2018-08-15,2110,1073,,3,5,3,2712,0,0,0,,0,001,"RESERVATION RD","VISTA DEL CAMINO AV",15.00,W,N,A,-,N,,,,,,,,,,N,4,0,4,2,A,-,03,22350,,F,C,C,A,A,H,-,C,A,0,,,,,Y,,D,22,0,0,4,0,0,0,0,0,0,"- ","- ",,,MONTEREY,MARINA,,
8687562,2018,2018-08-29,2708,2018-06-15,0551,30348,,5,5,6,2708,0,0,0,,0,011,"GARNER AV","SIEBER ST",6.00,S,N,A,-,N,,,,,,,,,,N,4,0,1,2,A,-,12,22450,,M,D,C,A,A,H,-,B,D,0,,,,,Y,,-,,0,0,1,0,0,0,0,0,0,"- ","- ",,,MONTEREY,SALINAS,-121.61554718017578,36.686725616455078
8687656,2018,2018-10-05,2708,2018-07-18,1301,10121,,3,5,6,2708,0,0,0,,0,010,"ALISAL ST",FELICE,100.00,E,N,A,-,N,,,,,,,,,,N,3,0,1,2,A,-,07,21658,A,N,B,C,A,A,H,-,A,D,0,,,,,Y,,A,01,0,1,0,0,0,0,0,0,0,"- ","- ",,,MONTEREY,SALINAS,-121.63004302978516,36.67315673828125
8687660,2018,2018-10-05,2708,2018-07-21,1930,35838,SALIN,6,5,6,2708,0,0,0,,0,012,"MONTE BELLA","WILLIAMS RD",0.00,,Y,B,-,N,,,,,,,,,,Y,3,0,2,2,A,-,01,23152,A,N,A,C,A,A,H,-,A,A,0,,,,,Y,Y,A,01,0,1,1,0,0,0,0,0,0,"- ","- ",,,MONTEREY,SALINAS,-121.60047149658203,36.68341064453125
8687664,2018,2018-10-05,2708,2018-07-22,1245,56105,SALIN,7,5,6,2708,0,0,0,,0,007,"NORTH MAIN ST","LAUREL DR",40.00,N,N,A,-,N,,,,,,,,,,N,4,0,1,3,A,-,03,22350,,N,C,C,A,A,H,-,A,A,0,,,,,Y,,A,01,0,0,1,0,0,0,0,0,0,"- ","- ",,,MONTEREY,SALINAS,-121.65205383300781,36.699428558349609
8687668,2018,2018-10-05,2708,2018-07-01,1839,80368,SALIN,7,5,6,2708,0,0,0,,0,077,"BADGER WY","MUSTANG CT",0.00,,Y,A,-,N,,,,,,,,,,Y,2,0,2,2,A,-,09,21802,A,N,D,C,A,A,H,-,A,A,0,,,,,Y,,A,01,2,0,0,0,0,0,0,0,0,"- ","- ",,,MONTEREY,SALINAS,-121.59413909912109,36.688461303710938
8687672,2018,2018-10-05,2708,2018-07-27,2116,31968,,5,5,6,2708,0,0,0,,0,001,"BORONDA RD","MAIN ST",120.00,E,N,A,-,N,,,,,,,,,,Y,4,0,2,2,A,-,03,22350,A,N,C,C,A,A,H,-,C,A,0,,,,,Y,,D,22,0,0,2,0,0,0,0,0,0,"- ","- ",,,MONTEREY,SALINAS,-121.65582275390625,36.721572875976562
8687696,2018,2018-10-05,2708,2018-07-23,0027,79945,,1,5,6,2708,0,0,0,,0,010,"E ALISAL ST","HOLADAY AV",0.00,,Y,A,-,N,,,,,,,,,,,4,0,1,2,A,-,06,21951,,F,G,B,B,A,H,-,C,A,0,Y,,,,Y,,-,,0,0,1,0,1,0,0,0,0,"- ","- ",,,MONTEREY,SALINAS,-121.62899780273438,36.673049926757812
8687700,2018,2018-10-05,2708,2018-07-28,0520,18945,,6,5,6,2708,0,0,0,,0,005,"NORTH MAIN ST","SANTA CLARA AV",11.00,N,N,A,-,N,,,,,,,,,,Y,3,0,3,1,A,-,03,22350,,N,D,I,A,A,H,-,C,D,0,,,,,Y,,-,,0,3,0,0,0,0,0,0,0,"- ","- ",,,MONTEREY,SALINAS,-121.65241241455078,36.687999725341797
8687704,2018,2018-10-05,2708,2018-07-30,1937,98751,SALIN,1,5,6,2708,0,0,0,,0,005,"NATIVIDAD RD","EAST LAUREL DR",669.00,S,N,A,-,N,,,,,,,,,,N,3,0,1,2,A,-,09,21804,A,N,C,C,A,A,H,-,B,D,0,,,Y,,Y,,A,01,0,1,0,0,0,0,0,0,1,"- ","- ",,,MONTEREY,SALINAS,-121.63981628417969,36.694969177246094
8687708,2018,2018-10-05,2708,2018-07-30,0804,69054,,1,5,6,2708,0,0,0,,0,007,"CENTRAL AV",RIKER,0.00,,Y,B,-,N,,,,,,,,,,N,4,0,2,2,A,-,08,22103,,N,D,C,A,A,H,-,A,D,0,,,,,Y,,-,,0,0,2,0,0,0,0,0,0,"- ","- ",,,MONTEREY,SALINAS,-121.66181945800781,36.676048278808594
8687712,2018,2018-11-01,2708,2018-07-27,0954,7904,,5,5,6,2708,0,0,0,,0,002,"MCKINNON ST","HARDEN PKWY",0.00,,Y,A,-,N,,,,,,,,,,Y,4,0,1,2,A,-,09,21802,A,N,D,C,A,A,H,-,A,D,0,,,,,Y,,-,,0,0,1,0,0,0,0,0,0,"- ","- ",,,MONTEREY,SALINAS,-121.64408111572266,36.712089538574219
8687716,2018,2018-10-05,2708,2018-07-05,1753,73185,SALIN,4,5,6,2708,0,0,0,,0,009,"ABBOTT ST","HARRIS RD",200.00,N,N,A,-,N,,,,,,,,,,Y,4,0,1,1,A,-,08,22107,,N,F,J,A,A,H,-,A,D,0,,,,,Y,,-,,0,0,1,0,0,0,0,0,0,"- ","- ",,,MONTEREY,SALINAS,-121.61245727539062,36.64508056640625
8687720,2018,2018-10-23,2708,2018-07-30,1730,87875,,1,5,6,2708,0,0,0,,0,008,"RT 183","LINCOLN AV",2.00,W,N,A,-,Y,MON,5,183,-,-,0.880,H,-,S,N,4,0,1,2,A,-,03,22350,A,N,C,C,A,A,H,-,A,A,0,,,,,Y,,A,01,0,0,1,0,0,0,0,0,0,"- ","- ",,,MONTEREY,SALINAS,-121.65834045410156,36.678443908691406