CASE_ID,ACCIDENT_YEAR,PROC_DATE,JURIS,COLLISION_DATE,COLLISION_TIME,OFFICER_ID,REPORTING_DISTRICT,DAY_OF_WEEK,CHP_SHIFT,POPULATION,CNTY_CITY_LOC,SPECIAL_COND,BEAT_TYPE,CHP_BEAT_TYPE,CITY_DIVISION_LAPD,CHP_BEAT_CLASS,BEAT_NUMBER,PRIMARY_RD,SECONDARY_RD,DISTANCE,DIRECTION,INTERSECTION,WEATHER_1,WEATHER_2,STATE_HWY_IND,CALTRANS_COUNTY,CALTRANS_DISTRICT,STATE_ROUTE,ROUTE_SUFFIX,POSTMILE_PREFIX,POSTMILE,LOCATION_TYPE,RAMP_INTERSECTION,SIDE_OF_HWY,TOW_AWAY,COLLISION_SEVERITY,NUMBER_KILLED,NUMBER_INJURED,PARTY_COUNT,PRIMARY_COLL_FACTOR,PCF_CODE_OF_VIOL,PCF_VIOL_CATEGORY,PCF_VIOLATION,PCF_VIOL_SUBSECTION,HIT_AND_RUN,TYPE_OF_COLLISION,MVIW,PED_ACTION,ROAD_SURFACE,ROAD_COND_1,ROAD_COND_2,LIGHTING,CONTROL_DEVICE,CHP_ROAD_TYPE,PEDESTRIAN_ACCIDENT,BICYCLE_ACCIDENT,MOTORCYCLE_ACCIDENT,TRUCK_ACCIDENT,NOT_PRIVATE_PROPERTY,ALCOHOL_INVOLVED,STWD_VEHTYPE_AT_FAULT,CHP_VEHTYPE_AT_FAULT,COUNT_SEVERE_INJ,COUNT_VISIBLE_INJ,COUNT_COMPLAINT_PAIN,COUNT_PED_KILLED,COUNT_PED_INJURED,COUNT_BICYCLIST_KILLED,COUNT_BICYCLIST_INJURED,COUNT_MC_KILLED,COUNT_MC_INJURED,PRIMARY_RAMP,SECONDARY_RAMP,LATITUDE,LONGITUDE,COUNTY,CITY,POINT_X,POINT_Y
8687744,2018,2018-10-05,2708,2018-07-28,1402,56105,SALIN,6,5,6,2708,0,0,0,,0,005,"EAST LAUREL DR","TAPADERO DR",0.00,,Y,A,-,N,,,,,,,,,,Y,2,0,3,2,A,-,09,21802,A,N,-,-,A,A,H,-,A,-,0,,,,,Y,Y,-,,1,2,0,0,0,0,0,0,0,"- ","- ",,,MONTEREY,SALINAS,-121.64978790283203,36.698879241943359
8688163,2018,2018-09-10,2706,2018-08-12,2152,177,2706,7,5,4,2706,0,0,0,,0,002,"PACIFIC ST","ALAMEDA ST",286.00,S,N,A,-,N,,,,,,,,,,N,2,0,1,1,A,-,03,22350,,N,H,A,A,A,H,-,D,D,0,,,Y,,Y,,C,02,1,0,0,0,0,0,0,0,1,"- ","- ",,,MONTEREY,MONTEREY,-121.90087890625,36.588050842285156
8688167,2018,2018-09-10,2706,2018-08-13,1323,395,,1,5,4,2706,0,0,0,,0,002,"DELMONTE AV","FIGUEROA AV",50.00,W,N,B,-,N,,,,,,,,,,N,4,0,1,2,A,-,03,22350,,N,C,C,A,A,H,-,A,A,0,,,,,Y,,A,01,0,0,1,0,0,0,0,0,0,"- ","- ",,,MONTEREY,MONTEREY,-121.89020538330078,36.600288391113281
8688171,2018,2018-09-10,2706,2018-08-20,1925,635,MPD,1,5,4,2706,0,0,0,,0,001,FRANKLIN,"VAN BUREN",0.00,,Y,A,-,N,,,,,,,,,,Y,4,0,1,2,A,-,12,21453,A,N,D,C,A,A,H,-,A,A,0,,,,,Y,,A,07,0,0,1,0,0,0,0,0,0,"- ","- ",,,MONTEREY,MONTEREY,-121.89743041992188,36.600570678710938
8688288,2018,2018-09-10,2712,2018-07-31,1450,1192,2712,2,5,3,2712,0,0,0,,0,001,"IMJIN PW","IMJIN RD",18.00,E,N,B,-,N,,,,,,,,,,Y,4,0,1,2,A,-,03,22350,,N,C,C,A,A,H,-,A,A,0,,,Y,,Y,,C,02,0,0,1,0,0,0,0,0,1,"- ","- ",,,MONTEREY,MARINA,-121.79131317138672,36.661727905273438
8688501,2018,2018-09-12,2706,2018-08-29,1654,021,2706,3,5,4,2706,0,0,0,,0,003,"DEL MONTE AV","CASA VERDE WY",0.00,,Y,B,-,N,,,,,,,,,,N,2,0,1,2,A,-,07,21658,A,N,B,C,A,A,H,-,A,A,0,,,Y,,Y,,C,02,1,0,0,0,0,0,0,0,1,"- ","- ",,,MONTEREY,MONTEREY,-121.86660003662109,36.602081298828125
8688612,2018,2018-09-27,2706,2018-08-24,1705,121,MPD,5,5,4,2706,0,0,0,,0,001,"FOAM ST","HOFFMAN AV",18.00,S,N,A,-,N,,,,,,,,,,Y,3,0,2,2,A,-,07,21658,A,N,B,C,A,A,H,-,A,A,0,,,,,Y,,A,07,0,2,0,0,0,0,0,0,0,"- ","- ",,,MONTEREY,MONTEREY,-121.90084838867188,36.613967895507812
8688616,2018,2018-09-27,2706,2018-08-16,1945,826,2706,4,5,4,2706,0,0,0,,0,002,"DEL MONTE CTR","DEL MONTE CTR 1410",0.00,,Y,A,-,N,,,,,,,,,,N,4,0,1,2,A,-,21,22106,,N,H,C,A,A,H,-,A,D,0,,,,,Y,,A,01,0,0,1,0,0,0,0,0,0,"- ","- ",,,MONTEREY,MONTEREY,,
8688620,2018,2018-09-27,2706,2018-08-21,1350,395,2706,2,5,4,2706,0,0,0,,0,003,"NORTH FREMONT ST","CASANOVA AV",250.00,E,N,A,-,N,,,,,,,,,,N,4,0,1,2,A,-,08,22107,,N,B,G,A,A,H,-,A,D,0,,Y,,,Y,,A,01,0,0,1,0,0,0,1,0,0,"- ","- ",,,MONTEREY,MONTEREY,-121.85243225097656,36.597908020019531
8688624,2018,2018-09-27,2706,2018-08-30,1416,123,2706,4,5,4,2706,0,0,0,,0,002,"WASHINGTON ST","FRANKLIN ST",170.00,N,N,-,-,N,,,,,,,,,,N,4,0,1,2,A,-,21,22106,,N,B,C,A,-,-,-,-,A,0,,,,,Y,,A,01,0,0,1,0,0,0,0,0,0,"- ","- ",,,MONTEREY,MONTEREY,-121.89244079589844,36.60015869140625
8688628,2018,2018-09-27,2706,2018-08-20,1818,177,MONTE,1,5,4,2706,0,0,0,,0,002,"PEARL ST","EL ESTERO",596.00,E,N,A,-,N,,,,,,,,,,Y,2,0,6,3,A,-,01,23153,A,N,B,C,A,A,H,-,A,D,0,,,,,Y,Y,A,07,2,2,2,0,0,0,0,0,0,"- ","- ",,,MONTEREY,MONTEREY,,
8688675,2017,2018-09-10,2708,2017-06-21,1723,12507,,3,5,6,2708,0,0,0,,0,007,"RT 68","CLAY ST",0.00,,Y,A,-,Y,MON,5,68,-,-,21.074,I,5,W,N,4,0,1,2,A,-,11,21954,A,N,G,B,E,A,H,-,A,D,0,Y,,,,Y,,N,60,0,0,1,0,1,0,0,0,0,"- ","- ",,,MONTEREY,SALINAS,-121.65481692,36.671073319999998
8692186,2018,2018-12-28,2703,2018-08-21,2046,5056,2703,2,5,2,2703,0,0,0,,0,ALL,"5TH ST","RT 101",0.00,,Y,A,-,Y,MON,5,101,-,-,45.524,R,4,N,N,3,0,1,2,B,-,22,,,N,A,C,A,A,H,-,C,D,0,,,,,Y,,A,01,0,1,0,0,0,0,0,0,0,"- ",NF,,,MONTEREY,GONZALES,-121.17384338378906,36.230381011962891
8692827,2018,2018-10-09,2712,2018-09-13,2137,1073,,4,5,3,2712,0,0,0,,0,001,"DEL MONTE BL","PALM AV",0.00,,Y,A,-,N,,,,,,,,,,N,4,0,1,2,D,-,00,,,N,B,C,A,A,H,-,C,A,0,,,,,Y,,-,"- ",0,0,1,0,0,0,0,0,0,"- ","- ",,,MONTEREY,MARINA,-121.80368041992188,36.683448791503906
8692853,2018,2018-10-08,2704,2018-08-19,1730,7641,2400,7,5,3,2704,0,0,0,,0,001,"13TH ST","PGE POLE 110473252",46.00,S,N,A,-,N,,,,,,,,,,Y,2,0,1,2,A,-,03,22350,,N,C,C,A,A,H,-,A,D,0,,,,,Y,,A,01,1,0,0,0,0,0,0,0,0,"- ","- ",,,MONTEREY,GREENFIELD,,
8695640,2018,2018-09-26,2710,2018-07-04,2223,40408,,3,5,4,2710,0,0,0,,0,01A,"DEL MONTE BL","FREMONT BL",89.00,W,N,A,-,N,,,,,,,,,,Y,4,0,1,1,A,-,08,22107,,N,E,I,A,A,H,-,C,A,0,,,,,Y,,A,01,0,0,1,0,0,0,0,0,0,"- ","- ",,,MONTEREY,SEASIDE,-121.84098815917969,36.622230529785156
8695644,2018,2018-09-26,2710,2018-07-09,0844,40397,,1,5,4,2710,0,0,0,,0,002,"FREMONT BL","CLEMENTINA AV",0.00,,Y,A,-,N,,,,,,,,,,Y,4,0,2,2,A,-,12,21453,A,N,D,C,A,A,H,-,A,A,0,,,,,Y,,A,01,0,0,2,0,0,0,0,0,0,"- ","- ",,,MONTEREY,SEASIDE,-121.84462738037109,36.610870361328125
8695648,2018,2018-09-26,2710,2018-07-10,1907,40404,MARIN,2,5,4,2710,0,0,0,,0,01A,"COE AV","POLE # 183",330.00,W,N,A,-,N,,,,,,,,,,Y,4,0,2,1,A,-,08,22107,,N,A,I,A,A,H,-,A,D,0,,,,,Y,,A,07,0,0,2,0,0,0,0,0,0,"- ","- ",,,MONTEREY,SEASIDE,,
8695652,2018,2018-09-26,2710,2018-07-15,0520,40406,,7,5,4,2710,0,0,0,,0,003,"CALAVERAS ST","PALM AV",0.00,,Y,B,-,N,,,,,,,,,,N,4,0,1,2,A,-,09,21804,A,F,A,G,A,A,H,-,B,D,0,,Y,,,Y,,A,01,0,0,1,0,0,0,1,0,0,"- ","- ",,,MONTEREY,SEASIDE,-121.84751892089844,36.608428955078125
8695771,2018,2018-10-29,2706,2018-09-10,1816,121,MPD,1,5,4,2706,0,0,0,,0,003,"DEL MONTE AV","PALO VERDE AV",386.00,E,N,A,-,N,,,,,,,,,,N,4,0,1,3,A,-,03,22350,,N,C,C,A,A,H,-,A,D,0,,,,,Y,,D,22,0,0,1,0,0,0,0,0,0,"- ","- ",,,MONTEREY,MONTEREY,-121.86824035644531,36.601356506347656
8695816,2018,2018-12-28,2708,2018-08-10,1620,59989,SPD,5,5,6,2708,0,0,0,,0,009,"RT 68","E SAN JOAQUIN ST",27.00,N,N,A,-,Y,MON,5,68,-,-,20.220,H,-,W,N,4,0,1,2,A,-,03,22350,,N,C,C,A,A,H,-,A,A,0,,,,,Y,,D,22,0,0,1,0,0,0,0,0,0,"- ","- ",,,MONTEREY,SALINAS,-121.65903472900391,36.659065246582031
8696066,2018,2018-12-28,2706,2018-08-25,1458,123,2706,6,5,4,2706,0,0,0,,0,003,"RT 68","UTILITY POLE 1188",0.00,,Y,-,-,Y,MON,5,68,-,-,5.570,H,-,W,N,4,0,2,2,A,-,03,22350,,N,C,C,A,-,-,-,-,A,0,,,,,Y,,A,01,0,0,2,0,0,0,0,0,0,"- ","- ",,,MONTEREY,MONTEREY,-121.84974670410156,36.583988189697266
8697435,2018,2018-10-18,2706,2018-09-29,0913,505,2706,6,5,4,2706,0,0,0,,0,003,"DEL MONTE AV","SLOAT AV",0.00,,Y,A,-,N,,,,,,,,,,Y,4,0,2,2,A,-,09,21801,A,N,D,C,A,A,H,-,A,A,0,,,,,Y,,D,22,0,0,2,0,0,0,0,0,0,"- ","- ",,,MONTEREY,MONTEREY,-121.87888336181641,36.599861145019531
8697513,2018,2018-09-24,2712,2018-08-28,0713,1057,2712,2,5,3,2712,0,0,0,,0,001,"CALIFORNIA AV","DX DR",25.00,N,N,A,-,N,,,,,,,,,,Y,4,0,2,1,A,-,01,23153,A,N,F,I,A,A,H,-,A,A,0,,,,,Y,Y,A,01,0,0,2,0,0,0,0,0,0,"- ","- ",,,MONTEREY,MARINA,-121.79879760742188,36.663833618164062
8698669,2018,2018-09-21,2712,2018-09-08,0253,1073,,6,5,3,2712,0,0,0,,0,001,"CALIFORNIA AV","EXETER PL",163.00,N,N,A,-,N,,,,,,,,,,N,3,0,1,2,A,-,01,23152,A,N,E,E,A,A,H,-,C,D,0,,,,,Y,Y,A,01,0,1,0,0,0,0,0,0,0,"- ","- ",,,MONTEREY,MARINA,-121.78569793701172,36.679424285888672
8698708,2018,2018-10-19,2707,2018-08-31,1855,2217,2707,5,5,3,2707,0,0,0,,0,002,"OCEAN VIEW BL","OCEAN VIEW BL 700",0.00,,N,A,-,N,,,,,,,,,,N,4,0,1,2,A,-,08,22107,,N,B,G,A,A,H,-,A,D,0,,Y,,,Y,,A,01,0,0,1,0,0,0,1,0,0,"- ","- ",,,MONTEREY,"PACIFIC GROVE",,
8698981,2018,2018-09-26,2712,2018-08-14,1212,1057,,2,5,3,2712,0,0,0,,0,001,"GENERAL STILLWELL DR","2ND AV",456.00,W,N,A,-,N,,,,,,,,,,N,4,0,1,2,A,-,03,22350,,N,G,B,B,A,H,-,A,A,0,Y,,,,Y,,A,01,0,0,1,0,1,0,0,0,0,"- ","- ",,,MONTEREY,MARINA,-121.81082916259766,36.666122436523438
8699098,2018,2018-09-27,2712,2018-09-02,1722,1180,,7,5,3,2712,0,0,0,,0,001,"RESERVATION RD","CRESCENT AV",55.00,W,N,A,-,N,,,,,,,,,,N,4,0,1,2,B,-,22,,,N,G,B,F,A,H,-,A,D,0,Y,,,,Y,,A,07,0,0,1,0,1,0,0,0,0,"- ","- ",,,MONTEREY,MARINA,-121.79199981689453,36.683887481689453
8699142,2018,2018-09-27,2708,2018-08-09,1939,19003,,4,5,6,2708,0,0,0,,0,010,"E ALISAL ST",HOLADAY,0.00,,Y,A,-,N,,,,,,,,,,N,4,0,1,2,A,-,09,21801,A,N,D,C,A,A,H,-,A,D,0,,,,,Y,,-,,0,0,1,0,0,0,0,0,0,"- ","- ",,,MONTEREY,SALINAS,-121.62899780273438,36.673049926757812
8699146,2018,2018-09-27,2708,2018-08-22,0546,B0348,MONTE,3,5,6,2708,0,0,0,,0,010,"NORTH SANBORN RD","CIRCLE DR",30.00,S,N,A,-,N,,,,,,,,,,N,3,0,1,3,A,-,03,22350,,N,C,C,A,A,H,-,A,A,0,,,,,Y,,-,,0,1,0,0,0,0,0,0,0,"- ","- ",,,MONTEREY,SALINAS,-121.62531280517578,36.678939819335938
8699150,2018,2018-09-27,2708,2018-08-14,2053,03778,2708,2,5,6,2708,0,0,0,,0,002,"WEST CURTIS ST","TYLER ST",0.00,,Y,A,-,N,,,,,,,,,,N,3,0,1,2,A,-,14,21201,D,N,D,G,A,A,H,-,C,D,0,,Y,,,Y,,L,04,0,1,0,0,0,0,1,0,0,"- ","- ",,,MONTEREY,SALINAS,-121.65827178955078,36.701591491699219
8699154,2018,2018-09-27,2708,2018-08-05,1746,19735,SALIN,7,5,6,2708,0,0,0,,0,006,"CALLE DEL ADOBE","N DAVIS",168.00,W,N,A,-,N,,,,,,,,,,Y,4,0,1,2,A,-,07,21658,A,F,C,C,A,A,-,-,A,A,0,,,,,Y,Y,-,,0,0,1,0,0,0,0,0,0,"- ","- ",,,MONTEREY,SALINAS,-121.66866302490234,36.697956085205078
8699158,2018,2018-09-27,2708,2018-08-03,1559,25182,SALIN,5,5,6,2708,0,0,0,,0,002,"W ALVIN DR","NORTH MAIN ST",180.00,W,N,A,-,N,,,,,,,,,,N,4,0,1,2,A,-,03,22350,,N,C,C,A,A,H,-,A,A,0,,,,,Y,,-,,0,0,1,0,0,0,0,0,0,"- ","- ",,,MONTEREY,SALINAS,-121.65427398681641,36.707778930664062
8699162,2018,2018-09-27,2708,2018-08-02,1601,25154,"S PD",4,5,6,2708,0,0,0,,0,005,"NORTH MAIN ST","BERNAL DR",600.00,N,N,A,-,N,,,,,,,,,,Y,4,0,2,3,A,-,03,22350,,N,C,C,A,A,H,-,A,A,0,,,,,Y,,-,,0,0,2,0,0,0,0,0,0,"- ","- ",,,MONTEREY,SALINAS,-121.65235137939453,36.691616058349609
8699166,2018,2018-09-27,2708,2018-08-10,1853,59989,SALIN,5,5,6,2708,0,0,0,,0,007,"RIKER ST","CLAY ST",14.00,N,N,B,-,N,,,,,,,,,,Y,3,0,1,4,A,-,01,23152,F,M,B,E,A,A,H,-,B,D,0,,,,,Y,,-,,0,1,0,0,0,0,0,0,0,"- ","- ",,,MONTEREY,SALINAS,-121.66053009033203,36.669948577880859
8699170,2018,2018-09-27,2708,2018-08-10,2017,97440,,5,5,6,2708,0,0,0,,0,,"BARDIN RD","WILLIAMS RD",360.00,E,N,B,-,N,,,,,,,,,,N,3,0,1,2,B,-,22,,,F,D,G,A,A,H,-,B,D,0,,Y,,,Y,,L,04,0,1,0,0,0,0,1,0,0,"- ","- ",,,MONTEREY,SALINAS,-121.60630035400391,36.678852081298828
8699174,2018,2018-09-27,2708,2018-08-14,1802,87875,,2,5,6,2708,0,0,0,,0,007,"W ALISAL ST","COLLEGE ST",0.00,,Y,A,-,N,,,,,,,,,,Y,4,0,1,2,A,-,01,23152,A,N,D,C,A,A,H,-,A,D,0,,,,,Y,Y,A,01,0,0,1,0,0,0,0,0,0,"- ","- ",,,MONTEREY,SALINAS,-121.67051696777344,36.671180725097656
8699178,2018,2018-10-19,2708,2018-08-06,1621,03778,2708,1,5,6,2708,0,0,0,,0,005,"EAST LAUREL DR","NOICE DR",0.00,,Y,A,-,N,,,,,,,,,,N,4,0,1,2,A,-,04,21703,,M,C,C,A,A,H,-,A,D,0,,,,,Y,,A,01,0,0,1,0,0,0,0,0,0,"- ","- ",,,MONTEREY,SALINAS,-121.65084838867188,36.699131011962891
8699182,2018,2018-09-27,2708,2018-08-03,0503,54383,MONTE,5,5,6,2708,0,0,0,,0,002,"WEST LAUREL DR","ADAMS ST",0.00,,Y,A,-,N,,,,,,,,,,Y,4,0,1,2,D,-,00,,,N,D,C,A,A,H,-,C,A,0,,,,,Y,,-,"- ",0,0,1,0,0,0,0,0,0,"- ","- ",,,MONTEREY,SALINAS,-121.66246032714844,36.698009490966797
8699186,2018,2018-09-27,2708,2018-08-18,0033,54353,,6,5,6,2708,0,0,0,,0,006,"NORTH DAVIS RD","WESTRIDGE WY",2144.00,N,N,A,-,N,,,,,,,,,,N,2,0,1,2,A,-,11,21954,A,N,G,B,D,A,H,-,D,D,0,Y,,,,Y,,N,60,1,0,0,0,1,0,0,0,0,"- ","- ",,,MONTEREY,SALINAS,-121.66453552246094,36.70953369140625
8699364,2018,2018-10-02,2708,2018-07-31,1730,56525,SALIN,2,5,6,2708,0,0,0,,0,012,"E MARKE ST","SANBORN RD",137.00,E,N,A,-,N,,,,,,,,,,N,4,0,1,2,A,-,03,22350,,F,C,C,A,A,H,-,A,D,0,,,,,Y,,-,,0,0,1,0,0,0,0,0,0,"- ","- ",,,MONTEREY,SALINAS,,
8699415,2018,2018-10-02,2708,2018-07-31,0015,80215,,2,5,6,2708,0,0,0,,0,004,"CONSTITUTION BL","CAPE COD WY",34.00,S,N,A,-,N,,,,,,,,,,N,3,0,1,2,A,-,09,21804,A,N,-,G,A,A,H,-,C,D,0,,Y,,,Y,,L,04,0,1,0,0,0,0,1,0,0,"- ","- ",,,MONTEREY,SALINAS,-121.61061859130859,36.699756622314453
8700585,2018,2018-11-27,2706,2018-09-07,2212,810,MPD,5,5,4,2706,0,0,0,,0,002,"CAMINO AGUAJITO","FREMONT ST",0.00,,Y,B,-,Y,MON,5,1,-,R,77.550,R,4,S,N,4,0,1,3,A,-,12,21453,A,N,B,C,A,A,H,-,C,A,0,,,Y,,Y,,A,01,0,0,1,0,0,0,0,0,1,"- ","- ",,,MONTEREY,MONTEREY,-121.8782958984375,36.593036651611328
8700845,2018,2018-10-22,2708,2018-07-27,2223,13133,SALIN,5,5,6,2708,0,0,0,,0,008,MONTEREY,"GABILAN ST",0.00,,Y,A,-,N,,,,,,,,,,N,3,0,1,2,A,-,12,21453,A,N,D,C,A,A,H,-,A,A,0,,,,,Y,,A,01,0,1,0,0,0,0,0,0,0,"- ","- ",,,MONTEREY,SALINAS,-121.65409088134766,36.675811767578125
8700861,2018,2018-12-28,2708,2018-08-13,2040,4125,,1,5,6,2708,0,0,0,,0,006,"RT 183","CASENTINI ST",85.00,N,N,A,-,Y,MON,5,183,-,-,0.220,H,-,S,N,4,0,1,2,A,-,09,21804,A,N,D,G,A,A,H,-,B,D,0,,Y,,,Y,,A,08,0,0,1,0,0,0,1,0,0,"- ","- ",,,MONTEREY,SALINAS,-121.65298461914062,36.683731079101562
8700865,2018,2018-12-28,2708,2018-08-15,0849,71633,SALIN,3,5,6,2708,0,0,0,,0,008,"RT 183","EAST MARKET ST",11.00,N,N,A,-,Y,MON,5,183,-,-,0.710,I,5,N,N,3,0,1,2,A,-,11,21456,B,N,A,B,B,A,H,-,A,A,0,Y,,,,Y,,N,60,0,1,0,0,1,0,0,0,0,"- ","- ",,,MONTEREY,SALINAS,-121.65650177001953,36.677768707275391
8700869,2018,2018-12-28,2708,2018-08-17,0504,75362,,5,5,6,2708,0,0,0,,0,008,"WEST MARKET ST","STONE ST",177.00,W,N,A,-,Y,MON,5,183,-,-,0.890,H,-,N,N,2,0,1,2,A,-,11,21954,A,N,G,B,D,A,H,-,C,D,0,Y,,,,Y,Y,N,60,1,0,0,0,1,0,0,0,0,"- ","- ",,,MONTEREY,SALINAS,-121.65917205810547,36.678745269775391
8700936,2018,2018-10-01,2708,2018-08-20,0648,13133,,1,5,6,2708,0,0,0,,0,012,"SCONBERG PKWY","ALISAL RD",0.00,,Y,A,-,N,,,,,,,,,,Y,3,0,1,2,A,-,09,21801,A,N,D,C,A,A,H,-,A,D,0,,,,,Y,,-,,0,1,0,0,0,0,0,0,0,"- ","- ",,,MONTEREY,SALINAS,-121.60072326660156,36.672481536865234
8701110,2018,2018-10-26,2710,2018-07-05,0654,40411,,4,5,4,2710,0,0,0,,0,002,"CANYON DEL REY BL","SAN DUNES DR",19.00,W,N,B,-,Y,MON,5,1,-,R,79.540,R,4,S,Y,4,0,1,2,A,-,08,22107,,F,A,C,A,A,H,-,A,A,0,,,,,Y,,A,01,0,0,1,0,0,0,0,0,0,"- ","- ",,,MONTEREY,SEASIDE,-121.85542297363281,36.611892700195312
8701233,2018,2018-09-20,2706,2018-09-05,2134,222,2706,3,5,4,2706,0,0,0,,0,001,"DAVID AV","LAINE ST",56.00,E,N,A,-,N,,,,,,,,,,Y,3,0,1,2,A,-,01,23152,A,N,E,E,A,A,H,-,C,D,0,,,,,Y,Y,A,01,0,1,0,0,0,0,0,0,0,"- ","- ",,,MONTEREY,MONTEREY,-121.90611267089844,36.616046905517578
8701429,2018,2018-09-24,2706,2018-08-28,0924,346,MPD,2,5,4,2706,0,0,0,,0,002,AGUAJITO,"MARK THOMAS DR",0.00,,Y,B,-,N,,,,,,,,,,Y,3,0,1,2,A,-,09,21801,A,N,A,C,A,A,H,-,A,A,0,,,,,Y,,A,07,0,1,0,0,0,0,0,0,0,"- ","- ",,,MONTEREY,MONTEREY,-121.88011932373047,36.591098785400391
8701433,2018,2018-10-12,2706,2018-08-20,2000,177,MONTE,1,5,4,2706,0,0,0,,0,001,PACIFIC,"DEL MONTE",90.00,N,N,A,-,N,,,,,,,,,,N,4,0,1,2,A,-,03,22350,,N,C,C,A,A,H,-,B,A,0,,,,,Y,,A,07,0,0,1,0,0,0,0,0,0,"- ","- ",,,MONTEREY,MONTEREY,-121.89544677734375,36.601383209228516
8701437,2018,2018-09-24,2706,2018-08-30,0252,335,2706,4,5,4,2706,0,0,0,,0,002,"FREMONT ST","MESA RD",140.00,W,N,-,-,N,,,,,,,,,,Y,4,0,1,1,A,-,01,23152,F,N,E,I,A,A,H,-,C,D,0,,,,,Y,,A,01,0,0,1,0,0,0,0,0,0,"- ","- ",,,MONTEREY,MONTEREY,-121.88904571533203,36.595054626464844
8701484,2018,2018-09-20,2710,2018-07-13,2309,40406,,5,5,4,2710,0,0,0,,0,01B,"DELMONTE BL","POLE #1025L",61.00,N,N,A,-,N,,,,,,,,,,Y,4,0,2,2,A,-,09,21801,A,N,D,C,A,A,H,-,C,D,0,,,Y,,Y,,A,01,0,0,2,0,0,0,0,0,1,"- ","- ",,,MONTEREY,SEASIDE,,
8701616,2018,2018-09-21,2706,2018-08-30,1345,707,,4,5,4,2706,0,0,0,,0,003,"DEL MONTE AV","RAMONA AV",12.00,W,N,A,-,N,,,,,,,,,,Y,3,0,3,2,A,-,09,21801,A,N,D,C,A,A,H,-,A,D,0,,,,,Y,,A,07,0,2,1,0,0,0,0,0,0,"- ","- ",,,MONTEREY,MONTEREY,-121.86386871337891,36.603313446044922
8702169,2018,2018-10-23,2704,2018-08-11,1313,7150,2704,6,5,3,2704,0,0,0,,0,002,"PEPPER DR","APPLE AV",0.00,,N,A,-,N,,,,,,,,,,N,4,0,1,2,A,-,21,22106,,M,G,B,E,A,H,-,A,D,0,Y,,,,Y,,N,60,0,0,1,0,1,0,0,0,0,"- ","- ",,,MONTEREY,GREENFIELD,-121.23898315429688,36.327720642089844
8703675,2018,2018-10-09,2706,2018-09-21,2216,635,,5,5,4,2706,0,0,0,,0,,"LIGHTHOUSE AV","PRESCOTT AV",136.00,N,N,A,-,N,,,,,,,,,,N,4,0,1,2,A,-,03,22350,,M,C,C,A,A,H,-,C,D,0,,,,,Y,,A,01,0,0,1,0,0,0,0,0,0,"- ","- ",,,MONTEREY,MONTEREY,-121.90294647216797,36.615020751953125
8703680,2018,2018-10-02,2708,2018-08-03,2022,30347,,5,5,6,2708,0,0,0,,0,,"FRONT ST","EAST SAN LUIS ST",0.00,,Y,A,-,N,,,,,,,,,,Y,3,0,1,2,A,-,09,21801,A,N,D,C,A,A,H,-,C,A,0,,,,,Y,,-,,0,1,0,0,0,0,0,0,0,"- ","- ",,,MONTEREY,SALINAS,-121.64874267578125,36.67279052734375
8704001,2018,2018-10-02,2708,2018-07-22,1733,31977,,7,5,6,2708,0,0,0,,0,005,"HEATHER DR","IRIS DR",0.00,,Y,A,-,N,,,,,,,,,,N,4,0,1,2,A,-,17,22517,,N,B,B,A,A,H,-,A,D,0,,,,,Y,,A,01,0,0,1,0,0,0,0,0,0,"- ","- ",,,MONTEREY,SALINAS,-121.65634918212891,36.693328857421875
8704002,2018,2018-10-02,2708,2018-08-04,1915,54440,,6,5,6,2708,0,0,0,,0,012,"TOWT ST","FAIRHAVEN ST",0.00,,Y,A,-,N,,,,,,,,,,Y,3,0,4,2,A,-,09,21804,,N,D,C,A,A,H,-,A,D,0,,,,,Y,,-,,0,2,2,0,0,0,0,0,0,"- ","- ",,,MONTEREY,SALINAS,-121.61608123779297,36.680110931396484
8704005,2018,2018-10-02,2708,2018-07-10,1525,30347,SALIN,2,5,6,2708,0,0,0,,0,012,"WILLIAMS RD","MONTE BELLA BL",17.00,S,N,A,-,N,,,,,,,,,,N,3,0,1,2,A,-,03,22350,,N,C,C,A,A,H,-,A,A,0,,,,,Y,,A,01,0,1,0,0,0,0,0,0,0,"- ","- ",,,MONTEREY,SALINAS,-121.60051727294922,36.683383941650391
8704006,2018,2018-10-02,2708,2018-08-16,1654,35838,SALIN,4,5,6,2708,0,0,0,,0,012,"NORTH SANBORN RD","ACOSTA ST",48.00,N,N,A,-,N,,,,,,,,,,Y,3,0,2,2,A,-,09,21801,A,N,D,C,A,A,H,-,A,D,0,,,,,Y,,-,,0,2,0,0,0,0,0,0,0,"- ","- ",,,MONTEREY,SALINAS,-121.61970520019531,36.683624267578125
8704010,2018,2018-10-02,2708,2018-08-09,1043,30347,,4,5,6,2708,0,0,0,,0,011,"DEL MONTE",WILLIAMS,0.00,,Y,A,-,N,,,,,,,,,,N,2,0,1,2,A,-,11,21954,A,N,G,G,A,A,H,-,C,A,0,,Y,,,Y,,L,04,1,0,0,0,0,0,1,0,0,"- ","- ",,,MONTEREY,SALINAS,-121.60430145263672,36.681201934814453
8704014,2018,2018-10-02,2708,2018-08-18,2042,25182,,6,5,6,2708,0,0,0,,0,002,"WEST LAUREL DR","TYLER ST",7.00,W,N,A,-,N,,,,,,,,,,N,2,0,1,2,A,-,06,21951,,F,-,B,B,A,H,-,C,A,0,Y,,,,Y,,-,,1,0,0,0,1,0,0,0,0,"- ","- ",,,MONTEREY,SALINAS,-121.65945434570312,36.698375701904297
8704018,2018,2018-10-02,2708,2018-08-18,0522,82326,,6,5,6,2708,0,0,0,,0,001,"EAST BORONDA RD","SAN JUAN GRADE RD",0.00,,Y,A,-,N,,,,,,,,,,Y,3,0,2,2,A,-,12,21453,A,N,F,C,A,A,H,-,C,A,0,,,,,Y,,-,,0,2,0,0,0,0,0,0,0,"- ","- ",,,MONTEREY,SALINAS,-121.65117645263672,36.719791412353516