CASE_ID,ACCIDENT_YEAR,PROC_DATE,JURIS,COLLISION_DATE,COLLISION_TIME,OFFICER_ID,REPORTING_DISTRICT,DAY_OF_WEEK,CHP_SHIFT,POPULATION,CNTY_CITY_LOC,SPECIAL_COND,BEAT_TYPE,CHP_BEAT_TYPE,CITY_DIVISION_LAPD,CHP_BEAT_CLASS,BEAT_NUMBER,PRIMARY_RD,SECONDARY_RD,DISTANCE,DIRECTION,INTERSECTION,WEATHER_1,WEATHER_2,STATE_HWY_IND,CALTRANS_COUNTY,CALTRANS_DISTRICT,STATE_ROUTE,ROUTE_SUFFIX,POSTMILE_PREFIX,POSTMILE,LOCATION_TYPE,RAMP_INTERSECTION,SIDE_OF_HWY,TOW_AWAY,COLLISION_SEVERITY,NUMBER_KILLED,NUMBER_INJURED,PARTY_COUNT,PRIMARY_COLL_FACTOR,PCF_CODE_OF_VIOL,PCF_VIOL_CATEGORY,PCF_VIOLATION,PCF_VIOL_SUBSECTION,HIT_AND_RUN,TYPE_OF_COLLISION,MVIW,PED_ACTION,ROAD_SURFACE,ROAD_COND_1,ROAD_COND_2,LIGHTING,CONTROL_DEVICE,CHP_ROAD_TYPE,PEDESTRIAN_ACCIDENT,BICYCLE_ACCIDENT,MOTORCYCLE_ACCIDENT,TRUCK_ACCIDENT,NOT_PRIVATE_PROPERTY,ALCOHOL_INVOLVED,STWD_VEHTYPE_AT_FAULT,CHP_VEHTYPE_AT_FAULT,COUNT_SEVERE_INJ,COUNT_VISIBLE_INJ,COUNT_COMPLAINT_PAIN,COUNT_PED_KILLED,COUNT_PED_INJURED,COUNT_BICYCLIST_KILLED,COUNT_BICYCLIST_INJURED,COUNT_MC_KILLED,COUNT_MC_INJURED,PRIMARY_RAMP,SECONDARY_RAMP,LATITUDE,LONGITUDE,COUNTY,CITY,POINT_X,POINT_Y
8704022,2018,2018-10-02,2708,2018-08-21,1629,87875,SALIN,2,5,6,2708,0,0,0,,0,001,"PRADO ST","PEREZ ST",20.00,W,N,A,-,N,,,,,,,,,,N,3,0,1,3,A,-,03,22350,A,N,A,E,A,A,H,-,A,D,0,,,,,Y,,-,,0,1,0,0,0,0,0,0,0,"- ","- ",,,MONTEREY,SALINAS,-121.65457153320312,36.725749969482422
8704026,2018,2018-10-02,2708,2018-08-27,1603,97440,,1,5,6,2708,0,0,0,,0,,"WILLIAMS RD","MONTE BELLA",417.00,S,N,B,-,N,,,,,,,,,,Y,4,0,1,3,A,-,03,22350,,N,C,C,A,A,H,-,A,D,0,,,,,Y,,-,,0,0,1,0,0,0,0,0,0,"- ","- ",,,MONTEREY,SALINAS,-121.60163116455078,36.682750701904297
8704030,2018,2018-10-02,2708,2018-08-29,2325,16301,,3,5,6,2708,0,0,0,,0,008,"WEST MARKET ST","LINCOLN AV",26.00,W,N,B,-,N,,,,,,,,,,Y,3,0,1,1,A,-,01,23152,A,N,E,I,A,A,H,-,C,A,0,,,,,Y,Y,-,,0,1,0,0,0,0,0,0,0,"- ","- ",,,MONTEREY,SALINAS,-121.65757751464844,36.678207397460938
8704034,2018,2018-10-02,2708,2018-08-25,0749,88215,SALIN,6,5,6,2708,0,0,0,,0,012,"TOWT ST","GRANDHAVEN ST",0.00,,Y,A,-,N,,,,,,,,,,Y,4,0,2,2,A,-,09,21802,A,N,D,C,A,A,H,-,A,D,0,,,,,Y,,-,,0,0,2,0,0,0,0,0,0,"- ","- ",,,MONTEREY,SALINAS,-121.61524200439453,36.680580139160156
8704565,2018,2018-10-10,2710,2018-08-20,1622,40404,MARIN,1,5,4,2710,0,0,0,,0,2A2,"NOCHE BUENA ST","SAN PABLO AV",0.00,,Y,A,-,N,,,,,,,,,,N,4,0,1,2,A,-,03,22350,,N,C,C,A,A,H,-,A,D,0,,,,,Y,,D,22,0,0,1,0,0,0,0,0,0,"- ","- ",,,MONTEREY,SEASIDE,-121.83759307861328,36.614830017089844
8704614,2018,2018-10-18,2710,2018-08-02,1307,40404,MARIN,4,5,4,2710,0,0,0,,0,003,"COE AV","ORD AV",242.00,E,N,A,-,N,,,,,,,,,,Y,3,0,1,1,A,-,08,22107,,N,A,I,A,A,H,-,A,D,0,,,,,Y,Y,D,22,0,1,0,0,0,0,0,0,0,"- ","- ",,,MONTEREY,SEASIDE,-121.83043670654297,36.625930786132812
8704626,2018,2018-10-10,2710,2018-08-05,2345,40392,SALIN,7,5,4,2710,0,0,0,,0,01B,"ELM AV","NOCHE BUENA ST",0.00,,Y,A,-,N,,,,,,,,,,Y,4,0,2,2,A,-,12,22450,A,N,D,C,A,A,H,-,C,A,0,,,,,Y,,A,01,0,0,2,0,0,0,0,0,0,"- ","- ",,,MONTEREY,SEASIDE,-121.8377685546875,36.607528686523438
8704630,2018,2018-10-17,2710,2018-08-08,1746,40406,,3,5,4,2710,0,0,0,,0,003,"ELM AV","HILLSDALE ST",0.00,,Y,A,-,N,,,,,,,,,,Y,3,0,1,2,A,-,09,21802,A,N,D,C,A,A,H,-,A,A,0,,,Y,,Y,,I,11,0,1,0,0,0,0,0,0,1,"- ","- ",,,MONTEREY,SEASIDE,-121.85060119628906,36.607749938964844
8704929,2018,2018-10-08,2701,2018-07-21,1752,209,2701,6,5,2,2701,0,0,0,,0,ALL,"1ST AV","LOBOS ST",0.00,,Y,A,E,N,,,,,,,,,,Y,3,0,1,2,A,-,12,22450,A,N,D,C,A,A,H,-,A,D,0,,,,,Y,,A,01,0,1,0,0,0,0,0,0,0,"- ","- ",,,MONTEREY,CARMEL,-121.91480255126953,36.561859130859375
8706953,2018,2018-11-06,2712,2018-09-21,1848,1033,2712,5,5,3,2712,0,0,0,,0,001,"SALINAS AV","ELLIS CT",16.00,N,N,A,-,N,,,,,,,,,,N,4,0,1,1,A,-,08,22107,,N,E,I,A,A,H,-,A,D,0,,,,,Y,Y,A,01,0,0,1,0,0,0,0,0,0,"- ","- ",,,MONTEREY,MARINA,-121.7796630859375,36.675216674804688
8708022,2018,2018-12-28,2708,2018-07-22,1947,30347,,7,5,6,2708,0,0,0,,0,008,"MERCED ST","E MARKET",0.00,,Y,A,-,Y,MON,5,101,-,-,87.440,R,4,S,N,2,0,1,2,A,-,09,21801,A,N,G,G,A,A,H,-,A,A,0,,Y,,,Y,,L,04,1,0,0,0,0,0,1,0,0,"- ","- ",,,MONTEREY,SALINAS,-121.64190673828125,36.679599761962891
8708036,2018,2019-01-11,2707,2018-09-10,1617,1983,2707,1,5,3,2707,0,0,0,,0,001,"SUNSET DR","GROVE ACRE AV",120.00,W,N,-,-,Y,MON,5,68,-,-,0.350,H,-,W,N,4,0,1,1,A,-,03,22350,,N,-,G,A,-,-,-,A,-,0,,Y,,,Y,,L,04,0,0,1,0,0,0,1,0,0,"- ","- ",,,MONTEREY,"PACIFIC GROVE",-121.93375396728516,36.615818023681641
8708102,2018,2018-10-11,2706,2018-09-19,1527,851,,3,5,4,2706,0,0,0,,0,003,"RT 68","OLMSTED RD",0.00,,Y,A,-,N,,,,,,,,,,Y,4,0,4,4,A,-,03,22350,,N,C,C,A,A,H,-,A,A,0,,,,,Y,,A,08,0,0,4,0,0,0,0,0,0,"- ","- ",,,MONTEREY,MONTEREY,,
8708567,2018,2018-10-26,2708,2018-09-09,1418,31831,,7,5,6,2708,0,0,0,,0,,"NEW DEAL AV","DEL MONTE AV",207.00,S,N,A,-,N,,,,,,,,,,N,4,0,1,4,A,-,13,22515,A,N,B,B,E,A,H,-,A,A,0,Y,,,,Y,,J,,0,0,1,0,1,0,0,0,0,"- ","- ",,,MONTEREY,SALINAS,-121.60726165771484,36.683612823486328
8709390,2018,2018-10-10,2710,2018-08-29,1122,40401,MARIN,3,5,4,2710,0,0,0,,0,02A,"FREMONT BL","FREMONT BL 1100",0.00,,Y,A,-,N,,,,,,,,,,N,4,0,3,2,A,-,04,21703,,N,C,C,A,A,D,-,A,B,0,,,,,Y,,A,01,0,0,3,0,0,0,0,0,0,"- ","- ",,,MONTEREY,SEASIDE,,
8709394,2018,2018-10-10,2710,2018-08-31,2237,40407,2710,5,5,4,2710,0,0,0,,0,,"LIGHT FIGHTER DR","2ND AV",214.00,W,N,A,-,N,,,,,,,,,,Y,3,0,1,1,A,-,08,22107,,N,F,J,A,A,B,-,C,A,0,,,Y,,Y,,C,02,0,1,0,0,0,0,0,0,1,"- ","- ",,,MONTEREY,SEASIDE,-121.81045532226562,36.647895812988281
8709398,2018,2018-10-10,2710,2018-08-13,2017,40411,MARIN,1,5,4,2710,0,0,0,,0,011,"FREMONT BL","CLEMENTINA AV",47.00,N,N,A,-,N,,,,,,,,,,Y,3,0,2,2,A,-,04,21703,,N,C,C,A,A,H,-,C,A,0,,,,,Y,,A,01,0,1,1,0,0,0,0,0,0,"- ","- ",,,MONTEREY,SEASIDE,-121.84456634521484,36.610988616943359
8709402,2018,2018-11-02,2710,2018-08-01,1553,40401,MARIN,3,5,4,2710,0,0,0,,0,,"BROADWAY AV","NOCHE BUENA ST",0.00,,Y,A,-,N,,,,,,,,,,Y,4,0,1,2,A,-,12,21453,A,N,D,C,A,A,H,-,A,A,0,,,,,Y,,-,"- ",0,0,1,0,0,0,0,0,0,"- ","- ",,,MONTEREY,SEASIDE,-121.83773040771484,36.609031677246094
8710427,2018,2018-11-02,2712,2018-01-06,2056,66044,,6,5,3,2712,0,0,0,,0,,"DEL MONTE","PALM AV",0.00,,Y,A,-,N,,,,,,,,,,N,4,0,1,2,A,-,12,21453,A,N,D,G,A,A,H,-,C,A,0,,Y,,,Y,Y,L,04,0,0,1,0,0,0,1,0,0,"- ","- ",,,MONTEREY,MARINA,-121.80368041992188,36.683448791503906
8711147,2018,2018-11-05,2704,2018-09-24,1627,6598,2400,1,5,3,2704,0,0,0,,0,001,"OAK AV","1166 OAK AV",0.00,,N,A,-,N,,,,,,,,,,Y,4,0,1,2,A,-,09,21801,A,N,D,C,A,A,H,-,A,D,0,,,,,Y,,A,01,0,0,1,0,0,0,0,0,0,"- ","- ",,,MONTEREY,GREENFIELD,,
8711241,2018,2018-10-29,2707,2018-10-04,1546,2190,2707,4,5,3,2707,0,0,0,,0,001,"FOREST AV","SUNSET DR",0.00,,Y,A,-,N,,,,,,,,,,Y,4,0,1,2,A,-,04,21703,,N,C,C,A,A,H,-,A,D,0,,,,,Y,,A,01,0,0,1,0,0,0,0,0,0,"- ","- ",,,MONTEREY,"PACIFIC GROVE",-121.92250061035156,36.610198974609375
8711282,2018,2018-11-01,2704,2018-10-01,1759,7478,2704,1,5,3,2704,0,0,0,,0,002,"EL CAMINO REAL","WALNUT AV",0.00,,Y,A,-,N,,,,,,,,,,N,4,0,1,2,A,-,07,21658,A,N,G,B,A,A,H,-,A,A,0,,Y,,,Y,,L,04,0,0,1,0,0,0,1,0,0,"- ","- ",,,MONTEREY,GREENFIELD,-121.24848175048828,36.326820373535156
8712561,2018,2018-10-22,2708,2018-09-02,2014,13123,,7,5,6,2708,0,0,0,,0,008,"LINCOLN AV","WEST MARKET ST",4.00,S,N,A,-,N,,,,,,,,,,N,4,0,1,2,A,-,10,21950,A,F,G,B,B,A,H,-,C,A,0,Y,,,,Y,,D,22,0,0,1,0,1,0,0,0,0,"- ","- ",,,MONTEREY,SALINAS,-121.65750885009766,36.678169250488281
8712652,2018,2018-10-26,2708,2018-08-22,1233,54383,MONTE,3,5,6,2708,0,0,0,,0,,"SOUTH MAIN","MAPLE ST",15.00,S,N,A,-,N,,,,,,,,,,Y,4,0,1,3,A,-,04,21703,,N,C,C,A,A,H,-,A,D,0,,,,Y,Y,,A,01,0,0,1,0,0,0,0,0,0,"- ","- ",,,MONTEREY,SALINAS,-121.65566253662109,36.668418884277344
8712664,2018,2018-10-22,2708,2018-09-17,1120,13123,SALIN,1,5,6,2708,0,0,0,,0,007,"CLAY ST","SALINAS ST",0.00,,Y,A,-,N,,,,,,,,,,N,4,0,1,2,A,-,09,21802,A,N,-,D,A,A,H,-,A,-,0,,,,,Y,,D,22,0,0,1,0,0,0,0,0,0,"- ","- ",,,MONTEREY,SALINAS,-121.65580749511719,36.670459747314453
8712825,2018,2018-10-24,2708,2018-09-28,0603,18945,,5,5,6,2708,0,0,0,,0,005,"W MAIN ST","W BERNAL DR",125.00,N,N,B,-,N,,,,,,,,,,Y,3,0,3,2,A,-,03,22350,,N,C,C,A,B,H,-,B,A,0,,,,,Y,,-,,0,1,2,0,0,0,0,0,0,"- ","- ",,,MONTEREY,SALINAS,-121.65244293212891,36.690311431884766
8712829,2018,2018-10-24,2708,2018-09-30,1731,31968,,7,5,6,2708,0,0,0,,0,012,"SOUTH SANBORN RD","MCGOWAN DR",25.00,W,N,A,-,N,,,,,,,,,,Y,4,0,1,2,A,-,08,22107,,N,D,C,A,A,H,-,A,D,0,,,,,Y,,D,22,0,0,1,0,0,0,0,0,0,"- ","- ",,,MONTEREY,SALINAS,-121.62757873535156,36.670921325683594
8712833,2018,2018-10-24,2708,2018-09-22,1843,08775,,6,5,6,2708,0,0,0,,0,012,"WILLIAMS RD","WIREN ST",0.00,,Y,A,-,N,,,,,,,,,,,3,0,4,2,A,-,09,21801,A,N,B,C,A,A,H,-,A,D,0,,,,,Y,,A,01,0,2,2,0,0,0,0,0,0,"- ","- ",,,MONTEREY,SALINAS,-121.60513305664062,36.680740356445312
8712837,2018,2018-10-24,2708,2018-09-18,0349,00589,NORTH,2,5,6,2708,0,0,0,,0,005,"NORTH MAIN ST","IRIS DR",0.00,,Y,A,-,N,,,,,,,,,,Y,2,0,1,2,A,-,11,21954,A,N,G,B,B,A,H,-,C,A,0,Y,,,,Y,,N,60,1,0,0,0,1,0,0,0,0,"- ","- ",,,MONTEREY,SALINAS,-121.65223693847656,36.693168640136719
8712841,2018,2018-10-23,2708,2018-09-06,1822,04113,,4,5,6,2708,0,0,0,,0,004,"EAST LAUREL DR","CONSTITUTION BL",107.00,E,N,A,-,N,,,,,,,,,,N,4,0,2,2,A,-,03,22350,,N,C,C,A,A,H,-,A,A,0,,,,,Y,,-,,0,0,2,0,0,0,0,0,0,"- ","- ",,,MONTEREY,SALINAS,-121.63204193115234,36.694290161132812
8712845,2018,2018-10-24,2708,2018-09-21,2332,79945,,5,5,6,2708,0,0,0,,0,003,"NATIVIDAD RD","EMERALD WY",0.00,,Y,A,-,N,,,,,,,,,,Y,4,0,1,1,A,-,01,23152,A,M,E,I,A,A,H,-,C,D,0,,,,,Y,Y,-,,0,0,1,0,0,0,0,0,0,"- ","- ",,,MONTEREY,SALINAS,-121.62505340576172,36.711269378662109
8712884,2018,2018-10-29,2708,2018-09-20,1652,04113,,4,5,6,2708,0,0,0,,0,009,"ABBOTT ST","LOS PALOS DR",0.00,,Y,A,-,N,,,,,,,,,,Y,3,0,2,2,A,-,12,21453,A,N,D,C,A,A,H,-,A,A,0,,,,,Y,Y,D,22,0,2,0,0,0,0,0,0,0,"- ","- ",,,MONTEREY,SALINAS,-121.64170074462891,36.662380218505859
8712888,2018,2018-10-29,2708,2018-09-07,0750,49532,SALIN,5,5,6,2708,0,0,0,,0,004,"BORONDA RD",HEMINGWAY,10.00,W,N,A,-,N,,,,,,,,,,N,3,0,2,2,A,-,04,21703,,N,C,C,A,A,H,-,A,A,0,,,,,Y,,A,01,0,2,0,0,0,0,0,0,0,"- ","- ",,,MONTEREY,SALINAS,-121.60977172851562,36.712223052978516
8712891,2018,2018-10-23,2708,2018-09-03,2126,80368,2708,1,5,6,2708,0,0,0,,0,001,"BORONDA RD","NORTH MAIN ST",89.00,E,N,A,-,N,,,,,,,,,,Y,3,0,1,3,A,-,03,22350,A,N,C,C,A,A,H,-,C,D,0,,,,,Y,,A,01,0,1,0,0,0,0,0,0,0,"- ","- ",,,MONTEREY,SALINAS,-121.65592956542969,36.721584320068359
8712892,2018,2018-10-29,2708,2018-09-14,1750,08775,SALIN,5,5,6,2708,0,0,0,,0,010,"E ALISAL ST","N HEBBRON AV",60.00,E,N,A,-,N,,,,,,,,,,Y,4,0,2,2,A,-,03,22350,,N,C,C,A,A,H,-,A,D,0,,,,,Y,,A,01,0,0,2,0,0,0,0,0,0,"- ","- ",,,MONTEREY,SALINAS,-121.63204956054688,36.673358917236328
8712895,2018,2018-10-23,2708,2018-09-12,0912,56525,SALIN,3,5,6,2708,0,0,0,,0,008,"GRIFFIN ST","E ALISAL ST",24.00,N,N,A,-,N,,,,,,,,,,N,2,0,1,2,A,-,11,21954,A,N,G,B,D,A,H,-,A,A,0,Y,,,,Y,,N,60,1,0,0,0,1,0,0,0,0,"- ","- ",,,MONTEREY,SALINAS,-121.64128875732422,36.674343109130859
8712896,2018,2018-10-29,2708,2018-09-20,1743,25182,,4,5,6,2708,0,0,0,,0,004,"EAST LAUREL DR","CONSTITUTION BL",525.00,W,N,A,-,N,,,,,,,,,,N,3,0,1,3,A,-,03,22350,,M,C,C,A,A,H,-,A,A,0,,,,,Y,,D,22,0,1,0,0,0,0,0,0,0,"- ","- ",,,MONTEREY,SALINAS,-121.63384246826172,36.695224761962891
8712899,2018,2018-10-23,2708,2018-09-12,0756,07904,,3,5,6,2708,0,0,0,,0,001,"E BOLIVAR ST","VAN BUREN AV",0.00,,Y,A,-,N,,,,,,,,,,N,3,0,1,2,A,-,10,21950,A,F,D,B,B,A,H,-,A,D,0,Y,,,,Y,Y,A,01,0,1,0,0,0,0,0,0,0,"- ","- ",,,MONTEREY,SALINAS,-121.64977264404297,36.726310729980469
8712900,2018,2018-10-29,2708,2018-09-10,1858,30350,,1,5,6,2708,0,0,0,,0,010,"CIRCLE DR","CIRCLE PL",10.00,W,N,A,-,N,,,,,,,,,,N,4,0,1,2,A,-,11,21954,A,N,-,B,D,A,H,-,A,D,0,Y,,,,Y,,N,60,0,0,1,0,1,0,0,0,0,"- ","- ",,,MONTEREY,SALINAS,-121.62744140625,36.67974853515625
8712903,2018,2018-10-23,2708,2018-09-11,1150,10122,,2,5,6,2708,0,0,0,,0,010,"JOHN ST","MARIGOLD ST",0.00,,Y,A,-,N,,,,,,,,,,Y,3,0,1,2,A,-,09,21804,B,N,D,C,A,A,H,-,A,D,0,,,,,Y,,-,,0,1,0,0,0,0,0,0,0,"- ","- ",,,MONTEREY,SALINAS,-121.63005828857422,36.669471740722656
8712904,2018,2018-10-29,2708,2018-09-24,0123,79945,,1,5,6,2708,0,0,0,,0,002,"ROCHEX AV","CLAREMONT ST",60.00,W,N,A,-,N,,,,,,,,,,Y,3,0,1,2,A,-,01,23152,A,N,A,E,A,A,H,-,C,D,0,,,,,Y,Y,-,,0,1,0,0,0,0,0,0,0,"- ","- ",,,MONTEREY,SALINAS,-121.6551513671875,36.700222015380859
8712907,2018,2018-10-23,2708,2018-09-13,2033,25154,SALIN,4,5,6,2708,0,0,0,,0,010,"S FILICE ST","E ALISAL ST",27.00,S,N,A,-,N,,,,,,,,,,N,3,0,1,2,A,-,05,21650,1,N,D,G,A,A,H,-,C,D,0,,Y,,,Y,,L,04,0,1,0,0,0,0,1,0,0,"- ","- ",,,MONTEREY,SALINAS,-121.63038635253906,36.673114776611328
8712908,2018,2018-10-29,2708,2018-09-18,1430,D8775,SALIN,2,5,6,2708,0,0,0,,0,008,"CENTRAL AV",STOWE,0.00,,N,B,-,N,,,,,,,,,,N,3,0,1,2,A,-,12,22450,A,F,G,G,A,A,H,-,A,D,0,,Y,,,Y,Y,A,01,0,1,0,0,0,0,1,0,0,"- ","- ",,,MONTEREY,SALINAS,,
8712911,2018,2018-10-23,2708,2018-09-08,1757,30347,,6,5,6,2708,0,0,0,,0,008,SALINAS,"W GABILAN ST",100.00,N,N,A,-,N,,,,,,,,,,Y,3,0,1,2,A,-,01,23153,A,F,C,C,A,A,H,-,A,D,0,,,,,Y,Y,-,,0,1,0,0,0,0,0,0,0,"- ","- ",,,MONTEREY,SALINAS,-121.65648651123047,36.675731658935547
8712912,2018,2018-10-29,2708,2018-09-28,1539,19003,,5,5,6,2708,0,0,0,,0,010,"S FILICE ST","E ALISAL ST",270.00,S,N,A,-,N,,,,,,,,,,N,4,0,1,2,A,-,09,21804,A,N,D,C,A,A,H,-,A,D,0,,,,,Y,,-,,0,0,1,0,0,0,0,0,0,"- ","- ",,,MONTEREY,SALINAS,-121.63043975830078,36.672451019287109
8712915,2018,2018-10-23,2708,2018-09-10,1338,13123,,1,5,6,2708,0,0,0,,0,008,"EROSSI ST","SHERWOOD DR",25.00,W,N,A,-,N,,,,,,,,,,N,4,0,1,2,A,-,03,22350,,N,C,C,A,A,H,-,A,A,0,,,,,Y,,A,01,0,0,1,0,0,0,0,0,0,"- ","- ",,,MONTEREY,SALINAS,,
8712916,2018,2018-10-29,2708,2018-09-22,1706,80368,2708,6,5,6,2708,0,0,0,,0,004,"CONSTITUTION BL","LAS CASITAS ST",0.00,,Y,A,-,N,,,,,,,,,,Y,4,0,2,2,A,-,09,21802,A,N,D,C,A,A,H,-,A,D,0,,,,,Y,,-,,0,0,2,0,0,0,0,0,0,"- ","- ",,,MONTEREY,SALINAS,-121.61258697509766,36.698780059814453
8712919,2018,2018-10-23,2708,2018-09-07,1933,87875,,5,5,6,2708,0,0,0,,0,012,"TOWT ST","ACOSTA ST",0.00,,Y,A,-,N,,,,,,,,,,Y,4,0,1,3,A,-,01,23153,B,F,B,C,A,A,H,-,C,D,0,,,,,Y,Y,A,01,0,0,1,0,0,0,0,0,0,"- ","- ",,,MONTEREY,SALINAS,-121.61692047119141,36.679641723632812
8712920,2018,2018-10-29,2708,2018-09-22,1715,98751,SALIN,6,5,6,2708,0,0,0,,0,003,"LOS COCHES AV","HUMBOLDT DR",0.00,,Y,A,-,N,,,,,,,,,,Y,2,0,4,2,A,-,09,21802,A,N,D,C,A,A,H,-,A,A,0,,,,,Y,,A,01,1,3,0,0,0,0,0,0,0,"- ","- ",,,MONTEREY,SALINAS,-121.63043212890625,36.708259582519531
8712923,2018,2018-10-23,2708,2018-09-06,0658,54353,,4,5,6,2708,0,0,0,,0,007,"NORTH DAVIS RD","W ACACIA AV",0.00,,Y,A,-,N,,,,,,,,,,Y,4,0,1,2,A,-,09,21801,A,N,H,I,A,A,H,-,A,D,0,,,,,Y,,-,,0,0,1,0,0,0,0,0,0,"- ","- ",,,MONTEREY,SALINAS,-121.68035125732422,36.672340393066406
8712924,2018,2018-10-29,2708,2018-09-20,1458,53269,,4,5,6,2708,0,0,0,,0,008,"NORTH MAIN ST","CASENTINI ST",520.00,N,N,A,-,N,,,,,,,,,,Y,4,0,1,3,A,-,04,21703,,N,C,C,A,A,H,-,A,D,0,,,,,Y,,-,,0,0,1,0,0,0,0,0,0,"- ","- ",,,MONTEREY,SALINAS,-121.65283966064453,36.685707092285156
8712927,2018,2018-10-23,2708,2018-09-09,2113,30350,SALIN,7,5,6,2708,0,0,0,,0,010,"N HEBBRON AV","EAST MARKET ST",20.00,S,N,A,-,N,,,,,,,,,,Y,4,0,1,3,A,-,01,23152,A,M,C,C,A,A,H,-,C,A,0,,,,,Y,Y,D,22,0,0,1,0,0,0,0,0,0,"- ","- ",,,MONTEREY,SALINAS,-121.63172912597656,36.676494598388672
8712928,2018,2018-10-29,2708,2018-09-25,1712,28315,SALIN,2,5,6,2708,0,0,0,,0,009,"PAJARO ST","WINHAM ST",0.00,,Y,A,-,N,,,,,,,,,,Y,3,0,1,2,A,-,12,22450,A,F,D,C,A,A,H,-,A,A,0,,,,,Y,Y,-,,0,1,0,0,0,0,0,0,0,"- ","- ",,,MONTEREY,SALINAS,-121.65251159667969,36.669639587402344
8712931,2018,2018-10-23,2708,2018-09-01,2222,98751,SALIN,6,5,6,2708,0,0,0,,0,005,"LINWOOD DR","RAINIER DR",0.00,,Y,A,-,N,,,,,,,,,,Y,2,0,1,2,A,-,09,21802,A,F,D,C,A,A,H,-,C,A,0,,,,,Y,,A,01,1,0,0,0,0,0,0,0,0,"- ","- ",,,MONTEREY,SALINAS,-121.64221954345703,36.70281982421875
8712932,2018,2018-10-29,2708,2018-09-25,2026,85123,,2,5,6,2708,0,0,0,,0,012,"WILLIAMS RD","QUILLA ST",110.00,N,N,A,-,N,,,,,,,,,,Y,2,0,2,4,A,-,01,23152,A,N,B,E,A,A,H,-,C,D,0,,,,,Y,Y,-,,1,1,0,0,0,0,0,0,0,"- ","- ",,,MONTEREY,SALINAS,-121.61776733398438,36.673526763916016
8712936,2018,2018-10-29,2708,2018-09-17,0628,79945,,1,5,6,2708,0,0,0,,0,010,"EAST MARKET ST","NORTH MADEIRA AV",0.00,,Y,A,-,N,,,,,,,,,,N,2,0,1,2,A,-,10,21950,A,F,G,B,-,-,H,-,A,A,0,Y,,,,Y,,-,,1,0,0,0,1,0,0,0,0,"- ","- ",,,MONTEREY,SALINAS,-121.63797760009766,36.677181243896484
8712940,2018,2018-10-29,2708,2018-09-14,0540,88215,SALIN,5,5,6,2708,0,0,0,,0,012,"WILLIAMS RD","ALMA AV",12.00,E,N,A,-,N,,,,,,,,,,Y,3,0,1,2,A,-,09,21801,A,N,D,C,A,A,H,-,D,D,0,,,,,Y,,D,22,0,1,0,0,0,0,0,0,0,"- ","- ",,,MONTEREY,SALINAS,-121.60942840576172,36.678287506103516
8712944,2018,2018-10-29,2708,2018-09-02,1238,75635,SALIN,7,5,6,2708,0,0,0,,0,,"OLD STAGE RD","WILLIAMS RD",6.00,,Y,A,-,N,,,,,,,,,,Y,3,0,2,2,A,-,03,22350,,N,C,C,A,A,H,-,A,D,0,,,,,Y,,-,,0,1,1,0,0,0,0,0,0,"- ","- ",,,MONTEREY,SALINAS,-121.57421112060547,36.698440551757812
8713174,2018,2018-11-15,2706,2018-10-18,2043,177,MPD,4,5,4,2706,0,0,0,,0,003,"HANNON AV","TOYON AV",0.00,,Y,A,-,N,,,,,,,,,,Y,4,0,1,3,A,-,03,22350,,N,D,C,A,A,H,-,C,A,0,,,,,Y,,A,07,0,0,1,0,0,0,0,0,0,"- ","- ",,,MONTEREY,MONTEREY,-121.85706329345703,36.599620819091797
8713995,2018,2018-10-19,2707,2018-09-08,1704,2257,2707,6,5,3,2707,0,0,0,,0,002,"FOREST AV","LIGHTHOUSE AV",85.00,S,N,A,-,N,,,,,,,,,,N,2,0,1,2,A,-,07,21658,A,F,G,B,E,A,H,-,A,D,0,Y,,,,Y,,A,07,1,0,0,0,1,0,0,0,0,"- ","- ",,,MONTEREY,"PACIFIC GROVE",-121.91792297363281,36.620868682861328
8714110,2018,2018-11-08,2706,2018-10-02,0747,103,,2,5,4,2706,0,0,0,,0,003,"AGUAJITO RD","MARK THOMAS DR",0.00,,Y,B,-,N,,,,,,,,,,Y,4,0,1,2,A,-,12,21453,A,N,D,C,A,A,H,-,A,A,0,,,,,Y,,A,01,0,0,1,0,0,0,0,0,0,"- ","- ",,,MONTEREY,MONTEREY,-121.88011932373047,36.591098785400391
8714114,2018,2018-11-02,2706,2018-10-02,2229,992,2706,2,5,4,2706,0,0,0,,0,002,"WEBSTER ST","FIGUEROA ST",60.00,E,N,A,-,N,,,,,,,,,,Y,4,0,1,3,A,-,01,23152,A,N,B,E,A,A,H,-,C,D,0,,,,,Y,Y,A,01,0,0,1,0,0,0,0,0,0,"- ","- ",,,MONTEREY,MONTEREY,-121.89044952392578,36.597003936767578
8714596,2018,2018-10-23,2708,2018-08-06,0747,75334,,1,5,6,2708,0,0,0,,0,003,"NATIVIDAD RD","ARCADIA ST",0.00,,Y,A,-,N,,,,,,,,,,N,4,0,1,2,A,-,11,21453,D,N,D,C,A,A,H,-,A,A,0,,,,,Y,,-,,0,0,1,0,0,0,0,0,0,"- ","- ",,,MONTEREY,SALINAS,-121.62432098388672,36.713539123535156
8714600,2018,2018-10-23,2708,2018-08-27,1430,54440,,1,5,6,2708,0,0,0,,0,012,"TOWT ST","ALMA AV",0.00,,Y,A,-,N,,,,,,,,,,N,4,0,1,2,A,-,09,21802,A,F,D,D,A,A,H,-,A,D,0,,,,,Y,,-,,0,0,1,0,0,0,0,0,0,"- ","- ",,,MONTEREY,SALINAS,-121.61273193359375,36.682018280029297
8714603,2018,2018-10-22,2708,2018-07-06,2111,57533,SALIN,5,5,6,2708,0,0,0,,0,011,"N SANBORN","DEL MONTE AV",0.00,,Y,A,-,N,,,,,,,,,,Y,4,0,2,2,A,-,09,21801,A,N,D,C,A,A,H,-,C,A,0,,,,,Y,,-,,0,0,2,0,0,0,0,0,0,"- ","- ",,,MONTEREY,SALINAS,-121.61081695556641,36.68865966796875