CASE_ID,ACCIDENT_YEAR,PROC_DATE,JURIS,COLLISION_DATE,COLLISION_TIME,OFFICER_ID,REPORTING_DISTRICT,DAY_OF_WEEK,CHP_SHIFT,POPULATION,CNTY_CITY_LOC,SPECIAL_COND,BEAT_TYPE,CHP_BEAT_TYPE,CITY_DIVISION_LAPD,CHP_BEAT_CLASS,BEAT_NUMBER,PRIMARY_RD,SECONDARY_RD,DISTANCE,DIRECTION,INTERSECTION,WEATHER_1,WEATHER_2,STATE_HWY_IND,CALTRANS_COUNTY,CALTRANS_DISTRICT,STATE_ROUTE,ROUTE_SUFFIX,POSTMILE_PREFIX,POSTMILE,LOCATION_TYPE,RAMP_INTERSECTION,SIDE_OF_HWY,TOW_AWAY,COLLISION_SEVERITY,NUMBER_KILLED,NUMBER_INJURED,PARTY_COUNT,PRIMARY_COLL_FACTOR,PCF_CODE_OF_VIOL,PCF_VIOL_CATEGORY,PCF_VIOLATION,PCF_VIOL_SUBSECTION,HIT_AND_RUN,TYPE_OF_COLLISION,MVIW,PED_ACTION,ROAD_SURFACE,ROAD_COND_1,ROAD_COND_2,LIGHTING,CONTROL_DEVICE,CHP_ROAD_TYPE,PEDESTRIAN_ACCIDENT,BICYCLE_ACCIDENT,MOTORCYCLE_ACCIDENT,TRUCK_ACCIDENT,NOT_PRIVATE_PROPERTY,ALCOHOL_INVOLVED,STWD_VEHTYPE_AT_FAULT,CHP_VEHTYPE_AT_FAULT,COUNT_SEVERE_INJ,COUNT_VISIBLE_INJ,COUNT_COMPLAINT_PAIN,COUNT_PED_KILLED,COUNT_PED_INJURED,COUNT_BICYCLIST_KILLED,COUNT_BICYCLIST_INJURED,COUNT_MC_KILLED,COUNT_MC_INJURED,PRIMARY_RAMP,SECONDARY_RAMP,LATITUDE,LONGITUDE,COUNTY,CITY,POINT_X,POINT_Y
8714604,2018,2018-10-23,2708,2018-08-04,2025,31968,WPC,6,5,6,2708,0,0,0,,0,012,"JOHN ST","NORTH SANBORN RD",350.00,E,N,A,-,N,,,,,,,,,,Y,4,0,1,6,A,-,01,23152,A,N,B,E,A,A,H,-,C,D,0,,,,,Y,,-,,0,0,1,0,0,0,0,0,0,"- ","- ",,,MONTEREY,SALINAS,-121.62654113769531,36.669281005859375
8714608,2018,2018-10-23,2708,2018-08-20,1832,19003,,1,5,6,2708,0,0,0,,0,,"RIDER AV","LAS CASITAS",208.00,N,N,A,-,N,,,,,,,,,,Y,2,0,1,2,A,-,11,21954,A,N,G,B,E,A,H,-,A,D,0,Y,,,,Y,,N,60,1,0,0,0,1,0,0,0,0,"- ","- ",,,MONTEREY,SALINAS,-121.61202239990234,36.692584991455078
8714612,2018,2018-10-23,2708,2018-08-25,2105,74122,,6,5,6,2708,0,0,0,,0,003,"E BORONDA",NATIVIDAD,600.00,W,N,A,-,N,,,,,,,,,,Y,4,0,1,4,A,-,04,21703,,N,C,D,A,A,H,-,C,A,0,,,,,Y,Y,A,01,0,0,1,0,0,0,0,0,0,"- ","- ",,,MONTEREY,SALINAS,-121.62554168701172,36.715778350830078
8714616,2018,2018-10-23,2708,2018-08-29,2148,25182,,3,5,6,2708,0,0,0,,0,004,"CONSTITUTION BL","HUGHES WY",0.00,,Y,A,-,N,,,,,,,,,,Y,3,0,1,2,A,-,09,21802,A,N,-,C,A,A,H,-,C,A,0,,,,,Y,,-,,0,1,0,0,0,0,0,0,0,"- ","- ",,,MONTEREY,SALINAS,-121.61427307128906,36.698459625244141
8714620,2018,2018-10-23,2708,2018-08-29,1227,53260,,3,5,6,2708,0,0,0,,0,012,"SOUTH SANBORN RD","MAYFAIR DR",309.00,N,N,A,-,N,,,,,,,,,,Y,3,0,2,2,A,-,03,22350,,N,C,C,A,A,H,-,A,A,0,,,,,Y,,-,,0,1,1,0,0,0,0,0,0,"- ","- ",,,MONTEREY,SALINAS,-121.62778472900391,36.668556213378906
8714763,2018,2018-10-29,2708,2018-09-09,0526,58583,2708,7,5,6,2708,0,0,0,,0,003,"EAST ALVIN DR","LASSEN AV",12.00,W,N,A,-,N,,,,,,,,,,Y,3,0,1,2,A,-,03,22350,,F,C,E,A,A,H,-,C,D,0,,,,,Y,,A,01,0,1,0,0,0,0,0,0,0,"- ","- ",,,MONTEREY,SALINAS,-121.63868713378906,36.705509185791016
8714767,2018,2018-10-29,2708,2018-09-05,1445,56525,SALIN,3,5,6,2708,0,0,0,,0,008,"WEST MARKET ST","LINCOLN AV",35.00,W,N,A,-,N,,,,,,,,,,N,3,0,1,2,A,-,03,22350,,N,-,C,A,A,H,-,A,A,0,,,,,Y,,-,,0,1,0,0,0,0,0,0,0,"- ","- ",,,MONTEREY,SALINAS,-121.65760803222656,36.678218841552734
8714771,2018,2018-10-29,2708,2018-09-13,0528,16301,,4,5,6,2708,0,0,0,,0,009,"EAST ROMIE LN","LOS PALOS",0.00,,Y,A,-,N,,,,,,,,,,N,4,0,1,2,A,-,00,21450,A,N,D,C,A,A,H,-,C,A,0,,,,,Y,,-,,0,0,1,0,0,0,0,0,0,"- ","- ",,,MONTEREY,SALINAS,-121.64466094970703,36.659610748291016
8715398,2018,2018-11-14,2712,2018-10-24,1132,1057,2712,3,5,3,2712,0,0,0,,0,001,"RESERVATION RD","IMJIN PW",0.00,,Y,A,-,N,,,,,,,,,,Y,4,0,1,2,A,-,12,21453,A,N,D,C,A,A,H,-,A,A,0,,,,,Y,,A,01,0,0,1,0,0,0,0,0,0,"- ","- ",,,MONTEREY,MARINA,-121.7666015625,36.671428680419922
8715423,2018,2018-11-14,2706,2018-10-29,1554,851,,1,5,4,2706,0,0,0,,0,002,"FREMONT ST","VIA MIRADA",79.00,E,N,A,-,N,,,,,,,,,,Y,4,0,1,2,A,-,03,22350,,N,C,C,A,A,H,-,A,D,0,,,,,Y,,D,22,0,0,1,0,0,0,0,0,0,"- ","- ",,,MONTEREY,MONTEREY,,
8715455,2018,2018-11-19,2706,2018-10-16,1226,395,2706,2,5,4,2706,0,0,0,,0,002,"DEL MONTE AV","FIGUEROA ST",0.00,,Y,A,-,N,,,,,,,,,,N,4,0,1,2,A,-,10,21950,A,N,D,G,A,A,H,-,A,A,0,,Y,,,Y,,D,22,0,0,1,0,0,0,1,0,0,"- ","- ",,,MONTEREY,MONTEREY,-121.89003753662109,36.600261688232422
8715459,2018,2019-01-28,2706,2018-10-22,1653,851,,1,5,4,2706,0,0,0,,0,003,"RT 68","OLMSTED RD",1500.00,E,N,B,-,Y,MON,5,68,-,-,5.850,H,-,W,Y,4,0,1,2,A,-,03,22350,,N,C,C,A,A,H,-,A,D,0,,,,,Y,,A,01,0,0,1,0,0,0,0,0,0,"- ","- ",,,MONTEREY,MONTEREY,-121.84498596191406,36.582786560058594
8715463,2018,2018-11-19,2706,2018-10-25,0736,107,2706,4,5,4,2706,0,0,0,,0,001,"HAWTHORNE ST","MCCLELLAN AV",0.00,,Y,A,-,N,,,,,,,,,,Y,4,0,1,2,A,-,09,21802,A,N,D,C,A,A,H,-,A,D,0,,,,,Y,,D,22,0,0,1,0,0,0,0,0,0,"- ","- ",,,MONTEREY,MONTEREY,-121.90168762207031,36.612041473388672
8715658,2018,2018-11-16,2706,2018-10-29,1603,627,MPD,1,5,4,2706,0,0,0,,0,002,"TYLER ST","DEL MONTE AV",173.00,N,N,A,-,N,,,,,,,,,,Y,3,0,1,2,A,-,08,22107,,N,B,C,A,A,H,-,A,D,0,,,Y,,Y,,A,01,0,1,0,0,0,0,0,0,1,"- ","- ",,,MONTEREY,MONTEREY,-121.89307403564453,36.601238250732422
8715662,2018,2018-11-16,2706,2018-10-29,1833,851,,1,5,4,2706,0,0,0,,0,001,"LARKIN ST","FRANKLIN ST",436.00,N,N,A,-,N,,,,,,,,,,Y,3,0,1,3,A,-,09,21801,A,N,A,C,A,A,H,-,D,D,0,,,Y,,Y,,A,07,0,1,0,0,0,0,0,0,1,"- ","- ",,,MONTEREY,MONTEREY,-121.89818572998047,36.601997375488281
8715666,2018,2018-11-16,2706,2018-10-15,1914,021,MPD,1,5,4,2706,0,0,0,,0,002,"SOLEDAD DR","PACIFIC ST",0.00,,Y,A,-,N,,,,,,,,,,N,2,0,1,2,A,-,09,21801,A,N,D,C,A,A,H,-,C,A,0,,,Y,,Y,,A,01,1,0,0,0,0,0,0,0,1,"- ","- ",,,MONTEREY,MONTEREY,-121.90287017822266,36.584251403808594
8716331,2018,2018-10-18,2706,2018-09-29,0843,123,2706,6,5,4,2706,0,0,0,,0,003,"MONTECITO AV","HANNON AV",0.00,,Y,A,-,N,,,,,,,,,,N,4,0,1,2,A,-,09,21802,A,N,D,C,A,A,H,-,A,A,0,,,,,Y,,A,07,0,0,1,0,0,0,0,0,0,"- ","- ",,,MONTEREY,MONTEREY,-121.85923004150391,36.601348876953125
8716692,2018,2018-11-02,2706,2018-10-03,0814,123,2706,3,5,4,2706,0,0,0,,0,003,"DEL MONTE AV","ROBERTS AV",12.00,W,N,-,-,N,,,,,,,,,,Y,4,0,2,3,A,-,03,22350,,N,C,C,A,-,H,-,-,A,0,,,,,Y,,A,01,0,0,2,0,0,0,0,0,0,"- ","- ",,,MONTEREY,MONTEREY,-121.85956573486328,36.60552978515625
8716696,2018,2018-10-18,2706,2018-10-01,1717,177,2706,1,5,4,2706,0,0,0,,0,001,"W FRANKLIN ST","WATSON ST",0.00,,Y,A,-,N,,,,,,,,,,Y,3,0,1,2,A,-,03,22350,,N,B,C,A,A,H,-,A,D,0,,,,,Y,,A,07,0,1,0,0,0,0,0,0,0,"- ","- ",,,MONTEREY,MONTEREY,-121.8997802734375,36.601150512695312
8716841,2018,2018-11-09,2706,2018-09-28,1522,716,2706,5,5,4,2706,0,0,0,,0,002,"FREMONT ST","VIA MIRADA",219.00,E,N,A,-,N,,,,,,,,,,Y,4,0,1,3,A,-,03,22350,,N,C,C,A,A,H,-,A,D,0,,,,,Y,,A,01,0,0,1,0,0,0,0,0,0,"- ","- ",,,MONTEREY,MONTEREY,,
8718761,2018,2019-01-02,2708,2018-09-08,1602,56793,,6,5,6,2708,0,0,0,,0,009,"SOUTH MAIN ST","JOHN ST",70.00,S,N,A,-,Y,MON,5,68,-,-,21.060,H,-,E,N,4,0,2,3,A,-,03,22350,,N,C,C,A,A,H,-,A,A,0,,,,,Y,,A,01,0,0,2,0,0,0,0,0,0,"- ","- ",,,MONTEREY,SALINAS,-121.65488433837891,36.670875549316406
8718765,2018,2018-11-27,2708,2018-09-13,1731,34273,,4,5,6,2708,0,0,0,,0,007,"SOUTH MAIN ST","W ROMIE LN",0.00,,Y,A,-,Y,MON,5,68,-,-,20.490,I,5,E,N,3,0,1,2,A,-,10,21950,A,N,G,B,B,A,H,-,A,A,0,Y,,,,Y,,D,22,0,1,0,0,1,0,0,0,0,"- ","- ",,,MONTEREY,SALINAS,-121.65771484375,36.662860870361328
8718773,2018,2018-11-27,2708,2018-09-14,1626,30347,,5,5,6,2708,0,0,0,,0,,"EAST MARKET ST",MERCED,0.00,,Y,A,-,Y,MON,5,183,-,-,87.440,R,4,S,Y,3,0,1,3,A,-,09,21802,A,N,D,C,A,A,H,-,A,D,0,,,,,Y,,A,01,0,1,0,0,0,0,0,0,0,"- ","- ",,,MONTEREY,SALINAS,-121.64231872558594,36.678108215332031
8718774,2018,2018-11-27,2708,2018-09-24,1122,13123,,1,5,6,2708,0,0,0,,0,007,"RT 183","NORTH DAVIS RD",885.00,E,N,A,-,Y,MON,5,183,-,R,2.080,H,-,N,Y,4,0,1,2,A,-,09,21804,A,N,A,C,A,A,H,-,A,A,0,,,,,Y,,A,01,0,0,1,0,0,0,0,0,0,"- ","- ",,,MONTEREY,SALINAS,-121.67729949951172,36.685249328613281
8718775,2018,2018-12-18,2708,2018-09-16,1946,73185,SALIN,7,5,6,2708,0,0,0,,0,009,"PAJARO ST","JOHN ST",0.00,,Y,A,-,Y,MON,5,68,-,-,21.240,I,5,E,Y,4,0,1,2,A,-,09,21801,A,N,A,C,A,A,H,-,C,A,0,,,,,Y,,A,08,0,0,1,0,0,0,0,0,0,"- ","- ",,,MONTEREY,SALINAS,-121.65210723876953,36.670467376708984
8718777,2018,2018-11-27,2708,2018-09-30,1837,28315,SALIN,7,5,6,2708,0,0,0,,0,001,"W BORONDA RD","RT 101",0.00,,Y,A,-,Y,MON,5,101,-,R,91.292,R,4,S,Y,3,0,1,2,A,-,12,21453,A,F,D,C,A,A,H,-,A,A,0,,,,,Y,,A,07,0,1,0,0,0,0,0,0,0,"- ",SF,,,MONTEREY,SALINAS,-121.65888214111328,36.726161956787109
8719399,2018,2018-10-18,2706,2018-09-27,2034,772,2706,4,5,4,2706,0,0,0,,0,001,"CANNERY ROW","FOAM ST",115.00,E,N,A,-,N,,,,,,,,,,N,3,0,1,2,A,-,03,22350,,F,D,G,A,A,H,-,A,D,0,,Y,,,Y,,A,08,0,1,0,0,0,0,1,0,0,"- ","- ",,,MONTEREY,MONTEREY,-121.8963623046875,36.609218597412109
8720065,2018,2018-11-14,2706,2018-10-09,1213,121,2706,2,5,4,2706,0,0,0,,0,003,"LOWER RAGSDALE DR","MANDEVILLE CT",0.00,,Y,A,-,N,,,,,,,,,,N,4,0,1,2,A,-,21,22106,,N,C,C,A,A,H,-,A,D,0,,,Y,,Y,,D,22,0,0,1,0,0,0,0,0,1,"- ","- ",,,MONTEREY,MONTEREY,-121.8125,36.574298858642578
8720168,2018,2018-10-26,2710,2018-09-12,1219,33466,,3,5,4,2710,0,0,0,,0,,"HILBY AV","VALLEJO ST",0.00,,Y,A,-,N,,,,,,,,,,Y,4,0,2,2,A,-,03,22350,,N,C,C,A,A,H,-,A,D,0,,,,,Y,,-,,0,0,2,0,0,0,0,0,0,"- ","- ",,,MONTEREY,SEASIDE,-121.83216857910156,36.602298736572266
8720192,2018,2018-10-26,2710,2018-09-27,2120,40404,MARIN,4,5,4,2710,0,0,0,,0,01B,"BROADWAY AV","FREMONT BL",0.00,,Y,A,-,N,,,,,,,,,,N,4,0,2,2,A,-,12,21453,A,N,D,C,A,A,H,-,C,A,0,,,,,Y,,A,01,0,0,2,0,0,0,0,0,0,"- ","- ",,,MONTEREY,SEASIDE,-121.84564971923828,36.609161376953125
8720196,2018,2018-10-26,2710,2018-09-27,1540,40405,,4,5,4,2710,0,0,0,,0,02B,"DEL MONTE BL","PALM AV",90.00,S,N,A,-,N,,,,,,,,,,Y,3,0,2,2,A,-,08,22102,,N,D,C,A,A,H,-,A,D,0,,,,,Y,,A,01,0,1,1,0,0,0,0,0,0,"- ","- ",,,MONTEREY,SEASIDE,-121.80386352539062,36.683269500732422
8720200,2018,2018-10-26,2710,2018-09-20,0713,33466,,4,5,4,2710,0,0,0,,0,,"COLONEL DURHAM ST","7TH AV",0.00,,-,A,-,N,,,,,,,,,,Y,4,0,1,2,A,-,13,22500,A,N,C,E,A,A,H,-,A,D,0,,,,,Y,,-,,0,0,1,0,0,0,0,0,0,"- ","- ",,,MONTEREY,SEASIDE,,
8720204,2018,2018-10-26,2710,2018-09-20,2151,40405,,4,5,4,2710,0,0,0,,0,01A,"FREMONT BL","POLE 3834",69.00,N,N,A,-,N,,,,,,,,,,N,4,0,2,2,A,-,03,22350,,N,C,C,A,A,H,-,C,A,0,,,Y,,Y,,A,01,0,0,2,0,0,0,0,0,1,"- ","- ",,,MONTEREY,SEASIDE,,
8720208,2018,2018-11-08,2710,2018-09-22,1057,40406,MARIN,6,5,4,2710,0,0,0,,0,003,"FREMONT BL","POLE #1030",88.00,S,N,A,-,N,,,,,,,,,,N,4,0,1,3,A,-,04,21703,,N,C,C,A,A,H,-,-,A,0,,,,,Y,,A,01,0,0,1,0,0,0,0,0,0,"- ","- ",,,MONTEREY,SEASIDE,,
8720212,2018,2018-11-08,2710,2018-09-17,1859,40411,MARIN,1,5,4,2710,0,0,0,,0,013,"MONTEREY RD","MINDINAO PL",192.00,E,N,A,-,N,,,,,,,,,,Y,3,0,1,2,A,-,07,21658,,N,A,C,A,A,H,-,A,D,0,,,Y,,Y,,C,06,0,1,0,0,0,0,0,0,0,"- ","- ",,,MONTEREY,SEASIDE,-121.82773590087891,36.634265899658203
8720216,2018,2018-11-27,2710,2018-09-08,1807,4040,,6,5,4,2710,0,0,0,,0,02B,"NOCHE BUENA ST","BROADWAY AV",0.00,,-,A,-,N,,,,,,,,,,N,3,0,1,2,A,-,11,21954,A,N,G,B,C,A,H,-,A,A,0,Y,,,,Y,,-,"- ",0,1,0,0,1,0,0,0,0,"- ","- ",,,MONTEREY,SEASIDE,-121.83773040771484,36.609031677246094
8720240,2018,2018-10-29,2710,2018-09-26,2144,40401,MARIN,3,5,4,2710,0,0,0,,0,01A,"FREMONT BL","CANYON DEL REY BL",0.00,,Y,B,-,N,,,,,,,,,,Y,4,0,1,2,A,-,12,21453,A,N,D,G,A,B,H,-,C,A,0,,Y,,,Y,Y,L,04,0,0,1,0,0,0,1,0,0,"- ","- ",,,MONTEREY,SEASIDE,-121.85088348388672,36.598968505859375
8720490,2018,2018-10-29,2708,2018-06-10,1026,49986,,7,5,6,2708,0,0,0,,0,011,"FREEDOM PKWY","NORTH SANBORN RD",0.00,,Y,A,-,N,,,,,,,,,,Y,3,0,2,3,A,-,12,21453,A,N,D,C,A,A,H,-,A,A,0,,,,,Y,,-,,0,2,0,0,0,0,0,0,0,"- ","- ",,,MONTEREY,SALINAS,-121.60134887695312,36.692131042480469
8720854,2018,2018-11-01,2706,2018-10-07,0743,395,2706,7,5,4,2706,0,0,0,,0,001,"HARRISON ST","HIGH ST",180.00,W,N,A,-,N,,,,,,,,,,Y,3,0,1,2,A,-,07,21658,A,N,B,E,A,A,H,-,A,D,0,,,,,Y,,D,22,0,1,0,0,0,0,0,0,0,"- ","- ",,,MONTEREY,MONTEREY,-121.90557861328125,36.601009368896484
8720966,2018,2018-11-16,2710,2018-09-11,1636,33466,,2,5,4,2710,0,0,0,,0,,"BROADWAY AV","TERRACE ST",180.00,E,N,A,-,N,,,,,,,,,,N,4,0,1,2,A,-,"- ",,,N,B,G,A,A,H,-,A,D,0,,Y,,,Y,,L,04,0,0,1,0,0,0,1,0,0,"- ","- ",,,MONTEREY,SEASIDE,-121.84215545654297,36.609111785888672
8720970,2018,2018-11-05,2710,2018-09-14,0726,33762,11,5,5,4,2710,0,0,0,,0,02A,"OLYMPIA AV","WINTON ST",0.00,,Y,A,-,N,,,,,,,,,,Y,4,0,3,2,A,-,04,21703,,N,C,C,A,A,H,-,A,D,0,,,,,Y,,A,01,0,0,3,0,0,0,0,0,0,"- ","- ",,,MONTEREY,SEASIDE,-121.8408203125,36.610080718994141
8720974,2018,2018-11-02,2710,2018-09-15,2256,40409,19,6,5,4,2710,0,0,0,,0,11G,"PALM AV","POLE 1137",21.00,E,N,A,-,N,,,,,,,,,,Y,4,0,2,4,A,-,01,23152,A,F,B,C,A,A,H,-,C,D,0,,,,,Y,Y,A,08,0,0,2,0,0,0,0,0,0,"- ","- ",,,MONTEREY,SEASIDE,,
8720990,2018,2018-11-05,2710,2018-09-23,2221,40409,11,7,5,4,2710,0,0,0,,0,FTO,"NOCHE BUENA ST","OLYMPIA AV",0.00,,Y,A,-,N,,,,,,,,,,Y,3,0,2,2,A,-,09,21802,A,F,D,C,A,A,H,-,C,D,0,,,,,Y,,D,22,0,1,1,0,0,0,0,0,0,"- ","- ",,,MONTEREY,SEASIDE,-121.83769989013672,36.610031127929688
8721039,2018,2018-11-09,2710,2018-09-22,0658,40397,,6,5,4,2710,0,0,0,,0,002,"BROADWAY AV","YOSEMITE ST",0.00,N,N,B,-,N,,,,,,,,,,Y,4,0,1,1,A,-,08,22107,,N,A,J,A,A,H,-,A,D,0,,,,,Y,,D,22,0,0,1,0,0,0,0,0,0,"- ","- ",,,MONTEREY,SEASIDE,-121.82955169677734,36.608821868896484
8721684,2018,2018-10-26,2703,2018-10-08,1916,9881,2703,1,5,2,2703,0,0,0,,0,ALL,"CENTER ST","7TH ST",0.00,,Y,A,-,N,,,,,,,,,,N,4,0,2,2,A,-,09,21804,A,N,D,C,A,A,H,-,C,D,0,,,,,Y,,A,01,0,0,2,0,0,0,0,0,0,"- ","- ",,,MONTEREY,GONZALES,-121.44560241699219,36.510341644287109
8721688,2018,2019-01-10,2703,2018-10-10,1856,9881,2703,3,5,2,2703,0,0,0,,0,ALL,"5TH ST","RT 101",0.00,,Y,A,-,Y,MON,5,101,-,-,70.760,R,4,N,N,3,0,1,2,A,-,09,21804,A,N,H,G,A,A,H,-,B,A,0,,Y,,,Y,,L,04,0,1,0,0,0,0,1,0,0,"- ",EF,,,MONTEREY,GONZALES,-121.43684387207031,36.512020111083984
8723361,2018,2018-11-07,2708,2018-08-07,1400,74122,,2,5,6,2708,0,0,0,,0,002,"WEST LAUREL DR","NORTH DAVIS RD",0.00,,Y,A,-,N,,,,,,,,,,N,3,0,2,2,A,-,03,22350,,N,C,C,A,A,H,-,A,A,0,,,,,Y,,-,"- ",0,2,0,0,0,0,0,0,0,"- ","- ",,,MONTEREY,SALINAS,-121.6680908203125,36.697910308837891
8723370,2018,2018-11-07,2708,2018-09-17,1021,75635,SALIN,1,5,6,2708,0,0,0,,0,,"CHEROKEE DR","N 1ST ST",600.00,W,N,A,-,N,,,,,,,,,,Y,4,0,1,2,A,-,08,22103,,N,D,C,A,A,H,-,A,D,0,,,,,Y,,-,,0,0,1,0,0,0,0,0,0,"- ","- ",,,MONTEREY,SALINAS,-121.658203125,36.710472106933594
8723374,2018,2018-11-07,2708,2018-09-01,0106,53268,,6,5,6,2708,0,0,0,,0,003,"NORTH MAIN ST","E ALVIN",0.00,,Y,A,-,N,,,,,,,,,,Y,2,0,2,2,A,-,12,21453,A,F,D,C,A,A,H,-,C,A,0,,,,,Y,,-,,2,0,0,0,0,0,0,0,0,"- ","- ",,,MONTEREY,SALINAS,-121.65347290039062,36.707901000976562
8723378,2018,2018-11-07,2708,2018-09-02,1814,35838,SALIN,7,5,6,2708,0,0,0,,0,003,"NATIVIDAD RD","BORONDA RD",1376.00,N,N,B,-,N,,,,,,,,,,Y,3,0,2,2,A,-,01,23152,A,N,A,C,A,A,H,-,A,D,0,,,,,Y,Y,-,,0,2,0,0,0,0,0,0,0,"- ","- ",,,MONTEREY,SALINAS,-121.62222290039062,36.719173431396484
8723455,2017,2018-11-07,2708,2017-06-05,1119,06235,,1,5,6,2708,0,0,0,,0,008,"E LAKE ST","SOLEDAD ST",25.00,W,N,A,-,N,,,,,,,,,,N,3,0,1,2,A,-,11,21954,A,N,G,B,D,A,H,-,A,D,0,Y,,,,Y,,N,60,0,1,0,0,1,0,0,0,0,"- ","- ",,,MONTEREY,SALINAS,-121.65266459999999,36.679801419999997
8726205,2018,2019-01-22,2707,2018-10-08,1053,2254,2707,1,5,3,2707,0,0,0,,0,002,"LIGHTHOUSE AV","17 MILE DR",25.00,W,N,A,-,N,,,,,,,,,,N,4,0,1,2,A,-,08,22107,,N,-,C,A,A,H,-,A,-,0,,,,Y,Y,,F,26,0,0,1,0,0,0,0,0,0,"- ","- ",,,MONTEREY,"PACIFIC GROVE",-121.92774963378906,36.626205444335938
8727583,2018,2019-04-22,2710,2018-12-21,1017,38145,,5,5,4,2710,0,0,0,,0,003,"CANYON DEL REY BL","DEL MONTE BL",0.00,,Y,A,-,Y,MON,5,218,-,L,0.250,I,5,E,Y,4,0,3,2,A,-,01,23153,A,N,D,C,A,A,H,-,A,A,0,,,,,Y,Y,A,01,0,0,3,0,0,0,0,0,0,"- ","- ",,,MONTEREY,SEASIDE,-121.85594940185547,36.607559204101562
8730857,2018,2018-10-31,2710,2018-07-10,1435,40400,2710,2,5,4,2710,0,0,0,,0,02A,"FREMONT BL","DEL MONTE BL",0.00,,Y,A,-,N,,,,,,,,,,N,4,0,2,4,A,-,05,21651,B,N,C,C,A,A,H,-,A,A,0,,,,,Y,,A,01,0,0,2,0,0,0,0,0,0,"- ","- ",,,MONTEREY,SEASIDE,-121.84098815917969,36.622230529785156
8731422,2018,2018-11-07,2710,2018-09-29,0902,37346,,6,5,4,2710,0,0,0,,0,02B,"YOSEMITE ST","YOSEMITE ST 1500",0.00,,Y,A,-,N,,,,,,,,,,N,2,0,1,2,A,-,11,21954,A,N,A,B,D,A,H,-,A,D,0,Y,,,,Y,,N,60,1,0,0,0,1,0,0,0,0,"- ","- ",,,MONTEREY,SEASIDE,,
8731513,2018,2018-11-08,2706,2018-10-11,0751,627,MPD,4,5,4,2706,0,0,0,,0,002,"FRANKLIN ST","ALVARADO ST",0.00,,Y,A,-,N,,,,,,,,,,N,3,0,1,2,A,-,12,21453,A,N,D,G,A,A,H,-,A,A,0,,Y,,,Y,,L,04,0,1,0,0,0,0,1,0,0,"- ","- ",,,MONTEREY,MONTEREY,-121.89431762695312,36.599971771240234
8731540,2018,2018-11-13,2706,2018-10-25,1442,395,2706,4,5,4,2706,0,0,0,,0,003,"DEL MONTE AV","SLOAT AV",250.00,E,N,A,-,N,,,,,,,,,,Y,4,0,4,2,A,-,03,22350,,N,C,C,A,A,H,-,A,D,0,,,,,Y,,A,01,0,0,4,0,0,0,0,0,0,"- ","- ",,,MONTEREY,MONTEREY,-121.87802886962891,36.599834442138672
8731930,2018,2018-11-14,2712,2018-10-26,0023,1073,,5,5,3,2712,0,0,0,,0,001,"RESERVATION RD","LAKE DR",0.00,E,N,A,-,N,,,,,,,,,,N,3,0,1,1,A,-,03,22350,,N,H,J,A,A,B,-,C,D,0,,,,,Y,,A,01,0,1,0,0,0,0,0,0,0,"- ","- ",,,MONTEREY,MARINA,,
8732744,2018,2018-11-16,2706,2018-10-21,1814,851,,7,5,4,2706,0,0,0,,0,001,"LIGHTHOUSE AV","HOFFMAN AV",159.00,S,N,A,-,N,,,,,,,,,,Y,2,0,1,2,A,-,03,22350,,N,D,C,A,A,H,-,A,A,0,,,Y,,Y,,C,02,1,0,0,0,0,0,0,0,1,"- ","- ",,,MONTEREY,MONTEREY,-121.90140533447266,36.613201141357422
8734257,2018,2018-11-20,2711,2018-06-26,2253,00894,2711,2,5,3,2711,0,0,0,,0,002,"GABILAN DR","VISTA DE SOLEDAD",0.00,,Y,A,-,N,,,,,,,,,,Y,3,0,2,1,A,-,03,22350,,N,E,I,A,A,H,-,C,D,0,,,,,Y,,A,01,0,1,1,0,0,0,0,0,0,"- ","- ",,,MONTEREY,SOLEDAD,-121.33081817626953,36.436481475830078
8734356,2018,2019-01-10,2707,2018-11-01,1410,2190,2707,4,5,3,2707,0,0,0,,0,002,"SUNSET DR","19TH ST",20.00,E,N,A,-,N,,,,,,,,,,Y,4,0,1,3,A,-,03,22350,,M,C,C,A,A,H,-,A,A,0,,,,,Y,,A,01,0,0,1,0,0,0,0,0,0,"- ","- ",,,MONTEREY,"PACIFIC GROVE",-121.92440795898438,36.611942291259766
8736608,2018,2018-11-26,2711,2018-09-01,1757,7178,2711,6,5,3,2711,0,0,0,,0,001,"MARKET ST","MURIETTA ST",133.00,S,N,A,-,N,,,,,,,,,,N,3,0,1,3,A,-,11,21954,A,N,G,B,D,A,H,-,A,D,0,Y,,,,Y,,N,60,0,1,0,0,1,0,0,0,0,"- ","- ",,,MONTEREY,SOLEDAD,-121.33296203613281,36.432518005371094
8736612,2018,2018-11-26,2711,2018-09-03,0540,8221,2711,1,5,3,2711,0,0,0,,0,001,"LEDESMA ST","SAN VINCENTE RD",0.00,,N,A,-,N,,,,,,,,,,N,4,0,2,3,A,-,"- ",,,N,G,B,B,A,H,-,C,A,0,Y,,,,Y,,A,01,0,0,2,0,1,0,0,0,0,"- ","- ",,,MONTEREY,SOLEDAD,,
8736727,2018,2018-12-05,2711,2018-10-15,0735,7178,2711,1,5,3,2711,0,0,0,,0,002,"STATE ST","PARK ST",155.00,N,N,A,-,N,,,,,,,,,,Y,3,0,1,3,A,-,07,21658,A,N,C,E,A,A,H,-,A,D,0,,,,,Y,,D,22,0,1,0,0,0,0,0,0,0,"- ","- ",,,MONTEREY,SOLEDAD,-121.32307434082031,36.423294067382812
8736992,2018,2018-11-20,2711,2018-10-16,1659,3902,2711,2,5,3,2711,0,0,0,,0,002,"3RD ST","VINEYARD DR",0.00,,Y,A,-,N,,,,,,,,,,N,3,0,1,2,A,-,12,22450,A,M,G,G,-,A,H,-,A,A,0,Y,,,,Y,,A,01,0,1,0,0,1,0,0,0,0,"- ","- ",,,MONTEREY,SOLEDAD,-121.31581115722656,36.425830841064453