CASE_ID,ACCIDENT_YEAR,PROC_DATE,JURIS,COLLISION_DATE,COLLISION_TIME,OFFICER_ID,REPORTING_DISTRICT,DAY_OF_WEEK,CHP_SHIFT,POPULATION,CNTY_CITY_LOC,SPECIAL_COND,BEAT_TYPE,CHP_BEAT_TYPE,CITY_DIVISION_LAPD,CHP_BEAT_CLASS,BEAT_NUMBER,PRIMARY_RD,SECONDARY_RD,DISTANCE,DIRECTION,INTERSECTION,WEATHER_1,WEATHER_2,STATE_HWY_IND,CALTRANS_COUNTY,CALTRANS_DISTRICT,STATE_ROUTE,ROUTE_SUFFIX,POSTMILE_PREFIX,POSTMILE,LOCATION_TYPE,RAMP_INTERSECTION,SIDE_OF_HWY,TOW_AWAY,COLLISION_SEVERITY,NUMBER_KILLED,NUMBER_INJURED,PARTY_COUNT,PRIMARY_COLL_FACTOR,PCF_CODE_OF_VIOL,PCF_VIOL_CATEGORY,PCF_VIOLATION,PCF_VIOL_SUBSECTION,HIT_AND_RUN,TYPE_OF_COLLISION,MVIW,PED_ACTION,ROAD_SURFACE,ROAD_COND_1,ROAD_COND_2,LIGHTING,CONTROL_DEVICE,CHP_ROAD_TYPE,PEDESTRIAN_ACCIDENT,BICYCLE_ACCIDENT,MOTORCYCLE_ACCIDENT,TRUCK_ACCIDENT,NOT_PRIVATE_PROPERTY,ALCOHOL_INVOLVED,STWD_VEHTYPE_AT_FAULT,CHP_VEHTYPE_AT_FAULT,COUNT_SEVERE_INJ,COUNT_VISIBLE_INJ,COUNT_COMPLAINT_PAIN,COUNT_PED_KILLED,COUNT_PED_INJURED,COUNT_BICYCLIST_KILLED,COUNT_BICYCLIST_INJURED,COUNT_MC_KILLED,COUNT_MC_INJURED,PRIMARY_RAMP,SECONDARY_RAMP,LATITUDE,LONGITUDE,COUNTY,CITY,POINT_X,POINT_Y
8737054,2018,2018-11-20,2708,2018-09-21,0616,53268,,5,5,6,2708,0,0,0,,0,010,"JOHN ST","S HEBBRON AV",236.00,W,N,A,-,N,,,,,,,,,,Y,4,0,2,2,A,-,08,22107,,N,A,C,A,A,H,-,A,D,0,,,,,Y,,A,01,0,0,2,0,0,0,0,0,0,"- ","- ",,,MONTEREY,SALINAS,-121.63358306884766,36.670055389404297
8737535,2018,2018-11-30,2708,2018-10-03,1824,13123,SALIN,3,5,6,2708,0,0,0,,0,012,"MCGOWAN DR","SOUTH SANBORN RD",20.00,E,N,B,C,N,,,,,,,,,,Y,4,0,1,2,A,-,05,21650,,N,A,C,A,B,H,-,A,A,0,,,,,Y,,D,22,0,0,1,0,0,0,0,0,0,"- ","- ",,,MONTEREY,SALINAS,-121.62751007080078,36.670909881591797
8737543,2018,2018-12-13,2708,2018-10-16,1726,08775,,2,5,6,2708,0,0,0,,0,004,"E LAUREL",NATIVIDAD,528.00,S,N,A,-,N,,,,,,,,,,N,4,0,1,2,A,-,03,22350,,N,C,C,A,A,H,-,A,D,0,,,,,Y,,D,22,0,0,1,0,0,0,0,0,0,"- ","- ",,,MONTEREY,SALINAS,-121.63656616210938,36.695911407470703
8737547,2018,2018-11-30,2708,2018-10-03,1102,39054,,3,5,6,2708,0,0,0,,0,007,"W ALISAL","COLLEGE DR",0.00,,Y,B,-,N,,,,,,,,,,Y,3,0,2,2,A,-,03,22350,,N,C,C,A,B,H,-,A,D,0,,,,,Y,,-,,0,1,1,0,0,0,0,0,0,"- ","- ",,,MONTEREY,SALINAS,-121.67051696777344,36.671180725097656
8737559,2018,2018-12-03,2708,2018-10-25,1911,13123,SALIN,4,5,6,2708,0,0,0,,0,009,ABBOTT,"MERRILL ST",187.00,N,N,A,-,N,,,,,,,,,,Y,3,0,1,2,A,-,08,22102,,N,D,C,A,A,H,-,B,A,0,,,Y,Y,Y,,F,27,0,1,0,0,0,0,0,0,1,"- ","- ",,,MONTEREY,SALINAS,-121.63216400146484,36.655708312988281
8737776,2018,2018-12-17,2701,2018-10-30,1335,194,2701,2,5,2,2701,0,0,0,,0,ALL,"RIO RD","RIDGEWOOD RD",92.00,S,N,A,-,N,,,,,,,,,,Y,4,0,1,1,B,-,22,,,N,H,J,A,A,H,-,A,A,0,,,Y,,Y,,C,02,0,0,1,0,0,0,0,0,1,"- ","- ",,,MONTEREY,CARMEL,-121.91975402832031,36.545097351074219
8737780,2018,2019-01-22,2701,2018-10-05,0900,195,CRML,5,5,2,2701,0,0,0,,0,00S,"7TH AV","DOLORES ST",1.00,S,N,A,-,N,,,,,,,,,,N,4,0,1,2,D,-,00,,,N,H,B,B,A,H,-,A,D,0,Y,,,,Y,Y,-,"- ",0,0,1,0,1,0,0,0,0,"- ","- ",,,MONTEREY,CARMEL,-121.92266082763672,36.553791046142578
8737796,2018,2019-01-28,2708,2018-10-28,1141,19702,SPD,7,5,6,2708,0,0,0,,0,006,"W LAUREL","RT 101",6.00,W,N,A,-,Y,MON,5,101,-,R,89.520,R,4,S,Y,3,0,1,2,A,-,12,21453,A,N,D,C,A,A,H,-,A,A,0,,,,,Y,,-,,0,1,0,0,0,0,0,0,0,"- ",SF,,,MONTEREY,SALINAS,-121.66619110107422,36.701271057128906
8737800,2018,2018-12-17,2708,2018-10-04,2054,98Z1,SALIN,4,5,6,2708,0,0,0,,0,005,"NORTH MAIN ST","WEST LAUREL DR",32.00,N,N,A,-,N,,,,,,,,,,N,3,0,1,2,A,-,03,22350,,F,C,C,A,A,H,-,B,A,0,,,,,Y,,-,,0,1,0,0,0,0,0,0,0,"- ","- ",,,MONTEREY,SALINAS,-121.65204620361328,36.699405670166016
8737804,2018,2018-12-17,2708,2018-10-18,1652,13123,SALIN,4,5,6,2708,0,0,0,,0,009,"EAST ROMIE LN","SAN MARINO WY",100.00,E,N,A,-,N,,,,,,,,,,Y,4,0,1,2,A,-,09,21804,A,N,A,C,A,-,H,-,A,A,0,,,,,Y,,A,01,0,0,1,0,0,0,0,0,0,"- ","- ",,,MONTEREY,SALINAS,-121.64241027832031,36.659091949462891
8737922,2018,2018-11-27,2708,2018-10-27,1508,49014,,6,5,6,2708,0,0,0,,0,,"SOUTH MAIN ST","W SAN JOAQUIN ST",10.00,N,N,A,-,N,,,,,,,,,,N,4,0,1,2,A,-,03,22350,A,N,C,C,A,A,H,-,A,D,0,,,,,Y,,-,,0,0,1,0,0,0,0,0,0,"- ","- ",,,MONTEREY,SALINAS,-121.65900421142578,36.658897399902344
8737924,2018,2018-11-27,2708,2018-10-03,1821,04125,SALKI,3,5,6,2708,0,0,0,,0,003,"EAST LAUREL DR","NATIVIDAD RD",0.00,,Y,C,-,N,,,,,,,,,,N,3,0,1,2,A,-,12,21453,A,N,D,C,A,B,H,-,A,A,0,,,,,Y,,A,01,0,1,0,0,0,0,0,0,0,"- ","- ",,,MONTEREY,SALINAS,-121.63829040527344,36.696331024169922
8737926,2018,2018-11-27,2708,2018-10-30,0927,31945,,2,5,6,2708,0,0,0,,0,005,"WEST LAUREL DR","ADAMS ST",0.00,,Y,A,-,N,,,,,,,,,,N,4,0,1,2,A,-,10,21950,A,N,H,G,A,A,H,-,A,A,0,,Y,,,Y,,-,,0,0,1,0,0,0,1,0,0,"- ","- ",,,MONTEREY,SALINAS,-121.66246032714844,36.698009490966797
8737928,2018,2018-11-27,2708,2018-10-09,0900,53260,,2,5,6,2708,0,0,0,,0,010,"S HEBBRON AV","PEARL ALY",0.00,,Y,A,-,N,,,,,,,,,,N,4,0,1,2,A,-,09,21802,A,N,D,C,A,A,H,-,A,D,0,,,,,Y,,-,,0,0,1,0,0,0,0,0,0,"- ","- ",,,MONTEREY,SALINAS,-121.63230133056641,36.672801971435547
8737930,2018,2018-11-27,2708,2018-10-25,1650,59186,SALIN,4,5,6,2708,0,0,0,,0,009,"EAST ROMIE LN","ALAMEDA AV",9.00,W,N,A,-,N,,,,,,,,,,,3,0,4,2,A,-,09,21801,A,N,A,C,A,A,H,-,A,D,0,,,,,Y,,-,,0,1,3,0,0,0,0,0,0,"- ","- ",,,MONTEREY,SALINAS,-121.6485595703125,36.660518646240234
8737932,2018,2018-11-27,2708,2018-10-02,1555,28315,SALIN,2,5,6,2708,0,0,0,,0,009,"ABBOTT ST","SAN BORN RD",695.00,E,N,A,-,N,,,,,,,,,,N,3,0,1,2,A,-,09,21801,A,N,D,C,A,A,H,-,A,D,0,,,,,Y,,D,22,0,1,0,0,0,0,0,0,0,"- ","- ",,,MONTEREY,SALINAS,-121.63373565673828,36.656375885009766
8737934,2018,2018-11-27,2708,2018-10-30,1754,80368,SALIN,2,5,6,2708,0,0,0,,0,012,"FAIRVIEW AV","HARRYETTE DR",26.00,N,N,A,-,N,,,,,,,,,,Y,4,0,2,2,A,-,08,22107,,N,A,C,A,A,H,-,A,D,0,,,,,Y,,-,,0,0,2,0,0,0,0,0,0,"- ","- ",,,MONTEREY,SALINAS,-121.6226806640625,36.665420532226562
8737936,2018,2018-11-27,2708,2018-10-09,0152,82326,,2,5,6,2708,0,0,0,,0,002,"WEST ALVIN DR","NORTH 1ST ST",25.00,W,N,A,-,N,,,,,,,,,,Y,4,0,1,1,A,-,01,23152,A,N,E,I,A,A,H,-,C,D,0,,,,,Y,Y,A,01,0,0,1,0,0,0,0,0,0,"- ","- ",,,MONTEREY,SALINAS,-121.65611267089844,36.707500457763672
8737938,2018,2018-11-27,2708,2018-10-31,0737,18945,,3,5,6,2708,0,0,0,,0,001,"NORTH MAIN ST","SANTA RITA PLZ",9.00,N,N,A,-,N,,,,,,,,,,N,3,0,1,2,A,-,09,21453,B,N,D,G,A,A,H,-,A,A,0,,Y,,,Y,,A,01,0,1,0,0,0,0,1,0,0,"- ","- ",,,MONTEREY,SALINAS,,
8737940,2018,2018-11-27,2708,2018-10-08,0410,82326,,1,5,6,2708,0,0,0,,0,001,"NORTH MAIN ST","SAN JUAN GRADE RD",0.00,,Y,A,-,N,,,,,,,,,,Y,3,0,1,2,A,-,12,21453,A,N,D,C,A,A,H,-,C,A,0,,,,,Y,,-,,0,1,0,0,0,0,0,0,0,"- ","- ",,,MONTEREY,SALINAS,-121.65525054931641,36.716960906982422
8737942,2018,2018-11-27,2708,2018-10-31,1734,54353,,3,5,6,2708,0,0,0,,0,004,"NANTUCKET BL","NEW HAVEN WY",268.00,E,N,A,-,N,,,,,,,,,,Y,3,0,1,1,A,-,08,22107,,N,E,I,A,A,H,-,A,D,0,,,,,Y,,-,,0,1,0,0,0,0,0,0,0,"- ","- ",,,MONTEREY,SALINAS,-121.61497497558594,36.710552215576172
8737944,2018,2018-11-27,2708,2018-10-07,2132,97440,,7,5,6,2708,0,0,0,,0,,"RIDER AV",AMARILLO,0.00,,Y,A,-,N,,,,,,,,,,Y,4,0,1,2,A,-,01,23153,B,N,D,C,A,A,H,-,C,A,0,,,,,Y,Y,-,,0,0,1,0,0,0,0,0,0,"- ","- ",,,MONTEREY,SALINAS,-121.61029052734375,36.693580627441406
8737946,2018,2018-11-27,2708,2018-10-29,1053,12507,,1,5,6,2708,0,0,0,,0,006,"NORTH MAIN ST","MENKE ST",270.00,N,N,A,-,N,,,,,,,,,,Y,2,0,1,3,A,-,09,21804,A,N,D,C,A,A,H,-,A,D,0,,,,,Y,,-,,1,0,0,0,0,0,0,0,0,"- ","- ",,,MONTEREY,SALINAS,-121.65335083007812,36.682888031005859
8737950,2018,2018-11-27,2708,2018-10-25,1726,56793,,4,5,6,2708,0,0,0,,0,007,"BUENA VISTA ST","WILSON ST",170.00,S,N,A,-,N,,,,,,,,,,N,3,0,1,5,C,-,18,,,F,E,I,F,A,H,-,A,D,0,Y,,,,Y,,-,"- ",0,1,0,0,1,0,0,0,0,"- ","- ",,,MONTEREY,SALINAS,-121.66676330566406,36.678470611572266
8737954,2018,2018-11-27,2708,2018-10-18,1746,06240,,4,5,6,2708,0,0,0,,0,012,"CROSS AV","MIAMI ST",115.00,S,N,A,-,N,,,,,,,,,,Y,4,0,1,2,A,-,09,21801,A,N,A,C,A,A,H,-,A,D,0,,,,,Y,,-,,0,0,1,0,0,0,0,0,0,"- ","- ",,,MONTEREY,SALINAS,-121.60948944091797,36.676769256591797
8737958,2018,2018-12-06,2708,2018-10-03,1503,74122,,3,5,6,2708,0,0,0,,0,005,"WEST LAUREL DR","NORTH MAIN ST",100.00,,N,B,-,N,,,,,,,,,,N,3,0,3,3,A,-,04,21703,,N,C,C,A,A,H,-,A,D,0,,,,,Y,,A,01,0,3,0,0,0,0,0,0,0,"- ","- ",,,MONTEREY,SALINAS,-121.65203094482422,36.699321746826172
8737962,2018,2018-12-13,2708,2018-10-07,1411,07904,,7,5,6,2708,0,0,0,,0,001,"EAST BORONDA RD","SAN JUAN GRADE RD",0.00,,Y,A,-,N,,,,,,,,,,Y,2,0,4,3,A,-,12,21453,A,F,D,C,A,A,H,-,A,A,0,,,,,Y,,A,01,2,2,0,0,0,0,0,0,0,"- ","- ",,,MONTEREY,SALINAS,-121.65117645263672,36.719791412353516
8737970,2018,2018-11-27,2708,2018-10-20,1739,13123,SALIN,6,5,6,2708,0,0,0,,0,010,"EAST MARKET ST","N MADEIRA",25.00,E,N,A,-,N,,,,,,,,,,Y,4,0,1,2,A,-,01,23152,A,F,A,D,A,A,H,-,A,A,0,,,,,Y,Y,A,01,0,0,1,0,0,0,0,0,0,"- ","- ",,,MONTEREY,SALINAS,-121.63789367675781,36.677169799804688
8737974,2018,2018-11-27,2708,2018-10-21,1328,35838,SALIN,7,5,6,2708,0,0,0,,0,012,"TOWT ST","BELLEHAVEN ST",16.00,N,N,A,-,N,,,,,,,,,,N,3,0,3,2,A,-,03,22350,,N,C,C,A,A,H,-,A,D,0,,,,,Y,,-,,0,2,1,0,0,0,0,0,0,"- ","- ",,,MONTEREY,SALINAS,-121.61436462402344,36.681087493896484
8737978,2018,2018-12-06,2708,2018-10-07,1921,07731,SOUTH,7,5,6,2708,0,0,0,,0,009,"EAST BLANCO RD","GABILAN RD",981.00,W,N,A,-,N,,,,,,,,,,Y,4,0,1,1,A,-,03,22350,,N,E,I,A,A,H,-,D,D,0,,,,,Y,,A,01,0,0,1,0,0,0,0,0,0,"- ","- ",,,MONTEREY,SALINAS,-121.63890075683594,36.652557373046875
8737982,2018,2018-11-27,2708,2018-10-19,2320,79945,,5,5,6,2708,0,0,0,,0,001,"NORTH DAVIS RD","BORONDA CROSSING RD",500.00,S,N,A,-,N,,,,,,,,,,Y,3,0,1,1,A,-,01,23152,A,N,F,I,A,A,H,-,C,A,0,,,,,Y,Y,-,,0,1,0,0,0,0,0,0,0,"- ","- ",,,MONTEREY,SALINAS,-121.6683349609375,36.719306945800781
8737986,2018,2018-11-27,2708,2018-10-28,0014,79945,,7,5,6,2708,0,0,0,,0,003,"EAST BORONDA RD","CONSTITUTION BL",500.00,W,N,A,-,N,,,,,,,,,,Y,2,0,7,2,A,-,01,23152,A,N,A,C,A,A,H,-,C,D,0,,,,,Y,Y,-,,6,1,0,0,0,0,0,0,0,"- ","- ",,,MONTEREY,SALINAS,-121.60352325439453,36.705764770507812
8737990,2018,2018-11-27,2708,2018-10-24,1551,25182,,3,5,6,2708,0,0,0,,0,002,"MCKINNON ST","N ALVIN DR",420.00,N,N,A,-,N,,,,,,,,,,N,3,0,2,2,A,-,06,21755,A,N,D,C,A,A,H,-,A,A,0,,,,,Y,,-,,0,1,1,0,0,0,0,0,0,"- ","- ",,,MONTEREY,SALINAS,-121.64541625976562,36.708328247070312
8737994,2018,2018-12-06,2708,2018-10-26,1002,12507,,5,5,6,2708,0,0,0,,0,007,"W ALISAL ST","ACACIA ST",0.00,,Y,A,-,N,,,,,,,,,,N,3,0,1,2,A,-,12,21453,A,N,D,C,A,A,H,-,A,A,0,,,,,Y,,-,"- ",0,1,0,0,0,0,0,0,0,"- ","- ",,,MONTEREY,SALINAS,-121.67269897460938,36.669460296630859
8737998,2018,2018-11-27,2708,2018-10-26,1629,98751,SALIN,5,5,6,2708,0,0,0,,0,005,"NATIVIDAD RD","LUNSFORD RD",127.00,S,N,A,-,N,,,,,,,,,,Y,3,0,1,2,A,-,03,22350,A,N,C,C,A,A,H,-,A,D,0,,,,,Y,,A,01,0,1,0,0,0,0,0,0,0,"- ","- ",,,MONTEREY,SALINAS,-121.64170837402344,36.693534851074219
8738065,2018,2018-11-27,2708,2018-10-14,2027,08775,,7,5,6,2708,0,0,0,,0,008,"SALINAS ST","W ALISAL",0.00,,Y,A,-,N,,,,,,,,,,N,4,0,1,2,A,-,12,21453,A,N,D,C,A,A,H,-,C,A,0,,,,,Y,,A,01,0,0,1,0,0,0,0,0,0,"- ","- ",,,MONTEREY,SALINAS,-121.65602874755859,36.673618316650391
8738069,2018,2018-11-27,2708,2018-10-17,1456,37663,,3,5,6,2708,0,0,0,,0,010,"ST EDWARDS AV","EAST LAUREL DR",60.00,S,N,A,-,N,,,,,,,,,,Y,4,0,4,2,A,-,05,21650,,N,A,C,A,A,H,-,A,A,0,,,,,Y,,-,,0,0,4,0,0,0,0,0,0,"- ","- ",,,MONTEREY,SALINAS,-121.62328338623047,36.686260223388672
8738073,2018,2018-11-27,2708,2018-10-02,0809,53260,,2,5,6,2708,0,0,0,,0,012,"EAST LAUREL DR","1ST AV",0.00,,Y,A,-,N,,,,,,,,,,N,4,0,1,3,A,-,09,21802,B,N,D,C,A,A,H,-,A,D,0,,,,,Y,,-,,0,0,1,0,0,0,0,0,0,"- ","- ",,,MONTEREY,SALINAS,-121.61554718017578,36.676761627197266
8738077,2018,2018-11-27,2708,2018-10-10,1104,49532,SALIN,3,5,6,2708,0,0,0,,0,011,"N SAN BORN RD","EAST LAUREL DR",0.00,,Y,A,-,N,,,,,,,,,,N,4,0,1,2,A,-,04,21703,,N,C,C,A,A,H,-,A,A,0,,,,,Y,,D,22,0,0,1,0,0,0,0,0,0,"- ","- ",,,MONTEREY,SALINAS,-121.62088012695312,36.682941436767578
8738254,2018,2018-12-03,2712,2018-11-09,1657,1062,2712,5,5,3,2712,0,0,0,,0,001,"IMJIN PKWY","MARINA HEIGHTS DR",1592.00,N,N,A,-,N,,,,,,,,,,N,4,0,1,3,A,-,01,23152,A,N,C,C,A,A,H,-,A,D,0,,,,,Y,Y,D,22,0,0,1,0,0,0,0,0,0,"- ","- ",,,MONTEREY,MARINA,-121.77875518798828,36.663997650146484
8738744,2018,2019-01-10,2711,2018-05-12,0148,07568,SPD,6,5,3,2711,0,0,0,,0,002,"METZ RD","TIBURON PL",75.00,S,N,A,-,Y,MON,5,146,-,-,2.000,H,-,E,Y,2,0,1,4,A,-,08,22107,,N,A,E,A,A,H,-,C,D,0,,,,,Y,Y,A,01,1,0,0,0,0,0,0,0,0,"- ","- ",,,MONTEREY,SOLEDAD,-121.31020355224609,36.425685882568359
8739108,2018,2018-11-30,2708,2018-09-18,1856,04125,,2,5,6,2708,0,0,0,,0,004,"EAST BORONDA RD","HEMINGWAY DR",164.00,E,N,A,-,N,,,,,,,,,,Y,3,0,1,3,A,-,03,22350,,N,C,C,A,A,H,-,A,D,0,,,,,Y,,-,,0,1,0,0,0,0,0,0,0,"- ","- ",,,MONTEREY,SALINAS,-121.60924530029297,36.712001800537109
8739157,2018,2018-11-30,2708,2018-09-27,0646,49021,,4,5,6,2708,0,0,0,,0,007,"WEST MARKET ST",DAVIS,10.00,S,N,A,-,N,,,,,,,,,,Y,3,0,1,2,A,-,04,21703,,N,C,C,A,A,H,-,B,A,0,,,,,Y,,-,,0,1,0,0,0,0,0,0,0,"- ","- ",,,MONTEREY,SALINAS,-121.67455291748047,36.684726715087891
8739161,2018,2018-11-30,2708,2018-09-23,1501,59989,SALIN,7,5,6,2708,0,0,0,,0,006,"NORTH DAVIS RD","WEST LAUREL DR",141.00,N,N,A,-,N,,,,,,,,,,N,3,0,1,3,A,-,03,22350,,F,C,C,A,-,H,-,A,A,0,,,,,Y,,-,,0,1,0,0,0,0,0,0,0,"- ","- ",,,MONTEREY,SALINAS,-121.66804504394531,36.698295593261719
8739165,2018,2018-11-30,2708,2018-09-28,0623,56105,SALIN,5,5,6,2708,0,0,0,,0,001,"NORTH MAIN ST","CASTRO ST",50.00,N,N,A,-,N,,,,,,,,,,Y,3,0,1,2,A,-,09,21801,A,N,A,C,A,A,H,-,B,D,0,,,,,Y,,-,,0,1,0,0,0,0,0,0,0,"- ","- ",,,MONTEREY,SALINAS,-121.65634918212891,36.722476959228516
8739167,2018,2018-12-13,2710,2018-10-20,1735,36057,,6,5,4,2710,0,0,0,,0,02B,"HILBY AV","YOSEMITE ST",0.00,,Y,A,-,N,,,,,,,,,,N,4,0,1,2,A,-,12,22450,A,N,D,C,A,A,D,-,A,A,0,,,,,Y,,-,,0,0,1,0,0,0,0,0,0,"- ","- ",,,MONTEREY,SEASIDE,-121.83045196533203,36.602279663085938
8739169,2018,2018-11-30,2708,2018-09-30,0213,54383,,7,5,6,2708,0,0,0,,0,003,"NATIVIDAD RD","EAST LAUREL DR",20.00,S,N,A,-,N,,,,,,,,,,N,4,0,1,2,A,-,03,22350,,F,C,C,A,A,H,-,C,A,0,,,,,Y,Y,A,01,0,0,1,0,0,0,0,0,0,"- ","- ",,,MONTEREY,SALINAS,-121.63832855224609,36.696285247802734
8739173,2018,2018-11-30,2708,2018-09-21,1615,31977,,5,5,6,2708,0,0,0,,0,005,"WEST LAUREL DR",BALDWIN,0.00,,Y,A,-,N,,,,,,,,,,Y,4,0,1,2,A,-,09,21802,A,N,D,C,A,A,H,-,A,D,0,,,,,Y,,-,,0,0,1,0,0,0,0,0,0,"- ","- ",,,MONTEREY,SALINAS,-121.65431976318359,36.699031829833984
8739177,2018,2018-11-30,2708,2018-09-27,1259,19943,,4,5,6,2708,0,0,0,,0,001,"NORTH MAIN ST","MASSA ST",1056.00,N,N,B,-,N,,,,,,,,,,Y,4,0,1,2,A,-,08,22107,,N,B,C,A,A,H,-,A,D,0,,,,,Y,,-,,0,0,1,0,0,0,0,0,0,"- ","- ",,,MONTEREY,SALINAS,-121.65629577636719,36.728660583496094
8739181,2018,2018-11-30,2708,2018-09-22,1846,31977,,6,5,6,2708,0,0,0,,0,005,"MARYAL DR",REATA,0.00,,Y,A,-,N,,,,,,,,,,N,4,0,1,2,A,-,12,22450,,F,D,C,A,A,H,-,A,A,0,,,,,Y,,-,,0,0,1,0,0,0,0,0,0,"- ","- ",,,MONTEREY,SALINAS,-121.64636993408203,36.702091217041016
8740311,2018,2018-11-28,2706,2018-11-05,1911,851,,1,5,4,2706,0,0,0,,0,002,"FREMONT ST","ABREGO ST",9.00,E,N,A,-,N,,,,,,,,,,N,3,0,1,2,A,-,10,21950,A,N,G,B,B,A,H,-,C,A,0,Y,,,,Y,,A,01,0,1,0,0,1,0,0,0,0,"- ","- ",,,MONTEREY,MONTEREY,-121.89215087890625,36.595249176025391
8740315,2018,2018-11-28,2706,2018-11-03,1300,851,,6,5,4,2706,0,0,0,,0,001,"CANNERY ROW","REESIDE AV",0.00,,Y,A,-,N,,,,,,,,,,N,3,0,1,2,A,-,03,22350,,N,B,C,A,A,-,-,A,D,0,,Y,,,Y,Y,L,04,0,1,0,0,0,0,1,0,0,"- ","- ",,,MONTEREY,MONTEREY,-121.89675140380859,36.610519409179688
8740599,2018,2018-11-19,2711,2018-04-12,1725,2526,SLPD,4,5,3,2711,0,0,0,,0,001,"FRONT ST","ENCINAL ST",0.00,,Y,A,-,N,,,,,,,,,,Y,4,0,1,2,A,-,09,21804,A,N,B,C,A,A,H,-,A,A,0,,,,,Y,,A,01,0,0,1,0,0,0,0,0,0,"- ","- ",,,MONTEREY,SOLEDAD,-121.33027648925781,36.427490234375
8740627,2018,2018-11-19,2711,2018-04-08,1436,2526,SLPD,7,5,3,2711,0,0,0,,0,002,"OAK ST","MONTEREY ST",0.00,,N,A,-,N,,,,,,,,,,N,4,0,1,2,B,-,22,,,N,D,C,A,A,H,-,A,A,0,,,,,Y,,A,07,0,0,1,0,0,0,0,0,0,"- ","- ",,,MONTEREY,SOLEDAD,-121.32341003417969,36.424808502197266
8741309,2018,2018-11-27,2703,2018-11-09,0652,7022,2703,5,5,2,2703,0,0,0,,0,ALL,"RHONE WAY","CHIANTI WY",0.00,,Y,A,-,N,,,,,,,,,,N,3,0,1,2,A,-,21,22106,,N,C,E,A,A,H,-,A,D,0,,,,,Y,,A,01,0,1,0,0,0,0,0,0,0,"- ","- ",,,MONTEREY,GONZALES,-121.44541168212891,36.524860382080078
8742244,2018,2019-02-05,2707,2018-11-16,0914,2217,2217,5,5,3,2707,0,0,0,,0,002,"FOREST AV","LAUREL AV",0.00,,Y,A,-,N,,,,,,,,,,N,4,0,1,2,A,-,21,22106,,N,G,B,F,A,H,-,A,D,0,Y,,,,Y,,A,01,0,0,1,0,1,0,0,0,0,"- ","- ",,,MONTEREY,"PACIFIC GROVE",-121.91838836669922,36.619808197021484
8742513,2018,2018-11-27,2711,2018-08-10,1652,4141,2711,5,5,3,2711,0,0,0,,0,001,"SOLEDAD ST","REGINA ST",47.00,W,N,A,-,N,,,,,,,,,,N,3,0,1,2,A,-,11,21950,B,N,G,B,C,A,H,-,A,D,0,Y,,,,Y,,N,60,0,1,0,0,1,0,0,0,0,"- ","- ",,,MONTEREY,SOLEDAD,-121.32366943359375,36.432708740234375
8742564,2018,2018-11-27,2708,2018-08-28,1919,04113,,2,5,6,2708,0,0,0,,0,002,"EAST BORONDA RD","MCKINNON ST",610.00,E,N,A,-,N,,,,,,,,,,N,4,0,1,2,A,-,03,22350,,N,C,C,A,A,H,-,A,D,0,,,,,Y,,-,,0,0,1,0,0,0,0,0,0,"- ","- ",,,MONTEREY,SALINAS,-121.64161682128906,36.716747283935547
8742572,2018,2018-11-27,2708,2018-08-15,1840,87875,,3,5,6,2708,0,0,0,,0,004,"INDEPENDENCE BL","CONSTITUTION BL",0.00,,Y,A,-,N,,,,,,,,,,N,4,0,1,2,A,-,00,12650,1,N,D,G,A,A,H,-,A,A,0,,Y,,,Y,,L,04,0,0,1,0,0,0,1,0,0,"- ","- ",,,MONTEREY,SALINAS,-121.62148284912109,36.700408935546875
8743298,2018,2018-12-04,2710,2018-09-23,1617,38145,2710,7,5,4,2710,0,0,0,,0,02B,"MINGO AV","FLORES ST",0.00,,Y,A,-,N,,,,,,,,,,Y,4,0,1,3,A,-,12,22450,A,N,D,C,A,A,H,-,A,A,0,,,,,Y,,A,01,0,0,1,0,0,0,0,0,0,"- ","- ",,,MONTEREY,SEASIDE,-121.83387756347656,36.611888885498047
8744084,2018,2019-01-24,2708,2018-10-16,1626,31945,,2,5,6,2708,0,0,0,,0,009,"RT 68","HAWTHORNE ST",0.00,,Y,A,-,Y,MON,5,68,-,-,20.550,I,5,W,Y,4,0,1,2,A,-,04,21703,,N,C,C,A,A,H,-,A,D,0,,,,,Y,,-,,0,0,1,0,0,0,0,0,0,"- ","- ",,,MONTEREY,SALINAS,-121.65741729736328,36.663707733154297
8744088,2018,2019-01-28,2708,2018-10-30,0706,96860,,2,5,6,2708,0,0,0,,0,009,"SOUTH MAIN ST","MAPLE ST",10.00,N,-,A,-,Y,MON,5,68,-,-,20.910,I,5,W,N,4,0,1,2,A,-,11,21954,A,N,G,B,D,A,H,-,A,D,0,Y,,,,Y,,N,60,0,0,1,0,1,0,0,0,0,"- ","- ",,,MONTEREY,SALINAS,-121.65562438964844,36.668766021728516
8744143,2018,2019-01-24,2708,2018-10-27,1634,08225,,6,5,6,2708,0,0,0,,0,008,"RT 183","W MAIN ST",0.00,,Y,A,-,Y,MON,5,183,-,-,0.770,I,6,S,Y,3,0,3,4,A,-,01,23152,A,F,A,B,F,A,H,-,A,A,0,Y,,,,Y,Y,A,01,0,1,2,0,1,0,0,0,0,"- ","- ",,,MONTEREY,SALINAS,-121.65662384033203,36.677810668945312
8744147,2018,2019-01-24,2708,2018-10-03,2029,08225,,3,5,6,2708,0,0,0,,0,009,"RT 68","WINHAM ST",50.00,N,N,C,-,Y,MON,5,68,-,-,21.040,I,5,E,N,3,0,1,2,A,-,10,21950,,F,G,B,B,B,H,-,C,D,0,Y,,,,Y,,A,01,0,1,0,0,1,0,0,0,0,"- ","- ",,,MONTEREY,SALINAS,-121.65498352050781,36.67059326171875