CASE_ID,ACCIDENT_YEAR,PROC_DATE,JURIS,COLLISION_DATE,COLLISION_TIME,OFFICER_ID,REPORTING_DISTRICT,DAY_OF_WEEK,CHP_SHIFT,POPULATION,CNTY_CITY_LOC,SPECIAL_COND,BEAT_TYPE,CHP_BEAT_TYPE,CITY_DIVISION_LAPD,CHP_BEAT_CLASS,BEAT_NUMBER,PRIMARY_RD,SECONDARY_RD,DISTANCE,DIRECTION,INTERSECTION,WEATHER_1,WEATHER_2,STATE_HWY_IND,CALTRANS_COUNTY,CALTRANS_DISTRICT,STATE_ROUTE,ROUTE_SUFFIX,POSTMILE_PREFIX,POSTMILE,LOCATION_TYPE,RAMP_INTERSECTION,SIDE_OF_HWY,TOW_AWAY,COLLISION_SEVERITY,NUMBER_KILLED,NUMBER_INJURED,PARTY_COUNT,PRIMARY_COLL_FACTOR,PCF_CODE_OF_VIOL,PCF_VIOL_CATEGORY,PCF_VIOLATION,PCF_VIOL_SUBSECTION,HIT_AND_RUN,TYPE_OF_COLLISION,MVIW,PED_ACTION,ROAD_SURFACE,ROAD_COND_1,ROAD_COND_2,LIGHTING,CONTROL_DEVICE,CHP_ROAD_TYPE,PEDESTRIAN_ACCIDENT,BICYCLE_ACCIDENT,MOTORCYCLE_ACCIDENT,TRUCK_ACCIDENT,NOT_PRIVATE_PROPERTY,ALCOHOL_INVOLVED,STWD_VEHTYPE_AT_FAULT,CHP_VEHTYPE_AT_FAULT,COUNT_SEVERE_INJ,COUNT_VISIBLE_INJ,COUNT_COMPLAINT_PAIN,COUNT_PED_KILLED,COUNT_PED_INJURED,COUNT_BICYCLIST_KILLED,COUNT_BICYCLIST_INJURED,COUNT_MC_KILLED,COUNT_MC_INJURED,PRIMARY_RAMP,SECONDARY_RAMP,LATITUDE,LONGITUDE,COUNTY,CITY,POINT_X,POINT_Y
8744151,2018,2019-01-24,2708,2018-10-18,1810,13123,,4,5,6,2708,0,0,0,,0,009,"SOUTH MAIN ST","GEIL ST",30.00,N,N,A,-,Y,MON,5,68,-,-,20.710,H,-,E,N,4,0,3,3,A,-,21,22106,,N,C,C,A,A,H,-,A,A,0,,,,,Y,,A,01,0,0,3,0,0,0,0,0,0,"- ","- ",,,MONTEREY,SALINAS,-121.65660095214844,36.665943145751953
8744155,2018,2019-01-24,2708,2018-10-19,1340,71633,,5,5,6,2708,0,0,0,,0,008,"RT 101","EAST MARKET ST",0.00,,Y,A,-,Y,MON,5,101,-,-,87.170,R,4,S,Y,4,0,1,2,A,-,09,21801,A,N,D,C,A,A,H,-,A,D,0,,,,,Y,,-,,0,0,1,0,0,0,0,0,0,SO,"- ",,,MONTEREY,SALINAS,-121.64110565185547,36.675743103027344
8744159,2018,2019-01-24,2708,2018-10-28,0803,69054,,7,5,6,2708,0,0,0,,0,007,"WEST MARKET ST","DAVIS RD",0.00,,Y,A,-,Y,MON,5,183,-,R,1.830,H,-,S,Y,4,0,1,2,-,-,"- ",,,N,D,C,A,A,H,-,A,A,0,,,,,Y,,-,"- ",0,0,1,0,0,0,0,0,0,"- ","- ",,,MONTEREY,SALINAS,-121.67317199707031,36.684162139892578
8744168,2018,2019-01-28,2708,2018-10-21,1930,8775,,7,5,6,2708,0,0,0,,0,006,"RT 183","E MENKE ST",32.00,N,N,A,-,Y,MON,5,183,-,-,0.350,H,-,N,Y,2,0,1,2,A,-,11,21954,A,N,-,B,D,A,H,-,C,D,0,Y,,,,Y,,N,60,1,0,0,0,1,0,0,0,0,"- ","- ",,,MONTEREY,SALINAS,-121.65374755859375,36.682056427001953
8744176,2018,2019-01-28,2703,2018-10-23,0806,8185,,2,5,2,2703,0,0,0,,0,ALL,"5TH ST","RT 101",0.00,,Y,A,-,Y,MON,5,101,-,-,71.010,R,4,N,N,4,0,2,4,A,-,10,21950,A,M,G,B,B,A,H,-,A,D,0,Y,,,,Y,,D,22,0,0,2,0,2,0,0,0,0,"- ","- ",,,MONTEREY,GONZALES,-121.43875885009766,36.515602111816406
8744202,2018,2018-12-18,2708,2018-09-28,1820,07731,SALIN,5,5,6,2708,0,0,0,,0,002,"WEST LAUREL DR","RT 101",0.00,W,N,A,-,Y,MON,5,101,-,R,89.440,R,4,N,N,2,0,1,2,A,-,05,21650,1,N,D,G,A,A,H,-,A,A,0,,Y,,,Y,,L,04,1,0,0,0,0,0,1,0,0,"- ",NF,,,MONTEREY,SALINAS,-121.66547393798828,36.700187683105469
8744206,2018,2018-12-18,2708,2018-09-23,2002,18925,,7,5,6,2708,0,0,0,,0,007,"RT 183","CLARK ST",22.00,E,N,A,-,Y,MON,5,183,-,-,1.680,H,-,S,N,4,0,1,2,A,-,05,21650,1,N,D,G,A,A,H,-,C,D,0,,Y,,,Y,,L,04,0,0,1,0,0,0,1,0,0,"- ","- ",,,MONTEREY,SALINAS,-121.6707763671875,36.683242797851562
8744531,2018,2018-12-28,2706,2018-11-07,2042,851,,3,5,4,2706,0,0,0,,0,002,"FREMONT ST","CAMINO AGUAJITO",114.00,W,N,A,-,N,,,,,,,,,,Y,4,0,1,2,A,-,03,22350,,N,D,C,A,A,H,-,C,A,0,,,,,Y,,D,22,0,0,1,0,0,0,0,0,0,"- ","- ",,,MONTEREY,MONTEREY,-121.88287353515625,36.593837738037109
8745562,2018,2018-12-28,2706,2018-11-13,1748,851,,2,5,4,2706,0,0,0,,0,002,"WASHINGTON ST","DEL MONTE AV",0.00,,Y,A,-,N,,,,,,,,,,N,4,0,1,2,B,-,22,,,N,D,C,A,A,H,-,C,A,0,,Y,,,Y,,L,04,0,0,1,0,0,0,1,0,0,"- ","- ",,,MONTEREY,MONTEREY,-121.89234161376953,36.600658416748047
8745566,2018,2018-12-28,2706,2018-11-06,1015,119,MPD,2,5,4,2706,0,0,0,,0,001,"NORTH FREMONT ST","CASANOVA AV",150.00,E,N,A,-,N,,,,,,,,,,N,4,0,1,2,A,-,07,21658,A,N,B,C,A,A,H,-,A,A,0,,Y,,,Y,,A,07,0,0,1,0,0,0,0,0,0,"- ","- ",,,MONTEREY,MONTEREY,-121.85274505615234,36.597805023193359
8745876,2018,2018-11-30,2706,2018-11-08,1745,635,MPD,4,5,4,2706,0,0,0,,0,003,"DEL MONTE AV","CAMINO AGUAJITO",100.00,E,N,A,-,N,,,,,,,,,,N,4,0,1,2,A,-,03,22350,,N,C,C,A,A,H,-,C,D,0,,,,,Y,,A,01,0,0,1,0,0,0,0,0,0,"- ","- ",,,MONTEREY,MONTEREY,-121.88323974609375,36.599937438964844
8745884,2018,2018-11-30,2706,2018-11-05,1835,117,MPD,1,5,4,2706,0,0,0,,0,003,"CASA VERDE WY","NORTH FREMONT ST",0.00,,Y,A,-,N,,,,,,,,,,N,4,0,1,2,A,-,12,21453,A,F,D,G,A,A,D,-,C,A,0,,Y,,,Y,,L,04,0,0,1,0,0,0,1,0,0,"- ","- ",,,MONTEREY,MONTEREY,-121.86268615722656,36.596210479736328
8745965,2018,2018-12-04,2710,2018-10-31,1305,40401,MARIN,3,5,4,2710,0,0,0,,0,02A,"FREMONT BL","FREMONT BL 1500",0.00,,Y,A,-,N,,,,,,,,,,Y,4,0,1,2,A,-,09,21804,A,N,D,C,A,A,H,-,A,D,0,,,,,Y,,D,23,0,0,1,0,0,0,0,0,0,"- ","- ",,,MONTEREY,SEASIDE,,
8745980,2018,2018-12-03,2712,2018-11-18,2054,1062,2712,7,5,3,2712,0,0,0,,0,001,"DEL MONTE BL","RESERVATION RD",0.00,,Y,A,-,N,,,,,,,,,,Y,4,0,1,2,A,-,12,21453,A,N,D,C,A,A,H,-,C,A,0,,,,,Y,,D,22,0,0,1,0,0,0,0,0,0,"- ","- ",,,MONTEREY,MARINA,-121.79972839355469,36.687698364257812
8746037,2018,2018-11-28,2711,2018-07-15,1608,03902,2711,7,5,3,2711,0,0,0,,0,001,"NORTH ST","WEST ST",0.00,S,N,A,-,N,,,,,,,,,,N,2,0,1,2,A,-,11,21954,A,N,G,B,E,A,H,-,A,D,0,Y,,,,Y,,N,60,1,0,0,0,1,0,0,0,0,"- ","- ",,,MONTEREY,SOLEDAD,-121.32923126220703,36.431941986083984
8746041,2018,2018-12-19,2711,2018-07-16,0804,3967,2711,1,5,3,2711,0,0,0,,0,002,"MONTEREY ST","DIXIE ST",0.00,,Y,B,-,N,,,,,,,,,,N,4,0,1,2,A,-,09,21800,A,N,D,D,A,A,H,-,A,A,0,,,,,Y,,A,01,0,0,1,0,0,0,0,0,0,"- ","- ",,,MONTEREY,SOLEDAD,-120.80317687988281,35.862651824951172
8746139,2018,2018-12-03,2708,2018-10-20,1235,52823,,6,5,6,2708,0,0,0,,0,,"NORTH MAIN ST","SANTA ANA AV",300.00,S,N,A,-,N,,,,,,,,,,N,4,0,1,3,A,-,03,22350,,M,C,C,A,A,H,-,A,D,0,,,,,Y,,-,,0,0,1,0,0,0,0,0,0,"- ","- ",,,MONTEREY,SALINAS,,
8746143,2018,2019-01-03,2708,2018-11-19,1913,56525,SALIN,1,5,6,2708,0,0,0,,0,011,"SANBORN RD","FREEDOM PKWY",0.00,,Y,A,-,N,,,,,,,,,,Y,3,0,2,2,A,-,09,21801,A,F,D,C,A,A,H,-,C,A,0,,,,,Y,,-,,0,2,0,0,0,0,0,0,0,"- ","- ",,,MONTEREY,SALINAS,-121.60134887695312,36.692131042480469
8746400,2018,2018-11-30,2711,2018-03-26,2000,0984,2711,1,5,3,2711,0,0,0,,0,001,"MONTEREY ST","EAST ST",0.00,,Y,A,-,N,,,,,,,,,,N,4,0,1,2,A,-,09,21802,A,N,D,C,A,A,H,-,C,A,0,,,,,Y,,A,01,0,0,1,0,0,0,0,0,0,"- ","- ",,,MONTEREY,SOLEDAD,-121.32514953613281,36.425941467285156
8746442,2018,2018-12-05,2710,2018-10-19,0805,40409,3,5,5,4,2710,0,0,0,,0,FTO,"GRANADA ST","MESCAL ST",118.00,N,N,A,-,N,,,,,,,,,,Y,4,0,1,2,A,-,05,21660,,N,A,C,A,A,H,-,A,D,0,,,,,Y,,A,01,0,0,1,0,0,0,0,0,0,"- ","- ",,,MONTEREY,SEASIDE,-121.82358551025391,36.610637664794922
8746484,2018,2018-12-17,2710,2018-10-19,0756,40409,12,5,5,4,2710,0,0,0,,0,FTO,"ORD GROVE AV","WARING ST",0.00,,Y,A,-,N,,,,,,,,,,N,2,0,1,2,A,-,10,21950,A,N,G,B,B,A,H,-,A,D,0,Y,,,,Y,,A,01,1,0,0,0,1,0,0,0,0,"- ","- ",,,MONTEREY,SEASIDE,-121.83463287353516,36.619178771972656
8746488,2018,2018-12-17,2710,2018-10-03,1648,33466,,3,5,4,2710,0,0,0,,0,,"FREMONT BL","FREMONT BL 1830",0.00,,-,C,-,N,,,,,,,,,,N,4,0,1,2,A,-,08,22107,,F,G,B,F,B,-,-,A,D,0,Y,,,,Y,,-,99,0,0,1,0,1,0,0,0,0,"- ","- ",,,MONTEREY,SEASIDE,,
8746764,2018,2019-01-25,2706,2018-11-13,1537,851,MPD,2,5,4,2706,0,0,0,,0,001,"LIGHTHOUSE AV","DICKMAN AV",0.00,,Y,A,-,N,,,,,,,,,,Y,3,0,2,3,A,-,03,22350,,N,C,C,A,A,-,-,A,A,0,,,,,Y,Y,A,07,0,1,1,0,0,0,0,0,0,"- ","- ",,,MONTEREY,MONTEREY,-121.89926147460938,36.610660552978516
8749389,2018,2018-12-27,2706,2018-11-22,1239,851,,4,5,4,2706,0,0,0,,0,003,"NORTH FREMONT ST","CASA VERDE WY",282.00,E,N,B,-,N,,,,,,,,,,N,4,0,1,2,A,-,11,21955,,F,D,B,D,A,D,-,A,D,0,Y,,,,Y,Y,N,60,0,0,1,0,1,0,0,0,0,"- ","- ",,,MONTEREY,MONTEREY,-121.86174774169922,36.596355438232422
8749401,2018,2019-02-20,2706,2018-12-08,1306,851,,6,5,4,2706,0,0,0,,0,002,"MUNRAS AV","SOLEDAD DR",13.00,S,N,-,-,N,,,,,,,,,,Y,3,0,1,3,A,-,03,22350,,N,C,C,A,A,H,-,A,A,0,,,,,Y,Y,A,01,0,1,0,0,0,0,0,0,0,"- ","- ",,,MONTEREY,MONTEREY,-121.90188598632812,36.583328247070312
8749621,2018,2019-01-11,2710,2018-10-24,1951,40411,MARIN,3,5,4,2710,0,0,0,,0,004,"GEN JIM MOORE BL","STREET LIGHT 23",140.00,S,N,A,-,N,,,,,,,,,,N,2,0,1,1,A,-,03,22350,,N,E,J,A,A,H,-,C,D,0,,,Y,,Y,,C,02,1,0,0,0,0,0,0,0,1,"- ","- ",,,MONTEREY,SEASIDE,,
8749633,2018,2019-01-24,2710,2018-10-19,0216,40411,MARIN,5,5,4,2710,0,0,0,,0,001,"CANYON DEL REY BL","SONOMA AV",9.00,N,N,A,-,Y,MON,5,218,-,L,3.200,H,-,W,Y,3,0,1,1,A,-,01,23152,B,N,E,I,A,A,H,-,C,A,0,,,,,Y,Y,A,01,0,1,0,0,0,0,0,0,0,"- ","- ",,,MONTEREY,SEASIDE,-121.85556030273438,36.606414794921875
8753088,2018,2019-02-15,2706,2018-12-06,1223,851,,4,5,4,2706,0,0,0,,0,003,"RT 68","OLMSTED RD",1500.00,E,N,A,-,Y,MON,5,68,-,-,5.850,H,-,W,Y,4,0,2,2,A,-,03,22350,,N,C,C,A,A,H,-,A,A,0,,,,,Y,,A,07,0,0,2,0,0,0,0,0,0,"- ","- ",,,MONTEREY,MONTEREY,-121.84498596191406,36.582786560058594
8755080,2018,2018-12-27,2708,2018-11-07,0337,58583,SALIN,3,5,6,2708,0,0,0,,0,005,"BLOCK AV","BLOCK AV  369",0.00,,Y,A,-,N,,,,,,,,,,Y,3,0,1,3,A,-,03,22350,,N,D,E,A,A,H,-,C,D,0,,,,,Y,,D,22,0,1,0,0,0,0,0,0,0,"- ","- ",,,MONTEREY,SALINAS,,
8755201,2018,2019-01-10,2708,2018-11-16,1946,16258,SALIN,5,5,6,2708,0,0,0,,0,001,"MADRID DR","NORTH MAIN ST",390.00,W,N,A,-,N,,,,,,,,,,N,2,0,1,2,A,-,09,21804,A,N,B,C,A,A,-,-,C,D,0,,,,,Y,,-,,1,0,0,0,0,0,0,0,0,"- ","- ",,,MONTEREY,SALINAS,-121.656005859375,36.713108062744141
8755205,2018,2019-02-04,2708,2018-11-16,0812,37663,,5,5,6,2708,0,0,0,,0,008,"JOHN ST","CALIFORNIA ST",0.00,,Y,A,-,N,,,,,,,,,,Y,3,0,1,2,A,-,12,21453,A,N,D,C,A,A,H,-,A,A,0,,,,,Y,,-,"- ",0,1,0,0,0,0,0,0,0,"- ","- ",,,MONTEREY,SALINAS,-121.64994812011719,36.670001983642578
8755209,2018,2019-01-10,2708,2018-11-01,1229,57533,,4,5,6,2708,0,0,0,,0,007,"SOUTH MAIN ST","WEST ACACIA ST",0.00,,Y,A,-,N,,,,,,,,,,N,3,0,1,2,A,-,09,21804,A,N,D,G,A,A,H,-,A,A,0,,Y,,,Y,,L,04,0,1,0,0,0,0,1,0,0,"- ","- ",,,MONTEREY,SALINAS,-121.65715789794922,36.664241790771484
8755213,2018,2019-01-10,2708,2018-11-03,1250,54370,,6,5,6,2708,0,0,0,,0,012,"TUSCANY BL","TUSCANY WY",90.00,S,N,A,-,N,,,,,,,,,,N,4,0,2,2,A,-,03,22350,,N,C,C,A,A,H,-,A,D,0,,,,,Y,,-,,0,0,2,0,0,0,0,0,0,"- ","- ",,,MONTEREY,SALINAS,-121.59588623046875,36.682723999023438
8755217,2018,2019-01-10,2708,2018-11-02,1457,71507,,5,5,6,2708,0,0,0,,0,010,"E ALISAL ST","HOLADAY AV",0.00,,Y,A,-,N,,,,,,,,,,Y,4,0,1,2,A,-,08,22107,,N,-,J,A,A,H,-,A,D,0,,,,,Y,Y,-,,0,0,1,0,0,0,0,0,0,"- ","- ",,,MONTEREY,SALINAS,-121.62899780273438,36.673049926757812
8755218,2018,2018-12-19,2708,2018-11-25,2000,16258,SALIN,7,5,6,2708,0,0,0,,0,001,"EAST BORONDA RD","SAN JUAN GRADE RD",300.00,E,N,A,-,N,,,,,,,,,,N,4,0,2,2,A,-,03,22350,,N,C,C,A,A,H,-,C,D,0,,,,,Y,,-,,0,0,2,0,0,0,0,0,0,"- ","- ",,,MONTEREY,SALINAS,-121.65050506591797,36.719169616699219
8755221,2018,2019-01-10,2708,2018-11-02,1215,30510,,5,5,6,2708,0,0,0,,0,002,"CHEROKEE DR","W ALVIN",21.00,N,N,A,-,N,,,,,,,,,,Y,4,0,3,2,A,-,03,22350,,N,A,C,A,A,H,-,A,A,0,,,,,Y,,-,,0,0,3,0,0,0,0,0,0,"- ","- ",,,MONTEREY,SALINAS,-121.66016387939453,36.707695007324219
8755225,2018,2019-01-10,2708,2018-11-05,2016,56793,,1,5,6,2708,0,0,0,,0,,CHAPARRAL,"SONORA WY",60.00,E,N,A,-,N,,,,,,,,,,Y,4,0,1,2,A,-,08,22107,,N,B,E,A,A,H,-,A,D,0,,,,,Y,,-,,0,0,1,0,0,0,0,0,0,"- ","- ",,,MONTEREY,SALINAS,-121.64141082763672,36.701801300048828
8755229,2018,2019-01-10,2708,2018-11-13,1521,73185,SALIN,2,5,6,2708,0,0,0,,0,009,"ABBOTT ST","EAST BLANCO RD",265.00,W,N,A,-,N,,,,,,,,,,N,4,0,1,2,A,-,03,22350,,N,C,C,A,A,H,-,A,A,0,,,,,Y,,-,,0,0,1,0,0,0,0,0,0,"- ","- ",,,MONTEREY,SALINAS,-121.63662719726562,36.657611846923828
8755233,2018,2019-01-10,2708,2018-11-20,1550,73185,,2,5,6,2708,0,0,0,,0,009,"SOUTH MAIN ST","PLAZA CIR",0.00,,Y,A,-,N,,,,,,,,,,Y,4,0,1,2,A,-,09,21801,A,N,D,C,A,A,H,-,A,D,0,,,,,Y,,-,,0,0,1,0,0,0,0,0,0,"- ","- ",,,MONTEREY,SALINAS,-121.65956115722656,36.657329559326172
8755237,2018,2019-01-10,2708,2018-11-16,0635,54383,,5,5,6,2708,0,0,0,,0,012,WILLIAMS,BELLHAVEN,130.00,N,N,A,-,N,,,,,,,,,,Y,4,0,1,2,A,-,09,21804,A,N,B,C,A,A,H,-,A,D,0,,,,,Y,,A,01,0,0,1,0,0,0,0,0,0,"- ","- ",,,MONTEREY,SALINAS,-121.61078643798828,36.677516937255859
8755241,2018,2019-01-09,2708,2018-11-19,1525,18163,SALIN,1,5,6,2708,0,0,0,,0,008,"E MARKET","PEACH DR",44.00,W,N,A,-,N,,,,,,,,,,Y,2,0,6,4,A,-,01,23153,A,F,A,C,A,A,H,-,A,A,0,,,,,Y,Y,-,,3,3,0,0,0,0,0,0,0,"- ","- ",,,MONTEREY,SALINAS,-121.64772033691406,36.678680419921875
8755245,2018,2019-01-09,2708,2018-11-16,1609,25182,,5,5,6,2708,0,0,0,,0,002,"CHEROKEE DR","N 1ST ST",0.00,,Y,A,-,N,,,,,,,,,,N,4,0,1,2,A,-,09,21804,A,N,D,C,A,A,H,-,A,A,0,,,,,Y,,-,,0,0,1,0,0,0,0,0,0,"- ","- ",,,MONTEREY,SALINAS,-121.6563720703125,36.711090087890625
8755249,2018,2019-01-09,2708,2018-11-14,0758,54370,,3,5,6,2708,0,0,0,,0,012,"EAST MARKET ST","TOWT ST",100.00,W,N,A,-,N,,,,,,,,,,N,3,0,2,3,A,-,03,22350,,N,C,C,A,A,H,-,A,A,0,,,,,Y,,-,,0,1,1,0,0,0,0,0,0,"- ","- ",,,MONTEREY,SALINAS,-121.62194061279297,36.676788330078125
8755250,2018,2018-12-19,2708,2018-11-07,2025,97440,,3,5,6,2708,0,0,0,,0,,"NORTH SANBORN RD","DEL MONTE AV",230.00,S,N,A,-,N,,,,,,,,,,Y,4,0,1,2,A,-,03,22350,,N,C,C,A,A,H,-,C,D,0,,,,,Y,,-,,0,0,1,0,0,0,0,0,0,"- ","- ",,,MONTEREY,SALINAS,-121.61145782470703,36.688289642333984
8755253,2018,2019-01-09,2708,2018-11-15,0816,37663,,4,5,6,2708,0,0,0,,0,011,"FREEDOM PKWY","BERNARDO AV",0.00,,Y,A,-,N,,,,,,,,,,Y,4,0,2,2,A,-,09,21801,A,N,D,C,A,A,H,-,A,A,0,,,,,Y,,-,,0,0,2,0,0,0,0,0,0,"- ","- ",,,MONTEREY,SALINAS,-121.60250854492188,36.694068908691406
8755255,2018,2018-12-21,2708,2018-11-15,0636,71713,,4,5,6,2708,0,0,0,,0,011,"WILLIAMS RD","BORANDA RD",0.00,,Y,A,-,N,,,,,,,,,,Y,3,0,2,2,A,-,09,21802,,N,D,C,A,A,H,-,A,D,0,,,,,Y,,-,,0,2,0,0,0,0,0,0,0,"- ","- ",,,MONTEREY,SALINAS,-121.59072113037109,36.688999176025391
8755257,2018,2019-01-09,2708,2018-11-13,1706,08775,SALIN,2,5,6,2708,0,0,0,,0,006,"NORTH DAVIS RD",WESTRIDGE,500.00,N,N,A,-,N,,,,,,,,,,Y,4,0,1,2,A,-,09,21804,A,N,D,C,A,A,H,-,C,D,0,,,,,Y,,A,01,0,0,1,0,0,0,0,0,0,"- ","- ",,,MONTEREY,SALINAS,-121.66656494140625,36.705341339111328
8755261,2018,2019-01-09,2708,2018-11-19,1938,UAVINA,,1,5,6,2708,0,0,0,,0,012,"JOHN ST","SOUTH SANBORN RD",0.00,E,N,A,-,N,,,,,,,,,,N,4,0,1,2,A,-,04,21703,,N,C,C,A,A,H,-,C,A,0,,,,,Y,,-,,0,0,1,0,0,0,0,0,0,"- ","- ",,,MONTEREY,SALINAS,-121.62773132324219,36.669300079345703
8755265,2018,2019-01-09,2708,2018-11-07,0947,12567,SALIN,3,5,6,2708,0,0,0,,0,005,"NOICE DR","CHAPARRAL ST",220.00,N,N,A,-,N,,,,,,,,,,N,3,0,1,2,A,-,09,21804,A,N,G,B,D,A,H,-,A,D,0,Y,,,,Y,,-,,0,1,0,0,1,0,0,0,0,"- ","- ",,,MONTEREY,SALINAS,-121.65177154541016,36.704795837402344
8755269,2018,2019-01-09,2708,2018-11-21,1700,74122,,3,5,6,2708,0,0,0,,0,004,"NATIVIDAD RD","EAST ALVIN DR",200.00,S,N,C,-,N,,,,,,,,,,N,4,0,1,2,A,-,04,21703,,N,C,C,A,B,H,-,B,D,0,,,,,Y,,A,01,0,0,1,0,0,0,0,0,0,"- ","- ",,,MONTEREY,SALINAS,-121.6318359375,36.702808380126953
8755273,2018,2019-01-09,2708,2018-11-03,1801,28315,SALIN,6,5,6,2708,0,0,0,,0,009,"SOUTH MAIN ST","SAN JOAQUIN ST",12.00,S,N,A,-,N,,,,,,,,,,N,3,0,1,2,A,-,10,21950,A,N,G,B,B,A,H,-,A,A,0,Y,,,,Y,,-,,0,1,0,0,1,0,0,0,0,"- ","- ",,,MONTEREY,SALINAS,-121.65901947021484,36.658840179443359
8755277,2018,2019-01-09,2708,2018-11-05,0921,69054,,1,5,6,2708,0,0,0,,0,007,"WEST ACACIA ST","SIERRA MADRE",0.00,,Y,A,-,N,,,,,,,,,,Y,4,0,2,2,A,-,09,21802,A,N,D,C,A,A,H,-,A,D,0,,,,,Y,,-,,0,0,2,0,0,0,0,0,0,"- ","- ",,,MONTEREY,SALINAS,-121.67053985595703,36.668659210205078
8755284,2018,2019-01-10,2708,2018-11-10,2230,18945,,6,5,6,2708,0,0,0,,0,003,"LOS COCHES AV","ALTURAS CIR",18.00,E,N,A,-,N,,,,,,,,,,N,2,0,1,2,A,-,01,23152,A,N,B,E,A,A,H,-,C,D,0,,,,,Y,Y,-,,1,0,0,0,0,0,0,0,0,"- ","- ",,,MONTEREY,SALINAS,-121.62872314453125,36.707790374755859
8755288,2018,2019-01-10,2708,2018-11-01,1802,04113,,4,5,6,2708,0,0,0,,0,007,"W ALISAL ST","HOMESTEAD AV",0.00,,Y,A,-,N,,,,,,,,,,Y,3,0,4,2,A,-,09,21801,A,N,D,C,A,A,H,-,B,A,0,,,,,Y,,-,,0,4,0,0,0,0,0,0,0,"- ","- ",,,MONTEREY,SALINAS,-121.66438293457031,36.672519683837891
8755292,2018,2019-01-10,2708,2018-11-06,1300,49532,SALIN,2,5,6,2708,0,0,0,,0,001,"BORONDA RD","NORTH MAIN ST",5.00,W,N,A,-,N,,,,,,,,,,N,3,0,1,2,A,-,10,21950,A,N,G,B,B,A,H,-,A,A,0,Y,,,,Y,,A,07,0,1,0,0,1,0,0,0,0,"- ","- ",,,MONTEREY,SALINAS,-121.65625,36.721622467041016
8755296,2018,2019-02-06,2708,2018-11-09,2119,54440,,5,5,6,2708,0,0,0,,0,003,"MCKINNON ST","EAST BORONDA RD",0.00,,Y,A,-,N,,,,,,,,,,Y,3,0,1,2,A,-,01,23153,A,N,D,C,A,A,H,-,C,D,0,,,,,Y,Y,-,,0,1,0,0,0,0,0,0,0,"- ","- ",,,MONTEREY,SALINAS,-121.64366149902344,36.717071533203125
8755300,2018,2019-01-10,2708,2018-11-09,2118,54440,,5,5,6,2708,0,0,0,,0,003,"EAST BORONDA RD","DARTMOUTH WY",100.00,W,N,A,-,N,,,,,,,,,,Y,4,0,3,2,A,-,01,23152,A,F,C,C,A,A,H,-,C,D,0,,,,,Y,Y,-,,0,0,3,0,0,0,0,0,0,"- ","- ",,,MONTEREY,SALINAS,-121.64906311035156,36.718059539794922
8755304,2018,2019-01-10,2708,2018-11-03,2124,13123,SALIN,6,5,6,2708,0,0,0,,0,001,"BORANDA RD","NORTH DAVIS RD",150.00,E,N,A,-,N,,,,,,,,,,N,4,0,1,2,A,-,07,21658,A,N,B,D,A,A,H,-,A,A,0,,,,,Y,,A,01,0,0,1,0,0,0,0,0,0,"- ","- ",,,MONTEREY,SALINAS,-121.66337585449219,36.722278594970703
8755308,2018,2019-01-10,2708,2018-11-30,0705,00589,SALIN,5,5,6,2708,0,0,0,,0,005,"PACHECO ST","RAMONA AV",0.00,,Y,A,-,N,,,,,,,,,,N,4,0,1,2,A,-,09,21802,A,N,D,C,A,A,H,-,B,D,0,,,,,Y,,-,,0,0,1,0,0,0,0,0,0,"- ","- ",,,MONTEREY,SALINAS,-121.63764190673828,36.698680877685547
8755312,2018,2019-01-10,2708,2018-11-30,0858,75635,SALIN,5,5,6,2708,0,0,0,,0,003,"EAST BORONDA RD","NATIVIDAD RD",15.00,W,N,A,-,N,,,,,,,,,,N,4,0,1,2,A,-,03,22350,,N,C,C,A,A,H,-,A,A,0,,,,,Y,,-,,0,0,1,0,0,0,0,0,0,"- ","- ",,,MONTEREY,SALINAS,-121.62357330322266,36.715545654296875
8755316,2018,2019-01-10,2708,2018-11-26,1638,19735,SALIN,1,5,6,2708,0,0,0,,0,006,"N DAVIS","LARKIN ST",0.00,,Y,A,-,N,,,,,,,,,,Y,4,0,1,2,A,-,12,21453,A,N,D,C,A,A,H,-,A,A,0,,,,,Y,,-,,0,0,1,0,0,0,0,0,0,"- ","- ",,,MONTEREY,SALINAS,-121.66840362548828,36.693740844726562
8755320,2018,2019-01-10,2708,2018-11-19,1938,28315,SALIN,1,5,6,2708,0,0,0,,0,001,"NORTH MAIN ST","BORONDA RD",0.00,,Y,A,-,N,,,,,,,,,,,3,0,1,2,A,-,09,21453,C,N,A,C,A,A,H,-,C,A,0,,,,,Y,,-,,0,1,0,0,0,0,0,0,0,"- ","- ",,,MONTEREY,SALINAS,-121.65622711181641,36.72161865234375
8755324,2018,2019-01-10,2708,2018-11-03,2306,30348,SALIN,6,5,6,2708,0,0,0,,0,012,"WILLIAMS RD","BARDIN RD",220.00,N,N,A,-,N,,,,,,,,,,Y,3,0,1,2,A,-,01,23152,A,N,F,C,A,A,H,-,D,D,0,,,,,Y,Y,-,,0,1,0,0,0,0,0,0,0,"- ","- ",,,MONTEREY,SALINAS,-121.60642242431641,36.680000305175781
8755328,2018,2019-01-10,2708,2018-11-15,0155,54383,,4,5,6,2708,0,0,0,,0,012,"NORTH SANBORN RD","CIRCLE DR",75.00,S,N,A,-,N,,,,,,,,,,Y,4,0,1,3,A,-,03,22350,,N,C,C,A,A,H,-,C,A,0,,,,,Y,Y,A,01,0,0,1,0,0,0,0,0,0,"- ","- ",,,MONTEREY,SALINAS,-121.62538909912109,36.6788330078125