CASE_ID,ACCIDENT_YEAR,PROC_DATE,JURIS,COLLISION_DATE,COLLISION_TIME,OFFICER_ID,REPORTING_DISTRICT,DAY_OF_WEEK,CHP_SHIFT,POPULATION,CNTY_CITY_LOC,SPECIAL_COND,BEAT_TYPE,CHP_BEAT_TYPE,CITY_DIVISION_LAPD,CHP_BEAT_CLASS,BEAT_NUMBER,PRIMARY_RD,SECONDARY_RD,DISTANCE,DIRECTION,INTERSECTION,WEATHER_1,WEATHER_2,STATE_HWY_IND,CALTRANS_COUNTY,CALTRANS_DISTRICT,STATE_ROUTE,ROUTE_SUFFIX,POSTMILE_PREFIX,POSTMILE,LOCATION_TYPE,RAMP_INTERSECTION,SIDE_OF_HWY,TOW_AWAY,COLLISION_SEVERITY,NUMBER_KILLED,NUMBER_INJURED,PARTY_COUNT,PRIMARY_COLL_FACTOR,PCF_CODE_OF_VIOL,PCF_VIOL_CATEGORY,PCF_VIOLATION,PCF_VIOL_SUBSECTION,HIT_AND_RUN,TYPE_OF_COLLISION,MVIW,PED_ACTION,ROAD_SURFACE,ROAD_COND_1,ROAD_COND_2,LIGHTING,CONTROL_DEVICE,CHP_ROAD_TYPE,PEDESTRIAN_ACCIDENT,BICYCLE_ACCIDENT,MOTORCYCLE_ACCIDENT,TRUCK_ACCIDENT,NOT_PRIVATE_PROPERTY,ALCOHOL_INVOLVED,STWD_VEHTYPE_AT_FAULT,CHP_VEHTYPE_AT_FAULT,COUNT_SEVERE_INJ,COUNT_VISIBLE_INJ,COUNT_COMPLAINT_PAIN,COUNT_PED_KILLED,COUNT_PED_INJURED,COUNT_BICYCLIST_KILLED,COUNT_BICYCLIST_INJURED,COUNT_MC_KILLED,COUNT_MC_INJURED,PRIMARY_RAMP,SECONDARY_RAMP,LATITUDE,LONGITUDE,COUNTY,CITY,POINT_X,POINT_Y
8755332,2018,2019-01-10,2708,2018-11-01,1841,18925,,4,5,6,2708,0,0,0,,0,006,"ROSSI ST","NORTH MAIN ST",18.00,E,N,A,-,N,,,,,,,,,,N,2,0,1,2,A,-,05,21650,,N,D,G,A,A,H,-,D,D,0,,Y,,,Y,,L,04,1,0,0,0,0,0,1,0,0,"- ","- ",,,MONTEREY,SALINAS,-121.65409088134766,36.680889129638672
8755336,2018,2019-01-10,2708,2018-11-06,0949,12507,SPD,2,5,6,2708,0,0,0,,0,,"ROSSI ST","RICO ST",21.00,E,N,A,-,N,,,,,,,,,,Y,3,0,1,2,A,-,03,22350,A,N,C,C,A,A,H,-,A,A,0,,,,,Y,,-,,0,1,0,0,0,0,0,0,0,"- ","- ",,,MONTEREY,SALINAS,-121.66144561767578,36.683906555175781
8755340,2018,2019-01-10,2708,2018-11-02,1158,53260,,5,5,6,2708,0,0,0,,0,010,"EAST MARKET ST","NORTH MADEIRA AV",0.00,,Y,A,-,N,,,,,,,,,,N,4,0,1,2,A,-,09,21801,A,N,D,-,A,A,H,-,A,A,0,,,,,Y,,-,,0,0,1,0,0,0,0,0,0,"- ","- ",,,MONTEREY,SALINAS,-121.63797760009766,36.677181243896484
8755344,2018,2019-01-29,2708,2018-11-01,0523,16301,,4,5,6,2708,0,0,0,,0,009,HARKINS,HANSEN,0.00,,Y,A,-,N,,,,,,,,,,Y,3,0,1,2,A,-,01,23152,A,N,-,C,A,A,H,-,C,A,0,,,,,Y,Y,-,,0,1,0,0,0,0,0,0,0,"- ","- ",,,MONTEREY,SALINAS,-121.62413024902344,36.656078338623047
8755348,2018,2019-01-10,2708,2018-11-29,0451,54871,SALIN,4,5,6,2708,0,0,0,,0,010,"EAST MARKET ST","E MARKET ST 458",0.00,,Y,C,-,N,,,,,,,,,,N,4,0,1,2,A,-,11,21954,A,F,G,B,E,B,H,-,C,A,0,Y,,,,Y,,-,,0,0,1,0,1,0,0,0,0,"- ","- ",,,MONTEREY,SALINAS,,
8755352,2018,2019-01-18,2708,2018-11-29,2019,28315,,4,5,6,2708,0,0,0,,0,007,"SOUTH MAIN ST","SAN MIGUEL AV",0.00,,Y,B,-,N,,,,,,,,,,N,3,0,1,2,A,-,11,21954,A,F,G,B,D,B,H,-,C,D,0,Y,,,,Y,Y,N,60,0,1,0,0,1,0,0,0,0,"- ","- ",,,MONTEREY,SALINAS,-121.65875244140625,36.65972900390625
8755504,2018,2019-01-25,2708,2018-11-23,0858,31977,SALIN,5,5,6,2708,0,0,0,,0,007,"NORTH MAIN ST","EAST ROSSI ST",0.00,,Y,C,-,N,,,,,,,,,,Y,3,0,1,2,A,-,12,21453,,N,D,C,A,B,H,-,A,A,0,,,,,Y,,A,01,0,1,0,0,0,0,0,0,0,"- ","- ",,,MONTEREY,SALINAS,-121.65403747558594,36.681041717529297
8755562,2018,2018-12-20,2708,2018-10-31,1207,07661,,3,5,6,2708,0,0,0,,0,002,"NORTH MAIN ST","NAVAJO DR",290.00,S,N,A,-,N,,,,,,,,,,N,3,0,1,2,A,-,10,21952,,N,G,B,-,A,H,-,A,D,0,Y,,,,Y,,-,,0,1,0,0,1,0,0,0,0,"- ","- ",,,MONTEREY,SALINAS,-121.65309143066406,36.704914093017578
8755574,2018,2018-12-20,2708,2018-10-01,1806,31968,,1,5,6,2708,0,0,0,,0,010,"EAST LAUREL DR","SAN BORN RD",0.00,N,N,A,-,N,,,,,,,,,,N,4,0,2,2,A,-,03,22350,,N,C,C,A,A,H,-,A,A,0,,,,,Y,,-,,0,0,2,0,0,0,0,0,0,"- ","- ",,,MONTEREY,SALINAS,-121.62088012695312,36.682941436767578
8755578,2018,2018-12-20,2708,2018-10-25,1420,31968,,4,5,6,2708,0,0,0,,0,002,"EAST ALVIN DR","NORTH MAIN ST",150.00,E,N,A,-,N,,,,,,,,,,N,3,0,1,2,A,-,11,21954,A,N,D,B,C,A,H,-,A,D,0,Y,,,,Y,,N,60,0,1,0,0,1,0,0,0,0,"- ","- ",,,MONTEREY,SALINAS,-121.65296173095703,36.707942962646484
8755582,2018,2018-12-20,2708,2018-10-21,1900,31968,,7,5,6,2708,0,0,0,,0,001,"SAN JUAN GRADE RD","RUSSELL RD",150.00,S,N,A,-,N,,,,,,,,,,Y,3,0,1,2,A,-,03,22350,,N,B,E,A,A,H,-,C,D,0,,,,,Y,,-,,0,1,0,0,0,0,0,0,0,"- ","- ",,,MONTEREY,SALINAS,-121.64140319824219,36.729835510253906
8755586,2018,2018-12-20,2708,2018-10-25,1508,31968,,4,5,6,2708,0,0,0,,0,002,"EAST ALVIN DR","NORTH MAIN ST",150.00,E,N,A,-,N,,,,,,,,,,N,2,0,1,2,A,-,11,21954,A,N,D,B,C,A,H,-,A,D,0,Y,,,,Y,,N,60,1,0,0,0,1,0,0,0,0,"- ","- ",,,MONTEREY,SALINAS,-121.65296173095703,36.707942962646484
8755590,2018,2018-12-20,2708,2018-10-18,2158,30349,SALIN,4,5,6,2708,0,0,0,,0,011,"EAST BORONDA RD","RIDER AV",150.00,E,N,A,-,N,,,,,,,,,,Y,3,0,1,2,A,-,09,21802,A,F,-,-,A,A,H,-,C,D,0,,,,,Y,,-,,0,1,0,0,0,0,0,0,0,"- ","- ",,,MONTEREY,SALINAS,-121.59989166259766,36.699851989746094
8755594,2018,2019-01-09,2708,2018-10-17,2035,18163,SALIN,3,5,6,2708,0,0,0,,0,008,"FRONT ST","E ALISAL",75.00,S,N,A,-,N,,,,,,,,,,N,4,0,1,2,A,-,11,21954,A,N,G,B,D,A,H,-,C,A,0,Y,,,,Y,,N,60,0,0,1,0,1,0,0,0,0,"- ","- ",,,MONTEREY,SALINAS,-121.64911651611328,36.6744384765625
8755598,2018,2018-12-20,2708,2018-10-04,1419,49986,,4,5,6,2708,0,0,0,,0,011,"TOWT ST","DEL MONTE BL",0.00,,Y,A,-,N,,,,,,,,,,Y,3,0,1,5,A,-,03,22350,A,F,A,C,A,A,H,-,A,A,0,,,,,Y,Y,-,,0,1,0,0,0,0,0,0,0,"- ","- ",,,MONTEREY,SALINAS,-121.60765075683594,36.685070037841797
8755674,2018,2019-01-19,2708,2018-11-28,0858,52823,,3,5,6,2708,0,0,0,,0,,"ABBOTT ST","HARRIS RD",200.00,N,N,C,-,N,,,,,,,,,,N,4,0,1,2,A,-,03,22350,,N,C,C,A,B,H,-,A,A,0,,,,,Y,,-,,0,0,1,0,0,0,0,0,0,"- ","- ",,,MONTEREY,SALINAS,-121.61245727539062,36.64508056640625
8755678,2018,2019-01-19,2708,2018-11-24,0122,54383,,6,5,6,2708,0,0,0,,0,003,"BORONDA RD","MCKINNON ST",250.00,E,N,C,-,N,,,,,,,,,,Y,3,0,1,2,A,-,03,22350,,F,C,C,A,B,H,-,C,D,0,,,,,Y,,A,01,0,1,0,0,0,0,0,0,0,"- ","- ",,,MONTEREY,SALINAS,-121.642822265625,36.716934204101562
8758856,2018,2018-12-18,2711,2018-02-05,1656,08221,2711,1,5,3,2711,0,0,0,,0,002,"GRANADA ST","SERRA ST",554.00,W,N,A,-,N,,,,,,,,,,N,4,0,1,2,C,-,18,,,N,G,B,C,A,H,-,A,D,0,Y,,,,Y,,-,"- ",0,0,1,0,1,0,0,0,0,"- ","- ",,,MONTEREY,SOLEDAD,-121.32012939453125,36.433498382568359
8758878,2018,2019-03-12,2711,2018-01-27,1509,08221,2711,6,5,3,2711,0,0,0,,0,002,"EAST ST","FRONT ST",0.00,,Y,A,-,N,,,,,,,,,,N,4,0,1,2,A,-,05,21650,1,N,D,G,A,A,H,-,A,A,0,,Y,,,Y,,L,04,0,0,1,0,0,0,1,0,0,"- ","- ",,,MONTEREY,SOLEDAD,-121.32615661621094,36.424900054931641
8758879,2018,2018-12-18,2711,2018-01-23,1343,7833,2711,2,5,3,2711,0,0,0,,0,001,"ANDERSON ST","WEST ST",0.00,,Y,A,-,N,,,,,,,,,,Y,4,0,1,2,A,-,03,22350,,N,D,C,A,A,H,-,A,D,0,,,,,Y,,A,01,0,0,1,0,0,0,0,0,0,"- ","- ",,,MONTEREY,SOLEDAD,-121.32643127441406,36.438369750976562
8760957,2018,2019-01-11,2701,2018-11-06,1535,209,209,2,5,2,2701,0,0,0,,0,ALL,"TORRES ST","OCEAN AV",33.00,S,N,A,-,N,,,,,,,,,,N,3,0,1,2,A,-,09,21804,A,N,D,G,A,A,H,-,A,D,0,,Y,Y,,Y,,L,04,0,1,0,0,0,0,1,0,0,"- ","- ",,,MONTEREY,CARMEL,-121.91907501220703,36.555007934570312
8761577,2018,2019-01-15,2710,2018-11-06,1933,40411,MARIN,2,5,4,2710,0,0,0,,0,019,"BROADWAY AV","BROADWAY AV 1000",0.00,,Y,A,-,N,,,,,,,,,,N,4,0,1,2,A,-,21,22106,,N,G,B,F,A,H,-,C,D,0,Y,,,,Y,,-,"- ",0,0,1,0,1,0,0,0,0,"- ","- ",,,MONTEREY,SEASIDE,,
8761667,2018,2019-01-16,2710,2018-11-16,1658,38145,,5,5,4,2710,0,0,0,,0,002,"KENNETH ST","NOCHE BUENA PL",180.00,N,N,A,-,N,,,,,,,,,,N,3,0,1,2,A,-,11,21954,A,N,B,B,D,A,H,-,A,D,0,Y,,,,Y,,N,60,0,1,0,0,1,0,0,0,0,"- ","- ",,,MONTEREY,SEASIDE,-121.83698272705078,36.611164093017578
8761671,2018,2019-01-16,2710,2018-11-24,1037,38145,,6,5,4,2710,0,0,0,,0,002,"BROADWAY AV","FREMONT BL",0.00,,Y,B,-,N,,,,,,,,,,N,4,0,1,2,A,-,12,21453,A,N,D,C,A,B,H,-,A,A,0,,,,,Y,,A,,0,0,1,0,0,0,0,0,0,"- ","- ",,,MONTEREY,SEASIDE,-121.84564971923828,36.609161376953125
8761675,2018,2019-01-16,2710,2018-11-11,2315,40386,12,7,5,4,2710,0,0,0,,0,003,"N FREMONT BL","PLAYA AV",35.00,S,N,A,-,N,,,,,,,,,,Y,4,0,1,2,A,-,03,22350,,F,C,C,A,A,H,-,C,A,0,,,,,Y,,A,01,0,0,1,0,0,0,0,0,0,"- ","- ",,,MONTEREY,SEASIDE,-121.84121704101562,36.617912292480469
8761679,2018,2019-01-16,2710,2018-11-03,1411,37346,2710,6,5,4,2710,0,0,0,,0,02B,"FREMONT BL","HILBY AV",0.00,,Y,A,-,N,,,,,,,,,,Y,4,0,1,2,A,-,12,21453,A,N,D,C,A,A,H,-,A,A,0,,,,,Y,,A,01,0,0,1,0,0,0,0,0,0,"- ","- ",,,MONTEREY,SEASIDE,-121.84882354736328,36.602611541748047
8763879,2018,2018-12-28,2711,2018-04-25,0616,3902,2711,3,5,3,2711,0,0,0,,0,002,"EAST ST","MONTEREY ST",0.00,,Y,B,-,N,,,,,,,,,,N,4,0,1,2,A,-,12,22450,A,N,G,B,C,A,H,-,A,A,0,Y,,,,Y,Y,A,01,0,0,1,0,1,0,0,0,0,"- ","- ",,,MONTEREY,SOLEDAD,-121.32514953613281,36.425941467285156
8763887,2018,2018-12-28,2711,2018-04-03,1630,3620,,2,5,3,2711,0,0,0,,0,002,"3RD ST","PALM AV",0.00,,Y,A,-,N,,,,,,,,,,Y,4,0,1,2,A,-,00,12500,A,N,C,C,A,A,H,-,A,A,0,,,,,Y,,A,01,0,0,1,0,0,0,0,0,0,"- ","- ",,,MONTEREY,SOLEDAD,-121.31652069091797,36.423080444335938
8764322,2018,2018-12-31,2706,2018-12-08,1033,851,,6,5,4,2706,0,0,0,,0,003,"MARK THOMAS DR","CAMINO AGUAJITO",36.00,E,N,A,-,N,,,,,,,,,,N,4,0,1,3,A,-,03,22350,,N,C,C,A,A,H,-,A,A,0,,,,,Y,Y,A,01,0,0,1,0,0,0,0,0,0,"- ","- ",,,MONTEREY,MONTEREY,,
8765202,2018,2019-01-11,2708,2018-11-19,0356,13133,SALIN,1,5,6,2708,0,0,0,,0,006,"WEST ROSSI ST","STOCKTON ST",390.00,N,N,A,-,N,,,,,,,,,,Y,4,0,1,1,A,-,08,22107,,N,E,I,A,A,H,-,C,D,0,,,,,Y,,-,,0,0,1,0,0,0,0,0,0,"- ","- ",,,MONTEREY,SALINAS,-121.66763305664062,36.686302185058594
8765206,2018,2019-01-24,2708,2018-11-16,1944,12567,SALIN,5,5,6,2708,0,0,0,,0,008,"EAST MARKET ST","RT 101",30.00,E,N,A,-,Y,MON,5,101,-,-,87.440,R,4,S,N,3,0,1,2,A,-,05,21650,1,N,B,G,A,A,H,-,B,D,0,,Y,,,Y,,L,04,0,1,0,0,0,0,1,0,0,"- ","- ",,,MONTEREY,SALINAS,-121.64190673828125,36.679599761962891
8765207,2018,2019-01-24,2708,2018-10-11,1357,75334,,4,5,6,2708,0,0,0,,0,007,"WEST MARKET ST","CLARK ST",0.00,,Y,A,-,Y,MON,5,183,-,-,1.680,H,-,S,Y,3,0,1,1,A,-,08,22107,,N,E,I,A,A,H,-,A,D,0,,,,,Y,,-,,0,1,0,0,0,0,0,0,0,"- ","- ",,,MONTEREY,SALINAS,-121.6707763671875,36.683242797851562
8765277,2018,2019-01-24,2708,2018-11-02,0551,82326,,5,5,6,2708,0,0,0,,0,006,"WEST LAUREL DR","RT 101",0.00,,Y,A,-,Y,MON,5,101,-,R,89.520,R,4,S,Y,3,0,1,2,A,-,12,21453,A,N,D,C,A,A,H,-,C,A,0,,,,,Y,,A,01,0,1,0,0,0,0,0,0,0,"- ",SF,,,MONTEREY,SALINAS,-121.66619110107422,36.701271057128906
8767505,2018,2019-03-15,2712,2018-12-18,1215,1180,2712,2,5,3,2712,0,0,0,,0,001,"REINDOLLAR AV","DEL MONTE BL",0.00,,Y,A,-,N,,,,,,,,,,Y,4,0,1,2,A,-,01,23152,F,M,D,C,A,A,H,-,A,A,0,,,,,Y,,A,07,0,0,1,0,0,0,0,0,0,"- ","- ",,,MONTEREY,MARINA,-121.80596160888672,36.680988311767578
8769886,2018,2019-01-29,2706,2018-12-21,1103,107,2706,5,5,4,2706,0,0,0,,0,002,"CASS ST","CARMELITO AV",0.00,,Y,A,-,N,,,,,,,,,,N,3,0,1,2,A,-,10,21950,A,N,G,B,B,A,H,-,A,D,0,Y,,,,Y,,D,22,0,1,0,0,1,0,0,0,0,"- ","- ",,,MONTEREY,MONTEREY,-121.89633178710938,36.592510223388672
8769902,2018,2019-01-10,2706,2018-12-26,1752,826,2706,3,5,4,2706,0,0,0,,0,001,"HAWTHORNE ST","PRESCOTT AV",19.00,N,N,A,-,N,,,,,,,,,,Y,4,0,1,2,A,-,09,21802,A,N,D,D,A,A,H,-,C,A,0,,,,,Y,,D,22,0,0,1,0,0,0,0,0,0,"- ","- ",,,MONTEREY,MONTEREY,-121.90358734130859,36.614273071289062
8770190,2018,2019-01-15,2706,2018-12-15,0108,992,2706,6,5,4,2706,0,0,0,,0,002,"PEARL ST","MUNRAS AV",30.00,W,N,A,-,N,,,,,,,,,,N,4,0,1,2,A,-,11,21954,A,N,G,B,D,A,H,-,C,D,0,Y,,,,Y,,N,60,0,0,1,0,1,0,0,0,0,"- ","- ",,,MONTEREY,MONTEREY,-121.89504241943359,36.597732543945312
8770194,2018,2019-01-15,2706,2018-12-21,1005,519,,5,5,4,2706,0,0,0,,0,,"NORTH FREMONT ST","CASA VERDE WY",5.00,E,N,A,-,N,,,,,,,,,,N,4,0,1,2,A,-,11,21456,B,N,G,G,A,A,D,-,A,A,0,,Y,,,Y,Y,L,04,0,0,1,0,0,0,1,0,0,"- ","- ",,,MONTEREY,MONTEREY,-121.8626708984375,36.596214294433594
8771587,2018,2019-01-07,2706,2018-12-18,0938,103,2706,2,5,4,2706,0,0,0,,0,003,"DELA VINA AV","MONTECITO AV",174.00,N,N,A,-,N,,,,,,,,,,N,4,0,1,2,A,-,21,22106,,N,D,C,A,A,H,-,A,-,0,,,,,Y,,A,07,0,0,1,0,0,0,0,0,0,"- ","- ",,,MONTEREY,MONTEREY,-121.86232757568359,36.599536895751953
8771591,2018,2019-01-07,2706,2018-12-18,0825,851,,2,5,4,2706,0,0,0,,0,001,"FRANKLIN ST","MONROE ST",3.00,E,N,A,-,N,,,,,,,,,,N,3,0,1,2,A,-,10,21950,A,N,D,B,B,A,H,-,A,A,0,Y,,,,Y,,A,01,0,1,0,0,1,0,0,0,0,"- ","- ",,,MONTEREY,MONTEREY,-121.90094757080078,36.601417541503906
8771595,2018,2019-01-07,2706,2018-12-12,1300,395,MPD,3,5,4,2706,0,0,0,,0,002,"HERRMANN DR","VIA DEL REY",0.00,,Y,A,-,N,,,,,,,,,,N,3,0,1,2,A,-,09,21800,A,N,D,G,A,A,H,-,A,D,0,,Y,,,Y,,A,01,0,1,0,0,0,0,1,0,0,"- ","- ",,,MONTEREY,MONTEREY,-121.90274047851562,36.596248626708984
8771598,2018,2019-01-07,2706,2018-12-16,1846,335,MONTE,7,5,4,2706,0,0,0,,0,PD2,MUNRAS,"EL DORADO",16.00,S,N,C,-,N,,,,,,,,,,N,4,0,1,1,A,-,03,22350,,N,E,I,A,B,H,-,C,A,0,,,,,Y,,A,01,0,0,1,0,0,0,0,0,0,"- ","- ",,,MONTEREY,MONTEREY,-121.8935546875,36.592784881591797
8771599,2018,2019-01-07,2706,2018-12-24,2039,826,2706,1,5,4,2706,0,0,0,,0,001,"LIGHTHOUSE AV","HOFFMAN AV",163.00,S,N,C,-,N,,,,,,,,,,Y,4,0,1,3,A,-,03,22350,,N,B,E,A,B,H,-,C,D,0,,,,,Y,,A,01,0,0,1,0,0,0,0,0,0,"- ","- ",,,MONTEREY,MONTEREY,-121.90139770507812,36.613189697265625
8771744,2018,2019-01-29,2704,2018-12-03,1528,5382,,1,5,3,2704,0,0,0,,0,002,"ELM AV","4TH ST",320.00,E,N,A,-,N,,,,,,,,,,N,4,0,1,2,A,-,03,22350,,N,C,C,A,A,H,-,A,D,0,,,,,Y,,A,01,0,0,1,0,0,0,0,0,0,"- ","- ",,,MONTEREY,GREENFIELD,-121.23442840576172,36.3214111328125
8773025,2018,2019-02-15,2707,2018-12-11,1917,2245,2707,2,5,3,2707,0,0,0,,0,001,"RT 68","PRESIDIO BL",0.00,,Y,A,B,Y,MON,5,68,-,-,1.990,I,5,E,Y,3,0,2,2,A,-,09,21801,A,N,B,C,A,A,H,-,C,D,0,,,,,Y,,A,07,0,1,1,0,0,0,0,0,0,"- ","- ",,,MONTEREY,"PACIFIC GROVE",-121.92637634277344,36.601165771484375
8773116,2018,2019-01-17,2707,2018-12-05,1202,1983,2707,3,5,3,2707,0,0,0,,0,002,"OCEAN VIEW BL","ACROPOLIS TURNOUT",80.00,W,N,A,-,N,,,,,,,,,,Y,4,0,1,4,A,-,08,22107,,N,B,A,A,A,H,-,A,D,0,,,Y,,Y,,-,99,0,0,1,0,0,0,0,0,1,"- ","- ",,,MONTEREY,"PACIFIC GROVE",,
8774381,2018,2019-01-25,2712,2018-12-18,0757,1202,2712,2,5,3,2712,0,0,0,,0,001,"BEACH RD","MELANIE RD",8.00,N,N,A,-,N,,,,,,,,,,N,3,0,1,3,A,-,10,21950,A,N,G,B,B,A,H,-,A,D,0,Y,,,,Y,,A,07,0,1,0,0,1,0,0,0,0,"- ","- ",,,MONTEREY,MARINA,-121.79256439208984,36.6917724609375
8778533,2018,2019-01-31,2708,2018-12-18,0923,53260,,2,5,6,2708,0,0,0,,0,012,"MONTE BELLA BL","VERONA WY",105.00,E,N,A,-,N,,,,,,,,,,Y,4,0,1,2,A,-,03,22350,,N,C,C,A,A,H,-,A,D,0,,,,,Y,,-,,0,0,1,0,0,0,0,0,0,"- ","- ",,,MONTEREY,SALINAS,-121.59867095947266,36.681118011474609
8778537,2018,2019-01-31,2708,2018-12-22,1717,53532,SALIN,6,5,6,2708,0,0,0,,0,010,"E ALISAL ST","WOOD ST",250.00,W,N,A,-,N,,,,,,,,,,Y,3,0,4,3,A,-,03,22350,,F,C,C,A,A,H,-,B,A,0,,,,,Y,Y,-,,0,4,0,0,0,0,0,0,0,"- ","- ",,,MONTEREY,SALINAS,-121.63624572753906,36.673789978027344
8778576,2018,2019-01-30,2708,2018-12-19,1929,18925,,3,5,6,2708,0,0,0,,0,009,"EAST ROMIE LN","ALAMEDA AV",0.00,,Y,A,-,N,,,,,,,,,,Y,3,0,1,2,A,-,09,21802,A,N,D,C,A,A,H,-,C,D,0,,,,,Y,,D,22,0,1,0,0,0,0,0,0,0,"- ","- ",,,MONTEREY,SALINAS,-121.64852905273438,36.660511016845703
8778643,2018,2019-01-30,2708,2018-12-11,1718,31968,,2,5,6,2708,0,0,0,,0,010,"E ALISAL ST","NORTH PEARL ST",15.00,S,N,A,-,N,,,,,,,,,,Y,3,0,3,2,A,-,09,21802,A,N,D,C,A,A,H,-,C,D,0,,,,,Y,,-,,0,2,1,0,0,0,0,0,0,"- ","- ",,,MONTEREY,SALINAS,-121.63359069824219,36.673503875732422
8778644,2018,2019-01-31,2708,2018-12-23,0825,54370,,7,5,6,2708,0,0,0,,0,012,"WILLIAMS RD","FAIRHAVEN ST",0.00,,Y,A,-,N,,,,,,,,,,Y,4,0,1,2,A,-,09,21804,A,N,D,C,A,A,H,-,A,D,0,,,,,Y,,-,,0,0,1,0,0,0,0,0,0,"- ","- ",,,MONTEREY,SALINAS,-121.61282348632812,36.676349639892578
8778647,2018,2019-01-30,2708,2018-12-24,2006,O4125,SALIN,1,5,6,2708,0,0,0,,0,003,"EAST ALVIN DR","LINWOOD DR",177.00,E,N,C,-,N,,,,,,,,,,N,3,0,3,2,A,-,04,21703,,F,C,C,A,B,H,-,C,D,0,,,,,Y,,A,01,0,3,0,0,0,0,0,0,0,"- ","- ",,,MONTEREY,SALINAS,-121.63976287841797,36.705768585205078
8778648,2018,2019-01-31,2708,2018-12-20,1724,28315,SALIN,4,5,6,2708,0,0,0,,0,003,"EAST BORONDA RD","MCKINNON ST",500.00,E,N,A,-,N,,,,,,,,,,N,3,0,2,3,A,-,04,21703,,F,C,C,A,A,H,-,C,D,0,,,,,Y,,-,,0,2,0,0,0,0,0,0,0,"- ","- ",,,MONTEREY,SALINAS,-121.64198303222656,36.716804504394531
8778651,2018,2019-01-30,2708,2018-12-05,1728,59989,SALIN,3,5,6,2708,0,0,0,,0,006,"CALLE DEL ADOBE","NORTH DAVIS RD",223.00,W,N,C,-,N,,,,,,,,,,Y,3,0,1,3,A,-,01,23152,A,N,C,C,A,B,H,-,C,A,0,,,,,Y,Y,-,,0,1,0,0,0,0,0,0,0,"- ","- ",,,MONTEREY,SALINAS,-121.66884613037109,36.697971343994141
8778652,2018,2019-02-21,2708,2018-12-05,1212,31945,2708,3,5,6,2708,0,0,0,,0,012,"JOHN ST","SOUTH SANBORN RD",495.00,E,N,C,-,N,,,,,,,,,,N,4,0,1,2,A,-,09,21804,A,F,D,C,A,B,H,-,A,D,0,,,,,Y,,-,,0,0,1,0,0,0,0,0,0,"- ","- ",,,MONTEREY,SALINAS,-121.62606811523438,36.669391632080078
8778655,2018,2019-01-30,2708,2018-12-05,1854,59989,SALIN,3,5,6,2708,0,0,0,,0,006,"NORTH DAVIS RD","WESTRIDGE PKWY",0.00,N,N,C,-,N,,,,,,,,,,Y,3,0,1,3,A,-,09,21801,A,N,D,C,A,B,H,-,C,D,0,,,,,Y,,-,,0,1,0,0,0,0,0,0,0,"- ","- ",,,MONTEREY,SALINAS,-121.66693115234375,36.703998565673828
8778656,2018,2019-01-31,2708,2018-12-17,1807,80368,SALIN,1,5,6,2708,0,0,0,,0,006,"NORTH DAVIS RD","WEST LAUREL DR",469.00,N,N,B,-,N,,,,,,,,,,N,4,0,2,2,A,-,03,22350,,N,C,C,A,A,H,-,C,D,0,,,,,Y,,-,,0,0,2,0,0,0,0,0,0,"- ","- ",,,MONTEREY,SALINAS,-121.66770935058594,36.699153900146484
8778659,2018,2019-01-30,2708,2018-12-06,0130,13128,SALIN,4,5,6,2708,0,0,0,,0,,"BLANCO RD",PADRE,25.00,E,N,C,-,N,,,,,,,,,,Y,4,0,1,1,A,-,01,23152,A,N,E,-,A,B,H,-,C,A,0,,,,,Y,Y,-,,0,0,1,0,0,0,0,0,0,"- ","- ",,,MONTEREY,SALINAS,-121.66215515136719,36.656402587890625
8778660,2018,2019-01-31,2708,2018-12-17,0855,52823,,1,5,6,2708,0,0,0,,0,,"ABBOTT ST","EAST ROMIE LN",0.00,,Y,A,-,N,,,,,,,,,,N,3,0,1,2,A,-,12,21453,A,N,D,C,A,B,H,-,A,A,0,,,,,Y,,-,,0,1,0,0,0,0,0,0,0,"- ","- ",,,MONTEREY,SALINAS,-121.63884735107422,36.658988952636719
8778663,2018,2019-01-30,2708,2018-12-02,1834,97440,,7,5,6,2708,0,0,0,,0,,"TOWT ST","DEL MONTE AV",227.00,S,N,A,-,N,,,,,,,,,,Y,4,0,1,2,A,-,01,23152,A,N,A,C,A,A,H,-,C,D,0,,,,,Y,Y,-,,0,0,1,0,0,0,0,0,0,"- ","- ",,,MONTEREY,SALINAS,-121.60829162597656,36.684722900390625
8778664,2018,2019-01-31,2708,2018-12-06,1300,18163,SALIN,4,5,6,2708,0,0,0,,0,012,"E ALISAL ST","S SANDBORN",15.00,S,N,A,-,N,,,,,,,,,,N,4,0,1,2,A,-,03,22350,,F,C,C,A,A,H,-,A,A,0,,,,,Y,,-,,0,0,1,0,0,0,0,0,0,"- ","- ",,,MONTEREY,SALINAS,,
8778667,2018,2019-03-11,2708,2018-12-05,1426,31945,,3,5,6,2708,0,0,0,,0,010,"NORTH SANBORN RD","CEDAR ST",27.00,N,N,C,-,N,,,,,,,,,,N,4,0,1,2,A,-,09,21804,A,N,D,C,A,B,H,-,A,D,0,,,,,Y,,-,,0,0,1,0,0,0,0,0,0,"- ","- ",,,MONTEREY,SALINAS,-121.62612152099609,36.677845001220703
8778668,2018,2019-01-31,2708,2018-12-27,2237,59989,SALIN,4,5,6,2708,0,0,0,,0,003,"NATIVIDAD RD","EAST ALVIN DR",0.00,,Y,A,-,N,,,,,,,,,,Y,3,0,1,1,A,-,01,23152,A,N,E,I,A,A,H,-,C,A,0,,,,,Y,Y,-,,0,1,0,0,0,0,0,0,0,"- ","- ",,,MONTEREY,SALINAS,-121.63140869140625,36.703239440917969
8778671,2018,2019-03-11,2708,2018-12-03,1950,98282,SALIN,1,5,6,2708,0,0,0,,0,001,"SAN JUAN GRADE","VAN BUREN AV",0.00,,Y,A,-,N,,,,,,,,,,Y,4,0,2,2,A,-,06,21750,A,N,B,C,A,A,H,-,C,D,0,,,,,Y,,-,,0,0,2,0,0,0,0,0,0,"- ","- ",,,MONTEREY,SALINAS,-121.64658355712891,36.723850250244141