CASE_ID,ACCIDENT_YEAR,PROC_DATE,JURIS,COLLISION_DATE,COLLISION_TIME,OFFICER_ID,REPORTING_DISTRICT,DAY_OF_WEEK,CHP_SHIFT,POPULATION,CNTY_CITY_LOC,SPECIAL_COND,BEAT_TYPE,CHP_BEAT_TYPE,CITY_DIVISION_LAPD,CHP_BEAT_CLASS,BEAT_NUMBER,PRIMARY_RD,SECONDARY_RD,DISTANCE,DIRECTION,INTERSECTION,WEATHER_1,WEATHER_2,STATE_HWY_IND,CALTRANS_COUNTY,CALTRANS_DISTRICT,STATE_ROUTE,ROUTE_SUFFIX,POSTMILE_PREFIX,POSTMILE,LOCATION_TYPE,RAMP_INTERSECTION,SIDE_OF_HWY,TOW_AWAY,COLLISION_SEVERITY,NUMBER_KILLED,NUMBER_INJURED,PARTY_COUNT,PRIMARY_COLL_FACTOR,PCF_CODE_OF_VIOL,PCF_VIOL_CATEGORY,PCF_VIOLATION,PCF_VIOL_SUBSECTION,HIT_AND_RUN,TYPE_OF_COLLISION,MVIW,PED_ACTION,ROAD_SURFACE,ROAD_COND_1,ROAD_COND_2,LIGHTING,CONTROL_DEVICE,CHP_ROAD_TYPE,PEDESTRIAN_ACCIDENT,BICYCLE_ACCIDENT,MOTORCYCLE_ACCIDENT,TRUCK_ACCIDENT,NOT_PRIVATE_PROPERTY,ALCOHOL_INVOLVED,STWD_VEHTYPE_AT_FAULT,CHP_VEHTYPE_AT_FAULT,COUNT_SEVERE_INJ,COUNT_VISIBLE_INJ,COUNT_COMPLAINT_PAIN,COUNT_PED_KILLED,COUNT_PED_INJURED,COUNT_BICYCLIST_KILLED,COUNT_BICYCLIST_INJURED,COUNT_MC_KILLED,COUNT_MC_INJURED,PRIMARY_RAMP,SECONDARY_RAMP,LATITUDE,LONGITUDE,COUNTY,CITY,POINT_X,POINT_Y
8778675,2018,2019-01-30,2708,2018-12-14,1749,O4125,SALIN,5,5,6,2708,0,0,0,,0,004,"EAST BORONDA RD","NATIVIDAD RD",74.00,E,N,A,-,N,,,,,,,,,,Y,2,0,1,3,A,-,00,23153,C,F,C,C,A,A,H,-,A,A,0,,,,,Y,,A,01,1,0,0,0,0,0,0,0,0,"- ","- ",,,MONTEREY,SALINAS,-121.62326812744141,36.715518951416016
8778679,2018,2019-01-30,2708,2018-12-07,0744,06235,,5,5,6,2708,0,0,0,,0,011,"MORENO DR","CAMARILLO CT",0.00,,Y,A,-,N,,,,,,,,,,Y,3,0,2,2,A,-,09,21801,A,N,A,C,A,A,H,-,A,D,0,,,,,Y,,-,,0,2,0,0,0,0,0,0,0,"- ","- ",,,MONTEREY,SALINAS,-121.60472869873047,36.686168670654297
8778682,2018,2019-01-29,2708,2018-11-22,1552,56525,,4,5,6,2708,0,0,0,,0,010,"NORTH MADEIRA AV","FREMONT ST",104.00,N,N,A,-,N,,,,,,,,,,Y,3,0,1,2,A,-,21,22106,,N,C,C,A,A,H,-,A,D,0,,,,,Y,,-,,0,1,0,0,0,0,0,0,0,"- ","- ",,,MONTEREY,SALINAS,-121.63776397705078,36.678333282470703
8778683,2018,2019-01-30,2708,2018-12-14,1032,69054,,5,5,6,2708,0,0,0,,0,009,"ABBOTT ST","LOS PALOS DR",350.00,S,N,B,-,N,,,,,,,,,,Y,4,0,2,3,A,-,01,23152,A,N,C,C,A,A,H,-,A,D,0,,,,,Y,,-,,0,0,2,0,0,0,0,0,0,"- ","- ",,,MONTEREY,SALINAS,-121.64108276367188,36.661556243896484
8778684,2018,2019-01-31,2708,2018-12-17,0749,54370,,1,5,6,2708,0,0,0,,0,012,"TAFT ST","OREGON ST",0.00,,Y,B,-,N,,,,,,,,,,Y,4,0,1,2,A,-,09,21802,A,N,A,C,A,B,H,-,A,D,0,,,,,Y,,-,,0,0,1,0,0,0,0,0,0,"- ","- ",,,MONTEREY,SALINAS,,
8778686,2018,2019-01-29,2708,2018-11-27,1725,12567,,2,5,6,2708,0,0,0,,0,001,"NORTH MAIN ST","EAST BORONDA RD",300.00,S,N,B,-,N,,,,,,,,,,Y,3,0,1,3,A,-,08,22107,,N,C,C,A,B,H,-,C,A,0,,,,,Y,,A,08,0,1,0,0,0,0,0,0,0,"- ","- ",,,MONTEREY,SALINAS,-121.65615844726562,36.720813751220703
8778687,2018,2019-01-30,2708,2018-12-14,1730,03778,,5,5,6,2708,0,0,0,,0,,"BORANDA RD","NORTH MAIN ST",27.00,N,N,A,-,N,,,,,,,,,,Y,4,0,1,2,A,-,03,22350,,F,C,C,A,A,H,-,A,A,0,,,,,Y,,-,,0,0,1,0,0,0,0,0,0,"- ","- ",,,MONTEREY,SALINAS,-121.65631866455078,36.721630096435547
8778688,2018,2019-01-31,2708,2018-12-23,0317,00589,SALIN,7,5,6,2708,0,0,0,,0,003,"EAST LAUREL DR","CONSTITUTION BL",0.00,,Y,A,-,N,,,,,,,,,,Y,3,0,1,2,A,-,01,23153,A,N,D,C,A,A,H,-,C,A,0,,,,,Y,Y,-,,0,1,0,0,0,0,0,0,0,"- ","- ",,,MONTEREY,SALINAS,-121.63230895996094,36.694488525390625
8778690,2018,2019-01-29,2708,2018-11-30,1535,56525,SALIN,5,5,6,2708,0,0,0,,0,011,"DEL MONTE AV","PACIFIC AV",15.00,W,N,A,-,N,,,,,,,,,,N,3,0,1,2,A,-,03,22350,A,F,C,C,A,A,H,-,A,D,0,,,,,Y,,-,,0,1,0,0,0,0,0,0,0,"- ","- ",,,MONTEREY,SALINAS,-121.61212921142578,36.690204620361328
8778691,2018,2019-01-30,2708,2018-12-04,1714,74125,SALIN,2,5,6,2708,0,0,0,,0,009,"JOHN ST","ABBOTT ST",600.00,E,N,C,-,N,,,,,,,,,,Y,4,0,2,3,A,-,03,22350,,N,-,C,A,B,H,-,C,A,0,,,,,Y,,-,,0,0,2,0,0,0,0,0,0,"- ","- ",,,MONTEREY,SALINAS,-121.64495849609375,36.670013427734375
8778692,2018,2019-01-31,2708,2018-12-19,1835,18103,SALIN,3,5,6,2708,0,0,0,,0,,"EAST BORONDA RD","MCKINNON ST",72.00,E,N,A,-,N,,,,,,,,,,Y,3,0,2,2,A,-,21,22106,,N,D,C,A,A,H,-,C,A,0,,,,,Y,,-,,0,2,0,0,0,0,0,0,0,"- ","- ",,,MONTEREY,SALINAS,-121.64341735839844,36.717029571533203
8778695,2018,2019-01-30,2708,2018-12-11,0729,71713,,2,5,6,2708,0,0,0,,0,00H,"NORTH SANBORN RD","DEL MONTE AV",800.00,S,N,A,-,N,,,,,,,,,,Y,3,0,1,3,A,-,09,21804,A,N,D,C,A,A,H,-,A,D,0,,,,,Y,,-,,0,1,0,0,0,0,0,0,0,"- ","- ",,,MONTEREY,SALINAS,-121.61304473876953,36.687385559082031
8778696,2018,2019-01-31,2708,2018-12-11,1040,54383,,2,5,6,2708,0,0,0,,0,012,"WILLIAMS RD","DEL MONTE AV",0.00,,Y,A,-,N,,,,,,,,,,N,4,0,1,2,A,-,09,21801,A,N,D,C,A,A,H,-,A,A,0,,,,,Y,,A,01,0,0,1,0,0,0,0,0,0,"- ","- ",,,MONTEREY,SALINAS,-121.60430145263672,36.681201934814453
8778700,2018,2019-01-31,2708,2018-12-11,1718,03581,,2,5,6,2708,0,0,0,,0,003,"EAST BORONDA RD","EL DORADO DR",510.00,E,N,A,-,N,,,,,,,,,,Y,3,0,1,2,A,-,04,21703,,N,C,C,A,A,H,-,B,A,0,,,,,Y,,-,,0,1,0,0,0,0,0,0,0,"- ","- ",,,MONTEREY,SALINAS,-121.63162231445312,36.716049194335938
8778704,2018,2019-01-31,2708,2018-12-11,1235,80368,SALIN,2,5,6,2708,0,0,0,,0,,"GRIFFIN ST","EAST MARKET ST",28.00,S,N,A,-,N,,,,,,,,,,N,2,0,1,2,A,-,03,22350,,N,C,C,A,A,H,-,A,A,0,,,,,Y,,A,07,1,0,0,0,0,0,0,0,0,"- ","- ",,,MONTEREY,SALINAS,-121.64492797851562,36.678882598876953
8778720,2018,2019-01-31,2708,2018-12-29,1537,18163,,6,5,6,2708,0,0,0,,0,008,"SALINAS ST","W GABILAN ST",0.00,,Y,A,-,N,,,,,,,,,,Y,3,0,3,2,A,-,12,21453,A,N,D,D,A,A,H,-,A,A,0,,,,,Y,,-,,0,3,0,0,0,0,0,0,0,"- ","- ",,,MONTEREY,SALINAS,-121.65643310546875,36.675460815429688
8778852,2018,2019-02-01,2708,2018-09-29,1531,80368,SALIN,6,5,6,2708,0,0,0,,0,003,"EAST BORONDA RD","NATIVIDAD RD",806.00,W,N,A,-,N,,,,,,,,,,N,3,0,1,2,A,-,03,22350,,F,C,C,A,A,H,-,A,A,0,,,,,Y,,-,,0,1,0,0,0,0,0,0,0,"- ","- ",,,MONTEREY,SALINAS,-121.62624359130859,36.715850830078125
8779497,2018,2019-02-26,2705,2018-11-05,1611,K23331,2705,1,5,3,2705,0,0,0,,0,901,"LYNN ST","N VANDERHURST AV",0.00,,Y,A,F,N,,,,,,,,,,N,3,0,2,3,A,-,10,21950,A,N,G,B,B,A,H,-,A,D,0,Y,,,,Y,,D,22,0,2,0,0,2,0,0,0,0,"- ","- ",,,MONTEREY,"KING CITY",-121.12838745117188,36.213031768798828
8779676,2018,2019-02-15,2710,2018-11-27,1852,38145,,2,5,4,2710,0,0,0,,0,003,"RT 218","FRANCIS AV",0.00,,Y,B,-,Y,MON,5,218,-,L,0.700,H,-,E,N,3,0,1,2,A,-,11,21954,A,N,A,B,D,A,H,-,E,D,0,Y,,,,Y,,N,60,0,1,0,0,1,0,0,0,0,"- ","- ",,,MONTEREY,SEASIDE,-121.85298156738281,36.601474761962891
8780542,2018,2019-01-30,2706,2018-12-12,1530,395,2706,3,5,4,2706,0,0,0,,0,001,"PRESCOTT AV","WAVE ST",100.00,E,N,A,-,N,,,,,,,,,,N,4,0,1,2,A,-,09,21804,A,N,D,G,A,A,H,-,A,D,0,,Y,,,Y,,L,04,0,0,1,0,0,0,1,0,0,"- ","- ",,,MONTEREY,MONTEREY,-121.90076446533203,36.615741729736328
8780546,2018,2019-02-15,2706,2018-12-13,1441,395,2706,4,5,4,2706,0,0,0,,0,003,"RT 68","CANYON DEL REY BL",50.00,E,N,A,-,Y,MON,5,68,-,-,6.860,H,-,W,Y,4,0,1,2,A,-,09,21804,A,N,D,C,A,A,H,-,A,A,0,,,,,Y,,A,01,0,0,1,0,0,0,0,0,0,"- ","- ",,,MONTEREY,MONTEREY,-121.82774353027344,36.580738067626953
8784224,2018,2019-02-28,2705,2018-08-04,1348,K23575,2705,6,5,3,2705,0,0,0,,0,901,"LYNN ST","N VANDERHURST AV",0.00,,Y,A,-,N,,,,,,,,,,N,4,0,1,2,A,-,12,22450,A,N,D,C,A,A,H,-,A,D,0,,,,,Y,Y,A,01,0,0,1,0,0,0,0,0,0,"- ","- ",,,MONTEREY,"KING CITY",-121.12838745117188,36.213031768798828
8785306,2018,2019-01-31,2708,2018-12-08,0729,75635,SALIN,6,5,6,2708,0,0,0,,0,,"EL DORADO DR","CALAVERAS DR",0.00,,Y,A,-,N,,,,,,,,,,N,3,0,1,2,A,-,10,21950,A,N,G,B,B,A,H,-,A,D,0,Y,,,,Y,,-,,0,1,0,0,1,0,0,0,0,"- ","- ",,,MONTEREY,SALINAS,-121.63672637939453,36.708370208740234
8785310,2018,2019-01-31,2708,2018-12-10,1627,19735,SALIN,1,5,6,2708,0,0,0,,0,007,"CAPITOL ST","PARK ST",0.00,,Y,A,-,N,,,,,,,,,,N,3,0,1,2,A,-,11,21954,A,N,G,B,D,A,H,-,A,D,0,Y,,,,Y,,N,60,0,1,0,0,1,0,0,0,0,"- ","- ",,,MONTEREY,SALINAS,-121.66110992431641,36.677940368652344
8785326,2018,2019-01-31,2708,2018-12-10,1939,30347,SALIN,1,5,6,2708,0,0,0,,0,010,"EAST MARKET","CARR AV",178.00,E,N,A,-,N,,,,,,,,,,N,2,0,1,2,A,-,10,21950,A,N,G,B,C,A,H,-,C,A,0,Y,,,,Y,,-,,1,0,0,0,1,0,0,0,0,"- ","- ",,,MONTEREY,SALINAS,-121.6348876953125,36.676860809326172
8785342,2018,2019-01-31,2708,2018-12-11,1209,71633,SALIN,2,5,6,2708,0,0,0,,0,008,"MONTEREY ST","EAST SAN LUIS ST",0.00,N,N,A,-,N,,,,,,,,,,N,4,0,1,2,A,-,09,21804,A,N,D,G,A,A,H,-,A,D,0,,Y,,,Y,,-,,0,0,1,0,0,0,1,0,0,"- ","- ",,,MONTEREY,SALINAS,-121.65335845947266,36.672119140625
8785346,2018,2019-01-31,2708,2018-12-09,1052,71633,SALIN,7,5,6,2708,0,0,0,,0,008,"EAST ROSSI ST","SHERWOOD DR",0.00,,Y,A,-,N,,,,,,,,,,N,4,0,1,2,A,-,10,21950,A,F,G,B,B,A,H,-,A,A,0,Y,,,,Y,,-,,0,0,1,0,1,0,0,0,0,"- ","- ",,,MONTEREY,SALINAS,-121.65036773681641,36.680198669433594
8785420,2018,2019-01-29,2708,2018-11-16,0745,31945,,5,5,6,2708,0,0,0,,0,012,"DEL MONTE AV","RIDER AV",0.00,,Y,A,-,N,,,,,,,,,,N,3,0,1,2,A,-,10,21950,A,F,G,B,B,A,H,-,A,D,0,Y,,,,Y,Y,-,,0,1,0,0,1,0,0,0,0,"- ","- ",,,MONTEREY,SALINAS,-121.61350250244141,36.691749572753906
8785424,2018,2019-01-29,2708,2018-11-28,1721,98751,SALIN,3,5,6,2708,0,0,0,,0,005,"EAST LAUREL DR","GRANADA AV",0.00,,Y,C,-,N,,,,,,,,,,N,2,0,1,2,A,-,10,21950,A,N,G,B,B,B,H,-,C,D,0,Y,,,,Y,,A,01,1,0,0,0,1,0,0,0,0,"- ","- ",,,MONTEREY,SALINAS,-121.64035034179688,36.696788787841797
8786007,2018,2019-02-01,2708,2018-11-29,0349,54871,,4,5,6,2708,0,0,0,,0,010,"EAST MARKET ST","CARR AV",0.00,,Y,C,-,N,,,,,,,,,,Y,4,0,1,2,A,-,09,21802,A,N,D,C,A,B,H,-,C,A,0,,,,,Y,,-,,0,0,1,0,0,0,0,0,0,"- ","- ",,,MONTEREY,SALINAS,-121.63549041748047,36.676921844482422
8787414,2018,2019-01-29,2708,2018-12-14,1614,80673,,5,5,6,2708,0,0,0,,0,,"NATIVIDAD RD","ARCADIA WY",0.00,,Y,A,-,N,,,,,,,,,,N,4,0,1,2,A,-,01,23153,A,F,C,C,A,A,H,-,A,A,0,,,,,Y,,D,22,0,0,1,0,0,0,0,0,0,"- ","- ",,,MONTEREY,SALINAS,-121.62432098388672,36.713539123535156
8787418,2018,2019-02-15,2708,2018-12-15,1313,7661,,6,5,6,2708,0,0,0,,0,006,"RT 183","CASENTINI ST",450.00,N,N,C,-,Y,MON,5,183,-,-,0.140,H,-,S,Y,4,0,1,2,A,-,03,22350,,N,C,C,A,B,H,-,A,D,0,,,,,Y,,-,,0,0,1,0,0,0,0,0,0,"- ","- ",,,MONTEREY,SALINAS,-121.65266418457031,36.68487548828125
8787496,2018,2019-02-15,2708,2018-12-27,1249,6235,,4,5,6,2708,0,0,0,,0,007,"RT 68","SAN MIGUEL AV",105.00,N,N,A,-,Y,MON,5,68,-,-,20.277,I,5,E,N,3,0,1,2,A,-,03,22350,,N,A,-,A,A,H,-,A,D,0,,Y,,,Y,,L,04,0,1,0,0,0,0,1,0,0,"- ","- ",,,MONTEREY,SALINAS,-121.65875244140625,36.659858703613281
8788468,2018,2019-01-31,2708,2018-12-13,1351,54215,,4,5,6,2708,0,0,0,,0,001,"BOLIVAR ST","SANTA RITA ST",186.00,E,N,A,-,N,,,,,,,,,,N,3,0,1,2,A,-,11,21955,,N,G,B,C,A,H,-,A,D,0,Y,,,,Y,,N,60,0,1,0,0,1,0,0,0,0,"- ","- ",,,MONTEREY,SALINAS,-121.65299987792969,36.725147247314453
8789388,2018,2019-01-31,2704,2018-12-04,0814,6804,2704,2,5,3,2704,0,0,0,,0,001,"OAK AVE","PG & E POLE NUMER 39",34.00,S,N,B,-,N,,,,,,,,,,Y,3,0,1,4,A,-,03,22350,,N,D,C,A,A,H,-,A,D,0,,,,,Y,,A,07,0,1,0,0,0,0,0,0,0,"- ","- ",,,MONTEREY,GREENFIELD,,
8795962,2018,2019-03-06,2708,2018-12-05,0958,19702,SPD,3,5,6,2708,0,0,0,,0,011,"EAST LAUREL DR","W TOWT ST",856.00,W,N,A,-,N,,,,,,,,,,N,3,0,1,2,A,-,09,21804,A,N,D,C,A,A,-,-,A,D,0,,,,,Y,,A,01,0,1,0,0,0,0,0,0,0,"- ","- ",,,MONTEREY,SALINAS,-121.61933898925781,36.681129455566406
8796543,2018,2019-04-26,2708,2018-12-17,2111,03778,,1,5,6,2708,0,0,0,,0,005,"IRIS DR","TYLER ST",7.00,E,N,A,-,N,,,,,,,,,,N,3,0,1,3,A,-,17,22517,,N,B,E,E,A,H,-,C,D,0,Y,,,,Y,,N,60,0,1,0,0,1,0,0,0,0,"- ","- ",,,MONTEREY,SALINAS,-121.65834808349609,36.693538665771484
8799131,2018,2019-06-04,2705,2018-08-24,1701,K23575,2705,5,5,3,2705,0,0,0,,0,901,"CANAL ST","BASSETT ST",24.00,S,N,A,-,N,,,,,,,,,,Y,4,0,2,2,A,-,07,21658,A,N,B,C,A,A,H,-,A,D,0,,,,,Y,,A,01,0,0,2,0,0,0,0,0,0,"- ","- ",,,MONTEREY,"KING CITY",-121.13274383544922,36.207595825195312
8799154,2018,2019-02-20,2705,2018-10-16,1354,K22959,2705,2,5,3,2705,0,0,0,,0,902,"BROADWAY ST","FRANCISCAN WY",433.00,E,N,A,-,N,,,,,,,,,,N,4,0,1,2,A,-,11,21954,A,N,G,B,F,A,H,-,A,D,0,Y,,,,Y,,N,60,0,0,1,0,1,0,0,0,0,"- ","- ",,,MONTEREY,"KING CITY",-121.13485717773438,36.207431793212891
8799158,2018,2019-02-20,2705,2018-10-16,1704,K22959,2705,2,5,3,2705,0,0,0,,0,901,"PEARL ST","S 3RD ST",0.00,,Y,A,-,N,,,,,,,,,,N,4,0,2,2,A,-,09,21801,A,N,D,C,A,A,H,-,A,D,0,,,,,Y,,A,01,0,0,2,0,0,0,0,0,0,"- ","- ",,,MONTEREY,"KING CITY",-121.12492370605469,36.211151123046875
8800303,2018,2019-02-22,2710,2018-12-01,0930,38145,,6,5,4,2710,0,0,0,,0,003,"FREMONT BL","SONOMA AV",0.00,,Y,A,-,N,,,,,,,,,,N,3,0,1,2,A,-,10,21950,A,N,G,B,B,B,H,-,A,A,0,Y,,,,Y,,N,60,0,1,0,0,1,0,0,0,0,"- ","- ",,,MONTEREY,SEASIDE,-121.84709930419922,36.606250762939453
8800307,2018,2019-02-22,2710,2018-12-02,0935,40397,,7,5,4,2710,0,0,0,,0,002,"FREMONT BL","PLAYA AV",0.00,,Y,A,-,N,,,,,,,,,,N,3,0,1,2,A,-,10,21950,A,N,A,B,B,A,H,-,A,A,0,Y,,,,Y,,A,01,0,1,0,0,1,0,0,0,0,"- ","- ",,,MONTEREY,SEASIDE,-121.84117126464844,36.618000030517578
8800311,2018,2019-02-22,2710,2018-12-21,1752,40409,11,5,5,4,2710,0,0,0,,0,02B,"BROADWAY AV","FREMONT BL",71.00,E,N,A,-,N,,,,,,,,,,N,4,0,1,2,A,-,05,21650,1,N,-,G,A,A,H,-,C,A,0,,Y,,,Y,,L,04,0,0,1,0,0,0,1,0,0,"- ","- ",,,MONTEREY,SEASIDE,-121.84540557861328,36.609157562255859
8801267,2018,2019-02-27,2708,2018-01-09,1812,98751,SALIN,2,5,6,2708,0,0,0,,0,0CA,"SHERWOOD DR","SHERWOOD PL",756.00,S,N,A,-,N,,,,,,,,,,Y,4,0,1,2,A,-,03,22350,,N,C,C,A,A,H,-,C,D,0,,,,,Y,,A,01,0,0,1,0,0,0,0,0,0,"- ","- ",,,MONTEREY,SALINAS,-121.64781188964844,36.685745239257812
8801555,2018,2019-02-28,2708,2018-12-24,1725,53532,SALIN,1,5,6,2708,0,0,0,,0,003,"HAMPTON ST","DERBY WY",5.00,W,N,C,-,N,,,,,,,,,,N,3,0,1,2,A,-,10,21950,A,N,G,B,D,B,H,-,C,D,0,Y,,,,Y,Y,A,01,0,1,0,0,1,0,0,0,0,"- ","- ",,,MONTEREY,SALINAS,-121.64320373535156,36.710174560546875
8801563,2018,2019-02-28,2708,2018-12-25,0805,53150,2708,2,5,6,2708,0,0,0,,0,010,"NORTH PEARL ST","ROOSEVELT ST",0.00,,Y,A,-,N,,,,,,,,,,Y,3,0,2,2,A,-,03,22350,,N,D,E,A,A,H,-,A,D,0,,,,,Y,,A,01,0,2,0,0,0,0,0,0,0,"- ","- ",,,MONTEREY,SALINAS,-121.63340759277344,36.675090789794922
8801567,2018,2019-02-28,2708,2018-12-25,1425,49532,SALIN,2,5,6,2708,0,0,0,,0,005,"TRAZADO AV","PACHECO ST",300.00,S,N,A,-,N,,,,,,,,,,N,3,0,1,2,A,-,09,21804,A,N,H,G,A,A,H,-,A,A,0,,Y,,,Y,,A,01,0,1,0,0,0,0,1,0,0,"- ","- ",,,MONTEREY,SALINAS,-121.63956451416016,36.698856353759766
8802143,2018,2019-03-04,2708,2018-11-16,2020,30347,,5,5,6,2708,0,0,0,,0,012,"E ALISAL ST","BARDIN RD",152.00,S,N,B,-,N,,,,,,,,,,Y,3,0,2,2,A,-,08,22107,,N,B,C,A,A,H,-,D,D,0,,,,,Y,,-,,0,2,0,0,0,0,0,0,0,"- ","- ",,,MONTEREY,SALINAS,-121.60228729248047,36.673576354980469
8802147,2018,2019-03-04,2708,2018-11-08,1753,80368,SALIN,4,5,6,2708,0,0,0,,0,012,"TOWT ST","EAST LAUREL DR",0.00,,N,A,-,N,,,,,,,,,,N,3,0,1,2,A,-,10,21950,A,F,G,B,C,A,H,-,C,A,0,Y,,,,Y,,A,01,0,1,0,0,1,0,0,0,0,"- ","- ",,,MONTEREY,SALINAS,-121.61766815185547,36.67919921875
8807376,2018,2019-03-08,2707,2018-12-15,1154,2190,2707,6,5,3,2707,0,0,0,,0,002,"OCEAN VIEW BL","OCEAN VIEW BL 1300",2.00,N,N,A,-,N,,,,,,,,,,N,4,0,1,2,A,-,08,22107,,N,H,G,A,A,H,-,A,D,0,,Y,,,Y,,A,01,0,0,1,0,0,0,1,0,0,"- ","- ",,,MONTEREY,"PACIFIC GROVE",,
90012482,2015,2015-10-19,9730,2015-08-17,0649,20933,,1,1,9,2700,0,1,3,,1,068,SR-68,"TORO PARK U/C",2640.00,W,N,A,-,Y,,,68,,,,,,,N,4,0,1,2,A,-,03,22350,,N,C,C,A,A,H,-,A,D,0,,,,,Y,,A,01,0,0,1,0,0,0,0,0,0,"- ","- ",36.598559999999999,-121.69887,MONTEREY,UNINCORPORATED,-121.69887073,36.598560419999998
90012483,2015,2015-10-19,9730,2015-08-19,1535,020419,,3,2,9,2700,0,2,4,,1,023,"CARMEL VALLEY ROAD","SCHULTE RD",2000.00,W,N,A,-,N,,,,,,,,,,Y,4,0,1,1,A,-,08,22107,,N,E,I,A,A,H,-,A,D,0,,,,,Y,,A,01,0,0,1,0,0,0,0,0,0,"- ","- ",36.53152,-121.83748,MONTEREY,UNINCORPORATED,-121.83720022,36.531408470000002
90012496,2015,2015-10-19,9730,2015-08-23,1500,020981,,7,2,9,2700,0,3,5,,2,005,"SAN JUAN GRADE ROAD","CRAZY HORSE CANYON ROAD",21120.00,E,N,A,-,N,,,,,,,,,,Y,4,0,1,2,A,-,08,22107,,N,A,C,A,A,H,-,A,D,0,,,,,Y,,A,01,0,0,1,0,0,0,0,0,0,"- ","- ",36.815530000000003,-121.57595999999999,MONTEREY,UNINCORPORATED,-121.57545111,36.814668560000001
90012501,2015,2015-10-19,9730,2015-08-21,1550,020419,,5,2,9,2700,0,1,2,,1,070,"US-101 NB",SR-156,150.00,N,N,B,-,Y,,,101,,,,,,N,Y,4,0,1,2,A,-,03,22350,,F,C,C,A,A,H,-,A,D,0,,,,,Y,,A,01,0,0,1,0,0,0,0,0,0,"- ","- ",36.791350000000001,-121.66678,MONTEREY,UNINCORPORATED,-121.66710895,36.791412000000001
90012516,2015,2015-10-19,9730,2015-08-24,1250,012332,,1,1,9,2700,0,3,5,,2,005,"OLD NATIVIDAD RD","NATIVIDAD RD",792.00,E,N,A,-,N,,,,,,,,,,Y,3,0,1,1,A,-,01,23152,A,N,E,J,A,A,H,-,A,D,0,,,,,Y,Y,D,22,0,1,0,0,0,0,0,0,0,"- ","- ",,,MONTEREY,UNINCORPORATED,-121.60577477,36.731997640000003
90012530,2015,2015-10-19,9730,2015-08-24,0640,018543,,1,1,9,2700,0,1,3,,1,074,SR-1,SR-183,20.00,W,N,B,-,Y,,,,,,,,,,Y,4,0,2,2,A,-,09,21801,A,N,D,C,A,A,H,-,A,D,0,,,,,Y,,A,01,0,0,2,0,0,0,0,0,0,"- ","- ",,,MONTEREY,UNINCORPORATED,,
90012848,2015,2015-10-19,9730,2015-08-25,1555,020981,,2,2,9,2700,0,1,3,,2,062,"SR-1 S/B","DEL MONTE BLVD",133.00,S,N,A,-,Y,,,1,,,,,,S,Y,3,0,1,1,A,-,01,23152,A,N,E,I,A,A,H,-,A,D,0,,,,,Y,Y,A,01,0,1,0,0,0,0,0,0,0,"- ","- ",36.605600000000003,-121.86126,MONTEREY,UNINCORPORATED,-121.86118592,36.605594009999997
90012915,2015,2015-10-19,9730,2015-08-26,0840,017502,,3,1,9,2700,0,3,5,,2,006,"DAVIS ROAD","BLANCO ROAD",10.00,N,N,A,-,N,,,,,,,,,,N,4,0,1,2,A,-,21,22106,,N,C,C,A,A,H,-,A,D,0,,,,,Y,,D,22,0,0,1,0,0,0,0,0,0,"- ","- ",,,MONTEREY,UNINCORPORATED,-121.68508995000001,36.66682222
90012935,2015,2015-10-19,9730,2015-08-26,1340,015297,,3,1,9,2700,0,1,3,,2,062,"SR-1 N/B","NASHUA ROAD",1056.00,N,N,A,-,Y,,,1,,,,,,N,N,4,0,1,3,A,-,08,22107,,N,B,C,E,A,H,-,A,D,0,Y,,,,Y,,A,07,0,0,1,0,1,0,0,0,0,"- ","- ",36.749009999999998,-121.76832,MONTEREY,UNINCORPORATED,-121.76838304,36.749063739999997
90013557,2015,2015-10-29,9730,2015-08-26,1549,014800,,3,2,9,2700,0,3,5,,2,004,"OLD STAGE ROAD","FOOTHILL DRIVE",4224.00,N,N,A,-,N,,,,,,,,,,Y,2,0,1,1,A,-,01,23152,A,N,F,I,A,A,H,-,A,D,0,,,,,Y,Y,D,22,1,0,0,0,0,0,0,0,0,"- ","- ",36.681519999999999,-121.5583,MONTEREY,UNINCORPORATED,-121.55695889,36.680467630000003
90013725,2015,2015-10-19,9730,2015-08-24,1555,018312,,1,2,9,2700,0,1,2,,1,030,"US 101 (NORTHBOUND)","POTTER ROAD",100.00,N,N,A,-,Y,,,,,,,,,,Y,4,0,1,3,A,-,07,21658,A,N,B,C,A,A,H,-,A,D,0,,,,,Y,,A,07,0,0,1,0,0,0,0,0,0,"- ","- ",36.605969999999999,-121.55757,MONTEREY,UNINCORPORATED,-121.55746259999999,36.605634379999998
90014018,2015,2015-10-19,9730,2015-09-02,1645,014800,,3,2,9,2700,0,3,5,,2,003,"MORSOLI ROAD","FRONT STREET",5280.00,N,N,A,-,N,,,,,,,,,,Y,3,0,1,1,A,-,01,23152,A,N,E,I,A,A,H,-,A,D,0,,,,,Y,Y,A,08,0,1,0,0,0,0,0,0,0,"- ","- ",,,MONTEREY,UNINCORPORATED,-121.3347445,36.421494940000002
90014195,2015,2015-10-19,9735,2015-09-01,0455,019263,,2,3,9,2700,0,3,5,,2,003,"METZ RD","BLUE JAY LANE",11616.00,S,N,B,-,N,,,,,,,,,,Y,4,0,1,1,A,-,08,22107,,N,E,I,A,A,H,-,B,D,0,,,,,Y,,A,01,0,0,1,0,0,0,0,0,0,"- ","- ",36.302259999999997,-121.24402000000001,MONTEREY,UNINCORPORATED,-121.24043571999999,36.377865479999997