CASE_ID,ACCIDENT_YEAR,PROC_DATE,JURIS,COLLISION_DATE,COLLISION_TIME,OFFICER_ID,REPORTING_DISTRICT,DAY_OF_WEEK,CHP_SHIFT,POPULATION,CNTY_CITY_LOC,SPECIAL_COND,BEAT_TYPE,CHP_BEAT_TYPE,CITY_DIVISION_LAPD,CHP_BEAT_CLASS,BEAT_NUMBER,PRIMARY_RD,SECONDARY_RD,DISTANCE,DIRECTION,INTERSECTION,WEATHER_1,WEATHER_2,STATE_HWY_IND,CALTRANS_COUNTY,CALTRANS_DISTRICT,STATE_ROUTE,ROUTE_SUFFIX,POSTMILE_PREFIX,POSTMILE,LOCATION_TYPE,RAMP_INTERSECTION,SIDE_OF_HWY,TOW_AWAY,COLLISION_SEVERITY,NUMBER_KILLED,NUMBER_INJURED,PARTY_COUNT,PRIMARY_COLL_FACTOR,PCF_CODE_OF_VIOL,PCF_VIOL_CATEGORY,PCF_VIOLATION,PCF_VIOL_SUBSECTION,HIT_AND_RUN,TYPE_OF_COLLISION,MVIW,PED_ACTION,ROAD_SURFACE,ROAD_COND_1,ROAD_COND_2,LIGHTING,CONTROL_DEVICE,CHP_ROAD_TYPE,PEDESTRIAN_ACCIDENT,BICYCLE_ACCIDENT,MOTORCYCLE_ACCIDENT,TRUCK_ACCIDENT,NOT_PRIVATE_PROPERTY,ALCOHOL_INVOLVED,STWD_VEHTYPE_AT_FAULT,CHP_VEHTYPE_AT_FAULT,COUNT_SEVERE_INJ,COUNT_VISIBLE_INJ,COUNT_COMPLAINT_PAIN,COUNT_PED_KILLED,COUNT_PED_INJURED,COUNT_BICYCLIST_KILLED,COUNT_BICYCLIST_INJURED,COUNT_MC_KILLED,COUNT_MC_INJURED,PRIMARY_RAMP,SECONDARY_RAMP,LATITUDE,LONGITUDE,COUNTY,CITY,POINT_X,POINT_Y
90014319,2015,2015-10-19,9730,2015-08-24,1530,020933,,1,2,9,2700,0,3,5,,2,002,"HIGH MEADOW DRIVE","OUTLOOK WAY",0.00,,Y,A,-,N,,,,,,,,,,Y,4,0,2,2,A,-,12,22450,A,N,D,C,A,A,H,-,A,A,0,,,,,Y,,A,01,0,0,2,0,0,0,0,0,0,"- ","- ",36.565100000000001,-121.90646,MONTEREY,UNINCORPORATED,-121.90638992,36.56516001
90014321,2015,2015-10-19,9730,2015-08-24,1500,020933,,1,2,9,2700,0,1,3,,1,012,SR-1,"GORDA MOUNTAIN ROAD",14256.00,S,N,A,-,Y,,,1,,,,,,,Y,2,0,1,1,A,-,08,22107,,N,E,I,A,A,H,-,A,D,0,,,Y,,Y,,C,02,1,0,0,0,0,0,0,0,1,"- ","- ",35.853830000000002,-121.41144,MONTEREY,UNINCORPORATED,-121.41142542,35.853843949999998
90014692,2015,2015-10-19,9730,2015-08-28,1630,019700,,5,2,9,2700,0,1,3,,1,072,SR-156,"OAK HILLS DR",0.00,,Y,A,-,Y,,,,,,,,,,Y,4,0,2,2,A,-,09,21801,A,N,D,C,A,A,H,-,A,A,0,,,,,Y,,A,01,0,0,2,0,0,0,0,0,0,"- ","- ",36.464779999999998,-121.42131000000001,MONTEREY,UNINCORPORATED,-121.70353996,36.779930059999998
90014699,2015,2015-10-19,9730,2015-08-28,0407,020576,,5,3,6,2708,0,1,2,,1,050,"US-101 N/B","LAUREL DRIVE O/C",200.00,S,N,A,-,Y,,,101,,,,,,N,Y,3,0,1,1,A,-,08,22107,,N,E,I,A,A,H,-,D,D,0,,,,,Y,,A,01,0,1,0,0,0,0,0,0,0,"- ","- ",36.697420000000001,-121.66423,MONTEREY,SALINAS,-121.66419487,36.697436340000003
90014707,2015,2015-10-19,9730,2015-08-29,1419,020419,,6,2,9,2700,0,1,2,,1,050,"US-101 N/B","LAUREL DRIVE",2000.00,N,N,A,-,Y,,,,,,,,,,N,4,0,1,2,A,-,07,21658,A,N,B,C,A,A,H,-,A,D,0,,,,,Y,,A,01,0,0,1,0,0,0,0,0,0,"- ","- ",,,MONTEREY,UNINCORPORATED,-121.66628,36.703047890000001
90014713,2015,2015-10-19,9730,2015-08-29,0249,020576,,6,3,6,2708,0,1,2,,1,050,"US-101 SOUTHBOUND","ALISAL ST. U/C",150.00,N,N,B,-,Y,,,101,,,,,,S,Y,3,0,1,1,A,-,08,22107,,N,F,I,A,A,H,-,C,D,0,,,,,Y,,A,01,0,1,0,0,0,0,0,0,0,"- ","- ",36.674399999999999,-121.64127999999999,MONTEREY,SALINAS,-121.64087796,36.674472729999998
90014718,2015,2015-10-19,9730,2015-08-29,1605,019745,,6,2,9,2700,0,2,4,,1,075,"SAN JUAN RD","SAN MIGUEL CANYON ROAD",0.00,,Y,A,-,N,,,,,,,,,,Y,3,0,4,2,A,-,09,21802,A,N,D,C,A,A,H,-,A,A,0,,,,,Y,,A,01,0,4,0,0,0,0,0,0,0,"- ","- ",36.899859999999997,-121.69023,MONTEREY,UNINCORPORATED,-121.69057997,36.900060029999999
90014725,2015,2015-10-19,9730,2015-08-31,1745,015297,,1,2,9,2700,0,2,4,,2,063,"DAVIS ROAD","AMBROSE DRIVE",45.00,N,N,A,-,N,,,,,,,,,,Y,4,0,2,4,A,-,03,22350,,N,C,C,A,A,H,-,A,D,0,,,,,Y,,A,07,0,0,2,0,0,0,0,0,0,"- ","- ",36.669310000000003,-121.68288,MONTEREY,UNINCORPORATED,-121.68292348999999,36.669352109999998
90014737,2015,2015-10-19,9730,2015-08-31,0640,020391,,1,1,9,2700,0,2,4,,1,075,"SAN JUAN RD","SAN MIGUEL CANYON RD",0.00,,Y,B,-,N,,,,,,,,,,Y,3,0,2,2,A,-,21,22106,,N,D,C,A,A,H,-,B,D,0,,,,,Y,,A,01,0,1,1,0,0,0,0,0,0,"- ","- ",36.899659999999997,-121.6905,MONTEREY,UNINCORPORATED,-121.69057997,36.900060029999999
90014738,2015,2015-10-19,9730,2015-08-31,1735,017803,,1,2,9,2700,0,3,5,,2,003,"LAURELES GRADE","ROBLEY RD",528.00,N,N,B,-,N,,,,,,,,,,Y,4,0,1,2,A,-,05,21460,A,N,B,C,A,A,H,-,A,D,0,,,,,Y,,D,22,0,0,1,0,0,0,0,0,0,"- ","- ",36.562939999999998,-121.75006999999999,MONTEREY,UNINCORPORATED,-121.75006852999999,36.562868530000003
90014801,2015,2015-10-19,9730,2015-08-25,1729,018312,,2,2,9,2700,0,2,4,,1,073,"SALINAS ROAD","ELKHORN ROAD",40.00,S,N,A,-,N,,,,,,,,,,N,3,0,1,2,A,-,17,22109,,F,C,C,A,A,H,-,A,D,0,,,Y,,Y,,A,01,0,1,0,0,0,0,0,0,1,"- ","- ",36.882040000000003,-121.7469,MONTEREY,UNINCORPORATED,-121.74689846,36.882941119999998
90014815,2015,2015-10-19,9730,2015-08-31,1656,019745,,1,2,9,2700,0,2,4,,1,075,"SAN JUAN RD (1600 BLOCK)","MURPHY RD",155.00,E,N,A,-,N,,,,,,,,,,Y,4,0,4,2,A,-,03,22350,,N,B,C,A,A,H,-,A,D,0,,,,,Y,,A,01,0,0,4,0,0,0,0,0,0,"- ","- ",36.896070000000002,-121.6755,MONTEREY,UNINCORPORATED,-121.67568876999999,36.896123930000002
90014828,2015,2015-10-19,9730,2015-09-01,1730,018820,,2,2,9,2700,0,3,5,,2,007,"TRAFTON RD.","SALINAS RD.",0.00,,Y,A,-,N,,,,,,,,,,N,3,0,1,2,A,-,09,21802,A,N,B,C,A,A,H,-,A,A,0,,,,,Y,,A,01,0,1,0,0,0,0,0,0,0,"- ","- ",36.886890000000001,-121.74721,MONTEREY,UNINCORPORATED,-121.74710997,36.886790009999999
90014842,2015,2015-10-19,9730,2015-09-01,0750,017502,,2,1,9,2700,0,1,3,,1,022,SR-1,"CORONA ROAD",528.00,S,N,B,-,Y,,,1,,,,,,,Y,4,0,1,1,A,-,08,22107,,N,F,A,A,A,H,-,A,D,0,,,,Y,Y,,F,24,0,0,1,0,0,0,0,0,0,"- ","- ",36.503450000000001,-121.93787,MONTEREY,UNINCORPORATED,-121.93783399,36.503457330000003
90014871,2015,2015-10-19,9730,2015-09-02,1755,018820,,3,2,6,2708,0,1,2,,1,050,"US-101 N/B","W. LAUREL DR.",528.00,S,N,A,-,Y,,,101,,,,,,N,Y,3,0,1,1,A,-,08,22107,,N,F,A,A,A,H,-,A,D,0,,,,,Y,,A,01,0,1,0,0,0,0,0,0,0,"- ","- ",36.696170000000002,-121.66355,MONTEREY,SALINAS,-121.66359597,36.696148620000002
90014876,2015,2015-10-19,9730,2015-09-02,1115,012332,,3,1,9,2700,0,3,5,,2,006,"ESPINOSA RD",US-101,4752.00,W,N,A,-,N,,,,,,,,,,Y,4,0,1,2,A,-,03,22350,,N,C,C,A,A,H,-,A,D,0,,,,,Y,,A,01,0,0,1,0,0,0,0,0,0,"- ","- ",,,MONTEREY,UNINCORPORATED,-121.67255652999999,36.739035540000003
90015217,2015,2015-10-19,9730,2015-09-01,1945,017785,,2,2,9,2700,0,1,2,,1,050,"US-101 N/B","GOULD ROAD",0.00,,Y,A,-,Y,,,101,,,,,,N,Y,2,0,2,2,A,-,09,21802,A,N,D,C,A,A,H,-,B,A,0,,,,,Y,,D,22,1,0,1,0,0,0,0,0,0,"- ","- ",36.627800000000001,-121.5873,MONTEREY,UNINCORPORATED,-121.58727729,36.627839109999996
90015355,2015,2015-10-19,9730,2015-09-02,2223,019934,,3,3,9,2700,0,2,4,,1,023,"CARMEL VALLEY ROAD","SAN CLEMENTE DRIVE",1056.00,E,N,A,-,N,,,,,,,,,,Y,3,0,1,2,A,-,01,23152,A,N,A,C,A,A,H,-,D,D,0,,,,,Y,Y,A,07,0,1,0,0,0,0,0,0,0,"- ","- ",36.454909999999998,-121.69992000000001,MONTEREY,UNINCORPORATED,-121.70613,36.458399999999997
90016224,2015,2015-10-19,9730,2015-09-04,1528,019700,,5,2,6,2708,0,3,5,,2,006,"DAVIS ROAD","CENTRAL AVE",400.00,S,N,A,-,N,,,,,,,,,,N,4,0,1,2,A,-,03,22350,,N,C,C,A,A,H,-,A,D,0,,,,,Y,,D,22,0,0,1,0,0,0,0,0,0,"- ","- ",36.403289999999998,-121.40385000000001,MONTEREY,SALINAS,-121.67772605,36.675408179999998
90016415,2015,2015-10-19,9730,2015-09-05,1300,020417,,6,1,9,2700,0,1,3,,1,074,SR-1,"SALINAS RD.",500.00,S,N,B,-,Y,,,1,,,,,,,N,4,0,1,3,A,-,03,22350,,N,C,C,A,A,H,-,A,D,0,,,,,Y,,A,01,0,0,1,0,0,0,0,0,0,"- ","- ",36.86842,-121.77052,MONTEREY,UNINCORPORATED,-121.7704938,36.868409200000002
90017697,2015,2015-10-19,9730,2015-08-28,1040,018543,,5,1,9,2700,0,1,3,,1,066,SR-183,"SAN JON ROAD",10.00,N,N,A,-,Y,,,,,,,,,,Y,4,0,2,3,A,-,03,22350,,F,C,C,A,A,H,-,A,D,0,,,,Y,Y,,F,26,0,0,2,0,0,0,0,0,0,"- ","- ",,,MONTEREY,UNINCORPORATED,,
90017737,2015,2015-10-19,9730,2015-08-29,0615,018543,,6,1,9,2700,0,3,5,,2,007,"JENSEN ROAD","HILLTOP ROAD",1056.00,W,N,A,-,N,,,,,,,,,,Y,3,0,1,2,A,-,05,21650,,N,B,C,A,A,H,-,D,D,0,,,,,Y,,A,01,0,1,0,0,0,0,0,0,0,"- ","- ",,,MONTEREY,UNINCORPORATED,,
90018267,2015,2015-10-19,9730,2015-08-31,0915,019569,,1,1,9,2700,0,1,3,,1,014,SR-1,"ROCKY CREEK",528.00,S,N,A,-,Y,,,1,,,,,,,Y,3,0,1,2,A,-,08,22107,,N,F,A,A,A,H,-,A,D,0,,,Y,,Y,,C,02,0,1,0,0,0,0,0,0,1,"- ","- ",36.375489999999999,-121.90483,MONTEREY,UNINCORPORATED,-121.90480149,36.375484649999997
90018269,2015,2015-10-19,9730,2015-09-03,1705,020208,,4,2,9,2700,0,1,3,,1,022,SR-1,"PETER PAN ROAD",0.00,,N,B,-,Y,,,1,,,,,,,Y,3,0,1,1,A,-,03,22350,,N,E,I,A,A,H,-,A,A,0,,,,,Y,,A,01,0,1,0,0,0,0,0,0,0,"- ","- ",36.498399999999997,-121.93559999999999,MONTEREY,UNINCORPORATED,-121.93566113,36.498399999999997
90018614,2015,2015-10-19,9735,2015-09-14,0020,019263,,1,3,3,2704,0,1,2,,1,040,"US-101 NORTHBOUND","THORNE RD",1584.00,S,N,A,-,Y,,,101,,,,,,N,Y,4,0,1,1,A,-,08,22107,,N,E,I,A,A,H,-,D,D,0,,,,,Y,,A,01,0,0,1,0,0,0,0,0,0,"- ","- ",36.336669999999998,-121.25203,MONTEREY,GREENFIELD,-121.25207208,36.336628679999997
90018622,2015,2015-10-19,9735,2015-09-15,0000,020057,,2,3,9,2700,0,1,2,,2,044,"US-101 S/B TO JOLON RD.","US-101 S/B FROM JOLON RD.",25.00,S,N,A,-,Y,,,101,,,,R,,S,Y,3,0,1,1,A,-,03,22350,,N,E,I,A,A,H,-,D,D,0,,,,,Y,,A,01,0,1,0,0,0,0,0,0,0,"- ","- ",35.87321,-120.83719000000001,MONTEREY,UNINCORPORATED,-120.83719000000001,35.87321
90018754,2015,2015-10-19,9730,2015-09-06,1035,018179,,7,1,9,2700,0,2,4,,1,073,"ECHO VALLEY ROAD","SAN MIGUEL CANYON ROAD",0.00,,Y,A,-,N,,,,,,,,,,Y,4,0,1,3,A,-,09,21802,A,N,D,C,A,A,H,-,A,D,0,,,,Y,Y,,A,01,0,0,1,0,0,0,0,0,0,"- ","- ",,,MONTEREY,UNINCORPORATED,-121.67346996000001,36.821660080000001
90019117,2015,2015-10-19,9730,2015-09-06,1458,020933,,7,2,9,2700,0,1,3,,1,074,SR-1,"POTRERO RD",1056.00,S,N,A,-,Y,,,1,,,,,,,Y,3,0,2,2,A,-,06,21755,,N,A,C,A,A,H,-,A,D,0,,,Y,,Y,,C,02,0,1,1,0,0,0,0,0,2,"- ","- ",36.789610000000003,-121.78305,MONTEREY,UNINCORPORATED,-121.7830483,36.789610690000004
90019118,2015,2015-10-19,9730,2015-09-06,1830,020896,,7,2,9,2700,0,1,3,,1,022,SR-1,"AURORA DEL MAR",10560.00,S,N,A,-,Y,,,1,,,,,,,N,2,0,1,2,A,-,06,21755,,N,B,C,A,A,H,-,A,D,0,,,Y,,Y,Y,C,02,1,0,0,0,0,0,0,0,1,"- ","- ",36.456650000000003,-121.92400000000001,MONTEREY,UNINCORPORATED,-121.92399524,36.456650449999998
90019128,2015,2015-10-19,9730,2015-09-09,1420,015297,,3,2,9,2700,0,1,3,,1,074,SR-1,"STRUVE SOUTH ROAD",528.00,N,N,A,-,Y,,,1,,,,,,,Y,4,0,3,2,A,-,08,22107,,N,C,C,A,A,H,-,A,D,0,,,,,Y,,A,07,0,0,3,0,0,0,0,0,0,"- ","- ",36.823860000000003,-121.77896,MONTEREY,UNINCORPORATED,-121.77894904999999,36.823834519999998
90019129,2015,2015-10-19,9730,2015-09-09,2050,017785,,3,2,9,2700,0,1,3,,1,014,SR-1,"GRIMES CANYON",3696.00,N,N,A,-,Y,,,1,,,,,,,Y,4,0,2,2,A,-,03,22350,,N,A,C,A,A,H,-,D,D,0,,,,,Y,,A,07,0,0,2,0,0,0,0,0,0,"- ","- ",36.200859999999999,-121.72508999999999,MONTEREY,UNINCORPORATED,-121.72509109000001,36.200858420000003
90019136,2015,2015-10-19,9730,2015-09-09,1605,015297,,3,2,9,2700,0,2,4,,2,063,"RESERVATION ROAD","DAVIS ROAD",61.00,E,N,A,-,Y,,,,,,,,,,Y,3,0,1,2,A,-,03,22350,,N,C,C,A,A,H,-,A,A,0,,,,,Y,,D,22,0,1,0,0,0,0,0,0,0,"- ","- ",36.641559999999998,-121.70614,MONTEREY,UNINCORPORATED,-121.70636329,36.64165165
90019138,2015,2015-10-19,9730,2015-09-09,1630,020419,,3,2,9,2700,0,1,3,,1,066,SR-183,"SR-156 W/B TO SR-183",30.00,S,N,A,-,Y,,,,,,,,,,N,4,0,1,2,A,-,03,22350,,N,C,C,A,A,H,-,A,A,0,,,,,Y,,A,01,0,0,1,0,0,0,0,0,0,"- ","- ",36.760939999999998,-121.75391999999999,MONTEREY,UNINCORPORATED,,
90019152,2015,2015-10-19,9730,2015-09-11,0130,020233,,5,3,9,2700,0,1,2,,1,030,"US-101 SOUTHBOUND","OLD STAGE ROAD",6336.00,N,N,A,-,Y,,,101,,,,,,S,Y,3,0,1,2,A,-,01,23152,A,N,D,C,A,A,H,-,D,D,0,,,,,Y,Y,A,01,0,1,0,0,0,0,0,0,0,"- ","- ",36.535530000000001,-121.48025,MONTEREY,UNINCORPORATED,-121.48028973,36.535481529999998
90019154,2015,2015-10-19,9730,2015-09-11,1959,020896,,5,2,9,2700,0,1,3,,1,068,SR-68,"YORK RD",3168.00,E,N,A,-,Y,,,68,,,,,,,Y,2,0,1,1,A,-,01,23152,A,N,F,A,A,A,H,-,D,D,0,,,Y,,Y,Y,C,02,1,0,0,0,0,0,0,0,1,"- ","- ",36.571080000000002,-121.80591,MONTEREY,UNINCORPORATED,-121.80592013,36.57102725
90019155,2015,2015-10-19,9730,2015-09-12,0930,020576,,6,1,9,2700,0,1,3,,1,022,SR-1,"FLANDERS DRIVE",50.00,S,N,B,-,Y,,,1,,,,,,,N,4,0,1,4,A,-,03,22350,,N,C,C,A,A,H,-,A,D,0,,,,,Y,,A,01,0,0,1,0,0,0,0,0,0,"- ","- ",36.557560000000002,-121.91137999999999,MONTEREY,UNINCORPORATED,-121.9113804,36.557559949999998
90019163,2015,2015-10-19,9730,2015-09-13,1935,020233,,7,2,9,2700,0,1,2,,1,050,"US-101 S/B FROM E/B LAUREL DRIVE","LAUREL DRIVE",150.00,S,N,B,-,Y,,,,,,,,,,N,4,0,1,3,A,-,03,22350,,N,C,C,A,A,H,-,C,D,0,,,,,Y,,D,22,0,0,1,0,0,0,0,0,0,"- ","- ",36.696939999999998,-121.66453,MONTEREY,UNINCORPORATED,-121.6644335,36.697403199999997
90019173,2015,2015-10-19,9730,2015-09-14,0650,014584,,1,1,9,2700,0,3,5,,2,004,"ENCINAL RD","OLD STAGE RD",75.00,S,N,A,-,N,,,,,,,,,,Y,4,0,2,2,A,-,09,21804,A,N,D,C,A,A,H,-,A,D,0,,,,,Y,,A,07,0,0,2,0,0,0,0,0,0,"- ","- ",36.626519999999999,-121.52996,MONTEREY,UNINCORPORATED,-121.52997433,36.626440189999997
90019177,2015,2015-10-19,9730,2015-09-15,1710,019529,,2,2,9,2700,0,3,5,,2,007,"SAN JON ROAD","BORONDA ROAD",800.00,W,N,A,-,N,,,,,,,,,,Y,3,0,1,1,A,-,01,23152,A,N,F,A,A,A,H,-,A,D,0,,,Y,,Y,Y,C,02,0,1,0,0,0,0,0,0,1,"- ","- ",,,MONTEREY,UNINCORPORATED,-121.68579977,36.717876660000002
90019180,2015,2015-10-19,9730,2015-09-16,1710,015297,,3,2,9,2700,0,3,5,,2,007,"BLACKIE ROAD","CASTRO STREET",0.00,,Y,A,-,Y,,,,,,,,,,N,4,0,1,2,A,-,09,21801,A,N,D,C,A,A,H,-,A,A,0,,,,,Y,,A,01,0,0,1,0,0,0,0,0,0,"- ","- ",36.757809999999999,-121.74578,MONTEREY,UNINCORPORATED,-121.74563989000001,36.757660110000003
90019187,2015,2015-10-19,9730,2015-09-16,1739,019239,,3,2,6,2708,0,1,2,,1,050,"US-101 N/B","JOHN ST O.C.",1200.00,S,N,A,-,Y,,,,,,,,,,N,4,0,2,2,A,-,03,22350,,N,C,C,A,A,H,-,A,D,0,,,,,Y,,A,01,0,0,2,0,0,0,0,0,0,"- ","- ",,,MONTEREY,SALINAS,,
90019450,2015,2015-10-19,9730,2015-09-15,1635,020419,,2,2,9,2700,0,3,5,,2,003,"RIVER ROAD","MAESTRI RD",3000.00,S,N,A,-,N,,,,,,,,,,Y,3,0,1,1,A,-,08,22107,,N,E,I,A,A,H,-,A,D,0,,,,,Y,,A,01,0,1,0,0,0,0,0,0,0,"- ","- ",36.435519999999997,-121.42400000000001,MONTEREY,UNINCORPORATED,,
90019801,2015,2015-10-19,9735,2015-09-01,2500,020168,,2,4,9,2700,0,1,2,,2,045,"US-101 N/B","ALVARADO RD",15840.00,S,N,A,-,Y,,,101,,,,,,N,N,3,0,1,1,A,-,01,23152,A,N,E,I,A,A,H,-,D,D,0,,,,,Y,Y,A,08,0,1,0,0,0,0,0,0,0,"- ","- ",35.911799999999999,-120.84988,MONTEREY,UNINCORPORATED,-120.84990151,35.911763710000002
90020404,2015,2015-10-19,9730,2015-09-12,2348,019512,,6,3,9,2700,0,3,5,,2,001,"SALINAS ROAD","BISHOP STREET",110.00,S,N,B,-,N,,,,,,,,,,Y,3,0,1,2,A,-,01,23152,A,F,G,B,F,A,H,-,C,D,0,Y,,,,Y,,A,07,0,1,0,0,1,0,0,0,0,"- ","- ",36.905110000000001,-121.74834,MONTEREY,UNINCORPORATED,-121.74821949,36.901548259999998
90020458,2015,2015-10-19,9730,2015-09-01,0600,013024,,2,1,9,2700,0,3,5,,2,004,"OLD STAGE ROAD","ESPERANZA ROAD",1584.00,S,N,A,-,N,,,,,,,,,,Y,4,0,6,2,A,-,09,21804,A,N,D,C,A,A,H,-,A,D,0,,,,,Y,,D,22,0,0,6,0,0,0,0,0,0,"- ","- ",,,MONTEREY,UNINCORPORATED,-121.51064015999999,36.600929800000003
90020585,2015,2015-10-19,9730,2015-09-11,1110,016537,,5,1,9,2700,0,1,2,,1,030,"US-101 S/B","OLD STAGE RD.",10560.00,N,N,A,-,Y,,,101,,,,,,S,Y,4,0,1,2,A,-,07,21658,A,N,B,C,A,A,H,-,A,D,0,,,,Y,Y,,G,25,0,0,1,0,0,0,0,0,0,"- ","- ",36.547429999999999,-121.49453,MONTEREY,UNINCORPORATED,-121.49459904,36.547346310000002
90020664,2015,2015-10-19,9730,2015-09-16,1830,020981,,3,2,9,2700,0,2,S,,2,904,"A ROAD LAGUNA SECA",SR-68,44.00,N,N,A,-,N,,,,,,,,,,Y,4,0,1,1,A,-,03,22350,,F,E,I,A,A,H,-,A,D,0,,,,,Y,,A,08,0,0,1,0,0,0,0,0,0,"- ","- ",36.570529999999998,-121.16039000000001,MONTEREY,UNINCORPORATED,,
90020737,2015,2015-10-19,9730,2015-09-17,1405,020419,,4,2,9,2700,0,1,2,,1,050,"US-101 SB","MAIN ST",750.00,N,N,A,-,Y,,,,,,,,,,Y,4,0,1,1,A,-,08,22107,,N,E,I,A,A,H,-,A,D,0,,,,,Y,,A,01,0,0,1,0,0,0,0,0,0,"- ","- ",36.688949999999998,-121.65615,MONTEREY,UNINCORPORATED,-121.51970396999999,36.570923720000003
90020749,2015,2015-10-19,9730,2015-09-17,1630,019239,,4,2,9,2700,0,3,5,,2,003,"SPRECKELS BLVD","HATTON AVE",220.00,W,N,A,-,N,,,,,,,,,,Y,4,0,1,2,A,-,08,22107,,N,D,E,A,A,H,-,A,D,0,,,,,Y,,A,01,0,0,1,0,0,0,0,0,0,"- ","- ",36.622819999999997,-121.64807,MONTEREY,UNINCORPORATED,-121.64790807999999,36.622657969999999
90020761,2015,2015-10-19,9730,2015-09-17,1750,020419,,4,2,9,2700,0,3,5,,2,006,"ESPINOSA RD","FOXWOOD LN",337.00,E,N,A,-,N,,,,,,,,,,Y,4,0,2,3,A,-,08,22107,,N,B,C,A,A,H,-,A,D,0,,,,,Y,,A,07,0,0,2,0,0,0,0,0,0,"- ","- ",36.743450000000003,-121.68848,MONTEREY,UNINCORPORATED,-121.68863274,36.743537500000002
90021236,2015,2015-10-19,9730,2015-09-08,1325,014584,,2,1,9,2700,0,1,2,,1,030,US-101,"CHUALAR-MAIN ST.",528.00,N,N,A,-,Y,,,101,,,,,,,Y,3,0,3,1,C,-,18,,,N,F,I,A,A,H,-,A,D,0,,,,,Y,,-,"- ",0,1,2,0,0,0,0,0,0,"- ","- ",36.57329,-121.52238,MONTEREY,UNINCORPORATED,-121.52233337,36.573348609999996
90021238,2015,2015-12-09,9730,2015-09-13,0640,020680,,7,1,9,2700,0,3,5,,2,006,"RESERVATION RD.","E. GARRISON RD.",75.00,W,N,B,-,N,,,,,,,,,,N,4,0,1,1,D,-,00,,,N,H,G,A,A,H,-,A,D,0,,Y,,,Y,,-,"- ",0,0,1,0,0,0,1,0,0,"- ","- ",36.655900000000003,-121.7329,MONTEREY,UNINCORPORATED,-121.73290412,36.65587
90021248,2015,2015-10-19,9730,2015-09-08,1257,013024,,2,1,9,2700,0,1,2,,1,030,US-101,"CAMPHORA-GLORIA O/C",528.00,S,N,A,-,Y,,,,,,,,,,Y,4,0,3,3,A,-,07,21658,A,N,B,C,A,A,H,-,A,D,0,,,,,Y,,A,07,0,0,3,0,0,0,0,0,0,"- ","- ",,,MONTEREY,UNINCORPORATED,-121.36174058,36.447873219999998
90022756,2015,2016-01-04,9730,2015-09-07,1425,020514,,1,2,9,2700,0,1,2,,1,070,"US-101 N/B","MESSICK RD",40.00,S,N,A,-,Y,,,101,,,,,,N,N,3,0,2,2,A,-,03,22350,,N,C,C,A,A,H,-,A,D,0,,,Y,,Y,,C,02,0,1,1,0,0,0,0,0,2,"- ","- ",36.801299999999998,-121.66098,MONTEREY,UNINCORPORATED,-121.66098651,36.801316309999997
90022998,2015,2015-10-19,9730,2015-09-25,1715,018820,,5,2,9,2700,0,1,2,,1,070,"US-101 S/B","PRUNEDALE S. RD.",528.00,S,N,A,-,Y,,,101,,,,,,S,N,3,0,1,2,A,-,03,22350,,N,C,C,A,A,H,-,A,D,0,,,,,Y,,A,01,0,1,0,0,0,0,0,0,0,"- ","- ",36.786470000000001,-121.66837,MONTEREY,UNINCORPORATED,-121.6682912,36.786453010000002
90023107,2015,2015-10-19,9730,2015-09-13,0515,016537,,7,3,9,2700,0,1,2,,1,030,"US-101 N/B","MAIN ST. O/C",6336.00,S,N,A,-,Y,,,101,,,,,,N,Y,2,0,2,1,A,-,01,23152,A,N,A,I,A,A,H,-,D,D,0,,,,,Y,Y,A,07,1,0,1,0,0,0,0,0,0,"- ","- ",36.547429999999999,-121.49453,MONTEREY,UNINCORPORATED,-121.49445928999999,36.54751675
90023213,2015,2015-10-19,9730,2015-09-15,1840,018650,,2,2,9,2700,0,1,3,,1,022,SR-1,"MOSS LANDING STATE BEACH",200.00,S,N,A,-,Y,,,1,,,,,,,N,4,0,1,3,A,-,04,21703,,M,C,C,A,A,H,-,A,D,0,,,,,Y,,A,07,0,0,1,0,0,0,0,0,0,"- ","- ",36.80292,-121.78361,MONTEREY,UNINCORPORATED,-121.78376434,36.802892440000001
90023364,2015,2015-10-19,9730,2015-09-20,1515,020514,,7,2,9,2700,0,3,5,,2,006,"BLANCO RD","DAVIS RD",2000.00,W,N,A,-,N,,,,,,,,,,Y,4,0,1,2,A,-,03,22350,,N,C,C,A,A,H,-,A,D,0,,,,,Y,,A,01,0,0,1,0,0,0,0,0,0,"- ","- ",36.669179999999997,-121.68953999999999,MONTEREY,UNINCORPORATED,-121.69074196,36.669891710000002