CASE_ID,ACCIDENT_YEAR,PROC_DATE,JURIS,COLLISION_DATE,COLLISION_TIME,OFFICER_ID,REPORTING_DISTRICT,DAY_OF_WEEK,CHP_SHIFT,POPULATION,CNTY_CITY_LOC,SPECIAL_COND,BEAT_TYPE,CHP_BEAT_TYPE,CITY_DIVISION_LAPD,CHP_BEAT_CLASS,BEAT_NUMBER,PRIMARY_RD,SECONDARY_RD,DISTANCE,DIRECTION,INTERSECTION,WEATHER_1,WEATHER_2,STATE_HWY_IND,CALTRANS_COUNTY,CALTRANS_DISTRICT,STATE_ROUTE,ROUTE_SUFFIX,POSTMILE_PREFIX,POSTMILE,LOCATION_TYPE,RAMP_INTERSECTION,SIDE_OF_HWY,TOW_AWAY,COLLISION_SEVERITY,NUMBER_KILLED,NUMBER_INJURED,PARTY_COUNT,PRIMARY_COLL_FACTOR,PCF_CODE_OF_VIOL,PCF_VIOL_CATEGORY,PCF_VIOLATION,PCF_VIOL_SUBSECTION,HIT_AND_RUN,TYPE_OF_COLLISION,MVIW,PED_ACTION,ROAD_SURFACE,ROAD_COND_1,ROAD_COND_2,LIGHTING,CONTROL_DEVICE,CHP_ROAD_TYPE,PEDESTRIAN_ACCIDENT,BICYCLE_ACCIDENT,MOTORCYCLE_ACCIDENT,TRUCK_ACCIDENT,NOT_PRIVATE_PROPERTY,ALCOHOL_INVOLVED,STWD_VEHTYPE_AT_FAULT,CHP_VEHTYPE_AT_FAULT,COUNT_SEVERE_INJ,COUNT_VISIBLE_INJ,COUNT_COMPLAINT_PAIN,COUNT_PED_KILLED,COUNT_PED_INJURED,COUNT_BICYCLIST_KILLED,COUNT_BICYCLIST_INJURED,COUNT_MC_KILLED,COUNT_MC_INJURED,PRIMARY_RAMP,SECONDARY_RAMP,LATITUDE,LONGITUDE,COUNTY,CITY,POINT_X,POINT_Y
90023378,2015,2015-10-19,9730,2015-09-20,1930,020896,,7,2,6,2708,0,1,2,,1,070,"US-101 NORTHBOUND","SR-156 OVERCROSSING",300.00,S,N,A,-,Y,,,,,,,,,,Y,4,0,2,3,A,-,03,22350,,N,C,C,A,A,H,-,D,D,0,,,,,Y,,A,01,0,0,2,0,0,0,0,0,0,"- ","- ",36.789479999999998,-121.66748,MONTEREY,SALINAS,-121.66766009,36.788786160000001
90023398,2015,2015-10-19,9730,2015-09-19,2227,020933,,6,3,9,2700,0,3,5,,2,004,"ALISAL ROAD","HARTNELL ROAD",4224.00,N,N,A,-,N,,,,,,,,,,Y,2,0,2,2,A,-,01,23152,A,N,A,C,A,A,H,-,D,D,0,,,,,Y,Y,A,01,1,0,1,0,0,0,0,0,0,"- ","- ",36.656010000000002,-121.58615,MONTEREY,UNINCORPORATED,-121.58516215,36.654810269999999
90023542,2015,2015-10-19,9730,2015-09-08,1500,020514,,2,2,9,2700,0,1,3,,2,062,"SR-1 S/B","LIGHTFIGHTER DR",1000.00,S,N,A,-,Y,,,,,,,,,,Y,4,0,2,2,A,-,07,21658,A,N,C,C,A,A,H,-,A,D,0,,,,,Y,,A,01,0,0,2,0,0,0,0,0,0,"- ","- ",36.633920000000003,-121.82902,MONTEREY,UNINCORPORATED,-121.8177914,36.645400629999997
90023572,2015,2015-10-19,9730,2015-09-18,0145,019934,,5,3,9,2700,0,3,5,,2,007,"ESPINOSA ROAD",SR-183,105.00,E,N,A,-,N,,,,,,,,,,Y,4,0,1,1,A,-,08,22107,,N,H,I,A,A,H,-,D,D,0,,,,,Y,,A,01,0,0,1,0,0,0,0,0,0,"- ","- ",36.745089999999998,-121.73954999999999,MONTEREY,UNINCORPORATED,,
90023924,2015,2015-10-19,9730,2015-09-07,1540,019529,,1,2,9,2700,0,1,3,,1,012,"STATE ROUTE 1","RIVER INN",500.00,S,N,A,-,Y,,,,,,,,,,N,4,0,1,2,A,-,09,21804,A,N,D,C,A,A,H,-,A,D,0,,,Y,,Y,,A,07,0,0,1,0,0,0,0,0,1,"- ","- ",,,MONTEREY,UNINCORPORATED,,
90023940,2015,2015-10-19,9730,2015-09-09,1740,019529,,3,2,9,2700,0,3,5,,2,007,"MERIDIAN ROAD","DYER ROAD",700.00,W,N,A,-,N,,,,,,,,,,Y,4,0,1,2,A,-,09,21801,A,N,A,C,A,A,H,-,A,D,0,,,,,Y,,A,01,0,0,1,0,0,0,0,0,0,"- ","- ",36.788379999999997,-121.6859,MONTEREY,UNINCORPORATED,-121.68589772999999,36.788416959999999
90023954,2015,2015-10-19,9730,2015-09-21,1805,019745,,1,2,9,2700,0,3,5,,2,007,"ELKTHORN RD (1500 BLOCK)","PARADISE VALLEY RD",733.00,N,N,A,-,N,,,,,,,,,,Y,3,0,2,2,A,-,03,22350,,N,A,C,A,A,H,-,A,D,0,,,,,Y,,D,22,0,1,1,0,0,0,0,0,0,"- ","- ",36.821469999999998,-121.73002,MONTEREY,UNINCORPORATED,,
90023965,2015,2015-10-19,9730,2015-09-21,0830,014584,,1,1,9,2700,0,3,5,,2,003,"RIVER RD","PARKER RD",3168.00,S,N,A,-,N,,,,,,,,,,Y,3,0,1,2,A,-,03,22350,,N,C,C,A,A,H,-,A,D,0,,,,,Y,,A,07,0,1,0,0,0,0,0,0,0,"- ","- ",36.574309999999997,-121.58338999999999,MONTEREY,UNINCORPORATED,-121.59690541000001,36.582723680000001
90024308,2015,2015-10-19,9730,2015-09-15,1005,015638,,2,1,4,2710,0,1,3,,2,062,"SR-1 (N/B)","LIGHTFIGHTER DRIVE",600.00,N,N,A,-,Y,,,1,,,,,,,Y,4,0,2,2,A,-,07,21658,A,N,B,C,A,A,H,-,A,D,0,,,,,Y,,A,01,0,0,2,0,0,0,0,0,0,"- ","- ",36.6511,-121.8147,MONTEREY,SEASIDE,-121.81478441,36.651073400000001
90024312,2015,2015-10-19,9730,2015-09-18,1225,020391,,5,1,9,2700,0,2,4,,1,073,"SAN MIGUEL CANYON RD","1370 SAN MIGUEL CANYON RD",735.00,S,N,A,-,N,,,,,,,,,,Y,3,0,1,1,A,-,01,23152,A,N,E,I,A,A,H,-,A,D,0,,,,,Y,Y,A,01,0,1,0,0,0,0,0,0,0,"- ","- ",36.84196,-121.68814999999999,MONTEREY,UNINCORPORATED,,
90024489,2015,2015-10-19,9730,2015-09-22,1700,018350,,2,2,9,2700,0,1,3,,2,062,"SR-1 N/B","SR-68 W/B",2640.00,N,N,A,-,Y,,,,,,,,,,N,4,0,1,3,A,-,03,22350,,N,C,C,A,A,H,-,A,D,0,,,,,Y,,D,22,0,0,1,0,0,0,0,0,0,"- ","- ",,,MONTEREY,UNINCORPORATED,,
90024540,2015,2015-10-19,9730,2015-09-22,0045,019127,,2,3,9,2700,0,3,5,,2,005,"OLD STAGE RD","CRAZY HORSE CANYON RD",3696.00,N,N,A,-,N,,,,,,,,,,Y,3,0,3,1,A,-,08,22107,,N,F,A,A,A,H,-,D,D,0,,,,,Y,,A,01,0,2,1,0,0,0,0,0,0,"- ","- ",36.773870000000002,-121.58873,MONTEREY,UNINCORPORATED,-121.58924955000001,36.773477210000003
90024604,2015,2015-10-19,9730,2015-09-23,1855,015297,,3,2,9,2700,0,2,4,,1,073,"HALL ROAD","PINI ROAD",0.00,,Y,A,-,N,,,,,,,,,,Y,4,0,1,2,A,-,09,21801,A,N,A,C,A,A,H,-,B,A,0,,,,,Y,,A,07,0,0,1,0,0,0,0,0,0,"- ","- ",36.864240000000002,-121.71666999999999,MONTEREY,UNINCORPORATED,-121.71673986,36.864120079999999
90025053,2015,2015-10-19,9735,2015-09-25,1505,017681,,5,2,9,2700,0,1,2,,1,041,"US-101 NORTHBOUND","CENTRAL AVENUE",2640.00,S,N,A,-,Y,,,101,,,,,,N,Y,4,0,1,1,A,-,08,22107,,N,F,A,A,A,H,-,A,D,0,,,,,Y,,A,01,0,0,1,0,0,0,0,0,0,"- ","- ",36.224910000000001,-121.17071,MONTEREY,UNINCORPORATED,-121.1707646,36.224874909999997
90025133,2015,2015-10-19,9735,2015-09-28,1610,018069,,1,2,3,2704,0,1,2,,1,040,"US-101 S/B","WALNUT STREET O/C",1584.00,N,N,A,-,Y,,,101,,,,,,S,Y,3,0,1,1,A,-,08,22107,,N,E,I,A,A,H,-,A,D,0,,,,,Y,,A,01,0,1,0,0,0,0,0,0,0,"- ","- ",36.332920000000001,-121.24782999999999,MONTEREY,GREENFIELD,-121.24802922000001,36.332682560000002
90025362,2015,2015-10-19,9735,2015-09-26,2330,019330,,6,3,9,2700,0,3,5,,2,003,"CATTLEMEN RD",SR-198,5280.00,N,N,A,-,N,,,,,,,,,,Y,4,0,1,1,A,-,08,22107,,N,E,I,A,A,H,-,E,D,0,,,,,Y,,A,01,0,0,1,0,0,0,0,0,0,"- ","- ",36.134070000000001,-121.03117,MONTEREY,UNINCORPORATED,-121.03075127,36.133470799999998
90025687,2015,2015-10-19,9730,2015-09-08,1807,019239,,2,2,9,2700,0,1,2,,1,050,US-101,"HARTNELL RD",0.00,,Y,A,-,Y,,,,,,,,,,Y,3,0,1,2,A,-,09,21801,A,N,D,C,A,A,H,-,A,D,0,,,,Y,Y,,G,25,0,1,0,0,0,0,0,0,0,"- ","- ",,,MONTEREY,UNINCORPORATED,-121.58065987000001,36.62256009
90025688,2015,2015-10-19,9730,2015-09-10,0750,017184,,4,1,9,2700,0,1,3,,1,012,SR-1,"VICENTE CREEK BRIDGE",5808.00,S,N,A,-,Y,,,,,,,,,,Y,3,0,1,1,A,-,08,22107,,N,F,I,A,A,H,-,A,D,0,,,,,Y,,A,07,0,1,0,0,0,0,0,0,0,"- ","- ",,,MONTEREY,UNINCORPORATED,,
90025695,2015,2016-02-02,9730,2015-09-21,1640,020933,,1,2,9,2700,0,1,2,,1,030,"US-101 N/B","SPENCE ROAD",1780.00,S,N,A,-,Y,,,101,,,,,,N,Y,3,0,8,4,A,-,01,23152,A,F,D,C,A,A,H,-,A,D,0,,,,Y,Y,Y,A,07,0,6,2,0,0,0,0,0,0,"- ","- ",36.61018,-121.56310000000001,MONTEREY,UNINCORPORATED,-121.56318525,36.610063969999999
90025698,2015,2015-10-19,9730,2015-09-24,1500,020981,,4,2,9,2700,0,1,3,,1,022,SR-1,"MORSE DRIVE",104.00,N,N,A,-,Y,,,1,,,,,,,Y,3,0,1,1,A,-,01,23152,F,N,A,I,A,A,H,-,A,D,0,,,,,Y,Y,A,01,0,1,0,0,0,0,0,0,0,"- ","- ",36.548569999999998,-121.90991,MONTEREY,UNINCORPORATED,-121.91000093,36.548554750000001
90025729,2015,2015-10-19,9730,2015-09-29,0705,017502,,2,1,9,2700,0,1,3,,1,068,SR-68,"SAN BENANCIO ROAD",528.00,E,N,B,-,Y,,,,,,,,,,Y,4,0,1,2,A,-,03,22350,,N,C,C,A,A,H,-,A,D,0,,,,,Y,,A,01,0,0,1,0,0,0,0,0,0,"- ","- ",,,MONTEREY,UNINCORPORATED,,
90025733,2015,2015-10-19,9730,2015-09-29,2120,018820,,2,2,9,2700,0,1,3,,1,072,SR-156,"VIERRA CANYON RD.",0.00,,Y,A,-,Y,,,156,,,,,,,N,4,0,2,2,A,-,08,22107,,N,B,C,A,A,H,-,C,A,0,,,,Y,Y,,G,25,0,0,2,0,0,0,0,0,0,"- ","- ",36.792029999999997,-121.66509000000001,MONTEREY,UNINCORPORATED,-121.66504178,36.791879850000001
90025742,2015,2015-10-19,9730,2015-09-30,1735,018312,,3,2,9,2700,0,1,2,,1,050,"US 101 (NORTHBOUND)","SPENCE ROAD",130.00,N,N,B,-,Y,,,,,,,,,,Y,4,0,1,2,A,-,07,21658,A,N,B,C,A,A,H,-,A,D,0,,,Y,,Y,,A,07,0,0,1,0,0,0,0,0,1,"- ","- ",36.613570000000003,-121.56780000000001,MONTEREY,UNINCORPORATED,-121.56744740000001,36.612930589999998
90027096,2015,2015-10-19,9730,2015-09-27,0923,020417,,7,1,9,2700,0,1,3,,1,024,"SR-68 (HOLMAN HIGHWAY)","SKYLINE FOREST DR.",470.00,E,N,B,-,Y,,,68,,,,,,,N,3,0,1,2,A,-,11,21954,A,F,G,B,D,A,H,-,A,D,0,Y,,,,Y,,N,60,0,1,0,0,1,0,0,0,0,"- ","- ",36.584440000000001,-121.91894000000001,MONTEREY,UNINCORPORATED,-121.91896489,36.58444532
90027099,2015,2015-10-19,9730,2015-09-29,2210,020576,,2,3,9,2700,0,1,3,,2,062,"SR-1 SOUTHBOUND","IMJIN PKWY O/C",300.00,N,N,B,-,Y,,,1,,,,,,S,Y,3,0,1,1,C,-,18,,,N,F,A,A,A,H,-,C,D,0,,,,,Y,,-,"- ",0,1,0,0,0,0,0,0,0,"- ","- ",36.670569999999998,-121.81263,MONTEREY,UNINCORPORATED,-121.81258377,36.670543019999997
90027100,2015,2015-10-19,9730,2015-09-27,1920,020208,,7,2,9,2700,0,3,5,,2,001,"OLD COAST ROAD",SR-1,1320.00,E,N,B,-,N,,,,,,,,,,Y,3,0,1,1,A,-,01,23152,A,N,F,I,A,A,H,-,B,D,0,,,,,Y,Y,D,22,0,1,0,0,0,0,0,0,0,"- ","- ",36.374499999999998,-121.8995,MONTEREY,UNINCORPORATED,-121.89957548,36.374602189999997
90027101,2015,2015-10-19,9730,2015-09-28,1125,013024,,1,1,9,2700,0,1,2,,1,070,"US-101 N/B","RALPH LANE",1584.00,S,N,A,-,Y,,,,,,,,,,Y,4,0,1,3,A,-,03,22350,,N,C,C,A,A,H,-,A,D,0,,,,,Y,,D,22,0,0,1,0,0,0,0,0,0,"- ","- ",,,MONTEREY,UNINCORPORATED,-121.66368828,36.752169680000002
90027860,2015,2015-10-19,9730,2015-09-28,0840,014584,,1,1,9,2700,0,3,5,,2,003,"SAN BENANCIO RD","HARPER CYN RD",3168.00,S,N,A,-,N,,,,,,,,,,Y,4,0,2,2,A,-,05,21460,A,N,A,C,A,A,H,-,A,D,0,,,,,Y,,A,01,0,0,2,0,0,0,0,0,0,"- ","- ",36.562440000000002,-121.70133,MONTEREY,UNINCORPORATED,-121.7015012,36.563009049999998
90027861,2015,2015-10-19,9730,2015-09-25,1400,018820,,5,2,9,2700,0,1,2,,1,070,"US-101 S/B","DUNBARTON RD.",2112.00,S,N,A,-,Y,,,101,,,,,,S,Y,4,0,1,5,A,-,03,22350,,M,C,C,A,A,H,-,A,D,0,,,,,Y,,D,22,0,0,1,0,0,0,0,0,0,"- ","- ",36.83981,-121.6323,MONTEREY,UNINCORPORATED,-121.63221646,36.839849829999999
90027867,2015,2015-10-19,9730,2015-10-01,1439,019239,,4,2,9,2700,0,3,5,,2,004,"OLD STAGE RD","IVERSON RD",8448.00,S,N,A,-,N,,,,,,,,,,Y,4,0,1,1,A,-,08,22107,,N,E,I,A,A,H,-,A,D,0,,,,,Y,,A,01,0,0,1,0,0,0,0,0,0,"- ","- ",36.536769999999997,-121.46277000000001,MONTEREY,UNINCORPORATED,-121.46295603,36.537336330000002
90027868,2015,2015-11-03,9730,2015-10-01,1708,019239,,4,2,9,2700,0,1,2,,1,050,"US-101 S/B","SPENCE RD",0.00,,Y,A,-,Y,,,,,,,,,,Y,4,0,2,2,A,-,09,21801,A,N,D,C,A,A,H,-,A,D,0,,,,Y,Y,,G,25,0,0,2,0,0,0,0,0,0,"- ","- ",,,MONTEREY,UNINCORPORATED,-121.56711994,36.612690039999997
90027869,2015,2015-10-19,9730,2015-10-01,2325,020896,,4,3,9,2700,0,3,5,,2,005,"PESANTE ROAD","COKER RD",500.00,E,N,A,-,N,,,,,,,,,,Y,2,0,1,1,A,-,01,23152,A,N,E,I,A,A,H,-,D,D,0,,,,,Y,Y,D,22,1,0,0,0,0,0,0,0,0,"- ","- ",36.777700000000003,-121.65376999999999,MONTEREY,UNINCORPORATED,-121.64754501,36.778446109999997
90028588,2015,2015-10-30,9735,2015-09-26,1247,017681,,6,1,9,2700,0,1,2,,1,041,"US-101 NORTHBOUND","BROADWAY AVE",1056.00,N,N,A,-,Y,,,101,,,,,,N,Y,3,0,2,2,A,-,08,22107,,N,E,I,A,A,H,-,A,D,0,,,,,Y,,A,07,0,2,0,0,0,0,0,0,0,"- ","- ",36.201430000000002,-121.14314,MONTEREY,UNINCORPORATED,-121.14313584999999,36.201426259999998
90028669,2015,2015-10-19,9730,2015-09-27,0010,020896,,7,3,6,2708,0,1,2,,1,050,"US-101 SOUTHBOUND","MARKET STREET",1056.00,N,N,A,-,Y,,,101,,,,,,S,Y,3,0,1,1,A,-,08,22107,,N,E,I,A,A,H,-,D,D,0,,,,,Y,Y,A,01,0,1,0,0,0,0,0,0,0,"- ","- ",36.681809999999999,-121.64376,MONTEREY,SALINAS,-121.64361584,36.681981620000002
90028673,2015,2015-10-29,9730,2015-10-02,2330,020916,,5,3,6,2708,0,1,2,,1,050,"US-101 SOUTHBOUND","BORONDA RD.",3696.00,S,N,A,-,Y,,,101,,,,,,S,Y,3,0,1,1,A,-,01,23152,A,N,F,A,A,A,H,-,C,D,0,,,,,Y,Y,D,22,0,1,0,0,0,0,0,0,0,"- ","- ",36.710599999999999,-121.66376,MONTEREY,SALINAS,-121.66370092,36.710572880000001
90028676,2015,2015-10-19,9730,2015-10-02,1917,020576,,5,2,9,2700,0,1,3,,2,062,"SR-1 S/B FROM LIGHT FIGHTER DR.",SR-1,1056.00,W,N,B,-,Y,,,1,,,,R,,S,N,4,0,1,2,A,-,08,22107,,N,B,C,A,A,H,-,C,D,0,,,,,Y,,A,01,0,0,1,0,0,0,0,0,0,"- ","- ",36.645820000000001,-121.81959000000001,MONTEREY,UNINCORPORATED,-121.81959000000001,36.645820000000001
90028677,2015,2015-12-09,9730,2015-10-03,1101,020680,,6,1,9,2700,0,3,5,,2,002,"ROBINSON CANYON RD.","POPLAR CT.",650.00,S,N,B,-,N,,,,,,,,,,N,4,0,1,2,A,-,05,21650,,N,H,G,A,A,H,-,A,D,0,,Y,,,Y,,D,22,0,0,1,0,0,0,1,0,0,"- ","- ",36.503979999999999,-121.8082,MONTEREY,UNINCORPORATED,,
90028684,2015,2015-10-19,9730,2015-10-05,2005,019127,,1,2,9,2700,0,3,5,,2,003,"RIVER RD","CHUALAR RIVER RD",4224.00,N,N,A,-,N,,,,,,,,,,Y,4,0,1,1,A,-,08,22107,,N,E,I,A,A,H,-,D,D,0,,,,,Y,,A,01,0,0,1,0,0,0,0,0,0,"- ","- ",36.562800000000003,-121.56197,MONTEREY,UNINCORPORATED,-121.56115226,36.562578340000002
90028686,2015,2015-10-19,9730,2015-10-08,1215,020391,,4,1,9,2700,0,1,3,,1,072,SR-156,"MONTE DEL LAGO",0.00,,Y,A,-,Y,,,156,,,,,,,N,4,0,1,2,A,-,21,22106,,N,D,C,A,A,H,-,A,D,0,,,,,Y,,A,07,0,0,1,0,0,0,0,0,0,"- ","- ",36.771799999999999,-121.73390000000001,MONTEREY,UNINCORPORATED,-121.73373949,36.771227400000001
90029138,2015,2015-10-19,9735,2015-10-04,0440,019330,,7,3,9,2700,0,1,2,,1,040,"US-101 N/B","HUDSON RD",3168.00,N,N,A,-,Y,,,101,,,,,,N,Y,2,0,1,2,A,-,01,23152,A,N,B,C,A,A,H,-,D,D,0,,,,,Y,Y,A,01,1,0,0,0,0,0,0,0,0,"- ","- ",36.359819999999999,-121.27418,MONTEREY,UNINCORPORATED,-121.27421301,36.359788500000001
90029331,2015,2015-10-19,9730,2015-10-04,0230,020990,,7,3,9,2700,0,1,3,,1,072,"SR-156 WESTBOUND","MERIDIAN ROAD",4224.00,W,N,A,-,Y,,,156,,,,,,W,Y,3,0,1,1,A,-,01,23152,A,N,E,I,A,A,H,-,C,D,0,,,,,Y,Y,A,01,0,1,0,0,0,0,0,0,0,"- ","- ",36.78631,-121.68483000000001,MONTEREY,UNINCORPORATED,-121.68482433,36.786297099999999
90029827,2015,2015-10-19,9730,2015-10-01,0645,013024,,4,1,9,2700,0,3,5,,2,004,"ALISAL ROAD","HARTNELL ROAD",1056.00,N,N,B,-,N,,,,,,,,,,Y,4,0,1,2,A,-,03,22350,,N,C,C,A,B,H,-,B,D,0,,,,Y,Y,,A,01,0,0,1,0,0,0,0,0,0,"- ","- ",,,MONTEREY,UNINCORPORATED,-121.57886584000001,36.647738740000001
90030072,2015,2016-04-13,9730,2015-09-12,0004,020931,,6,3,9,2700,0,3,5,,2,003,"FOLETTA ROAD","ALTA STREET",11088.00,N,N,A,-,N,,,,,,,,,,Y,1,1,1,1,A,-,08,22107,,N,E,I,A,A,H,-,D,D,0,,,,,Y,,A,01,0,1,0,0,0,0,0,0,0,"- ","- ",36.556399999999996,-121.50574,MONTEREY,UNINCORPORATED,-121.46535,36.523139999999998
90030764,2015,2015-10-19,9730,2015-10-04,0915,020417,,7,1,9,2700,0,3,5,,2,007,"PESANTE RD.","COKER RD.",480.00,E,N,A,-,N,,,,,,,,,,N,4,0,1,1,A,-,08,22107,,N,E,I,A,B,H,-,A,D,0,,,,,Y,,A,01,0,0,1,0,0,0,0,0,0,"- ","- ",36.778370000000002,-121.64475,MONTEREY,UNINCORPORATED,-121.64761267,36.778453630000001
90030955,2015,2015-10-19,9730,2015-09-29,1045,014584,,2,1,9,2700,0,2,4,,1,023,"FORD RD","CARMEL VALLEY RD",125.00,N,N,A,-,N,,,,,,,,,,Y,3,0,1,2,A,-,01,23152,A,N,B,E,A,A,H,-,A,D,0,,,,,Y,Y,A,01,0,1,0,0,0,0,0,0,0,"- ","- ",36.48366,-121.73694999999999,MONTEREY,UNINCORPORATED,-121.73732749,36.483589119999998
90030964,2015,2015-10-19,9730,2015-10-01,1010,015160,,4,1,9,2700,0,1,3,,1,068,SR-68,"YORK ROAD",425.00,E,N,B,-,Y,,,,,,,,,,Y,4,0,1,2,A,-,03,22350,,N,C,C,A,B,H,-,A,D,0,,,,,Y,,A,01,0,0,1,0,0,0,0,0,0,"- ","- ",,,MONTEREY,UNINCORPORATED,,
90031302,2015,2015-10-19,9730,2015-10-06,2220,018312,,2,3,9,2700,0,3,5,,2,003,"LAURELES GRADE","STATE ROUTE 68",1584.00,S,N,A,-,N,,,,,,,,,,Y,4,0,1,1,A,-,08,22107,,N,E,I,A,A,H,-,D,D,0,,,,,Y,,A,01,0,0,1,0,0,0,0,0,0,"- ","- ",36.56671,-121.75487,MONTEREY,UNINCORPORATED,,
90031505,2015,2015-10-19,9730,2015-10-07,1529,019239,,3,2,9,2700,0,3,5,,2,007,"ELKHORD RD","WALKER VALLEY RD",5280.00,N,N,A,-,N,,,,,,,,,,Y,4,0,1,2,A,-,01,23152,E,F,A,C,A,A,H,-,A,D,0,,,,,Y,,A,01,0,0,1,0,0,0,0,0,0,"- ","- ",36.821379999999998,-121.73014999999999,MONTEREY,UNINCORPORATED,,
90031734,2015,2015-10-19,9730,2015-10-08,1540,018820,,4,2,6,2708,0,1,2,,1,070,"US-101 S/B","BORONDA RD.",500.00,N,N,A,-,Y,,,101,,,,,,S,Y,4,0,1,1,A,-,08,22107,,N,E,I,A,A,H,-,A,D,0,,,,,Y,,A,01,0,0,1,0,0,0,0,0,0,"- ","- ",36.72343,-121.65952,MONTEREY,SALINAS,-121.65962138,36.72345773
90032319,2015,2015-10-19,9730,2015-10-08,0645,012332,,4,1,9,2700,0,2,4,,1,075,"SAN JUAN RD","PORTER RD",200.00,E,N,B,-,N,,,,,,,,,,N,4,0,1,2,A,-,03,22350,,N,C,C,A,A,H,-,B,D,0,,,,,Y,,A,08,0,0,1,0,0,0,0,0,0,"- ","- ",,,MONTEREY,UNINCORPORATED,-121.74971592999999,36.90451316
90032834,2015,2015-10-19,9735,2015-10-09,0615,017257,,5,1,9,2700,0,3,5,,2,004,"CHOLAME RD","2 MILES SOUTH OF VINEYARD CANYON ROAD",0.00,,Y,A,-,N,,,,,,,,,,Y,3,0,1,1,A,-,08,22107,,N,E,I,A,A,H,-,D,D,0,,,,Y,Y,,F,27,0,1,0,0,0,0,0,0,0,"- ","- ",35.845489999999998,-120.37978,MONTEREY,UNINCORPORATED,,
90032838,2015,2015-10-19,9735,2015-10-09,0650,017257,,5,1,9,2700,0,1,2,,2,042,"CATTLEMEN RD",SR-198,15840.00,S,N,A,-,N,,,,,,,,,,Y,4,0,2,1,A,-,08,22107,,N,F,A,A,A,H,-,B,A,0,,,,,Y,,A,01,0,0,2,0,0,0,0,0,0,"- ","- ",36.10389,-120.87793000000001,MONTEREY,UNINCORPORATED,-120.97496237999999,36.102356729999997
90032971,2015,2015-10-19,9735,2015-10-09,1515,020057,,5,2,9,2700,0,3,5,,2,002,"JOLON RD.","LOCKWOOD-JOLON RD",0.00,,Y,A,-,N,,,,,,,,,,N,4,0,1,1,A,-,03,22350,,N,F,A,A,A,B,-,A,D,0,,,Y,,Y,,C,02,0,0,1,0,0,0,0,0,1,"- ","- ",35.937220000000003,-121.08213000000001,MONTEREY,UNINCORPORATED,-121.17576991,35.971770110000001
90033001,2015,2015-10-19,9735,2015-10-12,1130,018069,,1,1,9,2700,0,1,2,,1,041,"US 101 S/B","TEAGUE AVENUE",2640.00,N,N,A,-,Y,,,,,,,,,,Y,4,0,1,1,A,-,08,22107,,N,E,I,A,A,H,-,A,D,0,,,,,Y,,A,01,0,0,1,0,0,0,0,0,0,"- ","- ",36.269840000000002,-121.18158,MONTEREY,UNINCORPORATED,-121.18102651,36.268612789999999
90033008,2015,2015-10-19,9735,2015-10-04,1720,019894,,7,2,9,2700,0,3,5,,2,001,"PINE CANYON ROAD","MERRITT ST",100.00,S,N,A,-,N,,,,,,,,,,Y,3,0,1,2,A,-,08,22107,,N,F,I,A,A,H,-,A,D,0,,,,,Y,,D,22,0,1,0,0,0,0,0,0,0,"- ","- ",36.183230000000002,-121.15028,MONTEREY,UNINCORPORATED,-121.15051,36.182525480000002
90033150,2015,2015-10-19,9730,2015-08-24,0547,018543,,1,3,9,2700,0,2,4,,1,075,"SAN JUAN ROAD","PORTER DRIVE",0.00,,Y,A,-,N,,,,,,,,,,N,2,0,1,2,D,-,00,,,N,G,G,A,A,H,-,C,A,0,,Y,,,Y,,-,"- ",1,0,0,0,0,0,1,0,0,"- ","- ",,,MONTEREY,UNINCORPORATED,-121.7504,36.904520069999997
90033155,2015,2015-10-19,9730,2015-09-20,1730,020514,,7,2,9,2700,0,1,3,,1,014,SR-1,"MPM 62",60.00,N,N,A,-,Y,,,,,,,,,,Y,4,0,1,2,A,-,05,21460,A,N,D,C,A,A,H,-,A,D,0,,,Y,,Y,,C,02,0,0,1,0,0,0,0,0,1,"- ","- ",36.258789999999998,-121.90031999999999,MONTEREY,UNINCORPORATED,,
90033157,2015,2015-10-19,9730,2015-09-19,1717,020514,,6,2,9,2700,0,1,3,,1,066,SR-183,"HARO ST",0.00,,Y,A,-,Y,,,183,,,,,,,Y,4,0,1,2,A,-,09,21801,A,N,D,C,A,A,H,-,A,D,0,,,,,Y,,D,22,0,0,1,0,0,0,0,0,0,"- ","- ",36.760950000000001,-121.75163000000001,MONTEREY,UNINCORPORATED,-121.75160947000001,36.760976630000002
90033164,2015,2015-10-19,9730,2015-10-03,1500,020514,,6,2,4,2710,0,1,3,,2,062,"SR-1 S/B","TIOGA RD",300.00,S,N,B,-,Y,,,,,,,,,,Y,4,0,3,2,A,-,03,22350,,N,C,C,A,A,H,-,A,D,0,,,,,Y,,A,01,0,0,3,0,0,0,0,0,0,"- ","- ",36.616210000000002,-121.85038,MONTEREY,SEASIDE,-121.84945836,36.617154530000001