CASE_ID,ACCIDENT_YEAR,PROC_DATE,JURIS,COLLISION_DATE,COLLISION_TIME,OFFICER_ID,REPORTING_DISTRICT,DAY_OF_WEEK,CHP_SHIFT,POPULATION,CNTY_CITY_LOC,SPECIAL_COND,BEAT_TYPE,CHP_BEAT_TYPE,CITY_DIVISION_LAPD,CHP_BEAT_CLASS,BEAT_NUMBER,PRIMARY_RD,SECONDARY_RD,DISTANCE,DIRECTION,INTERSECTION,WEATHER_1,WEATHER_2,STATE_HWY_IND,CALTRANS_COUNTY,CALTRANS_DISTRICT,STATE_ROUTE,ROUTE_SUFFIX,POSTMILE_PREFIX,POSTMILE,LOCATION_TYPE,RAMP_INTERSECTION,SIDE_OF_HWY,TOW_AWAY,COLLISION_SEVERITY,NUMBER_KILLED,NUMBER_INJURED,PARTY_COUNT,PRIMARY_COLL_FACTOR,PCF_CODE_OF_VIOL,PCF_VIOL_CATEGORY,PCF_VIOLATION,PCF_VIOL_SUBSECTION,HIT_AND_RUN,TYPE_OF_COLLISION,MVIW,PED_ACTION,ROAD_SURFACE,ROAD_COND_1,ROAD_COND_2,LIGHTING,CONTROL_DEVICE,CHP_ROAD_TYPE,PEDESTRIAN_ACCIDENT,BICYCLE_ACCIDENT,MOTORCYCLE_ACCIDENT,TRUCK_ACCIDENT,NOT_PRIVATE_PROPERTY,ALCOHOL_INVOLVED,STWD_VEHTYPE_AT_FAULT,CHP_VEHTYPE_AT_FAULT,COUNT_SEVERE_INJ,COUNT_VISIBLE_INJ,COUNT_COMPLAINT_PAIN,COUNT_PED_KILLED,COUNT_PED_INJURED,COUNT_BICYCLIST_KILLED,COUNT_BICYCLIST_INJURED,COUNT_MC_KILLED,COUNT_MC_INJURED,PRIMARY_RAMP,SECONDARY_RAMP,LATITUDE,LONGITUDE,COUNTY,CITY,POINT_X,POINT_Y
90033167,2015,2015-10-19,9730,2015-10-05,0725,018543,,1,1,9,2700,0,2,4,,1,073,"SAN JUAN ROAD","PORTER DRIVE",0.00,,Y,A,-,N,,,,,,,,,,Y,4,0,1,3,A,-,03,22350,,M,C,C,A,A,H,-,A,D,0,,,,,Y,,A,01,0,0,1,0,0,0,0,0,0,"- ","- ",,,MONTEREY,UNINCORPORATED,-121.7504,36.904520069999997
90033181,2015,2015-10-19,9730,2015-10-12,1522,020065,,1,2,9,2700,0,1,2,,1,030,"US-101 N/B","MAIN ST. (CHUALAR)",4752.00,S,N,A,-,Y,,,101,,,,,,N,Y,3,0,1,1,C,-,18,,,N,F,I,A,A,H,-,A,D,0,,,,,Y,,-,"- ",0,1,0,0,0,0,0,0,0,"- ","- ",36.559289999999997,-121.50784,MONTEREY,UNINCORPORATED,-121.50785506,36.559274330000001
90033183,2015,2015-10-19,9730,2015-10-12,1247,012332,,1,1,9,2700,0,1,3,,1,072,SR-156,"CASTROVILLE BLVD",2640.00,E,N,A,-,Y,,,,,,,,,,N,3,0,1,2,A,-,09,21804,A,N,D,C,A,A,H,-,A,A,0,,,,,Y,,A,01,0,1,0,0,0,0,0,0,0,"- ","- ",,,MONTEREY,UNINCORPORATED,-121.74243298,36.768476589999999
90033185,2015,2015-10-19,9730,2015-10-12,0540,020391,,1,3,9,2700,0,2,4,,1,023,"CARMEL VALLEY RD","SCHETTER RD",855.00,E,N,A,-,N,,,,,,,,,,Y,4,0,1,2,A,-,08,22107,,N,A,C,A,A,H,-,D,D,0,,,,,Y,,A,01,0,0,1,0,0,0,0,0,0,"- ","- ",36.528300000000002,-121.8185,MONTEREY,UNINCORPORATED,-121.81857939,36.528382489999998
90033194,2015,2015-10-19,9730,2015-10-10,1630,020419,,6,2,9,2700,0,1,2,,1,050,"US-101 NB","AIRPORT BLVD",4000.00,S,N,A,-,Y,,,101,,,,,,N,Y,3,0,3,1,A,-,08,22107,,N,E,I,A,A,H,-,A,D,0,,,,,Y,,A,01,0,1,2,0,0,0,0,0,0,"- ","- ",36.649999999999999,-121.61649,MONTEREY,UNINCORPORATED,-121.61648941,36.650000339999998
90033198,2015,2015-11-24,9730,2015-10-11,0450,020896,,7,3,9,2700,0,1,2,,1,030,"US-101 SOUTHBOUND","5TH STREET O/C",2600.00,S,N,A,-,Y,,,101,,,,,,S,Y,2,0,1,1,A,-,01,23152,A,N,E,I,A,A,H,-,D,D,0,,,,,Y,Y,D,22,1,0,0,0,0,0,0,0,0,"- ","- ",36.506520000000002,-121.43433,MONTEREY,UNINCORPORATED,-121.43431071000001,36.506530079999997
90033457,2015,2015-10-19,9730,2015-10-10,0435,020896,,6,3,9,2700,0,1,3,,1,066,"SR-183 SOUTHBOUND","DEL MONTE AVE",100.00,N,N,A,-,Y,,,183,,,,,,S,Y,3,0,3,2,A,-,01,23152,A,N,A,C,A,A,H,-,D,D,0,,,,,Y,Y,A,01,0,1,2,0,0,0,0,0,0,"- ","- ",36.755119999999998,-121.7439,MONTEREY,UNINCORPORATED,-121.74387148,36.755144119999997
90034098,2015,2015-10-19,9730,2015-10-14,2220,017785,,3,3,9,2700,0,3,5,,2,005,"HARRISON ROAD","SALA ROAD",1056.00,S,N,B,-,N,,,,,,,,,,Y,3,0,1,2,A,-,01,23152,A,N,C,C,A,A,H,-,D,D,0,,,,,Y,Y,A,01,0,1,0,0,0,0,0,0,0,"- ","- ",36.741129999999998,-121.65684,MONTEREY,UNINCORPORATED,-121.65681213000001,36.741546589999999
90035427,2015,2015-10-21,9730,2015-10-02,1835,020208,,5,2,9,2700,0,3,5,,2,006,"BLACKIE ROAD","COMMERCIAL PARKWAY",7234.00,E,N,A,-,N,,,,,,,,,,Y,3,0,1,2,A,-,05,21460,A,N,A,C,A,A,H,-,A,D,0,,,Y,,Y,,C,02,0,1,0,0,0,0,0,0,1,"- ","- ",36.772199999999998,-121.7204,MONTEREY,UNINCORPORATED,-121.72206675,36.770152510000003
90035516,2015,2015-10-21,9730,2015-10-10,0940,020417,,6,1,9,2700,0,1,3,,1,022,SR-1,"S. CARMEL HILLS DR.",0.00,,Y,A,-,Y,,,1,,,,,,,Y,3,0,3,5,A,-,03,22350,,N,C,C,A,A,H,-,A,D,0,,,,,Y,,A,01,0,1,2,0,0,0,0,0,0,"- ","- ",36.54842,-121.90998999999999,MONTEREY,UNINCORPORATED,-121.90997865999999,36.548421900000001
90035540,2015,2015-10-21,9730,2015-10-13,1640,020065,,2,2,9,2700,0,1,3,,1,024,"SR-68 (HOLMAN HIGHWAY)",SR-1,520.00,W,N,A,-,Y,,,68,,,,,,,N,4,0,2,3,A,-,03,22350,,N,C,C,A,A,H,-,A,D,0,,,,,Y,,E,22,0,0,2,0,0,0,0,0,0,"- ","- ",36.575940000000003,-121.91363,MONTEREY,UNINCORPORATED,-121.91357705,36.575994270000002
90035567,2015,2015-10-21,9730,2015-10-15,1120,017184,,4,1,9,2700,0,1,3,,1,012,SR-1,"SALMON CREEK",2640.00,S,N,B,-,Y,,,,,,,,,,N,3,0,1,1,A,-,03,22350,,N,F,A,A,A,H,-,A,D,0,,Y,,,Y,,L,04,0,1,0,0,0,0,1,0,0,"- ","- ",,,MONTEREY,UNINCORPORATED,-121.36629757999999,35.812733799999997
90035572,2015,2015-10-21,9730,2015-10-15,0815,017502,,4,1,4,2706,0,1,3,,2,062,"FREMONT STREET O/R TO NB-1","AGUAJITO ROAD",0.00,,N,B,-,Y,,,,,,,,,,Y,4,0,1,2,A,-,03,22350,,N,C,C,A,A,H,-,A,D,0,,,,,Y,,D,22,0,0,1,0,0,0,0,0,0,"- ","- ",,,MONTEREY,MONTEREY,,
90035649,2015,2015-10-21,9730,2015-10-15,1930,019700,,4,2,9,2700,0,1,3,,1,066,"MERRITT STREET (SR-156)","OAK STREET",400.00,N,N,A,-,Y,,,,,,,,,,N,4,0,2,3,A,-,03,22350,,N,C,C,A,A,H,-,C,D,0,,,,,Y,,A,01,0,0,2,0,0,0,0,0,0,"- ","- ",36.452970000000001,-121.44526999999999,MONTEREY,UNINCORPORATED,-121.74793450999999,36.758264529999998
90035703,2015,2015-10-21,9730,2015-10-16,1810,018820,,5,2,6,2708,0,1,2,,1,070,"US-101 S/B","BORONDA RD.",528.00,N,N,A,-,Y,,,101,,,,,,S,N,3,0,2,3,A,-,03,22350,,N,C,C,A,A,H,-,A,D,0,,,,Y,Y,,A,01,0,1,1,0,0,0,0,0,0,"- ","- ",36.724559999999997,-121.6592,MONTEREY,SALINAS,-121.65931154,36.724590509999999
90035738,2015,2015-10-21,9730,2015-10-20,0950,017502,,2,1,9,2700,0,1,3,,1,068,SR-68,"YORK ROAD",120.00,E,N,A,-,Y,,,,,,,,,,Y,4,0,1,3,A,-,03,22350,,N,C,C,A,A,H,-,A,D,0,,,,,Y,,D,22,0,0,1,0,0,0,0,0,0,"- ","- ",,,MONTEREY,UNINCORPORATED,,
90035809,2015,2015-10-29,9730,2015-10-16,0730,018179,,5,1,9,2700,0,1,3,,1,068,SR-68,"CORRAL DE TIERRA ROAD",528.00,W,N,A,-,Y,,,,,,,,,,Y,3,0,1,2,A,-,03,22350,,N,C,C,A,A,H,-,A,D,0,,,,,Y,,D,22,0,1,0,0,0,0,0,0,0,"- ","- ",,,MONTEREY,UNINCORPORATED,,
90035849,2015,2015-10-21,9730,2015-10-18,1600,020621,,7,2,9,2700,0,1,3,,1,072,SR-156,"CASTROVILLE BLVD",400.00,E,N,A,-,Y,,,156,,,,,,,Y,4,0,1,2,A,-,03,22350,,N,C,C,A,A,H,-,A,D,0,,,,,Y,,A,01,0,0,1,0,0,0,0,0,0,"- ","- ",36.768700000000003,-121.7419,MONTEREY,UNINCORPORATED,-121.74188599,36.768648210000002
90035860,2015,2015-10-21,9730,2015-10-19,0715,017502,,1,1,9,2700,0,1,3,,1,068,SR-68,"LAURELES GRADE",1584.00,W,N,B,-,Y,,,,,,,,,,Y,4,0,2,2,A,-,09,21801,A,N,B,C,A,B,H,-,A,D,0,,,,,Y,,A,01,0,0,2,0,0,0,0,0,0,"- ","- ",,,MONTEREY,UNINCORPORATED,,
90036356,2015,2015-10-22,9730,2015-10-17,1940,020065,,6,2,9,2700,0,3,5,,2,004,"ALISAL ROAD","OLD STAGE ROAD",1267.00,N,N,B,-,N,,,,,,,,,,Y,3,0,6,2,A,-,09,21802,A,N,D,C,A,A,H,-,D,D,0,,,,,Y,,A,01,0,3,3,0,0,0,0,0,0,"- ","- ",36.632309999999997,-121.54677,MONTEREY,UNINCORPORATED,-121.54668313000001,36.632263989999998
90036402,2015,2015-10-22,9735,2015-10-16,0535,016696,,5,3,9,2700,0,1,2,,1,040,"US 101 S/B","MAJOR FARMS ROAD",0.00,,Y,A,-,Y,,,,,,,,,,Y,3,0,5,2,A,-,09,21801,A,N,D,C,A,A,H,-,D,D,0,,,,,Y,,A,01,0,1,4,0,0,0,0,0,0,"- ","- ",,,MONTEREY,UNINCORPORATED,,
90036628,2015,2015-10-22,9730,2015-10-21,0750,017502,,3,1,4,2710,0,1,3,,2,062,SR-1,"FREMONT BLVD U/C",400.00,N,N,A,-,Y,,,,,,,,,,Y,4,0,1,3,A,-,03,22350,,N,C,C,A,A,H,-,A,D,0,,,,,Y,,D,22,0,0,1,0,0,0,0,0,0,"- ","- ",36.621569999999998,-121.84591,MONTEREY,SEASIDE,,
90037622,2015,2015-10-26,9730,2015-10-17,2305,020896,,6,3,9,2700,0,3,5,,2,005,"SAN JUAN GRADE ROAD","CRAZY HORSE CANYON ROAD",0.00,,Y,A,-,N,,,,,,,,,,Y,3,0,1,1,A,-,01,23152,A,N,E,I,A,A,H,-,D,A,0,,,,,Y,Y,A,01,0,1,0,0,0,0,0,0,0,"- ","- ",36.77449,-121.59983,MONTEREY,UNINCORPORATED,-121.60336997,36.773490010000003
90037625,2015,2015-10-26,9730,2015-10-21,0814,020621,,3,1,9,2700,0,3,5,,2,005,"PENZANCE STREE","ONYX CT",100.00,E,N,A,F,N,,,,,,,,,,N,2,0,1,2,A,-,03,22350,,N,G,B,D,A,H,-,A,D,0,Y,,,,Y,,A,01,1,0,0,0,1,0,0,0,0,"- ","- ",36.729010000000002,-121.63269,MONTEREY,UNINCORPORATED,,
90037635,2015,2015-10-26,9730,2015-10-22,1630,019529,,4,2,9,2700,0,1,3,,2,062,"STATE ROUTE 1 SOUTHBOUND","LIGHTFIGHTER DRIVE",950.00,S,N,A,-,Y,,,,,,,,,,Y,4,0,1,2,A,-,07,21658,A,N,B,C,A,A,H,-,A,D,0,,,,,Y,,A,01,0,0,1,0,0,0,0,0,0,"- ","- ",,,MONTEREY,UNINCORPORATED,-121.81765301,36.645480810000002
90038767,2015,2015-10-27,9730,2015-10-17,1556,019981,,6,2,9,2700,0,2,4,,1,023,"CARMEL VALLEY ROAD","COUNTRY CLUB ROAD",58.00,W,N,A,-,N,,,,,,,,,,Y,4,0,1,1,A,-,08,22107,,N,E,I,A,A,H,-,A,D,0,,,,,Y,,A,07,0,0,1,0,0,0,0,0,0,"- ","- ",,,MONTEREY,UNINCORPORATED,-121.74441037,36.491365930000001
90038824,2015,2015-10-27,9730,2015-10-18,0155,021009,,7,3,9,2700,0,1,3,,1,074,"SR-1 SOUTHBOUND TO NASHUA ROAD","NASHUA ROAD",600.00,S,N,A,-,Y,,,1,,,,R,,S,Y,4,0,1,1,A,-,01,23152,A,N,F,A,A,A,H,-,D,D,0,,,,,Y,Y,A,07,0,0,1,0,0,0,0,0,0,"- ","- ",36.745440000000002,-121.77248,MONTEREY,UNINCORPORATED,-121.77248,36.745440000000002
90038849,2015,2015-10-27,9730,2015-10-22,1435,018820,,4,2,9,2700,0,3,5,,2,006,"BLACKIE RD.","BORROMEO DRIVE",65.00,E,N,A,-,N,,,,,,,,,,Y,3,0,3,2,A,-,09,21804,A,N,D,C,A,A,H,-,A,D,0,,,,,Y,,A,01,0,1,2,0,0,0,0,0,0,"- ","- ",36.775390000000002,-121.67319000000001,MONTEREY,UNINCORPORATED,-121.67313064,36.775321470000002
90039014,2015,2015-10-27,9730,2015-10-24,1900,020419,,6,2,9,2700,0,1,3,,1,072,SR-156,"CATHERDRAL OAK RD",3000.00,E,N,A,-,Y,,,156,,,,,,,Y,4,0,1,3,A,-,03,22350,,N,C,C,A,A,H,-,D,D,0,,,,,Y,,D,22,0,0,1,0,0,0,0,0,0,"- ","- ",36.778370000000002,-121.70865000000001,MONTEREY,UNINCORPORATED,-121.70866699,36.778429109999998
90039202,2015,2015-10-27,9730,2015-10-26,1850,019529,,1,2,9,2700,0,1,3,,2,062,"STATE ROUTE 1 NORTHBOUND","LIGHTFIGHTER DR.",400.00,S,N,A,-,Y,,,,,,,,,,Y,4,0,1,2,A,-,08,22107,,N,B,C,A,A,H,-,D,D,0,,,,,Y,,A,07,0,0,1,0,0,0,0,0,0,"- ","- ",,,MONTEREY,UNINCORPORATED,-121.81595737000001,36.646543170000001
90039412,2015,2015-10-29,9730,2015-10-26,2004,020903,,1,2,4,2706,0,1,3,,2,062,"SR-1 S/B O/R TO FREEMONT ST","AGUAJITO ROAD",15.00,E,N,A,-,Y,,,,,,,,,,N,4,0,1,2,A,-,03,22350,,N,C,C,A,A,H,-,C,A,0,,,,,Y,,A,01,0,0,1,0,0,0,0,0,0,"- ","- ",36.593769999999999,-121.8824,MONTEREY,MONTEREY,,
90039477,2015,2015-10-29,9735,2015-10-26,0745,017292,,1,1,9,2700,0,1,2,,2,043,"US-101 N/B","LOCKWOOD-SAN LUCAS ROAD",500.00,S,N,A,-,Y,,,101,,,,,,N,Y,2,0,1,1,A,-,08,22107,,N,E,I,A,A,H,-,A,D,0,,,,,Y,,A,07,1,0,0,0,0,0,0,0,0,"- ","- ",36.103650000000002,-121.02455,MONTEREY,UNINCORPORATED,-121.02448191000001,36.10361434
90039907,2015,2015-10-29,9730,2015-10-25,0323,020576,,7,3,9,2700,0,1,3,,1,068,SR-68,"TORERO DR.",1056.00,E,N,A,-,Y,,,68,,,,,,,Y,3,0,1,1,A,-,01,23152,A,N,F,A,A,A,H,-,D,D,0,,,,,Y,Y,A,01,0,1,0,0,0,0,0,0,0,"- ","- ",36.594839999999998,-121.70302,MONTEREY,UNINCORPORATED,-121.70289527,36.59464036
90039943,2015,2015-10-29,9730,2015-10-21,1440,019529,,3,2,9,2700,0,1,3,,2,062,"STATE ROUTE 1 NORTHBOUND","MUNRAS AVE.",150.00,S,N,A,-,Y,,,,,,,,,,Y,3,0,2,3,A,-,03,22350,,N,C,C,A,A,H,-,A,D,0,,,,,Y,,A,01,0,1,1,0,0,0,0,0,0,"- ","- ",,,MONTEREY,UNINCORPORATED,,
90039956,2015,2015-10-29,9730,2015-10-27,0845,017502,,2,1,1,2709,0,1,3,,2,062,SR-1,"SR-218 U/C",1056.00,N,N,B,-,Y,,,,,,,,,,Y,4,0,1,2,A,-,03,22350,,N,C,C,A,A,H,-,A,D,0,,,,,Y,,A,01,0,0,1,0,0,0,0,0,0,"- ","- ",,,MONTEREY,"SAND CITY",,
90040761,2015,2015-10-29,9730,2015-10-26,0801,012332,,1,1,9,2700,0,3,5,,2,007,"TARPEY RD","SAN JUAN RD",3960.00,S,N,A,-,N,,,,,,,,,,Y,3,0,1,1,A,-,08,22107,,N,E,J,A,A,H,-,A,D,0,,,,,Y,,A,01,0,1,0,0,0,0,0,0,0,"- ","- ",,,MONTEREY,UNINCORPORATED,-121.68032801,36.865102839999999
90041923,2015,2015-10-30,9735,2015-09-26,1418,020057,,6,2,3,2704,0,2,S,,2,901,"WALNUT AVE.","3RD ST.",0.00,,Y,A,-,N,,,,,,,,,,Y,4,0,2,2,B,-,22,,,N,D,C,A,A,H,-,A,A,0,,,,,Y,,-,98,0,0,2,0,0,0,0,0,0,"- ","- ",36.331940000000003,-121.23927999999999,MONTEREY,GREENFIELD,-121.23926992,36.331960109999997
90043148,2015,2015-11-03,9730,2015-10-26,0403,020990,,1,3,9,2700,0,2,4,,1,073,"SAN MIGUEL CANYON ROAD","LANGLEY CANYON ROAD",262.00,W,N,A,-,N,,,,,,,,,,Y,3,0,1,1,A,-,01,23152,A,N,E,I,A,A,H,-,D,D,0,,,,,Y,Y,A,01,0,1,0,0,0,0,0,0,0,"- ","- ",36.806249999999999,-121.66907,MONTEREY,UNINCORPORATED,-121.66814051999999,36.805138589999999
90043169,2015,2015-11-03,9730,2015-10-12,2014,019700,,1,2,9,2700,0,2,4,,1,073,"HALL ROAD","LAS LOMAS DRIVE",15.00,W,N,A,-,N,,,,,,,,,,Y,4,0,2,2,A,-,01,23152,A,M,C,C,A,A,H,-,C,A,0,,,,,Y,Y,A,01,0,0,2,0,0,0,0,0,0,"- ","- ",,,MONTEREY,UNINCORPORATED,-121.73372707999999,36.865276340000001
90043414,2015,2015-11-11,9730,2015-10-23,1600,020896,,5,2,6,2708,0,3,5,,2,003,"SPRECKELS BLVD","LLANO AVE",230.00,W,N,A,-,N,,,,,,,,,,Y,4,0,1,3,A,-,08,22107,,N,D,C,A,A,H,-,A,D,0,,,,,Y,,A,07,0,0,1,0,0,0,0,0,0,"- ","- ",36.623390000000001,-121.6498,MONTEREY,SALINAS,-121.64975423999999,36.6233504
90043464,2015,2015-11-03,9730,2015-10-23,1515,020981,,5,2,9,2700,0,3,5,,2,002,"HIGHLAND DRIVE","FERN CANYON ROAD",100.00,W,N,A,-,N,,,,,,,,,,N,2,0,1,1,A,-,03,22350,,N,F,A,A,A,H,-,A,D,0,,,Y,,Y,,C,02,1,0,0,0,0,0,0,0,1,"- ","- ",36.50103,-121.93734000000001,MONTEREY,UNINCORPORATED,-121.93713,36.501784909999998
90043470,2015,2015-11-03,9730,2015-10-24,0720,018350,,6,1,6,2708,0,1,2,,1,050,"US-101 S/B","SHERWOOD DRIVE",1100.00,S,N,A,-,Y,,,,,,,,,,Y,4,0,2,1,A,-,08,22107,,N,E,I,A,A,H,-,A,D,0,,,,,Y,,A,01,0,0,2,0,0,0,0,0,0,"- ","- ",,,MONTEREY,SALINAS,-121.64530239,36.683085380000001
90043548,2015,2015-11-03,9730,2015-10-25,1035,016537,,7,1,9,2700,0,3,5,,2,002,"LAURELES GRADE","RINCONADA RD.",80.00,S,N,A,-,N,,,,,,,,,,Y,4,0,1,1,C,-,18,,,N,A,H,A,A,H,-,A,D,0,,,,,Y,,-,"- ",0,0,1,0,0,0,0,0,0,"- ","- ",36.53819,-121.75288,MONTEREY,UNINCORPORATED,-121.75263572999999,36.53797814
90043863,2015,2015-11-03,9730,2015-10-30,1708,019700,,5,2,9,2700,0,1,3,,1,066,"MERRITT STREET","OAK STREET",300.00,N,N,A,-,Y,,,,,,,,,,Y,4,0,2,3,A,-,03,22350,,N,C,C,A,A,H,-,A,D,0,,,,,Y,,D,22,0,0,2,0,0,0,0,0,0,"- ","- ",36.452919999999999,-121.4452,MONTEREY,UNINCORPORATED,-121.74768338,36.758078400000002
90044303,2015,2015-11-04,9730,2015-10-25,1520,020896,,7,2,9,2700,0,3,5,,2,003,"RIVER ROAD","848 RIVER RD PVT DRV WAY",60.00,S,N,A,-,N,,,,,,,,,,N,3,0,1,1,A,-,08,22107,,N,E,I,A,A,B,-,A,D,0,,,Y,,Y,,C,02,0,1,0,0,0,0,0,0,1,"- ","- ",36.557879999999997,-121.56448,MONTEREY,UNINCORPORATED,,
90044441,2015,2015-11-04,9730,2015-10-24,2048,020576,,6,2,9,2700,0,2,4,,1,023,"LAURELES GRADE","CARMEL VALLEY ROAD",0.00,,Y,A,-,N,,,,,,,,,,Y,3,0,3,2,A,-,12,22450,A,N,D,C,A,A,H,-,D,A,0,,,,,Y,Y,A,01,0,1,2,0,0,0,0,0,0,"- ","- ",36.500920000000001,-121.75663,MONTEREY,UNINCORPORATED,-121.75655988,36.500920100000002
90044682,2015,2015-11-04,9735,2015-11-01,0645,017681,,7,1,9,2700,0,1,2,,1,041,"US-101 NORTHBOUND","TEAGUE AVENUE",2640.00,S,N,E,-,Y,,,101,,,,,,N,Y,2,0,4,1,A,-,08,22107,,N,F,A,A,A,H,-,A,D,0,,,,,Y,,A,01,2,0,2,0,0,0,0,0,0,"- ","- ",36.253230000000002,-121.17666,MONTEREY,UNINCORPORATED,-121.17670409999999,36.25321091
90044778,2015,2015-11-04,9735,2015-11-02,1945,019486,,1,2,9,2700,0,1,2,,1,040,"U/S 101 SOUTHBOUND","SALINAS RIVER BRIDGE",325.00,S,N,B,-,N,,,,,,,,,,Y,4,0,1,2,A,-,03,22350,,N,C,C,A,A,H,-,D,D,0,,,,,Y,,A,01,0,0,1,0,0,0,0,0,0,"- ","- ",36.407080000000001,-121.31865999999999,MONTEREY,UNINCORPORATED,,
90045285,2015,2015-11-05,9735,2015-11-02,1940,019486,,1,2,9,2700,0,1,2,,1,040,"U/S 101 SOUTHBOUND","SALINAS RIVER BRIDGE",320.00,S,N,B,-,N,,,,,,,,,,Y,2,0,1,1,A,-,08,22107,,N,E,I,A,A,H,-,D,D,0,,,,,Y,,A,01,1,0,0,0,0,0,0,0,0,"- ","- ",36.407080000000001,-121.31865999999999,MONTEREY,UNINCORPORATED,,
90045487,2015,2015-11-05,9730,2015-11-02,0340,020903,,1,3,9,2700,0,1,2,,1,050,"US 101 N/B","AIRPORT BLVD",2640.00,S,N,C,-,Y,,,,,,,,,,Y,4,0,1,1,A,-,08,22107,,N,E,I,A,B,H,-,D,D,0,,,,,Y,,A,01,0,0,1,0,0,0,0,0,0,"- ","- ",36.647889999999997,-121.61490000000001,MONTEREY,UNINCORPORATED,-121.61899643,36.654280360000001
90045542,2015,2015-11-05,9730,2015-09-02,1705,017803,,3,2,9,2700,0,3,5,,2,003,"RIVER ROAD","CHUALAR RIVER ROAD",6864.00,N,N,A,-,N,,,,,,,,,,Y,1,1,2,2,A,-,08,22107,,N,D,C,A,A,H,-,A,D,0,,,,,Y,,A,01,1,1,0,0,0,0,0,0,0,"- ","- ",36.567030000000003,-121.26745,MONTEREY,UNINCORPORATED,-121.56779176000001,36.567201390000001
90045649,2015,2015-11-05,9730,2015-09-15,2305,019100,,2,3,9,2700,0,1,3,,1,066,"STATE ROUTE 183","ESPINOSA RD",1300.00,S,N,A,-,Y,,,183,,,,,,,Y,1,1,0,2,A,-,11,21954,A,N,G,B,E,A,H,-,D,D,0,Y,,,,Y,,N,60,0,0,0,1,0,0,0,0,0,"- ","- ",36.741500000000002,-121.73938,MONTEREY,UNINCORPORATED,-121.7391883,36.741558140000002
90046197,2015,2015-11-06,9735,2015-11-05,1845,020168,,4,2,3,2705,0,1,2,,1,041,"US-101 S/B TO CANAL ST","CANAL ST",0.00,,Y,A,-,Y,,,101,,,,R,,S,N,4,0,1,2,A,-,03,22350,,N,C,C,A,A,H,-,C,A,0,,,,,Y,,A,01,0,0,1,0,0,0,0,0,0,"- ","- ",36.20288,-121.12945000000001,MONTEREY,"KING CITY",-121.12945000000001,36.20288
90046265,2015,2015-11-06,9735,2015-10-31,1057,020057,,6,1,9,2700,0,1,2,,2,043,"US-101 S/B","PARIS VALLEY RD. O/C",3168.00,S,N,A,-,Y,,,101,,,,,,S,Y,2,0,2,1,A,-,01,23152,A,N,E,J,A,A,H,-,A,D,0,,,,,Y,Y,A,01,1,1,0,0,0,0,0,0,0,"- ","- ",36.068469999999998,-120.9877,MONTEREY,UNINCORPORATED,-120.98754964,36.068632100000002
90047462,2015,2015-11-10,9730,2015-10-23,1129,018543,,5,1,9,2700,0,3,5,,2,001,SR-1,"SAN LUIS AVENUE",20.00,S,N,A,-,Y,,,,,,,,,,Y,3,0,3,3,A,-,05,21460,A,N,A,C,A,A,H,-,A,D,0,,,,,Y,,A,01,0,1,2,0,0,0,0,0,0,"- ","- ",,,MONTEREY,UNINCORPORATED,-121.91291498,36.567145199999999
90047464,2015,2015-11-10,9730,2015-10-26,1913,019981,,1,2,9,2700,0,2,4,,1,075,"SAN JUAN ROAD","SAN MIGUEL CANYON ROAD",74.00,E,N,A,-,N,,,,,,,,,,Y,4,0,1,3,A,-,03,22350,,N,C,C,A,A,H,-,C,D,0,,,,Y,Y,,G,25,0,0,1,0,0,0,0,0,0,"- ","- ",,,MONTEREY,UNINCORPORATED,-121.69034677,36.899980999999997
90047470,2015,2015-11-10,9730,2015-11-02,0700,020701,,1,1,9,2700,0,1,2,,1,070,"US 101 NB","TUSTIN ROAD",1140.00,N,N,C,-,Y,,,,,,,,,,Y,4,0,1,1,A,-,08,22107,,N,E,I,A,B,H,-,A,D,0,,,,,Y,,D,22,0,0,1,0,0,0,0,0,0,"- ","- ",36.806229999999999,-121.64875000000001,MONTEREY,UNINCORPORATED,-121.64907230999999,36.806238229999998
90047471,2015,2015-11-10,9730,2015-11-04,1230,019529,,3,1,9,2700,0,1,3,,1,072,"STATE ROUTE 156","PRUNEDALE NORTH ROAD",528.00,W,N,A,-,Y,,,,,,,,,,Y,3,0,1,2,A,-,01,23152,A,N,D,C,A,A,H,-,A,D,0,,,,Y,Y,Y,A,07,0,1,0,0,0,0,0,0,0,"- ","- ",,,MONTEREY,UNINCORPORATED,-121.67005396,36.788789209999997
90047474,2015,2015-11-10,9730,2015-10-25,1050,018543,,7,1,9,2700,0,3,5,,2,007,"COOPER STREET","SR-183 (MERRITT ST.)",50.00,E,N,A,-,N,,,,,,,,,,Y,3,0,1,3,A,-,08,22107,,N,E,I,A,A,H,-,A,A,0,,,,,Y,,A,08,0,1,0,0,0,0,0,0,0,"- ","- ",36.768070000000002,-121.76102,MONTEREY,UNINCORPORATED,,
90048472,2015,2015-11-11,9730,2015-11-02,1550,019239,,1,2,9,2700,0,3,5,,2,003,"ALTA STREET","FOLETTA ROAD",200.00,S,N,B,-,N,,,,,,,,,,Y,4,0,2,2,A,-,09,21804,A,N,D,C,A,A,H,-,A,D,0,,,,,Y,,A,01,0,0,2,0,0,0,0,0,0,"- ","- ",36.522950000000002,-121.46526,MONTEREY,UNINCORPORATED,-121.46545039,36.523218270000001