CASE_ID,ACCIDENT_YEAR,PROC_DATE,JURIS,COLLISION_DATE,COLLISION_TIME,OFFICER_ID,REPORTING_DISTRICT,DAY_OF_WEEK,CHP_SHIFT,POPULATION,CNTY_CITY_LOC,SPECIAL_COND,BEAT_TYPE,CHP_BEAT_TYPE,CITY_DIVISION_LAPD,CHP_BEAT_CLASS,BEAT_NUMBER,PRIMARY_RD,SECONDARY_RD,DISTANCE,DIRECTION,INTERSECTION,WEATHER_1,WEATHER_2,STATE_HWY_IND,CALTRANS_COUNTY,CALTRANS_DISTRICT,STATE_ROUTE,ROUTE_SUFFIX,POSTMILE_PREFIX,POSTMILE,LOCATION_TYPE,RAMP_INTERSECTION,SIDE_OF_HWY,TOW_AWAY,COLLISION_SEVERITY,NUMBER_KILLED,NUMBER_INJURED,PARTY_COUNT,PRIMARY_COLL_FACTOR,PCF_CODE_OF_VIOL,PCF_VIOL_CATEGORY,PCF_VIOLATION,PCF_VIOL_SUBSECTION,HIT_AND_RUN,TYPE_OF_COLLISION,MVIW,PED_ACTION,ROAD_SURFACE,ROAD_COND_1,ROAD_COND_2,LIGHTING,CONTROL_DEVICE,CHP_ROAD_TYPE,PEDESTRIAN_ACCIDENT,BICYCLE_ACCIDENT,MOTORCYCLE_ACCIDENT,TRUCK_ACCIDENT,NOT_PRIVATE_PROPERTY,ALCOHOL_INVOLVED,STWD_VEHTYPE_AT_FAULT,CHP_VEHTYPE_AT_FAULT,COUNT_SEVERE_INJ,COUNT_VISIBLE_INJ,COUNT_COMPLAINT_PAIN,COUNT_PED_KILLED,COUNT_PED_INJURED,COUNT_BICYCLIST_KILLED,COUNT_BICYCLIST_INJURED,COUNT_MC_KILLED,COUNT_MC_INJURED,PRIMARY_RAMP,SECONDARY_RAMP,LATITUDE,LONGITUDE,COUNTY,CITY,POINT_X,POINT_Y
90048481,2015,2015-11-11,9730,2015-09-14,0825,018543,,1,1,9,2700,0,2,4,,1,075,"SAN JUAN ROAD","SALINAS ROAD",0.00,,Y,A,-,N,,,,,,,,,,Y,4,0,1,2,A,-,03,22350,,N,C,C,A,A,H,-,A,A,0,,,,Y,Y,,G,25,0,0,1,0,0,0,0,0,0,"- ","- ",36.904449999999997,-121.74845000000001,MONTEREY,UNINCORPORATED,-121.74844997,36.904490060000001
90049081,2015,2015-11-12,9730,2015-10-28,0950,014584,,3,1,9,2700,0,3,5,,2,006,"RESERVATION RD","DAVIS RD",3168.00,S,N,A,-,N,,,,,,,,,,N,3,0,1,2,A,-,03,22350,,N,A,C,A,A,H,-,A,D,0,,,,Y,Y,,A,01,0,1,0,0,0,0,0,0,0,"- ","- ",36.63447,-121.69916000000001,MONTEREY,UNINCORPORATED,-121.70768,36.638280000000002
90049820,2015,2015-11-12,9730,2015-11-03,1357,012332,,2,1,9,2700,0,3,5,,2,007,"TARPEY RD","MAHER RD",528.00,E,N,A,-,N,,,,,,,,,,Y,4,0,1,4,A,-,03,22350,,N,C,C,A,A,H,-,A,D,0,,,,,Y,,A,07,0,0,1,0,0,0,0,0,0,"- ","- ",,,MONTEREY,UNINCORPORATED,-121.68526369,36.8611833
90049937,2015,2015-12-07,9730,2015-11-07,1210,019529,,6,1,9,2700,0,1,3,,1,022,"STATE ROUTE 1","MALPASO CREEK BRIDGE",1056.00,S,N,A,-,Y,,,1,,,,,,,N,2,0,1,2,A,-,09,21804,A,N,H,G,A,A,H,-,A,D,0,,Y,,,Y,,L,04,1,0,0,0,0,0,1,0,0,"- ","- ",36.476869999999998,-121.93601,MONTEREY,UNINCORPORATED,-121.93608101,36.476857709999997
90049955,2015,2015-11-12,9730,2015-11-02,0748,018179,,1,1,9,2700,0,1,2,,1,070,"US-101 NORTHBOUND","PRUNEDALE SOUTH ROAD",1200.00,S,N,C,-,Y,,,,,,,,,,Y,4,0,1,4,A,-,03,22350,,N,C,C,E,B,H,-,A,D,0,Y,,,,Y,,A,07,0,0,1,0,1,0,0,0,0,"- ","- ",,,MONTEREY,UNINCORPORATED,-121.66822707,36.766469700000002
90050029,2015,2015-11-12,9735,2015-10-25,1605,018069,,7,2,9,2700,0,1,2,,1,041,"US-101 N/B","CENTRAL AVENUE",1584.00,S,N,A,-,Y,,,101,,,,,,N,Y,3,0,1,1,A,-,08,22107,,N,F,A,A,A,H,-,A,A,0,,,,,Y,,A,07,0,1,0,0,0,0,0,0,0,"- ","- ",36.225490000000001,-121.17112,MONTEREY,UNINCORPORATED,-121.17114825,36.225471839999997
90050036,2015,2015-11-12,9730,2015-10-27,1515,019529,,2,2,9,2700,0,1,3,,1,022,"STATE ROUTE 1 SOUTHBOUND","SAN LUIS AVE.",500.00,S,N,A,-,Y,,,,,,,,,,Y,4,0,1,2,A,-,03,22350,,N,C,C,A,A,H,-,A,D,0,,,,,Y,,A,01,0,0,1,0,0,0,0,0,0,"- ","- ",,,MONTEREY,UNINCORPORATED,-121.91293433,36.566871659999997
90050081,2015,2015-11-12,9730,2015-10-14,1410,014584,,3,2,9,2700,0,1,2,,1,030,"US-101 SOUTHBOUND","ESPERANZA RD",1584.00,S,N,A,-,Y,,,101,,,,,,S,Y,3,0,1,2,A,-,03,22350,,N,C,C,A,A,D,-,A,D,0,,,,,Y,,A,01,0,1,0,0,0,0,0,0,0,"- ","- ",36.625590000000003,-121.58365999999999,MONTEREY,UNINCORPORATED,-121.58405426,36.625052920000002
90050104,2015,2015-11-13,9730,2015-11-04,0810,017502,,3,1,9,2700,0,1,3,,1,068,SR-68,"SAN BENANCIO ROAD",1056.00,W,N,A,-,Y,,,,,,,,,,Y,3,0,1,2,A,-,03,22350,,N,C,C,A,A,H,-,A,D,0,,,,,Y,,A,01,0,1,0,0,0,0,0,0,0,"- ","- ",,,MONTEREY,UNINCORPORATED,,
90050107,2015,2015-11-13,9730,2015-11-04,1029,012332,,3,1,9,2700,0,1,3,,1,068,SR-68,"TORERO DR",126.00,W,N,A,-,Y,,,,,,,,,,Y,3,0,1,1,A,-,08,22107,,N,F,A,A,A,H,-,A,D,0,,,,,Y,,D,22,0,1,0,0,0,0,0,0,0,"- ","- ",,,MONTEREY,UNINCORPORATED,,
90050110,2015,2015-11-13,9730,2015-11-05,1415,020419,,4,2,9,2700,0,1,3,,2,062,"SR-1 S/B","IMJIN PKWY",1250.00,S,N,A,-,Y,,,1,,,,,,S,Y,4,0,1,2,A,-,08,22107,,N,E,I,A,A,H,-,A,D,0,,,,,Y,,A,01,0,0,1,0,0,0,0,0,0,"- ","- ",36.666510000000002,-121.81488,MONTEREY,UNINCORPORATED,-121.81491843000001,36.666532760000003
90050117,2015,2015-11-13,9730,2015-11-05,1429,019239,,4,2,9,2700,0,2,4,,1,073,"HALL RD","PINI RD",100.00,W,N,A,-,N,,,,,,,,,,N,4,0,1,2,A,-,03,22350,,N,C,C,A,A,H,-,A,D,0,,,,,Y,,A,08,0,0,1,0,0,0,0,0,0,"- ","- ",36.864080000000001,-121.71807,MONTEREY,UNINCORPORATED,-121.7170819,36.864119129999999
90050127,2015,2015-11-13,9730,2015-11-05,1753,019239,,4,2,9,2700,0,2,4,,1,073,"ELKHORN RD","HALL RD",0.00,,Y,A,-,N,,,,,,,,,,N,4,0,1,2,A,-,08,22107,,F,D,C,A,A,H,-,D,D,0,,,,,Y,,D,22,0,0,1,0,0,0,0,0,0,"- ","- ",,,MONTEREY,UNINCORPORATED,-121.74368986,36.868560090000003
90050134,2015,2015-11-13,9730,2015-11-05,2043,019239,,4,2,9,2700,0,2,4,,1,073,"SAN MIGUEL CANYON RD","CASTROVILLE BLVD",0.00,,Y,A,-,N,,,,,,,,,,Y,4,0,2,2,A,-,12,22450,A,N,D,C,A,A,H,-,D,D,0,,,,,Y,Y,A,01,0,0,2,0,0,0,0,0,0,"- ","- ",,,MONTEREY,UNINCORPORATED,-121.67190992,36.808400069999998
90050151,2015,2015-11-13,9730,2015-11-08,0003,020970,,7,3,9,2700,0,1,3,,1,022,SR-1,"CARPENTER ROAD",275.00,S,N,A,-,Y,,,,,,,,,,Y,3,0,1,1,A,-,08,22107,,N,E,I,A,A,H,-,D,D,0,,,,,Y,,D,22,0,1,0,0,0,0,0,0,0,"- ","- ",,,MONTEREY,UNINCORPORATED,-121.91289141,36.566226870000001
90050541,2015,2015-11-13,9730,2015-11-02,1025,018179,,1,1,9,2700,0,1,2,,1,070,"US-101 S/B",SR-156,20.00,S,N,C,-,Y,,,,,,,,,,Y,3,0,2,2,A,-,03,22350,,N,A,C,A,B,H,-,A,D,0,,,,,Y,,D,22,0,2,0,0,0,0,0,0,0,"- ","- ",,,MONTEREY,UNINCORPORATED,-121.66767347,36.789496130000003
90050729,2015,2015-11-13,9735,2015-11-02,1700,018069,,1,2,9,2700,0,1,2,,1,040,"US 101 S/B","LOS COCHES ROAD",2640.00,N,N,B,-,Y,,,,,,,,,,Y,3,0,1,1,A,-,01,23152,A,N,E,I,A,A,H,-,B,D,0,,,,,Y,Y,A,07,0,1,0,0,0,0,0,0,0,"- ","- ",36.371960000000001,-121.28764,MONTEREY,UNINCORPORATED,,
90050733,2015,2015-11-13,9735,2015-11-07,1639,020057,,6,2,9,2700,0,1,2,,1,040,"US-101 N/B","LOS COCHES RD",275.00,N,N,A,-,Y,,,101,,,,,,N,Y,4,0,1,2,A,-,09,21804,A,N,F,A,A,A,H,-,A,A,0,,,,,Y,,D,22,0,0,1,0,0,0,0,0,0,"- ","- ",36.36712,-121.28161,MONTEREY,UNINCORPORATED,-121.28149793999999,36.367252950000001
90050746,2015,2015-11-13,9735,2015-11-10,0855,016816,,2,1,9,2700,0,3,5,,2,004,"INDIAN VALLEY ROAD","HIDDEN CREEK ROAD",22176.00,N,N,A,B,N,,,,,,,,,,Y,4,0,1,1,A,-,03,22350,,N,F,A,A,A,H,-,A,D,0,,,Y,,Y,,C,02,0,0,1,0,0,0,0,0,1,"- ","- ",35.522539999999999,-120.42149999999999,MONTEREY,UNINCORPORATED,-120.70268396,35.87037411
90050793,2015,2015-11-13,9730,2015-11-10,0847,012332,,2,1,9,2700,0,1,2,,1,030,"US-101 N/B","CHUALAR RD",4752.00,S,N,A,-,Y,,,,,,,,,,Y,4,0,3,3,A,-,03,22350,,N,C,D,A,A,H,-,A,D,0,,,,,Y,,A,01,0,0,3,0,0,0,0,0,0,"- ","- ",,,MONTEREY,UNINCORPORATED,,
90050827,2015,2015-11-16,9730,2015-11-09,0810,019529,,1,1,9,2700,0,1,3,,1,068,"STATE ROUTE 68","CORRAL DE TIERRA RD.",800.00,E,N,A,-,Y,,,68,,,,,,,Y,4,0,1,3,A,-,03,22350,,N,C,C,A,A,H,-,A,D,0,,,,,Y,,D,22,0,0,1,0,0,0,0,0,0,"- ","- ",36.578760000000003,-121.72547,MONTEREY,UNINCORPORATED,-121.72546178,36.578689400000002
90050828,2015,2015-11-16,9730,2015-11-10,0950,012332,,2,1,9,2700,0,1,2,,1,030,"US-101 N/B","CHUALAR RD",10032.00,S,N,A,-,N,,,,,,,,,,Y,4,0,1,2,A,-,03,22350,,N,C,C,A,A,H,-,A,D,0,,,,,Y,,A,01,0,0,1,0,0,0,0,0,0,"- ","- ",,,MONTEREY,UNINCORPORATED,,
90050830,2015,2015-11-16,9730,2015-11-10,0715,019529,,2,1,9,2700,0,1,3,,2,062,"STATE ROUTE 1 SOUTHBOUND","FREMONT BLVD. (SEASIDE)",1000.00,S,N,A,-,Y,,,,,,,,,,Y,4,0,1,4,A,-,03,22350,,N,C,C,A,A,H,-,A,D,0,,,,,Y,,A,01,0,0,1,0,0,0,0,0,0,"- ","- ",,,MONTEREY,UNINCORPORATED,,
90050834,2015,2015-11-16,9730,2015-11-13,0830,019529,,5,1,9,2700,0,3,5,,2,002,"LAURELES GRADE","BARONET RD.",2500.00,S,N,A,-,N,,,,,,,,,,Y,4,0,1,1,A,-,08,22107,,N,F,A,A,A,H,-,A,D,0,,,,,Y,,D,22,0,0,1,0,0,0,0,0,0,"- ","- ",,,MONTEREY,UNINCORPORATED,-121.75775465,36.553822799999999
90050835,2015,2015-11-16,9730,2015-11-08,1850,020419,,7,2,9,2700,0,1,2,,1,070,"US-101 S/B","SAN JUAN RD",1500.00,S,N,C,-,Y,,,101,,,,,,S,N,4,0,1,1,A,-,08,22107,,N,E,I,A,B,H,-,D,D,0,,,,,Y,,A,01,0,0,1,0,0,0,0,0,0,"- ","- ",36.854170000000003,-121.63397000000001,MONTEREY,UNINCORPORATED,-121.63388744,36.854092219999998
90050840,2015,2015-11-16,9730,2015-11-09,0805,018543,,1,1,9,2700,0,2,4,,1,073,"HALL ROAD","SILL ROAD",100.00,W,N,C,-,N,,,,,,,,,,Y,4,0,1,2,A,-,03,22350,,N,C,C,A,B,H,-,A,A,0,,,,,Y,,A,08,0,0,1,0,0,0,0,0,0,"- ","- ",36.864190000000001,-121.72304,MONTEREY,UNINCORPORATED,-121.72287188999999,36.864108100000003
90051321,2015,2015-11-16,9730,2015-10-26,1215,014584,,1,1,9,2700,0,3,5,,2,004,"ALISAL RD","SCONBERG ST",528.00,S,N,A,-,N,,,,,,,,,,N,2,0,1,2,A,-,03,22350,,N,C,C,A,A,H,-,A,D,0,,,,,Y,,I,12,1,0,0,0,0,0,0,0,0,"- ","- ",36.670960000000001,-121.59939,MONTEREY,UNINCORPORATED,-121.59969243,36.671288859999997
90051885,2015,2015-11-16,9730,2015-11-04,1007,019770,,3,1,9,2700,0,3,5,,2,006,"DAVIS ROAD","BLANCO ROAD",20.00,S,N,A,-,N,,,,,,,,,,Y,4,0,1,2,A,-,03,22350,,N,C,C,A,A,H,-,A,A,0,,,,,Y,,A,01,0,0,1,0,0,0,0,0,0,"- ","- ",36.666600000000003,-121.68510000000001,MONTEREY,UNINCORPORATED,-121.68514967,36.666755309999999
90051983,2015,2015-11-24,9730,2015-11-11,1145,019529,,3,1,9,2700,0,2,4,,1,023,"CARMEL VALLEY ROAD","RIO VISTA DR.",0.00,,Y,A,-,N,,,,,,,,,,Y,2,0,1,2,A,-,09,21801,A,N,D,C,A,A,H,-,A,D,0,,,Y,,Y,,A,01,1,0,0,0,0,0,0,0,1,"- ","- ",36.5441,-121.8997,MONTEREY,UNINCORPORATED,-121.89989992,36.544110109999998
90051994,2015,2015-11-16,9730,2015-11-06,1835,020896,,5,2,9,2700,0,1,3,,2,062,"SR-1 NORTHBOUND","DEL MONTE BLVD (MONTEREY)",100.00,S,N,A,-,Y,,,1,,,,,,N,N,4,0,1,2,A,-,03,22350,,N,C,C,A,A,H,-,B,D,0,,,,,Y,,A,01,0,0,1,0,0,0,0,0,0,"- ","- ",36.604340000000001,-121.86107,MONTEREY,UNINCORPORATED,-121.86100361,36.604333590000003
90051997,2015,2015-11-16,9730,2015-11-07,2207,020896,,6,3,9,2700,0,2,4,,1,023,"CARMEL VALLEY ROAD","SHULTE ROAD",1190.00,W,N,A,-,N,,,,,,,,,,N,3,0,1,2,A,-,03,22350,,N,G,B,C,A,H,-,C,D,0,Y,,,,Y,,A,01,0,1,0,0,1,0,0,0,0,"- ","- ",36.531010000000002,-121.83467,MONTEREY,UNINCORPORATED,-121.83450356,36.530957370000003
90052472,2015,2015-11-17,9730,2015-11-10,1555,018820,,2,2,9,2700,0,3,5,,2,003,"RIVER RD.","LAS PALMAS PARKWAY",1056.00,S,N,A,-,N,,,,,,,,,,N,4,0,2,2,A,-,03,22350,,N,C,C,A,A,H,-,A,D,0,,,,,Y,,A,01,0,0,2,0,0,0,0,0,0,"- ","- ",36.606299999999997,-121.64192,MONTEREY,UNINCORPORATED,-121.64121163999999,36.60611402
90052757,2015,2015-11-17,9730,2015-11-08,0930,019529,,7,1,9,2700,0,3,5,,2,002,"CARPENTER STREET","VALLEY WAY",400.00,S,N,A,-,N,,,,,,,,,,Y,4,0,1,2,A,-,03,22350,,N,C,C,A,A,H,-,A,D,0,,,,,Y,,A,01,0,0,1,0,0,0,0,0,0,"- ","- ",,,MONTEREY,UNINCORPORATED,-121.91562999999999,36.561908440000003
90052977,2015,2015-11-17,9730,2015-09-10,2152,015297,,4,2,9,2700,0,1,3,,1,072,SR-156,SR-183,528.00,W,N,A,E,Y,,,156,,,,,,,Y,1,1,0,1,A,-,01,23152,A,N,F,A,A,A,H,-,D,D,0,,,,,Y,Y,A,01,0,0,0,0,0,0,0,0,0,"- ","- ",36.759160000000001,-121.75566000000001,MONTEREY,UNINCORPORATED,-121.75568752,36.75921108
90053339,2015,2015-11-18,9735,2015-11-10,1748,017952,,2,2,9,2700,0,1,2,,2,045,"US-101 S/B","EAST GARRISON RD.",10560.00,N,N,A,-,Y,,,101,,,,,,S,Y,3,0,1,1,A,-,01,23152,A,N,E,I,A,A,H,-,D,D,0,,,,,Y,Y,D,22,0,1,0,0,0,0,0,0,0,"- ","- ",35.841880000000003,-120.75879,MONTEREY,UNINCORPORATED,-120.75871117,35.84192633
90054608,2015,2015-11-19,9730,2015-11-10,2124,020981,,2,2,9,2700,0,2,4,,1,073,"PRUNEDALE NORTH ROAD","FRISCH ROAD",1200.00,S,N,A,-,N,,,,,,,,,,Y,3,0,1,2,A,-,09,21804,A,F,D,C,A,A,H,-,C,A,0,,,,,Y,,D,22,0,1,0,0,0,0,0,0,0,"- ","- ",36.79083,-121.66861,MONTEREY,UNINCORPORATED,-121.66854653,36.790957560000003
90054635,2015,2015-11-19,9730,2015-11-11,1140,015297,,3,1,9,2700,0,1,2,,1,070,"US-101 NORTHBOUND","SALA ROAD",1056.00,N,N,A,-,Y,,,101,,,,,,N,N,4,0,1,2,C,-,18,,,N,E,I,A,A,H,-,A,D,0,,,,Y,Y,,-,"- ",0,0,1,0,0,0,0,0,0,"- ","- ",36.745800000000003,-121.66103,MONTEREY,UNINCORPORATED,-121.66120279,36.745734910000003
90054662,2015,2015-11-19,9730,2015-11-11,0105,020931,,3,3,9,2700,0,1,3,,1,068,SR-68,"YORK RD",2112.00,E,N,A,-,Y,,,68,,,,,,,Y,4,0,1,1,A,-,08,22107,,N,E,I,A,A,H,-,C,D,0,,,,,Y,,A,01,0,0,1,0,0,0,0,0,0,"- ","- ",36.570189999999997,-121.80152,MONTEREY,UNINCORPORATED,-121.80152141000001,36.570182680000002
90054744,2015,2015-11-19,9730,2015-11-12,1820,017803,,4,2,9,2700,0,3,5,,2,006,"DAVIS RD","ROSSI ST",420.00,S,N,B,-,N,,,,,,,,,,Y,3,0,1,1,A,-,01,23152,A,N,F,A,A,A,H,-,C,D,0,,,,,Y,Y,A,07,0,1,0,0,0,0,0,0,0,"- ","- ",36.687379999999997,-121.67287,MONTEREY,UNINCORPORATED,-121.67286716,36.68754947
90054843,2015,2015-11-19,9730,2015-11-13,0735,016537,,5,1,9,2700,0,1,2,,1,030,"US-101 N/B","MAIN ST. O/C",475.00,S,N,A,-,Y,,,101,,,,,,N,N,4,0,1,1,A,-,08,22107,,N,E,J,A,A,H,-,A,D,0,,,,,Y,,A,08,0,0,1,0,0,0,0,0,0,"- ","- ",36.558950000000003,-121.50744,MONTEREY,UNINCORPORATED,-121.50747723000001,36.558911260000002
90054858,2015,2015-11-19,9730,2015-11-14,1800,020621,,6,2,9,2700,0,2,4,,1,073,"HALL ROAD","JOHNSON ROAD",300.00,E,N,A,-,N,,,,,,,,,,Y,4,0,2,3,A,-,03,22350,,F,C,C,A,A,H,-,D,D,0,,,,,Y,,A,07,0,0,2,0,0,0,0,0,0,"- ","- ",36.860779999999998,-121.70591,MONTEREY,UNINCORPORATED,-121.70629628,36.860902850000002
90054869,2015,2015-11-19,9730,2015-11-13,1432,020680,,5,2,9,2700,0,1,3,,1,068,SR-68,"SAN BENANCIO RD.",330.00,E,N,A,-,Y,,,68,,,,,,,Y,4,0,1,3,A,-,03,22350,,N,C,C,A,A,H,-,A,D,0,,,,,Y,,D,22,0,0,1,0,0,0,0,0,0,"- ","- ",36.578499999999998,-121.72450000000001,MONTEREY,UNINCORPORATED,-121.72453711999999,36.5787999
90054879,2015,2015-11-19,9730,2015-11-14,1536,017184,,6,2,9,2700,0,3,5,,2,001,"PREWITT RIDGE RD.","S. COAST RIDGE RD.",12.00,W,N,A,-,N,,,,,,,,,,N,2,0,1,1,A,-,03,22350,,N,F,A,A,A,H,-,A,D,0,,,Y,,Y,,C,02,1,0,0,0,0,0,0,0,1,"- ","- ",,,MONTEREY,UNINCORPORATED,-121.44157054,35.971608959999998
90055872,2015,2015-11-19,9730,2015-11-12,0830,019529,,4,1,9,2700,0,1,3,,2,062,"STATE ROUTE 1 SOUTHBOUND","FREMONT BLVD. (SEASIDE)",2000.00,N,N,A,-,Y,,,1,,,,,,S,Y,2,0,1,1,A,-,03,22350,,N,F,A,A,A,H,-,A,D,0,,,Y,,Y,,C,02,1,0,0,0,0,0,0,0,1,"- ","- ",36.629939999999998,-121.83674999999999,MONTEREY,UNINCORPORATED,-121.83681958,36.630006549999997
90055881,2015,2015-11-20,9730,2015-11-13,1543,020680,,5,2,9,2700,0,1,3,,1,068,SR-68,"CORRAL DE TIERRA RD.",2200.00,W,N,A,-,Y,,,68,,,,,,,Y,4,0,1,3,A,-,03,22350,,N,C,C,A,A,H,-,A,D,0,,,,,Y,,E,22,0,0,1,0,0,0,0,0,0,"- ","- ",36.5749,-121.73439,MONTEREY,UNINCORPORATED,-121.7344602,36.575009219999998
90055896,2015,2015-11-20,9730,2015-11-16,1145,012332,,1,1,9,2700,0,1,3,,1,072,SR-156,US-101,528.00,W,N,A,-,Y,,,,,,,,,,Y,4,0,1,2,A,-,08,22107,,N,D,D,A,A,H,-,A,D,0,,,,,Y,,A,07,0,0,1,0,0,0,0,0,0,"- ","- ",,,MONTEREY,UNINCORPORATED,-121.66773999999999,36.789520000000003
90055897,2015,2015-11-20,9730,2015-11-17,1800,012332,,2,2,9,2700,0,3,5,,2,007,"LAS LOMAS DR","SILL RD",0.00,,Y,A,-,N,,,,,,,,,,Y,4,0,1,2,A,-,09,21802,A,N,D,C,A,A,H,-,C,A,0,,,,,Y,,A,01,0,0,1,0,0,0,0,0,0,"- ","- ",,,MONTEREY,UNINCORPORATED,-121.73355986999999,36.865550089999999
90055901,2015,2015-11-20,9730,2015-11-14,0217,020680,,6,3,9,2700,0,1,3,,1,066,SR-183,"MCFADDEN RD.",2112.00,S,N,A,-,Y,,,183,,,,,,,Y,4,0,1,1,A,-,01,23152,A,N,E,J,A,A,H,-,D,D,0,,,,,Y,Y,D,22,0,0,1,0,0,0,0,0,0,"- ","- ",36.690399999999997,-121.6884,MONTEREY,UNINCORPORATED,-121.68842051999999,36.690342450000003
90055905,2015,2015-11-20,9730,2015-11-15,1121,019745,,7,1,9,2700,0,2,4,,1,073,"HALL RD","SILL RD",856.00,W,N,B,-,N,,,,,,,,,,Y,3,0,1,1,A,-,03,22350,,N,F,A,A,B,H,-,A,D,0,,,Y,,Y,,C,02,0,1,0,0,0,0,0,0,1,"- ","- ",36.864109999999997,-121.72566999999999,MONTEREY,UNINCORPORATED,-121.72545658999999,36.864108719999997
90056633,2015,2015-11-23,9730,2015-10-31,0133,020916,,6,3,9,2700,0,3,5,,2,004,"OLD STAGE ROAD","CHUALAR ROAD",3696.00,N,N,A,-,N,,,,,,,,,,Y,3,0,1,1,A,-,03,22350,,N,F,A,A,A,H,-,D,D,0,,,,,Y,,A,01,0,1,0,0,0,0,0,0,0,"- ","- ",36.591929999999998,-121.50382999999999,MONTEREY,UNINCORPORATED,-121.50308698000001,36.591054229999997
90056637,2015,2015-11-23,9730,2015-11-11,2353,020931,,3,3,9,2700,0,1,3,,1,066,"SR-183 (MERRITT ST.)","COOPER ST",20.00,N,N,A,-,N,,,183,,,,,,,Y,4,0,2,1,A,-,08,22107,,F,E,I,A,A,H,-,C,D,0,,,,,Y,,A,01,0,0,2,0,0,0,0,0,0,"- ","- ",36.768230000000003,-121.76145,MONTEREY,UNINCORPORATED,-121.76144897,36.768231360000001
90056911,2015,2015-11-23,9730,2015-11-13,1145,018179,,5,1,9,2700,0,2,4,,1,073,"SALINAS ROAD","RAILROAD AVENUE",147.00,N,N,A,-,N,,,,,,,,,,Y,4,0,1,2,A,-,09,21804,A,N,D,C,A,A,H,-,A,D,0,,,,,Y,,A,07,0,0,1,0,0,0,0,0,0,"- ","- ",36.896050000000002,-121.74776,MONTEREY,UNINCORPORATED,-121.74779101,36.896113069999998
90056914,2015,2015-11-23,9730,2015-11-14,0150,020233,,6,3,9,2700,0,3,5,,2,007,"LAS LOMAS DRIVE","OVERPASS ROAD",14.00,N,N,A,-,N,,,,,,,,,,N,3,0,1,1,A,-,01,23152,A,N,E,I,A,A,H,-,C,D,0,,,,,Y,Y,A,01,0,1,0,0,0,0,0,0,0,"- ","- ",36.873139999999999,-121.73569000000001,MONTEREY,UNINCORPORATED,-121.73571283,36.8729759
90056932,2015,2015-11-23,9730,2015-11-15,2020,020701,,7,2,9,2700,0,3,5,,2,007,"WASHINGTON ST","POMBER ST",130.00,W,N,A,-,N,,,,,,,,,,Y,3,0,1,3,A,-,01,23152,A,N,C,E,A,A,H,-,C,D,0,,,,,Y,Y,D,22,0,1,0,0,0,0,0,0,0,"- ","- ",36.770490000000002,-121.76155,MONTEREY,UNINCORPORATED,-121.76153607000001,36.770541299999998
90057038,2015,2015-11-23,9730,2015-11-16,1638,019700,,1,2,9,2700,0,3,5,,2,004,"ALISAL ROAD","HARTNELL ROAD",0.00,,Y,A,-,N,,,,,,,,,,N,4,0,1,2,A,-,09,21801,A,N,D,C,A,A,H,-,A,D,0,,,,,Y,,A,01,0,0,1,0,0,0,0,0,0,"- ","- ",36.384349999999998,-121.34366,MONTEREY,UNINCORPORATED,-121.57676995,36.645380090000003
90057162,2015,2015-11-23,9730,2015-11-17,0820,019529,,2,1,9,2700,0,1,3,,2,062,"STATE ROUTE 1 SOUTHBOUND","LIGHTFIGHTER DR.",800.00,S,N,A,-,Y,,,,,,,,,,Y,4,0,1,2,A,-,03,22350,,N,C,C,A,A,H,-,A,D,0,,,,Y,Y,,F,25,0,0,1,0,0,0,0,0,0,"- ","- ",,,MONTEREY,UNINCORPORATED,-121.8172572,36.64574167
90057179,2015,2015-11-23,9730,2015-11-17,1744,017803,,2,2,9,2700,0,3,5,,2,006,"DAVIS RD","ACACIA ST",528.00,S,N,A,-,N,,,,,,,,,,N,4,0,1,2,A,-,11,21954,A,N,G,B,E,A,H,-,D,D,0,Y,,,,Y,,N,60,0,0,1,0,1,0,0,0,0,"- ","- ",36.671210000000002,-121.68137,MONTEREY,UNINCORPORATED,-121.68138918,36.671155400000004
90057347,2015,2015-11-23,9730,2015-11-18,0750,019529,,3,1,9,2700,0,1,3,,2,062,"STATE ROUTE 1 SOUTHBOUND","TIOGA AVE.",100.00,N,N,A,-,Y,,,,,,,,,,N,4,0,1,2,A,-,03,22350,,N,C,C,A,A,H,-,A,D,0,,,,,Y,,D,22,0,0,1,0,0,0,0,0,0,"- ","- ",,,MONTEREY,UNINCORPORATED,-121.84871707000001,36.618076479999999
90057438,2015,2015-12-07,9730,2015-11-19,1028,019745,,4,1,9,2700,0,1,3,,1,068,"SR-68 (W/B)","YORK RD",528.00,E,N,A,-,Y,,,68,,,,,,,N,4,0,1,3,A,-,03,22350,,N,C,C,A,A,H,-,A,D,0,,,,,Y,,A,08,0,0,1,0,0,0,0,0,0,"- ","- ",36.570990000000002,-121.80601,MONTEREY,UNINCORPORATED,-121.80599991,36.571042540000001