CASE_ID,ACCIDENT_YEAR,PROC_DATE,JURIS,COLLISION_DATE,COLLISION_TIME,OFFICER_ID,REPORTING_DISTRICT,DAY_OF_WEEK,CHP_SHIFT,POPULATION,CNTY_CITY_LOC,SPECIAL_COND,BEAT_TYPE,CHP_BEAT_TYPE,CITY_DIVISION_LAPD,CHP_BEAT_CLASS,BEAT_NUMBER,PRIMARY_RD,SECONDARY_RD,DISTANCE,DIRECTION,INTERSECTION,WEATHER_1,WEATHER_2,STATE_HWY_IND,CALTRANS_COUNTY,CALTRANS_DISTRICT,STATE_ROUTE,ROUTE_SUFFIX,POSTMILE_PREFIX,POSTMILE,LOCATION_TYPE,RAMP_INTERSECTION,SIDE_OF_HWY,TOW_AWAY,COLLISION_SEVERITY,NUMBER_KILLED,NUMBER_INJURED,PARTY_COUNT,PRIMARY_COLL_FACTOR,PCF_CODE_OF_VIOL,PCF_VIOL_CATEGORY,PCF_VIOLATION,PCF_VIOL_SUBSECTION,HIT_AND_RUN,TYPE_OF_COLLISION,MVIW,PED_ACTION,ROAD_SURFACE,ROAD_COND_1,ROAD_COND_2,LIGHTING,CONTROL_DEVICE,CHP_ROAD_TYPE,PEDESTRIAN_ACCIDENT,BICYCLE_ACCIDENT,MOTORCYCLE_ACCIDENT,TRUCK_ACCIDENT,NOT_PRIVATE_PROPERTY,ALCOHOL_INVOLVED,STWD_VEHTYPE_AT_FAULT,CHP_VEHTYPE_AT_FAULT,COUNT_SEVERE_INJ,COUNT_VISIBLE_INJ,COUNT_COMPLAINT_PAIN,COUNT_PED_KILLED,COUNT_PED_INJURED,COUNT_BICYCLIST_KILLED,COUNT_BICYCLIST_INJURED,COUNT_MC_KILLED,COUNT_MC_INJURED,PRIMARY_RAMP,SECONDARY_RAMP,LATITUDE,LONGITUDE,COUNTY,CITY,POINT_X,POINT_Y
90057666,2015,2015-11-23,9730,2015-09-03,0540,012332,,4,3,9,2700,0,1,2,,1,070,"US-101 N/B","SAN MIGUEL CANYON ROAD",388.00,N,N,A,-,Y,,,,,,,,,,N,1,1,0,6,A,-,11,21954,A,F,G,B,E,B,H,-,D,D,0,Y,,,Y,Y,Y,N,60,0,0,0,1,0,0,0,0,0,"- ","- ",,,MONTEREY,UNINCORPORATED,-121.66339083,36.800189340000003
90058327,2015,2015-11-24,9730,2015-11-10,1540,018312,,2,2,9,2700,0,3,5,,2,004,"ALISAL ROAD","HARTNELL ROAD",0.00,,Y,A,-,N,,,,,,,,,,Y,3,0,2,5,A,-,05,21460,A,N,B,C,A,A,H,-,A,D,0,,,,Y,Y,,A,01,0,1,1,0,0,0,0,0,0,"- ","- ",36.645389999999999,-121.57651,MONTEREY,UNINCORPORATED,-121.57676995,36.645380090000003
90058788,2015,2015-11-24,9730,2015-09-06,0210,020903,,7,3,9,2700,0,1,3,,1,066,"STATE ROUTE - 183","ESPINOSA ROAD",6336.00,S,N,A,-,Y,,,183,,,,,,,Y,1,1,1,1,A,-,01,23152,A,N,E,I,A,A,H,-,D,D,0,,,,,Y,Y,A,01,0,0,1,0,0,0,0,0,0,"- ","- ",36.728729999999999,-121.73197999999999,MONTEREY,UNINCORPORATED,-121.73194822000001,36.728760909999998
90059143,2015,2015-11-24,9730,2015-11-15,1256,019745,,7,1,9,2700,0,1,3,,1,022,"SR-68 (HOLMAN HWY)","SKYLINE FOREST DRIVE",0.00,,Y,B,-,Y,,,68,,,,,,,Y,3,0,2,2,A,-,09,21801,A,N,D,C,A,B,H,-,A,A,0,,,,,Y,,A,07,0,1,1,0,0,0,0,0,0,"- ","- ",36.585900000000002,-121.9186,MONTEREY,UNINCORPORATED,-121.91863318,36.585886770000002
90059158,2015,2015-11-24,9730,2015-11-17,1300,019529,,2,1,9,2700,0,1,3,,1,066,"STATE ROUTE 183","COOPER ROAD",2640.00,N,N,A,-,Y,,,,,,,,,,Y,3,0,5,2,A,-,03,22350,,N,C,C,A,A,H,-,A,D,0,,,,,Y,,D,22,0,2,3,0,0,0,0,0,0,"- ","- ",,,MONTEREY,UNINCORPORATED,,
90060889,2015,2015-11-30,9730,2015-11-15,0800,020065,,7,1,9,2700,0,1,3,,1,022,"SR-68 (HOLMAN HIGHWAY)","SCENIC DR. O/C",260.00,W,N,B,C,Y,,,68,,,,,,,Y,3,0,1,1,A,-,08,22107,,N,E,I,A,B,H,-,A,D,0,,,,,Y,,A,07,0,1,0,0,0,0,0,0,0,"- ","- ",36.589460000000003,-121.92272,MONTEREY,UNINCORPORATED,-121.92276671,36.589431349999998
90060894,2015,2015-11-30,9730,2015-11-18,1710,015160,,3,2,9,2700,0,2,4,,1,073,"SALINAS ROAD","FRUITLAND AVE",0.00,,Y,A,-,N,,,,,,,,,,Y,4,0,1,2,A,-,09,21802,A,N,D,C,A,A,H,-,C,A,0,,,,,Y,,A,07,0,0,1,0,0,0,0,0,0,"- ","- ",,,MONTEREY,UNINCORPORATED,-121.75255996999999,36.878010039999999
90060896,2015,2015-11-30,9730,2015-11-19,2005,015160,,4,2,9,2700,0,1,3,,1,074,SR-1,"JETTY ROAD",1056.00,S,N,A,-,Y,,,1,,,,,,,Y,4,0,1,2,A,-,09,21802,A,N,D,C,A,A,H,-,D,A,0,,,,,Y,,A,01,0,0,1,0,0,0,0,0,0,"- ","- ",36.816929999999999,-121.78592,MONTEREY,UNINCORPORATED,-121.78590455,36.816931169999997
90060898,2015,2015-11-30,9730,2015-11-20,0046,020931,,5,3,9,2700,0,3,5,,2,006,"CASTROVILLE BLVD","LOS NINOS PL",2640.00,S,N,A,-,N,,,,,,,,,,Y,4,0,1,1,C,-,18,,,N,E,H,A,A,H,-,D,D,0,,,,,Y,,-,"- ",0,0,1,0,0,0,0,0,0,"- ","- ",,,MONTEREY,UNINCORPORATED,-121.73544613,36.780392419999998
90060916,2015,2015-11-30,9730,2015-11-22,1055,019529,,7,1,9,2700,0,1,3,,1,074,"STATE ROUTE 1","POTRERO ROAD",0.00,,Y,A,-,Y,,,,,,,,,,Y,3,0,1,2,A,-,07,21658,A,N,C,C,A,A,H,-,A,D,0,,,,,Y,,A,07,0,1,0,0,0,0,0,0,0,"- ","- ",,,MONTEREY,UNINCORPORATED,-121.7836099,36.791040099999996
90060918,2015,2015-11-30,9730,2015-11-22,1545,020621,,7,2,9,2700,0,3,5,,2,007,"WILLOW ROAD","BERRY ROAD",250.00,N,N,A,-,N,,,,,,,,,,N,3,0,2,2,A,-,03,22350,,N,C,C,A,A,H,-,A,D,0,,,,,Y,,A,07,0,1,1,0,0,0,0,0,0,"- ","- ",36.864170000000001,-121.73522,MONTEREY,UNINCORPORATED,-121.73519951,36.863775609999998
90060921,2015,2015-11-30,9730,2015-11-22,1515,020981,,7,2,9,2700,0,1,3,,2,062,"SR-1 S/B OFFRAMP TO FREMONT BOULEVARD","SR-1 O/C",10.00,E,N,A,-,Y,,,1,,,,R,,S,N,4,0,2,4,A,-,03,22350,,M,C,C,A,A,H,-,A,A,0,,,,,Y,,-,99,0,0,2,0,0,0,0,0,0,"- ","- ",36.623739999999998,-121.8415,MONTEREY,UNINCORPORATED,-121.8415,36.623739999999998
90060929,2015,2015-11-30,9730,2015-11-23,1400,019529,,1,2,9,2700,0,1,3,,2,062,"STATE ROUTE 1 NORTHBOUND","STATE ROUTE 218",1320.00,S,N,A,-,Y,,,,,,,,,,Y,4,0,1,1,A,-,08,22107,,N,F,A,A,A,H,-,A,D,0,,,,,Y,,A,01,0,0,1,0,0,0,0,0,0,"- ","- ",,,MONTEREY,UNINCORPORATED,,
90060932,2015,2015-11-30,9730,2015-11-21,0755,020903,,6,1,9,2700,0,3,5,,2,002,"CARMEL KNOLLS DRIVE","ARROYO TRAIL",528.00,S,N,A,-,Y,,,,,,,,,,Y,3,0,1,1,A,-,01,23152,A,N,E,J,A,A,H,-,A,D,0,,,,,Y,Y,A,01,0,1,0,0,0,0,0,0,0,"- ","- ",36.551180000000002,-121.90428,MONTEREY,UNINCORPORATED,-121.90447254999999,36.550751499999997
90060934,2015,2015-11-30,9730,2015-11-22,0405,020903,,7,3,9,2700,0,1,3,,1,074,"SR-1 (S/B)",SR-183,200.00,S,N,A,-,Y,,,1,,,,,,,Y,3,0,1,1,A,-,08,22107,,N,F,I,A,A,H,-,D,D,0,,,,,Y,,A,01,0,1,0,0,0,0,0,0,0,"- ","- ",36.770119999999999,-121.76533999999999,MONTEREY,UNINCORPORATED,-121.76520064,36.770141539999997
90061133,2015,2015-11-30,9730,2015-11-16,2006,020933,,1,2,9,2700,0,2,4,,1,023,"CARMEL VALLEY ROAD","LOMA DEL REY",15.00,W,N,A,-,N,,,,,,,,,,Y,3,0,1,1,A,-,08,22107,,N,E,I,A,A,H,-,D,D,0,,,,,Y,,A,01,0,1,0,0,0,0,0,0,0,"- ","- ",36.526890000000002,-121.81659000000001,MONTEREY,UNINCORPORATED,-121.81657933,36.526733729999997
90061226,2015,2015-11-30,9730,2015-11-25,0635,012332,,3,1,9,2700,0,1,2,,1,070,"US-101 N/B","PESANTE RD",1056.00,N,N,A,-,Y,,,,,,,,,,Y,3,0,1,1,A,-,08,22107,,N,E,J,A,B,H,-,B,D,0,,,,,Y,,A,07,0,1,0,0,0,0,0,0,0,"- ","- ",,,MONTEREY,UNINCORPORATED,,
90062168,2015,2015-11-30,9730,2015-11-20,1000,018179,,5,1,9,2700,0,2,4,,1,075,"SAN JUAN ROAD","SAN MIGUEL CANYON ROAD",1056.00,W,N,A,-,N,,,,,,,,,,Y,3,0,1,2,A,-,06,21750,,N,D,C,A,A,H,-,A,D,0,,,,,Y,,J,49,0,1,0,0,0,0,0,0,0,"- ","- ",,,MONTEREY,UNINCORPORATED,-121.69390543,36.901192739999999
90062471,2015,2015-12-01,9730,2015-11-26,1230,020391,,4,1,9,2700,0,1,3,,1,066,SR-183,"RICO ST",0.00,,Y,A,-,Y,,,183,,,,,,,N,4,0,1,2,A,-,21,22106,,N,D,C,A,A,H,-,A,D,0,,,,,Y,,A,01,0,0,1,0,0,0,0,0,0,"- ","- ",36.76491,-121.75651999999999,MONTEREY,UNINCORPORATED,-121.75666107000001,36.764700939999997
90062496,2015,2015-12-01,9730,2015-11-26,1030,020903,,4,1,9,2700,0,1,3,,1,022,SR-1,"SAN LUIS AVENUE",83.00,N,N,A,-,Y,,,1,,,,,,,Y,2,0,1,1,A,-,01,23152,A,N,E,I,A,A,H,-,A,D,0,,,,,Y,Y,A,01,1,0,0,0,0,0,0,0,0,"- ","- ",36.567500000000003,-121.91298,MONTEREY,UNINCORPORATED,-121.91288654,36.567467860000001
90062559,2015,2015-12-01,9730,2015-11-27,1452,019239,,5,2,9,2700,0,3,5,,2,004,"OLD STAGE RD","ESPERANZA RD",15.00,S,N,A,-,N,,,,,,,,,,Y,2,0,1,2,A,-,05,21460,C,N,B,C,A,A,H,-,A,D,0,,,,,Y,,A,01,1,0,0,0,0,0,0,0,0,"- ","- ",36.604759999999999,-121.51357,MONTEREY,UNINCORPORATED,-121.51347259000001,36.604585219999997
90062599,2015,2015-12-01,9730,2015-11-27,1245,018179,,5,1,9,2700,0,1,3,,1,072,SR-156,"MERIDIAN ROAD",2112.00,W,N,A,-,Y,,,,,,,,,,Y,4,0,1,2,A,-,03,22350,,N,C,C,A,A,H,-,A,D,0,,,,,Y,,A,01,0,0,1,0,0,0,0,0,0,"- ","- ",,,MONTEREY,UNINCORPORATED,-121.68549942,36.786007609999999
90062663,2015,2015-12-01,9730,2015-11-28,0808,020903,,6,1,9,2700,0,1,3,,1,024,"SR-68 (HOLMAN HWY)","MORSE DRIVE",3168.00,E,N,A,-,Y,,,68,,,,,,,Y,4,0,1,1,A,-,08,22107,,N,E,I,A,A,H,-,A,D,0,,,,,Y,Y,A,01,0,0,1,0,0,0,0,0,0,"- ","- ",36.59093,-121.9224,MONTEREY,UNINCORPORATED,-121.92246401,36.590918809999998
90062784,2015,2015-12-01,9730,2015-11-29,1355,020981,,7,1,9,2700,0,1,2,,1,070,"US-101 N/B","REESE CIRCLE",1056.00,S,N,A,-,Y,,,101,,,,,,N,Y,4,0,2,2,A,-,08,22107,,N,C,C,A,A,H,-,A,D,0,,,,,Y,,A,01,0,0,2,0,0,0,0,0,0,"- ","- ",36.766469999999998,-121.66828,MONTEREY,UNINCORPORATED,-121.6682485,36.766480090000002
90062937,2015,2015-12-01,9730,2015-11-29,1715,020981,,7,2,9,2700,0,2,4,,1,073,"HALL ROAD","ELKHORN ROAD",2640.00,E,N,A,-,N,,,,,,,,,,Y,3,0,1,3,A,-,03,22350,,N,C,C,A,A,H,-,D,D,0,,,,,Y,,A,01,0,1,0,0,0,0,0,0,0,"- ","- ",36.86627,-121.74001,MONTEREY,UNINCORPORATED,-121.73579229000001,36.865789679999999
90063536,2015,2015-12-02,9730,2015-11-19,1610,015160,,4,2,9,2700,0,1,3,,1,066,SR-183,"MONTEREY STREET",40.00,S,N,A,-,Y,,,183,,,,,,,Y,4,0,2,3,A,-,03,22350,,N,C,C,A,A,H,-,B,D,0,,,,,Y,,D,22,0,0,2,0,0,0,0,0,0,"- ","- ",36.757539999999999,-121.74688999999999,MONTEREY,UNINCORPORATED,-121.74689083,36.757538840000002
90063575,2015,2015-12-02,9730,2015-12-01,1145,012332,,2,1,9,2700,0,1,3,,1,072,"SR-156 E/B (TRANSITION ROAD)","US-101 S/B",30.00,W,N,A,-,Y,,,,,,,,,,N,4,0,1,2,A,-,03,22350,,N,C,C,A,A,H,-,A,A,0,,,,,Y,,A,01,0,0,1,0,0,0,0,0,0,"- ","- ",,,MONTEREY,UNINCORPORATED,,
90064691,2015,2015-12-03,9735,2015-11-13,1821,020036,,5,2,3,2704,0,1,S,,2,901,"OAK AVE","US-101 S/B TO OAK AVE",0.00,,Y,A,-,Y,,,,,,,,,,N,3,0,1,2,A,-,12,22450,A,N,D,G,A,A,H,-,C,A,0,,Y,,,Y,,A,01,0,1,0,0,0,0,1,0,0,"- ","- ",36.323540000000001,-121.23860999999999,MONTEREY,GREENFIELD,,
90064744,2015,2015-12-03,9735,2015-11-20,1535,020036,,5,2,9,2700,0,1,2,,2,042,"US-101 N/B","WILD HORSE RD",200.00,N,N,A,-,Y,,,,,,,,,,Y,4,0,1,2,A,-,08,22107,,N,F,D,A,A,H,-,A,A,0,,,,,Y,,A,01,0,0,1,0,0,0,0,0,0,"- ","- ",36.210000000000001,-120.88813,MONTEREY,UNINCORPORATED,-121.07274676,36.18801569
90064949,2015,2015-12-03,9730,2015-12-01,2155,020233,,2,2,9,2700,0,1,3,,1,068,SR-68,"JOSSELYN CYN RD",4.00,W,N,A,-,Y,,,68,,,,,,,N,4,0,1,2,A,-,21,22106,,N,C,C,A,A,H,-,C,A,0,,,,,Y,,A,07,0,0,1,0,0,0,0,0,0,"- ","- ",36.583680000000001,-121.85705,MONTEREY,UNINCORPORATED,-121.85703796,36.583721420000003
90066238,2015,2015-12-07,9730,2015-11-29,1748,020514,,7,2,9,2700,0,1,2,,1,030,"US-101 S/B","SOMAVIA RD",20.00,S,N,A,-,Y,,,101,,,,,,S,Y,3,0,2,3,A,-,09,21801,A,N,D,C,A,A,H,-,D,D,0,,,,,Y,,A,01,0,1,1,0,0,0,0,0,0,"- ","- ",36.595860000000002,-121.54595999999999,MONTEREY,UNINCORPORATED,-121.54597665,36.59584272
90066271,2015,2015-12-07,9730,2015-11-30,0808,020417,,1,1,9,2700,0,1,3,,1,066,SR-183,"WALSH ST.",96.00,S,N,B,-,Y,,,183,,,,,,,N,4,0,1,2,A,-,03,22350,,N,C,C,A,A,H,-,A,D,0,,,,,Y,,A,01,0,0,1,0,0,0,0,0,0,"- ","- ",36.759509999999999,-121.74956,MONTEREY,UNINCORPORATED,-121.7495881,36.759470800000003
90066273,2015,2015-12-07,9730,2015-12-02,1620,015160,,3,2,9,2700,0,3,5,,2,007,"NASHUA ROAD","MONTE ROAD",0.00,,Y,A,-,N,,,,,,,,,,Y,4,0,1,2,A,-,09,21802,A,N,A,C,A,A,H,-,A,A,0,,,,,Y,,A,01,0,0,1,0,0,0,0,0,0,"- ","- ",,,MONTEREY,UNINCORPORATED,-121.76628986,36.74115011
90067172,2015,2015-12-07,9730,2015-12-01,0720,020417,,2,1,9,2700,0,3,5,,2,006,"DAVIS RD.","LEMOS AVE.",0.00,,Y,B,-,N,,,,,,,,,,N,4,0,1,2,A,-,09,21801,A,N,D,C,A,A,H,-,A,D,0,,,,,Y,,A,01,0,0,1,0,0,0,0,0,0,"- ","- ",36.674340000000001,-121.6786,MONTEREY,UNINCORPORATED,-121.67862986999999,36.67436009
90068203,2015,2015-12-08,9735,2015-12-06,1320,018338,,7,1,9,2700,0,3,5,,2,003,"METZ RD","AIRPORT RD",11616.00,N,N,A,-,Y,,,,,,,,,,Y,4,0,1,1,A,-,08,22107,,N,E,I,A,A,H,-,A,D,0,,,,,Y,,A,01,0,0,1,0,0,0,0,0,0,"- ","- ",36.258380000000002,-121.13921000000001,MONTEREY,UNINCORPORATED,-121.13833307,36.256292000000002
90068449,2015,2015-12-09,9730,2015-12-01,0950,020417,,2,1,9,2700,0,1,3,,1,068,SR-68,"TORERO DR.",1584.00,E,N,A,-,Y,,,68,,,,,,,Y,3,0,1,1,A,-,08,22107,,N,E,I,A,A,H,-,A,D,0,,,,,Y,,A,01,0,1,0,0,0,0,0,0,0,"- ","- ",36.59657,-121.70013,MONTEREY,UNINCORPORATED,-121.70021575,36.59664712
90068546,2015,2015-12-09,9730,2015-12-03,1624,019239,,4,2,9,2700,0,3,5,,2,003,"RIVER RD","BERRY DR",0.00,,Y,B,-,N,,,,,,,,,,Y,4,0,2,2,A,-,03,22350,,N,C,C,A,A,H,-,B,D,0,,,,,Y,,A,07,0,0,2,0,0,0,0,0,0,"- ","- ",36.600169999999999,-121.63121,MONTEREY,UNINCORPORATED,-121.63092996,36.600160070000001
90068920,2015,2015-12-09,9730,2015-12-06,1205,019529,,7,1,9,2700,0,2,4,,1,023,"CARMEL VALLEY ROAD","RIO ROAD",0.00,,Y,A,-,N,,,,,,,,,,Y,3,0,4,2,A,-,09,21802,A,N,D,C,A,A,H,-,A,D,0,,,,,Y,,A,01,0,2,2,0,0,0,0,0,0,"- ","- ",,,MONTEREY,UNINCORPORATED,-121.89181996000001,36.542730050000003
90069484,2015,2015-12-10,9730,2015-12-07,1825,015297,,1,2,9,2700,0,3,5,,2,007,"ROGGE ROAD","JASPER WAY",151.00,S,N,A,-,N,,,,,,,,,,Y,4,0,2,2,A,-,21,22106,,N,D,C,A,A,H,-,C,D,0,,,,,Y,,A,07,0,0,2,0,0,0,0,0,0,"- ","- ",36.731870000000001,-121.63187000000001,MONTEREY,UNINCORPORATED,-121.63164664999999,36.731773420000003
90069992,2015,2015-12-10,9730,2015-12-05,0715,020391,,6,1,9,2700,0,1,2,,1,050,"US-101 NORTHBOUND","HARTNELL RD",50.00,N,N,A,-,Y,,,101,,,,,,N,Y,4,0,1,3,A,-,21,22106,,N,C,C,A,A,H,-,A,D,0,,,,,Y,,D,22,0,0,1,0,0,0,0,0,0,"- ","- ",36.622900000000001,-121.58064,MONTEREY,UNINCORPORATED,-121.58069403,36.622824680000001
90071880,2015,2015-12-14,9730,2015-12-10,0720,012332,,4,1,9,2700,0,1,3,,1,072,SR-156,"CATHEDRAL OAK RD",1320.00,W,N,C,-,Y,,,,,,,,,,Y,4,0,1,2,A,-,03,22350,,N,C,C,A,B,H,-,A,D,0,,,,,Y,,A,07,0,0,1,0,0,0,0,0,0,"- ","- ",,,MONTEREY,UNINCORPORATED,-121.71933403,36.775355439999998
90073079,2015,2015-12-15,9730,2015-12-08,0313,019127,,2,3,9,2700,0,1,2,,1,070,"US-101 S/B","SAN JUAN RD",4752.00,S,N,A,-,Y,,,101,,,,,,S,Y,4,0,4,1,A,-,08,22107,,N,F,A,A,A,H,-,D,D,0,,,,,Y,,A,07,0,0,4,0,0,0,0,0,0,"- ","- ",36.846429999999998,-121.63533,MONTEREY,UNINCORPORATED,-121.63531145,36.846438740000004
90073164,2015,2015-12-15,9730,2015-12-08,1740,015160,,2,2,9,2700,0,2,4,,1,073,"ELKHORN ROAD","GARRISON ROAD",0.00,,Y,A,-,N,,,,,,,,,,N,4,0,1,2,A,-,09,21801,A,N,D,G,A,A,H,-,D,D,0,,Y,,,Y,,A,01,0,0,1,0,0,0,1,0,0,"- ","- ",,,MONTEREY,UNINCORPORATED,,
90073194,2015,2015-12-15,9730,2015-12-09,2242,020931,,3,3,9,2700,0,1,3,,2,062,"SR-1 S/B","DEL MONTE AVE",500.00,N,N,A,-,Y,,,,,,,,,,Y,4,0,1,2,A,-,07,21658,A,N,B,C,A,A,D,-,C,D,0,,,,,Y,,D,22,0,0,1,0,0,0,0,0,0,"- ","- ",,,MONTEREY,UNINCORPORATED,-121.86127,36.604520000000001
90074659,2015,2015-12-15,9730,2015-12-12,1615,020514,,6,2,9,2700,0,3,5,,2,003,"RIVER ROAD","CHUALAR RIVER ROAD",1000.00,N,N,A,-,N,,,,,,,,,,Y,4,0,1,2,A,-,09,21801,A,N,D,C,A,A,H,-,B,D,0,,,,,Y,,A,01,0,0,1,0,0,0,0,0,0,"- ","- ",36.556750000000001,-121.55085,MONTEREY,UNINCORPORATED,-121.55222126,36.558360589999999
90075933,2015,2015-12-17,9730,2015-12-11,1705,020981,,5,2,9,2700,0,1,3,,2,062,"SR-1 N/B",SR-68,1700.00,S,N,A,-,Y,,,1,,,,,,N,Y,4,0,1,2,C,-,18,,,N,C,C,A,A,H,-,A,D,0,,,,,Y,,-,"- ",0,0,1,0,0,0,0,0,0,"- ","- ",36.593809999999998,-121.87390000000001,MONTEREY,UNINCORPORATED,-121.87390267000001,36.593826499999999
90076042,2015,2015-12-17,9730,2015-12-10,1020,020391,,4,1,9,2700,0,1,3,,1,024,"SR-68 (HOLMAN HIGHWAY)","MORSE DR",300.00,E,N,B,-,Y,,,68,,,,,,,Y,4,0,1,1,A,-,03,22350,,N,E,I,A,B,H,-,A,D,0,,,,,Y,,D,22,0,0,1,0,0,0,0,0,0,"- ","- ",36.597920000000002,-121.92458999999999,MONTEREY,UNINCORPORATED,-121.92455654,36.597972599999999
90076049,2015,2015-12-17,9730,2015-12-11,1530,020514,,5,2,9,2700,0,1,3,,1,068,SR-68,"SAN BENANCIO RD",0.00,,Y,A,-,Y,,,,,,,,,,Y,4,0,2,3,A,-,12,21453,A,N,D,C,A,A,H,-,A,A,0,,,,,Y,,A,07,0,0,2,0,0,0,0,0,0,"- ","- ",,,MONTEREY,UNINCORPORATED,,
90076491,2015,2015-12-17,9730,2015-11-17,2016,015297,,2,2,9,2700,0,1,2,,1,070,"US-101 S/B","BLACKIE ROAD",5.00,S,N,A,-,Y,,,101,,,,,,S,Y,1,1,0,2,A,-,11,21954,A,N,G,B,D,A,H,-,D,D,0,Y,,,,Y,Y,N,60,0,0,0,1,0,0,0,0,0,"- ","- ",36.772359999999999,-121.66925000000001,MONTEREY,UNINCORPORATED,-121.66929235000001,36.772356539999997
90076513,2015,2015-12-17,9730,2015-12-11,2136,020621,,5,2,9,2700,0,3,5,,2,005,"SAN JUAN GRADE ROAD","NORTHRIDGE WAY",450.00,N,N,A,-,N,,,,,,,,,,Y,4,0,1,2,A,-,08,22107,,F,B,C,A,A,H,-,C,D,0,,,,,Y,,A,01,0,0,1,0,0,0,0,0,0,"- ","- ",36.721800000000002,-121.64873,MONTEREY,UNINCORPORATED,-121.64852259,36.721900560000002
90076644,2015,2015-12-17,9730,2015-12-09,0749,012332,,3,1,6,2708,0,1,2,,1,050,"US-101 (S/B)","BORONDA RD",528.00,S,N,A,-,Y,,,,,,,,,,N,4,0,1,2,A,-,03,22350,,N,C,C,A,A,H,-,A,D,0,,,,,Y,,A,07,0,0,1,0,0,0,0,0,0,"- ","- ",,,MONTEREY,SALINAS,-121.66035475,36.720602990000003
90076661,2015,2015-12-17,9730,2015-12-10,1315,017184,,4,1,9,2700,0,1,3,,1,022,SR-1,"GRANITE CYN BRIDGE",8448.00,N,N,B,-,Y,,,,,,,,,,Y,4,0,3,2,A,-,21,22106,,N,D,C,A,B,H,-,A,D,0,,,,,Y,,A,08,0,0,3,0,0,0,0,0,0,"- ","- ",,,MONTEREY,UNINCORPORATED,,
90078385,2015,2015-12-18,9735,2015-10-28,1328,017292,,3,1,9,2700,0,1,2,,2,044,"US-101 NORTHBOUND","ALVARADO ROAD",700.00,N,N,A,-,Y,,,101,,,,,,N,Y,1,1,1,1,A,-,01,23152,A,N,F,A,A,A,H,-,A,D,0,,,,,Y,,A,01,1,0,0,0,0,0,0,0,0,"- ","- ",35.948619999999998,-120.87657,MONTEREY,UNINCORPORATED,-120.87678941,35.948481559999998
90078567,2015,2015-12-21,9730,2015-12-12,1705,020514,,6,2,9,2700,0,1,3,,1,068,SR-68,"CORRAL DE TIERRA RD",10.00,E,N,A,-,Y,,,68,,,,,,,Y,3,0,3,3,A,-,01,23152,A,N,A,C,A,A,H,-,B,D,0,,,,,Y,Y,A,01,0,1,2,0,0,0,0,0,0,"- ","- ",36.578530000000001,-121.72701000000001,MONTEREY,UNINCORPORATED,-121.72700761,36.578509459999999
90078620,2015,2015-12-21,9730,2015-12-14,0200,020916,,1,3,9,2700,0,1,3,,1,074,"SR-1 S/B","MOLERA RD.",528.00,N,N,A,-,Y,,,1,,,,,,S,Y,3,0,1,1,A,-,01,23152,A,N,E,I,A,A,H,-,C,D,0,,,,,Y,Y,A,01,0,1,0,0,0,0,0,0,0,"- ","- ",36.781379999999999,-121.7788,MONTEREY,UNINCORPORATED,-121.77883557,36.781342670000001
90078622,2015,2015-12-21,9730,2015-12-15,1718,019239,,2,2,6,2708,0,1,2,,1,050,"US-101 N/B","NORTH MAIN ST (ON-RAMP)",1100.00,N,N,A,-,Y,,,,,,,,,,Y,4,0,1,2,A,-,03,22350,,N,C,C,A,A,H,-,D,D,0,,,,,Y,,D,22,0,0,1,0,0,0,0,0,0,"- ","- ",,,MONTEREY,SALINAS,-121.656133,36.689295270000002
90078623,2015,2015-12-21,9730,2015-12-15,0850,019529,,2,1,9,2700,0,1,3,,2,062,"STATE ROUTE 1 NORTHBOUND","DEL MONTE NORTH",800.00,N,N,A,-,Y,,,,,,,,,,Y,3,0,2,1,A,-,08,22107,,N,E,I,A,A,H,-,A,D,0,,,,,Y,,A,01,0,1,1,0,0,0,0,0,0,"- ","- ",,,MONTEREY,UNINCORPORATED,-121.86100999999999,36.604660000000003
90079397,2015,2015-12-21,9730,2015-12-16,1705,015297,,3,2,9,2700,0,3,5,,2,007,"MERIDIAN ROAD",SR-156,39.00,N,N,A,-,N,,,,,,,,,,Y,4,0,2,1,A,-,08,22107,,N,E,I,A,A,H,-,B,A,0,,,,,Y,,A,01,0,0,2,0,0,0,0,0,0,"- ","- ",36.787999999999997,-121.67883,MONTEREY,UNINCORPORATED,-121.67894721,36.7881018
90079799,2015,2015-12-22,9730,2015-12-15,2240,019127,,2,3,9,2700,0,2,4,,1,023,"E. CARMEL VALLEY RD","SAN CLEMENTE DR",1584.00,W,N,A,-,N,,,,,,,,,,Y,3,0,1,1,A,-,01,23152,A,N,E,I,A,A,H,-,D,D,0,,,,,Y,,D,22,0,1,0,0,0,0,0,0,0,"- ","- ",36.461460000000002,-121.70993,MONTEREY,UNINCORPORATED,-121.70459486999999,36.455301179999999