CASE_ID,ACCIDENT_YEAR,PROC_DATE,JURIS,COLLISION_DATE,COLLISION_TIME,OFFICER_ID,REPORTING_DISTRICT,DAY_OF_WEEK,CHP_SHIFT,POPULATION,CNTY_CITY_LOC,SPECIAL_COND,BEAT_TYPE,CHP_BEAT_TYPE,CITY_DIVISION_LAPD,CHP_BEAT_CLASS,BEAT_NUMBER,PRIMARY_RD,SECONDARY_RD,DISTANCE,DIRECTION,INTERSECTION,WEATHER_1,WEATHER_2,STATE_HWY_IND,CALTRANS_COUNTY,CALTRANS_DISTRICT,STATE_ROUTE,ROUTE_SUFFIX,POSTMILE_PREFIX,POSTMILE,LOCATION_TYPE,RAMP_INTERSECTION,SIDE_OF_HWY,TOW_AWAY,COLLISION_SEVERITY,NUMBER_KILLED,NUMBER_INJURED,PARTY_COUNT,PRIMARY_COLL_FACTOR,PCF_CODE_OF_VIOL,PCF_VIOL_CATEGORY,PCF_VIOLATION,PCF_VIOL_SUBSECTION,HIT_AND_RUN,TYPE_OF_COLLISION,MVIW,PED_ACTION,ROAD_SURFACE,ROAD_COND_1,ROAD_COND_2,LIGHTING,CONTROL_DEVICE,CHP_ROAD_TYPE,PEDESTRIAN_ACCIDENT,BICYCLE_ACCIDENT,MOTORCYCLE_ACCIDENT,TRUCK_ACCIDENT,NOT_PRIVATE_PROPERTY,ALCOHOL_INVOLVED,STWD_VEHTYPE_AT_FAULT,CHP_VEHTYPE_AT_FAULT,COUNT_SEVERE_INJ,COUNT_VISIBLE_INJ,COUNT_COMPLAINT_PAIN,COUNT_PED_KILLED,COUNT_PED_INJURED,COUNT_BICYCLIST_KILLED,COUNT_BICYCLIST_INJURED,COUNT_MC_KILLED,COUNT_MC_INJURED,PRIMARY_RAMP,SECONDARY_RAMP,LATITUDE,LONGITUDE,COUNTY,CITY,POINT_X,POINT_Y
90080344,2015,2015-12-22,9730,2015-12-16,0756,012332,,3,1,6,2708,0,1,2,,1,050,"US-101 (S/B)","SHERWOOD DR",5.00,N,N,A,-,Y,,,,,,,,,,Y,4,0,1,2,A,-,03,22350,,N,C,C,A,A,H,-,A,D,0,,,,,Y,,A,01,0,0,1,0,0,0,0,0,0,"- ","- ",,,MONTEREY,SALINAS,-121.64846448999999,36.684737239999997
90080399,2015,2015-12-22,9735,2015-12-14,1940,019486,,1,2,9,2700,0,1,2,,2,044,"U/S 101 N/B TO JOLON ROAD","JOLON ROAD UNDER CROSSING",1532.00,S,N,A,-,N,,,,,,,,,,Y,2,0,1,1,A,-,08,22107,,N,F,I,A,A,H,-,D,D,0,,,,,Y,,A,01,1,0,0,0,0,0,0,0,0,"- ","- ",35.871409999999997,-120.83083000000001,MONTEREY,UNINCORPORATED,,
90080832,2015,2015-12-23,9730,2015-12-16,1824,021009,,3,2,9,2700,0,3,5,,2,003,"FOLETTA ROAD","ALTA STREET",50.00,W,N,A,-,N,,,,,,,,,,Y,4,0,1,1,A,-,03,22350,,N,E,I,A,A,H,-,D,D,0,,,,,Y,,A,01,0,0,1,0,0,0,0,0,0,"- ","- ",36.525880000000001,-121.32828000000001,MONTEREY,UNINCORPORATED,-121.46606982,36.52351118
90080865,2015,2015-12-23,9730,2015-12-16,0810,012332,,3,1,6,2708,0,1,2,,1,070,"US-101 S/B FROM MAIN STREET","MAIN ST",225.00,S,N,A,-,Y,,,,,,,,,,N,3,0,1,2,A,-,03,22350,,N,C,C,A,A,H,-,A,D,0,,,,,Y,,A,01,0,1,0,0,0,0,0,0,0,"- ","- ",,,MONTEREY,SALINAS,-121.6528591,36.686665269999999
90081290,2015,2015-12-23,9730,2015-12-17,0620,012332,,4,1,9,2700,0,3,5,,2,005,"ESPINOSA RD","CHRISTENSEN ROAD",4224.00,W,N,A,-,N,,,,,,,,,,Y,4,0,3,2,A,-,03,22350,,N,C,C,A,A,H,-,D,D,0,,,,,Y,,D,22,0,0,3,0,0,0,0,0,0,"- ","- ",,,MONTEREY,UNINCORPORATED,-121.67189886,36.738851990000001
90082534,2015,2015-12-28,9730,2015-12-14,2130,020931,,1,2,9,2700,0,3,5,,2,002,"AGUAJITO RD","VIEJO RD",700.00,S,N,A,-,N,,,,,,,,,,Y,3,0,1,1,A,-,01,23152,A,N,E,I,A,A,H,-,D,D,0,,,,,Y,Y,A,01,0,1,0,0,0,0,0,0,0,"- ","- ",,,MONTEREY,UNINCORPORATED,-121.89168806000001,36.570152899999997
90082539,2015,2015-12-28,9730,2015-12-15,2140,020233,,2,2,9,2700,0,1,3,,1,024,"SR-68 (HOLMAN HWY)","MORSE DRIVE",2640.00,E,N,B,-,Y,,,68,,,,,,,Y,2,0,1,1,A,-,01,23152,A,N,E,I,A,A,H,-,D,D,0,,,,,Y,Y,A,01,1,0,0,0,0,0,0,0,0,"- ","- ",36.591239999999999,-121.92261999999999,MONTEREY,UNINCORPORATED,-121.92258279000001,36.591256700000002
90082555,2015,2015-12-28,9730,2015-12-15,2200,017184,,2,3,9,2700,0,1,3,,1,012,SR-1,"WILD CATTLE CREEK BRIDGE",1584.00,N,N,A,-,Y,,,,,,,,,,Y,3,0,1,1,A,-,08,22107,,N,E,I,A,A,H,-,D,D,0,,,,,Y,,A,08,0,1,0,0,0,0,0,0,0,"- ","- ",,,MONTEREY,UNINCORPORATED,,
90082556,2015,2015-12-28,9730,2015-12-15,1738,018312,,2,2,9,2700,0,2,4,,1,023,"CARMEL VALLEY ROAD","HOLMAN ROAD",312.00,W,N,A,-,N,,,,,,,,,,Y,3,0,2,1,A,-,08,22107,,N,E,I,A,A,H,-,D,D,0,,,,,Y,,A,01,0,1,1,0,0,0,0,0,0,"- ","- ",36.475999999999999,-121.72398,MONTEREY,UNINCORPORATED,-121.72357078,36.476040939999997
90082560,2015,2015-12-28,9730,2015-12-18,1830,019700,,5,2,9,2700,0,1,3,,1,074,SR-183,"DEL MONTE AVE",0.00,,Y,A,-,Y,,,,,,,,,,Y,3,0,3,2,A,-,09,21802,A,N,D,C,A,A,H,-,D,D,0,,,,,Y,,A,01,0,1,2,0,0,0,0,0,0,"- ","- ",36.451819999999998,-121.44377,MONTEREY,UNINCORPORATED,-121.74386993,36.755110070000001
90082574,2015,2015-12-28,9730,2015-12-21,1224,012332,,1,1,6,2708,0,1,2,,1,050,"US-101 (N/B)","BORONDA RD",1056.00,S,N,B,-,Y,,,,,,,,,,N,4,0,1,2,A,-,03,22350,,N,C,C,A,B,H,-,A,D,0,,,,,Y,,A,01,0,0,1,0,0,0,0,0,0,"- ","- ",,,MONTEREY,SALINAS,-121.66073455999999,36.719185039999999
90082575,2015,2015-12-28,9730,2015-12-21,1058,020903,,1,1,9,2700,0,3,5,,2,003,"RIVER ROAD","LAS PALMAS ROAD",0.00,,Y,B,-,N,,,,,,,,,,Y,3,0,1,2,A,-,12,21453,A,N,A,C,A,B,H,-,A,A,0,,,,,Y,,A,01,0,1,0,0,0,0,0,0,0,"- ","- ",36.62229,-121.66902,MONTEREY,UNINCORPORATED,-121.66917999,36.622390029999998
90082581,2015,2015-12-28,9730,2015-12-21,1630,020981,,1,2,9,2700,0,1,2,,1,050,"US-101 S/B","SPENCE ROAD",0.00,,Y,C,-,Y,,,101,,,,,,S,Y,3,0,1,2,A,-,03,22350,,N,D,C,A,B,H,-,A,D,0,,,,Y,Y,,A,01,0,1,0,0,0,0,0,0,0,"- ","- ",36.612720000000003,-121.56717,MONTEREY,UNINCORPORATED,-121.56716855000001,36.612721980000003
90082582,2015,2015-12-28,9730,2015-12-20,1610,020981,,7,2,9,2700,0,3,5,,2,005,"MARTINES ROAD","HARRISON ROAD",2000.00,N,N,A,-,N,,,,,,,,,,N,3,0,1,1,A,-,21,22106,,N,F,A,A,A,H,-,A,D,0,,,Y,,Y,,C,02,0,1,0,0,0,0,0,0,1,"- ","- ",36.752209999999998,-121.66312000000001,MONTEREY,UNINCORPORATED,-121.66295671,36.752207429999999
90082586,2015,2015-12-28,9730,2015-12-15,1720,020933,,2,2,9,2700,0,1,3,,1,024,"SR-68 (HOLMAN HIGHWAY)","SCENIC DRIVE O/C",528.00,W,N,A,-,Y,,,68,,,,,,,N,4,0,1,2,A,-,01,23152,A,N,C,C,A,A,H,-,B,D,0,,,,,Y,Y,A,01,0,0,1,0,0,0,0,0,0,"- ","- ",36.59046,-121.92259,MONTEREY,UNINCORPORATED,-121.92256584,36.590439019999998
90082587,2015,2015-12-28,9730,2015-12-21,2205,019700,,1,3,9,2700,0,1,3,,1,072,SR-156,"MERIDIAN ROAD",300.00,W,N,C,-,Y,,,,,,,,,,Y,3,0,1,1,A,-,03,22350,,N,E,I,A,B,H,-,D,D,0,,,,,Y,,A,07,0,1,0,0,0,0,0,0,0,"- ","- ",,,MONTEREY,UNINCORPORATED,-121.67982612,36.787913979999999
90082595,2015,2015-12-28,9730,2015-12-22,1240,019529,,2,1,9,2700,0,1,3,,2,062,"STATE ROUTE 1 SOUTHBOUND","SOLEDAD DR.",550.00,N,N,C,-,Y,,,,,,,,,,Y,4,0,1,2,A,-,03,22350,,N,C,C,A,B,H,-,A,D,0,,,,,Y,,A,01,0,0,1,0,0,0,0,0,0,"- ","- ",,,MONTEREY,UNINCORPORATED,-121.89785471,36.582339830000002
90082600,2015,2015-12-28,9730,2015-12-23,1855,015297,,3,2,9,2700,0,3,5,,2,007,"ESPINOSA ROAD",US-101,7920.00,W,N,A,-,N,,,,,,,,,,Y,4,0,2,2,A,-,03,22350,,N,C,C,A,A,H,-,D,D,0,,,,,Y,,A,01,0,0,2,0,0,0,0,0,0,"- ","- ",36.741729999999997,-121.68212,MONTEREY,UNINCORPORATED,-121.68277309,36.741888009999997
90082601,2015,2015-12-28,9730,2015-12-10,2223,021009,,4,3,3,2712,0,1,3,,2,062,"SR-1 S/B","DEL MONTE BLVD",500.00,S,N,A,-,Y,,,1,,,,,,S,Y,4,0,1,2,A,-,08,22107,,F,E,I,A,B,H,-,D,D,0,,,,,Y,,-,99,0,0,1,0,0,0,0,0,0,"- ","- ",36.676160000000003,-121.80868,MONTEREY,MARINA,-121.80856334000001,36.676096970000003
90082852,2015,2015-12-28,9730,2015-12-13,2005,020933,,7,2,9,2700,0,1,3,,1,014,SR-1,"LITTLE SUR RIVER BRIDGE",4752.00,S,N,C,-,Y,,,1,,,,,,,Y,3,0,1,2,A,-,01,23152,A,N,D,C,A,B,H,-,D,D,0,,,,,Y,Y,D,22,0,1,0,0,0,0,0,0,0,"- ","- ",36.327629999999999,-121.8939,MONTEREY,UNINCORPORATED,-121.89394050999999,36.327659150000002
90083178,2015,2015-12-28,9730,2015-12-13,1532,019981,,7,2,4,2706,0,1,3,,1,068,SR-68,"FAIRGROUNDS RD O/C",30.00,E,N,C,-,Y,,,,,,,,,,Y,2,0,3,2,A,-,03,22350,,N,C,C,A,B,H,-,A,D,0,,,,,Y,,A,01,1,1,1,0,0,0,0,0,0,"- ","- ",,,MONTEREY,MONTEREY,,
90083420,2015,2015-12-28,9730,2015-12-24,1200,017851,,4,1,9,2700,0,2,4,,1,073,"HALL RD","JOHNSON RD",528.00,E,N,B,-,N,,,,,,,,,,Y,3,0,2,2,A,-,03,22350,,N,C,C,A,B,H,-,A,D,0,,,,,Y,,D,22,0,1,1,0,0,0,0,0,0,"- ","- ",36.860480000000003,-121.70422000000001,MONTEREY,UNINCORPORATED,-121.70556279,36.860692559999997
90083487,2015,2015-12-28,9730,2015-12-24,1835,020514,,4,2,9,2700,0,3,5,,2,007,"LAS LOMAS DRIVE","FLORA DRIVE",100.00,N,N,A,-,N,,,,,,,,,,Y,4,0,2,2,A,-,03,22350,,N,F,C,A,B,H,-,D,D,0,,,,,Y,,A,01,0,0,2,0,0,0,0,0,0,"- ","- ",36.869199999999999,-121.73524,MONTEREY,UNINCORPORATED,,
90083501,2015,2015-12-28,9735,2015-12-26,1320,020036,,6,1,9,2700,0,3,5,,2,005,"BRADLEY RD","CORPS RD",3168.00,N,N,A,-,N,,,,,,,,,,Y,3,0,1,1,A,-,08,22107,,N,F,A,A,A,H,-,A,D,0,,,,,Y,,A,01,0,1,0,0,0,0,0,0,0,"- ","- ",,,MONTEREY,UNINCORPORATED,-120.75123915,35.83609731
90084099,2015,2015-12-29,9730,2015-12-21,2155,020931,,1,2,9,2700,0,2,4,,2,063,"BLANCO RD","COOPER RD",1584.00,W,N,C,-,N,,,,,,,,,,Y,4,0,1,1,A,-,08,22107,,N,E,I,A,B,H,-,D,D,0,,,,,Y,,A,01,0,0,1,0,0,0,0,0,0,"- ","- ",36.67859,-121.73999999999999,MONTEREY,UNINCORPORATED,-121.74042179,36.678646090000001
90084221,2015,2015-12-29,9730,2015-12-26,1445,020981,,6,2,9,2700,0,2,4,,1,075,"SAN JUAN ROAD","PORTER DRIVE",0.00,,Y,A,-,N,,,,,,,,,,N,3,0,1,2,A,-,09,21453,B,N,A,G,A,A,H,-,A,A,0,,Y,,,Y,,D,22,0,1,0,0,0,0,1,0,0,"- ","- ",36.904820000000001,-121.75006,MONTEREY,UNINCORPORATED,-121.7504,36.904520069999997
90084363,2015,2015-12-29,9730,2015-12-26,1755,020419,,6,2,9,2700,0,3,5,,2,005,"HITCHCOCK RD","DAVIS RD",3300.00,E,N,A,-,N,,,,,,,,,,Y,2,0,3,2,A,-,05,21650,,N,A,C,A,A,H,-,D,D,0,,,,,Y,,A,01,1,1,1,0,0,0,0,0,0,"- ","- ",36.653739999999999,-121.68221,MONTEREY,UNINCORPORATED,-121.68247706,36.653881169999998
90084420,2015,2015-12-29,9730,2015-12-28,1714,015297,,1,2,9,2700,0,1,3,,1,022,"SR-1 N/B","SR-68 WESTBOUND",528.00,N,N,A,-,Y,,,1,,,,,,N,Y,4,0,2,2,A,-,03,22350,,N,C,C,A,A,H,-,B,D,0,,,,,Y,,A,07,0,0,2,0,0,0,0,0,0,"- ","- ",36.579129999999999,-121.90535,MONTEREY,UNINCORPORATED,-121.9054493,36.579290790000002
90084525,2015,2015-12-29,9730,2015-12-22,2232,020981,,2,3,9,2700,0,1,3,,1,072,SR-156,"MCGUFFIE ROAD",0.00,,Y,A,-,Y,,,156,,,,,,,Y,4,0,1,1,C,-,18,,,N,H,J,A,A,H,-,D,D,0,,,,,Y,,-,"- ",0,0,1,0,0,0,0,0,0,"- ","- ",36.788739999999997,-121.67474,MONTEREY,UNINCORPORATED,-121.67474060000001,36.78874364
90084716,2015,2015-12-29,9730,2015-12-28,0945,020391,,1,1,9,2700,0,2,4,,1,075,"SAN JUAN RD","DUNBARTON RD",330.00,W,N,B,-,N,,,,,,,,,,Y,3,0,1,2,A,-,05,21460,A,N,A,C,A,B,H,-,A,D,0,,,,,Y,,A,01,0,1,0,0,0,0,0,0,0,"- ","- ",36.855150000000002,-121.64023,MONTEREY,UNINCORPORATED,-121.64017914,36.855146390000002
90086354,2015,2015-12-31,9735,2015-12-21,2344,019486,,1,3,3,2705,0,1,2,,1,041,"US 101 NORTHBOUND","BROADWAY STREET U/C",736.00,S,N,B,-,Y,,,,,,,,,,Y,1,1,1,2,A,-,05,21651,B,N,A,C,A,A,H,-,C,D,0,,,,,Y,,A,01,0,1,0,0,0,0,0,0,0,"- ","- ",36.204140000000002,-121.13481,MONTEREY,"KING CITY",-121.13773999999999,36.204509999999999
90086608,2015,2015-12-31,9735,2015-12-31,0750,017257,,4,1,9,2700,0,2,4,,1,021,"FRUDDEN RD","JOLON RD",2640.00,E,N,A,-,N,,,,,,,,,,Y,4,0,1,1,A,-,08,22107,,N,F,A,A,A,H,-,A,D,0,,,,,Y,,A,07,0,0,1,0,0,0,0,0,0,"- ","- ",35.900419999999997,-120.93438,MONTEREY,UNINCORPORATED,-120.93408533,35.901532189999998
90086920,2015,2016-01-04,9730,2015-12-19,1220,018543,,6,1,9,2700,0,1,3,,1,066,"MERRITT STREET","BLACKIE ROAD",0.00,,Y,A,-,Y,,,,,,,,,,Y,4,0,1,2,A,-,01,23152,A,M,C,C,A,A,H,-,A,A,0,,,,,Y,Y,A,01,0,0,1,0,0,0,0,0,0,"- ","- ",36.757249999999999,-121.74636,MONTEREY,UNINCORPORATED,-121.74671992,36.757350049999999
90086924,2015,2016-01-04,9730,2015-12-24,1430,020514,,4,2,9,2700,0,3,5,,2,006,"CRAZY HORSE CANYON ROAD","HIDDEN CANYON ROAD",600.00,S,N,A,-,N,,,,,,,,,,Y,4,0,1,1,A,-,08,22107,,N,E,I,A,B,H,-,A,D,0,,,,,Y,,D,22,0,0,1,0,0,0,0,0,0,"- ","- ",36.784509999999997,-121.61104,MONTEREY,UNINCORPORATED,-121.61131487,36.786283779999998
90086926,2015,2016-01-04,9730,2015-12-24,1743,015297,,4,2,9,2700,0,3,5,,2,006,"RESERVATION ROAD","EAST GARRISON DRIVE",65.00,E,N,B,-,N,,,,,,,,,,Y,3,0,1,2,A,-,08,22107,,F,E,C,A,B,H,-,C,D,0,,,,,Y,,-,99,0,1,0,0,0,0,0,0,0,"- ","- ",36.655799999999999,-121.73248,MONTEREY,UNINCORPORATED,-121.73242899,36.65587661
90086941,2015,2016-01-04,9730,2015-12-28,1315,015160,,1,1,9,2700,0,1,3,,1,074,SR-1,"JENSEN ROAD",50.00,N,N,A,-,Y,,,,,,,,,,N,4,0,1,3,A,-,03,22350,,N,C,C,A,A,H,-,A,D,0,,,,,Y,,A,07,0,0,1,0,0,0,0,0,0,"- ","- ",,,MONTEREY,UNINCORPORATED,-121.77182542,36.853947310000002
90086965,2015,2016-01-22,9730,2015-12-21,1540,021009,,1,2,9,2700,0,1,3,,1,014,SR-1,"AURORA DEL MAR",5280.00,S,N,C,-,Y,,,1,,,,,,,Y,3,0,2,3,A,-,05,21460,A,N,A,C,A,B,H,-,A,D,0,,,,,Y,,A,01,0,1,1,0,0,0,0,0,0,"- ","- ",36.46801,-121.92986999999999,MONTEREY,UNINCORPORATED,-121.93005281000001,36.467725629999997
90086977,2015,2016-01-04,9730,2015-12-29,0453,020576,,2,3,9,2700,0,1,2,,1,070,"US-101 NORTHBOUND","SAN JUAN ROAD O/C",1320.00,S,N,A,-,Y,,,101,,,,,,N,Y,4,0,1,1,A,-,08,22107,,N,E,I,A,A,H,-,D,D,0,,,,,Y,,D,22,0,0,1,0,0,0,0,0,0,"- ","- ",36.854019999999998,-121.63374,MONTEREY,UNINCORPORATED,-121.63377288,36.854053
90088475,2016,2016-01-05,9730,2016-01-02,1102,019745,,6,1,9,2700,0,3,5,,2,003,"HUNTER LANE",SR-68,3696.00,S,N,B,-,N,,,,,,,,,,Y,4,0,1,1,A,-,08,22107,,N,F,J,A,A,H,-,A,D,0,,,,,Y,,A,01,0,0,1,0,0,0,0,0,0,"- ","- ",36.643970000000003,-121.65062,MONTEREY,UNINCORPORATED,,
90088553,2015,2016-01-05,9730,2015-12-30,1520,015297,,3,2,9,2700,0,1,3,,1,022,SR-1,"RIBERA ROAD",105.00,N,N,A,-,Y,,,,,,,,,,N,4,0,1,4,A,-,03,22350,,N,C,C,A,A,H,-,A,D,0,,,,,Y,,A,01,0,0,1,0,0,0,0,0,0,"- ","- ",36.314700000000002,-121.557,MONTEREY,UNINCORPORATED,-121.91897962,36.529160580000003
90088590,2016,2016-01-05,9730,2016-01-04,1512,019700,,1,2,9,2700,0,1,3,,1,068,SR-68,"BOOTS ROAD",2640.00,E,N,A,-,Y,,,,,,,,,,Y,3,0,1,1,A,-,08,22107,,N,E,I,A,A,H,-,A,D,0,,,,,Y,,A,07,0,1,0,0,0,0,0,0,0,"- ","- ",36.34149,-121.46147999999999,MONTEREY,UNINCORPORATED,,
90088774,2016,2016-01-12,9730,2016-01-03,1215,019529,,7,1,9,2700,0,1,3,,2,062,"STATE ROUTE 1","RIO ROAD",0.00,,Y,A,-,Y,,,1,,,,,,,Y,3,0,2,2,A,-,12,21453,A,N,D,C,A,A,H,-,A,D,0,,,,,Y,,A,07,0,1,1,0,0,0,0,0,0,"- ","- ",36.539299999999997,-121.9102,MONTEREY,UNINCORPORATED,-121.91027918,36.539367839999997
90088835,2015,2016-01-05,9730,2015-12-29,1820,015297,,2,2,9,2700,0,1,3,,1,022,"SR-1 N/B","SR-68 W/B(HOLMAN HIGHWAY)",230.00,N,N,A,-,Y,,,1,,,,,,N,Y,4,0,1,3,A,-,03,22350,,N,C,C,A,A,H,-,C,D,0,,,,,Y,,A,01,0,0,1,0,0,0,0,0,0,"- ","- ",36.57461,-121.91227000000001,MONTEREY,UNINCORPORATED,-121.91227745,36.57461387
90089183,2015,2016-01-06,9730,2015-12-31,1215,012332,,4,1,9,2700,0,3,5,,2,006,"PRUNEDALE SOUTH RD","BLACKIE RD",2112.00,N,N,A,-,N,,,,,,,,,,Y,3,0,1,1,A,-,08,22107,,N,F,J,A,A,H,-,A,D,0,,,,,Y,,A,01,0,1,0,0,0,0,0,0,0,"- ","- ",,,MONTEREY,UNINCORPORATED,-121.67014150999999,36.7801203
90090274,2016,2016-01-07,9730,2016-01-05,0833,012332,,2,1,9,2700,0,1,2,,1,070,"US-101 (N/B)","SALA RD",528.00,S,N,C,-,Y,,,,,,,,,,Y,4,0,1,1,A,-,08,22107,,N,E,J,A,B,H,-,A,D,0,,,,,Y,,A,01,0,0,1,0,0,0,0,0,0,"- ","- ",,,MONTEREY,UNINCORPORATED,-121.6597259,36.742328030000003
90090444,2015,2016-01-07,9730,2015-09-26,2330,020233,,6,3,6,2708,0,1,2,,1,050,"US-101 SOUTHBOUND","BORONDA ROAD",3913.00,S,N,A,-,Y,,,101,,,,,,S,Y,1,1,0,2,A,-,01,23152,A,N,C,E,A,A,H,-,D,D,0,,,,Y,Y,Y,A,01,0,0,0,0,0,0,0,0,0,"- ","- ",36.712150000000001,-121.66298,MONTEREY,SALINAS,-121.66297738999999,36.712148800000001
90090461,2016,2016-01-07,9735,2016-01-06,1405,017257,,3,2,9,2700,0,1,2,,1,040,"THIRD STREET","WALNUT AVE",0.00,,Y,C,-,N,,,,,,,,,,Y,4,0,1,2,A,-,12,21453,A,N,D,C,A,B,H,-,A,A,0,,,,,Y,,A,01,0,0,1,0,0,0,0,0,0,"- ","- ",36.331949999999999,-121.23927,MONTEREY,UNINCORPORATED,-121.23926992,36.331960109999997
90090750,2015,2016-01-07,9735,2015-12-07,1945,017952,,1,2,9,2700,0,1,2,,2,042,"US-101 S/B","LAYOUS O/C",2112.00,N,N,A,-,Y,,,101,,,,,,S,N,1,1,0,2,D,-,00,,,F,G,B,E,A,H,-,D,D,0,Y,,,,Y,,-,"- ",0,0,0,1,0,0,0,0,0,"- ","- ",36.174790000000002,-121.06188,MONTEREY,UNINCORPORATED,-121.06185502,36.174802890000002
90091142,2016,2016-01-08,9735,2016-01-01,0105,019330,,5,3,9,2700,0,1,2,,1,041,"US-101 N/B","CENTRAL AVE",1056.00,S,N,A,-,Y,,,,,,,,,,Y,4,0,1,1,A,-,08,22107,,N,F,A,A,A,H,-,D,D,0,,,,,Y,,A,07,0,0,1,0,0,0,0,0,0,"- ","- ",36.226129999999998,-121.06665,MONTEREY,UNINCORPORATED,-121.17395270999999,36.230931599999998
90092014,2016,2016-01-11,9730,2016-01-01,2332,020990,,5,3,9,2700,0,2,4,,1,073,"HALL ROAD","ELKHORN ROAD",200.00,E,N,A,-,Y,,,,,,,,,,Y,4,0,1,2,A,-,05,21460,A,N,A,C,A,A,H,-,D,D,0,,,,,Y,,A,01,0,0,1,0,0,0,0,0,0,"- ","- ",36.866889999999998,-121.74167,MONTEREY,UNINCORPORATED,-121.74330582,36.868106140000002
90092028,2016,2016-01-11,9730,2016-01-02,1755,019700,,6,2,9,2700,0,1,3,,1,074,SR-1,"JETTY ROAD",720.00,S,N,B,-,Y,,,,,,,,,,Y,4,0,2,3,A,-,03,22350,,N,C,C,A,A,H,-,D,D,0,,,,,Y,,A,01,0,0,2,0,0,0,0,0,0,"- ","- ",36.485370000000003,-121.47851,MONTEREY,UNINCORPORATED,-121.78575859,36.814935239999997
90092055,2016,2016-01-11,9730,2016-01-01,0245,020933,,5,3,9,2700,0,3,5,,2,001,"PALO COLORADO ROAD",SR-1,6336.00,E,N,A,-,N,,,,,,,,,,Y,2,0,3,1,A,-,01,23152,A,N,E,I,A,A,H,-,D,D,0,,,,,Y,Y,A,08,1,1,1,0,0,0,0,0,0,"- ","- ",36.397970000000001,-121.88466,MONTEREY,UNINCORPORATED,,
90092801,2016,2016-01-11,9730,2016-01-03,0610,020417,,7,1,6,2708,0,1,2,,1,050,"US-101 N/B","LAUREL DR.",1056.00,S,N,B,-,Y,,,101,,,,,,N,Y,3,0,2,1,A,-,08,22107,,N,F,A,A,A,H,-,C,D,0,,,,,Y,,A,07,0,2,0,0,0,0,0,0,0,"- ","- ",36.694189999999999,-121.66249000000001,MONTEREY,SALINAS,-121.66244485999999,36.694224310000003
90092849,2015,2016-01-11,9730,2015-12-31,0119,020576,,4,3,9,2700,0,3,5,,2,006,"ESPINOSA ROAD","RODGERS ROAD",5280.00,E,N,A,-,N,,,,,,,,,,Y,4,0,1,1,A,-,01,23152,E,N,E,I,A,A,H,-,D,D,0,,,,,Y,,A,07,0,0,1,0,0,0,0,0,0,"- ","- ",36.74004,-121.67606000000001,MONTEREY,UNINCORPORATED,-121.67437400999999,36.739542839999999
90092881,2016,2016-01-11,9730,2016-01-05,0020,018820,,2,3,9,2700,0,2,4,,1,073,"SAN MIGUEL CANYON RD.","MORO RD.",0.00,,Y,B,C,N,,,,,,,,,,Y,3,0,1,2,A,-,09,21453,B,N,D,C,A,A,H,-,C,A,0,,,,,Y,,A,01,0,1,0,0,0,0,0,0,0,"- ","- ",36.802660000000003,-121.66656999999999,MONTEREY,UNINCORPORATED,-121.66671997,36.802670059999997
90093557,2016,2016-01-12,9730,2016-01-06,1245,019529,,3,1,9,2700,0,1,3,,2,062,"STATE ROUTE 1 (NORTHBOUND)","FREMONT ST. (SEASIDE)",800.00,S,N,B,C,Y,,,,,,,,,,Y,4,0,1,3,A,-,08,22107,,N,D,I,A,B,H,-,A,D,0,,,,,Y,,A,01,0,0,1,0,0,0,0,0,0,"- ","- ",,,MONTEREY,UNINCORPORATED,,
90095401,2016,2016-01-14,9730,2016-01-12,0815,020576,,2,1,9,2700,0,3,5,,2,003,"CORRAL DE TIERRA ROAD","DEER TRAIL ROAD",200.00,S,N,A,-,N,,,,,,,,,,Y,4,0,1,2,A,-,09,21804,A,N,D,C,A,A,H,-,A,D,0,,,,,Y,,A,07,0,0,1,0,0,0,0,0,0,"- ","- ",36.542870000000001,-121.72628,MONTEREY,UNINCORPORATED,,
90095572,2016,2016-01-14,9735,2016-01-06,1215,016816,,3,1,9,2700,0,3,5,,2,004,"HARE CANYON RD.","BRADLEY RD.",17952.00,E,N,B,C,N,,,,,,,,,,N,4,0,1,1,A,-,08,22107,,N,E,I,A,B,H,-,A,D,0,,,,,Y,,A,01,0,0,1,0,0,0,0,0,0,"- ","- ",35.862169999999999,-120.77722,MONTEREY,UNINCORPORATED,-120.73513244999999,35.898829650000003
90095614,2016,2016-01-14,9735,2016-01-10,0430,017257,,7,3,9,2700,0,1,2,,2,044,"US 101 SOUTHBOUND","ALVARADO ROAD",8976.00,S,N,C,-,Y,,,,,,,,,,Y,4,0,1,1,A,-,01,23152,A,N,E,I,A,B,H,-,D,A,0,,,,,Y,Y,A,07,0,0,1,0,0,0,0,0,0,"- ","- ",35.944830000000003,-120.87596000000001,MONTEREY,UNINCORPORATED,-120.86681385,35.923801769999997