CASE_ID,ACCIDENT_YEAR,PROC_DATE,JURIS,COLLISION_DATE,COLLISION_TIME,OFFICER_ID,REPORTING_DISTRICT,DAY_OF_WEEK,CHP_SHIFT,POPULATION,CNTY_CITY_LOC,SPECIAL_COND,BEAT_TYPE,CHP_BEAT_TYPE,CITY_DIVISION_LAPD,CHP_BEAT_CLASS,BEAT_NUMBER,PRIMARY_RD,SECONDARY_RD,DISTANCE,DIRECTION,INTERSECTION,WEATHER_1,WEATHER_2,STATE_HWY_IND,CALTRANS_COUNTY,CALTRANS_DISTRICT,STATE_ROUTE,ROUTE_SUFFIX,POSTMILE_PREFIX,POSTMILE,LOCATION_TYPE,RAMP_INTERSECTION,SIDE_OF_HWY,TOW_AWAY,COLLISION_SEVERITY,NUMBER_KILLED,NUMBER_INJURED,PARTY_COUNT,PRIMARY_COLL_FACTOR,PCF_CODE_OF_VIOL,PCF_VIOL_CATEGORY,PCF_VIOLATION,PCF_VIOL_SUBSECTION,HIT_AND_RUN,TYPE_OF_COLLISION,MVIW,PED_ACTION,ROAD_SURFACE,ROAD_COND_1,ROAD_COND_2,LIGHTING,CONTROL_DEVICE,CHP_ROAD_TYPE,PEDESTRIAN_ACCIDENT,BICYCLE_ACCIDENT,MOTORCYCLE_ACCIDENT,TRUCK_ACCIDENT,NOT_PRIVATE_PROPERTY,ALCOHOL_INVOLVED,STWD_VEHTYPE_AT_FAULT,CHP_VEHTYPE_AT_FAULT,COUNT_SEVERE_INJ,COUNT_VISIBLE_INJ,COUNT_COMPLAINT_PAIN,COUNT_PED_KILLED,COUNT_PED_INJURED,COUNT_BICYCLIST_KILLED,COUNT_BICYCLIST_INJURED,COUNT_MC_KILLED,COUNT_MC_INJURED,PRIMARY_RAMP,SECONDARY_RAMP,LATITUDE,LONGITUDE,COUNTY,CITY,POINT_X,POINT_Y
90095900,2015,2016-01-14,9730,2015-12-27,1715,020933,,7,2,9,2700,0,1,3,,1,022,SR-1,"AURORA DEL MAR",6336.00,S,N,A,-,Y,,,1,,,,,,,Y,4,0,1,2,A,-,03,22350,,N,C,C,A,A,H,-,B,D,0,,,,,Y,Y,A,01,0,0,1,0,0,0,0,0,0,"- ","- ",36.464170000000003,-121.92735,MONTEREY,UNINCORPORATED,-121.92724402,36.464246590000002
90095914,2016,2016-01-14,9730,2016-01-09,0025,020990,,6,3,9,2700,0,1,2,,1,030,"US-101 NORTHBOUND","SOMAVIA ROAD",285.00,S,N,A,-,Y,,,101,,,,,,N,Y,3,0,1,2,A,-,01,23152,A,N,D,C,A,A,H,-,D,D,0,,,,,Y,Y,A,01,0,1,0,0,0,0,0,0,0,"- ","- ",36.594160000000002,-121.54353999999999,MONTEREY,UNINCORPORATED,-121.54372677000001,36.593966889999997
90096010,2016,2016-01-19,9730,2016-01-12,0854,017184,,2,1,9,2700,0,1,3,,2,062,"SR-1 (N/B)","SR-68 (HOLMAN HWY)",1056.00,N,N,A,-,Y,,,,,,,,,,Y,4,0,1,3,A,-,03,22350,,N,C,C,A,A,H,-,A,A,0,,,,,Y,,D,22,0,0,1,0,0,0,0,0,0,"- ","- ",,,MONTEREY,UNINCORPORATED,-121.90985291,36.576814390000003
90096896,2016,2016-01-18,9730,2016-01-06,1924,019981,,3,2,4,2706,0,1,3,,2,062,"SR-1 N/B TO MUNRAS AVE.","MUNRAS AVE.",250.00,E,N,C,-,Y,,,1,,,,R,,N,Y,3,0,2,1,A,-,03,22350,,N,E,I,A,B,H,-,C,D,0,,,,,Y,,A,01,0,1,1,0,0,0,0,0,0,"- ","- ",36.580289999999998,-121.90357,MONTEREY,MONTEREY,-121.90357,36.580289999999998
90097151,2016,2016-01-18,9730,2016-01-08,0410,020576,,5,3,9,2700,0,1,3,,1,066,SR-183,"OLD CEMETERY RD.",2112.00,N,N,A,-,Y,,,183,,,,,,,Y,3,0,1,1,A,-,01,23152,A,N,E,I,A,A,H,-,D,D,0,,,,,Y,Y,A,01,0,1,0,0,0,0,0,0,0,"- ","- ",36.689340000000001,-121.68611,MONTEREY,UNINCORPORATED,-121.68615801999999,36.689260300000001
90098679,2016,2016-01-20,9730,2016-01-11,0720,020417,,1,1,9,2700,0,1,3,,1,068,SR-68,"YORK RD.",4752.00,E,N,B,-,Y,,,68,,,,,,,N,4,0,1,2,A,-,03,22350,,N,C,C,A,A,H,-,A,D,0,,,,,Y,,A,01,0,0,1,0,0,0,0,0,0,"- ","- ",36.569789999999998,-121.79155,MONTEREY,UNINCORPORATED,-121.79154278,36.569760760000001
90098842,2016,2016-01-20,9730,2016-01-12,0840,014584,,2,1,9,2700,0,1,3,,1,068,SR-68,"CORRAL DE TIERRA RD",0.00,,Y,A,-,Y,,,68,,,,,,,Y,4,0,1,1,A,-,03,22350,,N,E,I,A,A,H,-,A,A,0,,,,,Y,,A,01,0,0,1,0,0,0,0,0,0,"- ","- ",36.578519999999997,-121.72709999999999,MONTEREY,UNINCORPORATED,-121.72709756,36.57849899
90099086,2016,2016-01-20,9730,2016-01-17,0017,020931,,7,3,9,2700,0,1,3,,1,022,SR-1,"CARPENTER STREET",0.00,,Y,E,-,Y,,,1,,,,,,,Y,3,0,1,2,A,-,12,21453,A,N,D,C,A,B,H,-,C,A,0,,,,,Y,,-,"- ",0,1,0,0,0,0,0,0,0,"- ","- ",36.566420000000001,-121.91295,MONTEREY,UNINCORPORATED,-121.91298147000001,36.566414719999997
90099147,2016,2016-01-20,9730,2016-01-13,2035,020233,,3,2,9,2700,0,3,5,,2,007,"CASTROVILLE BLVD","LOS NINOS PL",3168.00,S,N,A,-,N,,,,,,,,,,Y,3,0,2,2,A,-,00,24804,A,N,C,C,A,A,H,-,D,D,0,,,,,Y,,A,01,0,1,1,0,0,0,0,0,0,"- ","- ",36.779200000000003,-121.73599,MONTEREY,UNINCORPORATED,-121.73608426,36.779047179999999
90099166,2016,2016-01-20,9730,2016-01-13,2010,018820,,3,2,9,2700,0,3,5,,2,005,"RUSSELL RD.","VAN BUREN AVE.",40.00,E,N,A,-,N,,,,,,,,,,N,4,0,1,2,A,-,03,22350,,N,C,C,A,A,H,-,C,A,0,,,,,Y,,A,01,0,0,1,0,0,0,0,0,0,"- ","- ",36.732230000000001,-121.64796,MONTEREY,UNINCORPORATED,-121.64792064,36.732094869999997
90099230,2016,2016-01-20,9730,2016-01-15,1627,019745,,5,2,9,2700,0,1,3,,2,062,"SR-1 N/B",SR-218,528.00,N,N,A,-,Y,,,,,,,,,,Y,4,0,1,2,A,-,03,22350,,N,C,C,A,A,H,-,A,D,0,,,,,Y,,A,01,0,0,1,0,0,0,0,0,0,"- ","- ",36.61459,-121.85169,MONTEREY,UNINCORPORATED,,
90099288,2016,2016-01-20,9730,2016-01-16,1715,019127,,6,2,9,2700,0,3,5,,2,005,"ROGGE RD","JADE DR",528.00,E,N,B,-,N,,,,,,,,,,Y,4,0,1,1,A,-,08,22107,,N,E,I,A,A,H,-,B,D,0,,,,,Y,,D,22,0,0,1,0,0,0,0,0,0,"- ","- ",36.730229999999999,-121.62881,MONTEREY,UNINCORPORATED,-121.62918743,36.730457190000003
90099762,2016,2016-01-21,9735,2016-01-18,1225,017952,,1,1,9,2700,0,3,5,,2,003,SR-146,"METZ RD",247.00,E,N,A,-,Y,,,146,,,,,,,N,3,0,1,1,A,-,03,22350,,N,F,A,A,A,H,-,A,D,0,,Y,,,Y,,L,04,0,1,0,0,0,0,1,0,0,"- ","- ",36.415990000000001,-121.27723,MONTEREY,UNINCORPORATED,-121.27722971999999,36.415927119999999
90100376,2016,2016-01-21,9730,2016-01-13,2008,017840,,3,2,4,2706,0,1,3,,2,062,"SR-1 NB","DEL MONTE AVE",528.00,S,N,B,-,Y,,,,,,,,,,Y,4,0,1,2,A,-,07,21658,A,N,C,C,A,A,D,-,D,D,0,,,,,Y,,A,01,0,0,1,0,0,0,0,0,0,"- ","- ",,,MONTEREY,MONTEREY,-121.86127123,36.603076299999998
90100384,2016,2016-01-21,9730,2016-01-14,0910,015160,,4,1,9,2700,0,1,3,,1,074,SR-1,"DOLAN ROAD",0.00,,Y,A,-,Y,,,1,,,,,,,Y,4,0,1,2,A,-,09,21802,A,N,D,C,A,A,H,-,A,A,0,,,,,Y,,A,01,0,0,1,0,0,0,0,0,0,"- ","- ",36.80406,-121.78377,MONTEREY,UNINCORPORATED,-121.78379957,36.804061779999998
90100439,2016,2016-01-22,9730,2016-01-16,0150,020916,,6,3,6,2708,0,1,2,,1,050,"US-101 S/B TO AIRPORT BLVD.","TERVEN AVE.",170.00,E,N,C,-,Y,,,101,,,,R,,S,Y,3,0,1,2,A,-,01,23152,A,N,A,C,A,B,H,-,C,D,0,,,,Y,Y,Y,A,01,0,1,0,0,0,0,0,0,0,"- ","- ",36.661140000000003,-121.62367,MONTEREY,SALINAS,-121.62367,36.661140000000003
90101526,2015,2016-01-25,9730,2015-11-11,1530,020621,,3,2,9,2700,0,1,3,,1,014,SR-1,"47520 HIGHWAY 1",0.00,,Y,A,-,Y,,,1,,,,,,,Y,2,0,1,2,A,-,09,21804,A,N,D,C,A,A,H,-,A,D,0,,,Y,,Y,,A,01,1,0,0,0,0,0,0,0,1,"- ","- ",36.237699999999997,-121.771,MONTEREY,UNINCORPORATED,-121.77101337000001,36.237683240000003
90101594,2016,2016-01-25,9730,2016-01-01,1230,019981,,5,1,9,2700,0,3,5,,2,007,"DOLAN ROAD",SR-1,10.00,E,N,A,-,Y,,,,,,,,,,N,4,0,1,2,A,-,21,22106,,N,C,C,A,A,H,-,A,A,0,,,,,Y,,A,07,0,0,1,0,0,0,0,0,0,"- ","- ",,,MONTEREY,UNINCORPORATED,-121.78377724000001,36.804082209999997
90101725,2016,2016-01-25,9730,2016-01-15,1558,019981,,5,2,9,2700,0,1,3,,2,062,SR-1,"SR-68 (HOLMAN HWY)",528.00,N,N,A,-,Y,,,,,,,,,,Y,4,0,1,2,A,-,03,22350,,N,C,C,A,A,H,-,A,D,0,,,,,Y,,D,22,0,0,1,0,0,0,0,0,0,"- ","- ",,,MONTEREY,UNINCORPORATED,-121.91125895,36.57591223
90101765,2016,2016-01-25,9730,2016-01-15,1649,019981,,5,2,9,2700,0,1,3,,2,062,"SR-1 S/B TO SR-68 (HOLMAN HWY.)","SR-68 (HOLMAN HWY)",200.00,N,N,A,-,Y,,,,,,,,,,N,4,0,1,2,A,-,03,22350,,N,C,C,A,A,H,-,A,D,0,,,,,Y,,A,01,0,0,1,0,0,0,0,0,0,"- ","- ",,,MONTEREY,UNINCORPORATED,-121.91202233999999,36.575256080000003
90102601,2016,2016-01-26,9730,2016-01-15,0910,019529,,5,1,9,2700,0,1,3,,1,024,"STATE ROUTE 68 (HOLMAN HWY)","HAUL RD.",500.00,E,N,A,-,Y,,,,,,,,,,Y,4,0,1,2,A,-,03,22350,,N,C,C,A,A,H,-,A,D,0,,,,,Y,,D,22,0,0,1,0,0,0,0,0,0,"- ","- ",,,MONTEREY,UNINCORPORATED,,
90102605,2016,2016-01-26,9730,2016-01-15,1000,019529,,5,1,9,2700,0,1,3,,1,022,"STATE ROUTE 68 (HOLMAN HIGHWAY)","HAUL RD.",500.00,W,N,A,-,Y,,,,,,,,,,Y,4,0,1,2,A,-,03,22350,,N,C,C,A,A,H,-,A,D,0,,,,,Y,,A,01,0,0,1,0,0,0,0,0,0,"- ","- ",,,MONTEREY,UNINCORPORATED,,
90102621,2016,2016-01-26,9730,2016-01-15,1800,019239,,5,2,9,2700,0,1,2,,1,030,"US-101 N/B","GLORIA RD",1584.00,S,N,A,-,Y,,,101,,,,,,N,Y,3,0,1,2,A,-,07,21658,A,F,F,I,A,A,H,-,D,D,0,,,Y,,Y,,-,99,0,1,0,0,0,0,0,0,1,"- ","- ",36.48986,-121.42451,MONTEREY,UNINCORPORATED,-121.42458336999999,36.48977739
90102746,2016,2016-02-01,9730,2016-01-20,0735,012332,,3,1,9,2700,0,3,5,,2,007,"CASTROVILLE BLVD",MANZANITA,528.00,W,N,B,-,N,,,,,,,,,,Y,3,0,1,1,A,-,08,22107,,N,E,J,A,A,H,-,A,D,0,,,,,Y,,D,22,0,1,0,0,0,0,0,0,0,"- ","- ",,,MONTEREY,UNINCORPORATED,-121.6810242,36.803361789999997
90102953,2016,2016-01-26,9730,2016-01-18,2047,020990,,1,2,9,2700,0,1,3,,2,062,"SR-1 SOUTHBOUND","FREMONT BOULEVARD",20.00,N,N,B,-,Y,,,,,,,,,,Y,4,0,1,3,A,-,07,21658,A,N,C,C,A,A,D,-,D,A,0,,,,Y,Y,,F,25,0,0,1,0,0,0,0,0,0,"- ","- ",36.624769999999998,-121.84092,MONTEREY,UNINCORPORATED,,
90102983,2016,2016-01-26,9730,2016-01-19,0850,014584,,2,1,9,2700,0,1,2,,1,050,"US-101 N/B","AIRPORT BLVD",1584.00,S,N,C,-,Y,,,101,,,,,,N,Y,4,0,1,1,A,-,03,22350,,N,F,A,A,B,H,-,A,D,0,,,,,Y,,A,01,0,0,1,0,0,0,0,0,0,"- ","- ",36.653619999999997,-121.61845,MONTEREY,UNINCORPORATED,-121.61854964,36.653561430000003
90103068,2016,2016-01-26,9730,2016-01-19,1130,016666,,2,1,9,2700,0,1,3,,1,022,SR-1,"HANDLEY DRIVE",528.00,S,N,C,-,Y,,,,,,,,,,Y,4,0,3,2,A,-,03,22350,,N,C,C,A,B,H,-,A,D,0,,,,,Y,,A,01,0,0,3,0,0,0,0,0,0,"- ","- ",,,MONTEREY,UNINCORPORATED,-121.91149732,36.56381691
90103209,2016,2016-01-26,9730,2016-01-19,0545,015160,,2,3,9,2700,0,1,3,,1,074,"SR-1 NORTHBOUND","SALINAS ROAD",528.00,N,N,C,-,Y,,,,,,,,,,Y,3,0,1,1,A,-,08,22107,,N,E,I,A,B,H,-,D,D,0,,,,,Y,,A,01,0,1,0,0,0,0,0,0,0,"- ","- ",,,MONTEREY,UNINCORPORATED,-121.76992349,36.87129977
90103212,2016,2016-01-26,9730,2016-01-19,1608,019512,,2,2,9,2700,0,3,5,,2,007,"CRAZY HORSE CANYON ROAD","HIDDEN CANYON ROAD",720.00,E,N,B,-,N,,,,,,,,,,Y,4,0,1,2,A,-,05,21460,A,F,B,C,A,B,H,-,A,D,0,,,,,Y,,A,07,0,0,1,0,0,0,0,0,0,"- ","- ",36.785989999999998,-121.61135,MONTEREY,UNINCORPORATED,-121.61107,36.78792
90103702,2016,2016-01-27,9735,2016-01-21,2235,020057,,4,3,9,2700,0,3,5,,2,001,"ELM AVE.","RELIZ CANYON RD",0.00,,Y,A,-,N,,,,,,,,,,Y,3,0,1,1,A,-,08,22107,,N,E,J,A,A,H,-,D,D,0,,,,,Y,Y,D,22,0,1,0,0,0,0,0,0,0,"- ","- ",36.280549999999998,-121.30303000000001,MONTEREY,UNINCORPORATED,-121.30298996,36.280570109999999
90103816,2016,2016-01-27,9730,2016-01-06,1840,017803,,3,2,9,2700,0,1,3,,1,068,"STATE ROUTE 68","HITCHCOCK ROAD",0.00,,Y,B,-,Y,,,68,,,,,,,Y,1,1,4,3,A,-,09,21801,A,N,A,C,A,B,D,H,D,D,0,,,,,Y,,A,01,1,1,2,0,0,0,0,0,0,"- ","- ",36.644620000000003,-121.66422,MONTEREY,UNINCORPORATED,-121.66423025,36.644624059999998
90104114,2016,2016-01-27,9730,2016-01-19,2000,020417,,2,2,9,2700,0,3,5,,2,007,"SALINAS RD.","WERNER RD.",0.00,,Y,B,-,N,,,,,,,,,,N,4,0,2,2,A,-,09,21802,A,N,D,C,A,A,H,-,D,D,0,,,,,Y,,A,01,0,0,2,0,0,0,0,0,0,"- ","- ",36.878459999999997,-121.75018,MONTEREY,UNINCORPORATED,-121.75139999,36.878270030000003
90104180,2016,2016-01-27,9730,2016-01-19,2020,018820,,2,2,6,2708,0,1,2,,1,050,"US-101 N/B","S. SANBORN RD.",50.00,N,N,B,-,Y,,,101,,,,,,N,N,4,0,2,2,A,-,07,21658,A,M,E,I,A,B,H,-,D,D,0,,,,,Y,,A,01,0,0,2,0,0,0,0,0,0,"- ","- ",36.666730000000001,-121.62812,MONTEREY,SALINAS,-121.62811483,36.66674089
90104193,2016,2016-01-27,9730,2016-01-19,2234,020419,,2,3,9,2700,0,1,3,,2,062,"SR-1 NB","FREMONT BLVD (SEASIDE)",2000.00,N,N,B,-,Y,,,1,,,,,,N,Y,4,0,2,3,A,-,03,22350,,N,C,C,A,A,D,-,D,D,0,,,,,Y,,A,01,0,0,2,0,0,0,0,0,0,"- ","- ",36.628250000000001,-121.83802,MONTEREY,UNINCORPORATED,-121.8380136,36.62824595
90104208,2016,2016-01-27,9730,2016-01-25,0800,014584,,1,1,9,2700,0,3,5,,2,003,"RIVER RD","LAS PALMAS PKWY",75.00,S,N,A,-,N,,,,,,,,,,Y,4,0,1,2,A,-,03,22350,,N,C,C,A,A,H,-,A,A,0,,,,,Y,,A,01,0,0,1,0,0,0,0,0,0,"- ","- ",36.606789999999997,-121.64400000000001,MONTEREY,UNINCORPORATED,-121.64439487,36.606931709999998
90104221,2016,2016-01-28,9730,2016-01-20,1559,019239,,3,2,9,2700,0,3,5,,2,005,"CRAZY HORSE CANYON RD","ECHO VALLEY RD",155.00,E,N,A,-,N,,,,,,,,,,Y,3,0,1,1,A,-,01,23152,E,N,E,I,A,A,H,-,A,D,0,,,,,Y,,A,07,0,1,0,0,0,0,0,0,0,"- ","- ",36.818280000000001,-121.63282,MONTEREY,UNINCORPORATED,-121.63296,36.818429999999999
90105077,2016,2016-01-28,9730,2016-01-19,2235,020701,,2,3,4,2710,0,1,3,,2,062,"SR-1 N/B","FREMONT BLVD",4600.00,N,N,B,-,Y,,,1,,,,,,N,Y,4,0,1,3,A,-,03,22350,,N,C,C,A,A,D,-,D,A,0,,,,,Y,,A,07,0,0,1,0,0,0,0,0,0,"- ","- ",36.634729999999998,-121.83204000000001,MONTEREY,SEASIDE,-121.83202052999999,36.634712450000002
90105109,2016,2016-01-28,9730,2016-01-16,2325,020233,,6,3,9,2700,0,1,2,,1,030,"US-101 NORTHBOUND","SPENCE ROAD",0.00,,Y,E,-,Y,,,101,,,,,,N,Y,3,0,1,2,A,-,09,21804,A,N,D,C,A,B,H,-,D,A,0,,,,Y,Y,,G,25,0,1,0,0,0,0,0,0,0,"- ","- ",36.612839999999998,-121.56695999999999,MONTEREY,UNINCORPORATED,-121.56696137,36.61283813
90105115,2016,2016-01-28,9730,2016-01-22,1557,019239,,5,2,9,2700,0,1,3,,1,068,SR-68,"YORK RD",2640.00,E,N,C,-,Y,,,,,,,,,,Y,4,0,1,3,A,-,03,22350,,N,C,C,A,B,H,-,A,D,0,,,,,Y,,A,01,0,0,1,0,0,0,0,0,0,"- ","- ",,,MONTEREY,UNINCORPORATED,,
90105124,2016,2016-01-28,9730,2016-01-22,1200,019529,,5,1,9,2700,0,1,3,,2,062,"STATE ROUTE 1 NORTHBOUND","FREMONT BLVD. (SEASIDE)",500.00,N,N,A,-,Y,,,,,,,,,,Y,3,0,1,1,A,-,08,22107,,N,F,A,A,A,H,-,A,D,0,,,Y,,Y,,C,02,0,1,0,0,0,0,0,0,1,"- ","- ",,,MONTEREY,UNINCORPORATED,,
90105179,2016,2016-01-29,9730,2016-01-27,0640,020576,,3,1,9,2700,0,3,5,,2,005,"CRAZY HORSE CANYON ROAD","HIDDEN CANYON ROAD",200.00,N,N,B,-,N,,,,,,,,,,Y,3,0,1,1,A,-,03,22350,,N,E,I,A,A,C,-,D,D,0,,,,,Y,,A,01,0,1,0,0,0,0,0,0,0,"- ","- ",36.788440000000001,-121.61117,MONTEREY,UNINCORPORATED,-121.61117264000001,36.788463149999998
90105191,2015,2016-01-29,9730,2015-10-01,0630,014584,,4,1,9,2700,0,3,5,,2,006,"RESERVATION ROAD","PANZIERA ROAD",540.00,S,N,B,-,N,,,,,,,,,,Y,1,1,0,2,A,-,05,21460,A,N,B,C,A,B,H,-,B,D,0,,,,Y,Y,,G,27,0,0,0,0,0,0,0,0,0,"- ","- ",36.652529999999999,-121.72530999999999,MONTEREY,UNINCORPORATED,-121.72531118000001,36.652528500000003
90105860,2015,2016-06-08,9730,2015-12-02,1820,015297,,3,2,9,2700,0,3,5,,2,004,"ALISAL ROAD","HARTNELL ROAD",639.00,S,N,A,-,N,,,,,,,,,,Y,1,1,1,2,A,-,11,21954,A,N,G,B,E,A,H,-,D,D,0,Y,,,,Y,,N,60,0,1,0,1,0,0,0,0,0,"- ","- ",36.643810000000002,-121.57465000000001,MONTEREY,UNINCORPORATED,-121.57521343000001,36.644162690000002
90105967,2016,2016-02-01,9730,2016-01-24,0905,019529,,7,1,9,2700,0,1,3,,1,012,"STATE ROUTE 1","ROCKY CREEK BRIDGE",100.00,N,N,A,-,Y,,,,,,,,,,Y,4,0,1,1,A,-,08,22107,,N,F,A,A,A,H,-,A,D,0,,,,,Y,,A,07,0,0,1,0,0,0,0,0,0,"- ","- ",,,MONTEREY,UNINCORPORATED,,
90105997,2016,2016-02-01,9730,2016-01-30,0755,019569,,6,1,9,2700,0,1,3,,1,066,"MERRITT ST","CRANE ST",0.00,,Y,B,-,Y,,,,,,,,,,Y,4,0,1,2,A,-,01,23152,A,N,D,C,A,A,H,-,A,A,0,,,,,Y,Y,D,22,0,0,1,0,0,0,0,0,0,"- ","- ",,,MONTEREY,UNINCORPORATED,-121.75739991,36.76525007
90106886,2016,2016-02-01,9730,2016-01-28,0630,015160,,4,1,9,2700,0,3,5,,2,006,"ESPINOSA ROAD",SR-183,7392.00,E,N,A,-,N,,,,,,,,,,Y,3,0,3,2,A,-,03,22350,,N,C,C,A,A,H,-,D,D,0,,,,,Y,,A,08,0,1,2,0,0,0,0,0,0,"- ","- ",,,MONTEREY,UNINCORPORATED,,
90107477,2016,2016-02-02,9730,2016-01-29,1220,014584,,5,1,9,2700,0,1,2,,1,050,"US101 N/B","GOULD RD",1584.00,N,N,A,-,Y,,,101,,,,,,N,Y,3,0,1,1,A,-,08,22107,,N,E,I,A,A,H,-,A,D,0,,,,,Y,,A,01,0,1,0,0,0,0,0,0,0,"- ","- ",36.633740000000003,-121.59575,MONTEREY,UNINCORPORATED,-121.59568108000001,36.633834489999998
90107667,2016,2016-02-02,9735,2016-01-29,1720,019965,,5,2,9,2700,0,3,5,,2,001,"CENTRAL AVE.","ELM AVE",8976.00,S,N,A,-,N,,,,,,,,,,Y,4,0,1,1,A,-,08,22107,,N,E,I,A,A,H,-,B,D,0,,,,,Y,,A,01,0,0,1,0,0,0,0,0,0,"- ","- ",36.302630000000001,-121.29376000000001,MONTEREY,UNINCORPORATED,-121.2456712,36.28617981
90107679,2016,2016-02-02,9735,2016-01-31,0945,017257,,7,1,9,2700,0,1,2,,2,045,"US 101 S/B","JOLON ROAD OVERCROSSING",500.00,N,N,C,-,Y,,,,,,,,,,Y,3,0,1,1,A,-,03,22350,,N,E,I,A,B,H,-,A,D,0,,,,,Y,,A,01,0,1,0,0,0,0,0,0,0,"- ","- ",35.873440000000002,-120.83537,MONTEREY,UNINCORPORATED,-121.14613686,36.197754379999999
90108665,2016,2016-02-03,9730,2016-01-31,1600,020621,,7,2,9,2700,0,2,4,,1,073,"HALL ROAD","LAS LOMAS DRIVE",200.00,E,N,A,-,N,,,,,,,,,,N,4,0,1,3,A,-,03,22350,,N,C,C,A,A,H,-,A,D,0,,,,,Y,,A,01,0,0,1,0,0,0,0,0,0,"- ","- ",36.865200000000002,-121.73332000000001,MONTEREY,UNINCORPORATED,-121.73308638,36.864987259999999
90108765,2016,2016-02-03,9730,2016-01-26,2257,020576,,2,3,9,2700,0,3,5,,2,004,"ALISAL ROAD","ZABALA ROAD",0.00,,Y,B,-,N,,,,,,,,,,Y,4,0,1,1,A,-,03,22350,,F,E,I,A,A,B,-,D,D,0,,,,,Y,,A,01,0,0,1,0,0,0,0,0,0,"- ","- ",36.641730000000003,-121.57106,MONTEREY,UNINCORPORATED,-121.57146994999999,36.641590100000002
90108773,2016,2016-02-03,9730,2016-02-01,1604,015297,,1,2,9,2700,0,1,3,,1,074,SR-1,"SPRINGFIELD ROAD",1584.00,S,N,A,-,Y,,,,,,,,,,Y,4,0,1,3,A,-,03,22350,,N,C,C,A,A,H,-,A,D,0,,,,,Y,,A,01,0,0,1,0,0,0,0,0,0,"- ","- ",36.832189999999997,-121.76776,MONTEREY,UNINCORPORATED,-121.77099,36.83385835
90109375,2016,2016-02-04,9730,2016-02-02,1620,020981,,2,2,9,2700,0,1,3,,1,012,SR-1,"COAST GALLERY",26400.00,S,N,A,-,Y,,,,,,,,,,Y,4,0,1,1,A,-,01,23152,A,N,E,I,A,A,H,-,A,D,0,,,,,Y,Y,A,07,0,0,1,0,0,0,0,0,0,"- ","- ",,,MONTEREY,UNINCORPORATED,,
90110580,2016,2016-02-08,9730,2016-02-03,0550,014584,,3,3,9,2700,0,2,4,,2,063,"BLANCO RD","COOPER RD",1584.00,E,N,A,-,N,,,,,,,,,,Y,3,0,1,1,A,-,08,22107,,N,F,A,A,A,H,-,D,D,0,,,,,Y,,A,07,0,1,0,0,0,0,0,0,0,"- ","- ",36.678559999999997,-121.7342,MONTEREY,UNINCORPORATED,-121.72961737999999,36.678716360000003
90110581,2015,2016-04-13,9730,2015-09-24,1925,020208,,4,2,9,2700,0,2,4,,1,073,"ECHO VALLEY ROAD S/B","TRIGO LANE",1100.00,N,N,A,-,N,,,,,,,,,,Y,3,0,1,1,A,-,08,22107,,N,E,I,A,A,H,-,D,D,0,,,,,Y,,A,01,0,1,0,0,0,0,0,0,0,"- ","- ",36.825499999999998,-121.65300000000001,MONTEREY,UNINCORPORATED,-121.65412814,36.825372809999998
90110590,2016,2016-02-08,9730,2016-02-04,0800,019569,,4,1,9,2700,0,1,3,,2,062,"IMJIN PKWY OFF RAMP FROM SR-1 S/B","IMJIN PKWY O/C",95.00,N,N,A,-,Y,,,,,,,,,,N,4,0,1,2,A,-,03,22350,,N,C,C,A,A,H,-,A,A,0,,,,,Y,,A,01,0,0,1,0,0,0,0,0,0,"- ","- ",,,MONTEREY,UNINCORPORATED,,
90111734,2016,2016-02-09,9730,2016-02-01,0738,012332,,1,1,9,2700,0,2,4,,1,075,"SAN JUAN RD","MURPHY RD",1320.00,E,N,A,-,N,,,,,,,,,,Y,3,0,1,2,A,-,06,21750,,N,B,C,A,A,H,-,A,D,0,,,,Y,Y,,A,01,0,1,0,0,0,0,0,0,0,"- ","- ",,,MONTEREY,UNINCORPORATED,-121.67301856,36.893748500000001
90111940,2016,2016-11-17,9730,2016-02-02,1056,017502,,2,1,9,2700,0,1,3,,1,022,SR-1,"YANKEE POINT DRIVE",15840.00,S,N,B,-,Y,,,,,,,,,,Y,3,0,1,2,A,-,06,21750,,N,B,C,A,B,H,-,A,D,0,,,,,Y,,A,01,0,1,0,0,0,0,0,0,0,"- ","- ",,,MONTEREY,UNINCORPORATED,-121.92618206,36.448433110000003
90111961,2016,2016-02-09,9730,2016-02-02,2202,020576,,2,3,9,2700,0,1,3,,1,072,SR-156,US-101,800.00,W,N,A,-,Y,,,156,,,,,,,N,3,0,1,2,A,-,08,22107,,F,G,B,E,A,H,-,D,D,0,Y,,,,Y,Y,-,99,0,1,0,0,1,0,0,0,0,"- ","- ",36.78875,-121.67144,MONTEREY,UNINCORPORATED,-121.67143989,36.78875086
90111977,2016,2016-02-09,9730,2016-02-05,2312,020970,,5,3,9,2700,0,1,2,,1,030,"US-101 S/B","SOLEDAD PRISON (CTF) O/C",528.00,N,N,A,-,Y,,,101,,,,,,S,Y,4,0,1,2,A,-,03,22350,,N,C,C,A,A,H,-,D,D,0,,,,,Y,,A,01,0,0,1,0,0,0,0,0,0,"- ","- ",36.467500000000001,-121.3929,MONTEREY,UNINCORPORATED,-121.39285495,36.467578170000003