CASE_ID,ACCIDENT_YEAR,PROC_DATE,JURIS,COLLISION_DATE,COLLISION_TIME,OFFICER_ID,REPORTING_DISTRICT,DAY_OF_WEEK,CHP_SHIFT,POPULATION,CNTY_CITY_LOC,SPECIAL_COND,BEAT_TYPE,CHP_BEAT_TYPE,CITY_DIVISION_LAPD,CHP_BEAT_CLASS,BEAT_NUMBER,PRIMARY_RD,SECONDARY_RD,DISTANCE,DIRECTION,INTERSECTION,WEATHER_1,WEATHER_2,STATE_HWY_IND,CALTRANS_COUNTY,CALTRANS_DISTRICT,STATE_ROUTE,ROUTE_SUFFIX,POSTMILE_PREFIX,POSTMILE,LOCATION_TYPE,RAMP_INTERSECTION,SIDE_OF_HWY,TOW_AWAY,COLLISION_SEVERITY,NUMBER_KILLED,NUMBER_INJURED,PARTY_COUNT,PRIMARY_COLL_FACTOR,PCF_CODE_OF_VIOL,PCF_VIOL_CATEGORY,PCF_VIOLATION,PCF_VIOL_SUBSECTION,HIT_AND_RUN,TYPE_OF_COLLISION,MVIW,PED_ACTION,ROAD_SURFACE,ROAD_COND_1,ROAD_COND_2,LIGHTING,CONTROL_DEVICE,CHP_ROAD_TYPE,PEDESTRIAN_ACCIDENT,BICYCLE_ACCIDENT,MOTORCYCLE_ACCIDENT,TRUCK_ACCIDENT,NOT_PRIVATE_PROPERTY,ALCOHOL_INVOLVED,STWD_VEHTYPE_AT_FAULT,CHP_VEHTYPE_AT_FAULT,COUNT_SEVERE_INJ,COUNT_VISIBLE_INJ,COUNT_COMPLAINT_PAIN,COUNT_PED_KILLED,COUNT_PED_INJURED,COUNT_BICYCLIST_KILLED,COUNT_BICYCLIST_INJURED,COUNT_MC_KILLED,COUNT_MC_INJURED,PRIMARY_RAMP,SECONDARY_RAMP,LATITUDE,LONGITUDE,COUNTY,CITY,POINT_X,POINT_Y
90112498,2016,2016-02-10,9730,2016-02-06,0450,020931,,6,3,9,2700,0,1,3,,2,062,"SR-1 S/B","TIOGA AVE O/C",528.00,N,N,A,-,Y,,,,,,,,,,Y,3,0,1,1,A,-,01,23152,A,N,E,I,A,A,H,-,C,D,0,,,,,Y,Y,D,22,0,1,0,0,0,0,0,0,0,"- ","- ",,,MONTEREY,UNINCORPORATED,-121.84790675000001,36.619054210000002
90112547,2016,2016-02-10,9730,2016-02-06,1650,019700,,6,2,4,2706,0,1,3,,2,062,"SR-1 NORTHBOUND","SLOAT AVENUE",290.00,N,N,A,-,Y,,,,,,,,,,Y,4,0,1,3,A,-,03,22350,,N,C,C,A,A,H,-,A,D,0,,,,,Y,,D,22,0,0,1,0,0,0,0,0,0,"- ","- ",36.353619999999999,-121.52342,MONTEREY,MONTEREY,-121.87624076,36.593351179999999
90112576,2016,2016-02-10,9730,2016-02-07,1938,020621,,7,2,9,2700,0,1,2,,1,070,"US-101 N/B","PESANTE ROAD",0.00,,Y,A,-,Y,,,101,,,,,,N,Y,4,0,1,3,A,-,07,21658,A,N,B,C,A,A,H,-,C,D,0,,,,,Y,,A,01,0,0,1,0,0,0,0,0,0,"- ","- ",36.775919999999999,-121.66932,MONTEREY,UNINCORPORATED,-121.66938331,36.775915570000002
90112721,2016,2016-02-10,9730,2016-02-09,1440,020903,,2,2,9,2700,0,1,3,,1,022,SR-1,"S CARMEL HILLS DR",100.00,S,N,A,-,Y,,,1,,,,,,,N,4,0,1,2,A,-,03,22350,,N,C,C,A,A,H,-,A,D,0,,,,,Y,,A,08,0,0,1,0,0,0,0,0,0,"- ","- ",36.546309999999998,-121.9102,MONTEREY,UNINCORPORATED,-121.90964593,36.546397249999998
90112787,2016,2016-02-10,9730,2016-02-09,0950,017502,,2,1,4,2706,0,1,3,,2,062,"FREMONT STREET O/R TO NB-1","AGUAJITO ROAD",1584.00,N,N,A,-,Y,,,,,,,,,,Y,4,0,2,2,A,-,03,22350,,N,C,C,A,A,H,-,A,D,0,,,,,Y,,A,01,0,0,2,0,0,0,0,0,0,"- ","- ",,,MONTEREY,MONTEREY,,
90112921,2016,2016-02-10,9735,2016-01-30,2030,020168,,6,2,9,2700,0,1,2,,1,040,"US-101 N/B","HUDSON RD",2640.00,N,N,A,-,Y,,,101,,,,,,N,Y,4,0,1,1,A,-,01,23152,A,N,F,A,A,A,H,-,D,D,0,,,,,Y,Y,A,08,0,0,1,0,0,0,0,0,0,"- ","- ",36.357190000000003,-121.27181,MONTEREY,UNINCORPORATED,-121.27178354999999,36.357215060000001
90113403,2016,2016-02-11,9730,2016-02-06,1150,016537,,6,1,9,2700,0,1,3,,1,068,SR-68,"QUAIL RIDGE RD.",2640.00,E,N,A,-,Y,,,,,,,,,,Y,4,0,2,2,A,-,05,21460,A,N,A,C,A,A,H,-,A,D,0,,,,,Y,,A,01,0,0,2,0,0,0,0,0,0,"- ","- ",36.341900000000003,-121.4426,MONTEREY,UNINCORPORATED,,
90114894,2016,2016-02-15,9730,2016-01-22,1654,019981,,5,2,4,2710,0,1,3,,2,062,"SR-1 N/B","TIOGA O/C",200.00,S,N,C,-,Y,,,,,,,,,,Y,2,0,1,2,A,-,03,22350,,N,C,C,A,B,H,-,A,D,0,,,,,Y,,A,01,1,0,0,0,0,0,0,0,0,"- ","- ",,,MONTEREY,SEASIDE,-121.84910585999999,36.61728703
90114903,2016,2016-02-15,9730,2016-02-05,1620,020514,,5,2,9,2700,0,3,5,,2,005,"OLD NATIVIDAD ROAD","OLD STAGE RD",1500.00,W,N,A,-,N,,,,,,,,,,Y,4,0,2,1,A,-,08,22107,,N,E,I,A,A,H,-,A,D,0,,,,,Y,,A,01,0,0,2,0,0,0,0,0,0,"- ","- ",,,MONTEREY,UNINCORPORATED,-121.60185248000001,36.730904279999997
90114907,2016,2016-02-15,9730,2016-02-06,1500,017184,,6,2,9,2700,0,1,3,,1,012,SR-1,"MILL CREEK BRIDGE",2640.00,S,N,A,-,Y,,,,,,,,,,Y,4,0,1,1,A,-,08,22107,,N,F,A,A,A,H,-,A,D,0,,,Y,,Y,,C,02,0,0,1,0,0,0,0,0,1,"- ","- ",,,MONTEREY,UNINCORPORATED,,
90114911,2015,2016-02-15,9730,2015-11-10,0659,014584,,2,1,9,2700,0,3,5,,2,004,"ALISAL RD","ZABALA RD",892.00,S,N,B,-,N,,,,,,,,,,Y,1,1,2,2,A,-,08,22107,,N,A,C,A,B,H,-,B,D,0,,,,,Y,,A,01,0,1,1,0,0,0,0,0,0,"- ","- ",36.64011,-121.56898,MONTEREY,UNINCORPORATED,-121.56904933,36.640118530000002
90115193,2016,2016-02-15,9730,2016-02-10,1439,012332,,3,2,9,2700,0,2,4,,1,073,"SALINAS RD","LEWIS RD",528.00,N,N,A,-,N,,,,,,,,,,Y,2,0,7,2,A,-,05,21650,,N,A,C,A,A,H,-,A,D,0,,,,,Y,,A,01,1,4,2,0,0,0,0,0,0,"- ","- ",,,MONTEREY,UNINCORPORATED,-121.74744717,36.892436920000002
90115706,2016,2016-02-16,9730,2016-02-12,1550,019700,,5,2,9,2700,0,1,3,,1,066,SR-183,"ESPINOSA ROAD",1320.00,N,N,A,-,Y,,,,,,,,,,Y,3,0,1,2,A,-,05,21460,A,N,A,C,A,A,H,-,A,D,0,,,,,Y,,A,01,0,1,0,0,0,0,0,0,0,"- ","- ",36.445540000000001,-121.44288,MONTEREY,UNINCORPORATED,,
90116397,2016,2016-02-16,9730,2016-02-16,0955,017502,,2,1,9,2700,0,1,3,,1,024,"SR-68 (HOLMAN HIGHWAY)","SKYLINE FOREST DRIVE",120.00,E,N,A,-,Y,,,,,,,,,,Y,4,0,1,1,A,-,08,22107,,N,E,I,A,A,H,-,A,D,0,,,,,Y,,A,07,0,0,1,0,0,0,0,0,0,"- ","- ",,,MONTEREY,UNINCORPORATED,-121.91861,36.585760000000001
90116636,2016,2016-02-17,9730,2016-02-15,1730,017803,,1,2,9,2700,0,1,3,,1,068,SR-68,"QUAIL RIDGE LANE",528.00,E,N,A,-,Y,,,68,,,,,,,Y,4,0,1,2,A,-,03,22350,,N,C,C,A,A,H,-,A,D,0,,,,,Y,,A,01,0,0,1,0,0,0,0,0,0,"- ","- ",36.57159,-121.74441,MONTEREY,UNINCORPORATED,-121.74439845000001,36.571539870000002
90116733,2016,2016-02-17,9735,2016-02-12,2055,020057,,5,2,9,2700,0,1,3,,1,034,SR-198,"GRIFFIN RD",10560.00,W,N,A,-,Y,,,198,,,,,,,Y,3,0,1,1,A,-,03,22350,,N,E,I,A,A,H,-,D,D,0,,,,,Y,,A,01,0,1,0,0,0,0,0,0,0,"- ","- ",36.19914,-120.73652,MONTEREY,UNINCORPORATED,-120.73654011000001,36.199159420000001
90116747,2016,2016-02-17,9735,2016-02-12,1430,017681,,5,2,9,2700,0,3,5,,2,004,"VINEYARD CANYON RD","SLACKS CANYON RD",10560.00,W,N,A,-,N,,,,,,,,,,Y,4,0,2,1,A,-,08,22107,,N,F,A,A,A,H,-,A,D,0,,,,,Y,,A,01,0,0,2,0,0,0,0,0,0,"- ","- ",35.91957,-120.53343,MONTEREY,UNINCORPORATED,-120.53385253,35.920699280000001
90116937,2016,2016-02-17,9730,2016-02-12,1812,020933,,5,2,9,2700,0,1,3,,2,062,"SR-1 NORTHBOUND",SR-218,1056.00,S,N,A,-,Y,,,,,,,,,,Y,4,0,1,2,A,-,03,22350,,N,C,C,A,A,H,-,D,D,0,,,,,Y,,A,07,0,0,1,0,0,0,0,0,0,"- ","- ",36.60727,-121.86071,MONTEREY,UNINCORPORATED,,
90116941,2015,2016-02-17,9730,2015-11-17,1309,019745,,2,1,9,2700,0,1,3,,1,066,"STATE ROUTE 183","COOPER ROAD",3168.00,N,N,A,-,Y,,,183,,,,,,,Y,1,1,1,2,A,-,05,21650,,N,A,C,A,A,H,-,A,D,0,,,,Y,Y,,A,01,0,0,1,0,0,0,0,0,0,"- ","- ",36.721269999999997,-121.72462,MONTEREY,UNINCORPORATED,-121.7246421,36.721248510000002
90116979,2016,2016-02-17,9730,2016-02-13,0512,019127,,6,3,9,2700,0,1,2,,1,070,"US-101 S/B",SR-156,150.00,N,N,E,-,Y,,,101,,,,,,S,Y,3,0,1,2,A,-,01,23152,A,N,B,E,A,A,H,-,C,D,0,,,,,Y,Y,A,01,0,1,0,0,0,0,0,0,0,"- ","- ",36.79007,-121.66757,MONTEREY,UNINCORPORATED,-121.66754481,36.79006468
90119381,2016,2016-02-22,9730,2016-02-16,1824,015297,,2,2,9,2700,0,2,4,,1,073,"SAN MIGUEL CANYON ROAD","PRUNEDALE NORTH ROAD",0.00,,Y,A,-,N,,,,,,,,,,Y,3,0,1,2,A,-,09,21453,C,N,D,C,A,A,H,-,C,A,0,,,,,Y,,A,07,0,1,0,0,0,0,0,0,0,"- ","- ",36.80142,-121.66592,MONTEREY,UNINCORPORATED,-121.66584992999999,36.801540019999997
90119767,2016,2016-02-22,9730,2016-02-14,1213,019569,,7,1,9,2700,0,2,4,,1,073,"SAN MIGUEL CANYON RD","CASTROVILLE BLVD",0.00,,Y,A,-,N,,,,,,,,,,Y,4,0,1,2,A,-,09,21801,A,N,D,C,A,A,H,-,A,A,0,,,,,Y,,A,01,0,0,1,0,0,0,0,0,0,"- ","- ",36.808259999999997,-121.67185000000001,MONTEREY,UNINCORPORATED,-121.67190992,36.808400069999998
90119775,2016,2016-02-22,9730,2016-02-17,0045,017785,,3,3,9,2700,0,1,2,,1,030,"US-101 SOUTHBOUND","OLD STAGE ROAD",1056.00,S,N,A,-,Y,,,101,,,,,,S,Y,4,0,1,2,A,-,07,21658,A,M,E,I,A,A,H,-,A,D,0,,,,Y,Y,,G,25,0,0,1,0,0,0,0,0,0,"- ","- ",36.523049999999998,-121.46143000000001,MONTEREY,UNINCORPORATED,-121.46143742,36.52297085
90119788,2016,2016-02-22,9730,2016-02-17,1300,017502,,3,1,9,2700,0,2,4,,1,023,"CARMEL VALLEY ROAD","SCARLETT ROAD",10.00,E,N,A,-,N,,,,,,,,,,Y,4,0,1,2,A,-,03,22350,,N,C,C,A,A,H,-,A,D,0,,,,,Y,,D,22,0,0,1,0,0,0,0,0,0,"- ","- ",,,MONTEREY,UNINCORPORATED,-121.7936631,36.52398316
90119811,2016,2016-02-22,9730,2016-02-18,0914,012332,,4,1,9,2700,0,3,5,,2,003,"SAN BENANCIO RD",SR-68,13200.00,S,N,A,-,N,,,,,,,,,,Y,3,0,1,1,A,-,08,22107,,N,E,J,A,A,H,-,A,D,0,,,,,Y,,A,01,0,1,0,0,0,0,0,0,0,"- ","- ",,,MONTEREY,UNINCORPORATED,,
90121415,2016,2016-02-23,9730,2016-02-04,2027,019981,,4,2,9,2700,0,1,3,,1,012,SR-1,"JULIA PFEIFFER BURNS PARK",5280.00,N,N,A,-,Y,,,,,,,,,,Y,2,0,1,1,A,-,08,22107,,M,E,I,A,A,H,-,D,D,0,,,,,Y,,A,08,1,0,0,0,0,0,0,0,0,"- ","- ",,,MONTEREY,UNINCORPORATED,,
90121433,2016,2016-04-26,9730,2016-02-07,1504,019981,,7,2,9,2700,0,1,3,,1,012,SR-1,"PLASKETT CREEK CAMPGROUND",528.00,N,N,A,-,Y,,,,,,,,,,Y,3,0,4,3,A,-,09,21801,A,N,D,C,A,A,H,-,A,D,0,,,,,Y,,A,01,0,4,0,0,0,0,0,0,0,"- ","- ",,,MONTEREY,UNINCORPORATED,,
90121468,2016,2016-02-23,9730,2016-02-12,2120,020514,,5,2,9,2700,0,3,5,,2,004,"CHUALAR RIVER ROAD","RIVER ROAD",500.00,E,N,A,-,N,,,,,,,,,,Y,4,0,1,1,A,-,08,22107,,N,F,A,A,A,H,-,D,D,0,,,,,Y,,A,01,0,0,1,0,0,0,0,0,0,"- ","- ",36.555280000000003,-121.54773,MONTEREY,UNINCORPORATED,-121.54850512,36.555673319999997
90121604,2016,2016-02-23,9730,2016-02-13,0140,020233,,6,3,9,2700,0,3,5,,2,005,"CORNWALL STREET","ENGLAND AVE",20.00,W,N,A,-,N,,,,,,,,,,N,2,0,1,2,A,-,11,21954,A,N,G,B,E,A,H,-,D,D,0,Y,,,,Y,Y,N,60,1,0,0,0,1,0,0,0,0,"- ","- ",36.734180000000002,-121.64107,MONTEREY,UNINCORPORATED,-121.64108442,36.734168169999997
90121728,2016,2016-02-23,9730,2016-02-17,1803,015297,,3,2,9,2700,0,3,5,,2,007,"CASTROVILLE BLVD.","PARADISE ROAD",528.00,S,N,B,C,N,,,,,,,,,,Y,3,0,1,2,A,-,05,21460,A,F,D,C,A,B,H,-,C,D,0,,,,,Y,,A,01,0,1,0,0,0,0,0,0,0,"- ","- ",36.799390000000002,-121.6982,MONTEREY,UNINCORPORATED,-121.69973622000001,36.798113739999998
90121796,2016,2016-02-23,9730,2016-02-18,0415,019100,,4,3,9,2700,0,3,5,,2,007,"CRAZY HORSE CANYON ROAD","CHAPIN ROAD",528.00,W,N,C,F,N,,,,,,,,,,Y,4,0,1,2,A,-,08,22107,,N,E,I,A,C,H,-,D,D,0,,,,,Y,,D,22,0,0,1,0,0,0,0,0,0,"- ","- ",36.475630000000002,-121.36575000000001,MONTEREY,UNINCORPORATED,,
90122083,2016,2016-02-23,9735,2016-02-20,0700,017681,,6,1,9,2700,0,3,5,,2,001,"LOS COCHES ROAD","ARROYO SECO ROAD",9504.00,S,N,A,-,N,,,,,,,,,,Y,4,0,1,2,A,-,05,21650,,N,B,C,A,A,H,-,A,D,0,,,,,Y,,A,07,0,0,1,0,0,0,0,0,0,"- ","- ",36.356409999999997,-121.30295,MONTEREY,UNINCORPORATED,-121.30483580000001,36.357659009999999
90122598,2016,2016-02-24,9730,2016-02-18,0550,019100,,4,3,9,2700,0,1,2,,1,070,"US-101 N/B","CRAZY HORSE CANYON ROAD",4752.00,N,N,B,C,Y,,,,,,,,,,Y,4,0,1,5,A,-,03,22350,,N,C,C,A,B,H,-,B,D,0,,,,,Y,,A,01,0,0,1,0,0,0,0,0,0,"- ","- ",36.492829999999998,-121.37439000000001,MONTEREY,UNINCORPORATED,-121.63271,36.818390000000001
90122636,2016,2016-02-24,9730,2016-02-18,0505,020576,,4,3,6,2708,0,1,2,,1,050,"US-101 NORTHBOUND","SANBORN RD. U/C",100.00,N,N,B,-,Y,,,101,,,,,,N,Y,3,0,1,1,A,-,03,22350,,N,E,I,A,B,H,-,C,D,0,,,,Y,Y,,G,25,0,1,0,0,0,0,0,0,0,"- ","- ",36.666890000000002,-121.62849,MONTEREY,SALINAS,-121.62848055000001,36.666911460000001
90122773,2016,2016-02-24,9730,2016-02-19,1705,020621,,5,2,9,2700,0,2,4,,1,075,"SAN JUAN ROAD","SAN MIGUEL CANYON ROAD",1056.00,W,N,A,-,N,,,,,,,,,,Y,3,0,1,3,A,-,03,22350,,N,C,C,A,A,H,-,A,D,0,,,,,Y,,D,22,0,1,0,0,0,0,0,0,0,"- ","- ",36.901479999999999,-121.69454,MONTEREY,UNINCORPORATED,-121.69390543,36.901192739999999
90122789,2016,2016-02-24,9730,2016-02-19,1525,020981,,5,2,9,2700,0,1,3,,1,014,SR-1,"CHINA BASIN STREET",3960.00,S,N,A,-,Y,,,1,,,,,,,Y,4,0,1,1,A,-,08,22107,,N,F,A,A,A,C,H,A,D,0,,,Y,,Y,,C,02,0,0,1,0,0,0,0,0,1,"- ","- ",36.04889,-121.5896,MONTEREY,UNINCORPORATED,-121.58950308999999,36.049026560000001
90123018,2016,2016-02-24,9730,2016-02-22,0610,019529,,1,1,9,2700,0,3,5,,2,005,"CRAZY HORSE CANYON RD.","HIDDEN CANYON RD.",1056.00,E,N,A,-,N,,,,,,,,,,Y,2,0,1,2,A,-,06,21751,,N,A,C,A,A,H,-,B,D,0,,,,Y,Y,,D,22,1,0,0,0,0,0,0,0,0,"- ","- ",36.784849999999999,-121.61117,MONTEREY,UNINCORPORATED,-121.61107,36.78792
90123696,2016,2016-02-25,9730,2016-02-22,0705,014584,,1,1,9,2700,0,3,5,,2,004,"ALISAL RD","HARTNELL RD",5.00,S,N,A,-,N,,,,,,,,,,Y,4,0,1,2,A,-,03,22350,,N,C,C,A,A,H,-,A,A,0,,,,,Y,,A,07,0,0,1,0,0,0,0,0,0,"- ","- ",36.645299999999999,-121.57665,MONTEREY,UNINCORPORATED,-121.57675964000001,36.645369090000003
90123795,2016,2016-02-25,9730,2016-02-13,0440,020916,,6,3,9,2700,0,1,3,,1,074,SR-1,"DOLAN ROAD",0.00,,Y,E,-,Y,,,1,,,,,,,Y,2,0,1,1,A,-,03,22350,,N,E,I,A,D,H,-,D,D,0,,,,,Y,,A,01,1,0,0,0,0,0,0,0,0,"- ","- ",36.804169999999999,-121.7839,MONTEREY,UNINCORPORATED,-121.78381757,36.80416503
90124956,2016,2016-02-29,9730,2016-02-22,1620,020903,,1,2,9,2700,0,1,3,,1,022,"SR-1 S/B TO SR-68","SR-68 (HOLMAN HWY)",60.00,N,N,A,-,Y,,,1,,,,R,,S,Y,4,0,1,3,A,-,03,22350,,N,C,C,A,A,H,-,A,D,0,,,,,Y,,A,07,0,0,1,0,0,0,0,0,0,"- ","- ",36.575429999999997,-121.91266,MONTEREY,UNINCORPORATED,-121.91266,36.575429999999997
90124959,2016,2016-02-29,9730,2016-02-18,0525,018543,,4,3,9,2700,0,2,4,,1,075,"SAN JUAN RD","MURPHY ROAD",0.00,,Y,C,-,N,,,,,,,,,,Y,4,0,2,1,A,-,08,22107,,N,E,I,A,B,H,-,D,A,0,,,,Y,Y,,F,26,0,0,2,0,0,0,0,0,0,"- ","- ",36.896560000000001,-121.67612,MONTEREY,UNINCORPORATED,-121.67607999000001,36.896410070000002
90124965,2016,2016-02-29,9730,2016-02-23,0340,017785,,2,3,6,2708,0,1,2,,1,050,"US-101 SOUTHBOUND","JOHN STREET",1056.00,S,N,A,-,Y,,,101,,,,,,S,Y,4,0,1,1,A,-,01,23152,E,N,E,I,A,A,H,-,C,D,0,,,,,Y,,A,01,0,0,1,0,0,0,0,0,0,"- ","- ",36.669110000000003,-121.63621999999999,MONTEREY,SALINAS,-121.63622504,36.669093760000003
90124982,2016,2016-02-29,9730,2016-02-22,1558,012332,,1,2,9,2700,0,2,4,,2,063,"BLANCO RD","DAVIS RD",70.00,W,N,A,-,N,,,,,,,,,,N,4,0,1,2,A,-,03,22350,,F,C,C,A,A,H,-,A,D,0,,,,,Y,,A,01,0,0,1,0,0,0,0,0,0,"- ","- ",,,MONTEREY,UNINCORPORATED,-121.68532344,36.666886079999998
90124993,2016,2016-02-29,9730,2016-02-23,0038,017785,,2,3,6,2708,0,1,2,,1,050,"US-101 SOUTHBOUND TO MARKET STREET","MARKET STREET",232.00,E,N,A,-,Y,,,101,,,,R,,S,Y,4,0,1,1,A,-,03,22350,,N,E,I,A,A,H,-,C,D,0,,,Y,,Y,,C,02,0,0,1,0,0,0,0,0,1,"- ","- ",36.678660000000001,-121.64209,MONTEREY,SALINAS,-121.64209,36.678660000000001
90125028,2016,2016-02-29,9730,2016-02-25,1300,019569,,4,1,9,2700,0,2,4,,1,073,"PRUNEDALE NORTH RD","SAN MIGUEL CANYON RD",60.00,S,N,A,-,N,,,,,,,,,,N,4,0,1,2,A,-,03,22350,,F,C,C,A,A,H,-,A,A,0,,,,,Y,,A,08,0,0,1,0,0,0,0,0,0,"- ","- ",,,MONTEREY,UNINCORPORATED,-121.66602757,36.801458279999999
90125793,2016,2016-02-29,9735,2016-02-20,1250,019330,,6,1,9,2700,0,3,5,,2,004,"PEACH TREE RD",SR-198,52800.00,S,N,A,-,N,,,,,,,,,,Y,3,0,1,1,A,-,03,22350,,N,F,A,A,A,H,-,E,D,0,,,Y,,Y,,C,02,0,1,0,0,0,0,0,0,1,"- ","- ",36.098689999999998,-120.69271999999999,MONTEREY,UNINCORPORATED,-120.69172963,36.099217439999997
90125914,2016,2016-02-29,9735,2016-02-27,0045,020036,,6,3,9,2700,0,2,4,,1,021,"JOLON RD","SAM JONES RD",299.00,S,N,A,-,N,,,,,,,,,,Y,3,0,1,1,A,-,08,22107,,N,F,I,A,A,H,-,D,D,0,,,,,Y,,A,01,0,1,0,0,0,0,0,0,0,"- ","- ",35.941690000000001,-121.12949999999999,MONTEREY,UNINCORPORATED,-121.13225586,35.942510740000003
90125941,2016,2016-02-29,9735,2016-02-27,1210,017681,,6,1,9,2700,0,3,5,,2,005,"VINEYARD CANYON ROAD","SLACKS CANYON RD",1056.00,W,N,A,-,N,,,,,,,,,,Y,3,0,1,1,A,-,08,22107,,N,F,A,A,A,H,-,A,D,0,,,Y,,Y,,C,02,0,1,0,0,0,0,0,0,1,"- ","- ",35.91957,-120.53343,MONTEREY,UNINCORPORATED,-120.50536421,35.925289480000004
90125957,2016,2016-02-29,9730,2016-02-20,1250,018543,,6,1,9,2700,0,1,3,,2,062,"SR-1 S/B TO RESERVATION ROAD","DUNES ROAD",100.00,E,N,A,-,N,,,,,,,,,,N,4,0,1,2,A,-,03,22350,,N,C,C,A,A,H,-,A,A,0,,,,,Y,,D,22,0,0,1,0,0,0,0,0,0,"- ","- ",36.69726,-121.80564,MONTEREY,UNINCORPORATED,,
90125966,2016,2016-02-29,9735,2016-02-27,1810,020057,,6,2,9,2700,0,3,5,,2,001,"CENTRAL AVE.","ELM AVE.",2112.00,S,N,A,-,N,,,,,,,,,,Y,3,0,1,1,A,-,01,23152,A,N,E,I,A,A,H,-,A,D,0,,,,,Y,Y,A,01,0,1,0,0,0,0,0,0,0,"- ","- ",36.3001,-121.26488999999999,MONTEREY,UNINCORPORATED,-121.26296827,36.298609849999998
90126025,2016,2016-02-29,9730,2016-02-24,1840,012332,,3,2,9,2700,0,3,5,,2,005,"ROGGE RD","NATIVIDAD RD",18.00,W,N,A,-,N,,,,,,,,,,N,4,0,2,2,A,-,21,22106,,N,C,C,A,A,H,-,D,D,0,,,,,Y,,A,07,0,0,2,0,0,0,0,0,0,"- ","- ",,,MONTEREY,UNINCORPORATED,-121.61618867,36.728264670000002
90126265,2016,2016-03-01,9730,2016-02-23,2107,019512,,2,2,9,2700,0,2,4,,1,073,"HALL ROAD","JOHNSON ROAD",1584.00,W,N,A,-,N,,,,,,,,,,Y,3,0,2,2,A,-,08,22107,,N,C,C,A,A,H,-,D,D,0,,,,,Y,,A,07,0,1,1,0,0,0,0,0,0,"- ","- ",36.863729999999997,-121.7116,MONTEREY,UNINCORPORATED,-121.71164933999999,36.863733799999999
90126615,2016,2016-03-01,9730,2016-02-26,1145,017502,,5,1,9,2700,0,1,3,,1,068,"SR-68 (SALINAS)","LAURELES GRADE",150.00,E,N,A,-,Y,,,,,,,,,,N,4,0,2,3,A,-,03,22350,,F,C,C,A,A,H,-,A,D,0,,,,,Y,,A,07,0,0,2,0,0,0,0,0,0,"- ","- ",,,MONTEREY,UNINCORPORATED,,
90126676,2016,2016-03-01,9730,2016-02-27,0040,020931,,6,3,9,2700,0,3,5,,2,003,"CORRAL DE TIERRA RD","ROBLEY RD",2640.00,E,N,A,-,N,,,,,,,,,,Y,3,0,1,1,A,-,08,22107,,N,E,I,A,A,H,-,D,D,0,,,,,Y,,A,01,0,1,0,0,0,0,0,0,0,"- ","- ",,,MONTEREY,UNINCORPORATED,-121.72748074,36.544227470000003
90126856,2016,2016-03-01,9730,2016-02-27,1515,020981,,6,2,9,2700,0,3,5,,2,007,"ELKHORN ROAD","CAMPAGNA WAY",300.00,N,N,A,-,N,,,,,,,,,,Y,2,0,1,1,A,-,08,22107,,N,E,I,A,A,H,-,A,D,0,,,,,Y,,A,07,1,0,0,0,0,0,0,0,0,"- ","- ",36.835830000000001,-121.73218,MONTEREY,UNINCORPORATED,-121.73209059,36.836525260000002
90126912,2016,2016-05-05,9730,2016-02-27,1537,020981,,6,2,9,2700,0,3,5,,2,007,"VALLE PACIFICO ROAD","LANGLEY CANYON ROAD",1584.00,N,N,A,-,N,,,,,,,,,,N,2,0,1,2,A,-,08,22107,,F,E,I,A,A,H,-,A,D,0,,,Y,,Y,,-,99,1,0,0,0,0,0,0,0,0,"- ","- ",36.813029999999998,-121.66182999999999,MONTEREY,UNINCORPORATED,-121.66172947,36.812877909999997
90127058,2016,2016-06-08,9730,2016-02-21,2311,020990,,7,3,9,2700,0,2,4,,1,073,"ELKHORN ROAD","WERNER ROAD",463.00,E,N,A,-,N,,,,,,,,,,Y,3,0,1,2,A,-,01,23152,A,N,A,C,A,A,H,-,D,D,0,,,,Y,Y,Y,A,07,0,1,0,0,0,0,0,0,0,"- ","- ",36.876959999999997,-121.74719,MONTEREY,UNINCORPORATED,-121.74700027,36.880238509999998
90127133,2016,2016-03-01,9730,2016-02-28,0617,019745,,7,1,9,2700,0,1,3,,1,068,SR-68,"SAN BENANCIO RD",1584.00,E,N,A,-,Y,,,68,,,,,,,Y,4,0,1,1,A,-,08,22107,,N,E,I,A,A,H,-,B,D,0,,,,,Y,,D,22,0,0,1,0,0,0,0,0,0,"- ","- ",36.582680000000003,-121.71554999999999,MONTEREY,UNINCORPORATED,-121.71552998,36.58264243
90127875,2016,2016-03-02,9735,2016-02-28,1950,018069,,7,2,3,2705,0,1,2,,1,041,"US-101 N/B","FIRST STREET",3168.00,N,N,A,-,Y,,,101,,,,,,N,Y,4,0,1,2,A,-,03,22350,,N,C,C,A,A,H,-,C,D,0,,,,,Y,,A,01,0,0,1,0,0,0,0,0,0,"- ","- ",36.20252,-121.12191,MONTEREY,"KING CITY",-121.12191426,36.202473689999998