CASE_ID,ACCIDENT_YEAR,PROC_DATE,JURIS,COLLISION_DATE,COLLISION_TIME,OFFICER_ID,REPORTING_DISTRICT,DAY_OF_WEEK,CHP_SHIFT,POPULATION,CNTY_CITY_LOC,SPECIAL_COND,BEAT_TYPE,CHP_BEAT_TYPE,CITY_DIVISION_LAPD,CHP_BEAT_CLASS,BEAT_NUMBER,PRIMARY_RD,SECONDARY_RD,DISTANCE,DIRECTION,INTERSECTION,WEATHER_1,WEATHER_2,STATE_HWY_IND,CALTRANS_COUNTY,CALTRANS_DISTRICT,STATE_ROUTE,ROUTE_SUFFIX,POSTMILE_PREFIX,POSTMILE,LOCATION_TYPE,RAMP_INTERSECTION,SIDE_OF_HWY,TOW_AWAY,COLLISION_SEVERITY,NUMBER_KILLED,NUMBER_INJURED,PARTY_COUNT,PRIMARY_COLL_FACTOR,PCF_CODE_OF_VIOL,PCF_VIOL_CATEGORY,PCF_VIOLATION,PCF_VIOL_SUBSECTION,HIT_AND_RUN,TYPE_OF_COLLISION,MVIW,PED_ACTION,ROAD_SURFACE,ROAD_COND_1,ROAD_COND_2,LIGHTING,CONTROL_DEVICE,CHP_ROAD_TYPE,PEDESTRIAN_ACCIDENT,BICYCLE_ACCIDENT,MOTORCYCLE_ACCIDENT,TRUCK_ACCIDENT,NOT_PRIVATE_PROPERTY,ALCOHOL_INVOLVED,STWD_VEHTYPE_AT_FAULT,CHP_VEHTYPE_AT_FAULT,COUNT_SEVERE_INJ,COUNT_VISIBLE_INJ,COUNT_COMPLAINT_PAIN,COUNT_PED_KILLED,COUNT_PED_INJURED,COUNT_BICYCLIST_KILLED,COUNT_BICYCLIST_INJURED,COUNT_MC_KILLED,COUNT_MC_INJURED,PRIMARY_RAMP,SECONDARY_RAMP,LATITUDE,LONGITUDE,COUNTY,CITY,POINT_X,POINT_Y
90127966,2016,2016-03-02,9730,2016-02-28,1829,020419,,7,2,9,2700,0,2,4,,1,073,"SAN MIGUEL CANYON RD.","CASTROVILLE BLVD",0.00,,Y,A,-,N,,,,,,,,,,Y,4,0,2,2,A,-,09,21802,A,N,D,C,A,A,H,-,D,A,0,,,,,Y,,A,01,0,0,2,0,0,0,0,0,0,"- ","- ",36.808459999999997,-121.67206,MONTEREY,UNINCORPORATED,-121.67190992,36.808400069999998
90128426,2016,2016-03-03,9730,2016-02-24,0740,016537,,3,1,9,2700,0,1,3,,1,068,"SR-68 W/B","EL TORO CREEK U/C",60.00,E,N,A,-,Y,,,68,,,,,,W,Y,4,0,2,2,A,-,03,22350,,N,C,C,A,A,H,-,A,D,0,,,,Y,Y,,F,26,0,0,2,0,0,0,0,0,0,"- ","- ",36.581659999999999,-121.71742,MONTEREY,UNINCORPORATED,-121.71740429,36.581631080000001
90128459,2016,2016-03-03,9730,2016-02-25,0525,016537,,4,3,9,2700,0,1,3,,1,066,SR-183,"DEL MONTE AVE.",170.00,S,N,A,-,Y,,,183,,,,,,,Y,4,0,1,3,A,-,05,21460,A,N,B,C,A,A,H,-,A,D,0,,,,Y,Y,,G,25,0,0,1,0,0,0,0,0,0,"- ","- ",36.754719999999999,-121.7435,MONTEREY,UNINCORPORATED,-121.74353272,36.754695339999998
90128528,2016,2016-03-03,9730,2016-02-25,1417,017184,,4,2,9,2700,0,1,3,,1,014,SR-1,"RIVER INN",300.00,N,N,A,-,Y,,,,,,,,,,Y,3,0,1,1,A,-,01,23152,A,N,E,I,A,A,H,-,A,D,0,,,,,Y,Y,A,01,0,1,0,0,0,0,0,0,0,"- ","- ",,,MONTEREY,UNINCORPORATED,,
90128877,2016,2016-03-03,9730,2016-02-21,2005,020233,,7,2,9,2700,0,1,2,,1,070,"US-101 NORTHBOUND","SAN JUAN ROAD",1426.00,S,N,A,-,Y,,,101,,,,,,N,Y,3,0,1,1,A,-,01,23152,A,M,E,I,A,A,H,-,C,D,0,,,,,Y,Y,A,01,0,1,0,0,0,0,0,0,0,"- ","- ",36.855530000000002,-121.63203,MONTEREY,UNINCORPORATED,-121.63207292,36.855587659999998
90129104,2016,2016-03-03,9730,2016-03-03,0820,017502,,4,1,9,2700,0,2,4,,1,023,"CARMEL VALLEY ROAD","BORONDA  ROAD",30.00,E,N,B,-,N,,,,,,,,,,Y,4,0,1,2,A,-,03,22350,,N,C,C,A,A,H,-,A,D,0,,,,,Y,,A,01,0,0,1,0,0,0,0,0,0,"- ","- ",,,MONTEREY,UNINCORPORATED,-121.74665262000001,36.494248079999998
90129746,2016,2016-05-20,9735,2016-02-21,1045,019330,,7,1,9,2700,0,1,2,,2,043,"US-101 N/B",SR-198,10560.00,N,N,A,-,Y,,,101,,,,,,N,Y,3,0,2,1,A,-,03,22350,,N,F,A,A,A,H,-,A,D,0,,,,,Y,,A,07,0,1,1,0,0,0,0,0,0,"- ","- ",36.152090000000001,-121.04421000000001,MONTEREY,UNINCORPORATED,-121.04402854999999,36.152214909999998
90130026,2016,2016-03-07,9730,2016-02-27,1250,019569,,6,1,9,2700,0,1,3,,2,062,"SR-1 S/B","LIGHTFIGHTER DR",1056.00,S,N,A,-,Y,,,1,,,,,,S,Y,4,0,1,2,A,-,03,22350,,N,C,C,A,A,H,-,A,D,0,,,,,Y,,A,01,0,0,1,0,0,0,0,0,0,"- ","- ",36.637189999999997,-121.83044,MONTEREY,UNINCORPORATED,-121.83035511,36.6371173
90130028,2016,2018-01-08,9730,2016-02-27,0115,019100,,6,3,9,2700,0,1,2,,1,030,"US-101 S/B","GOULD ROAD",30.00,S,N,B,F,Y,,,101,,,,,,S,Y,2,0,1,1,A,-,01,23152,A,N,E,I,A,B,H,-,D,D,0,,,,,Y,Y,A,07,1,0,0,0,0,0,0,0,0,"- ","- ",36.627569999999999,-121.58750999999999,MONTEREY,UNINCORPORATED,-121.58749457,36.627591150000001
90130033,2016,2016-03-07,9730,2016-02-29,1730,012332,,1,2,9,2700,0,2,4,,1,073,"SALINAS RD","TRAFTON RD",200.00,S,N,A,-,N,,,,,,,,,,Y,4,0,1,2,A,-,03,22350,,F,C,C,A,A,H,-,B,D,0,,,,,Y,,A,07,0,0,1,0,0,0,0,0,0,"- ","- ",,,MONTEREY,UNINCORPORATED,-121.74707625000001,36.886241220000002
90130039,2016,2016-03-07,9730,2016-03-01,1545,020896,,2,2,9,2700,0,1,3,,1,022,SR-1,"OCEAN AVE",528.00,N,N,A,-,Y,,,1,,,,,,,N,4,0,1,2,A,-,03,22350,,N,C,C,A,A,H,-,A,D,0,,,,,Y,,A,01,0,0,1,0,0,0,0,0,0,"- ","- ",36.55697,-121.91144,MONTEREY,UNINCORPORATED,-121.91130393,36.556988199999999
90130043,2016,2016-03-07,9730,2016-03-02,1735,017803,,3,2,9,2700,0,1,2,,1,050,"US 101 N/B","SHERWOOD DR",30.00,N,N,B,-,Y,,,,,,,,,,Y,3,0,1,1,A,-,08,22107,,N,F,A,A,A,H,-,A,D,0,,,,,Y,,A,01,0,1,0,0,0,0,0,0,0,"- ","- ",36.685070000000003,-121.64857000000001,MONTEREY,UNINCORPORATED,-121.64842423,36.684936800000003
90130054,2016,2016-03-07,9730,2016-03-04,1625,020981,,5,2,9,2700,0,3,5,,2,004,"JOHNSON CANYON ROAD","IVERSON ROAD",2640.00,E,N,C,-,N,,,,,,,,,,Y,3,0,1,1,A,-,08,22107,,N,F,A,A,B,H,-,A,D,0,,,,,Y,,D,22,0,1,0,0,0,0,0,0,0,"- ","- ",36.530819999999999,-121.41157,MONTEREY,UNINCORPORATED,-121.41111506999999,36.5311114
90130061,2016,2016-03-07,9730,2016-03-04,1650,020621,,5,2,9,2700,0,3,5,,2,006,"N. DAVIS ROAD","SR-183 U/C",100.00,S,N,B,C,N,,,,,,,,,,Y,4,0,1,2,A,-,08,22107,,N,D,C,A,B,H,-,A,D,0,,,,,Y,,A,01,0,0,1,0,0,0,0,0,0,"- ","- ",36.684199999999997,-121.67471999999999,MONTEREY,UNINCORPORATED,,
90130093,2016,2016-03-07,9730,2016-03-05,1027,019745,,6,1,9,2700,0,3,5,,2,002,"LAURELES GRADE","LAURELES RIDGE RD",1056.00,N,N,C,-,N,,,,,,,,,,Y,3,0,1,1,A,-,03,22350,,N,E,I,A,B,H,-,A,D,0,,,,,Y,,A,01,0,1,0,0,0,0,0,0,0,"- ","- ",36.532269999999997,-121.74979999999999,MONTEREY,UNINCORPORATED,-121.74955823000001,36.53200537
90130331,2016,2016-03-07,9730,2016-02-29,1314,020208,,1,1,9,2700,0,2,4,,1,023,"CARMEL VALLEY ROAD","LOMA DEL REY",3.00,E,N,A,-,N,,,,,,,,,,Y,4,0,1,1,A,-,03,22350,,N,B,I,A,A,H,-,A,D,0,,,,,Y,,A,01,0,0,1,0,0,0,0,0,0,"- ","- ",36.526629999999997,-121.81658,MONTEREY,UNINCORPORATED,-121.81654358999999,36.526693590000001
90130439,2016,2016-03-07,9730,2016-02-28,2120,020981,,7,2,9,2700,0,1,3,,2,062,"SR-1 NORTHBOUND","SOLEDAD DRIVE",290.00,S,N,A,-,Y,,,,,,,,,,Y,2,0,1,1,A,-,08,22107,,N,F,A,A,A,H,-,D,D,0,,,,,Y,,A,01,1,0,0,0,0,0,0,0,0,"- ","- ",36.581690000000002,-121.90034,MONTEREY,UNINCORPORATED,-121.90048345,36.581735629999997
90130453,2016,2016-03-07,9730,2016-03-05,2300,020233,,6,3,9,2700,0,1,2,,1,070,"US-101 SOUTHBOUND","BLACKIE ROAD",0.00,,Y,C,-,Y,,,101,,,,,,S,Y,3,0,1,1,A,-,08,22107,,N,E,I,A,B,H,-,D,D,0,,,,,Y,,A,01,0,1,0,0,0,0,0,0,0,"- ","- ",36.772799999999997,-121.66947999999999,MONTEREY,UNINCORPORATED,-121.66932955,36.772812279999997
90133700,2016,2016-03-10,9730,2016-02-29,1545,015160,,1,2,9,2700,0,1,3,,1,074,SR-1,"DOLAN ROAD",0.00,,Y,A,-,Y,,,,,,,,,,Y,4,0,1,2,A,-,09,21802,A,N,A,C,A,A,H,-,A,A,0,,,,,Y,,D,22,0,0,1,0,0,0,0,0,0,"- ","- ",,,MONTEREY,UNINCORPORATED,-121.78380991,36.804090109999997
90133742,2016,2016-03-10,9730,2016-03-04,1350,016537,,5,1,9,2700,0,1,2,,1,030,"N/B US-101 FROM MORANDA RD.","MORANDA RD.",390.00,N,N,B,C,Y,,,101,,,,R,,,Y,3,0,2,1,A,-,08,22107,,N,F,I,A,B,H,-,A,D,0,,,,,Y,,D,22,0,1,1,0,0,0,0,0,0,"- ","- ",36.434480000000001,-121.3387,MONTEREY,UNINCORPORATED,-121.3387,36.434480000000001
90134090,2016,2016-03-10,9730,2016-03-05,1822,020903,,6,2,9,2700,0,1,3,,1,074,"SR-1 N/B","SALINAS RD",1584.00,N,N,C,-,Y,,,1,,,,,,N,Y,3,0,2,1,A,-,08,22107,,N,E,I,A,B,H,-,A,D,0,,,,,Y,,D,22,0,1,1,0,0,0,0,0,0,"- ","- ",36.878509999999999,-121.77068,MONTEREY,UNINCORPORATED,-121.77130081999999,36.87837407
90134109,2016,2016-03-10,9730,2016-03-05,1200,018543,,6,1,3,2712,0,1,3,,2,062,"SR-1 N/B TO IMJIN PARKWAY","IMJIN PARKWAY",100.00,S,N,B,-,Y,,,,,,,,,,Y,4,0,1,2,A,-,03,22350,,N,C,C,A,B,H,-,A,D,0,,,,,Y,,A,01,0,0,1,0,0,0,0,0,0,"- ","- ",,,MONTEREY,MARINA,-121.81302427,36.669181049999999
90134180,2016,2016-03-10,9730,2016-03-07,0735,014584,,1,1,9,2700,0,3,5,,2,004,"ALTA RD","RINCON RD",1056.00,S,N,C,-,N,,,,,,,,,,Y,3,0,2,2,A,-,03,22350,,N,D,C,A,B,H,-,A,D,0,,,,,Y,,A,01,0,1,1,0,0,0,0,0,0,"- ","- ",36.514290000000003,-121.45502999999999,MONTEREY,UNINCORPORATED,,
90135164,2016,2016-03-14,9730,2016-03-04,1605,018312,,5,2,9,2700,0,3,5,,2,006,"RESERVATION ROAD","DAVIS ROAD",3168.00,W,N,C,-,N,,,,,,,,,,Y,3,0,1,1,A,-,01,23152,A,N,E,I,A,B,H,-,A,D,0,,,,,Y,Y,D,22,0,1,0,0,0,0,0,0,0,"- ","- ",36.644629999999999,-121.71637,MONTEREY,UNINCORPORATED,-121.70768,36.638280000000002
90135177,2016,2016-03-14,9730,2016-03-05,2005,020933,,6,2,9,2700,0,1,3,,1,022,"SR-1 N/B","SAN LUIS AVE",15.00,N,N,C,-,Y,,,1,,,,,,N,Y,3,0,3,1,C,-,18,,,N,E,I,A,B,H,-,D,D,0,,,,,Y,,-,"- ",0,2,1,0,0,0,0,0,0,"- ","- ",36.568420000000003,-121.91248,MONTEREY,UNINCORPORATED,-121.91253232,36.568429600000002
90135206,2016,2016-03-14,9730,2016-03-07,1350,019529,,1,1,9,2700,0,1,3,,2,062,"STATE ROUTE 1 (NORTHBOUND)","CASA VERDE WAY",200.00,S,N,A,-,Y,,,,,,,,,,Y,4,0,1,2,A,-,03,22350,,F,C,C,A,B,H,-,A,D,0,,,,,Y,,-,99,0,0,1,0,0,0,0,0,0,"- ","- ",,,MONTEREY,UNINCORPORATED,-121.86498020000001,36.598579530000002
90135244,2016,2016-03-14,9730,2016-03-09,1435,18810,,3,2,9,2700,0,1,3,,2,062,"SR-1 N/B","FREMONT BLVD",100.00,N,N,B,-,Y,,,1,,,,,,N,Y,4,0,1,2,A,-,03,22350,,N,C,C,A,A,H,-,A,D,0,,,,,Y,,A,01,0,0,1,0,0,0,0,0,0,"- ","- ",36.625540000000001,-121.83985,MONTEREY,UNINCORPORATED,-121.83981554,36.625507329999998
90135254,2016,2016-03-14,9730,2016-03-07,0118,020990,,1,3,9,2700,0,1,3,,2,062,"SR-1 NORTHBOUND","AGUAJITO ROAD",528.00,N,N,C,-,Y,,,,,,,,,,Y,4,0,1,1,C,-,18,,,N,E,J,A,B,C,-,D,D,0,,,,Y,Y,,-,"- ",0,0,1,0,0,0,0,0,0,"- ","- ",36.588039999999999,-121.88204,MONTEREY,UNINCORPORATED,-121.8790259,36.592382460000003
90135259,2016,2016-03-14,9730,2016-03-08,1455,018312,,2,2,9,2700,0,1,2,,1,050,"US 101 (NORTHBOUND)","SANBORN RD",100.00,S,N,B,-,Y,,,,,,,,,,Y,4,0,2,2,A,-,03,22350,,N,C,C,A,A,H,-,A,D,0,,,,,Y,,A,08,0,0,2,0,0,0,0,0,0,"- ","- ",36.666539999999998,-121.62770999999999,MONTEREY,UNINCORPORATED,-121.62789821,36.666417889999998
90135287,2016,2016-03-14,9730,2016-03-08,0855,019745,,2,1,9,2700,0,3,5,,2,007,"DEL MONTE FARMS RD (14400 BLOCK)","CASTROVILLE BLVD",331.00,E,N,A,-,N,,,,,,,,,,Y,3,0,1,3,C,-,18,,,N,E,J,F,A,C,-,A,D,0,Y,,,,Y,,-,"- ",0,1,0,0,1,0,0,0,0,"- ","- ",36.792200000000001,-121.7253,MONTEREY,UNINCORPORATED,-121.72590103,36.792224179999998
90135765,2016,2016-03-14,9730,2016-03-03,1005,020677,,4,1,9,2700,0,2,4,,1,073,"SAN MIGUEL CANYON RD","CASTROVILLE BLVD",0.00,,Y,A,-,N,,,,,,,,,,Y,4,0,1,2,A,-,09,21800,A,N,D,C,A,A,H,-,A,A,0,,,,,Y,,A,01,0,0,1,0,0,0,0,0,0,"- ","- ",36.808399999999999,-121.67197,MONTEREY,UNINCORPORATED,-121.67190992,36.808400069999998
90136765,2016,2016-03-15,9730,2016-03-11,1930,020621,,5,2,9,2700,0,1,2,,1,070,"BLACKIE ROAD","US-101 S/B",0.00,,Y,B,C,Y,,,,,,,,,,N,4,0,1,2,A,-,03,22350,,N,D,C,A,B,H,-,D,D,0,,,,,Y,,A,01,0,0,1,0,0,0,0,0,0,"- ","- ",36.772880000000001,-121.66942,MONTEREY,UNINCORPORATED,,
90136778,2016,2016-03-15,9730,2016-03-11,1835,020903,,5,2,9,2700,0,2,4,,2,063,"BLANCO ROAD","COOPER RD",500.00,W,N,C,-,N,,,,,,,,,,Y,4,0,1,1,A,-,08,22107,,N,E,I,A,B,H,-,D,D,0,,,,,Y,,A,07,0,0,1,0,0,0,0,0,0,"- ","- ",36.679340000000003,-121.73681000000001,MONTEREY,UNINCORPORATED,-121.73672517,36.678680679999999
90136987,2016,2016-03-15,9730,2016-03-13,1028,019745,,7,1,9,2700,0,1,3,,1,074,"SR-1 N/B","TRAFTON RD",1584.00,N,N,C,-,Y,,,1,,,,,,N,Y,4,0,1,1,A,-,03,22350,,N,E,I,A,B,H,-,A,D,0,,,,,Y,,A,01,0,0,1,0,0,0,0,0,0,"- ","- ",36.880800000000001,-121.77209999999999,MONTEREY,UNINCORPORATED,-121.7717756,36.880854069999998
90138584,2016,2016-03-17,9730,2016-03-09,1353,018543,,3,1,3,2712,0,1,3,,2,062,"SR-1 N/B","LIGHTFIGHTER DRIVE",1584.00,N,N,A,-,Y,,,,,,,,,,Y,3,0,2,1,A,-,08,22107,,N,F,A,A,A,H,-,A,D,0,,,,,Y,,A,07,0,2,0,0,0,0,0,0,0,"- ","- ",,,MONTEREY,MARINA,-121.81504531,36.651728159999998
90138598,2016,2016-03-17,9730,2016-03-10,0645,018543,,4,1,9,2700,0,1,3,,1,066,SR-183,SR-1,3.00,E,N,A,-,Y,,,,,,,,,,N,4,0,1,2,A,-,21,22106,,N,C,C,A,A,H,-,B,A,0,,,,,Y,,A,07,0,0,1,0,0,0,0,0,0,"- ","- ",,,MONTEREY,UNINCORPORATED,,
90138804,2016,2016-03-17,9730,2016-03-16,0615,018350,,3,1,9,2700,0,3,5,,2,005,"CRAZY HORSE CANYON ROAD","AUDREY LANE",223.00,E,N,A,-,N,,,,,,,,,,Y,4,0,1,1,A,-,08,22107,,N,E,I,A,A,H,-,D,D,0,,,,,Y,,A,07,0,0,1,0,0,0,0,0,0,"- ","- ",,,MONTEREY,UNINCORPORATED,-121.62580062000001,36.814457570000002
90138865,2016,2016-03-17,9730,2016-03-16,0810,020208,,3,1,4,2706,0,1,3,,1,022,"SR-1 S/B",SR-68,200.00,S,N,A,-,Y,,,1,,,,,,S,Y,4,0,1,2,A,-,03,22350,,N,C,C,A,A,H,-,A,D,0,,,,,Y,,A,01,0,0,1,0,0,0,0,0,0,"- ","- ",36.594000000000001,-121.8725,MONTEREY,MONTEREY,-121.87252097,36.594175360000001
90139108,2016,2016-03-17,9730,2016-03-14,0705,019745,,1,1,9,2700,0,3,5,,2,006,"BLANCO RD","ALISAL RD",0.00,,Y,B,-,N,,,,,,,,,,N,3,0,1,2,A,-,12,21453,A,N,D,G,A,B,H,-,B,A,0,,Y,,,Y,,L,04,0,1,0,0,0,0,1,0,0,"- ","- ",36.664200000000001,-121.6781,MONTEREY,UNINCORPORATED,-121.67816000000001,36.664090109999997
90139824,2016,2016-03-21,9730,2016-03-12,1350,020903,,6,1,9,2700,0,3,5,,2,007,"ELKHORN ROAD","STRAWBERRY ROAD",3696.00,S,N,B,-,N,,,,,,,,,,Y,4,0,1,2,A,-,05,21460,A,N,A,C,A,A,H,-,A,D,0,,,,,Y,,A,01,0,0,1,0,0,0,0,0,0,"- ","- ",36.821379999999998,-121.73009999999999,MONTEREY,UNINCORPORATED,-121.72999958,36.821682860000003
90139848,2016,2016-03-21,9730,2016-03-14,0745,018543,,1,1,9,2700,0,1,3,,1,074,SR-1,"MOSS LANDING ROAD",0.00,,Y,B,-,Y,,,1,,,,,,,Y,4,0,1,2,A,-,09,21801,A,N,D,C,A,A,H,-,B,D,0,,,,,Y,,A,01,0,0,1,0,0,0,0,0,0,"- ","- ",36.799810000000001,-121.78352,MONTEREY,UNINCORPORATED,-121.78324399,36.799851080000003
90140020,2016,2016-03-21,9735,2016-03-05,2245,020036,,6,3,9,2700,0,1,2,,1,040,"US-101 N/B","LOS COCHES RD",3696.00,N,N,C,-,Y,,,101,,,,,,N,Y,4,0,3,2,A,-,01,23152,A,N,C,C,A,B,H,-,D,D,0,,,,,Y,Y,A,01,0,0,3,0,0,0,0,0,0,"- ","- ",36.3735,-121.28775,MONTEREY,UNINCORPORATED,-121.28813626,36.37305782
90140051,2016,2016-03-21,9730,2016-03-14,2354,020990,,1,3,9,2700,0,3,5,,2,002,"SCHULTE RD","VIA SERENO RD",1056.00,W,N,A,-,N,,,,,,,,,,Y,4,0,1,1,A,-,08,22107,,N,E,I,A,A,H,-,D,D,0,,,,,Y,,A,01,0,0,1,0,0,0,0,0,0,"- ","- ",36.526200000000003,-121.8383,MONTEREY,UNINCORPORATED,-121.83840059000001,36.526212059999999
90140170,2016,2016-03-21,9730,2016-03-16,0103,020970,,3,3,9,2700,0,1,3,,1,022,SR-1,"RIBERA ROAD",528.00,N,N,A,-,Y,,,,,,,,,,Y,4,0,1,1,A,-,08,22107,,N,E,I,A,A,H,-,D,D,0,,,,,Y,,A,01,0,0,1,0,0,0,0,0,0,"- ","- ",,,MONTEREY,UNINCORPORATED,-121.91807967,36.530067709999997
90141396,2016,2016-03-22,9730,2016-03-21,0610,019745,,1,1,9,2700,0,2,4,,1,073,"HALL RD (700 BLOCK)","SAN MIGUEL CANYON RD",1584.00,W,N,A,-,Y,,,,,,,,,,Y,4,0,3,3,A,-,09,21804,A,N,D,C,A,A,H,-,D,D,0,,,,,Y,,A,07,0,0,3,0,0,0,0,0,0,"- ","- ",36.85998,-121.76012,MONTEREY,UNINCORPORATED,-121.70055458,36.859851339999999
90141908,2016,2016-03-23,9730,2016-03-17,1600,018810,,4,2,9,2700,0,1,3,,1,066,"SR-183 (MERRITT STREET)",SR-1,10.00,E,N,A,-,Y,,,183,,,,,,,N,4,0,1,2,A,-,03,22350,,N,C,C,A,A,H,-,A,D,0,,,,,Y,,A,01,0,0,1,0,0,0,0,0,0,"- ","- ",36.770969999999998,-121.76535,MONTEREY,UNINCORPORATED,-121.76533284,36.770814880000003
90141927,2016,2016-03-23,9730,2016-03-08,1700,018312,,2,2,9,2700,0,3,5,,2,006,"SAN JON ROAD","BORONDA ROAD",150.00,W,N,A,-,N,,,,,,,,,,N,4,0,1,2,A,-,05,21460,A,M,B,C,A,A,H,-,A,D,0,,,Y,,Y,,D,22,0,0,1,0,0,0,0,0,1,"- ","- ",,,MONTEREY,UNINCORPORATED,-121.683887,36.717940259999999
90142048,2016,2016-03-23,9730,2016-03-15,2155,019512,,2,2,9,2700,0,2,4,,1,075,"SAN JUAN ROAD","PORTER DRIVE",0.00,,Y,A,-,N,,,,,,,,,,N,2,0,1,2,A,-,10,21950,A,N,G,B,B,A,H,-,C,A,0,Y,,,,Y,Y,A,01,1,0,0,0,1,0,0,0,0,"- ","- ",,,MONTEREY,UNINCORPORATED,-121.7504,36.904520069999997
90142064,2016,2016-03-23,9730,2016-03-22,0238,019127,,2,3,9,2700,0,1,2,,1,070,"US-101 S/B","BLACKIE RD",0.00,,Y,B,C,Y,,,101,,,,,,S,Y,3,0,1,1,A,-,03,22350,,N,E,I,A,B,H,-,C,D,0,,,,,Y,Y,A,01,0,1,0,0,0,0,0,0,0,"- ","- ",36.7729,-121.66934000000001,MONTEREY,UNINCORPORATED,-121.66933458,36.772900229999998
90142319,2016,2016-03-23,9730,2016-03-15,1035,018820,,2,1,9,2700,0,3,5,,2,006,"ESPINOSA RD.","RODGERS RD.",453.00,W,N,A,-,N,,,,,,,,,,Y,2,0,1,1,A,-,01,23152,A,N,F,A,A,A,H,-,A,D,0,,,,,Y,Y,A,01,1,0,0,0,0,0,0,0,0,"- ","- ",36.744779999999999,-121.69283,MONTEREY,UNINCORPORATED,-121.69285465999999,36.744721269999999
90142383,2016,2016-07-18,9730,2016-03-17,1440,020514,,4,2,2,2703,0,1,2,,1,030,"US-101 N/B","5TH ST",1200.00,N,N,A,-,Y,,,101,,,,,,N,Y,4,0,1,1,A,-,03,22350,,N,E,I,A,A,H,-,A,D,0,,,,,Y,,A,01,0,0,1,0,0,0,0,0,0,"- ","- ",36.516829999999999,-121.43975,MONTEREY,GONZALES,-121.43972831000001,36.516849669999999
90142457,2016,2016-03-23,9730,2016-03-18,1543,020933,,5,2,9,2700,0,2,4,,1,073,"SAN MIGUEL CANYON ROAD","MORO ROAD",528.00,N,N,A,-,N,,,,,,,,,,N,4,0,1,2,A,-,03,22350,,N,C,C,A,A,H,-,A,D,0,,,,,Y,,D,22,0,0,1,0,0,0,0,0,0,"- ","- ",36.803750000000001,-121.6675,MONTEREY,UNINCORPORATED,-121.66751195000001,36.803971250000004
90142460,2016,2016-03-23,9730,2016-03-21,0812,019745,,1,1,9,2700,0,3,5,,2,007,"MERIDIAN RD","ARCHER RD",2640.00,W,N,A,-,N,,,,,,,,,,Y,4,0,1,1,A,-,08,22107,,N,E,I,A,A,H,-,A,D,0,,,,,Y,,A,01,0,0,1,0,0,0,0,0,0,"- ","- ",36.789299999999997,-121.7111,MONTEREY,UNINCORPORATED,-121.71055732000001,36.789251610000001
90144629,2016,2016-03-28,9735,2016-03-19,0730,017681,,6,1,9,2700,0,1,3,,1,034,SR-198,SR-25,9504.00,W,N,A,-,Y,,,198,,,,,,,Y,1,1,0,1,A,-,03,22350,,N,E,I,A,A,H,-,A,D,0,,,,Y,Y,,F,27,0,0,0,0,0,0,0,0,0,"- ","- ",36.189459999999997,-120.83660999999999,MONTEREY,UNINCORPORATED,-120.83658689000001,36.189493390000003
90145431,2016,2016-03-28,9730,2016-03-13,1452,019700,,7,2,9,2700,0,1,3,,1,072,SR-156,"CATHEDRAL OAK ROAD",2640.00,W,N,C,-,Y,,,,,,,,,,N,4,0,1,2,A,-,03,22350,,N,C,C,A,B,H,-,A,D,0,,,,,Y,,A,07,0,0,1,0,0,0,0,0,0,"- ","- ",36.462670000000003,-121.4325,MONTEREY,UNINCORPORATED,-121.72357619,36.774128849999997
90145432,2016,2016-03-28,9730,2016-03-12,0355,020677,,6,3,9,2700,0,1,3,,1,066,SR-183,"OAK ST.",0.00,,Y,A,B,Y,,,183,,,,,,,Y,4,0,2,2,A,-,01,23152,A,N,C,C,A,B,H,-,C,A,0,,,,,Y,Y,A,01,0,0,2,0,0,0,0,0,0,"- ","- ",36.75752,-121.74656,MONTEREY,UNINCORPORATED,-121.74666999,36.757373880000003
90145434,2016,2016-03-28,9730,2016-03-13,1652,020933,,7,2,9,2700,0,3,5,,2,005,"CRAZY HORSE CANYON ROAD","HIDDEN CANYON ROAD",528.00,N,N,C,-,N,,,,,,,,,,Y,4,0,1,1,A,-,08,22107,,N,E,I,A,B,H,-,A,D,0,,,,,Y,,A,07,0,0,1,0,0,0,0,0,0,"- ","- ",36.789850000000001,-121.61141000000001,MONTEREY,UNINCORPORATED,-121.61132761,36.789355559999997
90145452,2016,2016-03-28,9730,2016-03-18,1630,020514,,5,2,3,2711,0,1,2,,1,030,"US-101 S/B","COUNTY HIGHWAY G15",500.00,N,N,A,-,Y,,,101,,,,,,S,Y,2,0,5,1,C,-,18,,,N,E,I,A,A,H,-,A,D,0,,,,,Y,,-,"- ",1,3,1,0,0,0,0,0,0,"- ","- ",36.420670000000001,-121.32505,MONTEREY,SOLEDAD,-121.32501048,36.420704260000001
90145465,2016,2016-03-28,9730,2016-03-20,1717,020933,,7,2,9,2700,0,1,3,,1,022,SR-1,"RILEY RANCH ROAD",1056.00,S,N,A,B,Y,,,1,,,,,,,Y,4,0,1,2,A,-,03,22350,,N,C,C,A,B,H,-,A,D,0,,,,,Y,,A,07,0,0,1,0,0,0,0,0,0,"- ","- ",36.515340000000002,-121.93698999999999,MONTEREY,UNINCORPORATED,-121.93709477,36.515392130000002