CASE_ID,ACCIDENT_YEAR,PROC_DATE,JURIS,COLLISION_DATE,COLLISION_TIME,OFFICER_ID,REPORTING_DISTRICT,DAY_OF_WEEK,CHP_SHIFT,POPULATION,CNTY_CITY_LOC,SPECIAL_COND,BEAT_TYPE,CHP_BEAT_TYPE,CITY_DIVISION_LAPD,CHP_BEAT_CLASS,BEAT_NUMBER,PRIMARY_RD,SECONDARY_RD,DISTANCE,DIRECTION,INTERSECTION,WEATHER_1,WEATHER_2,STATE_HWY_IND,CALTRANS_COUNTY,CALTRANS_DISTRICT,STATE_ROUTE,ROUTE_SUFFIX,POSTMILE_PREFIX,POSTMILE,LOCATION_TYPE,RAMP_INTERSECTION,SIDE_OF_HWY,TOW_AWAY,COLLISION_SEVERITY,NUMBER_KILLED,NUMBER_INJURED,PARTY_COUNT,PRIMARY_COLL_FACTOR,PCF_CODE_OF_VIOL,PCF_VIOL_CATEGORY,PCF_VIOLATION,PCF_VIOL_SUBSECTION,HIT_AND_RUN,TYPE_OF_COLLISION,MVIW,PED_ACTION,ROAD_SURFACE,ROAD_COND_1,ROAD_COND_2,LIGHTING,CONTROL_DEVICE,CHP_ROAD_TYPE,PEDESTRIAN_ACCIDENT,BICYCLE_ACCIDENT,MOTORCYCLE_ACCIDENT,TRUCK_ACCIDENT,NOT_PRIVATE_PROPERTY,ALCOHOL_INVOLVED,STWD_VEHTYPE_AT_FAULT,CHP_VEHTYPE_AT_FAULT,COUNT_SEVERE_INJ,COUNT_VISIBLE_INJ,COUNT_COMPLAINT_PAIN,COUNT_PED_KILLED,COUNT_PED_INJURED,COUNT_BICYCLIST_KILLED,COUNT_BICYCLIST_INJURED,COUNT_MC_KILLED,COUNT_MC_INJURED,PRIMARY_RAMP,SECONDARY_RAMP,LATITUDE,LONGITUDE,COUNTY,CITY,POINT_X,POINT_Y
90145478,2016,2016-03-28,9730,2016-03-21,2100,018820,,1,2,9,2700,0,1,2,,1,070,"US-101 S/B","RALPH LN.",528.00,N,N,B,-,Y,,,101,,,,,,S,Y,3,0,1,1,A,-,08,22107,,N,E,I,A,A,H,-,D,D,0,,,,,Y,,A,01,0,1,0,0,0,0,0,0,0,"- ","- ",36.760849999999998,-121.66652999999999,MONTEREY,UNINCORPORATED,-121.66660026,36.760825820000001
90145513,2016,2016-03-28,9730,2016-03-24,0734,018543,,4,1,9,2700,0,3,5,,2,007,"SANDHOLDT ROAD","MOSS LANDING ROAD",2112.00,W,N,A,-,N,,,,,,,,,,Y,4,0,2,2,A,-,08,22107,,N,A,C,A,A,H,-,A,D,0,,,,,Y,,D,22,0,0,2,0,0,0,0,0,0,"- ","- ",36.802140000000001,-121.78761,MONTEREY,UNINCORPORATED,-121.79030261,36.797221039999997
90145718,2016,2016-03-28,9730,2016-03-18,1714,019700,,5,2,9,2700,0,3,5,,2,007,"CASTROVILLE BOULEVARD","DEL MONTE FARMS ROAD",0.00,,Y,A,-,N,,,,,,,,,,Y,4,0,3,2,A,-,01,23152,A,N,D,C,A,A,H,-,A,D,0,,,,,Y,Y,A,01,0,0,3,0,0,0,0,0,0,"- ","- ",,,MONTEREY,UNINCORPORATED,-121.72700997,36.792400100000002
90145722,2016,2016-03-28,9730,2016-03-19,2100,020514,,6,2,9,2700,0,3,5,,2,003,"LAURELES GRADE","RINCONADA RD",1800.00,S,N,B,-,N,,,,,,,,,,Y,3,0,1,1,A,-,03,22350,,N,E,I,A,A,H,-,D,D,0,,,Y,,Y,,C,02,0,1,0,0,0,0,0,0,1,"- ","- ",36.533769999999997,-121.75001,MONTEREY,UNINCORPORATED,-121.75012439,36.534006640000001
90145786,2016,2016-03-28,9730,2016-03-20,1945,020065,,7,2,6,2708,0,1,2,,1,050,"US-101 S/B TO LAUREL DR. OFF-RAMP","LAUREL DR.",145.00,N,N,B,-,Y,,,101,,,,R,,S,Y,3,0,1,1,A,-,08,22107,,N,F,A,A,A,H,-,D,D,0,,,,,Y,,A,01,0,1,0,0,0,0,0,0,0,"- ","- ",36.69838,-121.66634000000001,MONTEREY,SALINAS,-121.66634000000001,36.69838
90145820,2016,2016-03-28,9730,2016-03-21,0735,020514,,1,1,9,2700,0,3,5,,2,002,"OCEAN AVE","HATTON RD",100.00,E,N,A,-,N,,,,,,,,,,N,4,0,4,3,A,-,21,22106,,N,C,C,A,A,H,-,A,D,0,,,,,Y,,A,01,0,0,4,0,0,0,0,0,0,"- ","- ",36.555840000000003,-121.91202,MONTEREY,UNINCORPORATED,-121.91188231,36.555895550000002
90145879,2016,2016-03-28,9730,2016-03-25,0407,019127,,5,3,9,2700,0,1,2,,1,030,"US-101 N/B","FRONT ST",1584.00,S,N,B,-,Y,,,101,,,,,,N,Y,4,0,1,1,A,-,08,22107,,N,E,I,A,A,H,-,D,D,0,,,,,Y,,A,01,0,0,1,0,0,0,0,0,0,"- ","- ",36.428930000000001,-121.33557999999999,MONTEREY,UNINCORPORATED,-121.33556727,36.428943609999997
90146744,2016,2016-03-29,9730,2016-03-22,1635,015160,,2,2,9,2700,0,1,3,,2,062,"SR-1 NORTHBOUND",SR-68,528.00,S,N,A,-,Y,,,,,,,,,,N,4,0,1,2,A,-,03,22350,,N,C,C,A,A,H,-,A,D,0,,,,,Y,,A,01,0,0,1,0,0,0,0,0,0,"- ","- ",,,MONTEREY,UNINCORPORATED,-121.9128371,36.573273020000002
90147634,2016,2016-03-30,9730,2016-03-19,1100,017184,,6,1,9,2700,0,1,3,,1,012,SR-1,"SAN LUIS OBISPO COUNTY LINE",5280.00,N,N,A,-,Y,,,,,,,,,,Y,4,0,2,2,A,-,03,22350,,N,B,C,A,A,H,-,A,D,0,,,Y,,Y,,C,02,0,0,2,0,0,0,0,0,1,"- ","- ",,,MONTEREY,UNINCORPORATED,,
90147723,2016,2016-05-04,9730,2016-03-22,2111,019512,,2,2,9,2700,0,1,3,,1,068,SR-68,"LAURELES GRADE",1584.00,W,N,A,-,Y,,,,,,,,,,Y,4,0,1,1,A,-,08,22107,,N,E,J,A,A,H,-,D,D,0,,,,,Y,,A,01,0,0,1,0,0,0,0,0,0,"- ","- ",,,MONTEREY,UNINCORPORATED,,
90147902,2016,2016-03-30,9730,2016-03-21,0225,020233,,1,3,4,2706,0,1,3,,2,062,"SR-1 NORTHBOUND","AGUAJITO ROAD",965.00,N,N,C,-,Y,,,1,,,,,,N,Y,3,0,1,1,A,-,01,23152,A,N,F,A,A,B,H,-,C,D,0,,,,,Y,Y,A,01,0,1,0,0,0,0,0,0,0,"- ","- ",36.592950000000002,-121.87743,MONTEREY,MONTEREY,-121.87747752,36.593093699999997
90147941,2016,2016-03-30,9730,2016-03-21,1705,020903,,1,2,9,2700,0,1,2,,1,030,"US 101 N/B","SOLEDAD PRISON ROAD",5280.00,N,N,B,-,Y,,,,,,,,,,Y,4,0,1,1,A,-,01,23152,E,N,E,I,A,A,H,-,A,D,0,,,,,Y,,A,01,0,0,1,0,0,0,0,0,0,"- ","- ",36.473370000000003,-121.40116,MONTEREY,UNINCORPORATED,-121.40195389,36.473728139999999
90149064,2016,2016-04-01,9735,2016-03-26,1405,019965,,6,2,9,2700,0,1,2,,1,041,"UNITED STATES HIGHWAY 101","CENTRAL AVE.",1056.00,N,N,A,-,Y,,,101,,,,,,,Y,4,0,1,2,A,-,03,22350,,N,C,C,A,A,H,-,A,D,0,,,,,Y,,D,22,0,0,1,0,0,0,0,0,0,"- ","- ",36.237119999999997,-121.17456,MONTEREY,UNINCORPORATED,-121.17463205999999,36.237112269999997
90149172,2016,2016-04-01,9735,2016-03-26,1427,017681,,6,2,9,2700,0,1,2,,1,041,"US-101 NORTHBOUND","CENTRAL AVE",0.00,,Y,A,-,Y,,,101,,,,,,N,Y,4,0,1,1,A,-,08,22107,,N,F,A,A,A,H,-,A,D,0,,,,,Y,,A,07,0,0,1,0,0,0,0,0,0,"- ","- ",36.233840000000001,-121.17479,MONTEREY,UNINCORPORATED,-121.17428667999999,36.233894020000001
90149457,2016,2016-04-04,9730,2016-03-23,1724,019981,,3,2,6,2708,0,3,5,,2,005,"DAVIS ROAD","AMBROSE DRIVE",0.00,,Y,A,-,N,,,,,,,,,,N,2,0,1,2,A,-,09,21801,A,N,D,G,A,A,H,-,A,D,0,,Y,,,Y,,A,07,1,0,0,0,0,0,1,0,0,"- ","- ",,,MONTEREY,SALINAS,-121.68300987000001,36.66925002
90149459,2016,2016-04-04,9730,2016-03-24,1710,020896,,4,2,9,2700,0,2,4,,1,075,"SAN JUAN RD","SAN MIGUEL CANYON RD",2640.00,W,N,A,-,N,,,,,,,,,,N,4,0,1,2,A,-,03,22350,,N,C,C,A,A,H,-,A,D,0,,,,,Y,,D,22,0,0,1,0,0,0,0,0,0,"- ","- ",36.904049999999998,-121.71343,MONTEREY,UNINCORPORATED,-121.69896084,36.902754590000001
90149468,2016,2016-04-04,9730,2016-03-26,2000,020677,,6,2,9,2700,0,2,4,,1,073,"HALL RD.","PINI RD.",75.00,W,N,A,-,N,,,,,,,,,,Y,4,0,3,2,A,-,01,23152,A,N,B,C,A,A,H,-,C,D,0,,,,,Y,Y,A,08,0,0,3,0,0,0,0,0,0,"- ","- ",36.86421,-121.72019,MONTEREY,UNINCORPORATED,-121.71699642,36.864119350000003
90149470,2016,2016-04-04,9730,2016-03-26,1255,017184,,6,1,9,2700,0,1,3,,1,014,SR-1,"OLD COAST RD. (S)",3696.00,S,N,A,-,Y,,,,,,,,,,Y,2,0,2,2,A,-,05,21460,A,N,D,C,A,A,H,-,A,D,0,,,Y,,Y,,C,02,1,1,0,0,0,0,0,0,2,"- ","- ",,,MONTEREY,UNINCORPORATED,-121.89998156,36.36333552
90149486,2016,2016-04-04,9730,2016-03-25,1658,020621,,5,2,9,2700,0,3,5,,2,005,"SAN JUAN GRADE ROAD","BEAR CREEK CT",1680.00,S,N,A,-,N,,,,,,,,,,Y,3,0,2,2,A,-,01,23152,A,N,C,C,A,A,H,-,A,D,0,,,,,Y,Y,A,01,0,2,0,0,0,0,0,0,0,"- ","- ",,,MONTEREY,UNINCORPORATED,-121.63298826,36.739656490000002
90149489,2016,2016-04-04,9730,2016-01-29,1724,019981,,5,2,9,2700,0,1,3,,1,066,SR-183,"OLD CEMETARY ROAD",2112.00,N,N,B,-,Y,,,,,,,,,,Y,1,1,3,2,A,-,09,21801,A,N,A,C,A,A,H,-,B,D,0,,,,,Y,,A,01,0,1,2,0,0,0,0,0,0,"- ","- ",,,MONTEREY,UNINCORPORATED,,
90150003,2016,2016-04-04,9730,2016-03-30,0636,014584,,3,1,9,2700,0,1,2,,1,030,"US-101 N/B","SOMAVIA RD",0.00,,Y,A,-,Y,,,101,,,,,,N,Y,3,0,4,3,A,-,09,21801,A,N,D,C,A,A,H,-,B,D,0,,,,,Y,,D,22,0,2,2,0,0,0,0,0,0,"- ","- ",36.595999999999997,-121.54582000000001,MONTEREY,UNINCORPORATED,-121.54582433,36.595995520000002
90150024,2016,2016-04-04,9730,2016-03-31,0515,019569,,4,3,9,2700,0,1,3,,1,022,SR-1,"SR-68 (HOLMAN HWY)",528.00,S,N,A,-,Y,,,1,,,,,,,Y,4,0,1,2,A,-,08,22107,,N,D,C,A,A,H,-,D,D,0,,,,,Y,,A,01,0,0,1,0,0,0,0,0,0,"- ","- ",36.573450000000001,-121.91302,MONTEREY,UNINCORPORATED,-121.91303729000001,36.573455019999997
90150144,2016,2016-04-04,9730,2016-03-31,1252,019956,,4,1,9,2700,0,1,3,,2,062,"SR-1 S/B","IMJIN PKWY",1584.00,S,N,A,-,Y,,,1,,,,,,S,Y,3,0,1,2,A,-,07,21658,A,F,F,A,A,A,H,-,A,D,0,,,Y,,Y,,-,99,0,1,0,0,0,0,0,0,1,"- ","- ",36.665300000000002,-121.81554,MONTEREY,UNINCORPORATED,-121.81553452999999,36.665297590000002
90150206,2016,2016-04-04,9730,2016-03-31,1645,020981,,4,2,9,2700,0,3,5,,2,007,"STRAWBERRY ROAD","HIDDEN VALLEY ROAD",0.00,,Y,A,-,N,,,,,,,,,,Y,3,0,2,2,A,-,09,21802,A,N,D,C,A,A,H,-,A,A,0,,,,,Y,,A,01,0,2,0,0,0,0,0,0,0,"- ","- ",36.832349999999998,-121.69422,MONTEREY,UNINCORPORATED,-121.69444992,36.832270110000003
90150216,2016,2016-04-04,9730,2016-03-31,2055,020621,,4,2,9,2700,0,1,3,,1,072,SR-156,"MERIDIAN ROAD",0.00,,Y,A,-,Y,,,156,,,,,,,Y,4,0,1,2,A,-,09,21802,A,N,D,C,A,A,H,-,D,A,0,,,,,Y,,A,07,0,0,1,0,0,0,0,0,0,"- ","- ",36.788040000000002,-121.67910000000001,MONTEREY,UNINCORPORATED,-121.67910041,36.788042099999998
90150280,2016,2016-04-04,9730,2016-03-21,1212,020208,,1,1,9,2700,0,1,3,,1,074,SR-1,"MOLERA ROAD",669.00,N,N,B,G,Y,,,1,,,,,,,Y,1,2,6,2,A,-,01,23152,E,N,A,C,A,A,H,-,A,D,0,,,,,Y,,A,07,4,2,0,0,0,0,0,0,0,"- ","- ",36.780349999999999,-121.7778,MONTEREY,UNINCORPORATED,-121.77776824,36.7803878
90150437,2016,2016-04-04,9730,2016-03-22,0840,018350,,2,1,4,2710,0,1,3,,2,062,"SR-1 S/B","FREMONT BLVD.",4224.00,N,N,A,-,Y,,,,,,,,,,Y,4,0,2,2,A,-,03,22350,,N,C,C,A,A,H,-,A,D,0,,,,,Y,,A,01,0,0,2,0,0,0,0,0,0,"- ","- ",,,MONTEREY,SEASIDE,,
90150458,2016,2016-04-04,9735,2016-03-19,1945,020168,,6,2,9,2700,0,1,2,,1,041,"US-101 FROM JOLON RD","JOLON RD",200.00,S,N,A,-,Y,,,101,,,,R,,,Y,3,0,1,1,A,-,08,22107,,N,F,A,A,A,H,-,B,D,0,,,,,Y,,A,01,0,1,0,0,0,0,0,0,0,"- ","- ",36.197249999999997,-121.14679,MONTEREY,UNINCORPORATED,-121.14679,36.197249999999997
90150914,2016,2016-04-18,9730,2016-04-02,1750,020621,,6,2,9,2700,0,3,5,,2,007,"TARPEY ROAD","MAHER ROAD",0.00,,Y,B,-,N,,,,,,,,,,Y,3,0,2,2,A,-,09,21802,A,N,D,C,A,A,H,-,A,A,0,,,,,Y,,D,22,0,1,1,0,0,0,0,0,0,"- ","- ",36.860959999999999,-121.68691,MONTEREY,UNINCORPORATED,-121.68705986000001,36.861040039999999
90150928,2016,2016-04-05,9730,2016-04-02,1440,020621,,6,2,9,2700,0,1,2,,1,070,US-101,"SAN MIGUEL CANYON ROAD",500.00,N,N,A,-,Y,,,101,,,,,,,N,4,0,3,2,A,-,03,22350,,N,C,C,A,A,H,-,A,D,0,,,,,Y,,A,01,0,0,3,0,0,0,0,0,0,"- ","- ",36.8001,-121.66322,MONTEREY,UNINCORPORATED,-121.66324958,36.800136649999999
90150994,2016,2016-04-07,9730,2016-04-04,0748,019127,,1,1,9,2700,0,2,4,,1,073,"SAN MIGUEL CANYON ROAD","CORTO SAN MIGUEL ROAD",100.00,N,N,A,-,N,,,,,,,,,,N,4,0,1,3,A,-,03,22350,,N,C,C,A,A,H,-,A,A,0,,,,,Y,,A,01,0,0,1,0,0,0,0,0,0,"- ","- ",36.857370000000003,-121.69441,MONTEREY,UNINCORPORATED,-121.69431676000001,36.85706098
90151151,2016,2016-04-05,9735,2016-04-02,0755,017681,,6,1,9,2700,0,3,5,,2,001,"US-101 SOUTHBOUND","HUDSON ROAD",1056.00,N,N,A,-,Y,,,101,,,,,,S,Y,4,0,1,1,A,-,08,22107,,N,E,I,A,A,H,-,A,D,0,,,,,Y,,A,01,0,0,1,0,0,0,0,0,0,"- ","- ",36.35604,-121.27103,MONTEREY,UNINCORPORATED,-121.2709808,36.356087209999998
90151491,2016,2016-04-05,9730,2016-03-22,0841,018350,,2,1,9,2700,0,3,5,,2,003,"THE BARNYARD","CLOCK TOWER PLACE",75.00,N,N,A,-,N,,,,,,,,,,N,4,0,1,2,A,-,09,21800,B,N,D,C,A,A,H,-,A,D,0,,,,,Y,,I,09,0,0,1,0,0,0,0,0,0,"- ","- ",,,MONTEREY,UNINCORPORATED,,
90151495,2016,2016-04-05,9730,2016-03-29,2020,015160,,2,2,9,2700,0,1,3,,1,066,SR-183,"ESPINOSA ROAD",0.00,,Y,A,-,Y,,,,,,,,,,Y,3,0,1,2,A,-,09,21801,B,N,D,C,A,A,H,-,D,D,0,,,,Y,Y,,A,01,0,1,0,0,0,0,0,0,0,"- ","- ",,,MONTEREY,UNINCORPORATED,,
90152782,2016,2016-04-07,9730,2016-03-19,1623,019981,,6,2,9,2700,0,3,5,,2,003,"RIVER ROAD","CHUALAR RIVER ROAD",2690.00,W,N,A,-,N,,,,,,,,,,Y,3,0,1,1,A,-,01,23152,A,N,E,I,A,A,H,-,A,D,0,,,,,Y,Y,A,07,0,1,0,0,0,0,0,0,0,"- ","- ",,,MONTEREY,UNINCORPORATED,-121.54792682999999,36.549560919999998
90152885,2016,2016-04-07,9730,2016-03-29,0335,020701,,2,3,9,2700,0,3,5,,2,006,"ESPINOSA ROAD","PINSKI LANE",1550.00,E,N,A,-,N,,,,,,,,,,Y,4,0,1,2,A,-,05,21460,A,N,B,C,A,A,H,-,D,D,0,,,,Y,Y,Y,A,01,0,0,1,0,0,0,0,0,0,"- ","- ",36.747630000000001,-121.72418999999999,MONTEREY,UNINCORPORATED,,
90153179,2016,2016-04-07,9730,2016-03-31,1530,018810,,4,2,9,2700,0,3,5,,2,006,"DEL MONTE BLVD (NORTH)","MONTE RD.",0.00,,Y,B,-,N,,,,,,,,,,Y,4,0,5,2,A,-,08,22107,,N,A,C,A,A,H,-,A,D,0,,,,,Y,,D,22,0,0,5,0,0,0,0,0,0,"- ","- ",36.723790000000001,-121.28888000000001,MONTEREY,UNINCORPORATED,-121.78882994999999,36.723750090000003
90154572,2016,2016-04-11,9730,2016-03-30,1956,019934,,3,2,9,2700,0,3,5,,2,007,"HALL ROAD","WILLOW ROAD",1056.00,N,N,A,-,N,,,,,,,,,,Y,3,0,2,2,A,-,03,22350,,N,C,C,A,A,H,-,D,D,0,,,,,Y,,A,01,0,1,1,0,0,0,0,0,0,"- ","- ",36.866120000000002,-121.73854,MONTEREY,UNINCORPORATED,-121.7386353,36.866058240000001
90154588,2016,2016-04-11,9730,2016-03-30,1807,019981,,3,2,9,2700,0,2,4,,1,023,"CARMEL VALLEY ROAD","EDDIE ROAD",720.00,W,N,A,-,N,,,,,,,,,,Y,3,0,2,2,A,-,09,21801,A,N,A,C,A,A,H,-,A,D,0,,,,,Y,,A,07,0,2,0,0,0,0,0,0,0,"- ","- ",,,MONTEREY,UNINCORPORATED,-121.8051226,36.522426830000001
90154769,2016,2016-04-11,9730,2016-04-01,1654,019981,,5,2,9,2700,0,3,5,,2,003,"RIVER ROAD","GONZALES RIVER ROAD",5280.00,N,N,A,-,N,,,,,,,,,,Y,3,0,1,1,A,-,08,22107,,N,F,I,A,A,H,-,A,D,0,,,,,Y,,D,22,0,1,0,0,0,0,0,0,0,"- ","- ",,,MONTEREY,UNINCORPORATED,-121.47463999999999,36.480919999999998
90154867,2016,2016-04-11,9730,2016-04-03,1445,020896,,7,2,9,2700,0,2,4,,1,023,"CARMEL VALLEY RD","CACHAGUA RD",2112.00,W,N,A,-,N,,,,,,,,,,N,4,0,2,1,A,-,08,22107,,N,E,I,A,A,H,-,A,D,0,,,Y,,Y,,C,02,0,0,2,0,0,0,0,0,2,"- ","- ",36.448329999999999,-121.68631999999999,MONTEREY,UNINCORPORATED,-121.68713741000001,36.448161570000003
90154973,2016,2016-04-11,9730,2016-04-03,1010,019569,,7,1,9,2700,0,3,5,,2,005,"ALISAL RD","ZABALA RD.",1056.00,S,N,A,-,N,,,,,,,,,,Y,3,0,1,1,A,-,03,22350,,N,E,I,A,A,H,-,A,D,0,,,,,Y,,A,01,0,1,0,0,0,0,0,0,0,"- ","- ",,,MONTEREY,UNINCORPORATED,-121.56856476999999,36.639893809999997
90155021,2016,2016-04-11,9730,2016-04-05,1620,018810,,2,2,9,2700,0,1,3,,2,062,"SR-1 N/B","SR-68 (HOLMAN HWY)",528.00,N,N,A,-,Y,,,1,,,,,,N,Y,2,0,2,4,A,-,03,22350,,N,C,C,A,A,H,-,A,D,0,,,,,Y,,A,01,1,1,0,0,0,0,0,0,0,"- ","- ",36.578609999999998,-121.90653,MONTEREY,UNINCORPORATED,-121.90653596999999,36.578619670000002
90155150,2016,2016-04-11,9730,2016-04-03,1245,020391,,7,1,9,2700,0,2,4,,1,023,"CARMEL VALLEY RD","LOMA DEL REY",362.00,E,N,A,-,N,,,,,,,,,,Y,3,0,1,1,A,-,01,23152,A,N,F,I,A,A,H,-,A,D,0,,,,,Y,Y,A,01,0,1,0,0,0,0,0,0,0,"- ","- ",36.525950000000002,-121.81569,MONTEREY,UNINCORPORATED,-121.81574139999999,36.525952410000002
90155721,2016,2016-04-12,9730,2016-04-05,1715,015160,,2,2,9,2700,0,1,3,,1,066,"SR-183 (MERRITT STREET)","MONTEREY STREET",0.00,,Y,A,-,Y,,,,,,,,,,N,4,0,1,2,A,-,03,22350,,N,C,C,A,A,H,-,A,D,0,,,,,Y,,A,07,0,0,1,0,0,0,0,0,0,"- ","- ",,,MONTEREY,UNINCORPORATED,,
90155913,2016,2016-04-12,9730,2016-03-28,1150,018350,,1,1,9,2700,0,1,3,,1,074,"US-101 S/B","NASHUA/MOLERA ROAD",1584.00,N,N,A,G,Y,,,,,,,,,,N,3,0,2,1,C,-,18,,,N,H,A,A,A,H,-,A,D,0,,,,,Y,,-,"- ",0,2,0,0,0,0,0,0,0,"- ","- ",,,MONTEREY,UNINCORPORATED,,
90155926,2016,2016-04-12,9730,2016-04-01,1835,020514,,5,2,2,2703,0,1,2,,1,030,"US-101 S/B","5TH STREET",140.00,S,N,A,-,Y,,,101,,,,,,S,Y,3,0,3,1,C,-,18,,,N,E,I,A,A,H,-,A,D,0,,,,,Y,,-,"- ",0,3,0,0,0,0,0,0,0,"- ","- ",36.512880000000003,-121.43769,MONTEREY,GONZALES,-121.43759632,36.512928770000002
90156332,2016,2016-04-12,9730,2016-04-06,1150,018810,,3,1,9,2700,0,1,3,,1,024,"SR-68 (HOLMAN HIGHWAY)","SCENIC DRIVE",500.00,E,N,A,-,Y,,,68,,,,,,,Y,4,0,1,2,A,-,03,22350,,N,C,C,A,A,H,-,A,D,0,,,,,Y,,A,01,0,0,1,0,0,0,0,0,0,"- ","- ",36.576599999999999,-121.9136,MONTEREY,UNINCORPORATED,-121.91388008,36.576282059999997
90156880,2016,2016-04-13,9730,2016-04-09,1600,020981,,6,2,9,2700,0,3,5,,2,005,"OLS STAGE ROAD",US-101,3950.00,E,N,B,-,N,,,,,,,,,,N,2,0,1,1,A,-,03,22350,,N,E,I,A,A,H,-,A,D,0,,,,,Y,,A,01,1,0,0,0,0,0,0,0,0,"- ","- ",36.536830000000002,-121.46272999999999,MONTEREY,UNINCORPORATED,,
90157152,2016,2016-04-13,9730,2016-04-07,1730,018820,,4,2,9,2700,0,1,2,,1,070,"US-101 S/B","CRAZY HORSE CANYON RD.",0.00,,Y,A,-,Y,,,101,,,,,,S,N,3,0,1,2,A,-,09,21802,A,N,D,C,A,A,H,-,A,A,0,,,,,Y,Y,A,08,0,1,0,0,0,0,0,0,0,"- ","- ",36.818710000000003,-121.63315,MONTEREY,UNINCORPORATED,-121.63297107,36.818360900000002
90157941,2016,2016-04-14,9735,2016-04-13,2215,020036,,3,3,9,2700,0,3,5,,2,003,"METZ RD","SPRECKELS RD",4224.00,N,N,A,-,N,,,,,,,,,,Y,3,0,2,1,A,-,08,22107,,N,F,A,A,A,H,-,D,D,0,,,,,Y,,A,01,0,2,0,0,0,0,0,0,0,"- ","- ",36.281500000000001,-121.14949,MONTEREY,UNINCORPORATED,-121.14867713,36.279803110000003
90159157,2016,2016-04-18,9730,2016-04-08,1745,020896,,5,2,9,2700,0,1,3,,1,024,"SR-68 (HOLMAN HWY)","HAUL RD",150.00,W,N,B,-,Y,,,68,,,,,,,Y,3,0,2,2,A,-,08,22107,,N,A,C,A,B,H,-,A,D,0,,,,,Y,Y,A,01,0,1,1,0,0,0,0,0,0,"- ","- ",36.593960000000003,-121.9212,MONTEREY,UNINCORPORATED,-121.92124027,36.5939786
90159160,2016,2016-04-18,9730,2016-04-09,1515,020896,,6,2,9,2700,0,2,4,,1,073,"SAN MIGUEL CANYON RD","PRUNEDALE NORTH RD",115.00,N,N,B,-,N,,,,,,,,,,Y,4,0,1,2,A,-,03,22350,,N,C,C,A,A,H,-,A,D,0,,,,,Y,,A,01,0,0,1,0,0,0,0,0,0,"- ","- ",36.801720000000003,-121.66594000000001,MONTEREY,UNINCORPORATED,-121.66605833,36.801807850000003
90159173,2016,2016-04-18,9730,2016-04-05,1800,018543,,2,2,9,2700,0,1,3,,1,014,SR-1,"MPM 58",1584.00,N,N,A,-,Y,,,,,,,,,,Y,3,0,2,2,A,-,01,23152,E,F,B,C,A,A,H,-,A,D,0,,,,,Y,,A,01,0,1,1,0,0,0,0,0,0,"- ","- ",,,MONTEREY,UNINCORPORATED,,
90159204,2016,2016-04-18,9730,2016-04-11,0735,019956,,1,1,9,2700,0,1,3,,2,062,"SR-1 S/B","RESERVATION RD",1056.00,S,N,B,-,Y,,,,,,,,,,Y,4,0,2,3,A,-,03,22350,,N,C,C,A,A,H,-,A,D,0,,,,,Y,,D,22,0,0,2,0,0,0,0,0,0,"- ","- ",36.693109999999997,-121.80709,MONTEREY,UNINCORPORATED,-121.80654603000001,36.694214449999997
90159598,2016,2016-04-18,9730,2016-04-10,1058,020933,,7,1,9,2700,0,1,3,,1,022,SR-1,"SOUTH CARMEL HILLS DRIVE",250.00,N,N,C,-,Y,,,1,,,,,,,N,4,0,1,3,A,-,03,22350,,N,C,C,A,B,H,-,A,D,0,,,,,Y,,A,07,0,0,1,0,0,0,0,0,0,"- ","- ",36.548999999999999,-121.91006,MONTEREY,UNINCORPORATED,-121.91007243,36.548998019999999
90159705,2016,2016-04-18,9730,2016-04-14,1112,019569,,4,1,4,2710,0,1,3,,2,062,"SR-1 N/B","LIGHTFIGHTER DR",5280.00,S,N,A,-,Y,,,1,,,,,,N,Y,4,0,1,1,A,-,08,22107,,N,F,A,A,A,H,-,A,D,0,,,,,Y,,A,08,0,0,1,0,0,0,0,0,0,"- ","- ",36.633940000000003,-121.83271999999999,MONTEREY,SEASIDE,-121.83272547999999,36.633945169999997
90159751,2016,2016-04-18,9730,2016-04-14,0710,019569,,4,1,9,2700,0,1,3,,2,062,"SR-1 S/B TO SOLEDAD DRIVE",SR-1,200.00,W,N,B,-,Y,,,,,,,,,,Y,4,0,1,1,A,-,03,22350,,N,E,I,A,B,H,-,A,D,0,,,,,Y,,A,01,0,0,1,0,0,0,0,0,0,"- ","- ",,,MONTEREY,UNINCORPORATED,,
90159768,2016,2016-04-18,9730,2016-04-14,1355,020896,,4,1,9,2700,0,1,2,,1,030,"US-101 SOUTHBOUND","POTTER RD",0.00,,Y,A,-,Y,,,101,,,,,,S,Y,3,0,4,2,A,-,09,21804,A,N,D,C,A,A,H,-,A,A,0,,,,,Y,,D,22,0,1,3,0,0,0,0,0,0,"- ","- ",36.605460000000001,-121.55716,MONTEREY,UNINCORPORATED,-121.55718367,36.605427599999999