CASE_ID,ACCIDENT_YEAR,PROC_DATE,JURIS,COLLISION_DATE,COLLISION_TIME,OFFICER_ID,REPORTING_DISTRICT,DAY_OF_WEEK,CHP_SHIFT,POPULATION,CNTY_CITY_LOC,SPECIAL_COND,BEAT_TYPE,CHP_BEAT_TYPE,CITY_DIVISION_LAPD,CHP_BEAT_CLASS,BEAT_NUMBER,PRIMARY_RD,SECONDARY_RD,DISTANCE,DIRECTION,INTERSECTION,WEATHER_1,WEATHER_2,STATE_HWY_IND,CALTRANS_COUNTY,CALTRANS_DISTRICT,STATE_ROUTE,ROUTE_SUFFIX,POSTMILE_PREFIX,POSTMILE,LOCATION_TYPE,RAMP_INTERSECTION,SIDE_OF_HWY,TOW_AWAY,COLLISION_SEVERITY,NUMBER_KILLED,NUMBER_INJURED,PARTY_COUNT,PRIMARY_COLL_FACTOR,PCF_CODE_OF_VIOL,PCF_VIOL_CATEGORY,PCF_VIOLATION,PCF_VIOL_SUBSECTION,HIT_AND_RUN,TYPE_OF_COLLISION,MVIW,PED_ACTION,ROAD_SURFACE,ROAD_COND_1,ROAD_COND_2,LIGHTING,CONTROL_DEVICE,CHP_ROAD_TYPE,PEDESTRIAN_ACCIDENT,BICYCLE_ACCIDENT,MOTORCYCLE_ACCIDENT,TRUCK_ACCIDENT,NOT_PRIVATE_PROPERTY,ALCOHOL_INVOLVED,STWD_VEHTYPE_AT_FAULT,CHP_VEHTYPE_AT_FAULT,COUNT_SEVERE_INJ,COUNT_VISIBLE_INJ,COUNT_COMPLAINT_PAIN,COUNT_PED_KILLED,COUNT_PED_INJURED,COUNT_BICYCLIST_KILLED,COUNT_BICYCLIST_INJURED,COUNT_MC_KILLED,COUNT_MC_INJURED,PRIMARY_RAMP,SECONDARY_RAMP,LATITUDE,LONGITUDE,COUNTY,CITY,POINT_X,POINT_Y
90160080,2016,2016-04-18,9730,2016-04-16,1910,020621,,6,2,9,2700,0,1,3,,1,072,SR-156,"CATHEDRAL OAK ROAD",600.00,E,N,A,-,Y,,,156,,,,,,,Y,4,0,2,2,A,-,03,22350,,N,C,C,A,A,H,-,A,D,0,,,,,Y,,A,01,0,0,2,0,0,0,0,0,0,"- ","- ",36.777270000000001,-121.71248,MONTEREY,UNINCORPORATED,-121.71249655,36.777327030000002
90160099,2016,2016-04-18,9730,2016-04-15,1147,019745,,5,1,9,2700,0,1,3,,1,074,SR-1,"PIERI CT",0.00,,Y,A,-,Y,,,1,,,,,,,Y,4,0,2,2,A,-,09,21800,A,N,D,C,A,A,H,-,A,A,0,,,,,Y,,A,01,0,0,2,0,0,0,0,0,0,"- ","- ",36.791800000000002,-121.7837,MONTEREY,UNINCORPORATED,-121.78370944,36.791799279999999
90160494,2016,2016-04-19,9730,2016-04-11,1430,015160,,1,2,9,2700,0,1,3,,1,074,SR-1,"POTRERO ROAD",1056.00,S,N,A,-,Y,,,,,,,,,,Y,4,0,2,2,A,-,08,22107,,N,D,C,A,A,H,-,A,D,0,,,,,Y,,A,01,0,0,2,0,0,0,0,0,0,"- ","- ",,,MONTEREY,UNINCORPORATED,-121.78251348000001,36.788277469999997
90160736,2016,2016-04-19,9730,2016-04-12,1325,018350,,2,1,9,2700,0,2,4,,2,063,"BLANCO ROAD","DAVIS ROAD",3696.00,W,N,A,-,N,,,,,,,,,,Y,4,0,2,2,A,-,03,22350,,N,C,C,A,A,H,-,A,D,0,,,,,Y,,A,07,0,0,2,0,0,0,0,0,0,"- ","- ",36.67248,-121.69535999999999,MONTEREY,UNINCORPORATED,-121.69547776,36.672566619999998
90160766,2016,2016-04-19,9730,2016-04-06,0933,018350,,3,1,9,2700,0,2,4,,1,073,"SAN MIGUEL CANYON ROAD","ECHO VALLEY ROAD",0.00,,Y,A,-,N,,,,,,,,,,Y,3,0,3,2,A,-,09,21802,A,N,D,C,A,A,H,-,A,A,0,,,,,Y,,A,01,0,2,1,0,0,0,0,0,0,"- ","- ",,,MONTEREY,UNINCORPORATED,-121.67346996000001,36.821660080000001
90160776,2016,2016-04-19,9735,2016-04-15,1140,020057,,5,1,9,2700,0,1,2,,2,045,"US-101 N/B","BRADLEY RD.",16368.00,N,N,A,-,Y,,,101,,,,,,N,Y,4,0,1,1,A,-,08,22107,,N,F,I,A,A,H,-,A,D,0,,,,,Y,,A,01,0,0,1,0,0,0,0,0,0,"- ","- ",35.852370000000001,-120.77491999999999,MONTEREY,UNINCORPORATED,-120.77492328,35.852352699999997
90160883,2016,2016-04-19,9730,2016-04-14,2140,019127,,4,2,9,2700,0,1,2,,1,050,"US-101 S/B","AIRPORT BLVD",1056.00,S,N,A,-,Y,,,101,,,,,,S,Y,3,0,1,2,A,-,03,22350,,N,C,C,A,A,H,-,D,D,0,,,,,Y,,A,01,0,1,0,0,0,0,0,0,0,"- ","- ",36.659930000000003,-121.62255,MONTEREY,UNINCORPORATED,-121.62254464999999,36.65993314
90160925,2016,2016-04-19,9730,2016-04-15,1603,019700,,5,2,9,2700,0,1,2,,1,070,"US-101 SOUTHBOUND",SR-156,75.00,N,N,A,-,Y,,,,,,,,,,N,4,0,1,2,A,-,03,22350,,N,C,C,A,A,H,-,A,D,0,,,,,Y,,I,20,0,0,1,0,0,0,0,0,0,"- ","- ",36.472340000000003,-121.40322999999999,MONTEREY,UNINCORPORATED,-121.66761325,36.789752579999998
90160965,2016,2016-04-19,9730,2016-04-15,1525,020514,,5,2,9,2700,0,2,4,,1,023,"CARMEL VALLEY ROAD","EL CAMINITO RD",10.00,W,N,A,-,N,,,,,,,,,,Y,4,0,1,3,A,-,21,22106,,N,D,C,A,A,H,-,A,D,0,,,,,Y,,A,07,0,0,1,0,0,0,0,0,0,"- ","- ",36.47916,-121.73121999999999,MONTEREY,UNINCORPORATED,-121.7311677,36.479125949999997
90161547,2016,2016-04-20,9730,2016-04-17,1530,020514,,7,2,9,2700,0,1,2,,1,030,"US-101 N/B","POTTER ROAD",60.00,S,N,A,-,Y,,,101,,,,,,N,Y,4,0,1,2,A,-,03,22350,,N,C,C,A,A,H,-,A,D,0,,,,,Y,,A,01,0,0,1,0,0,0,0,0,0,"- ","- ",36.605499999999999,-121.5569,MONTEREY,UNINCORPORATED,-121.55690568999999,36.605492069999997
90162139,2016,2016-06-07,9730,2016-04-15,0155,020990,,5,3,9,2700,0,1,3,,2,062,"SR-1 NORTHBOUND","DEL MONTE BOULEVARD",528.00,S,N,A,-,Y,,,,,,,,,,Y,3,0,1,1,A,-,01,23152,A,M,C,I,A,A,H,-,D,D,0,,,,,Y,Y,A,01,0,1,0,0,0,0,0,0,0,"- ","- ",36.5989,-121.86435,MONTEREY,UNINCORPORATED,-121.79042423999999,36.723864810000002
90162422,2016,2016-06-15,9735,2016-02-28,1940,019486,,7,2,9,2700,0,1,3,,1,034,"STATE ROUTE 198","PINE VALLEY RD",12144.00,W,N,A,-,Y,,,198,,,,,,,Y,1,1,3,2,A,-,01,23152,A,N,A,C,A,A,H,-,D,D,0,,,,,Y,Y,A,01,1,0,2,0,0,0,0,0,0,"- ","- ",36.154470000000003,-120.91555,MONTEREY,UNINCORPORATED,-120.91554834,36.154511499999998
90162771,2016,2016-05-19,9735,2016-03-26,1125,018338,,6,1,9,2700,0,1,2,,1,041,"US-101 SOUTHBOUND","CENTRAL AVE",5808.00,N,N,A,-,Y,,,101,,,,,,S,Y,1,1,1,2,A,-,08,22107,,N,F,A,A,A,H,-,A,D,0,,,,,Y,,A,01,0,0,1,0,0,0,0,0,0,"- ","- ",36.251089999999998,-121.17614,MONTEREY,UNINCORPORATED,-121.17639887999999,36.251053489999997
90163494,2016,2016-04-22,9735,2016-04-16,0820,017952,,6,1,9,2700,0,1,2,,2,043,"US-101 S/B","PARIS VALLEY RD. OVER CROSSING",0.00,,N,A,-,Y,,,101,,,,,,S,Y,3,0,1,2,A,-,01,23152,E,N,C,C,A,A,H,-,A,D,0,,,,Y,Y,,A,01,0,1,0,0,0,0,0,0,0,"- ","- ",36.063099999999999,-120.98166000000001,MONTEREY,UNINCORPORATED,-120.98162692,36.063135410000001
90163942,2016,2016-04-25,9730,2016-04-02,2340,020933,,6,3,9,2700,0,1,3,,2,062,"SR-1 S/B","LIGHFIGHTER DRIVE",5280.00,S,N,A,-,Y,,,1,,,,,,S,Y,4,0,1,2,A,-,03,22350,,F,C,C,A,A,H,-,D,D,0,,,,,Y,,-,99,0,0,1,0,0,0,0,0,0,"- ","- ",36.638910000000003,-121.8287,MONTEREY,UNINCORPORATED,-121.82876845,36.638976239999998
90163954,2016,2016-04-25,9730,2016-04-17,1910,020514,,7,2,9,2700,0,1,2,,1,070,"US-101 N/B","BERTA CANYON ROAD",200.00,S,N,A,-,Y,,,101,,,,,,N,Y,3,0,1,3,A,-,03,22350,,N,C,C,A,A,H,-,A,D,0,,,,,Y,,A,01,0,1,0,0,0,0,0,0,0,"- ","- ",36.787509999999997,-121.66791000000001,MONTEREY,UNINCORPORATED,-121.66792206,36.78751244
90163956,2016,2016-04-25,9730,2016-04-18,1640,017803,,1,2,9,2700,0,1,3,,1,068,SR68,"YORK RD",2640.00,E,N,A,-,Y,,,68,,,,,,,Y,4,0,1,2,A,-,03,22350,,N,C,C,A,A,H,-,A,D,0,,,,,Y,,D,22,0,0,1,0,0,0,0,0,0,"- ","- ",36.569409999999998,-121.79761000000001,MONTEREY,UNINCORPORATED,-121.79760601,36.569430760000003
90163963,2016,2016-04-25,9730,2016-03-17,0300,019745,,4,3,9,2700,0,3,5,,2,006,"BORONDA RD (100 BLOCK)","MADISON LN",1584.00,S,N,A,-,N,,,,,,,,,,Y,3,0,1,1,A,-,03,22350,,M,E,I,A,A,H,-,D,D,0,,,,,Y,,A,01,0,1,0,0,0,0,0,0,0,"- ","- ",36.690440000000002,-121.6806,MONTEREY,UNINCORPORATED,-121.68047704,36.690670130000001
90164006,2016,2016-04-25,9730,2016-04-20,1736,012332,,3,2,9,2700,0,3,5,,2,007,"ELKHORN RD","EMPIRE RD",100.00,N,N,A,-,N,,,,,,,,,,Y,4,0,1,1,A,-,08,22107,,N,E,J,A,A,H,-,A,D,0,,,,,Y,Y,D,22,0,0,1,0,0,0,0,0,0,"- ","- ",,,MONTEREY,UNINCORPORATED,-121.72384304000001,36.81310912
90164010,2016,2016-04-25,9730,2016-04-20,0720,014584,,3,1,9,2700,0,1,2,,1,030,"US101 N/B","HARTNELL RD",528.00,N,N,A,-,Y,,,101,,,,,,N,Y,3,0,1,1,A,-,08,22107,,N,E,I,A,A,H,-,A,D,0,,,,,Y,,D,22,0,1,0,0,0,0,0,0,0,"- ","- ",36.626550000000002,-121.58481999999999,MONTEREY,UNINCORPORATED,-121.58487483,36.626468449999997
90164025,2016,2016-04-25,9730,2016-04-10,1928,020208,,7,2,9,2700,0,3,5,,2,007,"2160 ELKHORN ROAD","CASTROVILLE BLVD",2600.00,N,N,B,-,N,,,,,,,,,,Y,3,0,1,3,A,-,01,23152,A,N,F,I,A,B,H,-,D,D,0,,,,,Y,Y,A,01,0,1,0,0,0,0,0,0,0,"- ","- ",36.8001,-121.7217,MONTEREY,UNINCORPORATED,-121.72216225,36.802583249999998
90164029,2016,2016-04-25,9730,2016-04-20,0800,016537,,3,1,9,2700,0,3,5,,2,007,"CASTROVILLE BVD.","ELKHORN RD.",0.00,,Y,A,-,N,,,,,,,,,,Y,4,0,5,2,A,-,09,21801,A,N,A,C,A,A,H,-,A,D,0,,,,,Y,,A,01,0,0,5,0,0,0,0,0,0,"- ","- ",36.795659999999998,-121.72066,MONTEREY,UNINCORPORATED,-121.72037993000001,36.795650010000003
90165476,2016,2016-04-26,9730,2016-04-12,1544,019934,,2,2,9,2700,0,3,5,,2,003,"RIVER ROAD","PARKER ROAD",5280.00,S,N,A,-,N,,,,,,,,,,Y,3,0,1,1,A,-,03,22350,,N,H,J,A,A,H,-,A,D,0,,,Y,,Y,,C,02,0,1,0,0,0,0,0,0,1,"- ","- ",36.574979999999996,-121.58534,MONTEREY,UNINCORPORATED,-121.59176493,36.578664889999999
90165598,2016,2016-04-26,9730,2016-04-14,1655,020896,,4,2,9,2700,0,1,2,,1,030,"US-101 SOUTHBOUND","GLORIA RD O/C",40.00,S,N,A,-,Y,,,101,,,,,,S,Y,3,0,2,3,A,-,03,22350,,N,C,C,A,A,H,-,A,D,0,,,,,Y,,A,07,0,1,1,0,0,0,0,0,0,"- ","- ",36.493220000000001,-121.42740999999999,MONTEREY,UNINCORPORATED,-121.42740066,36.493224859999998
90165630,2016,2016-04-26,9730,2016-04-17,1742,019981,,7,2,9,2700,0,1,3,,1,068,SR-68,"BOOTS ROAD",2640.00,W,N,A,-,Y,,,,,,,,,,Y,4,0,1,2,A,-,09,21801,A,N,D,C,A,A,H,-,A,D,0,,,,,Y,,A,01,0,0,1,0,0,0,0,0,0,"- ","- ",,,MONTEREY,UNINCORPORATED,,
90165657,2016,2016-04-26,9730,2016-04-17,1630,020514,,7,2,9,2700,0,1,3,,1,068,SR-68,"B ROAD",0.00,,Y,A,-,Y,,,,,,,,,,Y,2,0,1,2,A,-,09,21804,A,N,D,C,A,A,H,-,A,D,0,,,Y,,Y,,A,07,1,0,0,0,0,0,0,0,1,"- ","- ",35.570439999999998,-121.76177,MONTEREY,UNINCORPORATED,,
90165730,2016,2016-04-26,9730,2016-04-21,1740,017803,,4,2,9,2700,0,2,4,,2,063,"BLANCO RD","DAVIS RD",1584.00,W,N,B,-,N,,,,,,,,,,Y,4,0,1,2,A,-,03,22350,,N,C,C,A,A,H,-,A,D,0,,,,,Y,,A,01,0,0,1,0,0,0,0,0,0,"- ","- ",36.669460000000001,-121.69009,MONTEREY,UNINCORPORATED,-121.68957555999999,36.669241120000002
90165971,2016,2016-04-26,9730,2016-04-23,1230,019956,,6,1,9,2700,0,1,3,,1,072,SR-156,"CASTROVILLE BLVD",70.00,E,N,A,-,Y,,,156,,,,,,,Y,4,0,2,3,A,-,03,22350,,N,C,C,A,A,H,-,A,A,0,,,,,Y,,A,01,0,0,2,0,0,0,0,0,0,"- ","- ",36.768720000000002,-121.74266,MONTEREY,UNINCORPORATED,-121.74263341,36.768631030000002
90165996,2016,2016-04-26,9730,2016-04-23,1653,020208,,6,2,9,2700,0,2,4,,1,023,"CARMEL VALLEY ROAD","PHELPS WAY",310.00,W,N,A,-,Y,,,,,,,,,,N,2,0,1,2,A,-,08,22107,,N,D,G,A,A,H,-,A,D,0,,Y,,,Y,,L,04,1,0,0,0,0,0,1,0,0,"- ","- ",36.498699999999999,-121.7533,MONTEREY,UNINCORPORATED,-121.75249525,36.498230499999998
90166085,2016,2016-04-26,9730,2016-04-13,1955,015160,,3,2,9,2700,0,1,3,,1,074,SR-1,"JETTY ROAD",453.00,N,N,A,-,Y,,,,,,,,,,Y,2,0,2,2,A,-,05,21460,A,N,A,C,A,A,H,-,D,D,0,,,,,Y,,A,01,1,0,1,0,0,0,0,0,0,"- ","- ",,,MONTEREY,UNINCORPORATED,-121.78597069999999,36.818152949999998
90166625,2016,2016-04-27,9730,2016-04-19,2245,020576,,2,3,9,2700,0,2,4,,1,075,"SAN JUAN ROAD","SAN MIGUEL CANYON ROAD",0.00,,Y,A,-,N,,,,,,,,,,Y,3,0,2,2,A,-,09,21802,A,N,D,C,A,A,H,-,D,A,0,,,,,Y,,D,22,0,1,1,0,0,0,0,0,0,"- ","- ",36.899990000000003,-121.69020999999999,MONTEREY,UNINCORPORATED,-121.69057997,36.900060029999999
90166859,2016,2016-04-27,9730,2016-04-22,1315,020933,,5,1,9,2700,0,1,3,,1,068,"SR-68 (SALINAS HIGHWAY)","CORRAL DE TIERRA RD",350.00,E,N,B,-,Y,,,68,,,,,,,Y,4,0,1,3,A,-,03,22350,,N,C,C,A,B,H,-,A,A,0,,,,,Y,,A,01,0,0,1,0,0,0,0,0,0,"- ","- ",36.578699999999998,-121.72566999999999,MONTEREY,UNINCORPORATED,-121.725666,36.578665630000003
90166882,2016,2016-04-27,9730,2016-04-24,1615,020208,,7,2,9,2700,0,1,2,,1,030,"US-101 N/B","SPENCE ROAD",25.00,N,N,A,-,Y,,,101,,,,,,N,Y,3,0,1,1,C,-,18,,,N,E,J,A,A,H,-,A,D,0,,,,,Y,,-,"- ",0,1,0,0,0,0,0,0,0,"- ","- ",36.614199999999997,-121.5689,MONTEREY,UNINCORPORATED,-121.56887537,36.61423379
90166900,2016,2016-04-27,9730,2016-04-24,1315,019127,,7,1,9,2700,0,1,2,,1,070,"US-101 N/B","SALA RD",1056.00,N,N,A,-,Y,,,101,,,,,,N,Y,4,0,2,2,A,-,03,22350,,N,C,C,A,A,H,-,A,D,0,,,,,Y,,D,22,0,0,2,0,0,0,0,0,0,"- ","- ",36.752009999999999,-121.6636,MONTEREY,UNINCORPORATED,-121.66361018000001,36.7520059
90166939,2016,2016-04-27,9730,2016-04-20,1605,017184,,3,2,9,2700,0,1,3,,1,012,SR-1,"VILLA CREEK BRIDGE",1584.00,S,N,A,-,Y,,,,,,,,,,Y,3,0,1,1,A,-,03,22350,,N,F,A,A,A,H,-,A,D,0,,,Y,,Y,,C,02,0,1,0,0,0,0,0,0,1,"- ","- ",,,MONTEREY,UNINCORPORATED,,
90168220,2016,2016-04-28,9730,2016-04-22,0746,019569,,5,1,9,2700,0,2,4,,1,073,"SAN MIGUEL CANYON RD","CASTROVILLE BLVD",0.00,,Y,A,-,N,,,,,,,,,,Y,4,0,1,2,A,-,03,22350,,N,D,C,A,B,H,-,A,A,0,,,,,Y,,A,01,0,0,1,0,0,0,0,0,0,"- ","- ",,,MONTEREY,UNINCORPORATED,-121.67190992,36.808400069999998
90169363,2016,2016-04-29,9735,2016-04-22,1800,019965,,5,2,9,2700,0,3,5,,2,001,"PINE CANYON RD","VIA CANADA",23.00,W,N,A,-,N,,,,,,,,,,Y,3,0,1,2,A,-,03,22350,,N,C,C,A,A,H,-,A,D,0,,,,,Y,,A,01,0,1,0,0,0,0,0,0,0,"- ","- ",36.18683,-121.15031999999999,MONTEREY,UNINCORPORATED,-121.15031,36.186770000000003
90169669,2016,2016-04-29,9735,2016-04-13,1545,016696,,3,2,9,2700,0,3,5,,2,001,"METZ ROAD","BLUE JAY LANE",3168.00,S,N,A,B,N,,,,,,,,,,Y,3,0,4,1,A,-,08,22107,,N,E,I,A,A,H,-,A,D,0,,,,,Y,,A,01,0,1,3,0,0,0,0,0,0,"- ","- ",36.368090000000002,-121.25202,MONTEREY,UNINCORPORATED,-121.25221438,36.398449319999997
90169982,2016,2016-05-02,9730,2016-04-13,0755,018543,,3,1,9,2700,0,1,3,,2,062,"SR-1 S/B","DEL MONTE AVE.",100.00,N,N,A,-,Y,,,,,,,,,,Y,2,0,1,1,A,-,03,22350,,N,F,A,A,A,H,-,A,D,0,,,Y,,Y,,C,02,1,0,0,0,0,0,0,0,1,"- ","- ",,,MONTEREY,UNINCORPORATED,-121.86127,36.604520000000001
90169983,2016,2016-05-02,9730,2016-04-19,0907,018543,,2,1,9,2700,0,1,3,,1,024,"SR-68 (HOLMAN HIGHWAY)","SKYLINE FOREST",1584.00,E,N,A,-,Y,,,68,,,,,,,Y,4,0,1,1,A,-,08,22107,,N,F,I,A,A,H,-,A,D,0,,,,,Y,,A,07,0,0,1,0,0,0,0,0,0,"- ","- ",36.582180000000001,-121.91788,MONTEREY,UNINCORPORATED,-121.91792441,36.582168780000003
90169989,2016,2016-05-12,9730,2016-04-20,2130,015160,,3,2,9,2700,0,2,4,,1,073,"HALL ROAD","ELKHORN ROAD",1056.00,E,N,A,-,N,,,,,,,,,,Y,4,0,1,2,A,-,03,22350,,N,C,C,A,A,H,-,D,D,0,,,,,Y,,A,08,0,0,1,0,0,0,0,0,0,"- ","- ",,,MONTEREY,UNINCORPORATED,-121.74107961999999,36.866606500000003
90169990,2016,2016-05-02,9730,2016-04-20,1800,019512,,3,2,9,2700,0,2,4,,1,073,"HALL ROAD","ELKHORN ROAD",25.00,E,N,A,-,N,,,,,,,,,,N,4,0,1,2,A,-,03,22350,,N,C,C,A,A,H,-,A,D,0,,,,,Y,,D,22,0,0,1,0,0,0,0,0,0,"- ","- ",36.867750000000001,-121.74307,MONTEREY,UNINCORPORATED,-121.7436447,36.868501760000001
90170004,2016,2016-05-02,9730,2016-04-22,1500,020896,,5,2,9,2700,0,3,5,,2,005,"OLD STAGE RD","OLD NATIVIDAD RD",0.00,,Y,C,-,N,,,,,,,,,,Y,4,0,1,2,A,-,12,22450,A,N,D,C,A,B,H,-,A,A,0,,,,,Y,,A,08,0,0,1,0,0,0,0,0,0,"- ","- ",36.732370000000003,-121.59711,MONTEREY,UNINCORPORATED,-121.59710987,36.732320049999998
90170015,2016,2016-05-02,9730,2016-04-19,1328,018543,,2,1,9,2700,0,2,4,,1,023,"CARMEL VALLEY ROAD","SCHULTE ROAD",2640.00,E,N,A,-,N,,,,,,,,,,Y,3,0,1,1,A,-,08,22107,,N,E,C,A,A,H,-,A,D,0,,,,,Y,,A,01,0,1,0,0,0,0,0,0,0,"- ","- ",36.528829999999999,-121.81931,MONTEREY,UNINCORPORATED,-121.8217971,36.529082430000003
90170040,2016,2016-05-02,9730,2016-04-22,0450,019127,,5,3,9,2700,0,2,4,,1,073,"SALINAS ROAD","ELKHORN ROAD",0.00,,Y,B,-,N,,,,,,,,,,Y,3,0,2,3,A,-,09,21803,A,N,A,C,A,A,H,-,D,A,0,,,,,Y,,A,01,0,1,1,0,0,0,0,0,0,"- ","- ",36.881880000000002,-121.74694,MONTEREY,UNINCORPORATED,-121.7468799,36.883050109999999
90170556,2016,2016-05-02,9730,2016-04-24,1310,020514,,7,1,9,2700,0,1,2,,1,070,"US-101 N/B","PRUNEDALE SOUTH ROAD",600.00,S,N,A,-,Y,,,101,,,,,,N,Y,3,0,2,3,A,-,03,22350,,N,C,C,A,A,H,-,A,D,0,,,,,Y,,A,07,0,1,1,0,0,0,0,0,0,"- ","- ",36.767040000000001,-121.66831000000001,MONTEREY,UNINCORPORATED,-121.66841551,36.767009379999998
90170684,2016,2016-05-02,9730,2016-04-25,0835,019956,,1,1,9,2700,0,1,3,,2,062,"IMJIN PKWY TO S/B 1","IMJIN PKWY",100.00,S,N,A,-,Y,,,,,,,,,,Y,4,0,2,2,A,-,03,22350,,N,C,C,A,A,H,-,A,D,0,,,,,Y,,D,22,0,0,2,0,0,0,0,0,0,"- ","- ",36.66863,-121.81391000000001,MONTEREY,UNINCORPORATED,,
90171936,2016,2016-05-03,9735,2016-04-17,2120,020168,,7,2,9,2700,0,1,2,,1,041,"US-101 S/B","JOLON RD",1056.00,S,N,A,-,Y,,,101,,,,,,S,Y,3,0,1,3,A,-,01,23152,A,N,C,C,A,A,H,-,C,D,0,,,,,Y,Y,A,07,0,1,0,0,0,0,0,0,0,"- ","- ",36.199269999999999,-121.14378000000001,MONTEREY,UNINCORPORATED,-121.14378248,36.19927216
90171991,2016,2016-05-03,9730,2016-04-18,0350,020677,,1,3,9,2700,0,1,2,,1,030,"US-101 N/B","GLORIA RD.",120.00,N,N,A,-,Y,,,101,,,,,,N,Y,3,0,1,1,A,-,08,22107,,N,B,I,A,A,D,-,D,D,0,,,,,Y,,D,22,0,1,0,0,0,0,0,0,0,"- ","- ",36.494610000000002,-121.42796,MONTEREY,UNINCORPORATED,-121.42789175999999,36.494646670000002
90172026,2016,2016-05-03,9730,2016-04-23,2145,019700,,6,2,9,2700,0,2,4,,1,073,"SALINAS ROAD","RAILROAD AVENUE",425.00,S,N,A,-,N,,,,,,,,,,N,2,0,1,2,A,-,11,21954,A,N,G,B,D,A,H,-,D,D,0,Y,,,,Y,,N,60,1,0,0,0,1,0,0,0,0,"- ","- ",,,MONTEREY,UNINCORPORATED,-121.74764501999999,36.894546120000001
90172029,2016,2016-05-03,9730,2016-04-24,1100,018543,,7,1,9,2700,0,1,3,,1,012,SR-1,"MPM 42",1056.00,N,N,A,-,Y,,,1,,,,,,,Y,2,0,1,1,A,-,08,22107,,N,F,A,A,A,H,-,A,D,0,,,Y,,Y,,C,02,1,0,0,0,0,0,0,0,1,"- ","- ",36.208730000000003,-121.73444000000001,MONTEREY,UNINCORPORATED,-121.73444042,36.208720829999997
90172043,2016,2016-05-03,9730,2016-04-24,0218,020677,,7,3,9,2700,0,1,2,,1,070,"US-101 S/B","VICINITY OF SALA RD.",0.00,,N,A,-,Y,,,101,,,,,,S,Y,3,0,1,1,A,-,01,23152,A,N,B,I,A,A,H,-,D,D,0,,,,,Y,Y,A,07,0,1,0,0,0,0,0,0,0,"- ","- ",36.744459999999997,-121.66038,MONTEREY,UNINCORPORATED,-121.66079308,36.744302820000001
90172044,2016,2016-06-06,9730,2016-04-25,1557,012332,,1,2,9,2700,0,1,2,,1,070,"US-101 (N/B)","VIERRA CANYON RD",150.00,N,N,A,-,Y,,,,,,,,,,N,4,0,2,2,A,-,07,21658,A,N,B,C,A,A,H,-,A,D,0,,,,,Y,,A,01,0,0,2,0,0,0,0,0,0,"- ","- ",,,MONTEREY,UNINCORPORATED,,
90172098,2016,2017-08-01,9730,2016-04-25,1421,012332,,1,2,9,2700,0,2,4,,1,073,"SAN MIGUEL CANYON RD","CASTROVILLE BLVD",1056.00,N,N,A,-,N,,,,,,,,,,Y,4,0,4,2,A,-,03,22350,,N,C,C,A,A,H,-,A,D,0,,,,,Y,,D,22,0,0,4,0,0,0,0,0,0,"- ","- ",,,MONTEREY,UNINCORPORATED,-121.67354358,36.810937780000003
90172108,2016,2016-05-03,9730,2016-04-25,1520,012332,,1,2,9,2700,0,2,4,,1,073,"SAN MIGUEL CANYON RD","CASTROVILLE BLVD",1056.00,N,N,A,-,N,,,,,,,,,,Y,4,0,1,2,A,-,03,22350,,N,C,C,A,A,H,-,A,D,0,,,,,Y,,D,22,0,0,1,0,0,0,0,0,0,"- ","- ",,,MONTEREY,UNINCORPORATED,-121.67354358,36.810937780000003
90172484,2016,2016-05-04,9730,2016-04-25,0027,019934,,1,3,9,2700,0,2,4,,1,073,"US 101 N/B TO SAN MIGUEL CANYON ROAD","US 101 N/B",165.00,E,N,A,-,Y,,,,,,,,,,Y,4,0,1,1,A,-,01,23152,A,M,E,I,A,A,H,-,C,D,0,,,,,Y,Y,A,07,0,0,1,0,0,0,0,0,0,"- ","- ",,,MONTEREY,UNINCORPORATED,,
90172583,2016,2016-05-04,9730,2016-04-26,0837,019239,,2,1,9,2700,0,1,3,,1,068,SR-68,"LAGUNA SECA",868.00,W,N,A,-,Y,,,68,,,,,,,Y,3,0,1,1,A,-,03,22350,,N,F,A,A,A,H,-,A,D,0,,,Y,,Y,,C,02,0,1,0,0,0,0,0,0,1,"- ","- ",36.570630000000001,-121.76474,MONTEREY,UNINCORPORATED,-121.76474338,36.570569769999999
90172739,2016,2016-05-04,9730,2016-04-26,1405,018312,,2,2,9,2700,0,3,5,,2,004,"SPENCE ROAD","RT 101",1584.00,E,N,A,-,N,,,,,,,,,,Y,4,0,2,2,A,-,03,22350,,N,C,C,A,A,H,-,A,D,0,,,,,Y,,D,22,0,0,2,0,0,0,0,0,0,"- ","- ",36.615499999999997,-121.56285,MONTEREY,UNINCORPORATED,-121.56289723,36.615398319999997
90173099,2016,2016-05-04,9730,2016-04-27,1120,018543,,3,1,9,2700,0,1,3,,1,022,SR-1,"CARPENTER ST",12.00,N,N,C,-,Y,,,1,,,,,,,Y,4,0,1,2,A,-,03,22350,,N,C,C,A,B,H,-,A,A,0,,,,,Y,,A,01,0,0,1,0,0,0,0,0,0,"- ","- ",36.566630000000004,-121.91298,MONTEREY,UNINCORPORATED,-121.91300097,36.566628680000001