CASE_ID,ACCIDENT_YEAR,PROC_DATE,JURIS,COLLISION_DATE,COLLISION_TIME,OFFICER_ID,REPORTING_DISTRICT,DAY_OF_WEEK,CHP_SHIFT,POPULATION,CNTY_CITY_LOC,SPECIAL_COND,BEAT_TYPE,CHP_BEAT_TYPE,CITY_DIVISION_LAPD,CHP_BEAT_CLASS,BEAT_NUMBER,PRIMARY_RD,SECONDARY_RD,DISTANCE,DIRECTION,INTERSECTION,WEATHER_1,WEATHER_2,STATE_HWY_IND,CALTRANS_COUNTY,CALTRANS_DISTRICT,STATE_ROUTE,ROUTE_SUFFIX,POSTMILE_PREFIX,POSTMILE,LOCATION_TYPE,RAMP_INTERSECTION,SIDE_OF_HWY,TOW_AWAY,COLLISION_SEVERITY,NUMBER_KILLED,NUMBER_INJURED,PARTY_COUNT,PRIMARY_COLL_FACTOR,PCF_CODE_OF_VIOL,PCF_VIOL_CATEGORY,PCF_VIOLATION,PCF_VIOL_SUBSECTION,HIT_AND_RUN,TYPE_OF_COLLISION,MVIW,PED_ACTION,ROAD_SURFACE,ROAD_COND_1,ROAD_COND_2,LIGHTING,CONTROL_DEVICE,CHP_ROAD_TYPE,PEDESTRIAN_ACCIDENT,BICYCLE_ACCIDENT,MOTORCYCLE_ACCIDENT,TRUCK_ACCIDENT,NOT_PRIVATE_PROPERTY,ALCOHOL_INVOLVED,STWD_VEHTYPE_AT_FAULT,CHP_VEHTYPE_AT_FAULT,COUNT_SEVERE_INJ,COUNT_VISIBLE_INJ,COUNT_COMPLAINT_PAIN,COUNT_PED_KILLED,COUNT_PED_INJURED,COUNT_BICYCLIST_KILLED,COUNT_BICYCLIST_INJURED,COUNT_MC_KILLED,COUNT_MC_INJURED,PRIMARY_RAMP,SECONDARY_RAMP,LATITUDE,LONGITUDE,COUNTY,CITY,POINT_X,POINT_Y
90173163,2016,2016-05-04,9730,2016-04-29,1523,019981,,5,2,9,2700,0,3,5,,2,003,"LAURELES GRADE","RINCONADA DRIVE",2640.00,S,N,A,-,N,,,,,,,,,,Y,3,0,1,1,A,-,08,22107,,N,E,I,A,A,H,-,A,D,0,,,Y,,Y,,C,02,0,1,0,0,0,0,0,0,1,"- ","- ",,,MONTEREY,UNINCORPORATED,-121.74939888,36.531877399999999
90173641,2016,2016-05-05,9730,2016-04-30,0138,020970,,6,3,9,2700,0,1,2,,1,030,US-101,"SILLMAN RD O/C",10.00,S,N,A,-,Y,,,,,,,,,,Y,4,0,1,1,A,-,01,23152,A,N,E,I,A,A,H,-,D,D,0,,,,,Y,Y,A,07,0,0,1,0,0,0,0,0,0,"- ","- ",,,MONTEREY,UNINCORPORATED,,
90173680,2016,2016-05-05,9730,2016-04-30,1450,020514,,6,2,9,2700,0,3,5,,2,004,"OLD STAGE ROAD","FOOTHILL DRIVE",2640.00,N,N,A,-,N,,,,,,,,,,Y,3,0,1,1,A,-,01,23152,A,N,F,A,A,A,H,-,A,D,0,,,,,Y,Y,D,22,0,1,0,0,0,0,0,0,0,"- ","- ",36.678649999999998,-121.55587,MONTEREY,UNINCORPORATED,-121.55494537,36.676445049999998
90173698,2016,2016-05-05,9730,2016-05-01,1018,018543,,7,1,9,2700,0,1,3,,1,068,SR-68,"CORRAL DE TIERRA ROAD",80.00,E,N,A,-,Y,,,,,,,,,,N,4,0,2,2,A,-,03,22350,,N,C,C,A,A,H,-,A,A,0,,,,,Y,,D,22,0,0,2,0,0,0,0,0,0,"- ","- ",,,MONTEREY,UNINCORPORATED,,
90173833,2016,2016-05-05,9730,2016-04-30,1508,020896,,6,2,9,2700,0,1,3,,1,072,SR-156,"MONTE DEL LAGO",528.00,E,N,A,-,Y,,,156,,,,,,,Y,2,0,1,2,A,-,03,22350,,N,C,C,A,A,H,-,A,D,0,,,Y,,Y,,C,02,1,0,0,0,0,0,0,0,1,"- ","- ",36.771650000000001,-121.73187,MONTEREY,UNINCORPORATED,-121.73188976,36.771720090000002
90173903,2016,2016-05-05,9730,2016-05-02,1715,018820,,1,2,9,2700,0,1,2,,1,070,"US-101 S/B","BLACKIE RD.",0.00,,Y,A,-,Y,,,101,,,,,,S,Y,4,0,1,1,A,-,03,22350,,N,E,I,A,A,H,-,A,D,0,,,,,Y,,A,07,0,0,1,0,0,0,0,0,0,"- ","- ",36.773009999999999,-121.66967,MONTEREY,UNINCORPORATED,-121.66933981,36.773023950000002
90174850,2016,2016-05-09,9730,2016-04-25,1720,018312,,1,2,9,2700,0,3,5,,2,003,"RIVER ROAD","FAIRVIEW ROAD",2112.00,S,N,A,G,N,,,,,,,,,,Y,3,0,1,1,A,-,08,22107,,N,F,A,A,A,H,-,A,D,0,,,,,Y,,A,07,0,1,0,0,0,0,0,0,0,"- ","- ",36.448979999999999,-121.43528000000001,MONTEREY,UNINCORPORATED,-121.43949343,36.451654380000001
90174854,2016,2016-05-09,9730,2016-04-25,0740,014584,,1,1,9,2700,0,1,2,,1,030,US101,"CHUALAR-MAIN ST.",90.00,N,N,A,-,Y,,,101,,,,,,,Y,3,0,2,3,A,-,03,22350,,N,C,C,A,A,H,-,A,D,0,,,,,Y,,A,07,0,1,1,0,0,0,0,0,0,"- ","- ",36.569560000000003,-121.51797999999999,MONTEREY,UNINCORPORATED,-121.5180081,36.569533749999998
90174856,2016,2016-05-09,9730,2016-05-02,0100,020701,,1,3,9,2700,0,2,4,,1,073,"SAN MIGUEL CYN ROAD","CASTROVILLE BLVD",0.00,,Y,A,-,N,,,,,,,,,,Y,3,0,1,1,A,-,01,23152,A,N,E,I,A,A,H,-,D,A,0,,,,,Y,Y,A,01,0,1,0,0,0,0,0,0,0,"- ","- ",36.808439999999997,-121.67180999999999,MONTEREY,UNINCORPORATED,-121.67190992,36.808400069999998
90174875,2016,2016-05-09,9730,2016-04-28,1730,020208,,4,2,9,2700,0,2,4,,1,075,"SAN JUAN ROAD","CARPENTERIA ROAD",0.00,,Y,A,-,N,,,,,,,,,,Y,2,0,2,2,A,-,09,21802,A,N,D,C,A,A,H,-,A,D,0,,,,,Y,,A,01,1,0,1,0,0,0,0,0,0,"- ","- ",36.860100000000003,-121.6534,MONTEREY,UNINCORPORATED,-121.65342990000001,36.860180020000001
90174897,2016,2016-05-09,9730,2016-05-03,2105,020576,,2,2,9,2700,0,3,5,,2,006,SR-183,"MCFADDEN RD",0.00,,Y,A,-,Y,,,183,,,,,,,Y,4,0,1,1,A,-,01,23152,A,N,E,I,A,A,H,-,C,D,0,,,,,Y,Y,A,01,0,0,1,0,0,0,0,0,0,"- ","- ",36.696269999999998,-121.70045,MONTEREY,UNINCORPORATED,-121.70026387,36.696489839999998
90174900,2016,2016-05-09,9730,2016-05-04,0550,014584,,3,3,9,2700,0,1,2,,1,030,"US101 S/B","SALINAS RIVER BR",75.00,N,N,B,-,Y,,,101,,,,,,S,Y,4,0,1,2,A,-,07,21658,A,N,C,C,A,A,D,-,A,D,0,,,,,Y,,A,07,0,0,1,0,0,0,0,0,0,"- ","- ",36.412280000000003,-121.32029,MONTEREY,UNINCORPORATED,-121.32030756,36.412274349999997
90174907,2016,2016-05-09,9730,2016-05-04,0900,014584,,3,1,9,2700,0,1,2,,1,030,"US 101 N/B","CHUALAR-MAIN ST.",1584.00,N,N,B,-,Y,,,,,,,,,,Y,4,0,1,2,A,-,09,21801,A,N,D,C,A,A,H,-,A,D,0,,,,Y,Y,,F,26,0,0,1,0,0,0,0,0,0,"- ","- ",36.57911,-121.52826,MONTEREY,UNINCORPORATED,,
90174914,2016,2016-05-09,9730,2016-05-05,0540,014584,,4,3,9,2700,0,1,2,,1,030,"US101 S/B","ESPERANZA RD",0.00,,Y,A,-,Y,,,101,,,,,,S,Y,4,0,2,2,A,-,09,21801,A,N,D,C,A,A,H,-,B,D,0,,,,,Y,,A,01,0,0,2,0,0,0,0,0,0,"- ","- ",36.589829999999999,-121.53976,MONTEREY,UNINCORPORATED,-121.53975690999999,36.58983319
90174917,2016,2016-05-09,9730,2016-05-05,1557,020931,,4,2,9,2700,0,1,3,,1,068,SR-68,"CORRAL DE TIERRA ROAD",1056.00,W,N,B,-,Y,,,,,,,,,,N,4,0,1,2,A,-,03,22350,,N,C,C,A,B,H,-,A,D,0,,,,,Y,,A,01,0,0,1,0,0,0,0,0,0,"- ","- ",,,MONTEREY,UNINCORPORATED,,
90174926,2016,2016-05-09,9730,2016-05-06,1730,020514,,5,2,6,2708,0,1,2,,1,050,"US-101 N/B","LAUREL DRIVE",10.00,S,N,C,-,Y,,,101,,,,,,N,Y,4,0,2,2,A,-,03,22350,,N,D,C,A,B,H,-,A,D,0,,,,,Y,,D,22,0,0,2,0,0,0,0,0,0,"- ","- ",36.697699999999998,-121.66432,MONTEREY,SALINAS,-121.66431794,36.697700959999999
90174927,2016,2016-05-09,9730,2016-04-30,2320,020933,,6,3,9,2700,0,3,5,,2,006,"NASHUA ROAD","MONTE ROAD",0.00,,Y,A,-,N,,,,,,,,,,Y,3,0,1,1,A,-,03,22350,,N,E,I,A,A,H,-,D,A,0,,,,,Y,,A,01,0,1,0,0,0,0,0,0,0,"- ","- ",36.741289999999999,-121.76009000000001,MONTEREY,UNINCORPORATED,-121.76628986,36.74115011
90175358,2016,2016-05-09,9730,2016-05-04,1545,019529,,3,2,9,2700,0,3,5,,2,006,"HARRISON ROAD","SALA ROAD",800.00,S,N,A,-,Y,,,,,,,,,,Y,3,0,1,2,A,-,05,21460,A,N,A,C,A,A,H,-,A,D,0,,,,,Y,,A,07,0,1,0,0,0,0,0,0,0,"- ","- ",,,MONTEREY,UNINCORPORATED,-121.65687668,36.74224796
90175408,2016,2016-05-09,9730,2016-05-06,1730,020903,,5,2,9,2700,0,2,4,,1,023,"CARMEL VALLEY ROAD","TASSAJARA ROAD",19536.00,W,N,B,-,Y,,,,,,,,,,Y,3,0,1,1,A,-,08,22107,,N,E,I,A,A,H,-,A,D,0,,,Y,,Y,,C,02,0,1,0,0,0,0,0,0,1,"- ","- ",36.43289,-121.62742,MONTEREY,UNINCORPORATED,-121.62702021,36.432628299999998
90175556,2016,2016-05-09,9730,2016-05-06,1820,020514,,5,2,6,2708,0,1,2,,1,050,"US-101 N/B","SANBORN ROAD",20.00,N,N,C,-,Y,,,101,,,,,,N,Y,4,0,1,1,A,-,03,22350,,N,H,A,A,B,H,-,A,D,0,,,,,Y,,A,01,0,0,1,0,0,0,0,0,0,"- ","- ",36.666780000000003,-121.62829000000001,MONTEREY,SALINAS,-121.62827294,36.666815939999999
90175936,2016,2016-05-10,9730,2016-05-05,2045,017785,,4,2,6,2708,0,1,2,,1,050,"US-101 N/B","MARKET STREET",1056.00,N,N,B,-,Y,,,,,,,,,,Y,3,0,2,2,A,-,03,22350,,N,D,C,A,B,H,-,C,D,0,,,,,Y,,A,07,0,1,1,0,0,0,0,0,0,"- ","- ",36.680590000000002,-121.54214,MONTEREY,SALINAS,-121.64207589999999,36.680459139999996
90177231,2016,2016-05-11,9730,2016-05-04,0025,019934,,3,3,9,2700,0,1,2,,1,030,"US-101 N/B","GLORIA ROAD",1056.00,N,N,A,-,Y,,,101,,,,,,N,Y,3,0,2,2,A,-,03,22350,,N,C,C,A,A,H,-,D,D,0,,,,,Y,,A,01,0,1,1,0,0,0,0,0,0,"- ","- ",36.501640000000002,-121.43138999999999,MONTEREY,UNINCORPORATED,-121.43146646,36.50160013
90177241,2016,2016-05-11,9730,2016-05-06,1520,020981,,5,2,9,2700,0,3,5,,2,007,"CRAZY HORSE CANYON ROAD","AUDREY LANE",450.00,S,N,C,-,N,,,,,,,,,,Y,3,0,1,1,A,-,08,22107,,N,E,I,A,B,H,-,A,D,0,,,,,Y,,D,22,0,1,0,0,0,0,0,0,0,"- ","- ",36.814869999999999,-121.62621,MONTEREY,UNINCORPORATED,-121.62537742000001,36.81393645
90177410,2016,2016-05-11,9730,2016-05-09,1309,017502,,1,1,4,2706,0,1,3,,2,062,SR-1,"SR-68 (SALINAS) O/C",528.00,S,N,A,-,Y,,,,,,,,,,Y,4,0,2,2,A,-,03,22350,,N,C,C,A,A,H,-,A,D,0,,,,,Y,,A,01,0,0,2,0,0,0,0,0,0,"- ","- ",,,MONTEREY,MONTEREY,-121.91302125999999,36.573447760000001
90177420,2016,2016-05-11,9730,2016-05-09,1200,019529,,1,1,9,2700,0,1,3,,1,074,"STATE ROUTE 1","STRUVE ROAD NORTH",500.00,N,N,B,-,Y,,,,,,,,,,Y,4,0,1,1,A,-,08,22107,,N,E,I,A,A,H,-,A,D,0,,,,,Y,,A,07,0,0,1,0,0,0,0,0,0,"- ","- ",,,MONTEREY,UNINCORPORATED,-121.77854397,36.823997589999998
90177448,2016,2016-05-11,9730,2016-05-09,1800,020514,,1,2,9,2700,0,3,5,,2,003,"FRONT STREET","US-101 S/B",600.00,N,N,A,-,N,,,,,,,,,,Y,3,0,1,1,A,-,03,22350,,N,E,I,A,A,H,-,A,D,0,,,,,Y,,A,01,0,1,0,0,0,0,0,0,0,"- ","- ",36.432940000000002,-121.33929999999999,MONTEREY,UNINCORPORATED,,
90177634,2016,2016-05-11,9730,2016-02-20,1215,018543,,6,1,9,2700,0,2,4,,1,075,"PORTER DRIVE","SAN JUAN ROAD",0.00,,Y,A,-,N,,,,,,,,,,Y,1,1,0,1,A,-,08,22107,,N,F,A,A,A,B,-,A,A,0,,,Y,,Y,,C,02,0,0,0,0,0,0,0,1,0,"- ","- ",36.904409999999999,-121.75035,MONTEREY,UNINCORPORATED,-121.7504,36.904520069999997
90177883,2016,2016-05-12,9730,2016-05-09,1720,015160,,1,2,9,2700,0,1,3,,1,074,SR-1,"DOLAN ROAD",45.00,S,N,B,-,Y,,,,,,,,,,Y,4,0,2,2,A,-,09,21802,A,N,B,C,A,A,H,-,A,A,0,,,,,Y,,A,01,0,0,2,0,0,0,0,0,0,"- ","- ",,,MONTEREY,UNINCORPORATED,-121.78381967999999,36.803966619999997
90178101,2016,2016-05-12,9735,2016-05-08,2000,017292,,7,2,9,2700,0,1,2,,2,042,"US 101 S/B TO WILD HORSE ROAD","WILD HORSE ROAD",0.00,,Y,A,-,Y,,,,,,,,,,Y,3,0,1,1,A,-,03,22350,,M,E,I,A,A,H,-,C,D,0,,,,,Y,Y,A,01,0,1,0,0,0,0,0,0,0,"- ","- ",36.187159999999999,-121.07268000000001,MONTEREY,UNINCORPORATED,-121.07243986,36.187470099999999
90178112,2016,2016-05-12,9735,2016-05-11,0458,019800,,3,3,9,2700,0,1,3,,1,034,SR-198,"PEACH TREE RD",36960.00,E,N,A,-,Y,,,198,,,,,,,Y,3,0,5,1,A,-,08,22107,,N,E,I,A,A,H,-,D,D,0,,,,,Y,,D,22,0,3,2,0,0,0,0,0,0,"- ","- ",36.19894,-120.73719,MONTEREY,UNINCORPORATED,-120.73719,36.198940059999998
90178125,2016,2016-05-12,9735,2016-05-11,0745,016696,,3,1,9,2700,0,3,5,,2,001,"ARROYO SECO ROAD","FORT ROMIE ROAD",60.00,W,N,B,-,N,,,,,,,,,,Y,4,0,1,1,A,-,03,22350,,N,F,A,A,A,H,-,A,D,0,,,,,Y,,A,01,0,0,1,0,0,0,0,0,0,"- ","- ",36.395229999999998,-121.3334,MONTEREY,UNINCORPORATED,-121.33346412,36.395089939999998
90179419,2016,2016-05-16,9730,2016-05-08,1310,019529,,7,1,9,2700,0,1,3,,1,012,"STATE ROUTE 1","NEPENTHE SOUTH ENTRANCE",600.00,S,N,A,-,Y,,,,,,,,,,Y,3,0,2,1,C,-,18,,,N,H,H,A,A,H,-,A,D,0,,,Y,,Y,,-,"- ",0,1,1,0,0,0,0,0,2,"- ","- ",,,MONTEREY,UNINCORPORATED,,
90179429,2016,2016-05-16,9730,2016-05-06,1829,020970,,5,2,9,2700,0,3,5,,2,007,"MAHER RD","PADILLA PLACE",528.00,N,N,B,-,N,,,,,,,,,,Y,4,0,1,1,A,-,08,22107,,N,E,I,A,B,H,-,A,D,0,,,,,Y,,A,01,0,0,1,0,0,0,0,0,0,"- ","- ",36.851599999999998,-121.6803,MONTEREY,UNINCORPORATED,,
90179471,2016,2016-05-16,9730,2016-05-08,2225,020896,,7,3,9,2700,0,3,5,,2,006,"ESPINOSA RD",SR-183,2640.00,E,N,B,-,N,,,,,,,,,,Y,3,0,1,1,A,-,08,22107,,N,E,I,A,A,H,-,E,D,0,,,,,Y,Y,D,22,0,1,0,0,0,0,0,0,0,"- ","- ",36.743850000000002,-121.7368,MONTEREY,UNINCORPORATED,,
90179496,2016,2016-05-16,9730,2016-05-07,1645,020903,,6,2,9,2700,0,1,3,,2,062,"SR-1 S/B","AGUAJITO ROAD",1584.00,S,N,B,-,Y,,,,,,,,,,Y,3,0,1,1,A,-,08,22107,,N,E,I,A,A,H,-,A,D,0,,,,,Y,,A,01,0,1,0,0,0,0,0,0,0,"- ","- ",36.587510000000002,-121.88272000000001,MONTEREY,UNINCORPORATED,-121.88250549999999,36.587568539999999
90179529,2016,2016-05-16,9730,2016-05-15,0924,019569,,7,1,9,2700,0,1,2,,1,070,US-101,"BERTA CANYON RD",528.00,S,N,A,-,Y,,,,,,,,,,Y,2,0,1,1,A,-,08,22107,,N,E,I,A,A,H,-,A,D,0,,,,,Y,,A,01,1,0,0,0,0,0,0,0,0,"- ","- ",,,MONTEREY,UNINCORPORATED,-121.6681742,36.786280249999997
90180058,2016,2016-05-16,9730,2016-05-13,1740,020903,,5,2,9,2700,0,1,3,,1,068,SR-68,"SAN BENANCIO RD.",30.00,W,N,A,-,Y,,,68,,,,,,,N,4,0,1,2,A,-,21,22106,,N,C,C,A,A,H,-,A,D,0,,,,,Y,,A,07,0,0,1,0,0,0,0,0,0,"- ","- ",36.580359999999999,-121.71993000000001,MONTEREY,UNINCORPORATED,-121.71987306,36.580259439999999
90181146,2016,2016-05-17,9730,2016-05-13,1830,020903,,5,2,9,2700,0,1,3,,1,068,SR-68,"LAURELES GRADE",5280.00,W,N,A,-,Y,,,68,,,,,,,N,4,0,1,2,A,-,03,22350,,N,C,C,A,A,H,-,A,D,0,,,,,Y,,A,07,0,0,1,0,0,0,0,0,0,"- ","- ",36.56973,-121.77285999999999,MONTEREY,UNINCORPORATED,-121.77287206,36.569746250000001
90182052,2016,2016-05-18,9730,2016-05-16,1730,018820,,1,2,9,2700,0,3,5,,2,003,"CARPENTER ST.",SR-1,25.00,E,N,A,-,N,,,,,,,,,,N,4,0,1,2,A,-,03,22350,,N,C,C,A,A,H,-,A,A,0,,,,,Y,,A,01,0,0,1,0,0,0,0,0,0,"- ","- ",36.566549999999999,-121.91267999999999,MONTEREY,UNINCORPORATED,-121.91293,36.566980000000001
90182085,2016,2016-05-18,9730,2016-05-17,1735,018810,,2,2,9,2700,0,1,3,,2,062,"SR-1 N/B","SLOAT AVENUE",200.00,S,N,A,-,Y,,,1,,,,,,N,N,4,0,1,2,A,-,03,22350,,N,C,C,A,A,H,-,A,D,0,,,,,Y,,A,01,0,0,1,0,0,0,0,0,0,"- ","- ",36.592599999999997,-121.87873999999999,MONTEREY,UNINCORPORATED,-121.87873587,36.592591310000003
90182091,2016,2016-05-18,9730,2016-05-08,1856,020970,,7,2,9,2700,0,2,4,,1,073,"HALL RD","JOHNSON RD",100.00,W,N,A,-,N,,,,,,,,,,Y,3,0,1,2,A,-,13,22515,A,N,G,E,A,A,H,-,A,D,0,,,,,Y,,A,08,0,1,0,0,0,0,0,0,0,"- ","- ",36.861499999999999,-121.70740000000001,MONTEREY,UNINCORPORATED,-121.70749528,36.861422920000003
90182248,2016,2016-05-18,9735,2016-05-18,0545,017257,,3,3,9,2700,0,1,2,,1,041,"US 101 NORTHOBUND","CENTRAL AVENUE",1056.00,S,N,A,-,Y,,,,,,,,,,Y,3,0,1,1,A,-,08,22107,,N,F,A,A,A,H,-,B,A,0,,,,,Y,,A,01,0,1,0,0,0,0,0,0,0,"- ","- ",36.231650000000002,-121.17415,MONTEREY,UNINCORPORATED,,
90183023,2016,2016-05-19,9730,2016-05-14,1945,020981,,6,2,9,2700,0,3,5,,2,020,"SUNRIDGE ROAD","RONDA ROAD",102.00,S,N,A,-,N,,,,,,,,,,Y,3,0,2,1,A,-,01,23152,A,N,E,I,A,A,H,-,A,D,0,,,,,Y,Y,A,01,0,2,0,0,0,0,0,0,0,"- ","- ",36.587580000000003,-121.94219,MONTEREY,UNINCORPORATED,,
90183124,2016,2016-05-19,9730,2016-05-17,1110,019529,,2,1,9,2700,0,3,5,,2,006,"DAVIS ROAD","BLANCO ROAD",100.00,S,N,A,-,N,,,,,,,,,,N,4,0,1,2,A,-,03,22350,,N,C,C,A,A,H,-,A,D,0,,,,,Y,,A,01,0,0,1,0,0,0,0,0,0,"- ","- ",,,MONTEREY,UNINCORPORATED,-121.68530837,36.666576540000001
90183160,2016,2016-10-13,9730,2016-05-08,0315,019100,,7,3,9,2700,0,1,3,,1,074,"STATE ROUTE 1","STRUVE ROAD (NORTH)",330.00,S,N,B,-,Y,,,,,,,,,,Y,2,0,1,1,A,-,01,23152,A,N,F,A,A,A,H,-,C,D,0,,,,,Y,Y,A,07,1,0,0,0,0,0,0,0,0,"- ","- ",36.494999999999997,-121.46160999999999,MONTEREY,UNINCORPORATED,-121.78104632,36.822925390000002
90183167,2016,2016-05-19,9735,2016-04-30,0449,020417,,6,3,9,2700,0,1,2,,1,041,"US-101 S/B","CENTRAL AVE.",5280.00,S,N,A,-,Y,,,101,,,,,,S,N,4,0,1,1,A,-,03,22350,,N,E,J,A,A,B,C,D,D,0,,,,,Y,,A,01,0,0,1,0,0,0,0,0,0,"- ","- ",36.219909999999999,-121.16828,MONTEREY,UNINCORPORATED,-121.16825072,36.21992324
90183252,2016,2016-05-19,9730,2016-05-18,1655,017803,,3,2,9,2700,0,3,5,,2,006,"DAVIS RD","ACACIA ST",150.00,N,N,A,-,N,,,,,,,,,,Y,4,0,1,2,A,-,03,22350,,N,C,C,A,A,H,-,A,D,0,,,,,Y,,A,07,0,0,1,0,0,0,0,0,0,"- ","- ",36.672780000000003,-121.6799,MONTEREY,UNINCORPORATED,-121.68006291,36.672681079999997
90183260,2016,2016-05-19,9735,2016-05-14,0200,017681,,6,3,9,2700,0,3,5,,2,003,"METZ ROAD","BLUEJAY LANE",528.00,S,N,A,-,N,,,,,,,,,,Y,4,0,1,1,A,-,08,22107,,N,E,I,A,A,H,-,D,D,0,,,,,Y,Y,D,22,0,0,1,0,0,0,0,0,0,"- ","- ",36.402979999999999,-121.25751,MONTEREY,UNINCORPORATED,-121.25819116,36.403596120000003
90183298,2016,2016-05-19,9735,2016-04-23,0746,017952,,6,1,9,2700,0,1,2,,2,044,"US-101 S/B","ALVARADO RD.",1584.00,S,N,A,-,Y,,,101,,,,,,S,Y,3,0,1,1,A,-,08,22107,,N,E,I,A,A,H,-,A,D,0,,,,,Y,,A,07,0,1,0,0,0,0,0,0,0,"- ","- ",35.943399999999997,-120.8749,MONTEREY,UNINCORPORATED,-120.8747479,35.943456249999997
90183312,2016,2016-05-19,9730,2016-05-11,0540,019529,,3,3,9,2700,0,2,4,,1,075,"SAN JUAN ROAD","QUAIL HILL LANE",120.00,E,N,B,F,N,,,,,,,,,,Y,4,0,1,2,A,-,09,21801,A,N,D,C,A,B,H,-,D,D,0,,,,,Y,,A,01,0,0,1,0,0,0,0,0,0,"- ","- ",,,MONTEREY,UNINCORPORATED,-121.66848665000001,36.865980970000003
90183322,2016,2016-05-19,9730,2016-05-11,0545,019529,,3,3,9,2700,0,2,4,,1,075,"SAN JUAN ROAD","QUAIL HILL LANE",120.00,E,N,B,F,N,,,,,,,,,,Y,2,0,2,3,A,-,03,22350,,N,D,C,E,B,C,-,D,D,0,Y,,,,Y,,D,22,1,1,0,0,1,0,0,0,0,"- ","- ",,,MONTEREY,UNINCORPORATED,-121.66848665000001,36.865980970000003
90184131,2016,2016-05-20,9735,2016-05-20,0635,017681,,5,1,9,2700,0,2,4,,1,021,"JOLON ROAD","SULFUR SPRINGS ROAD",2112.00,N,N,A,-,N,,,,,,,,,,Y,4,0,2,1,A,-,08,22107,,N,E,I,A,A,H,-,A,D,0,,,,,Y,,A,01,0,0,2,0,0,0,0,0,0,"- ","- ",36.04663,-121.18289,MONTEREY,UNINCORPORATED,-121.18285509,36.047346840000003
90184749,2016,2016-06-13,9730,2016-05-11,1235,014584,,3,1,9,2700,0,1,3,,1,068,SR-68,"SAN BENANCIO RD",0.00,,Y,A,-,Y,,,68,,,,,,,Y,4,0,2,2,A,-,12,21453,A,N,D,C,A,A,H,-,A,A,0,,,,,Y,,A,01,0,0,2,0,0,0,0,0,0,"- ","- ",36.570860000000003,-121.74706,MONTEREY,UNINCORPORATED,-121.74707457,36.570923239999999
90184877,2016,2016-05-23,9730,2016-05-16,2140,019512,,1,2,9,2700,0,1,3,,1,068,"SR68 E/B TO SPRECKLES BLVD","SPRECKLES BLVD",240.00,W,N,A,-,Y,,,68,,,,R,,E,Y,3,0,1,1,A,-,01,23152,A,N,E,J,A,A,H,-,C,D,0,,,,,Y,Y,A,07,0,1,0,0,0,0,0,0,0,"- ","- ",36.63212,-121.66928,MONTEREY,UNINCORPORATED,-121.66928,36.63212
90184894,2016,2016-05-23,9730,2016-05-16,1440,015160,,1,2,9,2700,0,2,4,,1,073,"SAN MIGUEL CANYON ROAD","PARADISE ROAD",0.00,,Y,A,-,N,,,,,,,,,,Y,4,0,1,2,A,-,09,21801,A,F,D,C,A,A,H,-,A,D,0,,,,,Y,,D,22,0,0,1,0,0,0,0,0,0,"- ","- ",,,MONTEREY,UNINCORPORATED,-121.67580991,36.825180019999998
90184914,2016,2016-05-23,9730,2016-05-15,1430,020514,,7,2,9,2700,0,3,5,,2,003,"SPRECKLES BLVD","HATTON AVE",100.00,S,N,A,-,N,,,,,,,,,,Y,4,0,1,2,A,-,03,22350,,N,C,C,A,A,H,-,A,D,0,,,,,Y,,D,22,0,0,1,0,0,0,0,0,0,"- ","- ",36.62218,-121.6467,MONTEREY,UNINCORPORATED,-121.64693547,36.62226175
90184919,2016,2016-05-23,9730,2016-05-15,1325,019956,,7,1,9,2700,0,1,3,,1,074,SR-1,"SPRINGFIELD RD",200.00,S,N,A,-,Y,,,1,,,,,,,Y,4,0,1,3,A,-,03,22350,,N,C,C,A,A,H,-,A,D,0,,,,,Y,,A,01,0,0,1,0,0,0,0,0,0,"- ","- ",36.837679999999999,-121.77104,MONTEREY,UNINCORPORATED,-121.77100161,36.837679829999999
90185050,2016,2016-05-23,9730,2016-05-14,1200,020933,,6,1,9,2700,0,1,3,,2,062,"SR-1 S/B","CALIFORNIA AVE U/C",100.00,S,N,A,-,Y,,,,,,,,,,Y,4,0,1,3,A,-,03,22350,,N,C,C,A,A,H,-,A,D,0,,,,,Y,,D,22,0,0,1,0,0,0,0,0,0,"- ","- ",36.62424,-121.84196,MONTEREY,UNINCORPORATED,-121.84208162,36.624192039999997
90185208,2016,2016-05-23,9730,2016-05-15,0629,020933,,7,1,9,2700,0,1,2,,1,050,"US-101 N/B","FAIRVIEW AVE",300.00,S,N,B,-,Y,,,,,,,,,,Y,2,0,1,1,A,-,08,22107,,N,E,I,A,A,H,-,A,D,0,,,,,Y,,A,01,1,0,0,0,0,0,0,0,0,"- ","- ",36.664729999999999,-121.62457000000001,MONTEREY,UNINCORPORATED,,