CASE_ID,ACCIDENT_YEAR,PROC_DATE,JURIS,COLLISION_DATE,COLLISION_TIME,OFFICER_ID,REPORTING_DISTRICT,DAY_OF_WEEK,CHP_SHIFT,POPULATION,CNTY_CITY_LOC,SPECIAL_COND,BEAT_TYPE,CHP_BEAT_TYPE,CITY_DIVISION_LAPD,CHP_BEAT_CLASS,BEAT_NUMBER,PRIMARY_RD,SECONDARY_RD,DISTANCE,DIRECTION,INTERSECTION,WEATHER_1,WEATHER_2,STATE_HWY_IND,CALTRANS_COUNTY,CALTRANS_DISTRICT,STATE_ROUTE,ROUTE_SUFFIX,POSTMILE_PREFIX,POSTMILE,LOCATION_TYPE,RAMP_INTERSECTION,SIDE_OF_HWY,TOW_AWAY,COLLISION_SEVERITY,NUMBER_KILLED,NUMBER_INJURED,PARTY_COUNT,PRIMARY_COLL_FACTOR,PCF_CODE_OF_VIOL,PCF_VIOL_CATEGORY,PCF_VIOLATION,PCF_VIOL_SUBSECTION,HIT_AND_RUN,TYPE_OF_COLLISION,MVIW,PED_ACTION,ROAD_SURFACE,ROAD_COND_1,ROAD_COND_2,LIGHTING,CONTROL_DEVICE,CHP_ROAD_TYPE,PEDESTRIAN_ACCIDENT,BICYCLE_ACCIDENT,MOTORCYCLE_ACCIDENT,TRUCK_ACCIDENT,NOT_PRIVATE_PROPERTY,ALCOHOL_INVOLVED,STWD_VEHTYPE_AT_FAULT,CHP_VEHTYPE_AT_FAULT,COUNT_SEVERE_INJ,COUNT_VISIBLE_INJ,COUNT_COMPLAINT_PAIN,COUNT_PED_KILLED,COUNT_PED_INJURED,COUNT_BICYCLIST_KILLED,COUNT_BICYCLIST_INJURED,COUNT_MC_KILLED,COUNT_MC_INJURED,PRIMARY_RAMP,SECONDARY_RAMP,LATITUDE,LONGITUDE,COUNTY,CITY,POINT_X,POINT_Y
90198128,2016,2016-06-09,9730,2016-06-06,1050,019529,,1,1,9,2700,0,1,3,,1,022,"STATE ROUTE 1","YANKEE POINT DR.",500.00,S,N,A,-,Y,,,,,,,,,,N,3,0,1,1,A,-,03,22350,,N,F,I,A,A,H,-,A,D,0,,Y,,,Y,,L,04,0,1,0,0,0,0,1,0,0,"- ","- ",,,MONTEREY,UNINCORPORATED,-121.93776716000001,36.486767839999999
90199355,2016,2016-06-13,9730,2016-05-29,1230,019745,,7,1,9,2700,0,2,4,,1,073,"SALINAS RD","JONATHAN ST",277.00,S,N,A,-,N,,,,,,,,,,Y,3,0,1,2,A,-,03,22350,,N,C,C,A,A,H,-,A,D,0,,,,,Y,,A,01,0,1,0,0,0,0,0,0,0,"- ","- ",36.899999999999999,-121.9481,MONTEREY,UNINCORPORATED,-121.74810843,36.900060629999999
90199367,2016,2016-06-13,9730,2016-06-03,0832,019745,,5,1,9,2700,0,2,4,,1,023,"CARMEL VALLEY RD","CACHAGUA RD",7920.00,E,N,A,-,N,,,,,,,,,,Y,3,0,2,1,A,-,08,22107,,N,E,J,A,A,H,-,A,D,0,,,,,Y,,A,01,0,1,1,0,0,0,0,0,0,"- ","- ",36.442399999999999,-121.65470000000001,MONTEREY,UNINCORPORATED,-121.65637862,36.443022339999999
90199408,2016,2016-06-13,9730,2016-06-07,1500,019127,,2,2,9,2700,0,1,3,,1,068,"SR-68 (SALINAS)","CORRAL DE TIERRA RD",1584.00,W,N,A,-,Y,,,68,,,,,,,N,4,0,1,2,A,-,03,22350,,N,C,C,A,A,H,-,A,D,0,,,,,Y,,A,01,0,0,1,0,0,0,0,0,0,"- ","- ",36.572659999999999,-121.73947,MONTEREY,UNINCORPORATED,-121.73947843000001,36.572691679999998
90199418,2016,2016-06-13,9730,2016-06-07,1505,015160,,2,2,9,2700,0,3,5,,2,007,"CASTROVILLE BLVD","CIELO AZUL",0.00,,Y,B,-,N,,,,,,,,,,Y,4,0,1,2,A,-,03,22350,,N,C,C,A,A,H,-,A,D,0,,,,,Y,,D,22,0,0,1,0,0,0,0,0,0,"- ","- ",,,MONTEREY,UNINCORPORATED,-121.74149992,36.772800099999998
90199482,2016,2016-06-13,9730,2016-06-09,0555,017502,,4,3,9,2700,0,3,5,,2,005,"HARRIS ROAD","RAILROAD AVENUE",2112.00,E,N,B,-,N,,,,,,,,,,Y,4,0,2,2,A,-,05,21460,A,N,D,C,A,A,H,-,A,D,0,,,,,Y,,A,01,0,0,2,0,0,0,0,0,0,"- ","- ",,,MONTEREY,UNINCORPORATED,-121.63893865,36.619111019999998
90199563,2016,2016-06-13,9730,2016-05-22,2048,020514,,7,2,9,2700,0,3,5,,2,004,"CHUALAR ROAD","LINCOLN ST",800.00,E,N,A,-,N,,,,,,,,,,Y,2,0,1,1,A,-,08,22107,,N,F,I,A,A,H,-,D,D,0,,,,,Y,,A,07,1,0,0,0,0,0,0,0,0,"- ","- ",36.574260000000002,-121.51597,MONTEREY,UNINCORPORATED,-121.51581308999999,36.574370170000002
90199572,2016,2016-06-13,9730,2016-06-05,1232,019569,,7,1,9,2700,0,3,5,,2,006,"BLANCO RD","DAVIS RD",0.00,,Y,A,-,N,,,,,,,,,,Y,2,0,1,2,A,-,09,21453,C,N,D,G,A,A,H,-,A,A,0,,Y,,,Y,,L,04,1,0,0,0,0,0,1,0,0,"- ","- ",,,MONTEREY,UNINCORPORATED,-121.68510999,36.666800000000002
90199598,2016,2016-06-13,9730,2016-06-06,1200,019529,,1,1,9,2700,0,2,4,,2,063,"BLANCO ROAD","SALINAS RIVER BRIDGE",200.00,W,N,A,-,N,,,,,,,,,,N,4,0,1,1,A,-,03,22350,,N,F,A,A,A,H,-,A,D,0,,Y,,,Y,,L,04,0,0,1,0,0,0,1,0,0,"- ","- ",,,MONTEREY,UNINCORPORATED,,
90199602,2016,2016-06-20,9730,2016-06-09,1741,020990,,4,2,9,2700,0,2,4,,1,075,"SAN JUAN ROAD","CARPENTERIA ROAD",2640.00,W,N,A,-,N,,,,,,,,,,Y,4,0,1,2,A,-,08,22107,,N,F,C,A,A,H,-,A,D,0,,,,,Y,,A,07,0,0,1,0,0,0,0,0,0,"- ","- ",36.863329999999998,-121.66654,MONTEREY,UNINCORPORATED,-121.66192886,36.862543549999998
90199627,2016,2016-06-13,9730,2016-06-10,1625,019700,,5,2,9,2700,0,1,3,,1,074,SR-1,"MOSS LANDING ROAD",1214.00,S,N,A,-,Y,,,,,,,,,,Y,4,0,1,2,A,-,03,22350,,N,C,C,A,A,H,-,A,D,0,,,,,Y,,D,22,0,0,1,0,0,0,0,0,0,"- ","- ",36.474739999999997,-121.46599999999999,MONTEREY,UNINCORPORATED,-121.78234218,36.787865850000003
90200600,2016,2016-06-13,9730,2016-06-07,0750,017580,,2,1,9,2700,0,1,3,,1,066,"SR-183 (MERRITT  STREET)","HARO STREET",39.00,S,N,B,-,Y,,,183,,,,,,,Y,4,0,1,2,A,-,03,22350,,N,D,C,A,B,H,-,A,D,0,,,,,Y,,A,01,0,0,1,0,0,0,0,0,0,"- ","- ",36.760599999999997,-121.75163000000001,MONTEREY,UNINCORPORATED,-121.75143936000001,36.76084402
90200824,2016,2016-06-14,9735,2016-05-30,0815,016696,,1,1,9,2700,0,2,4,,1,021,"JOLON ROAD","PINE CANYON ROAD",2112.00,S,N,B,-,N,,,,,,,,,,Y,2,0,2,1,A,-,08,22107,,N,E,I,A,A,H,-,A,D,0,,,,,Y,,A,01,1,0,1,0,0,0,0,0,0,"- ","- ",36.189390000000003,-121.14267,MONTEREY,UNINCORPORATED,-121.14149362000001,36.187886329999998
90200887,2016,2016-06-14,9735,2016-06-11,1725,020057,,6,2,9,2700,0,3,5,,2,001,"THORNE RD.","ARROYO SECO RD",2112.00,E,N,A,-,N,,,,,,,,,,Y,4,0,1,1,A,-,08,22107,,N,F,A,A,A,H,-,A,D,0,,,,,Y,,A,01,0,0,1,0,0,0,0,0,0,"- ","- ",36.317790000000002,-121.30423,MONTEREY,UNINCORPORATED,-121.30492137,36.317525099999997
90200901,2016,2016-06-14,9730,2016-06-06,1125,019529,,1,1,9,2700,0,2,4,,2,063,"BLANCO ROAD","SALINAS RIVER BRIDGE",100.00,E,N,A,-,N,,,,,,,,,,N,4,0,1,2,A,-,08,22107,,N,B,G,A,A,H,-,A,D,0,,Y,,,Y,,L,04,0,0,1,0,0,0,1,0,0,"- ","- ",,,MONTEREY,UNINCORPORATED,,
90200903,2016,2016-06-14,9730,2016-06-08,1236,017580,,3,1,9,2700,0,1,2,,1,070,"US 101 NORTHBOUND","DUNBARTON ROAD",2640.00,N,N,A,-,Y,,,,,,,,,,Y,4,0,1,2,A,-,03,22350,,N,C,C,A,A,H,-,A,D,0,,,,,Y,,D,22,0,0,1,0,0,0,0,0,0,"- ","- ",36.839060000000003,-121.63164,MONTEREY,UNINCORPORATED,-121.63517548,36.852213380000002
90200953,2016,2016-06-14,9730,2016-06-06,1030,012332,,1,1,9,2700,0,3,5,,2,006,"BLACKIE RD","BORROMEO RD",2640.00,W,N,B,-,N,,,,,,,,,,Y,3,0,5,2,A,-,09,21801,A,N,D,C,A,A,H,-,A,D,0,,,,,Y,,A,01,0,1,4,0,0,0,0,0,0,"- ","- ",,,MONTEREY,UNINCORPORATED,-121.68224816999999,36.77563018
90200989,2016,2016-06-14,9730,2016-06-08,1525,018820,,3,2,9,2700,0,1,3,,1,068,SR-68,"YORK RD",1056.00,E,N,A,-,Y,,,68,,,,,,,Y,3,0,2,4,A,-,03,22350,,N,C,C,A,A,H,-,A,A,0,,,,,Y,,A,07,0,1,1,0,0,0,0,0,0,"- ","- ",36.570900000000002,-121.80481,MONTEREY,UNINCORPORATED,-121.8048259,36.570817169999998
90201022,2016,2016-06-14,9730,2016-06-09,1458,018810,,4,2,9,2700,0,1,3,,1,012,SR-1,"LIMEKILN TRAIL",10560.00,S,N,A,-,Y,,,1,,,,,,,Y,3,0,2,2,A,-,05,21460,A,N,A,C,A,A,H,-,A,D,0,,,,,Y,,A,01,0,1,1,0,0,0,0,0,0,"- ","- ",36.007710000000003,-121.51304,MONTEREY,UNINCORPORATED,-121.51303926999999,36.007712570000002
90201074,2016,2016-06-14,9730,2016-06-10,1630,020514,,5,2,9,2700,0,3,5,,2,004,"IVERSON ROAD","OLD STAGE ROAD",5280.00,E,N,A,-,N,,,,,,,,,,Y,3,0,2,2,A,-,09,21801,A,N,D,C,A,A,H,-,A,D,0,,,,,Y,,M,46,0,1,1,0,0,0,0,0,0,"- ","- ",36.557679999999998,-121.459,MONTEREY,UNINCORPORATED,-121.46034745,36.557588119999998
90201133,2016,2016-06-14,9730,2016-06-10,1509,020931,,5,2,9,2700,0,1,3,,2,062,"SR-1 N/B","SOLEDAD DR",300.00,N,N,A,-,Y,,,,,,,,,,Y,4,0,1,2,A,-,07,21658,A,F,E,I,A,A,H,-,A,D,0,,,,,Y,,A,01,0,0,1,0,0,0,0,0,0,"- ","- ",36.58231,-121.89673999999999,MONTEREY,UNINCORPORATED,-121.89851202,36.58204602
90201387,2016,2016-06-14,9730,2016-06-13,1520,018810,,1,2,9,2700,0,3,5,,2,007,"BLACKIE ROAD","COMMERCIAL PKWY",0.00,,Y,B,-,N,,,,,,,,,,N,4,0,1,2,A,-,09,21804,A,N,D,C,A,A,H,-,A,D,0,,,,Y,Y,,F,26,0,0,1,0,0,0,0,0,0,"- ","- ",36.76126,-121.7393,MONTEREY,UNINCORPORATED,-121.74186996,36.759260019999999
90202209,2016,2016-06-15,9735,2016-06-13,1648,020036,,1,2,9,2700,0,1,2,,1,040,"US-101 S/B","THORNE RD",1584.00,N,N,A,-,Y,,,101,,,,,,S,N,3,0,1,2,A,-,03,22350,,N,C,C,A,A,H,-,A,D,0,,,,,Y,,A,01,0,1,0,0,0,0,0,0,0,"- ","- ",36.34252,-121.25814,MONTEREY,UNINCORPORATED,-121.25810251,36.342555730000001
90202634,2016,2016-06-15,9730,2016-06-10,1549,020419,,5,2,9,2700,0,2,4,,1,023,"CARMEL VALLEY ROAD","COUNTRY CLUB DR",450.00,E,N,A,-,N,,,,,,,,,,Y,3,0,2,2,A,-,01,23152,A,N,A,C,A,A,H,-,A,D,0,,,,,Y,Y,A,07,0,2,0,0,0,0,0,0,0,"- ","- ",36.490560000000002,-121.74463,MONTEREY,UNINCORPORATED,-121.74481406,36.492621239999998
90204615,2016,2016-06-20,9730,2016-05-02,0945,019239,,1,1,9,2700,0,3,5,,2,007,"MORO RD","TUSTIN RD",428.00,S,N,A,-,N,,,,,,,,,,N,3,0,1,2,A,-,05,21460,A,F,B,C,A,A,H,-,A,D,0,,,,,Y,,D,22,0,1,0,0,0,0,0,0,0,"- ","- ",36.807079999999999,-121.65011,MONTEREY,UNINCORPORATED,-121.64926,36.80827
90204616,2016,2016-06-20,9730,2016-06-07,2230,020916,,2,3,9,2700,0,2,4,,1,073,"ELKHORN ROAD","WERNER ROAD",10.00,S,N,A,-,N,,,,,,,,,,Y,4,0,1,2,A,-,01,23152,A,F,A,C,A,A,H,-,D,D,0,,,,,Y,Y,A,01,0,0,1,0,0,0,0,0,0,"- ","- ",36.87856,-121.74726,MONTEREY,UNINCORPORATED,-121.74723394,36.87895271
90204634,2016,2016-06-20,9730,2016-06-09,1727,020419,,4,2,9,2700,0,3,5,,2,007,"SAN JUAN RD","TARPEY RD",0.00,,Y,A,-,N,,,,,,,,,,Y,3,0,2,2,A,-,09,21802,A,N,D,C,A,A,H,-,A,A,0,,,,,Y,,A,01,0,1,1,0,0,0,0,0,0,"- ","- ",36.868000000000002,-121.66876999999999,MONTEREY,UNINCORPORATED,-121.66877986999999,36.86810002
90204645,2016,2016-06-20,9730,2016-06-11,1635,020514,,6,2,9,2700,0,3,5,,2,004,"OLD STAGE ROAD","ENCINAL ROAD",0.00,,Y,A,-,N,,,,,,,,,,Y,3,0,1,2,A,-,09,21801,A,N,D,C,A,A,H,-,A,D,0,,,,,Y,,D,22,0,1,0,0,0,0,0,0,0,"- ","- ",36.626739999999998,-121.53077999999999,MONTEREY,UNINCORPORATED,-121.53020986,36.626520050000003
90204650,2016,2016-06-20,9730,2016-06-12,1612,020514,,7,2,9,2700,0,3,5,,2,003,"RIVER ROAD","CHUALAR RIVER ROAD",10560.00,W,N,A,-,N,,,,,,,,,,Y,3,0,1,1,A,-,01,23152,A,N,E,I,A,A,H,-,A,D,0,,,,,Y,Y,D,22,0,1,0,0,0,0,0,0,0,"- ","- ",36.563229999999997,-121.56326,MONTEREY,UNINCORPORATED,-121.53559613,36.532705270000001
90204839,2016,2016-06-20,9730,2016-06-11,1552,020931,,6,2,9,2700,0,1,3,,1,014,SR-1,"ROCKY CREEK BRIDGE",1000.00,S,N,A,-,Y,,,1,,,,,,,Y,3,0,1,1,C,-,18,,,N,F,A,A,A,H,-,A,D,0,,Y,,,Y,,-,"- ",0,1,0,0,0,0,1,0,0,"- ","- ",36.377299999999998,-121.90405,MONTEREY,UNINCORPORATED,-121.90407119,36.377301209999999
90205276,2016,2016-07-07,9730,2016-06-09,1846,020576,,4,2,9,2700,0,1,2,,1,030,"US-101 NORTHBOUND","MAIN ST. (CHUALAR)",13200.00,S,N,A,-,Y,,,101,,,,,,N,Y,3,0,2,2,A,-,08,22107,,N,E,I,A,A,C,-,A,D,0,,,,,Y,,A,01,0,1,1,0,0,0,0,0,0,"- ","- ",36.542400000000001,-121.4884,MONTEREY,UNINCORPORATED,-121.48835289,36.5424565
90205332,2016,2016-06-20,9730,2016-06-12,0822,019569,,7,1,9,2700,0,2,4,,1,073,"HALL RD","SILL RD",30.00,W,N,A,-,N,,,,,,,,,,Y,3,0,5,2,A,-,09,21804,A,N,D,C,A,A,H,-,A,D,0,,,,,Y,,A,01,0,1,4,0,0,0,0,0,0,"- ","- ",36.864130000000003,-121.72275999999999,MONTEREY,UNINCORPORATED,-121.72263257,36.864109429999999
90205660,2016,2016-06-20,9730,2016-06-13,0300,019934,,1,3,9,2700,0,1,2,,1,030,"US-101 NORTHBOUND","5TH STREET",2640.00,N,N,A,-,Y,,,101,,,,,,N,Y,4,0,1,1,A,-,08,22107,,N,E,I,A,A,H,-,D,D,0,,,,Y,Y,,F,27,0,0,1,0,0,0,0,0,0,"- ","- ",36.519390000000001,-121.44322,MONTEREY,UNINCORPORATED,-121.44325599,36.519328440000002
90206748,2016,2016-06-21,9730,2016-06-11,1405,018543,,6,2,9,2700,0,1,3,,1,022,SR-1,"RIBERA ROAD",2640.00,S,N,A,-,Y,,,,,,,,,,Y,4,0,1,2,A,-,03,22350,,N,C,C,A,A,H,-,A,D,0,,,,,Y,,A,01,0,0,1,0,0,0,0,0,0,"- ","- ",,,MONTEREY,UNINCORPORATED,-121.92552123,36.523778280000002
90206931,2016,2016-06-22,9730,2016-06-13,0525,017785,,1,3,9,2700,0,1,2,,1,030,"US-101 NORTHBOUND","5TH STREET",1584.00,N,N,A,-,Y,,,101,,,,,,N,N,4,0,2,2,A,-,03,22350,,F,C,C,A,A,H,-,B,D,0,,,,,Y,,-,99,0,0,2,0,0,0,0,0,0,"- ","- ",36.51934,-121.44329999999999,MONTEREY,UNINCORPORATED,-121.44329383,36.519350549999999
90206940,2016,2016-06-22,9730,2016-06-13,2227,017840,,1,3,9,2700,0,3,5,,2,006,"RESERVATION ROAD","HILLTOWN ROAD",0.00,,Y,A,-,N,,,,,,,,,,Y,3,0,1,2,A,-,08,22107,,N,E,I,A,A,H,-,D,D,0,,,,,Y,,A,01,0,1,0,0,0,0,0,0,0,"- ","- ",36.625860000000003,-121.68264000000001,MONTEREY,UNINCORPORATED,-121.68274997,36.625780079999998
90206968,2016,2016-06-22,9730,2016-06-15,1810,018810,,3,2,9,2700,0,1,3,,2,062,"SR-1 N/B","SLOAT AVENUE",528.00,N,N,B,-,Y,,,1,,,,,,N,Y,2,0,1,3,A,-,06,21755,,N,B,C,A,A,H,-,A,D,0,,,Y,,Y,,C,02,1,0,0,0,0,0,0,0,1,"- ","- ",36.594189999999998,-121.87129,MONTEREY,UNINCORPORATED,-121.87129195999999,36.594203290000003
90207080,2016,2016-06-22,9730,2016-06-15,2000,015160,,3,2,9,2700,0,3,5,,2,007,"HILLCREST ROAD","BAYHILL ROAD",80.00,S,N,A,-,N,,,,,,,,,,N,3,0,1,2,C,-,18,,,N,G,B,E,A,H,-,A,D,0,Y,,,,Y,,-,"- ",0,1,0,0,1,0,0,0,0,"- ","- ",,,MONTEREY,UNINCORPORATED,-121.75987745,36.867240449999997
90207092,2016,2016-06-22,9730,2016-06-15,1125,016537,,3,1,9,2700,0,1,2,,1,030,"US-101 S/B","SOMAVIA RD.",220.00,S,N,A,-,Y,,,101,,,,,,S,Y,4,0,1,2,A,-,03,22350,,N,C,C,A,A,H,-,A,D,0,,,,,Y,,A,01,0,0,1,0,0,0,0,0,0,"- ","- ",36.593490000000003,-121.54353999999999,MONTEREY,UNINCORPORATED,-121.54353725999999,36.593492840000003
90207145,2016,2016-06-22,9730,2016-06-16,0720,017502,,4,1,4,2710,0,1,3,,2,062,"SR-1 S/B","TIOGA AVENUE  O/C",2112.00,N,N,A,-,Y,,,,,,,,,,N,4,0,1,2,A,-,03,22350,,N,C,C,A,A,H,-,A,D,0,,,,,Y,,A,07,0,0,1,0,0,0,0,0,0,"- ","- ",,,MONTEREY,SEASIDE,-121.84711,36.620190000000001
90207202,2016,2016-06-22,9730,2016-06-17,1358,019569,,5,1,9,2700,0,3,5,,2,007,"MAHER RD","PADILLA PL",528.00,W,N,A,-,N,,,,,,,,,,Y,4,0,1,1,A,-,08,22107,,N,E,I,A,A,H,-,A,D,0,,,,,Y,,A,07,0,0,1,0,0,0,0,0,0,"- ","- ",,,MONTEREY,UNINCORPORATED,,
90207231,2016,2016-06-22,9730,2016-06-17,0830,020391,,5,1,9,2700,0,3,5,,2,006,"DAVIS RD","HITCHCOCK RD",0.00,,Y,A,-,N,,,,,,,,,,Y,4,0,2,2,A,-,08,22107,,N,A,C,A,A,H,-,A,A,0,,,,,Y,,A,01,0,0,2,0,0,0,0,0,0,"- ","- ",36.5871,-121.69193,MONTEREY,UNINCORPORATED,-121.69199996,36.6587101
90207240,2016,2016-06-22,9730,2016-06-17,1048,020391,,5,1,9,2700,0,1,3,,1,068,SR-68,"TORERO DR",2640.00,W,N,A,-,Y,,,68,,,,,,,Y,4,0,1,2,A,-,08,22107,,N,D,C,A,A,H,-,A,D,0,,,,,Y,,A,07,0,0,1,0,0,0,0,0,0,"- ","- ",36.588749999999997,-121.71074,MONTEREY,UNINCORPORATED,-121.71070677,36.588711269999997
90207249,2016,2016-06-22,9730,2016-06-18,1350,017502,,6,1,9,2700,0,3,5,,2,006,"COOPER ROAD","BLANCO ROAD",50.00,N,N,A,-,N,,,,,,,,,,Y,4,0,2,2,A,-,21,22106,,N,A,C,A,A,H,-,A,D,0,,,,Y,Y,,G,25,0,0,2,0,0,0,0,0,0,"- ","- ",,,MONTEREY,UNINCORPORATED,-121.73502528,36.678837299999998
90207280,2016,2016-06-22,9730,2016-06-18,1445,020514,,6,2,9,2700,0,3,5,,2,001,"OLD STAGE ROAD","FOOTHILL DRIVE",40.00,S,N,A,-,N,,,,,,,,,,Y,4,0,5,2,A,-,03,22350,,N,C,C,A,A,H,-,A,D,0,,,,,Y,,A,07,0,0,5,0,0,0,0,0,0,"- ","- ",36.669429999999998,-121.55152,MONTEREY,UNINCORPORATED,-121.55185427000001,36.669516469999998
90207306,2016,2016-06-22,9730,2016-06-19,1555,019700,,7,2,9,2700,0,1,3,,1,066,SR-183,"ESPINOSA ROAD",0.00,,Y,A,-,Y,,,,,,,,,,Y,4,0,5,3,A,-,09,21801,A,N,D,C,A,A,H,-,A,D,0,,,,,Y,,A,07,0,0,5,0,0,0,0,0,0,"- ","- ",36.444209999999998,-121.44247,MONTEREY,UNINCORPORATED,,
90207394,2016,2016-06-22,9730,2016-06-20,1220,019745,,1,1,9,2700,0,1,2,,1,050,"US-101 S/B","HARRIS RD",2112.00,S,N,A,-,Y,,,101,,,,,,S,Y,4,0,1,1,A,-,08,22107,,N,H,A,A,A,H,-,A,D,0,,,,,Y,,A,01,0,0,1,0,0,0,0,0,0,"- ","- ",36.640419999999999,-121.60496000000001,MONTEREY,UNINCORPORATED,-121.60500054000001,36.640364720000001
90207443,2016,2016-06-22,9730,2016-06-17,2111,019981,,5,2,9,2700,0,1,3,,1,068,SR-68,"CORRAL DE TIERRA RD",0.00,,Y,A,-,Y,,,68,,,,,,,Y,4,0,1,2,A,-,12,21453,A,N,A,C,A,A,H,-,C,A,0,,,,,Y,Y,A,01,0,0,1,0,0,0,0,0,0,"- ","- ",36.578650000000003,-121.72705999999999,MONTEREY,UNINCORPORATED,-121.72704315999999,36.578505329999999
90207498,2016,2016-06-22,9730,2016-06-16,1745,015160,,4,2,9,2700,0,3,5,,2,006,"NASHUA ROAD","COOPER ROAD",0.00,,Y,A,-,N,,,,,,,,,,Y,4,0,2,2,A,-,09,21801,A,N,A,C,A,A,H,-,A,D,0,,,,,Y,,A,01,0,0,2,0,0,0,0,0,0,"- ","- ",,,MONTEREY,UNINCORPORATED,-121.73499993999999,36.700880060000003
90208120,2016,2016-06-23,9730,2016-06-21,1540,020981,,2,2,9,2700,0,1,2,,1,030,"US-101 N/B","SPENCE ROAD",1320.00,S,N,A,-,Y,,,,,,,,,,Y,3,0,4,2,A,-,03,22350,,N,C,C,A,A,H,-,A,D,0,,,,,Y,,A,01,0,1,3,0,0,0,0,0,0,"- ","- ",36.617730000000002,-121.56516000000001,MONTEREY,UNINCORPORATED,-121.5636066,36.610385200000003
90208466,2016,2016-06-23,9730,2016-06-19,1600,020981,,7,2,9,2700,0,2,4,,1,075,"SAN JUAN ROAD","1875 SAN JUAN ROAD",0.00,,Y,A,-,N,,,,,,,,,,Y,4,0,6,2,A,-,03,22350,,N,C,C,A,A,H,-,A,D,0,,,,,Y,,A,01,0,0,6,0,0,0,0,0,0,"- ","- ",36.887790000000003,-121.66616999999999,MONTEREY,UNINCORPORATED,,
90208837,2016,2016-06-24,9730,2016-06-14,0815,019529,,2,1,9,2700,0,2,4,,2,063,"BLANCO RD.","COOPER RD.",1000.00,E,N,A,-,N,,,,,,,,,,Y,4,0,1,2,A,-,05,21460,A,N,B,C,A,A,H,-,A,D,0,,,,,Y,,-,"- ",0,0,1,0,0,0,0,0,0,"- ","- ",,,MONTEREY,UNINCORPORATED,-121.73160925000001,36.678714929999998
90209000,2016,2016-06-24,9735,2016-06-18,0530,018069,,6,3,9,2700,0,3,5,,2,002,"JOLON ROAD","BRADLEY LOCKWOOD ROAD",2112.00,N,N,A,-,N,,,,,,,,,,Y,2,0,1,1,A,-,08,22107,,N,E,I,A,A,H,-,C,D,0,,,,,Y,,A,01,1,0,0,0,0,0,0,0,0,"- ","- ",35.911279999999998,-121.02021999999999,MONTEREY,UNINCORPORATED,-121.07132448,35.936696449999999
90209524,2016,2016-06-27,9730,2016-06-17,1655,019700,,5,2,9,2700,0,1,3,,1,074,SR-1,"PIERI CT",0.00,,Y,A,-,Y,,,,,,,,,,N,4,0,1,2,A,-,05,21460,A,N,B,C,A,A,H,-,A,D,0,,,Y,,Y,,C,02,0,0,1,0,0,0,0,0,1,"- ","- ",36.473089999999999,-121.47136999999999,MONTEREY,UNINCORPORATED,,
90209530,2016,2016-06-27,9730,2016-06-17,1958,020931,,5,2,9,2700,0,2,4,,1,023,"CARMEL VALLEY ROAD",TEHAMA,0.00,,Y,B,-,N,,,,,,,,,,Y,4,0,1,2,A,-,12,22450,A,N,D,C,A,A,H,-,A,A,0,,,,,Y,,A,01,0,0,1,0,0,0,0,0,0,"- ","- ",36.534140000000001,-121.85075999999999,MONTEREY,UNINCORPORATED,,
90209539,2016,2016-06-27,9730,2016-06-23,1307,019569,,4,1,9,2700,0,1,3,,1,072,SR-156,"MCGUFFIE RD",46.00,W,N,A,-,Y,,,,,,,,,,Y,3,0,1,2,A,-,06,21750,,N,B,C,A,A,H,-,A,D,0,,,Y,,Y,,C,02,0,1,0,0,0,0,0,0,1,"- ","- ",,,MONTEREY,UNINCORPORATED,-121.67501385,36.788674360000002
90210814,2016,2016-06-28,9730,2016-06-21,1740,020208,,2,2,9,2700,0,1,3,,1,012,"SR-1 S/B","WILLOW CREEK BRIDGE",200.00,N,N,A,-,Y,,,1,,,,,,S,Y,2,0,1,1,A,-,05,21460,A,N,E,I,A,A,H,-,A,D,0,,,Y,,Y,,C,02,1,0,0,0,0,0,0,0,1,"- ","- ",35.895699999999998,-121.4597,MONTEREY,UNINCORPORATED,-121.45986583,35.895767560000003
90210819,2016,2016-06-28,9730,2016-06-24,2049,019700,,5,2,9,2700,0,1,3,,1,074,SR-1,"SPRINGFIELD ROAD",0.00,,Y,A,-,Y,,,,,,,,,,Y,4,0,5,2,A,-,09,21801,A,N,D,C,A,A,H,-,D,D,0,,,,,Y,,A,08,0,0,5,0,0,0,0,0,0,"- ","- ",,,MONTEREY,UNINCORPORATED,-121.77097990999999,36.838210060000002
90210833,2016,2016-06-28,9730,2016-06-19,1700,019934,,7,2,9,2700,0,1,3,,1,068,SR-68,"LAURELES GRADE",60.00,W,N,A,-,Y,,,,,,,,,,N,4,0,5,3,A,-,03,22350,,N,C,C,A,A,H,-,A,A,0,,,,,Y,,A,07,0,0,5,0,0,0,0,0,0,"- ","- ",36.687080000000002,-121.67319000000001,MONTEREY,UNINCORPORATED,,