CASE_ID,ACCIDENT_YEAR,PROC_DATE,JURIS,COLLISION_DATE,COLLISION_TIME,OFFICER_ID,REPORTING_DISTRICT,DAY_OF_WEEK,CHP_SHIFT,POPULATION,CNTY_CITY_LOC,SPECIAL_COND,BEAT_TYPE,CHP_BEAT_TYPE,CITY_DIVISION_LAPD,CHP_BEAT_CLASS,BEAT_NUMBER,PRIMARY_RD,SECONDARY_RD,DISTANCE,DIRECTION,INTERSECTION,WEATHER_1,WEATHER_2,STATE_HWY_IND,CALTRANS_COUNTY,CALTRANS_DISTRICT,STATE_ROUTE,ROUTE_SUFFIX,POSTMILE_PREFIX,POSTMILE,LOCATION_TYPE,RAMP_INTERSECTION,SIDE_OF_HWY,TOW_AWAY,COLLISION_SEVERITY,NUMBER_KILLED,NUMBER_INJURED,PARTY_COUNT,PRIMARY_COLL_FACTOR,PCF_CODE_OF_VIOL,PCF_VIOL_CATEGORY,PCF_VIOLATION,PCF_VIOL_SUBSECTION,HIT_AND_RUN,TYPE_OF_COLLISION,MVIW,PED_ACTION,ROAD_SURFACE,ROAD_COND_1,ROAD_COND_2,LIGHTING,CONTROL_DEVICE,CHP_ROAD_TYPE,PEDESTRIAN_ACCIDENT,BICYCLE_ACCIDENT,MOTORCYCLE_ACCIDENT,TRUCK_ACCIDENT,NOT_PRIVATE_PROPERTY,ALCOHOL_INVOLVED,STWD_VEHTYPE_AT_FAULT,CHP_VEHTYPE_AT_FAULT,COUNT_SEVERE_INJ,COUNT_VISIBLE_INJ,COUNT_COMPLAINT_PAIN,COUNT_PED_KILLED,COUNT_PED_INJURED,COUNT_BICYCLIST_KILLED,COUNT_BICYCLIST_INJURED,COUNT_MC_KILLED,COUNT_MC_INJURED,PRIMARY_RAMP,SECONDARY_RAMP,LATITUDE,LONGITUDE,COUNTY,CITY,POINT_X,POINT_Y
90210864,2016,2016-06-28,9730,2016-06-23,1335,017502,,4,1,9,2700,0,1,3,,1,072,SR-156,"CATHEDRAL  OAK ROAD",2112.00,W,N,A,-,Y,,,,,,,,,,Y,4,0,2,2,A,-,03,22350,,N,C,C,A,A,H,-,A,D,0,,,,,Y,,A,01,0,0,2,0,0,0,0,0,0,"- ","- ",,,MONTEREY,UNINCORPORATED,-121.72188027999999,36.774621619999998
90210877,2016,2016-06-28,9730,2016-06-23,1405,017502,,4,2,9,2700,0,1,3,,1,074,SR-1,SR-183,300.00,N,N,A,-,Y,,,,,,,,,,Y,3,0,2,2,A,-,07,21658,A,N,C,C,A,A,H,-,A,D,0,,,,,Y,,A,01,0,1,1,0,0,0,0,0,0,"- ","- ",,,MONTEREY,UNINCORPORATED,,
90210938,2016,2016-06-28,9730,2016-06-24,1615,020514,,5,2,9,2700,0,1,2,,1,030,"US-101 N/B","SPENCE RD",0.00,,Y,A,-,Y,,,101,,,,,,N,Y,3,0,3,2,A,-,09,21801,A,N,D,C,A,A,H,-,A,D,0,,,,,Y,,A,01,0,1,2,0,0,0,0,0,0,"- ","- ",36.612839999999998,-121.56698,MONTEREY,UNINCORPORATED,-121.56697436,36.612847670000001
90210976,2016,2016-06-28,9730,2016-05-26,1728,012332,,4,2,9,2700,0,3,5,,2,007,"CASTROVILLE BOULEVARD","ELKHORN ROAD",1056.00,E,N,B,-,N,,,,,,,,,,Y,1,1,2,2,A,-,05,21460,A,N,D,C,A,A,H,-,A,D,0,,,,,Y,,A,01,1,0,1,0,0,0,0,0,0,"- ","- ",36.759099999999997,-121.7161,MONTEREY,UNINCORPORATED,-121.71686002,36.795074769999999
90211096,2016,2016-06-28,9730,2016-06-25,1636,020621,,6,2,9,2700,0,1,3,,1,072,SR-156,"OAK HILLS DRIVE",3696.00,E,N,A,-,Y,,,156,,,,,,,Y,4,0,1,3,A,-,03,22350,,N,C,C,A,A,H,-,A,D,0,,,,,Y,,A,01,0,0,1,0,0,0,0,0,0,"- ","- ",36.783799999999999,-121.69053,MONTEREY,UNINCORPORATED,-121.69052806000001,36.783795410000003
90211123,2016,2016-06-28,9730,2016-06-25,0130,020990,,6,3,9,2700,0,3,5,,2,001,"LOS BURROS ROAD",SR-1,2640.00,E,N,A,-,N,,,,,,,,,,Y,3,0,1,1,A,-,08,22107,,N,F,I,A,A,G,-,D,D,0,,,,,Y,,D,22,0,1,0,0,0,0,0,0,0,"- ","- ",35.889539999999997,-121.46003,MONTEREY,UNINCORPORATED,-121.45339,35.882309999999997
90211144,2016,2016-06-28,9730,2016-06-26,1330,019529,,7,1,9,2700,0,1,3,,2,062,"STATE ROUTE 1 (NORTHBOUND)","MUNRAS AVE.",200.00,N,N,A,-,Y,,,,,,,,,,Y,4,0,1,1,A,-,08,22107,,N,A,I,A,A,H,-,A,D,0,,,,,Y,,A,08,0,0,1,0,0,0,0,0,0,"- ","- ",,,MONTEREY,UNINCORPORATED,,
90211161,2016,2016-06-28,9730,2016-06-26,1905,019700,,7,2,9,2700,0,1,3,,2,062,"SR-1 SOUTHBOUND","SR-68 (HOLMAN HIGHWAY)",2640.00,N,N,A,-,Y,,,,,,,,,,Y,3,0,1,2,A,-,08,22107,,F,B,C,A,A,H,-,A,D,0,,,,,Y,,-,99,0,1,0,0,0,0,0,0,0,"- ","- ",36.344630000000002,-121.54194,MONTEREY,UNINCORPORATED,-121.90556809,36.57945935
90211194,2016,2016-06-28,9730,2016-06-26,1653,020621,,7,2,9,2700,0,3,5,,2,007,"TARAWILD COURT","WILD HORSE ROAD",800.00,E,N,A,-,N,,,,,,,,,,Y,4,0,1,2,A,-,03,22350,,N,D,C,A,A,H,-,A,D,0,,,,,Y,,A,01,0,0,1,0,0,0,0,0,0,"- ","- ",36.792099999999998,-121.62421999999999,MONTEREY,UNINCORPORATED,-121.6241042,36.792102210000003
90211326,2016,2016-06-28,9730,2016-06-26,1923,020621,,7,2,9,2700,0,3,5,,2,006,"SAN JUAN GRADE ROAD","HEBERT ROAD",0.00,,Y,A,-,N,,,,,,,,,,N,4,0,1,2,A,-,03,22350,,M,B,C,A,A,H,-,A,D,0,,,Y,,Y,,A,01,0,0,1,0,0,0,0,0,1,"- ","- ",36.75958,-121.6157,MONTEREY,UNINCORPORATED,-121.61572991,36.759590109999998
90211368,2016,2016-06-28,9730,2016-06-20,0835,018543,,1,1,9,2700,0,2,4,,1,023,"CARMEL VALLEY ROAD","RANCHO SAN CARLOS ROAD",2112.00,W,N,A,-,N,,,,,,,,,,N,4,0,1,2,A,-,08,22107,,F,B,G,A,A,H,-,A,D,0,,Y,,,Y,,-,99,0,0,1,0,0,0,1,0,0,"- ","- ",,,MONTEREY,UNINCORPORATED,-121.87754296999999,36.541064169999999
90211849,2016,2016-06-29,9730,2016-06-28,1625,017803,,2,2,9,2700,0,1,3,,1,068,SR68,"CORRAL DE TIERRA RD",1584.00,W,N,A,-,Y,,,68,,,,,,,Y,4,0,1,2,A,-,03,22350,,N,C,C,A,A,H,-,A,D,0,,,,,Y,,D,22,0,0,1,0,0,0,0,0,0,"- ","- ",36.57403,-121.73595,MONTEREY,UNINCORPORATED,-121.73598303999999,36.574091580000001
90212018,2016,2016-06-29,9735,2016-06-27,0910,016816,,1,1,3,2704,0,1,2,,1,040,"US-101 S/B","WALNUT AVE.",1056.00,N,N,A,-,Y,,,101,,,,,,S,Y,4,0,2,2,A,-,03,22350,,N,C,C,A,A,D,-,A,A,0,,,,Y,Y,,A,08,0,0,2,0,0,0,0,0,0,"- ","- ",36.328580000000002,-121.24351,MONTEREY,GREENFIELD,-121.24334196,36.328774709999998
90212026,2016,2016-06-29,9735,2016-06-27,1625,016816,,1,2,3,2704,0,1,2,,1,040,"US-101 S/B","ELM AVE. O/C",50.00,S,N,A,-,Y,,,,,,,,,,Y,4,0,1,1,A,-,08,22107,,N,F,A,A,A,D,-,A,D,0,,,,,Y,,D,22,0,0,1,0,0,0,0,0,0,"- ","- ",36.319969999999998,-121.23685,MONTEREY,GREENFIELD,-121.23587061000001,36.320441330000001
90212074,2016,2016-06-29,9730,2016-06-26,1755,020903,,7,2,9,2700,0,1,3,,1,014,SR-1,"SYCAMORE CANYON RD.",200.00,S,N,A,-,Y,,,1,,,,,,,Y,3,0,1,1,A,-,03,22350,,N,E,I,A,A,H,-,A,D,0,,,Y,,Y,,C,02,0,1,0,0,0,0,0,0,1,"- ","- ",36.239960000000004,-121.77647,MONTEREY,UNINCORPORATED,-121.77647876,36.239940920000002
90212101,2016,2016-06-29,9730,2016-04-13,1355,018350,,3,1,9,2700,0,2,4,,1,073,"HALL ROAD","ELKHORN ROAD",1056.00,E,N,A,-,N,,,,,,,,,,Y,1,1,3,2,A,-,05,21460,A,N,A,C,A,A,H,-,A,D,0,,,,,Y,,A,07,0,3,0,0,0,0,0,0,0,"- ","- ",,,MONTEREY,UNINCORPORATED,-121.74107961999999,36.866606500000003
90212238,2016,2016-06-29,9735,2016-06-14,2100,019486,,2,2,9,2700,0,3,5,,2,001,"NACIMIENTO-FERGUSSON RD","NACIMIENTO-FERGUSSON RANGER STATION",6864.00,E,N,A,-,N,,,,,,,,,,Y,4,0,1,1,A,-,08,22107,,N,F,A,A,A,H,-,B,D,0,,,,,Y,Y,A,01,0,0,1,0,0,0,0,0,0,"- ","- ",36.013640000000002,-121.44069,MONTEREY,UNINCORPORATED,,
90212475,2016,2016-06-29,9730,2016-06-24,1408,017580,,5,2,9,2700,0,2,4,,1,073,"SAN MIGUEL CANYON ROAD","HAMBEY LANE",2640.00,N,N,A,-,N,,,,,,,,,,Y,3,0,1,2,A,-,01,23152,A,N,C,C,A,A,H,-,A,D,0,,,,,Y,Y,D,22,0,1,0,0,0,0,0,0,0,"- ","- ",36.839799999999997,-121.68528999999999,MONTEREY,UNINCORPORATED,-121.68954026999999,36.843808879999997
90212811,2016,2016-06-30,9730,2016-06-25,1407,019981,,6,2,9,2700,0,3,5,,2,003,"CACHAGUA ROAD","TASSAJARA ROAD",2640.00,W,N,A,-,N,,,,,,,,,,Y,4,0,1,1,A,-,08,22107,,N,F,J,A,A,H,-,A,D,0,,,,,Y,,A,07,0,0,1,0,0,0,0,0,0,"- ","- ",,,MONTEREY,UNINCORPORATED,-121.60126873,36.39225501
90212822,2016,2016-06-30,9730,2016-06-28,1415,015160,,2,2,9,2700,0,1,2,,1,070,"US-101 NORTHBOUND","SAN JUAN ROAD",6864.00,S,N,A,-,Y,,,101,,,,,,N,Y,4,0,1,2,A,-,03,22350,,N,C,C,A,A,H,-,A,D,0,,,,,Y,,A,07,0,0,1,0,0,0,0,0,0,"- ","- ",36.840899999999998,-121.63266,MONTEREY,UNINCORPORATED,-121.6325777,36.840940250000003
90212994,2016,2016-06-30,9730,2016-06-28,2245,020701,,2,3,9,2700,0,1,3,,1,072,SR-183,SR-156,0.00,,Y,A,-,Y,,,183,,,,,,,Y,3,0,3,2,A,-,12,21453,A,N,D,C,A,A,H,-,D,A,0,,,,,Y,,D,22,0,1,2,0,0,0,0,0,0,"- ","- ",36.76164,-121.7527,MONTEREY,UNINCORPORATED,-121.7526369,36.761725859999999
90213194,2016,2017-01-23,9730,2016-06-22,0940,012332,,3,1,6,2708,0,1,2,,1,050,"US-101 (S/B)","BORONDA RD",2640.00,S,N,A,-,Y,,,,,,,,,,Y,4,0,1,2,A,-,07,21658,A,N,B,C,A,A,H,-,A,D,0,,,,Y,Y,,G,27,0,0,1,0,0,0,0,0,0,"- ","- ",,,MONTEREY,SALINAS,-121.6618742,36.71493126
90213272,2016,2016-06-30,9730,2016-06-23,1730,020514,,4,2,9,2700,0,3,5,,2,005,"OLD STAGE ROAD","HEBERT ROAD",200.00,N,N,A,-,N,,,,,,,,,,N,3,0,1,2,A,-,05,21460,A,F,F,A,A,A,H,-,A,D,0,,,Y,,Y,,-,99,0,1,0,0,0,0,0,0,1,"- ","- ",36.756830000000001,-121.60748,MONTEREY,UNINCORPORATED,-121.60927645,36.755183369999997
90213342,2016,2016-06-30,9730,2016-06-28,1120,019529,,2,1,9,2700,0,3,5,,2,006,"BLACKIE ROAD","COMMERCIAL PARKWAY",1320.00,E,N,A,-,N,,,,,,,,,,Y,4,0,1,1,A,-,08,22107,,N,F,A,A,A,H,-,A,D,0,,,,,Y,,A,01,0,0,1,0,0,0,0,0,0,"- ","- ",,,MONTEREY,UNINCORPORATED,-121.73831688999999,36.761453070000002
90214912,2016,2016-07-07,9730,2016-04-30,0752,020677,,6,1,9,2700,0,2,4,,1,023,"CARMEL VALLEY ROAD","SCARLETT ROAD",1302.00,E,N,A,-,Y,,,,,,,,,,Y,1,1,0,1,A,-,08,22107,,N,E,I,A,A,H,-,A,D,0,,,,,Y,,A,01,0,0,0,0,0,0,0,0,0,"- ","- ",36.515230000000003,-121.78022,MONTEREY,UNINCORPORATED,-121.79020094000001,36.521794509999999
90215100,2016,2016-07-04,9730,2016-05-01,1250,019569,,7,1,9,2700,0,3,5,,2,005,"RUSSELL RD","PAUL AVE",0.00,,Y,A,-,N,,,,,,,,,,N,4,0,1,2,A,-,09,21802,A,F,D,C,A,A,H,-,A,A,0,,,,,Y,,A,01,0,0,1,0,0,0,0,0,0,"- ","- ",,,MONTEREY,UNINCORPORATED,-121.64217997999999,36.730510090000003
90215105,2016,2016-07-04,9730,2016-06-26,0136,020970,,7,3,9,2700,0,1,2,,1,070,"US-101 N/B","BORONDA ROAD",2500.00,N,N,A,-,Y,,,101,,,,,,N,Y,4,0,1,1,A,-,01,23152,A,N,B,I,A,A,H,-,D,D,0,,,,,Y,Y,D,22,0,0,1,0,0,0,0,0,0,"- ","- ",36.726900000000001,-121.65819999999999,MONTEREY,UNINCORPORATED,-121.65837768,36.726947289999998
90215958,2016,2016-07-05,9735,2016-06-30,0445,019800,,4,3,9,2700,0,3,5,,2,003,"CATTLEMEN RD",SR-198,1056.00,N,N,A,-,N,,,,,,,,,,Y,4,0,1,1,A,-,08,22107,,N,E,I,A,A,H,-,D,D,0,,,,,Y,,A,07,0,0,1,0,0,0,0,0,0,"- ","- ",36.128100000000003,-121.01992,MONTEREY,UNINCORPORATED,-121.01869997999999,36.128040730000002
90216708,2016,2016-07-06,9730,2016-06-25,0215,020916,,6,3,9,2700,0,3,5,,2,005,"HARRISON ROAD","COUNTRY MEADOWS RD",108.00,S,N,A,-,N,,,,,,,,,,Y,3,0,1,1,A,-,08,22107,,N,E,I,A,A,H,-,D,D,0,,,,,Y,,A,01,0,1,0,0,0,0,0,0,0,"- ","- ",36.761139999999997,-121.65861,MONTEREY,UNINCORPORATED,-121.65850269000001,36.761044069999997
90216714,2016,2016-07-06,9730,2016-06-28,0630,019529,,2,1,9,2700,0,3,5,,2,007,"GEIL STREET","SANCHEZ STREET",0.00,,Y,A,-,N,,,,,,,,,,N,3,0,1,2,A,-,09,21802,A,N,D,C,A,A,H,-,A,A,0,,,,,Y,,A,01,0,1,0,0,0,0,0,0,0,"- ","- ",,,MONTEREY,UNINCORPORATED,-121.75764993,36.769450089999999
90216809,2016,2016-07-06,9735,2016-07-04,2240,020057,,1,3,9,2700,0,1,2,,1,041,"US-101 S/B","CENTRAL AVE. EXTENSION",3168.00,N,N,A,-,Y,,,101,,,,,,S,Y,4,0,2,2,A,-,07,21658,A,N,B,C,A,A,H,-,D,D,0,,,,,Y,,A,01,0,0,2,0,0,0,0,0,0,"- ","- ",36.210059999999999,-121.16128999999999,MONTEREY,UNINCORPORATED,-121.16128435,36.210064500000001
90216976,2016,2016-07-06,9730,2016-06-30,1735,020931,,4,2,9,2700,0,3,5,,2,007,"SALINAS RD","FRUITLAND AVE",0.00,,Y,A,B,N,,,,,,,,,,Y,4,0,2,2,A,-,03,22350,,N,C,C,A,A,H,-,A,D,0,,,,,Y,,A,07,0,0,2,0,0,0,0,0,0,"- ","- ",36.877940000000002,-121.75251,MONTEREY,UNINCORPORATED,-121.75255996999999,36.878010039999999
90217083,2016,2016-07-06,9730,2016-07-01,1525,020621,,5,2,9,2700,0,3,5,,2,007,"DUNBARTON ROAD","OAK RIDGE DRIVE",200.00,W,N,A,-,N,,,,,,,,,,Y,4,0,1,2,A,-,03,22350,,N,C,C,A,A,H,-,A,D,0,,,,,Y,,A,07,0,0,1,0,0,0,0,0,0,"- ","- ",36.846499999999999,-121.63629,MONTEREY,UNINCORPORATED,-121.63624846,36.846422429999997
90217373,2016,2016-07-07,9730,2016-07-02,1550,020931,,6,2,9,2700,0,1,3,,2,062,SR-1,"TIOGA AVE",300.00,N,N,B,-,Y,,,,,,,,,,N,4,0,1,2,A,-,03,22350,,N,C,C,A,A,H,-,A,D,0,,,,,Y,,A,07,0,0,1,0,0,0,0,0,0,"- ","- ",36.618229999999997,-121.84836,MONTEREY,UNINCORPORATED,-121.84833446,36.618531220000001
90217761,2016,2016-07-07,9730,2016-06-30,0345,017785,,4,3,9,2700,0,3,5,,2,004,"ALISAL ROAD","OLD STAGE ROAD",2112.00,N,N,A,-,N,,,,,,,,,,Y,3,0,5,2,A,-,06,21750,,F,E,I,A,A,H,-,D,D,0,,,,,Y,,A,01,0,1,4,0,0,0,0,0,0,"- ","- ",36.633690000000001,-121.55186999999999,MONTEREY,UNINCORPORATED,-121.54933062000001,36.633178239999999
90218016,2016,2016-07-07,9730,2016-07-03,1735,020903,,7,2,9,2700,0,1,3,,1,014,SR-1,"COAST RD.",80.00,S,N,A,-,Y,,,,,,,,,,N,4,0,2,2,A,-,03,22350,,N,C,C,A,A,H,-,A,D,0,,,,,Y,,A,01,0,0,2,0,0,0,0,0,0,"- ","- ",38.288350000000001,-121.84341000000001,MONTEREY,UNINCORPORATED,-121.90255661,36.372404789999997
90218439,2016,2016-07-07,9730,2016-07-03,0653,019569,,7,1,9,2700,0,3,5,,2,007,"MORO RD","FALLENLEAF LN",6.00,N,N,B,-,N,,,,,,,,,,Y,4,0,1,1,A,-,08,22107,,N,E,I,A,A,H,-,A,D,0,,,,,Y,,A,01,0,0,1,0,0,0,0,0,0,"- ","- ",,,MONTEREY,UNINCORPORATED,-121.66005,36.803829999999998
90218696,2016,2016-07-08,9730,2016-07-06,1530,017803,,3,2,9,2700,0,1,3,,1,068,"SR68 E/B","PORTOLA DR",2112.00,E,N,A,-,Y,,,68,,,,,,E,Y,2,0,1,1,A,-,08,22107,,N,F,A,A,A,H,-,A,D,0,,,,,Y,,A,07,1,0,0,0,0,0,0,0,0,"- ","- ",36.613280000000003,-121.68933,MONTEREY,UNINCORPORATED,-121.68940257,36.613320629999997
90218943,2016,2016-07-08,9730,2016-07-02,1828,020621,,6,2,6,2708,0,1,2,,1,050,US-101,"N. MAIN STREET",1584.00,N,N,B,-,Y,,,101,,,,,,,Y,4,0,2,2,A,-,08,22107,,N,A,C,A,A,H,-,A,D,0,,,,,Y,,A,01,0,0,2,0,0,0,0,0,0,"- ","- ",36.690170000000002,-121.65728,MONTEREY,SALINAS,-121.65728267,36.690166480000002
90219176,2016,2016-07-27,9730,2016-06-07,0555,017502,,2,3,9,2700,0,1,3,,1,022,"SR-1 (SOUTHBOUND)","SR-68 (HOLMAN HIGHWAY) O/C",1584.00,S,N,B,-,Y,,,1,,,,,,,Y,1,1,0,1,A,-,08,22107,,N,E,I,A,B,H,-,B,D,0,,,,,Y,,A,01,0,0,0,0,0,0,0,0,0,"- ","- ",36.571330000000003,-121.91302,MONTEREY,UNINCORPORATED,-121.9129437,36.571339770000002
90219482,2016,2016-07-11,9730,2016-07-08,1641,019981,,5,2,9,2700,0,2,4,,2,063,"BLANCO ROAD","HITCHCOCK ROAD",1320.00,E,N,A,-,N,,,,,,,,,,Y,3,0,1,2,A,-,03,22350,,N,C,C,A,A,H,-,A,D,0,,,,,Y,,A,01,0,1,0,0,0,0,0,0,0,"- ","- ",,,MONTEREY,UNINCORPORATED,-121.69801132000001,36.674076360000001
90219676,2016,2016-07-11,9730,2016-07-04,0550,020391,,1,3,9,2700,0,2,4,,1,075,"SAN JUAN RD","SAN MIGUEL CYN RD",1056.00,W,N,B,C,N,,,,,,,,,,Y,3,0,1,2,A,-,03,22350,,N,C,C,A,B,H,-,A,D,0,,,,,Y,,D,22,0,1,0,0,0,0,0,0,0,"- ","- ",36.901299999999999,-121.69426,MONTEREY,UNINCORPORATED,-121.69390543,36.901192739999999
90219710,2016,2016-07-11,9730,2016-07-04,0810,018543,,1,1,9,2700,0,1,3,,1,068,SR-68,"LAGUNA PLACE",528.00,E,N,B,-,Y,,,68,,,,,,,N,3,0,1,2,A,-,08,22107,,N,B,G,A,A,H,-,A,D,0,,Y,,,Y,,A,01,0,1,0,0,0,0,1,0,0,"- ","- ",36.571170000000002,-121.74618,MONTEREY,UNINCORPORATED,-121.74617111000001,36.57113141
90220131,2016,2016-07-11,9730,2016-07-09,1435,020514,,6,2,9,2700,0,3,5,,2,004,"OLD STAGE ROAD","CHUALAR CANYON RD",2640.00,S,N,A,-,N,,,,,,,,,,Y,3,0,1,1,A,-,08,22107,,N,E,I,A,A,H,-,A,D,0,,,,,Y,,A,01,0,1,0,0,0,0,0,0,0,"- ","- ",36.570030000000003,-121.4888,MONTEREY,UNINCORPORATED,-121.48921762000001,36.570420730000002
90220213,2016,2016-07-11,9730,2016-07-10,1134,019569,,7,1,9,2700,0,1,3,,1,072,SR-156,"MCGUFFIE RD",150.00,W,N,A,-,Y,,,,,,,,,,Y,3,0,1,2,A,-,03,22350,,N,C,C,A,A,H,-,A,D,0,,,Y,,Y,,C,02,0,1,0,0,0,0,0,0,1,"- ","- ",,,MONTEREY,UNINCORPORATED,-121.67536169,36.788616390000001
90220807,2016,2016-07-12,9730,2016-07-11,1705,020981,,1,2,9,2700,0,1,3,,1,068,SR-68,"LAURELES GRADE",550.00,W,N,A,-,Y,,,68,,,,,,,Y,3,0,2,4,A,-,03,22350,,N,C,C,A,A,H,-,A,A,0,,,,,Y,,A,07,0,2,0,0,0,0,0,0,0,"- ","- ",36.569989999999997,-121.75766,MONTEREY,UNINCORPORATED,-121.75765975,36.569991659999999
90220847,2016,2016-07-12,9730,2016-07-11,1005,019956,,1,1,9,2700,0,2,4,,2,063,"BLANCO RD","COOPER RD",2112.00,E,N,A,-,N,,,,,,,,,,Y,4,0,1,2,A,-,03,22350,,N,C,C,A,A,H,-,A,D,0,,,,,Y,,A,01,0,0,1,0,0,0,0,0,0,"- ","- ",36.678640000000001,-121.72959,MONTEREY,UNINCORPORATED,-121.72781652,36.678710029999998
90221395,2016,2016-07-12,9735,2016-07-09,1230,019800,,6,1,9,2700,0,3,5,,2,003,"COALINGA RD","CLEAR CREEK RD",0.00,,N,A,-,N,,,,,,,,,,Y,4,0,1,1,C,-,18,,,N,H,H,A,A,H,-,A,D,0,,,Y,,Y,,-,"- ",0,0,1,0,0,0,0,0,1,"- ","- ",36.254019999999997,-121.09350000000001,MONTEREY,UNINCORPORATED,,
90221736,2016,2016-07-13,9730,2016-07-12,0805,017502,,2,1,4,2706,0,1,3,,2,062,SR-1,"SR-68 (SALINAS)",1056.00,S,N,B,-,Y,,,,,,,,,,N,4,0,1,2,A,-,07,21658,A,N,B,C,A,A,H,-,A,D,0,,,,,Y,,A,01,0,0,1,0,0,0,0,0,0,"- ","- ",,,MONTEREY,MONTEREY,-121.91303455000001,36.572004059999998
90221772,2016,2016-07-13,9735,2016-07-11,1345,018069,,1,1,9,2700,0,3,5,,2,003,"METZ ROAD","RIO ROAD",10560.00,N,N,A,-,N,,,,,,,,,,Y,3,0,1,2,A,-,03,22350,,N,B,C,A,A,H,-,A,D,0,,,,,Y,,D,22,0,1,0,0,0,0,0,0,0,"- ","- ",36.322200000000002,-121.18235,MONTEREY,UNINCORPORATED,,
90221773,2016,2016-07-13,9730,2016-07-12,1323,017502,,2,1,4,2706,0,1,3,,2,062,"SR-1 N/B","SR-218  U/C",1056.00,S,N,A,-,Y,,,,,,,,,,Y,4,0,3,3,A,-,03,22350,,N,C,C,A,A,H,-,A,D,0,,,,,Y,,D,22,0,0,3,0,0,0,0,0,0,"- ","- ",,,MONTEREY,MONTEREY,,
90222361,2016,2016-07-13,9730,2016-07-09,1130,016537,,6,1,9,2700,0,1,2,,1,070,"US-101 N/B","PRUNEDALE SOUTH RD.",1056.00,S,N,A,-,Y,,,101,,,,,,N,Y,3,0,3,1,A,-,08,22107,,N,F,A,A,A,H,-,A,D,0,,,,,Y,,A,01,0,1,2,0,0,0,0,0,0,"- ","- ",36.766970000000001,-121.66822000000001,MONTEREY,UNINCORPORATED,-121.66838977,36.766920720000002
90224145,2016,2016-07-18,9730,2016-07-07,0655,019529,,4,1,9,2700,0,1,3,,1,066,"STATE ROUTE 183","DAVIS ROAD",600.00,N,N,A,-,Y,,,,,,,,,,Y,4,0,1,2,A,-,08,22107,,N,B,C,A,A,H,-,A,D,0,,,,,Y,,A,01,0,0,1,0,0,0,0,0,0,"- ","- ",,,MONTEREY,UNINCORPORATED,,
90224167,2016,2016-07-18,9730,2016-07-12,1615,019818,,2,2,4,2706,0,1,3,,1,022,"SR-1 NB","MUNRAS AVE",60.00,N,N,A,-,Y,,,1,,,,,,N,Y,3,0,3,3,A,-,03,22350,,N,C,C,A,A,H,-,A,D,0,,,,,Y,,A,01,0,1,2,0,0,0,0,0,0,"- ","- ",36.580480000000001,-121.90331999999999,MONTEREY,MONTEREY,-121.90337156,36.580566490000002
90224179,2016,2016-07-18,9730,2016-07-13,1425,017184,,3,2,9,2700,0,1,3,,1,014,SR-1,"COAST GALLERY (LAFLER CYN)",1056.00,N,N,A,-,Y,,,,,,,,,,Y,3,0,3,1,A,-,08,22107,,N,E,I,A,A,H,-,A,A,0,,,,,Y,,A,07,0,1,2,0,0,0,0,0,0,"- ","- ",,,MONTEREY,UNINCORPORATED,,
90224181,2016,2016-07-18,9730,2016-07-13,1510,019745,,3,2,9,2700,0,2,4,,1,075,"SAN JUAN RD","COREY RD",72.00,E,N,A,-,N,,,,,,,,,,Y,3,0,2,3,A,-,03,22350,,N,C,C,A,A,H,-,A,D,0,,,,Y,Y,,D,22,0,1,1,0,0,0,0,0,0,"- ","- ",36.857999999999997,-121.6463,MONTEREY,UNINCORPORATED,-121.64651866,36.858002429999999
90224218,2016,2016-07-18,9730,2016-07-11,0615,020391,,1,1,9,2700,0,3,5,,2,006,"SOUTH BOUNDARY RD","SOUTH PERIMETER RD",3168.00,W,N,A,B,N,,,,,,,,,,N,3,0,2,1,C,-,18,,,N,F,I,A,A,B,-,A,D,0,,,Y,,Y,,-,"- ",0,1,1,0,0,0,0,0,2,"- ","- ",36.583799999999997,-121.7714,MONTEREY,UNINCORPORATED,,
90224220,2016,2016-07-18,9730,2016-07-11,0925,020208,,1,1,9,2700,0,3,5,,2,006,"ESPINOSA ROAD",US-101,3000.00,W,N,A,-,Y,,,,,,,,,,Y,3,0,1,1,C,-,18,,,N,E,I,A,A,H,-,A,D,0,,,,,Y,,-,"- ",0,1,0,0,0,0,0,0,0,"- ","- ",36.441800000000001,-121.4015,MONTEREY,UNINCORPORATED,-121.66690699999999,36.737457120000002
90224645,2016,2016-07-18,9735,2016-06-27,1550,018069,,1,2,9,2700,0,3,5,,2,002,"NACIMIENTO LAKE DRIVE","JOLON ROAD",2112.00,S,N,A,-,N,,,,,,,,,,Y,1,1,0,2,A,-,05,21650,,N,A,C,A,A,H,-,A,D,0,,,Y,,Y,,C,02,0,0,0,0,0,0,0,1,0,"- ","- ",35.867449999999998,-120.83744,MONTEREY,UNINCORPORATED,-120.83720823,35.867815059999998