CASE_ID,ACCIDENT_YEAR,PROC_DATE,JURIS,COLLISION_DATE,COLLISION_TIME,OFFICER_ID,REPORTING_DISTRICT,DAY_OF_WEEK,CHP_SHIFT,POPULATION,CNTY_CITY_LOC,SPECIAL_COND,BEAT_TYPE,CHP_BEAT_TYPE,CITY_DIVISION_LAPD,CHP_BEAT_CLASS,BEAT_NUMBER,PRIMARY_RD,SECONDARY_RD,DISTANCE,DIRECTION,INTERSECTION,WEATHER_1,WEATHER_2,STATE_HWY_IND,CALTRANS_COUNTY,CALTRANS_DISTRICT,STATE_ROUTE,ROUTE_SUFFIX,POSTMILE_PREFIX,POSTMILE,LOCATION_TYPE,RAMP_INTERSECTION,SIDE_OF_HWY,TOW_AWAY,COLLISION_SEVERITY,NUMBER_KILLED,NUMBER_INJURED,PARTY_COUNT,PRIMARY_COLL_FACTOR,PCF_CODE_OF_VIOL,PCF_VIOL_CATEGORY,PCF_VIOLATION,PCF_VIOL_SUBSECTION,HIT_AND_RUN,TYPE_OF_COLLISION,MVIW,PED_ACTION,ROAD_SURFACE,ROAD_COND_1,ROAD_COND_2,LIGHTING,CONTROL_DEVICE,CHP_ROAD_TYPE,PEDESTRIAN_ACCIDENT,BICYCLE_ACCIDENT,MOTORCYCLE_ACCIDENT,TRUCK_ACCIDENT,NOT_PRIVATE_PROPERTY,ALCOHOL_INVOLVED,STWD_VEHTYPE_AT_FAULT,CHP_VEHTYPE_AT_FAULT,COUNT_SEVERE_INJ,COUNT_VISIBLE_INJ,COUNT_COMPLAINT_PAIN,COUNT_PED_KILLED,COUNT_PED_INJURED,COUNT_BICYCLIST_KILLED,COUNT_BICYCLIST_INJURED,COUNT_MC_KILLED,COUNT_MC_INJURED,PRIMARY_RAMP,SECONDARY_RAMP,LATITUDE,LONGITUDE,COUNTY,CITY,POINT_X,POINT_Y
90224718,2016,2016-07-18,9730,2016-07-09,1330,020208,,6,1,9,2700,0,1,3,,2,062,"SR-1 S/B","LIGHTFIGHTER DRIVE",5755.00,S,N,A,-,Y,,,,,,,,,,Y,4,0,1,3,A,-,03,22350,,F,C,C,A,A,H,-,A,D,0,,,,,Y,Y,A,07,0,0,1,0,0,0,0,0,0,"- ","- ",36.381500000000003,-121.49469999999999,MONTEREY,UNINCORPORATED,-121.83015219000001,36.637339279999999
90225329,2016,2016-07-19,9730,2016-07-12,1235,020208,,2,1,9,2700,0,1,3,,1,074,"SR-1 S/B","SALINAS ROAD",6178.00,N,N,A,-,Y,,,,,,,,,,Y,4,0,2,1,A,-,08,22107,,N,E,I,A,A,H,-,A,D,0,,,,,Y,,A,07,0,0,2,0,0,0,0,0,0,"- ","- ",36.531100000000002,-121.4622,MONTEREY,UNINCORPORATED,-121.77023,36.869869999999999
90225486,2016,2016-07-19,9735,2016-07-16,1620,018069,,6,2,9,2700,0,2,4,,2,010,"ARROYO SECO ROAD","CEDAR AVENUE",1056.00,S,N,A,-,N,,,,,,,,,,Y,3,0,2,1,A,-,08,22107,,N,E,I,A,A,H,-,A,D,0,,,,,Y,,A,01,0,1,1,0,0,0,0,0,0,"- ","- ",36.30142,-121.31228,MONTEREY,UNINCORPORATED,-121.31305544,36.301770400000002
90225658,2016,2016-07-19,9730,2016-07-18,1807,020990,,1,2,9,2700,0,2,4,,1,073,"SAN MIGUEL CANYON ROAD","NORTHWOOD PLACE",225.00,S,N,A,-,N,,,,,,,,,,Y,4,0,1,4,A,-,03,22350,,N,C,C,A,A,H,-,A,D,0,,,,,Y,,D,22,0,0,1,0,0,0,0,0,0,"- ","- ",,,MONTEREY,UNINCORPORATED,-121.67365647,36.812062910000002
90226090,2016,2016-11-23,9730,2016-06-04,2316,020990,,6,3,9,2700,0,1,3,,1,074,SR-1,"JENSEN ROAD",2798.00,S,N,A,-,Y,,,1,,,,,,,Y,1,2,4,3,A,-,05,21460,A,N,A,C,A,A,H,-,D,D,0,,,,,Y,,D,22,4,0,0,0,0,0,0,0,0,"- ","- ",36.845680000000002,-121.77119999999999,MONTEREY,UNINCORPORATED,-121.77115379,36.845680969999997
90226336,2016,2016-07-20,9735,2016-07-10,2118,020417,,7,2,9,2700,0,3,5,,2,001,"PINE CANYON RD. (45000 BLOCK)","ROYAL DR.",0.00,,Y,A,-,N,,,,,,,,,,Y,4,0,3,2,A,-,03,22350,,N,C,C,A,A,H,-,D,D,0,,,,,Y,,D,22,0,0,3,0,0,0,0,0,0,"- ","- ",36.183860000000003,-121.15046,MONTEREY,UNINCORPORATED,-121.15046999,36.183790109999997
90226381,2016,2016-07-20,9730,2016-07-14,2135,019818,,4,2,9,2700,0,1,2,,1,030,"US-101 SOUTHBOUND","ALTA ST",5808.00,N,N,A,-,Y,,,,,,,,,,Y,3,0,1,2,A,-,03,22350,,N,C,C,A,A,D,H,D,D,0,,,,Y,Y,,A,01,0,1,0,0,0,0,0,0,0,"- ","- ",36.5351,-121.49006,MONTEREY,UNINCORPORATED,,
90226394,2016,2016-07-20,9730,2016-07-15,1423,019745,,5,2,9,2700,0,1,2,,1,030,"US-101 (NORTHBOUND)","FRONT ST",2640.00,N,N,A,-,Y,,,101,,,,,,,Y,4,0,2,2,A,-,07,21658,A,N,B,C,A,A,H,-,A,D,0,,,,,Y,,A,01,0,0,2,0,0,0,0,0,0,"- ","- ",36.438899999999997,-121.3477,MONTEREY,UNINCORPORATED,-121.34777223,36.43878935
90226681,2016,2016-07-20,9730,2016-07-18,1830,017803,,1,2,9,2700,0,1,2,,1,030,"US 101 S/B","GLORIA RD O/C",300.00,S,N,A,-,Y,,,,,,,,,,Y,3,0,1,2,A,-,08,22107,,N,B,C,A,A,H,-,A,D,0,,,,,Y,,A,01,0,1,0,0,0,0,0,0,0,"- ","- ",36.491889999999998,-121.42704999999999,MONTEREY,UNINCORPORATED,-121.42706853999999,36.492615950000001
90226911,2016,2016-08-09,9730,2016-06-17,0410,020233,,5,3,9,2700,0,1,3,,1,066,SR-183,"COOPER ROAD",2323.00,S,N,B,-,Y,,,,,,,,,,Y,1,2,1,3,A,-,01,23152,A,N,A,C,A,A,H,-,D,D,0,,,,,Y,Y,A,07,1,0,0,0,0,0,0,0,0,"- ","- ",36.680750000000003,-121.61032,MONTEREY,UNINCORPORATED,,
90227027,2016,2016-07-20,9730,2016-07-18,0728,018543,,1,1,9,2700,0,1,3,,1,022,SR-1,"SPINDRIFT ROAD",100.00,S,N,B,-,Y,,,1,,,,,,,Y,3,0,1,1,A,-,08,22107,,N,F,I,A,A,H,-,A,D,0,,,,,Y,,D,22,0,1,0,0,0,0,0,0,0,"- ","- ",36.489139999999999,-121.93805999999999,MONTEREY,UNINCORPORATED,-121.93801782,36.489152130000001
90227520,2016,2016-07-21,9730,2016-07-19,1340,017502,,2,1,9,2700,0,1,3,,2,062,SR-1,"MESA  DRIVE",0.00,,Y,A,-,Y,,,,,,,,,,N,4,0,1,2,A,-,09,21802,A,N,D,C,A,A,H,-,A,D,0,,,,,Y,,A,01,0,0,1,0,0,0,0,0,0,"- ","- ",,,MONTEREY,UNINCORPORATED,-121.91054995,36.552070120000003
90227533,2016,2016-07-21,9730,2016-07-20,1310,017502,,3,1,9,2700,0,1,3,,1,022,SR-1,"CARPENTER STREET",200.00,S,N,A,-,Y,,,,,,,,,,N,4,0,2,3,A,-,03,22350,,N,C,C,A,A,H,-,A,D,0,,,,,Y,,D,22,0,0,2,0,0,0,0,0,0,"- ","- ",,,MONTEREY,UNINCORPORATED,-121.91292565000001,36.566430969999999
90228271,2016,2016-10-13,9735,2016-06-21,2118,019486,,2,2,9,2700,0,3,5,,2,002,"LOCKWOOD-JOLON RD","MARTINEZ RD",528.00,W,N,A,-,N,,,,,,,,,,Y,1,1,1,2,A,-,01,23152,A,F,A,C,A,A,H,-,D,D,0,,,,,Y,Y,D,22,0,1,0,0,0,0,0,0,0,"- ","- ",35.966290000000001,-121.10719,MONTEREY,UNINCORPORATED,-121.10141421,35.966225899999998
90229339,2016,2016-07-25,9735,2016-07-09,2130,020168,,6,2,3,2705,0,2,S,,2,901,"S. SAN LORENZO AVE","BASSETT ST",0.00,,Y,A,-,N,,,,,,,,,,N,4,0,1,2,A,-,09,21802,A,N,D,C,A,A,H,-,C,A,0,,,,,Y,,D,22,0,0,1,0,0,0,0,0,0,"- ","- ",,,MONTEREY,"KING CITY",-121.12964995,36.209810009999998
90229554,2016,2016-07-25,9730,2016-07-16,1510,019700,,6,2,9,2700,0,3,5,,2,006,"ABRAMS DRIVE","IMJIN PARKWAY",100.00,S,N,A,-,N,,,,,,,,,,N,4,0,1,2,A,-,08,22107,,N,B,G,A,A,H,-,A,D,0,,Y,,,Y,,L,04,0,0,1,0,0,0,1,0,0,"- ","- ",,,MONTEREY,UNINCORPORATED,-121.79361,36.663699999999999
90229559,2016,2016-08-23,9730,2016-07-19,2500,020903,,2,4,9,2700,0,1,3,,1,014,SR-1,"COAST RD",3696.00,N,N,A,-,Y,,,1,,,,,,,N,2,0,1,1,C,-,18,,,F,H,A,A,A,H,-,D,D,0,,,,,Y,,-,"- ",1,0,0,0,0,0,0,0,0,"- ","- ",36.290770000000002,-121.85733999999999,MONTEREY,UNINCORPORATED,-121.85728895,36.290874600000002
90229585,2016,2016-07-25,9730,2016-07-15,1450,020931,,5,2,9,2700,0,1,3,,2,062,"SR-1 N/B","SR-68 SALINAS",528.00,S,N,A,-,Y,,,,,,,,,,Y,4,0,1,3,A,-,07,21658,A,N,B,C,A,A,H,-,A,D,0,,,,,Y,,A,01,0,0,1,0,0,0,0,0,0,"- ","- ",,,MONTEREY,UNINCORPORATED,,
90229642,2016,2016-07-25,9730,2016-07-16,1715,020931,,6,2,9,2700,0,1,3,,1,022,SR-1,"SOBERANES POINT",2640.00,N,N,A,-,Y,,,1,,,,,,,Y,3,0,2,2,A,-,05,21460,A,N,D,C,A,A,H,-,A,D,0,,,Y,,Y,,C,02,0,2,0,0,0,0,0,0,1,"- ","- ",36.457320000000003,-121.92400000000001,MONTEREY,UNINCORPORATED,-121.92405831000001,36.457314459999999
90229700,2016,2016-07-25,9730,2016-07-17,1525,019700,,7,2,9,2700,0,3,5,,2,006,"SPEEGLE STREET","SEYMOUR STREET",0.00,,Y,A,-,N,,,,,,,,,,Y,4,0,2,2,A,-,12,22450,A,N,D,C,A,A,H,-,A,D,0,,,,,Y,,A,07,0,0,2,0,0,0,0,0,0,"- ","- ",,,MONTEREY,UNINCORPORATED,-121.75591996999999,36.769460100000003
90229804,2016,2016-07-25,9730,2016-07-20,1035,017184,,3,1,9,2700,0,3,5,,2,002,"LAURELES GRADE","OAK GLEN DR",200.00,N,N,A,-,N,,,,,,,,,,Y,4,0,1,1,C,-,18,,,N,H,A,A,A,H,-,A,D,0,,,,,Y,,-,"- ",0,0,1,0,0,0,0,0,0,"- ","- ",,,MONTEREY,UNINCORPORATED,-121.75392406,36.551108890000002
90229830,2016,2016-07-25,9730,2016-07-19,1015,020208,,2,1,9,2700,0,1,2,,1,030,"US-101 S/B","MPM 69",50.00,N,N,A,-,Y,,,,,,,,,,N,4,0,1,1,C,-,18,,,N,E,I,A,A,H,-,A,D,0,,,,,Y,,-,"- ",0,0,1,0,0,0,0,0,0,"- ","- ",36.292000000000002,-121.2527,MONTEREY,UNINCORPORATED,,
90229869,2016,2016-07-25,9730,2016-07-18,0448,019956,,1,3,9,2700,0,1,3,,1,066,SR-183,"SR-156 W/B ONRAMP",0.00,,Y,B,-,Y,,,183,,,,,,,Y,4,0,2,2,D,-,00,,,N,D,C,A,A,H,-,C,A,0,,,,,Y,,-,"- ",0,0,2,0,0,0,0,0,0,"- ","- ",36.761699999999998,-121.75264,MONTEREY,UNINCORPORATED,-121.75262657,36.761718270000003
90230804,2016,2016-07-26,9735,2016-07-11,0915,016696,,1,1,9,2700,0,3,5,,2,003,"ARROYO SECO ROAD","ELM AVENUE",15840.00,W,N,A,-,N,,,,,,,,,,Y,3,0,1,1,A,-,08,22107,,N,E,I,A,A,H,-,A,D,0,,,,,Y,,A,01,0,1,0,0,0,0,0,0,0,"- ","- ",36.267719999999997,-121.37244,MONTEREY,UNINCORPORATED,-121.36900756,36.266488950000003
90231196,2016,2016-07-27,9730,2016-07-07,1120,018350,,4,1,9,2700,0,1,3,,2,062,"SR-1 S/B","SR-68 (HOLMAN HWY)",40.00,N,N,A,-,Y,,,,,,,,,,Y,4,0,2,1,A,-,01,23152,E,N,E,I,A,A,H,-,A,A,0,,,,,Y,,A,01,0,0,2,0,0,0,0,0,0,"- ","- ",,,MONTEREY,UNINCORPORATED,-121.91233805,36.574897800000002
90231201,2016,2016-07-27,9730,2016-07-19,0020,020576,,2,3,9,2700,0,1,2,,1,030,US-101,"SPENCE ROAD",0.00,,Y,A,-,Y,,,101,,,,,,,Y,2,0,2,2,A,-,09,21802,A,N,D,C,A,A,H,-,D,A,0,,,,Y,Y,,G,25,1,0,1,0,0,0,0,0,0,"- ","- ",36.612960000000001,-121.56733,MONTEREY,UNINCORPORATED,-121.56738717,36.612881819999998
90231223,2016,2016-08-08,9730,2016-07-05,0635,020208,,2,1,9,2700,0,1,2,,1,030,"US-101 S/B","OLD STAGE ROAD",200.00,S,N,B,-,Y,,,,,,,,,,Y,4,0,2,2,A,-,03,22350,,N,C,C,A,A,H,-,A,D,0,,,,Y,Y,,A,01,0,0,2,0,0,0,0,0,0,"- ","- ",36.314300000000003,-121.282,MONTEREY,UNINCORPORATED,-121.46350038999999,36.52327614
90231355,2016,2016-07-27,9730,2016-07-22,0950,019956,,5,1,9,2700,0,1,3,,1,074,"DOLAN RD",SR-1,9.00,E,N,A,-,Y,,,,,,,,,,Y,4,0,1,2,A,-,03,22350,,N,C,C,A,A,H,-,A,A,0,,,,,Y,,D,22,0,0,1,0,0,0,0,0,0,"- ","- ",36.804290000000002,-121.78372,MONTEREY,UNINCORPORATED,-121.78378051,36.804082989999998
90231520,2016,2016-07-27,9730,2016-07-24,1245,017502,,7,1,9,2700,0,1,3,,1,022,SR-1,"RIBERA  ROAD",1584.00,S,N,A,-,Y,,,,,,,,,,Y,3,0,1,2,A,-,09,21801,A,N,B,C,A,A,H,-,A,D,0,,,,,Y,,A,01,0,1,0,0,0,0,0,0,0,"- ","- ",,,MONTEREY,UNINCORPORATED,-121.92297081,36.525822550000001
90231595,2016,2016-07-27,9730,2016-07-24,1445,020990,,7,2,9,2700,0,1,3,,1,072,SR-156,"MONTE DEL LAGO",1056.00,E,N,A,-,Y,,,156,,,,,,,Y,4,0,1,2,A,-,03,22350,,N,C,C,A,A,H,-,A,D,0,,,,,Y,,A,01,0,0,1,0,0,0,0,0,0,"- ","- ",36.772649999999999,-121.72868,MONTEREY,UNINCORPORATED,-121.72867848999999,36.772644980000003
90231688,2016,2016-07-27,9730,2016-07-24,1435,020514,,7,2,9,2700,0,2,4,,1,073,"SAN MIGUEL CANYON ROAD","HAMBEY LANE",41.00,S,N,A,-,N,,,,,,,,,,Y,2,0,7,3,A,-,01,23152,A,N,B,C,A,A,H,-,A,D,0,,,,,Y,Y,A,08,1,1,5,0,0,0,0,0,0,"- ","- ",36.837989999999998,-121.68384,MONTEREY,UNINCORPORATED,-121.6838662,36.838125990000002
90231708,2016,2016-07-27,9730,2016-07-24,0155,021009,,7,3,4,2706,0,1,3,,2,062,"SR-1 S/B","PALO VERDE AVE",1584.00,S,N,A,-,Y,,,,,,,,,,Y,2,0,1,1,A,-,01,23152,A,N,E,I,A,A,H,-,D,D,0,,,Y,,Y,Y,C,02,1,0,0,0,0,0,0,0,1,"- ","- ",36.595689999999998,-121.87018999999999,MONTEREY,MONTEREY,,
90231847,2016,2016-07-27,9730,2016-07-24,0700,017502,,7,1,9,2700,0,1,3,,1,068,SR-68,"LAGUNA SECA",50.00,E,N,A,-,Y,,,,,,,,,,Y,3,0,1,2,A,-,08,22107,,N,E,I,A,A,H,-,A,D,0,,,,,Y,,A,01,0,1,0,0,0,0,0,0,0,"- ","- ",,,MONTEREY,UNINCORPORATED,,
90232190,2016,2016-07-28,9730,2016-07-24,1520,020990,,7,2,9,2700,0,1,3,,1,072,SR-156,"MONTE DEL LAGO",1060.00,E,N,A,-,Y,,,156,,,,,,,Y,3,0,2,3,A,-,03,22350,,N,C,C,A,A,H,-,A,D,0,,,,,Y,,A,01,0,1,1,0,0,0,0,0,0,"- ","- ",36.772779999999997,-121.72817999999999,MONTEREY,UNINCORPORATED,-121.72818423,36.77279403
90232422,2016,2016-07-28,9730,2016-07-25,1040,016537,,1,1,9,2700,0,1,3,,1,068,SR-68,"FOSTER RD.",60.00,W,N,A,-,Y,,,68,,,,,,,Y,4,0,2,2,A,-,07,21658,A,N,B,C,A,A,H,-,A,D,0,,,,,Y,,D,22,0,0,2,0,0,0,0,0,0,"- ","- ",36.63653,-121.66719000000001,MONTEREY,UNINCORPORATED,-121.66725076,36.636554140000001
90232538,2016,2016-07-28,9730,2016-07-27,1420,017803,,3,2,9,2700,0,1,2,,1,030,"US 101 NB","FRONT ST OC",1056.00,N,N,B,-,Y,,,,,,,,,,Y,4,0,1,1,A,-,08,22107,,N,E,I,A,A,H,-,A,D,0,,,,,Y,,D,22,0,0,1,0,0,0,0,0,0,"- ","- ",36.433540000000001,-121.33826000000001,MONTEREY,UNINCORPORATED,,
90233468,2016,2016-07-29,9735,2016-04-19,0312,019486,,2,3,9,2700,0,1,2,,1,041,"U/S 101 SOUTHBOUND","HOBSON AVENUE",1056.00,S,N,A,-,Y,,,,,,,,,,Y,1,1,1,2,A,-,08,22107,,N,D,C,A,A,H,-,D,D,0,,,,,Y,,A,01,0,1,0,0,0,0,0,0,0,"- ","- ",36.273319999999998,-121.18375,MONTEREY,UNINCORPORATED,,
90234519,2016,2016-08-01,9730,2016-07-22,0730,019956,,5,1,9,2700,0,1,3,,1,066,"SPEEGLE ST",SR-183,0.00,,Y,A,-,Y,,,,,,,,,,N,4,0,1,2,A,-,09,21800,A,M,D,A,A,A,H,-,A,D,0,,,Y,,Y,,A,01,0,0,1,0,0,0,0,0,1,"- ","- ",36.766559999999998,-121.75935,MONTEREY,UNINCORPORATED,,
90234699,2016,2016-08-01,9730,2016-07-21,1755,020931,,4,2,9,2700,0,1,3,,1,024,"SR-68 (HOLMAN HWY.)",CHOMP,200.00,W,N,A,-,Y,,,68,,,,,,,N,4,0,1,4,A,-,03,22350,,N,C,C,A,A,H,-,A,D,0,,,,,Y,,A,01,0,0,1,0,0,0,0,0,0,"- ","- ",36.579650000000001,-121.91571,MONTEREY,UNINCORPORATED,-121.91567707999999,36.579687679999999
90234771,2016,2016-08-01,9730,2016-07-24,1212,020981,,7,1,9,2700,0,1,2,,1,050,"US-101 N/B","MARKET STREET",25.00,S,N,A,-,Y,,,,,,,,,,Y,4,0,2,4,A,-,03,22350,,N,C,C,A,A,H,-,A,D,0,,,,,Y,,A,07,0,0,2,0,0,0,0,0,0,"- ","- ",36.678269999999998,-121.64134,MONTEREY,UNINCORPORATED,-121.64118796,36.677592009999998
90234838,2016,2016-08-01,9730,2016-07-25,0847,020933,,1,1,9,2700,0,3,5,,2,007,"DOLAN ROAD",SR-1,6.00,E,N,B,-,N,,,,,,,,,,Y,3,0,1,2,A,-,03,22350,,N,C,C,A,A,H,-,A,A,0,,,,,Y,,A,01,0,1,0,0,0,0,0,0,0,"- ","- ",36.804119999999998,-121.78372,MONTEREY,UNINCORPORATED,-121.78379034,36.804085329999999
90234852,2016,2016-08-01,9730,2016-07-25,0723,019956,,1,1,9,2700,0,1,3,,2,062,"SR-1 S/B OFF RAMP TO FREMONT BLVD","FREMONT BLVD (SEASIDE)",300.00,N,N,B,-,Y,,,,,,,,,,N,3,0,1,2,A,-,03,22350,,M,C,C,A,A,H,-,A,D,0,,,,,Y,,D,22,0,1,0,0,0,0,0,0,0,"- ","- ",36.6248,-121.84114,MONTEREY,UNINCORPORATED,,
90234967,2016,2016-09-12,9730,2016-07-28,1445,018312,,4,2,9,2700,0,3,5,,2,003,"SILLMAN ROAD","SOLEDAD PRISON ROAD",5280.00,S,N,A,-,N,,,,,,,,,,Y,4,0,3,2,A,-,09,21804,A,N,A,C,A,A,H,-,A,D,0,,,,,Y,,A,01,0,0,3,0,0,0,0,0,0,"- ","- ",36.456389999999999,-121.37560999999999,MONTEREY,UNINCORPORATED,-121.37390197000001,36.455713320000001
90235303,2016,2016-08-02,9730,2016-07-18,0830,019956,,1,1,9,2700,0,1,3,,2,062,"SR-1 N/B","OLD GOLF COURSE RD",200.00,N,N,B,-,Y,,,1,,,,,,N,Y,4,0,2,4,A,-,16,24002,A,N,C,C,A,A,D,-,A,D,0,,,,,Y,,A,01,0,0,2,0,0,0,0,0,0,"- ","- ",36.593339999999998,-121.8763,MONTEREY,UNINCORPORATED,-121.87631288,36.593395899999997
90235432,2016,2016-08-02,9735,2016-07-27,1450,020036,,3,2,9,2700,0,3,5,,2,003,"SR-25 N/B","BITTERWATER RD",2640.00,S,N,A,-,Y,,,,,,,,,,Y,2,0,1,1,A,-,01,23152,A,N,F,A,A,A,H,-,A,D,0,,,Y,,Y,Y,C,02,1,0,0,0,0,0,0,0,1,"- ","- ",36.376069999999999,-120.99587,MONTEREY,UNINCORPORATED,,
90235461,2016,2016-08-02,9730,2016-07-28,1446,020841,,4,2,9,2700,0,2,4,,1,075,"SAN JUAN ROAD","TARPEY ROAD",2006.00,E,N,A,-,N,,,,,,,,,,Y,4,0,1,1,A,-,08,22107,,N,E,I,A,A,H,-,A,D,0,,,,,Y,,A,01,0,0,1,0,0,0,0,0,0,"- ","- ",36.51464,-121.39584000000001,MONTEREY,UNINCORPORATED,-121.66588697,36.873003820000001
90235578,2016,2016-08-02,9730,2016-07-29,0708,019956,,5,1,9,2700,0,1,3,,1,072,"CASTROVILLE BLVD",SR-156,20.00,N,N,B,-,Y,,,,,,,,,,N,4,0,1,2,A,-,03,22350,,N,C,C,A,A,H,-,A,A,0,,,,,Y,,A,01,0,0,1,0,0,0,0,0,0,"- ","- ",36.768560000000001,-121.74326000000001,MONTEREY,UNINCORPORATED,-121.74315549000001,36.768520979999998
90235709,2016,2016-08-02,9730,2016-07-30,1605,019700,,6,2,9,2700,0,1,3,,1,074,SR-1,"MOLERA ROAD",0.00,,Y,B,-,Y,,,,,,,,,,Y,4,0,2,2,A,-,09,21801,A,N,D,C,A,A,H,-,A,D,0,,,,,Y,,A,07,0,0,2,0,0,0,0,0,0,"- ","- ",,,MONTEREY,UNINCORPORATED,-121.77773995,36.780340080000002
90236280,2016,2016-08-29,9730,2016-07-15,1606,019981,,5,2,9,2700,0,2,4,,1,023,"CARMEL VALLEY ROAD","BROOKDALE DRIVE",0.00,,Y,A,-,N,,,,,,,,,,Y,3,0,1,2,A,-,09,21802,A,N,A,C,A,A,H,-,A,A,0,,,,,Y,,A,07,0,1,0,0,0,0,0,0,0,"- ","- ",,,MONTEREY,UNINCORPORATED,-121.85828997,36.536110110000003
90236290,2016,2016-08-03,9730,2016-07-26,1900,020208,,2,2,9,2700,0,2,4,,1,023,"CARMEL VALLEY ROAD","RANCHO SAN CARLOS ROAD",230.00,E,N,B,-,Y,,,,,,,,,,N,3,0,2,3,A,-,03,22350,,N,C,C,A,A,H,-,A,D,0,,,,,Y,,D,22,0,1,1,0,0,0,0,0,0,"- ","- ",36.322200000000002,-121.5211,MONTEREY,UNINCORPORATED,-121.8698309,36.539605549999997
90237286,2016,2016-08-04,9730,2016-07-27,1635,018820,,3,2,9,2700,0,3,5,,2,007,"PRUNEDALE N. RD.","SAN MIGUEL CYN ROAD",528.00,S,N,A,-,N,,,,,,,,,,Y,4,0,1,2,A,-,05,21460,A,N,B,C,A,A,H,-,A,D,0,,,,,Y,,A,01,0,0,1,0,0,0,0,0,0,"- ","- ",36.799950000000003,-121.66595,MONTEREY,UNINCORPORATED,-121.66618879000001,36.800248840000002
90237313,2016,2016-08-04,9730,2016-07-28,0435,020896,,4,3,9,2700,0,2,4,,1,075,"SAN JUAN RD","TARPEY RD",1056.00,E,N,B,-,N,,,,,,,,,,Y,3,0,1,1,C,-,18,,,N,H,H,A,A,H,-,D,D,0,,,,,Y,,-,"- ",0,1,0,0,0,0,0,0,0,"- ","- ",36.863109999999999,-121.66352000000001,MONTEREY,UNINCORPORATED,-121.66764332,36.87080838
90237481,2016,2016-08-04,9730,2016-07-23,2356,020065,,6,3,9,2700,0,1,2,,1,030,"US-101 S/B","GLORIA RD. O/C",2429.00,S,N,B,-,Y,,,101,,,,,,S,Y,3,0,2,4,A,-,03,22350,,M,C,C,A,A,H,-,D,D,0,,,,,Y,,A,07,0,1,1,0,0,0,0,0,0,"- ","- ",36.4878,-121.42267,MONTEREY,UNINCORPORATED,-121.42268233999999,36.487784939999997
90237510,2016,2016-08-04,9730,2016-07-28,1820,018820,,4,2,9,2700,0,3,5,,2,005,"SAN JUAN GRADE RD.","ROGGE RD.",0.00,,Y,A,-,N,,,,,,,,,,N,3,0,1,2,A,-,10,21950,A,N,G,B,B,A,H,-,A,D,0,Y,,,,Y,,D,22,0,1,0,0,1,0,0,0,0,"- ","- ",36.7346,-121.63722,MONTEREY,UNINCORPORATED,-121.63713993,36.734780090000001
90237656,2016,2016-08-04,9730,2016-07-29,0550,016537,,5,3,9,2700,0,1,2,,1,050,US-101,"SPENCE RD.",0.00,,Y,E,-,Y,,,101,,,,,,,Y,4,0,1,2,A,-,09,21801,A,N,D,C,A,A,H,-,A,D,0,,,,,Y,,A,01,0,0,1,0,0,0,0,0,0,"- ","- ",36.612650000000002,-121.56664000000001,MONTEREY,UNINCORPORATED,-121.56666288,36.612618849999997
90237696,2016,2016-08-04,9730,2016-08-01,1605,018820,,1,2,9,2700,0,3,5,,2,003,"FOLETTA RD.","BROOME RD.",1584.00,N,N,A,-,N,,,,,,,,,,Y,4,0,1,1,A,-,08,22107,,N,F,A,A,A,H,-,A,D,0,,,,,Y,,A,01,0,0,1,0,0,0,0,0,0,"- ","- ",36.557940000000002,-121.50753,MONTEREY,UNINCORPORATED,-121.50664578999999,36.55712278
90237860,2016,2016-08-04,9730,2016-07-29,1635,020841,,5,2,6,2708,0,1,2,,1,070,"US-101 S/B","DUNBARTON ROAD",988.00,N,N,A,-,Y,,,,,,,,,,Y,4,0,2,2,A,-,03,22350,,N,C,C,A,A,H,-,A,D,0,,,,,Y,,A,01,0,0,2,0,0,0,0,0,0,"- ","- ",36.505209999999998,-121.38928,MONTEREY,SALINAS,-121.635766,36.847806509999998
90238630,2016,2016-08-05,9735,2016-07-17,1315,019330,,7,1,9,2700,0,3,5,,2,003,"METZ RD","ELM AVE",3168.00,S,N,A,-,N,,,,,,,,,,Y,3,0,1,1,A,-,08,22107,,N,F,A,A,A,H,-,A,D,0,,,,,Y,,A,01,0,1,0,0,0,0,0,0,0,"- ","- ",36.334789999999998,-121.19019,MONTEREY,UNINCORPORATED,-121.1916964,36.335265049999997
90238871,2016,2016-08-08,9730,2016-07-28,2045,020990,,4,2,9,2700,0,3,5,,2,007,"ELKHORN ROAD","WALKER VALLEY ROAD",120.00,N,N,A,-,N,,,,,,,,,,Y,3,0,1,1,A,-,01,23152,A,N,E,I,A,A,H,-,D,D,0,,,,,Y,Y,A,01,0,1,0,0,0,0,0,0,0,"- ","- ",36.81514,-121.72073,MONTEREY,UNINCORPORATED,-121.72083551,36.81514275
90238872,2016,2016-08-08,9730,2016-08-02,1835,018820,,2,2,9,2700,0,1,2,,1,070,"US-101 N/B","BERTA CANYON RD.",75.00,S,N,A,-,Y,,,101,,,,,,N,N,4,0,1,2,A,-,01,23152,A,F,C,C,A,A,H,-,A,D,0,,,,,Y,Y,A,08,0,0,1,0,0,0,0,0,0,"- ","- ",36.787529999999997,-121.66789,MONTEREY,UNINCORPORATED,-121.66791738000001,36.78753554