CASE_ID,ACCIDENT_YEAR,PROC_DATE,JURIS,COLLISION_DATE,COLLISION_TIME,OFFICER_ID,REPORTING_DISTRICT,DAY_OF_WEEK,CHP_SHIFT,POPULATION,CNTY_CITY_LOC,SPECIAL_COND,BEAT_TYPE,CHP_BEAT_TYPE,CITY_DIVISION_LAPD,CHP_BEAT_CLASS,BEAT_NUMBER,PRIMARY_RD,SECONDARY_RD,DISTANCE,DIRECTION,INTERSECTION,WEATHER_1,WEATHER_2,STATE_HWY_IND,CALTRANS_COUNTY,CALTRANS_DISTRICT,STATE_ROUTE,ROUTE_SUFFIX,POSTMILE_PREFIX,POSTMILE,LOCATION_TYPE,RAMP_INTERSECTION,SIDE_OF_HWY,TOW_AWAY,COLLISION_SEVERITY,NUMBER_KILLED,NUMBER_INJURED,PARTY_COUNT,PRIMARY_COLL_FACTOR,PCF_CODE_OF_VIOL,PCF_VIOL_CATEGORY,PCF_VIOLATION,PCF_VIOL_SUBSECTION,HIT_AND_RUN,TYPE_OF_COLLISION,MVIW,PED_ACTION,ROAD_SURFACE,ROAD_COND_1,ROAD_COND_2,LIGHTING,CONTROL_DEVICE,CHP_ROAD_TYPE,PEDESTRIAN_ACCIDENT,BICYCLE_ACCIDENT,MOTORCYCLE_ACCIDENT,TRUCK_ACCIDENT,NOT_PRIVATE_PROPERTY,ALCOHOL_INVOLVED,STWD_VEHTYPE_AT_FAULT,CHP_VEHTYPE_AT_FAULT,COUNT_SEVERE_INJ,COUNT_VISIBLE_INJ,COUNT_COMPLAINT_PAIN,COUNT_PED_KILLED,COUNT_PED_INJURED,COUNT_BICYCLIST_KILLED,COUNT_BICYCLIST_INJURED,COUNT_MC_KILLED,COUNT_MC_INJURED,PRIMARY_RAMP,SECONDARY_RAMP,LATITUDE,LONGITUDE,COUNTY,CITY,POINT_X,POINT_Y
90238969,2016,2016-08-08,9730,2016-07-31,1105,019956,,7,1,9,2700,0,3,5,,2,002,"LAURELES GRADE","RINCONADA DR",2640.00,S,N,A,-,N,,,,,,,,,,Y,4,0,1,1,A,-,08,22107,,N,F,A,A,A,H,-,A,D,0,,,Y,,Y,,C,02,0,0,1,0,0,0,0,0,1,"- ","- ",36.532029999999999,-121.74945,MONTEREY,UNINCORPORATED,-121.74939888,36.531877399999999
90239040,2016,2016-08-08,9730,2016-07-30,2253,020933,,6,3,9,2700,0,1,3,,1,022,SR-1,"AURORA DEL MAR",7392.00,S,N,B,-,Y,,,1,,,,,,,Y,3,0,2,1,A,-,01,23152,A,N,E,I,A,A,H,-,D,D,0,,,,,Y,Y,A,01,0,2,0,0,0,0,0,0,0,"- ","- ",36.4634,-121.9267,MONTEREY,UNINCORPORATED,-121.92665694,36.463429679999997
90239102,2016,2016-08-08,9730,2016-07-20,1100,020931,,3,1,9,2700,0,1,3,,1,022,SR-1,"RIO ROAD",0.00,,Y,A,-,Y,,,,,,,,,,N,3,0,1,2,A,-,10,21950,A,F,G,B,B,A,H,-,A,D,0,Y,,,,Y,,A,01,0,1,0,0,1,0,0,0,0,"- ","- ",,,MONTEREY,UNINCORPORATED,-121.91023992,36.539410050000001
90239108,2016,2016-08-08,9730,2016-08-01,1230,019529,,1,1,9,2700,0,1,3,,1,068,"STATE ROUTE 68 EASTBOUND","PORTOLA DRIVE",800.00,E,N,B,-,Y,,,,,,,,,,Y,3,0,1,1,C,-,18,,,N,F,A,A,A,H,-,A,D,0,,,,,Y,,-,"- ",0,1,0,0,0,0,0,0,0,"- ","- ",,,MONTEREY,UNINCORPORATED,,
90239852,2016,2016-08-08,9730,2016-08-01,1545,020208,,1,2,9,2700,0,1,3,,1,024,"SR-68 (HOLMAN HWY)","SCENIC DRIVE",1580.00,W,N,B,-,Y,,,,,,,,,,N,4,0,1,3,A,-,03,22350,,N,C,C,A,A,H,-,A,D,0,,,,,Y,,E,22,0,0,1,0,0,0,0,0,0,"- ","- ",36.345199999999998,-121.55459999999999,MONTEREY,UNINCORPORATED,,
90239964,2016,2016-08-08,9730,2016-08-01,0825,014584,,1,1,9,2700,0,3,5,,2,003,"RIVER RD","PARKER RD",2112.00,S,N,A,-,N,,,,,,,,,,Y,3,0,1,1,A,-,08,22107,,M,E,I,A,A,H,-,A,D,0,,,,,Y,,A,07,0,1,0,0,0,0,0,0,0,"- ","- ",36.586620000000003,-121.60159,MONTEREY,UNINCORPORATED,-121.59946343999999,36.5847634
90240219,2016,2016-08-08,9730,2016-07-30,1815,020208,,6,2,9,2700,0,3,5,,2,006,"RESERVATION ROAD","EAST GARRISON ROAD",370.00,E,N,B,-,N,,,,,,,,,,Y,3,0,2,2,A,-,03,22350,,N,D,C,A,A,H,-,A,D,0,,,,,Y,,A,01,0,1,1,0,0,0,0,0,0,"- ","- ",36.3917,-121.43470000000001,MONTEREY,UNINCORPORATED,-121.73139695,36.655778439999999
90240231,2016,2016-08-08,9730,2016-08-07,1850,020841,,7,2,6,2708,0,1,2,,1,070,"US-101 S/B TO BORONDA ROAD","BORONDA ROAD",29.00,N,N,A,-,Y,,,,,,,,,,Y,4,0,1,2,A,-,03,22350,,N,C,C,A,A,H,-,A,A,0,,,,,Y,,A,07,0,0,1,0,0,0,0,0,0,"- ","- ",36.432070000000003,-121.39409000000001,MONTEREY,SALINAS,-121.65994782,36.722097640000001
90240471,2016,2016-08-09,9730,2016-08-03,2329,020576,,3,3,9,2700,0,3,5,,2,003,"FRONT STREET",US-101,1584.00,W,N,B,-,N,,,,,,,,,,Y,4,0,1,2,A,-,01,23152,F,M,C,C,A,A,D,-,D,D,0,,,,,Y,,A,01,0,0,1,0,0,0,0,0,0,"- ","- ",36.434489999999997,-121.34152,MONTEREY,UNINCORPORATED,-121.34156458,36.434466440000001
90240516,2016,2016-08-09,9730,2016-08-04,1300,014584,,4,1,9,2700,0,1,2,,1,030,"US101 N/B","MAIN ST O/C",528.00,N,N,A,-,Y,,,101,,,,,,N,Y,3,0,2,2,A,-,03,22350,,N,C,C,A,A,H,-,A,D,0,,,,,Y,,A,01,0,1,1,0,0,0,0,0,0,"- ","- ",36.571950000000001,-121.52049,MONTEREY,UNINCORPORATED,-121.52047718,36.571963449999998
90240527,2016,2016-08-09,9735,2016-08-03,1805,019486,,3,2,9,2700,0,1,2,,1,041,"US 101 N/B","JOLON ROAD U/C",528.00,S,N,A,-,N,,,,,,,,,,Y,4,0,1,1,A,-,08,22107,,N,E,I,A,A,H,-,A,D,0,,,,,Y,,A,01,0,0,1,0,0,0,0,0,0,"- ","- ",36.19829,-121.14637,MONTEREY,UNINCORPORATED,-121.14991122000001,36.197781599999999
90240567,2016,2016-08-09,9735,2016-08-08,0030,020057,,1,3,9,2700,0,1,3,,1,034,SR-198,"PINE VALLEY RD",1056.00,W,N,A,-,Y,,,198,,,,,,,Y,4,0,1,1,A,-,08,22107,,N,E,I,A,A,H,-,D,D,0,,,,,Y,,A,01,0,0,1,0,0,0,0,0,0,"- ","- ",36.166110000000003,-120.87173,MONTEREY,UNINCORPORATED,-120.8717346,36.166069489999998
90240604,2016,2016-08-09,9735,2016-08-05,2340,020168,,5,3,3,2704,0,1,2,,1,040,"US-101 S/B","WALNUT AVE.",250.00,N,N,B,-,Y,,,101,,,,,,S,Y,2,0,2,1,A,-,08,22107,,N,E,I,A,A,H,-,D,D,0,,,,,Y,Y,A,01,1,0,1,0,0,0,0,0,0,"- ","- ",36.329770000000003,-121.24467,MONTEREY,GREENFIELD,-121.24460920999999,36.329843750000002
90240800,2016,2016-08-09,9730,2016-08-05,0845,019745,,5,1,9,2700,0,2,4,,1,073,"HALL RD","WILLOW RD",0.00,,Y,B,-,N,,,,,,,,,,Y,3,0,1,2,A,-,09,21802,A,N,D,C,A,B,A,-,A,A,0,,,,,Y,,D,22,0,1,0,0,0,0,0,0,0,"- ","- ",36.865600000000001,-121.7347,MONTEREY,UNINCORPORATED,-121.73505991,36.865670090000002
90241341,2016,2016-08-09,9730,2016-08-06,1647,019700,,6,2,9,2700,0,1,3,,1,074,SR-1,"STRUVE ROAD",320.00,S,N,A,-,Y,,,,,,,,,,N,4,0,2,3,A,-,03,22350,,N,C,C,A,A,H,-,A,D,0,,,,,Y,,D,22,0,0,2,0,0,0,0,0,0,"- ","- ",36.492280000000001,-121.46517,MONTEREY,UNINCORPORATED,-121.78101601,36.82293808
90241799,2016,2016-08-10,9730,2016-07-28,0720,014584,,4,1,9,2700,0,1,2,,1,030,"US101 N/B",CTF,1056.00,N,N,E,-,Y,,,101,,,,,,N,Y,4,0,1,2,A,-,07,21658,A,N,B,C,A,A,H,-,A,D,0,,,,,Y,,A,01,0,0,1,0,0,0,0,0,0,"- ","- ",36.469540000000002,-121.39516,MONTEREY,UNINCORPORATED,-121.3952443,36.469408039999998
90242537,2016,2016-08-11,9735,2016-07-05,1625,019330,,2,2,9,2700,0,3,5,,2,004,"CATTLEMEN RD","RED HEAD CANYON RD",4752.00,S,N,A,-,N,,,,,,,,,,Y,1,1,2,1,A,-,08,22107,,N,F,A,A,A,H,-,A,D,0,,,,,Y,,A,07,0,1,1,0,0,0,0,0,0,"- ","- ",36.033810000000003,-120.90989,MONTEREY,UNINCORPORATED,-120.90961368000001,36.033227179999997
90243966,2016,2016-08-12,9735,2016-08-04,1900,019330,,4,2,9,2700,0,3,5,,2,002,"THOMPSON CANYON RD","CENTRAL AVE",528.00,S,N,A,-,N,,,,,,,,,,Y,2,0,1,1,A,-,08,22107,,N,E,I,A,A,H,-,A,D,0,,,,,Y,,D,22,1,0,0,0,0,0,0,0,0,"- ","- ",36.1357,-121.1032,MONTEREY,UNINCORPORATED,-121.17577393000001,36.232588280000002
90244192,2016,2016-08-15,9730,2016-08-04,1505,018820,,4,2,9,2700,0,1,2,,1,070,"US-101 SB","BLACKIE RD.",2112.00,N,N,B,-,Y,,,101,,,,,,S,Y,3,0,1,2,A,-,08,22107,,N,D,C,A,A,H,-,A,D,0,,,,,Y,,D,22,0,1,0,0,0,0,0,0,0,"- ","- ",36.779339999999998,-121.66967,MONTEREY,UNINCORPORATED,-121.66961341,36.77933711
90244193,2016,2016-08-15,9730,2016-08-05,1915,020621,,5,2,9,2700,0,3,5,,2,007,"PARADISE ROAD","WALKER VALLEY ROAD",420.00,E,N,B,-,N,,,,,,,,,,Y,3,0,1,1,A,-,01,23152,A,N,E,I,A,A,H,-,A,D,0,,,,,Y,Y,A,01,0,1,0,0,0,0,0,0,0,"- ","- ",36.806910000000002,-121.70357,MONTEREY,UNINCORPORATED,-121.70342805,36.805569460000001
90244233,2016,2016-08-15,9730,2016-08-06,1645,017184,,6,2,9,2700,0,1,3,,1,014,SR-1,"LOMA VISTA (SOUTH ENTRANCE)",40.00,N,N,A,-,Y,,,,,,,,,,N,3,0,1,2,A,-,17,22109,,N,C,C,A,A,H,-,A,D,0,,,,,Y,,A,01,0,1,0,0,0,0,0,0,0,"- ","- ",,,MONTEREY,UNINCORPORATED,,
90244237,2016,2016-08-15,9730,2016-08-07,1210,019956,,7,1,9,2700,0,1,2,,1,070,"US-101 N/B","BLACKIE RD",528.00,N,N,A,-,Y,,,101,,,,,,N,N,4,0,2,2,A,-,03,22350,,N,C,C,A,A,H,-,A,D,0,,,,,Y,,A,01,0,0,2,0,0,0,0,0,0,"- ","- ",36.766930000000002,-121.66833,MONTEREY,UNINCORPORATED,-121.66838761,36.766913279999997
90244238,2016,2016-08-15,9730,2016-08-07,0730,019529,,7,1,9,2700,0,1,3,,1,066,"STATE ROUTE 183 (MERRITT STREET)","PALM ST.",50.00,N,N,A,-,Y,,,,,,,,,,N,4,0,1,2,A,-,07,21658,A,N,C,C,A,A,H,-,A,D,0,,,,,Y,,A,01,0,0,1,0,0,0,0,0,0,"- ","- ",,,MONTEREY,UNINCORPORATED,,
90244277,2016,2016-08-15,9730,2016-08-09,1120,017580,,2,1,9,2700,0,1,2,,1,070,"US 101 N/B","REESE CIRCLE",2640.00,S,N,A,-,Y,,,,,,,,,,Y,4,0,1,4,A,-,03,22350,,N,C,C,A,A,H,-,A,D,0,,,,,Y,,A,01,0,0,1,0,0,0,0,0,0,"- ","- ",36.765450000000001,-121.66758,MONTEREY,UNINCORPORATED,-121.66895,36.769710000000003
90244278,2016,2016-08-15,9730,2016-08-10,1425,020208,,3,2,9,2700,0,1,2,,1,030,"US-101 S/B","JOHN STREET",1470.00,N,N,A,-,Y,,,,,,,,,,Y,4,0,2,2,A,-,03,22350,,N,C,C,A,A,H,-,A,D,0,,,,,Y,,A,01,0,0,2,0,0,0,0,0,0,"- ","- ",36.402799999999999,-121.3827,MONTEREY,UNINCORPORATED,-121.6408,36.674250000000001
90244369,2016,2016-08-15,9730,2016-08-10,1410,014584,,3,2,9,2700,0,3,5,,2,004,"OLD STAGE RD","WILLIAMS RD",4752.00,S,N,A,-,N,,,,,,,,,,Y,3,0,1,1,A,-,08,22107,,N,E,I,A,A,H,-,A,D,0,,,,,Y,,A,07,0,1,0,0,0,0,0,0,0,"- ","- ",36.689979999999998,-121.56844,MONTEREY,UNINCORPORATED,-121.56542609,36.687880219999997
90244382,2016,2016-08-15,9730,2016-08-12,1656,019700,,5,2,9,2700,0,1,3,,1,072,"SR-156 EASTBOUND",SR-183,920.00,W,N,A,-,Y,,,,,,,,,,Y,4,0,1,2,A,-,03,22350,,N,C,C,A,A,H,-,A,D,0,,,,,Y,,D,22,0,0,1,0,0,0,0,0,0,"- ","- ",36.453499999999998,-121.45171000000001,MONTEREY,UNINCORPORATED,,
90244386,2016,2016-08-15,9730,2016-08-12,1550,020514,,5,2,9,2700,0,1,2,,1,050,"US-101 S/B","JOHN ST",150.00,S,N,A,-,Y,,,,,,,,,,Y,4,0,3,3,A,-,03,22350,,N,C,C,A,A,H,-,A,D,0,,,,,Y,,A,08,0,0,3,0,0,0,0,0,0,"- ","- ",36.670250000000003,-121.63854000000001,MONTEREY,UNINCORPORATED,-121.63894188,36.670563889999997
90244935,2016,2016-08-15,9730,2016-08-13,1150,019529,,6,1,9,2700,0,3,5,,2,002,"CARMEL RANCHO BLVD.","CARMEL RANCHO SHOPPING CENTER",0.00,,Y,A,-,N,,,,,,,,,,Y,4,0,2,2,A,-,09,21801,A,N,A,C,A,A,H,-,A,A,0,,,,,Y,,A,01,0,0,2,0,0,0,0,0,0,"- ","- ",,,MONTEREY,UNINCORPORATED,,
90245400,2016,2016-08-16,9730,2016-08-13,0740,019956,,6,1,9,2700,0,1,3,,1,074,SR-1,SR-183,100.00,N,N,B,-,Y,,,1,,,,,,,Y,2,0,2,2,A,-,01,23152,A,N,A,C,A,A,H,-,A,D,0,,,,,Y,Y,D,22,1,1,0,0,0,0,0,0,0,"- ","- ",36.771059999999999,-121.76553,MONTEREY,UNINCORPORATED,-121.7655494,36.771046079999998
90245402,2016,2016-08-16,9730,2016-08-13,1400,020208,,6,2,9,2700,0,1,3,,2,062,"SR-1 S/B",SR-218,1200.00,N,N,A,-,Y,,,,,,,,,,Y,4,0,3,2,A,-,03,22350,,N,C,C,A,A,H,-,A,D,0,,,,,Y,,A,01,0,0,3,0,0,0,0,0,0,"- ","- ",36.364600000000003,-121.5115,MONTEREY,UNINCORPORATED,,
90245520,2016,2016-08-16,9730,2016-08-08,1830,015160,,1,2,9,2700,0,3,5,,2,007,"CASTROVILLE BLVD","DOLAN ROAD",187.00,S,N,A,-,N,,,,,,,,,,Y,4,0,1,2,A,-,01,23152,A,M,A,C,A,A,H,-,A,D,0,,,,,Y,Y,A,01,0,0,1,0,0,0,0,0,0,"- ","- ",,,MONTEREY,UNINCORPORATED,-121.7248436,36.796125840000002
90246120,2016,2016-08-16,9730,2016-08-15,0413,020981,,1,3,9,2700,0,3,5,,2,007,"ESPINOSA ROAD","RODGERS ROAD",1700.00,W,N,B,-,N,,,,,,,,,,Y,4,0,1,1,A,-,03,22350,,N,F,I,A,A,H,-,D,D,0,,,,,Y,,A,01,0,0,1,0,0,0,0,0,0,"- ","- ",36.746580000000002,-121.69754,MONTEREY,UNINCORPORATED,-121.69658865,36.746327299999997
90246130,2016,2016-08-16,9730,2016-08-15,1615,015160,,1,2,9,2700,0,3,5,,2,007,"JENSEN ROAD","HILLTOP ROAD",0.00,,Y,B,-,N,,,,,,,,,,Y,4,0,1,2,A,-,09,21801,A,N,A,C,A,A,H,-,A,D,0,,,,,Y,,A,01,0,0,1,0,0,0,0,0,0,"- ","- ",,,MONTEREY,UNINCORPORATED,,
90246398,2016,2016-08-17,9730,2016-08-05,1600,019818,,5,2,9,2700,0,1,2,,1,030,"US-101 S/B","MORANDA RD",3168.00,N,N,A,-,Y,,,101,,,,,,S,Y,4,0,2,3,A,-,03,22350,,N,C,C,A,A,D,-,A,D,0,,,,,Y,,A,01,0,0,2,0,0,0,0,0,0,"- ","- ",36.43721,-121.34574000000001,MONTEREY,UNINCORPORATED,-121.34570685,36.43726874
90246463,2016,2016-08-17,9730,2016-08-02,2319,017840,,2,3,9,2700,0,2,4,,1,023,"CARMEL VALLEY RD","COUNTRY CLUB DRIVE",528.00,E,N,A,-,N,,,,,,,,,,Y,2,0,1,1,A,-,01,23152,A,N,E,I,A,A,H,-,D,D,0,,,,,Y,Y,A,01,1,0,0,0,0,0,0,0,0,"- ","- ",,,MONTEREY,UNINCORPORATED,-121.74499714,36.492776390000003
90246513,2016,2016-08-17,9730,2016-08-11,1515,019818,,4,2,9,2700,0,1,3,,1,022,"SR-1 N/B","FLANDERS DR.",0.00,,Y,B,-,Y,,,1,,,,,,N,Y,4,0,1,2,A,-,09,21801,A,N,D,C,A,A,H,-,A,D,0,,,,,Y,,D,22,0,0,1,0,0,0,0,0,0,"- ","- ",36.557729999999999,-121.91135,MONTEREY,UNINCORPORATED,-121.91140221000001,36.557723019999997
90246578,2016,2016-08-17,9730,2016-08-12,1600,019818,,5,2,4,2706,0,1,3,,2,062,"SR-1 NB","CASA VERDE WY UC",200.00,N,N,B,-,Y,,,1,,,,,,N,N,4,0,1,2,A,-,04,21703,,N,C,C,A,A,H,-,A,D,0,,,,,Y,,A,01,0,0,1,0,0,0,0,0,0,"- ","- ",36.599350000000001,-121.86432000000001,MONTEREY,MONTEREY,-121.86414376,36.599197160000003
90246726,2016,2016-08-17,9735,2016-08-02,0530,016696,,2,3,9,2700,0,1,2,,1,040,"US 101 N/B","LOS COCHES ROAD",0.00,,Y,A,-,Y,,,,,,,,,,Y,3,0,3,2,A,-,09,21801,A,N,A,C,A,A,H,-,D,D,0,,,,,Y,,A,01,0,2,1,0,0,0,0,0,0,"- ","- ",36.366010000000003,-121.28010999999999,MONTEREY,UNINCORPORATED,,
90247785,2016,2016-08-18,9730,2016-08-08,2320,020677,,1,3,9,2700,0,1,3,,1,066,"SR-183 (MERRITT STREET)","SR-156 WESTBOUND",0.00,,Y,A,-,Y,,,183,,,,,,,Y,3,0,1,2,A,-,09,21453,C,N,D,C,A,A,H,-,C,A,0,,,,,Y,,A,01,0,1,0,0,0,0,0,0,0,"- ","- ",36.761710000000001,-121.75261,MONTEREY,UNINCORPORATED,-121.75261174000001,36.761707569999999
90247796,2016,2016-08-18,9730,2016-08-16,0645,014584,,2,1,9,2700,0,1,2,,1,030,"OLD STAGE RD","ASSOCIATED LN",2640.00,N,N,B,-,N,,,,,,,,,,Y,4,0,1,1,A,-,03,22350,,N,E,I,A,A,H,-,A,D,0,,,,,Y,,A,07,0,0,1,0,0,0,0,0,0,"- ","- ",36.529949999999999,-121.47262000000001,MONTEREY,UNINCORPORATED,-121.47271039,36.529922310000003
90247814,2016,2016-08-18,9730,2016-08-08,1450,018312,,1,2,9,2700,0,1,2,,1,030,"US 101 (NORTHBOUND)","5TH STREET",2112.00,S,N,A,-,Y,,,,,,,,,,Y,3,0,3,2,A,-,03,22350,,N,C,C,A,A,H,-,A,D,0,,,,,Y,,D,22,0,1,2,0,0,0,0,0,0,"- ","- ",36.505760000000002,-121.43367000000001,MONTEREY,UNINCORPORATED,-121.43496012999999,36.507839629999999
90249312,2016,2016-08-22,9730,2016-08-13,1445,020931,,6,2,9,2700,0,3,5,,2,003,"RIVER ROAD","CHULAR RIVER ROAD",6864.00,N,N,A,-,N,,,,,,,,,,Y,3,0,2,1,A,-,08,22107,,N,F,I,A,A,H,-,A,D,0,,,,,Y,,A,07,0,2,0,0,0,0,0,0,0,"- ","- ",,,MONTEREY,UNINCORPORATED,-121.56779176000001,36.567201390000001
90249334,2016,2016-08-22,9730,2016-08-12,0914,019956,,5,1,9,2700,0,1,3,,1,066,SR-183,"SALINAS ST",20.00,S,N,B,-,Y,,,183,,,,,,,Y,4,0,2,2,A,-,03,22350,,N,C,C,A,A,H,-,A,A,0,,,,,Y,,A,01,0,0,2,0,0,0,0,0,0,"- ","- ",36.761859999999999,-121.75288,MONTEREY,UNINCORPORATED,-121.75285876,36.761888900000002
90249504,2016,2016-08-22,9730,2016-08-17,1730,015160,,3,2,9,2700,0,1,3,,1,072,SR-156,"MERRITT STREET",250.00,E,N,A,-,Y,,,,,,,,,,N,4,0,1,3,A,-,07,21658,A,N,B,C,A,A,H,-,A,D,0,,,Y,,Y,,C,02,0,0,1,0,0,0,0,0,1,"- ","- ",,,MONTEREY,UNINCORPORATED,-121.75176729,36.761991899999998
90249510,2016,2016-08-22,9730,2016-08-04,0225,020677,,4,3,6,2708,0,1,2,,1,070,"US-101 S/B","CRAZY HORSE CANYON RD",120.00,N,N,E,-,Y,,,,,,,,,,Y,2,0,1,1,A,-,03,22350,,N,E,I,A,A,H,-,C,D,0,,,,,Y,,D,22,1,0,0,0,0,0,0,0,0,"- ","- ",36.81915,-121.63419,MONTEREY,SALINAS,-121.63285,36.818489999999997
90249630,2016,2016-08-22,9730,2016-08-17,1445,018820,,3,2,9,2700,0,1,2,,1,070,"US-101 N/B","DUNBARTON RD.",2112.00,N,N,A,-,Y,,,101,,,,,,N,N,4,0,2,4,A,-,03,22350,,M,C,C,A,A,H,-,A,D,0,,,,Y,Y,,G,27,0,0,2,0,0,0,0,0,0,"- ","- ",36.850499999999997,-121.63591,MONTEREY,UNINCORPORATED,-121.63586660999999,36.85048896
90249814,2016,2016-08-22,9730,2016-08-18,1730,020841,,4,2,6,2708,0,1,2,,1,050,"US-101 N/B","SANBORN ROAD",1426.00,N,N,A,-,Y,,,,,,,,,,Y,3,0,1,3,A,-,03,22350,,N,C,C,A,A,H,-,A,D,0,,,,,Y,,A,01,0,1,0,0,0,0,0,0,0,"- ","- ",36.405679999999997,-121.3758,MONTEREY,SALINAS,-121.6326079,36.668207819999999
90250001,2016,2016-08-22,9730,2016-08-19,1739,020621,,5,2,6,2708,0,1,2,,1,050,"US-101 N/B","MARKET ST. U/C",100.00,N,N,A,-,Y,,,101,,,,,,N,N,4,0,1,2,A,-,03,22350,,N,C,C,A,A,H,-,A,D,0,,,,,Y,,A,01,0,0,1,0,0,0,0,0,0,"- ","- ",36.678130000000003,-121.64125,MONTEREY,SALINAS,-121.64130199,36.67812069
90250343,2016,2016-08-23,9730,2016-08-17,0252,019934,,3,3,6,2708,0,1,2,,1,050,"US101 N/B TO KERN STREET","KERN STREET",125.00,W,N,A,-,Y,,,101,,,,R,,N,N,4,0,1,1,A,-,01,23152,A,N,E,I,A,A,H,-,D,D,0,,,,,Y,Y,A,07,0,0,1,0,0,0,0,0,0,"- ","- ",36.679389999999998,-121.64113,MONTEREY,SALINAS,-121.64113,36.679389999999998
90250378,2016,2016-08-23,9730,2016-08-19,2036,019700,,5,2,9,2700,0,1,3,,1,072,"SR-156 EASTBOUND","MONTE DEL LAGO",1584.00,E,N,A,-,Y,,,,,,,,,,Y,3,0,2,3,A,-,03,22350,,N,C,C,A,A,H,-,D,D,0,,,,Y,Y,,G,25,0,1,1,0,0,0,0,0,0,"- ","- ",36.462240000000001,-121.434,MONTEREY,UNINCORPORATED,-121.72855829,36.772686210000003
90250661,2016,2016-08-23,9730,2016-08-20,1725,020621,,6,2,9,2700,0,2,4,,1,073,"SAN MIGUEL CANYON ROAD","CASTROVILLE BLVD",0.00,,Y,B,-,N,,,,,,,,,,Y,3,0,2,2,A,-,09,21802,A,N,D,C,A,A,H,-,A,A,0,,,,,Y,,A,01,0,2,0,0,0,0,0,0,0,"- ","- ",36.808459999999997,-121.67204,MONTEREY,UNINCORPORATED,-121.67190992,36.808400069999998
90250720,2016,2016-08-23,9730,2016-08-20,1512,020621,,6,2,9,2700,0,2,4,,1,073,"SAN MIGUEL CANYON ROAD","WOODLAND HILL LANE",500.00,N,N,A,-,N,,,,,,,,,,N,4,0,1,2,A,-,03,22350,,N,C,C,A,A,H,-,A,D,0,,,,,Y,,A,07,0,0,1,0,0,0,0,0,0,"- ","- ",36.848230000000001,-121.69014,MONTEREY,UNINCORPORATED,-121.69005910999999,36.847953089999997
90251357,2016,2016-08-24,9735,2016-08-18,0435,020036,,4,3,9,2700,0,1,2,,2,043,"US-101 N/B","LOCKWOOD SAN LUCAS RD",693.00,N,N,A,-,Y,,,101,,,,,,N,Y,4,0,1,1,A,-,08,22107,,N,F,A,A,A,H,-,B,D,0,,,,,Y,,A,01,0,0,1,0,0,0,0,0,0,"- ","- ",36.095730000000003,-121.02388000000001,MONTEREY,UNINCORPORATED,-121.02367423,36.095898030000001
90251410,2016,2016-08-24,9730,2016-08-19,0355,020576,,5,3,9,2700,0,1,2,,1,070,"US-101 NORTHBOUND","RALPH LANE",200.00,N,N,B,-,Y,,,101,,,,,,N,Y,3,0,2,2,A,-,01,23153,A,N,C,C,A,A,H,-,D,D,0,,,,,Y,Y,D,22,0,1,1,0,0,0,0,0,0,"- ","- ",36.757919999999999,-121.66538,MONTEREY,UNINCORPORATED,-121.66553792000001,36.757868469999998
90251420,2016,2016-08-24,9730,2016-08-22,0757,012332,,1,1,9,2700,0,1,2,,1,070,US-101,"RALPH LN",2640.00,N,N,B,-,Y,,,,,,,,,,Y,4,0,1,2,A,-,03,22350,,N,C,C,A,A,H,-,A,D,0,,,,,Y,,A,01,0,0,1,0,0,0,0,0,0,"- ","- ",,,MONTEREY,UNINCORPORATED,-121.66726885999999,36.763409279999998
90251498,2016,2016-08-24,9730,2016-08-23,1310,017502,,2,1,9,2700,0,1,3,,2,062,"SR-1 S/B TO SR-68 HOLMAN HWY W/B","SR-68 HOLMAN HIGHWAY",150.00,N,N,B,-,Y,,,,,,,,,,Y,4,0,1,1,A,-,08,22107,,N,E,I,A,A,H,-,A,D,0,,,,,Y,,A,07,0,0,1,0,0,0,0,0,0,"- ","- ",,,MONTEREY,UNINCORPORATED,,
90251927,2016,2016-08-24,9730,2016-08-23,1535,018820,,2,2,9,2700,0,3,5,,2,005,"OLD STAGE RD.","HEBERT RD.",2112.00,N,N,A,-,N,,,,,,,,,,Y,4,0,1,2,A,-,03,22350,,N,A,C,A,A,H,-,A,D,0,,,,,Y,,A,01,0,0,1,0,0,0,0,0,0,"- ","- ",36.757800000000003,-121.60384999999999,MONTEREY,UNINCORPORATED,-121.60416974,36.757845840000002
90252144,2016,2016-08-24,9730,2016-08-22,1550,020903,,1,2,9,2700,0,1,3,,1,012,SR-1,"JULIA PFIEFFER BURNS PARK",34320.00,S,N,A,-,Y,,,,,,,,,,Y,4,0,1,1,A,-,08,22107,,N,E,I,A,A,H,-,A,D,0,,,,,Y,,A,01,0,0,1,0,0,0,0,0,0,"- ","- ",,,MONTEREY,UNINCORPORATED,,