CASE_ID,ACCIDENT_YEAR,PROC_DATE,JURIS,COLLISION_DATE,COLLISION_TIME,OFFICER_ID,REPORTING_DISTRICT,DAY_OF_WEEK,CHP_SHIFT,POPULATION,CNTY_CITY_LOC,SPECIAL_COND,BEAT_TYPE,CHP_BEAT_TYPE,CITY_DIVISION_LAPD,CHP_BEAT_CLASS,BEAT_NUMBER,PRIMARY_RD,SECONDARY_RD,DISTANCE,DIRECTION,INTERSECTION,WEATHER_1,WEATHER_2,STATE_HWY_IND,CALTRANS_COUNTY,CALTRANS_DISTRICT,STATE_ROUTE,ROUTE_SUFFIX,POSTMILE_PREFIX,POSTMILE,LOCATION_TYPE,RAMP_INTERSECTION,SIDE_OF_HWY,TOW_AWAY,COLLISION_SEVERITY,NUMBER_KILLED,NUMBER_INJURED,PARTY_COUNT,PRIMARY_COLL_FACTOR,PCF_CODE_OF_VIOL,PCF_VIOL_CATEGORY,PCF_VIOLATION,PCF_VIOL_SUBSECTION,HIT_AND_RUN,TYPE_OF_COLLISION,MVIW,PED_ACTION,ROAD_SURFACE,ROAD_COND_1,ROAD_COND_2,LIGHTING,CONTROL_DEVICE,CHP_ROAD_TYPE,PEDESTRIAN_ACCIDENT,BICYCLE_ACCIDENT,MOTORCYCLE_ACCIDENT,TRUCK_ACCIDENT,NOT_PRIVATE_PROPERTY,ALCOHOL_INVOLVED,STWD_VEHTYPE_AT_FAULT,CHP_VEHTYPE_AT_FAULT,COUNT_SEVERE_INJ,COUNT_VISIBLE_INJ,COUNT_COMPLAINT_PAIN,COUNT_PED_KILLED,COUNT_PED_INJURED,COUNT_BICYCLIST_KILLED,COUNT_BICYCLIST_INJURED,COUNT_MC_KILLED,COUNT_MC_INJURED,PRIMARY_RAMP,SECONDARY_RAMP,LATITUDE,LONGITUDE,COUNTY,CITY,POINT_X,POINT_Y
90255242,2016,2016-08-29,9730,2016-08-22,0330,020933,,1,3,9,2700,0,1,3,,2,062,"FREMONT BLVD TO SR-1 N/B","MONTEREY ROAD",30.00,N,N,A,-,Y,,,,,,,,,,Y,4,0,1,1,A,-,01,23152,A,N,E,I,A,A,H,-,C,A,0,,,,,Y,Y,A,01,0,0,1,0,0,0,0,0,0,"- ","- ",36.623840000000001,-121.84104000000001,MONTEREY,UNINCORPORATED,-121.8412417,36.623831879999997
90255258,2016,2016-08-29,9730,2016-08-24,1845,018820,,3,2,9,2700,0,3,5,,2,005,"ROGGE RD.","BOLLENBACHER DR.",62.00,E,N,A,-,N,,,,,,,,,,N,4,0,1,2,A,-,08,22107,,N,C,E,A,A,H,-,A,D,0,,,,,Y,,A,01,0,0,1,0,0,0,0,0,0,"- ","- ",36.732640000000004,-121.63334,MONTEREY,UNINCORPORATED,-121.63329456,36.732674760000002
90255261,2016,2016-08-29,9730,2016-08-25,1700,020841,,4,2,9,2700,0,2,4,,1,075,"SAN JUAN ROAD","MURPHY ROAD",0.00,,Y,B,-,N,,,,,,,,,,N,4,0,1,2,A,-,09,21802,A,N,D,C,A,A,H,-,A,A,0,,,,,Y,,D,22,0,0,1,0,0,0,0,0,0,"- ","- ",36.53472,-121.40343,MONTEREY,UNINCORPORATED,-121.67607999000001,36.896410070000002
90255267,2016,2016-08-29,9730,2016-08-25,1845,020841,,4,2,6,2708,0,1,2,,1,070,"US-101 S/B",SR-156,1214.00,N,N,B,-,Y,,,,,,,,,,Y,4,0,1,4,A,-,03,22350,,F,C,C,A,A,H,-,A,D,0,,,,,Y,,A,01,0,0,1,0,0,0,0,0,0,"- ","- ",36.473419999999997,-121.40106,MONTEREY,SALINAS,-121.66695472000001,36.792836389999998
90255270,2016,2016-08-29,9730,2016-08-25,2010,020841,,4,2,9,2700,0,1,3,,1,072,SR-156,"CATHEDRAL OAK ROAD",101.00,W,N,B,-,Y,,,,,,,,,,Y,4,0,3,3,A,-,03,22350,,N,C,C,A,A,H,-,D,D,0,,,,,Y,,A,07,0,0,3,0,0,0,0,0,0,"- ","- ",36.463540000000002,-121.46353999999999,MONTEREY,UNINCORPORATED,-121.71542238000001,36.77650131
90255273,2016,2016-08-29,9730,2016-08-25,0948,019745,,4,1,9,2700,0,1,3,,1,074,SR-1,"WATSONVILLE RD",300.00,N,N,B,-,Y,,,1,,,,,,,Y,3,0,3,2,A,-,05,21460,A,N,B,C,A,A,H,-,A,D,0,,,,,Y,,A,07,0,1,2,0,0,0,0,0,0,"- ","- ",36.777700000000003,-121.7743,MONTEREY,UNINCORPORATED,-121.7744046,36.777575820000003
90255280,2016,2016-08-29,9730,2016-08-25,1830,017184,,4,2,9,2700,0,1,3,,1,014,SR-1,"PALO COLORADO",1056.00,S,N,B,-,Y,,,,,,,,,,Y,4,0,1,2,A,-,09,21801,A,N,C,C,A,A,H,-,A,D,0,,,,,Y,,A,01,0,0,1,0,0,0,0,0,0,"- ","- ",,,MONTEREY,UNINCORPORATED,,
90255282,2016,2016-08-29,9730,2016-08-25,1305,017502,,4,1,4,2706,0,1,3,,2,062,"FREMONT STREET TO NB SR-1","AGUAJITO ROAD",120.00,E,N,B,-,Y,,,,,,,,,,Y,4,0,1,2,A,-,03,22350,,N,C,C,A,A,H,-,A,D,0,,,,,Y,,A,07,0,0,1,0,0,0,0,0,0,"- ","- ",,,MONTEREY,MONTEREY,-121.88213562,36.593527639999998
90255445,2016,2016-08-29,9730,2016-08-21,0100,021009,,7,3,9,2700,0,1,3,,1,012,SR-1,LUCIA,2640.00,N,N,A,-,Y,,,1,,,,,,,Y,4,0,1,1,A,-,08,22107,,N,E,I,A,A,H,-,D,D,0,,,,,Y,,A,01,0,0,1,0,0,0,0,0,0,"- ","- ",36.021210000000004,-121.56395000000001,MONTEREY,UNINCORPORATED,-121.56395598,36.021230459999998
90255577,2016,2016-08-29,9730,2016-08-19,2045,020931,,5,2,9,2700,0,2,4,,1,073,"SALINAS ROAD","LEWIS ROAD",125.00,S,N,B,-,N,,,,,,,,,,Y,3,0,1,2,A,-,03,22350,,N,C,C,A,A,H,-,C,D,0,,,Y,Y,Y,,C,02,0,1,0,0,0,0,0,0,1,"- ","- ",36.890520000000002,-121.74729000000001,MONTEREY,UNINCORPORATED,-121.74729938,36.890647000000001
90255651,2016,2016-08-29,9730,2016-08-22,2020,020621,,1,2,9,2700,0,1,2,,1,070,"US-101 S/B","SALA ROAD",2640.00,N,N,A,-,Y,,,,,,,,,,Y,3,0,1,2,A,-,01,23152,A,N,C,C,A,A,H,-,D,D,0,,,Y,,Y,Y,C,02,0,1,0,0,0,0,0,0,1,"- ","- ",36.452680000000001,-121.49476,MONTEREY,UNINCORPORATED,-121.66043000000001,36.74371
90255672,2016,2016-08-29,9730,2016-08-22,1146,012332,,1,1,9,2700,0,1,3,,1,072,SR-183,"CATHEDRAL OAK ROAD",528.00,E,N,A,-,Y,,,,,,,,,,Y,4,0,1,3,A,-,03,22350,,N,C,C,A,A,H,-,A,D,0,,,,,Y,,A,01,0,0,1,0,0,0,0,0,0,"- ","- ",,,MONTEREY,UNINCORPORATED,,
90255740,2016,2016-08-29,9730,2016-08-26,0852,017502,,5,1,1,2709,0,1,3,,2,062,"SR-1 S/B","TIOGA AVENUE O/C",300.00,S,N,B,-,Y,,,,,,,,,,N,4,0,2,2,A,-,03,22350,,N,C,C,A,A,H,-,A,D,0,,,,,Y,,A,01,0,0,2,0,0,0,0,0,0,"- ","- ",,,MONTEREY,"SAND CITY",-121.84945836,36.617154530000001
90255868,2016,2016-08-29,9730,2016-08-27,0619,019745,,6,1,9,2700,0,1,2,,1,070,"US-101 SOUTHBOUND TO BLACKIE RD",US-101,59.00,W,N,B,C,Y,,,101,,,,R,,S,Y,4,0,1,1,A,-,03,22350,,N,F,I,A,A,H,-,A,A,0,,,,,Y,,D,22,0,0,1,0,0,0,0,0,0,"- ","- ",36.779499999999999,-121.6696,MONTEREY,UNINCORPORATED,-121.6696,36.779499999999999
90256248,2016,2016-08-29,9730,2016-08-23,1805,015160,,2,2,9,2700,0,1,3,,1,074,SR-1,"MOSS LANDING ROAD",0.00,,Y,B,-,Y,,,,,,,,,,Y,4,0,1,2,A,-,03,22350,,N,C,C,A,A,H,-,A,D,0,,,,,Y,,A,08,0,0,1,0,0,0,0,0,0,"- ","- ",,,MONTEREY,UNINCORPORATED,-121.7836099,36.791040100000004
90256269,2016,2016-08-29,9730,2016-08-22,1210,014584,,1,1,9,2700,0,3,5,,2,003,"BLANCO RD","LA MESA DR",0.00,,N,A,-,N,,,,,,,,,,Y,3,0,2,2,A,-,07,21658,A,N,C,C,A,A,H,-,A,D,0,,,,Y,Y,,A,01,0,1,1,0,0,0,0,0,0,"- ","- ",36.652720000000002,-121.64687000000001,MONTEREY,UNINCORPORATED,-121.64704995,36.65263006
90256543,2016,2016-08-30,9730,2016-08-23,1605,019818,,2,2,9,2700,0,2,4,,1,073,"SAN MIGUEL CANYON RD","ECHO VALLEY RD",1056.00,E,N,A,-,N,,,,,,,,,,N,4,0,1,3,A,-,04,21703,,N,C,C,A,A,H,-,A,D,0,,,,,Y,,A,01,0,0,1,0,0,0,0,0,0,"- ","- ",36.818159999999999,-121.67299,MONTEREY,UNINCORPORATED,-121.67298039000001,36.81884161
90256549,2016,2016-08-30,9730,2016-08-24,0238,019127,,3,3,9,2700,0,3,5,,2,004,"OLD STAGE ROAD","WILLIAMS ROAD",2112.00,E,N,B,-,N,,,,,,,,,,Y,2,0,1,1,A,-,08,22107,,N,E,I,A,A,H,-,C,A,0,,,,,Y,,A,01,1,0,0,0,0,0,0,0,0,"- ","- ",36.69323,-121.56968000000001,MONTEREY,UNINCORPORATED,-121.57002847,36.693715079999997
90256739,2016,2016-08-30,9730,2016-08-25,1842,019818,,4,2,9,2700,0,2,4,,1,073,"SAN MIGUEL CANYON ROAD","CASTROVILLE BLVD",3168.00,W,N,A,-,N,,,,,,,,,,Y,4,0,1,2,A,-,03,22350,,N,C,C,A,A,H,-,B,D,0,,,,,Y,,A,01,0,0,1,0,0,0,0,0,0,"- ","- ",36.813200000000002,-121.67319999999999,MONTEREY,UNINCORPORATED,-121.6732323,36.816719769999999
90256757,2016,2016-08-30,9730,2016-06-14,1619,021268,,2,2,9,2700,0,1,S,,2,010,"SR-1 N/B","SALINAS ROAD",1625.00,N,N,A,-,Y,,,1,,,,,,N,Y,4,0,3,4,A,-,03,22350,,M,C,C,A,A,H,-,A,D,0,,,,,Y,,A,01,0,0,3,0,0,0,0,0,0,"- ","- ",36.873989999999999,-121.77021999999999,MONTEREY,UNINCORPORATED,-121.77044414,36.873990999999997
90256879,2016,2016-08-30,9730,2016-08-27,1540,020621,,6,2,6,2708,0,1,2,,1,050,"US-101 N/B","SHERWOOD DRIVE",550.00,S,N,A,-,Y,,,,,,,,,,Y,3,0,1,2,A,-,01,23152,A,M,B,C,A,A,H,-,A,D,0,,,,,Y,Y,A,01,0,1,0,0,0,0,0,0,0,"- ","- ",36.412520000000001,-121.38482,MONTEREY,SALINAS,-121.64677002000001,36.684063010000003
90256909,2016,2016-08-30,9730,2016-08-28,1545,020621,,7,2,9,2700,0,3,5,,2,004,"OLD STAGE ROAD","CHUALAR ROAD",0.00,,Y,A,-,N,,,,,,,,,,Y,3,0,2,2,A,-,09,21801,A,N,A,C,A,A,H,-,A,D,0,,,,,Y,,A,07,0,1,1,0,0,0,0,0,0,"- ","- ",36.581620000000001,-121.49812,MONTEREY,UNINCORPORATED,-121.49812996999999,36.58173008
90257286,2016,2016-08-30,9730,2016-07-21,1455,019818,,4,2,9,2700,0,1,3,,1,068,"SR-68 EASTBOUND","RESERVATION ROAD",1056.00,W,N,A,-,Y,,,68,,,,,,E,Y,1,1,1,5,A,-,03,22350,,N,C,C,A,A,D,-,A,D,0,,,,,Y,,A,01,0,0,1,0,0,0,0,0,0,"- ","- ",36.62256,-121.68424,MONTEREY,UNINCORPORATED,-121.68419965,36.622536609999997
90257338,2016,2016-08-30,9730,2016-08-25,0635,017580,,4,1,9,2700,0,2,4,,1,075,"SAN JUAN ROAD","CARPENTERIA ROAD",1584.00,W,N,B,-,N,,,,,,,,,,Y,3,0,1,2,A,-,05,21460,A,F,F,J,A,A,H,-,A,D,0,,,,,Y,,-,99,0,1,0,0,0,0,0,0,0,"- ","- ",36.86148,-121.65746,MONTEREY,UNINCORPORATED,-121.65842158,36.861864480000001
90257385,2016,2016-08-30,9730,2016-08-25,0715,017580,,4,1,9,2700,0,2,4,,1,075,"SAN JUAN ROAD","SALINAS ROAD",15.00,E,N,B,-,N,,,,,,,,,,N,3,0,1,2,A,-,03,22350,,N,C,C,A,A,H,-,A,D,0,,,,,Y,,A,07,0,1,0,0,0,0,0,0,0,"- ","- ",36.904499999999999,-121.74823000000001,MONTEREY,UNINCORPORATED,-121.74839871,36.904488690000001
90257584,2016,2016-08-31,9730,2016-08-20,1750,017184,,6,2,9,2700,0,1,3,,1,014,SR-1,"HURRICANE PT",3696.00,S,N,B,-,Y,,,1,,,,,,,Y,3,0,1,1,A,-,08,22107,,N,E,I,A,A,H,-,A,D,0,,,,,Y,,A,01,0,1,0,0,0,0,0,0,0,"- ","- ",36.347430000000003,-121.89579999999999,MONTEREY,UNINCORPORATED,-121.89584148,36.347376109999999
90257683,2016,2016-08-31,9730,2016-08-30,1450,019818,,2,2,9,2700,0,2,4,,1,023,"CARMEL VALLEY ROAD","VIA DEL CINCO RD",330.00,W,N,A,-,N,,,,,,,,,,N,4,0,1,2,A,-,03,22350,,N,C,C,A,A,H,-,A,D,0,,,,,Y,,D,22,0,0,1,0,0,0,0,0,0,"- ","- ",36.52908,-121.82452000000001,MONTEREY,UNINCORPORATED,-121.82370276,36.529056629999999
90259233,2016,2016-09-01,9730,2016-08-29,1301,021338,,1,1,9,2700,0,2,4,,1,073,"SAN MIGUEL CANYON ROAD","PARADISE ROAD",553.00,S,N,A,-,N,,,,,,,,,,Y,3,0,3,2,A,-,09,21804,A,N,B,C,A,A,H,-,A,D,0,,,,,Y,,A,01,0,1,2,0,0,0,0,0,0,"- ","- ",,,MONTEREY,UNINCORPORATED,-121.67506757,36.823782950000002
90260525,2016,2016-09-05,9730,2016-08-22,1734,019700,,1,2,9,2700,0,3,5,,2,006,"DEL MONTE BOULEVARD","LAPIS ROAD",0.00,,Y,A,-,N,,,,,,,,,,Y,2,0,3,2,A,-,01,23152,A,N,A,C,A,A,H,-,A,D,0,,,,,Y,Y,A,01,1,1,1,0,0,0,0,0,0,"- ","- ",36.432099999999998,-121.47179,MONTEREY,UNINCORPORATED,-121.78853986999999,36.705039999999997
90260528,2016,2016-09-05,9730,2016-08-25,1745,020841,,4,2,6,2708,0,1,2,,1,070,"US-101 N/B","REESE CIRCLE",1478.00,S,N,B,-,Y,,,,,,,,,,Y,4,0,1,2,A,-,03,22350,,N,C,C,A,A,H,-,A,D,0,,,,,Y,,A,07,0,0,1,0,0,0,0,0,0,"- ","- ",36.466329999999999,-121.40757000000001,MONTEREY,SALINAS,-121.66895,36.769710000000003
90260534,2016,2016-09-05,9730,2016-08-20,1240,018543,,6,1,9,2700,0,1,3,,1,072,SR-156,"OAK HILLS DRIVE",1584.00,E,N,A,-,Y,,,156,,,,,,,Y,2,0,2,2,A,-,03,22350,,N,C,C,A,A,H,-,A,D,0,,,Y,,Y,,C,02,1,1,0,0,0,0,0,0,2,"- ","- ",36.784590000000001,-121.68882000000001,MONTEREY,UNINCORPORATED,-121.68880175,36.784548479999998
90260539,2016,2016-09-05,9730,2016-08-27,2050,020841,,6,2,9,2700,0,1,3,,1,024,"SR-68 HOLMAN","AGUAJITO ROAD",80.00,N,N,B,-,Y,,,,,,,,,,Y,4,0,1,2,A,-,03,22350,,N,C,C,A,A,H,-,D,D,0,,,,,Y,,A,01,0,0,1,0,0,0,0,0,0,"- ","- ",36.342309999999998,-121.54407999999999,MONTEREY,UNINCORPORATED,,
90260551,2016,2016-09-05,9730,2016-08-22,0740,018543,,1,1,4,2706,0,1,3,,2,062,SR-1,"FREMONT MONTEREY",528.00,N,N,B,-,Y,,,,,,,,,,Y,4,0,2,4,A,-,03,22350,,N,C,C,A,A,H,-,A,D,0,,,,,Y,,A,07,0,0,2,0,0,0,0,0,0,"- ","- ",,,MONTEREY,MONTEREY,,
90260554,2016,2016-09-05,9730,2016-08-22,1135,018543,,1,1,9,2700,0,1,3,,1,072,"CATHEDRAL OAK RD",SR-156,0.00,,Y,A,-,Y,,,,,,,,,,Y,4,0,1,2,A,-,03,22350,,N,C,C,A,A,H,-,A,A,0,,,,,Y,,A,01,0,0,1,0,0,0,0,0,0,"- ","- ",,,MONTEREY,UNINCORPORATED,-121.71510000000001,36.776600100000003
90260608,2016,2016-09-05,9730,2016-09-02,1755,020841,,5,2,9,2700,0,3,5,,2,006,"S. DAVIS ROAD","HITCHCOCK ROAD",0.00,,Y,B,-,N,,,,,,,,,,Y,4,0,2,2,A,-,09,21802,A,N,D,C,A,A,H,-,A,A,0,,,,,Y,,A,01,0,0,2,0,0,0,0,0,0,"- ","- ",36.393129999999999,-121.4131,MONTEREY,UNINCORPORATED,-121.69199996,36.6587101
90260650,2016,2016-09-05,9730,2016-08-29,1739,020621,,1,2,9,2700,0,3,5,,2,005,"ESPINOSA ROAD","FOXWOOD LANE",3696.00,E,N,A,-,N,,,,,,,,,,Y,4,0,1,4,A,-,06,21755,,F,D,C,A,A,H,-,A,D,0,,,,,Y,,D,22,0,0,1,0,0,0,0,0,0,"- ","- ",36.442480000000003,-121.40375,MONTEREY,UNINCORPORATED,-121.67780440999999,36.74050312
90260674,2016,2016-09-05,9730,2016-09-02,2155,020841,,5,2,9,2700,0,2,4,,2,063,"E. BLANCO ROAD","LA MESA WAY",111.00,S,N,B,-,N,,,,,,,,,,Y,3,0,1,1,A,-,08,22107,,N,E,I,A,A,H,-,D,D,0,,,Y,,Y,,C,02,0,1,0,0,0,0,0,0,1,"- ","- ",36.399030000000003,-121.38477,MONTEREY,UNINCORPORATED,-121.64668679,36.652544300000002
90261585,2016,2016-09-06,9735,2016-08-22,0745,016696,,1,1,9,2700,0,3,5,,2,003,"ELM AVENUE","RELIZ CANYON ROAD",5280.00,E,N,A,-,N,,,,,,,,,,Y,3,0,2,1,A,-,08,22107,,N,E,I,A,A,H,-,A,D,0,,,,,Y,,A,01,0,1,1,0,0,0,0,0,0,"- ","- ",36.286299999999997,-121.29801999999999,MONTEREY,UNINCORPORATED,-121.29079087,36.289938800000002
90261600,2016,2016-09-06,9730,2016-08-29,1431,021359,,1,2,4,2706,0,1,3,,2,062,"RT 1","SR 68 (SALINAS)",2112.00,N,N,A,-,Y,,,,,,,,,,Y,4,0,1,2,A,-,03,22350,,N,C,C,A,A,H,-,A,D,0,,,,,Y,,A,07,0,0,1,0,0,0,0,0,0,"- ","- ",36.603110000000001,-121.86023,MONTEREY,MONTEREY,-121.90699777,36.57857929
90261604,2016,2016-09-06,9730,2016-08-30,0800,021359,,2,1,3,2712,0,1,3,,2,062,"RT 1","RESERVATION ROAD",528.00,N,N,A,-,Y,,,,,,,,,,Y,4,0,1,4,A,-,03,22350,,N,C,C,A,A,H,-,A,D,0,,,,,Y,,A,01,0,0,1,0,0,0,0,0,0,"- ","- ",,,MONTEREY,MARINA,-121.80428978,36.698168809999999
90261660,2016,2016-09-07,9730,2016-08-24,0130,017785,,3,3,4,2706,0,1,3,,2,062,"SR-1 NORTHBOUND","SOLEDAD DRIVE",438.00,S,N,A,-,Y,,,,,,,,,,Y,3,0,4,4,A,-,01,23152,A,N,E,I,A,A,H,-,D,D,0,,,,,Y,Y,A,01,0,1,3,0,0,0,0,0,0,"- ","- ",36.345219999999998,-121.54018000000001,MONTEREY,MONTEREY,-121.90096998,36.581629210000003
90261714,2016,2016-09-06,9735,2016-09-01,1257,017681,,4,1,9,2700,0,1,2,,1,040,"US-101 NORTHBOUND","HUDSON RD",1584.00,N,N,A,-,Y,,,101,,,,,,N,Y,4,0,1,1,A,-,08,22107,,N,E,I,A,A,D,-,A,D,0,,,,,Y,,A,08,0,0,1,0,0,0,0,0,0,"- ","- ",36.358510000000003,-121.27293,MONTEREY,UNINCORPORATED,-121.27296808,36.358474800000003
90261753,2016,2016-09-06,9730,2016-09-01,1800,020576,,4,2,9,2700,0,3,5,,2,004,"FRONT STREET",US-101,1056.00,W,N,A,-,N,,,,,,,,,,N,4,0,1,2,A,-,03,22350,,N,C,C,A,A,H,-,A,D,0,,,,,Y,,A,01,0,0,1,0,0,0,0,0,0,"- ","- ",36.772930000000002,-121.66954,MONTEREY,UNINCORPORATED,-121.34017218,36.433551039999998
90261840,2016,2016-09-06,9730,2016-09-03,0655,019569,,6,1,9,2700,0,2,4,,1,073,"SAN MIGUEL CANYON RD","LEWIS RD",2112.00,N,N,B,-,N,,,,,,,,,,Y,3,0,1,1,A,-,01,23152,A,N,E,I,A,A,H,-,A,D,0,,,,,Y,Y,D,22,0,1,0,0,0,0,0,0,0,"- ","- ",36.88156,-121.68214,MONTEREY,UNINCORPORATED,-121.68236813,36.881303899999999
90261939,2016,2016-09-06,9730,2016-09-04,2040,020933,,7,2,9,2700,0,1,3,,1,074,"SR-156 E/B","SR-183 OVERCROSSING",628.00,E,N,A,-,Y,,,156,,,,,,E,Y,4,0,1,3,A,-,03,22350,,N,C,C,A,A,H,-,D,D,0,,,,Y,Y,,G,25,0,0,1,0,0,0,0,0,0,"- ","- ",36.762709999999998,-121.75064,MONTEREY,UNINCORPORATED,-121.75065647,36.762726829999998
90262178,2016,2016-09-06,9730,2016-08-31,0842,021338,,3,1,9,2700,0,2,4,,1,073,"SAN MIGUEL CANYON ROAD","MORO ROAD",390.00,N,N,A,-,N,,,,,,,,,,N,4,0,3,4,A,-,03,22350,,F,C,C,A,A,H,-,A,D,0,,,,,Y,,A,01,0,0,3,0,0,0,0,0,0,"- ","- ",,,MONTEREY,UNINCORPORATED,-121.66732802999999,36.803622179999998
90262550,2016,2016-09-07,9735,2016-09-01,1725,019503,9735,4,2,9,2700,0,1,2,,1,040,"US-101 S/B","MAJOR FARMS",2640.00,S,N,A,G,Y,,,,,,,,,,Y,4,0,1,3,A,-,03,22350,,N,C,C,A,A,H,-,A,D,0,,,,,Y,,A,01,0,0,1,0,0,0,0,0,0,"- ","- ",36.35127,-121.12541,MONTEREY,UNINCORPORATED,,
90262591,2016,2016-09-07,9735,2016-09-02,1610,018069,,5,2,9,2700,0,1,2,,1,040,"US 101 N/B","THORNE ROAD",4224.00,N,N,A,-,Y,,,,,,,,,,Y,3,0,1,1,A,-,08,22107,,N,F,A,A,A,H,-,A,D,0,,,,,Y,,A,01,0,1,0,0,0,0,0,0,0,"- ","- ",36.347369999999998,-121.26279,MONTEREY,UNINCORPORATED,,
90262909,2016,2016-09-07,9730,2016-09-01,2330,019127,,4,3,9,2700,0,1,2,,1,070,"US-101 SOUTHBOUND","BLACKIE ROAD",0.00,,Y,A,-,Y,,,101,,,,,,S,Y,3,0,1,1,A,-,03,22350,,N,A,I,A,A,H,-,C,A,0,,,,,Y,,A,01,0,1,0,0,0,0,0,0,0,"- ","- ",36.772930000000002,-121.66954,MONTEREY,UNINCORPORATED,-121.6693362,36.772938609999997
90263050,2016,2016-09-07,9730,2016-09-07,0223,020576,,3,3,9,2700,0,3,5,,2,007,"CASTROVILLE BOULEVARD","COLLINS ROAD",0.00,,Y,E,-,N,,,,,,,,,,Y,4,0,2,1,A,-,03,22350,,N,E,I,A,A,H,-,D,D,0,,,,,Y,,A,07,0,0,2,0,0,0,0,0,0,"- ","- ",36.770020000000002,-121.74384999999999,MONTEREY,UNINCORPORATED,-121.74367991,36.769960050000002
90263387,2016,2016-09-07,9730,2016-08-30,1630,021396,,2,2,9,2700,0,1,3,,2,062,"NORTHBOUND SR-1","AGUAJITO ROAD",1056.00,N,N,A,-,Y,,,,,,,,,,Y,4,0,1,2,A,-,03,22350,,N,C,C,A,A,H,-,A,D,0,,,,,Y,,A,01,0,0,1,0,0,0,0,0,0,"- ","- ",36.591990000000003,-121.87938,MONTEREY,UNINCORPORATED,-121.87758525,36.593243180000002
90263407,2016,2016-09-07,9735,2016-08-31,2055,017292,,3,2,9,2700,0,2,4,,1,021,"JOLON ROAD","ARGYLE RD",1584.00,S,N,A,-,N,,,,,,,,,,Y,3,0,2,1,A,-,08,22107,,N,E,I,A,A,H,-,D,D,0,,,,,Y,,A,08,0,1,1,0,0,0,0,0,0,"- ","- ",36.020299999999999,-121.17827,MONTEREY,UNINCORPORATED,-121.17812761,36.020518320000001
90263718,2016,2016-09-08,9730,2016-09-03,2020,020970,,6,2,9,2700,0,1,2,,1,070,"US-101 NORTHBOUND","CRAZY HORSE CANYON ROAD",528.00,S,N,A,-,Y,,,,,,,,,,Y,4,0,1,2,A,-,03,22350,,N,C,C,A,A,H,-,D,D,0,,,,,Y,,A,07,0,0,1,0,0,0,0,0,0,"- ","- ",,,MONTEREY,UNINCORPORATED,-121.63436408,36.817566800000002
90263971,2016,2016-09-08,9730,2016-09-01,0335,017785,,4,3,9,2700,0,2,4,,1,073,"SAN MIGUEL CANYON ROAD","CASTROVILLE BOULEVARD",225.00,S,N,A,-,N,,,,,,,,,,Y,3,0,1,1,C,-,18,,,N,H,H,A,A,H,-,C,D,0,,,,,Y,,-,"- ",0,1,0,0,0,0,0,0,0,"- ","- ",36.807859999999998,-121.67104,MONTEREY,UNINCORPORATED,-121.67133988,36.807985369999997
90264383,2016,2016-09-08,9735,2016-09-06,0540,016816,,2,3,9,2700,0,1,2,,2,045,"US-101 S/B","JOLON RD. U/C",30.00,N,N,A,-,Y,,,101,,,,,,S,Y,4,0,1,1,A,-,08,22107,,N,E,I,A,A,H,-,D,D,0,,,,,Y,,A,01,0,0,1,0,0,0,0,0,0,"- ","- ",35.873860000000001,-120.83547,MONTEREY,UNINCORPORATED,-120.83556651000001,35.87375222
90264390,2016,2016-09-08,9735,2016-09-01,1400,018338,,4,2,9,2700,0,1,2,,1,040,"US-101 N/B","HUDSON RD",362.00,S,N,A,-,Y,,,101,,,,,,N,Y,3,0,1,1,A,-,08,22107,,N,F,A,A,A,H,-,A,D,0,,,,,Y,,A,01,0,1,0,0,0,0,0,0,0,"- ","- ",36.351610000000001,-121.26681000000001,MONTEREY,UNINCORPORATED,-121.26663804,36.351771409999998
90265186,2016,2016-09-12,9730,2016-09-02,2339,021009,,5,3,6,2708,0,1,2,,1,050,"US-101 S/B","MARKET STREET",2640.00,N,N,A,-,Y,,,101,,,,,,S,N,4,0,1,2,A,-,07,21658,A,N,B,C,A,A,H,-,D,D,0,,,,,Y,,A,07,0,0,1,0,0,0,0,0,0,"- ","- ",36.683889999999998,-121.64702,MONTEREY,SALINAS,-121.64698245,36.683963210000002
90265190,2016,2016-09-12,9730,2016-09-03,0559,021359,,6,3,9,2700,0,3,5,,2,005,"OLD STAGE ROAD","CHUALAR ROAD",2112.00,S,N,B,-,N,,,,,,,,,,Y,3,0,1,2,A,-,03,22350,,N,D,C,A,A,H,-,D,D,0,,,,Y,Y,,A,01,0,1,0,0,0,0,0,0,0,"- ","- ",,,MONTEREY,UNINCORPORATED,-121.49438464000001,36.576788800000003