CASE_ID,ACCIDENT_YEAR,PROC_DATE,JURIS,COLLISION_DATE,COLLISION_TIME,OFFICER_ID,REPORTING_DISTRICT,DAY_OF_WEEK,CHP_SHIFT,POPULATION,CNTY_CITY_LOC,SPECIAL_COND,BEAT_TYPE,CHP_BEAT_TYPE,CITY_DIVISION_LAPD,CHP_BEAT_CLASS,BEAT_NUMBER,PRIMARY_RD,SECONDARY_RD,DISTANCE,DIRECTION,INTERSECTION,WEATHER_1,WEATHER_2,STATE_HWY_IND,CALTRANS_COUNTY,CALTRANS_DISTRICT,STATE_ROUTE,ROUTE_SUFFIX,POSTMILE_PREFIX,POSTMILE,LOCATION_TYPE,RAMP_INTERSECTION,SIDE_OF_HWY,TOW_AWAY,COLLISION_SEVERITY,NUMBER_KILLED,NUMBER_INJURED,PARTY_COUNT,PRIMARY_COLL_FACTOR,PCF_CODE_OF_VIOL,PCF_VIOL_CATEGORY,PCF_VIOLATION,PCF_VIOL_SUBSECTION,HIT_AND_RUN,TYPE_OF_COLLISION,MVIW,PED_ACTION,ROAD_SURFACE,ROAD_COND_1,ROAD_COND_2,LIGHTING,CONTROL_DEVICE,CHP_ROAD_TYPE,PEDESTRIAN_ACCIDENT,BICYCLE_ACCIDENT,MOTORCYCLE_ACCIDENT,TRUCK_ACCIDENT,NOT_PRIVATE_PROPERTY,ALCOHOL_INVOLVED,STWD_VEHTYPE_AT_FAULT,CHP_VEHTYPE_AT_FAULT,COUNT_SEVERE_INJ,COUNT_VISIBLE_INJ,COUNT_COMPLAINT_PAIN,COUNT_PED_KILLED,COUNT_PED_INJURED,COUNT_BICYCLIST_KILLED,COUNT_BICYCLIST_INJURED,COUNT_MC_KILLED,COUNT_MC_INJURED,PRIMARY_RAMP,SECONDARY_RAMP,LATITUDE,LONGITUDE,COUNTY,CITY,POINT_X,POINT_Y
90265192,2016,2016-09-12,9730,2016-09-04,1155,021359,,7,1,9,2700,0,1,2,,1,070,"RT 101","CRAZY HORSE CANYON ROAD",8976.00,N,N,A,-,Y,,,101,,,,,,,N,3,0,1,2,A,-,07,21658,A,N,B,C,A,A,H,-,A,D,0,,,Y,,Y,,A,01,0,1,0,0,0,0,0,0,1,"- ","- ",36.841270000000002,-121.63287,MONTEREY,UNINCORPORATED,-121.63289276,36.841259710000003
90265250,2016,2016-09-19,9730,2016-09-04,2015,020931,,7,2,9,2700,0,1,3,,2,062,"SR-1 N/B","SR-68 SALINAS O/C",45.00,N,N,A,-,Y,,,,,,,,,,Y,4,0,1,1,A,-,08,22107,,N,E,I,A,A,H,-,C,D,0,,,,,Y,,A,01,0,0,1,0,0,0,0,0,0,"- ","- ",36.595199999999998,-121.86823,MONTEREY,UNINCORPORATED,,
90265266,2016,2016-09-12,9730,2016-09-07,1640,015160,,3,2,9,2700,0,1,3,,1,066,"MERRITT STREET (SR-183)","WALSH STREET",35.00,N,N,B,-,Y,,,,,,,,,,N,4,0,1,3,A,-,03,22350,,N,C,C,A,A,H,-,A,D,0,,,,,Y,,A,01,0,0,1,0,0,0,0,0,0,"- ","- ",,,MONTEREY,UNINCORPORATED,-121.74993832,36.759744769999998
90265450,2016,2016-09-12,9730,2016-09-05,0135,020677,,1,3,9,2700,0,3,5,,2,003,"MORANDA RD.","FRONT ST. U/C",1056.00,N,N,A,-,N,,,,,,,,,,Y,3,0,1,1,A,-,03,22350,,N,F,I,A,A,H,-,C,D,0,,,Y,,Y,,C,02,0,1,0,0,0,0,0,0,1,"- ","- ",36.434559999999998,-121.3373,MONTEREY,UNINCORPORATED,-121.33717215,36.434134899999997
90265518,2016,2016-09-12,9730,2016-09-08,0727,019569,,4,1,9,2700,0,1,3,,2,062,"SR-1 S/B","CASA VERDE WAY",528.00,N,N,A,-,Y,,,,,,,,,,Y,3,0,2,2,A,-,03,22350,,N,B,A,A,A,H,-,A,D,0,,,Y,,Y,,C,02,0,1,1,0,0,0,0,0,1,"- ","- ",,,MONTEREY,UNINCORPORATED,-121.86353808,36.600206849999999
90265729,2016,2016-09-12,9730,2016-09-10,1235,019745,,6,1,9,2700,0,1,3,,1,074,"SR-1 (S/B)","JENSEN RD",213.00,N,N,B,-,Y,,,1,,,,,,,N,4,0,1,2,A,-,03,22350,,N,C,C,A,A,H,-,A,D,0,,,,,Y,,A,01,0,0,1,0,0,0,0,0,0,"- ","- ",36.854500000000002,-121.7711,MONTEREY,UNINCORPORATED,-121.77109135000001,36.854499959999998
90265745,2016,2016-09-12,9730,2016-09-10,1530,020514,,6,2,9,2700,0,1,2,,1,050,"US-101 N/B","HARRIS ROAD",700.00,S,N,A,-,Y,,,101,,,,,,N,Y,4,0,1,1,C,-,18,,,N,F,I,A,A,H,-,A,D,0,,,,,Y,,-,"- ",0,0,1,0,0,0,0,0,0,"- ","- ",36.642270000000003,-121.60715,MONTEREY,UNINCORPORATED,-121.60718532,36.6422217
90266026,2016,2016-09-12,9730,2016-09-05,1320,018350,,1,1,9,2700,0,3,5,,2,006,"OLD STAGE ROAD","ZABALA ROAD",1584.00,N,N,A,-,N,,,,,,,,,,N,4,0,1,2,A,-,03,22350,,N,B,C,A,A,H,-,A,D,0,,,,,Y,,D,22,0,0,1,0,0,0,0,0,0,"- ","- ",36.668050000000001,-121.55116,MONTEREY,UNINCORPORATED,-121.55189102,36.669599679999997
90266338,2016,2016-09-13,9730,2016-09-05,1850,019818,,1,2,9,2700,0,1,3,,1,012,SR-1,"MPM 11.67",2112.00,N,N,A,-,Y,,,1,,,,,,,Y,3,0,1,1,A,-,01,23152,A,N,F,I,A,A,H,-,B,D,0,,,,,Y,Y,A,07,0,1,0,0,0,0,0,0,0,"- ","- ",35.900440000000003,-121.46271,MONTEREY,UNINCORPORATED,-121.46276895,35.900420349999997
90266365,2016,2016-09-13,9730,2016-09-08,1906,021407,,4,2,9,2700,0,1,3,,1,024,"SR-68  (HOLMAN HIGHWAY)","SKYLINE FOREST DRIVE",325.00,W,N,A,-,Y,,,68,,,,,,,Y,2,0,5,2,A,-,05,21460,A,N,A,C,A,A,H,-,B,D,0,,,,,Y,Y,A,07,3,1,1,0,0,0,0,0,0,"- ","- ",36.587449999999997,-121.91992999999999,MONTEREY,UNINCORPORATED,-121.91994318,36.587438159999998
90266495,2016,2016-09-13,9735,2016-08-31,0540,016696,,3,3,9,2700,0,1,2,,1,040,"US 101 S/B","ARROYO SECO ROAD",1320.00,N,N,A,-,Y,,,,,,,,,,Y,4,0,1,1,A,-,08,22107,,N,E,I,A,A,H,-,D,D,0,,,,,Y,,A,01,0,0,1,0,0,0,0,0,0,"- ","- ",36.407499999999999,-121.31559,MONTEREY,UNINCORPORATED,-121.31844506,36.406652659999999
90267058,2016,2016-09-13,9730,2016-09-10,2320,020576,,6,3,9,2700,0,3,5,,2,003,"CORRAL DE TIERRA ROAD",SR-68,15.00,S,N,B,-,N,,,,,,,,,,N,3,0,3,2,A,-,01,23152,A,N,C,C,A,A,H,-,D,A,0,,,,,Y,Y,D,22,0,1,2,0,0,0,0,0,0,"- ","- ",36.578440000000001,-121.72709,MONTEREY,UNINCORPORATED,,
90267395,2016,2016-09-14,9730,2016-09-07,2138,017785,,3,2,6,2708,0,1,2,,1,050,"US-101 NORTHBOUND","MARKET STREET",850.00,N,N,A,-,Y,,,,,,,,,,Y,3,0,2,2,A,-,07,21658,A,N,C,C,A,A,H,-,C,A,0,,,,,Y,,A,01,0,1,1,0,0,0,0,0,0,"- ","- ",36.680590000000002,-121.54214,MONTEREY,SALINAS,-121.64180476,36.679937369999998
90267402,2016,2016-09-14,9730,2016-09-08,1730,019818,,4,2,9,2700,0,3,5,,2,006,"BLANCO RD","DAVIS RD",3168.00,W,N,A,-,N,,,,,,,,,,N,4,0,1,2,A,-,03,22350,,N,C,C,A,A,H,-,A,D,0,,,,,Y,,A,01,0,0,1,0,0,0,0,0,0,"- ","- ",36.672159999999998,-121.69476,MONTEREY,UNINCORPORATED,-121.69400944,36.671726990000003
90267862,2016,2016-09-14,9735,2016-09-10,0710,019965,,6,1,9,2700,0,3,5,,2,004,"BRADLEY RD","HARE CANYON RD",6864.00,S,N,A,-,N,,,,,,,,,,Y,3,0,1,1,A,-,08,22107,,N,F,A,A,A,H,-,A,D,0,,,,,Y,,D,22,0,1,0,0,0,0,0,0,0,"- ","- ",35.85745,-120.56868,MONTEREY,UNINCORPORATED,-120.75434823000001,35.848200759999997
90268177,2016,2016-09-15,9730,2016-09-08,1745,019818,,4,2,9,2700,0,1,3,,1,068,"SR-68 EASTBOUND","LAURELES GRADE",1584.00,W,N,A,-,Y,,,68,,,,,,E,Y,4,0,1,3,A,-,03,22350,,N,C,C,A,A,H,-,A,D,0,,,,,Y,,A,01,0,0,1,0,0,0,0,0,0,"- ","- ",36.570349999999998,-121.76158,MONTEREY,UNINCORPORATED,-121.7615778,36.570393840000001
90268686,2016,2016-09-15,9730,2016-09-08,1254,014584,,4,1,9,2700,0,3,5,,2,004,"OLD STAGE RD","ASSOCIATED LN",1584.00,N,N,A,-,N,,,,,,,,,,Y,4,0,1,2,A,-,05,21460,A,N,A,D,A,A,H,-,A,D,0,,,,,Y,,A,01,0,0,1,0,0,0,0,0,0,"- ","- ",36.530369999999998,-121.47280000000001,MONTEREY,UNINCORPORATED,-121.47016707,36.527872250000001
90268688,2016,2016-09-15,9730,2016-09-14,0600,014584,,3,1,9,2700,0,1,2,,1,030,US101,"CAMPHORA RD",1056.00,S,N,A,-,Y,,,101,,,,,,,Y,3,0,1,1,A,-,08,22107,,N,E,I,A,A,H,-,D,D,0,,,,,Y,,D,22,0,1,0,0,0,0,0,0,0,"- ","- ",36.454549999999998,-121.37125,MONTEREY,UNINCORPORATED,-121.37121455,36.454603589999998
90269288,2016,2016-09-16,9735,2016-09-12,0609,016816,,1,1,9,2700,0,1,3,,1,034,"SR-198 W/B","FREEMAN FLAT RD.",11088.00,E,N,A,B,Y,,,198,,,,,,W,Y,2,0,3,1,A,-,03,22350,,N,E,I,A,A,H,-,D,D,0,,,,,Y,,M,58,2,0,1,0,0,0,0,0,0,"- ","- ",36.158320000000003,-120.98338,MONTEREY,UNINCORPORATED,-120.98339289,36.158397319999999
90269457,2016,2016-09-16,9735,2016-09-13,0430,020057,,2,3,9,2700,0,3,5,,2,003,"METZ ROAD (S/B)","ELM AVE",4224.00,N,N,A,-,N,,,,,,,,,,Y,4,0,1,1,C,-,18,,,N,F,A,A,D,B,-,C,D,0,,,,,Y,,-,"- ",0,0,1,0,0,0,0,0,0,"- ","- ",36.352629999999998,-121.20757,MONTEREY,UNINCORPORATED,-121.20432493,36.351081209999997
90269505,2016,2016-09-16,9730,2016-09-02,1814,021407,,5,2,9,2700,0,3,5,,2,007,"CASTROVILLE BLVD","PARADISE ROAD",237.00,E,N,A,-,N,,,,,,,,,,Y,2,0,1,1,A,-,08,22107,,N,E,I,A,A,H,-,A,D,0,,,,,Y,,A,01,1,0,0,0,0,0,0,0,0,"- ","- ",36.799370000000003,-121.69813000000001,MONTEREY,UNINCORPORATED,-121.69787931,36.799585350000001
90270050,2016,2016-09-19,9730,2016-09-10,2245,020677,,6,3,9,2700,0,1,3,,1,022,"SR-1 N/B","3RD AVE.",40.00,N,N,A,-,Y,,,1,,,,,,N,Y,3,0,1,1,A,-,01,23152,A,N,B,I,A,A,H,-,C,D,0,,,,,Y,Y,A,01,0,1,0,0,0,0,0,0,0,"- ","- ",36.559739999999998,-121.91175,MONTEREY,UNINCORPORATED,-121.91168681000001,36.559744209999998
90270107,2016,2016-09-19,9730,2016-09-11,2136,021407,,7,2,9,2700,0,1,2,,1,030,"US-101 NORTHBOUND","FRONT STREET UNDERCROSSING",3115.00,N,N,A,-,Y,,,101,,,,,,N,Y,3,0,3,5,A,-,01,23152,A,N,C,C,A,A,H,-,C,D,0,,,,,Y,Y,A,01,0,1,2,0,0,0,0,0,0,"- ","- ",36.437010000000001,-121.34466999999999,MONTEREY,UNINCORPORATED,-121.34468507,36.436974040000003
90270117,2016,2016-09-19,9730,2016-09-08,0055,019934,,4,3,9,2700,0,1,2,,1,030,"US-101 S/B","CTF O/C",500.00,S,N,A,-,Y,,,101,,,,,,S,Y,3,0,1,1,A,-,08,22107,,N,H,I,A,A,H,-,C,D,0,,,,,Y,,A,01,0,1,0,0,0,0,0,0,0,"- ","- ",36.462440000000001,-121.38437999999999,MONTEREY,UNINCORPORATED,-121.38424492999999,36.462593730000002
90270129,2016,2016-09-19,9730,2016-09-09,1210,016537,,5,1,9,2700,0,3,5,,2,003,"RIVER RD.","CHUALAR RIVER RD.",5280.00,N,N,A,-,N,,,,,,,,,,N,4,0,1,1,A,-,08,22107,,N,H,I,A,A,H,-,A,D,0,,,Y,,Y,,C,02,0,0,1,0,0,0,0,0,1,"- ","- ",36.567970000000003,-121.56847999999999,MONTEREY,UNINCORPORATED,-121.56415625,36.563999850000002
90270258,2016,2016-09-19,9730,2016-09-15,0839,019569,,4,1,9,2700,0,1,3,,2,062,SR-1,SR-218,528.00,S,N,A,-,Y,,,,,,,,,,N,4,0,1,2,A,-,03,22350,,N,C,C,A,A,H,-,A,D,0,,,Y,,Y,,C,02,0,0,1,0,0,0,0,0,1,"- ","- ",,,MONTEREY,UNINCORPORATED,,
90270385,2016,2016-09-19,9730,2016-09-16,0640,019529,,5,1,9,2700,0,3,5,,2,006,"DAVIS ROAD","FOSTER RD.",300.00,S,N,B,-,N,,,,,,,,,,Y,4,0,1,2,A,-,09,21801,A,F,D,C,A,A,H,-,A,D,0,,,Y,,Y,,-,99,0,0,1,0,0,0,0,0,1,"- ","- ",,,MONTEREY,UNINCORPORATED,-121.69859283,36.650938349999997
90270597,2016,2016-09-19,9735,2016-09-04,2200,020417,,7,3,9,2700,0,1,2,,1,040,"US-101 S/B","SOUTHERN GREENFIELD O/C",1056.00,S,N,B,-,Y,,,101,,,,,,S,Y,4,0,2,2,A,-,08,22107,,N,D,C,A,A,H,-,D,D,0,,,,,Y,,D,22,0,0,2,0,0,0,0,0,0,"- ","- ",36.311349999999997,-121.23259,MONTEREY,UNINCORPORATED,-121.23259729999999,36.311344099999999
90270639,2016,2016-09-19,9735,2016-09-16,0815,017681,,5,1,9,2700,0,3,5,,2,003,"METZ RD","SPRECKELS RD",528.00,N,N,A,-,N,,,,,,,,,,Y,4,0,2,1,A,-,08,22107,,N,F,C,A,A,H,-,A,D,0,,,,,Y,,A,01,0,0,2,0,0,0,0,0,0,"- ","- ",36.289900000000003,-121.15339,MONTEREY,UNINCORPORATED,-121.14565574,36.269951519999999
90270773,2016,2016-09-19,9730,2016-09-11,1029,021359,,7,1,9,2700,0,2,4,,2,063,"BLANCO ROAD","ALISAL STREET",0.00,,Y,A,-,N,,,,,,,,,,Y,2,0,2,2,A,-,01,23152,A,N,D,C,A,A,H,-,A,A,0,,,,,Y,Y,A,07,1,0,1,0,0,0,0,0,0,"- ","- ",,,MONTEREY,UNINCORPORATED,-121.67816000000001,36.664090109999997
90271247,2016,2016-09-20,9735,2016-09-18,1925,019503,9735,7,2,9,2700,0,1,2,,1,040,"US 101 S/B","ARROYO SECO RD",5808.00,S,N,A,-,Y,,,,,,,,,,N,4,0,1,2,A,-,03,22350,,N,C,C,A,A,D,-,D,D,0,,,,,Y,,D,22,0,0,1,0,0,0,0,0,0,"- ","- ",36.384630000000001,-121.30242,MONTEREY,UNINCORPORATED,-121.3069134,36.389465940000001
90272089,2016,2016-09-20,9730,2016-09-18,1415,020931,,7,2,9,2700,0,3,5,,2,003,"RIVER ROAD","INDIAN SPRINGS ROAD",0.00,,Y,B,-,N,,,,,,,,,,Y,3,0,2,2,A,-,09,21802,A,N,B,C,A,A,H,-,A,D,0,,,,,Y,,A,07,0,1,1,0,0,0,0,0,0,"- ","- ",36.60145,-121.63356,MONTEREY,UNINCORPORATED,-121.6335199,36.601500020000003
90272354,2016,2017-02-13,9730,2016-09-12,1455,020208,,1,2,9,2700,0,1,3,,1,068,"SR-68 W/B","HITCHCOCK ROAD",20.00,E,N,B,-,Y,,,68,,,,,,W,Y,3,0,2,2,A,-,01,23152,F,N,C,C,A,A,H,-,A,A,0,,,,,Y,Y,A,01,0,1,1,0,0,0,0,0,0,"- ","- ",36.644599999999997,-121.6641,MONTEREY,UNINCORPORATED,-121.66422086,36.644647810000002
90272465,2016,2016-09-21,9730,2016-09-18,0530,019529,,7,3,9,2700,0,1,3,,2,062,"SR-1 NORTHBOUND TO SR-218",SR-218,300.00,S,N,A,-,Y,,,,,,,,,,Y,3,0,1,1,A,-,08,22107,,N,F,A,A,A,H,-,A,D,0,,,,,Y,,D,22,0,1,0,0,0,0,0,0,0,"- ","- ",,,MONTEREY,UNINCORPORATED,,
90272680,2016,2016-09-21,9730,2016-09-18,1035,018350,,7,1,9,2700,0,1,2,,1,070,"US-101 N/B",SR-156,1056.00,N,N,A,-,Y,,,101,,,,,,N,Y,2,0,3,3,A,-,03,22350,,N,D,C,A,A,H,-,A,D,0,,,Y,,Y,,A,07,2,1,0,0,0,0,0,0,3,"- ","- ",36.794110000000003,-121.6666,MONTEREY,UNINCORPORATED,-121.66653907,36.79409734
90275096,2016,2016-09-26,9730,2016-06-28,0610,018350,,2,1,9,2700,0,1,3,,1,066,SR-183,"SAN JON ROAD",0.00,,Y,B,-,Y,,,183,,,,,,,Y,1,1,1,2,A,-,09,21802,A,N,D,C,A,A,H,-,A,A,0,,,Y,,Y,,C,02,0,1,0,0,0,0,0,1,0,"- ","- ",36.703479999999999,-121.70731000000001,MONTEREY,UNINCORPORATED,-121.70735551,36.703436080000003
90275129,2016,2016-09-26,9730,2016-09-14,1212,021338,,3,1,9,2700,0,3,5,,2,004,"ALISAL ROAD","ZABALA ROAD",280.00,S,N,A,-,N,,,,,,,,,,Y,4,0,1,2,A,-,05,21460,A,N,B,C,A,A,H,-,A,D,0,,,,,Y,,A,01,0,0,1,0,0,0,0,0,0,"- ","- ",36.640680000000003,-121.57023,MONTEREY,UNINCORPORATED,-121.57073932999999,36.641095040000003
90275133,2016,2016-09-26,9730,2016-09-15,0740,019569,,4,1,9,2700,0,1,3,,2,062,SR-1,"LIGHTFIGHTER DR",528.00,S,N,A,-,Y,,,1,,,,,,,N,4,0,1,2,A,-,03,22350,,N,C,C,A,A,H,-,A,D,0,,,,,Y,,A,01,0,0,1,0,0,0,0,0,0,"- ","- ",36.644689999999997,-121.81931,MONTEREY,UNINCORPORATED,-121.81933463,36.64475676
90275138,2016,2016-09-26,9730,2016-09-15,0916,019569,,4,1,9,2700,0,1,3,,1,022,SR-1,"SR-68 (HOLMAN HWY)",1056.00,S,N,A,-,Y,,,1,,,,,,,Y,3,0,1,2,A,-,03,22350,,N,C,C,A,A,H,-,A,D,0,,,,,Y,,A,01,0,1,0,0,0,0,0,0,0,"- ","- ",36.573509999999999,-121.91302,MONTEREY,UNINCORPORATED,-121.91302122,36.57351036
90275146,2016,2016-09-26,9730,2016-09-17,0239,020990,,6,3,9,2700,0,3,5,,2,007,"ECHO VALLEY ROAD","VIA DEL SOL ROAD",90.00,E,N,B,-,N,,,,,,,,,,Y,3,0,1,1,A,-,01,23152,A,N,F,I,A,A,H,-,D,D,0,,,,,Y,Y,A,07,0,1,0,0,0,0,0,0,0,"- ","- ",36.828769999999999,-121.65036000000001,MONTEREY,UNINCORPORATED,-121.65038405999999,36.828732889999998
90275149,2016,2016-09-26,9730,2016-09-15,0600,021338,,4,1,2,2703,0,1,2,,1,030,"US-101 NORTHBOUND","GLORIA ROAD",500.00,N,N,A,-,Y,,,101,,,,,,N,Y,4,0,1,1,A,-,08,22107,,N,E,I,A,A,H,-,B,D,0,,,,,Y,,A,01,0,0,1,0,0,0,0,0,0,"- ","- ",36.495280000000001,-121.42822,MONTEREY,GONZALES,-121.42821442,36.495282789999997
90275156,2016,2016-10-03,9730,2016-09-15,1650,021396,,4,2,9,2700,0,1,3,,2,062,"SR-1 N/B","MUNRAS AVENUE O/C",307.00,S,N,A,-,Y,,,1,,,,,,N,Y,3,0,4,2,A,-,03,22350,,N,C,C,A,A,H,-,A,D,0,,,,,Y,,D,22,0,1,3,0,0,0,0,0,0,"- ","- ",36.579859999999996,-121.90452999999999,MONTEREY,UNINCORPORATED,-121.90452906,36.579858469999998
90275160,2016,2016-09-26,9730,2016-09-15,1718,021320,,4,2,9,2700,0,3,5,,2,003,"FRONT STREET","US-101 O/C",528.00,N,N,A,-,N,,,,,,,,,,Y,3,0,4,4,A,-,03,22350,,N,C,C,A,A,H,-,A,D,0,,,,,Y,,D,22,0,1,3,0,0,0,0,0,0,"- ","- ",36.4328,-121.33901,MONTEREY,UNINCORPORATED,-121.33877981000001,36.432635619999999
90275222,2016,2016-09-26,9730,2016-09-19,1705,019956,,1,2,9,2700,0,1,3,,2,062,"SR-1 N/B","MUNRAS AVE",100.00,S,N,A,-,Y,,,,,,,,,,Y,4,0,7,5,A,-,03,22350,,N,C,C,A,A,H,-,A,D,0,,,,,Y,,A,01,0,0,7,0,0,0,0,0,0,"- ","- ",36.581870000000002,-121.89986,MONTEREY,UNINCORPORATED,,
90275225,2016,2016-09-26,9730,2016-09-19,1115,019529,,1,1,9,2700,0,3,5,,2,007,"ELKHORN RD.","HUDSON LANDING RD.",10.00,N,N,A,-,N,,,,,,,,,,Y,4,0,2,2,A,-,03,22350,,N,C,C,A,A,H,-,A,D,0,,,,,Y,,A,01,0,0,2,0,0,0,0,0,0,"- ","- ",,,MONTEREY,UNINCORPORATED,-121.74614108999999,36.875501620000001
90275238,2016,2016-09-26,9730,2016-09-19,1210,018350,,1,1,9,2700,0,1,2,,1,070,"US-101 N/B","RALPH LANE",1584.00,N,N,A,-,Y,,,101,,,,,,N,N,4,0,1,2,A,-,03,22350,,N,C,C,A,A,D,-,A,D,0,,,,,Y,,D,22,0,0,1,0,0,0,0,0,0,"- ","- ",36.766950000000001,-121.66838,MONTEREY,UNINCORPORATED,-121.66839684999999,36.766945110000002
90275454,2016,2016-09-26,9730,2016-09-17,2010,019512,,6,2,9,2700,0,2,4,,1,075,"SAN JUAN ROAD","TARPEY ROAD",0.00,,Y,A,-,N,,,,,,,,,,Y,4,0,1,2,A,-,01,23152,A,N,D,C,A,A,H,-,D,A,0,,,,,Y,Y,A,01,0,0,1,0,0,0,0,0,0,"- ","- ",36.868009999999998,-121.66895,MONTEREY,UNINCORPORATED,-121.66877986999999,36.86810002
90275528,2016,2016-09-26,9730,2016-09-20,1551,021407,,2,2,9,2700,0,1,2,,1,070,"US-101 SOUTHBOUND","ESPINOSA ROAD",190.00,S,N,A,-,Y,,,,,,,,,,Y,3,0,1,2,A,-,07,21658,A,F,B,C,A,A,H,-,A,D,0,,,,,Y,,D,22,0,1,0,0,0,0,0,0,0,"- ","- ",37.733829999999998,-121.65724,MONTEREY,UNINCORPORATED,-121.65720887000001,36.734218630000001
90275818,2016,2016-09-26,9730,2016-09-22,0758,019569,,4,1,9,2700,0,1,3,,2,062,"SR-1 S/B","LIGHTFIGHTER DR",2112.00,S,N,A,-,Y,,,1,,,,,,S,Y,4,0,1,2,A,-,07,21658,,N,B,C,A,A,H,-,A,D,0,,,Y,,Y,,A,08,0,0,1,0,0,0,0,0,1,"- ","- ",36.644689999999997,-121.81931,MONTEREY,UNINCORPORATED,-121.81933463,36.64475676
90275874,2016,2016-09-26,9730,2016-09-23,1600,019818,,5,2,9,2700,0,1,3,,1,066,"SR-183 (MERRIT STREET)",SR-156,40.00,W,N,A,-,N,,,183,,,,,,,N,4,0,2,2,A,-,08,22107,,N,B,C,A,A,H,-,A,D,0,,,,,Y,,A,01,0,0,2,0,0,0,0,0,0,"- ","- ",36.76164,-121.75255,MONTEREY,UNINCORPORATED,-121.75253897,36.761655390000001
90276272,2016,2016-09-26,9730,2016-06-24,1834,020514,,5,2,9,2700,0,1,2,,1,030,"US-101 N/B","ESPERANZA ROAD",0.00,,Y,A,-,Y,,,101,,,,,,N,Y,1,1,3,2,A,-,01,23152,A,N,D,C,A,A,H,-,A,D,0,,,,,Y,Y,A,01,0,1,2,0,0,0,0,0,0,"- ","- ",36.589869999999998,-121.5394,MONTEREY,UNINCORPORATED,-121.5394185,36.589850970000001
90276618,2016,2016-09-27,9730,2016-09-14,1830,021320,SALIN,3,2,9,2700,0,1,2,,1,030,"US-101 NORTHBOUND","SPENCE ROAD",0.00,,Y,A,-,Y,,,101,,,,,,N,Y,4,0,1,2,A,-,09,21804,A,N,D,C,A,A,H,-,A,A,0,,,,,Y,,D,22,0,0,1,0,0,0,0,0,0,"- ","- ",36.612859999999998,-121.56701,MONTEREY,UNINCORPORATED,-121.56700339,36.612869000000003
90276987,2016,2016-09-27,9730,2016-09-24,1252,019745,,6,1,9,2700,0,1,3,,1,072,"SR-156 (W/B)","CATHEDRAL OAK RD",2640.00,W,N,A,-,Y,,,156,,,,,,,Y,4,0,3,2,A,-,03,22350,,N,C,C,A,A,H,-,A,D,0,,,,,Y,,A,01,0,0,3,0,0,0,0,0,0,"- ","- ",36.774099999999997,-121.72369999999999,MONTEREY,UNINCORPORATED,-121.72369804,36.774093200000003
90277329,2016,2016-09-27,9730,2016-09-26,2050,020065,,1,2,9,2700,0,1,2,,1,030,"US-101 S/B","MAIN ST. O/C (CHUALAR)",8448.00,S,N,A,-,Y,,,101,,,,,,S,Y,3,0,1,2,A,-,03,22350,,N,C,C,A,A,H,-,D,D,0,,,,,Y,,A,01,0,1,0,0,0,0,0,0,0,"- ","- ",36.551639999999999,-121.49966999999999,MONTEREY,UNINCORPORATED,-121.49970897999999,36.551591999999999
90277341,2016,2016-12-12,9730,2016-09-26,0650,018820,,1,1,9,2700,0,3,5,,2,007,"CRANE ST.","GEIL ST.",0.00,,Y,A,-,N,,,,,,,,,,Y,3,0,2,2,A,-,09,21802,A,N,D,C,A,A,H,-,A,A,0,,,,,Y,,A,08,0,2,0,0,0,0,0,0,0,"- ","- ",36.767420000000001,-121.75482,MONTEREY,UNINCORPORATED,-121.75485998000001,36.767390030000001
90277399,2016,2016-09-27,9730,2016-09-22,0805,018820,,4,1,9,2700,0,3,5,,2,007,"CIELO AZUL","CASTROVILLE BLVD.",0.00,,Y,A,-,N,,,,,,,,,,Y,3,0,3,2,A,-,09,21802,A,N,B,C,A,A,H,-,A,A,0,,,,,Y,,D,22,0,1,2,0,0,0,0,0,0,"- ","- ",36.772930000000002,-121.74146,MONTEREY,UNINCORPORATED,-121.74149992,36.772800099999998
90280891,2016,2016-09-30,9735,2016-09-14,0815,016696,,3,1,9,2700,0,3,5,,2,002,"ARROYO SECO ROAD","ELM AVE",0.00,,Y,A,-,N,,,,,,,,,,Y,4,0,1,2,A,-,09,21801,A,N,D,C,A,A,H,-,A,A,0,,,,,Y,,A,01,0,0,1,0,0,0,0,0,0,"- ","- ",36.283000000000001,-121.32062000000001,MONTEREY,UNINCORPORATED,-121.32632993,36.280210019999998
90280904,2016,2016-09-30,9735,2016-09-27,2000,020057,,2,2,9,2700,0,3,5,,2,003,"BITTERWATER RD","INDUSTRIAL WAY",528.00,E,N,A,-,N,,,,,,,,,,Y,4,0,2,1,A,-,08,22107,,N,E,A,A,A,H,-,D,D,0,,,,,Y,,D,22,0,0,2,0,0,0,0,0,0,"- ","- ",36.227179999999997,-121.11039,MONTEREY,UNINCORPORATED,-121.11075307,36.226846930000001