CASE_ID,ACCIDENT_YEAR,PROC_DATE,JURIS,COLLISION_DATE,COLLISION_TIME,OFFICER_ID,REPORTING_DISTRICT,DAY_OF_WEEK,CHP_SHIFT,POPULATION,CNTY_CITY_LOC,SPECIAL_COND,BEAT_TYPE,CHP_BEAT_TYPE,CITY_DIVISION_LAPD,CHP_BEAT_CLASS,BEAT_NUMBER,PRIMARY_RD,SECONDARY_RD,DISTANCE,DIRECTION,INTERSECTION,WEATHER_1,WEATHER_2,STATE_HWY_IND,CALTRANS_COUNTY,CALTRANS_DISTRICT,STATE_ROUTE,ROUTE_SUFFIX,POSTMILE_PREFIX,POSTMILE,LOCATION_TYPE,RAMP_INTERSECTION,SIDE_OF_HWY,TOW_AWAY,COLLISION_SEVERITY,NUMBER_KILLED,NUMBER_INJURED,PARTY_COUNT,PRIMARY_COLL_FACTOR,PCF_CODE_OF_VIOL,PCF_VIOL_CATEGORY,PCF_VIOLATION,PCF_VIOL_SUBSECTION,HIT_AND_RUN,TYPE_OF_COLLISION,MVIW,PED_ACTION,ROAD_SURFACE,ROAD_COND_1,ROAD_COND_2,LIGHTING,CONTROL_DEVICE,CHP_ROAD_TYPE,PEDESTRIAN_ACCIDENT,BICYCLE_ACCIDENT,MOTORCYCLE_ACCIDENT,TRUCK_ACCIDENT,NOT_PRIVATE_PROPERTY,ALCOHOL_INVOLVED,STWD_VEHTYPE_AT_FAULT,CHP_VEHTYPE_AT_FAULT,COUNT_SEVERE_INJ,COUNT_VISIBLE_INJ,COUNT_COMPLAINT_PAIN,COUNT_PED_KILLED,COUNT_PED_INJURED,COUNT_BICYCLIST_KILLED,COUNT_BICYCLIST_INJURED,COUNT_MC_KILLED,COUNT_MC_INJURED,PRIMARY_RAMP,SECONDARY_RAMP,LATITUDE,LONGITUDE,COUNTY,CITY,POINT_X,POINT_Y
90280929,2016,2016-09-30,9735,2016-09-28,1310,018338,,3,1,9,2700,0,1,2,,1,040,"US-101 NORTHBOUND","HUDSON RD",2112.00,N,N,A,-,Y,,,101,,,,,,N,Y,2,0,1,1,A,-,08,22107,,N,E,I,A,A,D,-,A,D,0,,,,,Y,,A,01,1,0,0,0,0,0,0,0,0,"- ","- ",36.3583,-121.27272000000001,MONTEREY,UNINCORPORATED,-121.27276667,36.358256869999998
90281394,2016,2016-10-03,9730,2016-09-15,0912,021338,,4,1,9,2700,0,2,4,,1,073,"SAN MIGUEL CANYON ROAD","CASTROLVILLE BLVD",500.00,N,N,A,-,N,,,,,,,,,,Y,3,0,2,2,A,-,21,22106,,N,D,C,A,A,H,-,A,D,0,,,,,Y,,A,01,0,1,1,0,0,0,0,0,0,"- ","- ",,,MONTEREY,UNINCORPORATED,,
90281396,2016,2016-10-03,9730,2016-09-17,1415,020208,,6,2,9,2700,0,1,3,,1,022,"SR-1 S/B","FREMONT BLVD.",300.00,N,N,A,-,Y,,,1,,,,,,S,Y,4,0,1,4,A,-,03,22350,,N,C,C,A,A,H,-,A,D,0,,,,,Y,,A,01,0,0,1,0,0,0,0,0,0,"- ","- ",36.625300000000003,-121.84010000000001,MONTEREY,UNINCORPORATED,-121.84019582000001,36.62541203
90281397,2016,2016-10-03,9730,2016-09-18,1800,020841,,7,2,9,2700,0,2,4,,1,073,"SALINAS ROAD","WERNER ROAD",1162.00,N,N,A,-,N,,,,,,,,,,Y,3,0,3,2,A,-,09,21801,A,N,A,C,A,A,H,-,A,A,0,,,,,Y,,A,01,0,2,1,0,0,0,0,0,0,"- ","- ",36.525590000000001,-121.44486999999999,MONTEREY,UNINCORPORATED,-121.74801838,36.87977162
90281400,2016,2016-10-03,9730,2016-09-19,0625,019529,,1,1,9,2700,0,3,5,,2,007,"CASTROVILLE BLVD.","MERIDIAN RD.",40.00,N,N,A,-,N,,,,,,,,,,Y,4,0,2,3,A,-,03,22350,,N,C,C,A,A,H,-,A,D,0,,,,,Y,,A,01,0,0,2,0,0,0,0,0,0,"- ","- ",36.474710000000002,-121.43631000000001,MONTEREY,UNINCORPORATED,-121.72751089,36.790925289999997
90281402,2016,2016-10-03,9730,2016-09-20,1015,019529,,2,1,9,2700,0,1,3,,1,024,"STATE ROUTE 68 (HOLMAN HIGHWAY)","STATE ROUTE 1",1000.00,E,N,A,-,Y,,,,,,,,,,N,4,0,1,2,A,-,03,22350,,F,C,C,A,A,H,-,A,D,0,,,,,Y,,-,99,0,0,1,0,0,0,0,0,0,"- ","- ",36.347020000000001,-121.54899,MONTEREY,UNINCORPORATED,-121.9127,36.573709999999998
90281404,2016,2016-10-03,9730,2016-09-22,1530,021320,,4,2,6,2708,0,1,2,,1,030,"US 101 S/B TO SR-146",SR-146,560.00,S,N,A,-,Y,,,,,,,,,,Y,3,0,2,2,A,-,01,23152,A,N,C,C,A,A,H,-,A,D,0,,,,,Y,Y,A,07,0,1,1,0,0,0,0,0,0,"- ","- ",36.417990000000003,-121.32286999999999,MONTEREY,SALINAS,,
90281430,2016,2016-10-03,9730,2016-09-22,1900,021396,,4,2,9,2700,0,3,5,,2,006,"BLANCO ROAD","COOPER ROAD",0.00,,Y,A,-,N,,,,,,,,,,Y,3,0,2,2,A,-,09,21801,A,N,D,C,A,A,H,-,B,D,0,,,,,Y,,D,22,0,1,1,0,0,0,0,0,0,"- ","- ",36.678710000000002,-121.73502999999999,MONTEREY,UNINCORPORATED,-121.73501997,36.678700050000003
90281432,2016,2016-10-03,9730,2016-09-25,1302,019745,,7,1,9,2700,0,3,5,,2,007,"PARADISE RD","CASTROVILLE BLVD",0.00,,Y,A,-,N,,,,,,,,,,Y,4,0,2,2,A,-,09,21801,A,N,D,C,A,A,H,-,A,A,0,,,,,Y,,A,07,0,0,2,0,0,0,0,0,0,"- ","- ",36.799300000000002,-121.6986,MONTEREY,UNINCORPORATED,-121.69849999,36.799170080000003
90281437,2016,2016-10-03,9730,2016-09-26,0630,019529,,1,1,9,2700,0,1,3,,2,062,"STATE ROUTE 183","WOOD STREET",0.00,,Y,A,-,Y,,,,,,,,,,Y,4,0,1,2,A,-,06,21755,,N,D,C,A,A,H,-,A,D,0,,,,,Y,,D,22,0,0,1,0,0,0,0,0,0,"- ","- ",36.456499999999998,-121.45077999999999,MONTEREY,UNINCORPORATED,,
90281454,2016,2016-10-03,9730,2016-09-26,2029,021320,,1,2,9,2700,0,1,2,,1,030,"US-101 (NORTHBOUND)","OLD STAGE ROAD",2640.00,S,N,A,-,Y,,,101,,,,,,,Y,4,0,2,1,A,-,08,22107,,N,E,I,A,A,D,-,D,D,0,,,,,Y,,A,01,0,0,2,0,0,0,0,0,0,"- ","- ",36.522539999999999,-121.45549,MONTEREY,UNINCORPORATED,-121.45549414,36.52250136
90281457,2016,2016-10-03,9730,2016-09-26,2500,021359,,1,4,9,2700,0,1,3,,1,074,"SR-1 NORTHBOUND","SALINAS RIVER BRIDGE",528.00,S,N,A,-,Y,,,1,,,,,,N,Y,3,0,1,1,A,-,08,22107,,N,F,A,A,A,H,-,D,D,0,,,Y,,Y,,C,02,0,1,0,0,0,0,0,0,1,"- ","- ",36.881300000000003,-121.77182999999999,MONTEREY,UNINCORPORATED,-121.77184938000001,36.881296769999999
90281470,2016,2016-10-03,9730,2016-09-27,0610,018350,,2,1,9,2700,0,2,4,,1,073,"SAN MIGUEL CANYON ROAD","MORO ROAD",150.00,E,N,A,-,N,,,,,,,,,,Y,4,0,1,3,A,-,03,22350,,N,C,C,A,A,H,-,B,A,0,,,,,Y,,A,07,0,0,1,0,0,0,0,0,0,"- ","- ",36.802349999999997,-121.66643000000001,MONTEREY,UNINCORPORATED,-121.6664553,36.802317180000003
90281496,2016,2016-10-03,9730,2016-09-29,1605,020621,,4,2,9,2700,0,1,3,,1,068,SR-68,"HITCHCOCK ROAD",2112.00,W,N,A,-,Y,,,,,,,,,,Y,4,0,1,1,A,-,08,22107,,N,E,I,A,A,H,-,A,D,0,,,,,Y,,A,01,0,0,1,0,0,0,0,0,0,"- ","- ",36.382300000000001,-121.39573,MONTEREY,UNINCORPORATED,,
90281505,2016,2016-10-03,9730,2016-09-30,0845,019529,,5,1,9,2700,0,1,3,,2,062,"STATE ROUTE 1 (SOUTHBOUND)","STATE ROUTE 68 (SALINAS)",500.00,S,N,B,-,Y,,,,,,,,,,Y,3,0,1,3,A,-,03,22350,,N,C,C,A,A,H,-,A,D,0,,,,,Y,,I,09,0,1,0,0,0,0,0,0,0,"- ","- ",36.35642,-121.52412,MONTEREY,UNINCORPORATED,-121.91301079,36.573524229999997
90281562,2016,2016-10-03,9730,2016-09-19,1745,020208,,1,2,9,2700,0,1,3,,2,062,"SR-1 N/B","MUNRAS AVENUE",250.00,S,N,A,-,Y,,,1,,,,,,N,N,4,0,1,2,A,-,03,22350,,N,C,C,A,A,H,-,A,D,0,,,,,Y,,A,01,0,0,1,0,0,0,0,0,0,"- ","- ",36.580100000000002,-121.9038,MONTEREY,UNINCORPORATED,-121.90389215,36.580249930000001
90281566,2016,2016-10-03,9730,2016-09-23,1030,019745,,5,1,9,2700,0,3,5,,2,007,"MOSS LANDING RD",SR-1,15.00,W,N,A,-,Y,,,,,,,,,,N,4,0,1,2,A,-,21,22106,,F,C,C,A,A,H,-,A,A,0,,,,,Y,,-,99,0,0,1,0,0,0,0,0,0,"- ","- ",36.799799999999998,-121.78319999999999,MONTEREY,UNINCORPORATED,-121.78364747000001,36.791068099999997
90281590,2016,2016-10-03,9730,2016-09-30,1110,019569,,5,1,9,2700,0,1,3,,1,072,SR-156,"OAK HILLS DR",1584.00,E,N,A,-,Y,,,156,,,,,,,Y,4,0,1,2,C,-,18,,,N,E,I,A,A,H,-,A,D,0,,,,,Y,,-,"- ",0,0,1,0,0,0,0,0,0,"- ","- ",36.78152,-121.69786000000001,MONTEREY,UNINCORPORATED,-121.69786556,36.781539309999999
90281604,2016,2016-10-03,9730,2016-09-30,1730,019818,,5,2,9,2700,0,1,3,,1,068,SR-68,"QUAIL RIDGE LN",1056.00,E,N,A,-,Y,,,68,,,,,,,Y,4,0,1,2,A,-,03,22350,,N,C,C,A,A,H,-,A,D,0,,,,,Y,,A,01,0,0,1,0,0,0,0,0,0,"- ","- ",36.571550000000002,-121.74405,MONTEREY,UNINCORPORATED,-121.74406535,36.57161662
90281653,2016,2016-10-03,9730,2016-09-17,1830,020208,,6,2,9,2700,0,1,3,,1,024,"MORSE DRIVE","SR-68 HOLMAN HIGHWAY",20.00,S,N,A,-,Y,,,,,,,,,,N,4,0,4,2,A,-,21,22106,,N,C,C,A,A,H,-,A,D,0,,,,,Y,,A,07,0,0,4,0,0,0,0,0,0,"- ","- ",36.3553,-121.553,MONTEREY,UNINCORPORATED,,
90281656,2016,2016-10-03,9730,2016-09-26,1650,020208,,1,2,9,2700,0,1,3,,1,022,"SR-1 N/B","FLANDERS DRIVE",0.00,,Y,A,-,Y,,,,,,,,,,Y,3,0,2,2,A,-,09,21801,A,N,D,C,A,A,H,-,A,D,0,,,,,Y,,A,01,0,2,0,0,0,0,0,0,0,"- ","- ",36.332700000000003,-121.5441,MONTEREY,UNINCORPORATED,-121.91142987000001,36.557760049999999
90281665,2016,2016-10-03,9730,2016-09-30,1400,020514,,5,2,9,2700,0,3,5,,2,003,"ABBOTT ST","HARRIS ROAD",8448.00,S,N,A,-,N,,,,,,,,,,Y,2,0,3,3,A,-,17,21701,,F,D,C,A,A,H,-,A,D,0,,,,Y,Y,,A,01,2,1,0,0,0,0,0,0,0,"- ","- ",36.628810000000001,-121.59054999999999,MONTEREY,UNINCORPORATED,-121.59076186,36.62901866
90281901,2016,2016-10-03,9730,2016-09-17,1650,020208,,6,2,9,2700,0,1,3,,1,024,"SR-68 (HOLMAN HIGHWAY)","SCENIC DRIVE OVERPASS",60.00,E,N,A,-,Y,,,,,,,,,,Y,3,0,1,1,A,-,01,23152,A,N,E,I,A,A,H,-,A,D,0,,,,,Y,Y,A,07,0,1,0,0,0,0,0,0,0,"- ","- ",36.351999999999997,-121.5518,MONTEREY,UNINCORPORATED,,
90282100,2016,2016-10-03,9730,2016-10-01,1114,019745,,6,1,9,2700,0,3,5,,2,003,"CORRAL DE TIERRA RD","ROBLEY RD",622.00,N,N,A,-,N,,,,,,,,,,Y,2,0,1,1,A,-,03,22350,,N,E,J,A,A,H,-,A,D,0,,,,,Y,,A,01,1,0,0,0,0,0,0,0,0,"- ","- ",36.551200000000001,-121.7319,MONTEREY,UNINCORPORATED,-121.73201125,36.551305739999997
90282515,2016,2016-10-06,9730,2016-09-27,1657,018820,,2,2,9,2700,0,1,2,,1,070,"US-101 S/B","TUSTIN ROAD",528.00,N,N,A,-,Y,,,101,,,,,,S,Y,3,0,1,2,A,-,08,22107,,N,E,I,A,A,H,-,A,D,0,,,,,Y,,A,01,0,1,0,0,0,0,0,0,0,"- ","- ",36.805329999999998,-121.65025,MONTEREY,UNINCORPORATED,-121.65025943000001,36.805344689999998
90284557,2016,2016-10-05,9730,2016-09-18,2010,020981,,7,2,9,2700,0,2,4,,1,073,"SAN MIGUEL CANYON ROAD","MORO ROAD",100.00,E,N,A,-,N,,,,,,,,,,Y,3,0,3,2,A,-,03,22350,,N,D,C,A,A,H,-,C,A,0,,,Y,,Y,Y,C,02,0,1,2,0,0,0,0,0,1,"- ","- ",36.802390000000003,-121.66645,MONTEREY,UNINCORPORATED,-121.66654517000001,36.802433980000004
90284577,2016,2016-10-05,9730,2016-09-26,1240,021359,,1,1,9,2700,0,2,4,,1,075,"SAN JUAN ROAD","MURPHY ROAD",2640.00,E,N,A,-,N,,,,,,,,,,Y,4,0,1,2,A,-,09,21804,A,N,D,C,A,A,H,-,A,D,0,,,,,Y,,A,01,0,0,1,0,0,0,0,0,0,"- ","- ",36.889510000000001,-121.66824,MONTEREY,UNINCORPORATED,-121.66999334,36.891056759999998
90284583,2016,2016-10-05,9730,2016-09-27,1643,021320,,2,2,9,2700,0,3,5,,2,005,"VIERRA CANYON ROAD","VIERRA KNOLLS DRIVE",528.00,E,N,A,-,Y,,,,,,,,,,Y,3,0,1,1,A,-,01,23152,A,N,F,A,A,A,H,-,A,D,0,,,,,Y,Y,A,07,0,1,0,0,0,0,0,0,0,"- ","- ",36.795380000000002,-121.65688,MONTEREY,UNINCORPORATED,-121.65758622,36.795131949999998
90284602,2016,2016-10-05,9730,2016-09-22,0945,018820,,4,1,9,2700,0,1,3,,1,074,"SR-1 S/B","SALINAS RD.",1056.00,S,N,A,-,Y,,,1,,,,,,S,Y,3,0,1,1,A,-,08,22107,,N,E,J,A,A,H,-,A,A,0,,,,,Y,,A,01,0,1,0,0,0,0,0,0,0,"- ","- ",36.865740000000002,-121.77105,MONTEREY,UNINCORPORATED,-121.77109261,36.865741319999998
90284760,2016,2016-10-05,9735,2016-10-02,1617,019800,,7,2,9,2700,0,1,3,,1,035,SR-198,"NORTH FORK RD",6864.00,E,N,A,-,Y,,,,,,,,,,Y,4,0,1,1,A,-,08,22107,,N,F,A,A,A,H,-,A,D,0,,,,,Y,,A,01,0,0,1,0,0,0,0,0,0,"- ","- ",36.182119999999998,-120.6956,MONTEREY,UNINCORPORATED,-120.69431256999999,36.179888040000002
90284931,2016,2016-10-05,9735,2016-09-21,0845,016696,,3,1,9,2700,0,3,5,,2,002,"FOOTHILL ROAD","MISSION ROAD",2112.00,N,N,B,-,N,,,,,,,,,,Y,4,0,1,1,A,-,08,22107,,N,E,I,A,A,H,-,A,D,0,,,,,Y,,A,08,0,0,1,0,0,0,0,0,0,"- ","- ",36.397629999999999,-121.37284,MONTEREY,UNINCORPORATED,-121.37164912999999,36.396943319999998
90285257,2016,2016-10-06,9735,2016-10-01,1124,019800,,6,1,9,2700,0,2,4,,1,011,"ARROYO SECO RD","ELM AVE",11616.00,S,N,A,-,N,,,,,,,,,,Y,4,0,2,1,A,-,08,22107,,N,F,A,A,A,H,-,A,D,0,,,,,Y,,D,22,0,0,2,0,0,0,0,0,0,"- ","- ",36.395800000000001,-121.3317,MONTEREY,UNINCORPORATED,-121.35590216999999,36.268396729999999
90285562,2016,2016-10-06,9730,2016-10-03,1605,017803,,1,2,9,2700,0,1,2,,1,070,"US101 N/B","VIERRA CYN RD",100.00,S,N,B,-,Y,,,101,,,,,,N,Y,4,0,1,3,A,-,07,21658,A,N,B,C,A,A,H,-,A,D,0,,,,Y,Y,,G,25,0,0,1,0,0,0,0,0,0,"- ","- ",36.791170000000001,-121.66703,MONTEREY,UNINCORPORATED,-121.66715029,36.791192670000001
90285583,2016,2016-10-06,9730,2016-10-04,1740,017803,,2,2,9,2700,0,3,5,,2,004,"OLD STAGE ROAD","ENCINAL ROAD",200.00,N,N,A,-,N,,,,,,,,,,Y,4,0,2,2,A,-,09,21801,A,F,D,C,A,A,H,-,A,D,0,,,,,Y,,A,08,0,0,2,0,0,0,0,0,0,"- ","- ",36.626939999999998,-121.53131999999999,MONTEREY,UNINCORPORATED,-121.53083708,36.626735420000003
90285591,2016,2016-10-06,9730,2016-10-04,0920,018810,,2,1,9,2700,0,1,3,,1,024,"SR-68 (HOLMAN HIGHWAY)","MORSE DRIVE",800.00,E,N,B,-,Y,,,68,,,,,,,Y,4,0,1,1,A,-,08,22107,,N,E,J,A,A,H,-,A,D,0,,,,,Y,,A,08,0,0,1,0,0,0,0,0,0,"- ","- ",36.5959,-121.92122000000001,MONTEREY,UNINCORPORATED,-121.92125449,36.595851850000003
90285631,2016,2016-10-06,9730,2016-10-05,0835,018820,,3,1,1,2709,0,1,3,,2,062,"SR-1 S/B","TIOGA AVE",528.00,S,N,A,-,Y,,,1,,,,,,S,N,4,0,1,3,A,-,03,22350,,N,C,C,A,A,H,-,A,D,0,,,,,Y,,A,07,0,0,1,0,0,0,0,0,0,"- ","- ",36.616370000000003,-121.85003,MONTEREY,"SAND CITY",-121.85011234,36.616443709999999
90286041,2016,2016-10-06,9730,2016-10-05,0555,016537,,3,3,9,2700,0,3,5,,2,006,"WOOD ST","JACKSON ST.",0.00,,Y,A,-,N,,,,,,,,,,Y,4,0,1,2,A,-,12,22450,A,N,A,C,A,A,H,-,C,A,0,,,,,Y,,D,22,0,0,1,0,0,0,0,0,0,"- ","- ",36.761369999999999,-121.74804,MONTEREY,UNINCORPORATED,-121.74803987999999,36.761370040000003
90286052,2016,2016-10-06,9730,2016-09-14,2125,020896,,3,2,9,2700,0,3,5,,2,007,"PRUNEDALE NORTH ROAD","FRISCH RD",162.00,S,N,A,-,N,,,,,,,,,,Y,4,0,1,2,A,-,08,22107,,F,E,I,A,A,H,-,D,D,0,,,,,Y,Y,A,01,0,0,1,0,0,0,0,0,0,"- ","- ",36.79242,-121.66842,MONTEREY,UNINCORPORATED,-121.66794038,36.79359951
90287130,2016,2016-10-10,9730,2016-09-27,1606,021320,,2,2,9,2700,0,1,2,,1,050,"US-101 (SOUTHBOUND)","JOHN STREET",1003.00,N,N,A,-,Y,,,,,,,,,,Y,4,0,2,2,A,-,07,21658,A,N,B,C,A,A,H,-,A,D,0,,,,,Y,,A,01,0,0,2,0,0,0,0,0,0,"- ","- ",36.673470000000002,-121.64069000000001,MONTEREY,UNINCORPORATED,-121.64064232,36.673370060000003
90287132,2016,2016-10-10,9730,2016-08-08,1924,017803,,1,2,9,2700,0,3,5,,2,003,"RIVER ROAD","PARKER ROAD",3168.00,S,N,B,-,N,,,,,,,,,,Y,1,1,0,1,A,-,01,23152,A,N,E,I,A,A,H,-,A,D,0,,,,,Y,Y,D,22,0,0,0,0,0,0,0,0,0,"- ","- ",36.582059999999998,-121.59594,MONTEREY,UNINCORPORATED,-121.59690541000001,36.582723680000001
90287153,2016,2016-10-10,9730,2016-10-04,1330,018820,,2,1,9,2700,0,1,2,,1,030,"US-101 N/B","5TH ST",5280.00,S,N,A,-,Y,,,,,,,,,,N,3,0,1,2,A,-,03,22350,,N,C,C,A,A,D,-,A,D,0,,,,,Y,,A,01,0,1,0,0,0,0,0,0,0,"- ","- ",36.502560000000003,-121.4391,MONTEREY,UNINCORPORATED,-121.43060782000001,36.499938129999997
90287156,2016,2016-10-10,9730,2016-10-04,0910,018820,,2,1,9,2700,0,3,5,,2,004,"OLD STAGE RD.","POTTER ROAD",240.00,N,N,A,-,N,,,,,,,,,,Y,3,0,1,2,A,-,09,21801,A,N,D,C,A,A,H,-,A,A,0,,,,,Y,,D,22,0,1,0,0,0,0,0,0,0,"- ","- ",36.625219999999999,-121.5292,MONTEREY,UNINCORPORATED,-121.52929527000001,36.625178220000002
90287168,2016,2016-10-10,9730,2016-10-07,0635,017580,,5,1,9,2700,0,1,2,,1,070,"US 101 N/B","RALPH LANE",2640.00,N,N,A,-,Y,,,,,,,,,,Y,4,0,1,3,A,-,03,22350,,N,C,C,A,A,H,-,B,D,0,,,,,Y,,A,01,0,0,1,0,0,0,0,0,0,"- ","- ",36.764000000000003,-121.6674,MONTEREY,UNINCORPORATED,-121.66726885999999,36.763409279999998
90287183,2016,2016-10-10,9730,2016-10-02,1620,021396,,7,2,9,2700,0,3,5,,2,005,"PESANTE ROAD","POLLOCK LANE",0.00,,Y,A,-,N,,,,,,,,,,Y,4,0,1,2,A,-,09,21802,A,N,D,C,A,A,H,-,A,A,0,,,,,Y,,A,07,0,0,1,0,0,0,0,0,0,"- ","- ",36.776730000000001,-121.66314,MONTEREY,UNINCORPORATED,-121.66311991000001,36.776710000000001
90287188,2016,2016-10-10,9730,2016-10-07,1820,020841,,5,2,9,2700,0,3,5,,2,007,"CASTROVILLE BOULEVARD",SR-156,585.00,N,N,A,-,N,,,,,,,,,,Y,4,0,1,2,A,-,05,21460,A,N,B,C,A,A,H,-,A,D,0,,,,,Y,,A,01,0,0,1,0,0,0,0,0,0,"- ","- ",36.461239999999997,-121.44369,MONTEREY,UNINCORPORATED,-121.74366661000001,36.769993479999997
90287190,2016,2016-10-10,9730,2016-10-08,1415,020208,,6,2,9,2700,0,1,3,,2,062,"SR-1 S/B","TIOGA AVENUE",600.00,N,N,A,-,Y,,,,,,,,,,Y,4,0,1,2,A,-,03,22350,,N,C,C,A,A,H,-,A,D,0,,,,,Y,,A,07,0,0,1,0,0,0,0,0,0,"- ","- ",36.379199999999997,-121.5052,MONTEREY,UNINCORPORATED,-121.84777701,36.619222110000003
90287192,2016,2016-10-10,9730,2016-10-08,1445,020208,,6,2,9,2700,0,1,3,,2,062,SR-1,"FREMONT BLVD.",2600.00,N,N,A,-,Y,,,,,,,,,,N,4,0,2,3,A,-,03,22350,,N,C,C,A,A,H,-,A,D,0,,,,,Y,,A,01,0,0,2,0,0,0,0,0,0,"- ","- ",36.374899999999997,-121.50109999999999,MONTEREY,UNINCORPORATED,,
90287491,2016,2016-10-10,9730,2016-10-03,0747,021009,,1,1,9,2700,0,1,2,,1,030,"S/B US-101","ALTA ROAD",5280.00,N,N,A,-,Y,,,101,,,,,,,Y,4,0,1,1,A,-,08,22107,,N,E,I,A,A,H,-,A,D,0,,,,,Y,,A,01,0,0,1,0,0,0,0,0,0,"- ","- ",36.535080000000001,-121.47982,MONTEREY,UNINCORPORATED,-121.47981191,36.53508987
90287634,2016,2016-10-10,9730,2016-10-02,1136,018543,,7,1,9,2700,0,1,3,,1,014,SR-1,"MPM 47",2640.00,S,N,A,-,Y,,,1,,,,,,,Y,3,0,1,1,A,-,08,22107,,N,E,I,A,A,H,-,A,D,0,,,,,Y,,D,22,0,1,0,0,0,0,0,0,0,"- ","- ",36.263640000000002,-121.79473,MONTEREY,UNINCORPORATED,-121.79468764000001,36.26367673
90287642,2016,2016-10-10,9730,2016-10-03,0830,018543,,1,1,9,2700,0,1,3,,2,062,SR-1,"FREMONT STREET (MTRY)",2640.00,N,N,B,-,Y,,,,,,,,,,Y,4,0,1,1,A,-,08,22107,,N,E,I,A,A,H,-,A,D,0,,,,,Y,,A,01,0,0,1,0,0,0,0,0,0,"- ","- ",36.595210000000002,-121.86884999999999,MONTEREY,UNINCORPORATED,,
90287725,2016,2016-10-10,9730,2016-10-02,1245,019529,,7,1,9,2700,0,1,3,,2,062,"STATE ROUTE 1 (SOUTHBOUND)","STATE ROUTE 68 (HOLMAN HIGHWAY)",300.00,N,N,A,-,Y,,,,,,,,,,Y,4,0,1,2,A,-,07,21658,A,N,C,C,A,A,H,-,A,D,0,,,,,Y,,A,01,0,0,1,0,0,0,0,0,0,"- ","- ",36.34657,-121.54513,MONTEREY,UNINCORPORATED,-121.91180235,36.575464840000002
90288474,2016,2016-10-10,9730,2016-10-03,0440,021320,,1,3,9,2700,0,3,5,,2,003,"SPRECKLES BLVD","SPRECKLES LANE",57.00,S,N,A,-,N,,,,,,,,,,Y,2,0,2,1,A,-,08,22107,,N,E,I,A,A,H,-,D,D,0,,,,,Y,,A,01,2,0,0,0,0,0,0,0,0,"- ","- ",36.630330000000001,-121.66682,MONTEREY,UNINCORPORATED,-121.66696259,36.630520539999999
90289003,2016,2016-10-11,9735,2016-10-10,1015,017257,,1,1,9,2700,0,3,5,,2,003,"METZ ROAD","SPRECKELS RD",4224.00,S,N,A,-,N,,,,,,,,,,Y,4,0,1,1,A,-,08,22107,,N,E,I,A,A,H,-,A,A,0,,,,,Y,,A,01,0,0,1,0,0,0,0,0,0,"- ","- ",36.259709999999998,-121.14873,MONTEREY,UNINCORPORATED,-121.13918382,36.258270590000002
90289433,2016,2016-10-11,9730,2016-10-05,1225,018810,,3,1,9,2700,0,1,3,,2,062,"SR-1 N/B","SR-218 O/C",100.00,S,N,B,-,Y,,,,,,,,,,Y,3,0,1,2,A,-,07,21658,,N,F,I,A,A,H,-,A,D,0,,,Y,,Y,,A,01,0,1,0,0,0,0,0,0,1,"- ","- ",36.608080000000001,-121.86015999999999,MONTEREY,UNINCORPORATED,,
90289454,2016,2016-11-02,9730,2016-10-05,1920,015160,,3,2,9,2700,0,1,3,,1,074,SR-1,"JENSEN ROAD",0.00,,Y,A,-,Y,,,1,,,,,,,Y,4,0,1,2,A,-,09,21801,A,N,A,C,A,A,H,-,D,D,0,,,,,Y,,D,22,0,0,1,0,0,0,0,0,0,"- ","- ",36.853819999999999,-121.7711,MONTEREY,UNINCORPORATED,-121.77109417,36.853819970000004
90289720,2016,2016-10-12,9735,2016-10-10,1238,018069,,1,1,9,2700,0,1,3,,2,030,"SR-146 (METZ ROAD)","STONEWALL CANYON ROAD",1584.00,N,N,A,-,Y,,,146,,,,,,,N,4,0,1,2,A,-,03,22350,,N,C,C,A,A,H,-,A,D,0,,,,,Y,,D,22,0,0,1,0,0,0,0,0,0,"- ","- ",36.424120000000002,-121.30125,MONTEREY,UNINCORPORATED,-121.30124237,36.424163659999998
90290922,2016,2016-10-13,9730,2016-09-29,2343,020916,,4,3,9,2700,0,2,4,,1,075,"SAN JUAN ROAD","MURPHY HILL ROAD",0.00,,Y,A,-,N,,,,,,,,,,Y,4,0,1,2,A,-,09,21802,A,N,A,C,A,A,H,-,C,A,0,,,,,Y,,A,01,0,0,1,0,0,0,0,0,0,"- ","- ",36.896540000000002,-121.67653,MONTEREY,UNINCORPORATED,,
90291040,2016,2016-10-13,9730,2016-09-22,1000,014584,,4,1,9,2700,0,1,2,,1,050,"US101 N/B","GOULD RD",1056.00,N,N,A,-,Y,,,101,,,,,,N,Y,3,0,1,2,A,-,01,23152,A,N,C,C,A,A,H,-,A,D,0,,,,,Y,Y,A,01,0,1,0,0,0,0,0,0,0,"- ","- ",36.631250000000001,-121.59220000000001,MONTEREY,UNINCORPORATED,-121.59217839,36.631279620000001