CASE_ID,ACCIDENT_YEAR,PROC_DATE,JURIS,COLLISION_DATE,COLLISION_TIME,OFFICER_ID,REPORTING_DISTRICT,DAY_OF_WEEK,CHP_SHIFT,POPULATION,CNTY_CITY_LOC,SPECIAL_COND,BEAT_TYPE,CHP_BEAT_TYPE,CITY_DIVISION_LAPD,CHP_BEAT_CLASS,BEAT_NUMBER,PRIMARY_RD,SECONDARY_RD,DISTANCE,DIRECTION,INTERSECTION,WEATHER_1,WEATHER_2,STATE_HWY_IND,CALTRANS_COUNTY,CALTRANS_DISTRICT,STATE_ROUTE,ROUTE_SUFFIX,POSTMILE_PREFIX,POSTMILE,LOCATION_TYPE,RAMP_INTERSECTION,SIDE_OF_HWY,TOW_AWAY,COLLISION_SEVERITY,NUMBER_KILLED,NUMBER_INJURED,PARTY_COUNT,PRIMARY_COLL_FACTOR,PCF_CODE_OF_VIOL,PCF_VIOL_CATEGORY,PCF_VIOLATION,PCF_VIOL_SUBSECTION,HIT_AND_RUN,TYPE_OF_COLLISION,MVIW,PED_ACTION,ROAD_SURFACE,ROAD_COND_1,ROAD_COND_2,LIGHTING,CONTROL_DEVICE,CHP_ROAD_TYPE,PEDESTRIAN_ACCIDENT,BICYCLE_ACCIDENT,MOTORCYCLE_ACCIDENT,TRUCK_ACCIDENT,NOT_PRIVATE_PROPERTY,ALCOHOL_INVOLVED,STWD_VEHTYPE_AT_FAULT,CHP_VEHTYPE_AT_FAULT,COUNT_SEVERE_INJ,COUNT_VISIBLE_INJ,COUNT_COMPLAINT_PAIN,COUNT_PED_KILLED,COUNT_PED_INJURED,COUNT_BICYCLIST_KILLED,COUNT_BICYCLIST_INJURED,COUNT_MC_KILLED,COUNT_MC_INJURED,PRIMARY_RAMP,SECONDARY_RAMP,LATITUDE,LONGITUDE,COUNTY,CITY,POINT_X,POINT_Y
90291241,2016,2016-10-13,9730,2016-10-08,1125,019569,,6,1,9,2700,0,3,5,,2,007,"HIDDEN VALLEY RD","STRAWBERRY RD",1584.00,N,N,A,-,N,,,,,,,,,,Y,3,0,1,1,A,-,01,23152,A,M,F,A,A,A,H,-,A,D,0,,,,,Y,Y,A,07,0,1,0,0,0,0,0,0,0,"- ","- ",36.836779999999997,-121.83725,MONTEREY,UNINCORPORATED,-121.6969199,36.836111359999997
90291265,2016,2016-10-13,9730,2016-10-08,1135,016537,,6,1,9,2700,0,1,2,,1,030,"US-101 S/B","FRONT ST.",528.00,N,N,A,-,Y,,,101,,,,,,S,Y,4,0,4,1,A,-,08,22107,,N,F,I,A,A,H,-,A,D,0,,,,,Y,,A,01,0,0,4,0,0,0,0,0,0,"- ","- ",36.43479,-121.33989,MONTEREY,UNINCORPORATED,-121.33984338,36.434863470000003
90291268,2016,2016-10-13,9730,2016-10-09,0923,018543,,7,1,9,2700,0,1,3,,2,062,SR-1,"SR-68 (SALINAS) O/C",250.00,S,N,A,-,Y,,,1,,,,,,,Y,4,0,1,1,A,-,08,22107,,N,F,I,A,A,D,-,A,A,0,,,,,Y,,A,01,0,0,1,0,0,0,0,0,0,"- ","- ",36.594320000000003,-121.86962,MONTEREY,UNINCORPORATED,-121.86968892,36.594518569999998
90291698,2016,2016-10-13,9735,2016-10-09,1015,018338,,7,1,9,2700,0,1,3,,1,034,SR-198,"PINE VALLEY RD",1584.00,W,N,A,-,Y,,,198,,,,,,,Y,2,0,1,2,A,-,06,21750,,N,B,C,A,A,H,-,A,D,0,,,,,Y,,D,22,1,0,0,0,0,0,0,0,0,"- ","- ",36.165819999999997,-120.87694,MONTEREY,UNINCORPORATED,-120.87694033,36.165901339999998
90291867,2016,2016-10-14,9735,2016-09-25,2145,019503,9735,7,2,9,2700,0,1,2,,2,045,"US-101 N/B","CAMP ROBERTS RD OVER CROSSING",600.00,N,N,A,-,Y,,,101,,,,,,N,Y,3,0,1,1,A,-,01,23152,A,N,E,I,A,A,H,-,D,D,0,,,,,Y,Y,A,01,0,1,0,0,0,0,0,0,0,"- ","- ",35.801450000000003,-120.74523000000001,MONTEREY,UNINCORPORATED,-120.74529873,35.801391520000003
90291877,2016,2016-10-14,9735,2016-10-13,1412,019800,,4,2,9,2700,0,3,5,,2,002,"CENTRAL AVE","HOBSON AVE",1017.00,N,N,A,-,N,,,,,,,,,,N,3,0,1,1,A,-,08,22107,,N,F,A,A,A,H,-,A,D,0,,,,,Y,,A,01,0,1,0,0,0,0,0,0,0,"- ","- ",36.264919999999996,-121.2195,MONTEREY,UNINCORPORATED,-121.21238065999999,36.264412309999997
90292771,2016,2016-10-17,9730,2016-09-29,1625,019818,,4,2,9,2700,0,1,3,,1,068,"SR-68 EB","SPRECKLES BLVD",1584.00,W,N,B,-,Y,,,68,,,,,,E,Y,3,0,2,3,A,-,03,22350,,M,C,C,A,A,H,-,A,C,0,,,,,Y,,D,22,0,1,1,0,0,0,0,0,0,"- ","- ",36.6295,-121.67399,MONTEREY,UNINCORPORATED,-121.67401852,36.629544109999998
90292786,2016,2016-10-17,9730,2016-10-03,2015,021407,,1,2,9,2700,0,1,2,,1,030,"US-101 SOUTHBOUND","CHUALAR ROAD MAIN STREET OVER CROSSING",7392.00,S,N,A,-,Y,,,101,,,,,,S,Y,3,0,4,3,A,-,08,22107,,N,C,C,A,A,D,E,D,D,0,,,,,Y,,A,01,0,2,2,0,0,0,0,0,0,"- ","- ",36.555999999999997,-121.50454999999999,MONTEREY,UNINCORPORATED,-121.50466434000001,36.555881059999997
90292787,2016,2016-10-17,9730,2016-10-04,2333,020899,,2,3,9,2700,0,3,5,,2,006,"RESERVATION ROAD","DAVIS ROAD",3656.00,W,N,A,-,N,,,,,,,,,,Y,3,0,1,1,A,-,03,22350,,N,E,I,A,A,H,-,D,D,0,,,,,Y,,D,22,0,1,0,0,0,0,0,0,0,"- ","- ",36.645209999999999,-121.7174,MONTEREY,UNINCORPORATED,-121.70768,36.638280000000002
90292800,2016,2016-10-17,9730,2016-10-08,2227,021396,,6,3,9,2700,0,3,5,,2,004,"GONZALES RIVER ROAD","SHORT ROAD",4224.00,E,N,A,-,N,,,,,,,,,,Y,3,0,1,1,A,-,01,23152,A,M,E,I,A,A,H,-,D,D,0,,,,,Y,Y,D,22,0,1,0,0,0,0,0,0,0,"- ","- ",36.293599999999998,-121.2727,MONTEREY,UNINCORPORATED,-121.45677053999999,36.493813500000002
90292818,2016,2016-10-17,9730,2016-10-09,1035,018543,,7,1,9,2700,0,1,3,,1,024,"SR-68 (HOLMAN HIGHWAY)",SR-1,1056.00,W,N,A,-,Y,,,68,,,,,,,N,4,0,2,2,A,-,03,22350,,N,C,C,A,A,H,-,A,D,0,,,,,Y,,A,01,0,0,2,0,0,0,0,0,0,"- ","- ",36.57488,-121.91345,MONTEREY,UNINCORPORATED,-121.91295304,36.575335299999999
90292825,2016,2016-10-17,9730,2016-10-09,1225,018543,,7,1,9,2700,0,1,3,,2,062,SR-1,"LIGHTFIGHTER DRIVE",2640.00,S,N,A,-,Y,,,1,,,,,,,N,4,0,1,4,A,-,03,22350,,M,C,C,A,A,H,-,A,D,0,,,,,Y,,A,01,0,0,1,0,0,0,0,0,0,"- ","- ",36.628340000000001,-121.83825,MONTEREY,UNINCORPORATED,-121.83823717999999,36.628331240000001
90292830,2016,2016-10-17,9730,2016-10-11,2040,021359,,2,2,9,2700,0,1,3,,2,062,"SR-1 NORTHBOUND","RESERVATION ROAD",1584.00,S,N,A,-,Y,,,,,,,,,,Y,4,0,2,2,A,-,01,23152,A,N,C,C,A,A,H,-,D,D,0,,,,,Y,Y,A,01,0,0,2,0,0,0,0,0,0,"- ","- ",36.691099999999999,-121.8077,MONTEREY,UNINCORPORATED,-121.80694776999999,36.69275004
90292836,2016,2016-10-17,9730,2016-10-11,2009,021407,,2,2,9,2700,0,3,5,,2,006,"DAVIS ROAD","HITCHCOCK ROAD",0.00,,Y,A,-,N,,,,,,,,,,Y,4,0,1,2,A,-,12,22450,A,N,D,C,A,A,H,-,C,A,0,,,,,Y,,A,01,0,0,1,0,0,0,0,0,0,"- ","- ",36.658729999999998,-121.69197,MONTEREY,UNINCORPORATED,-121.69199996,36.6587101
90292839,2016,2016-10-17,9730,2016-10-11,1440,018810,,2,2,9,2700,0,2,4,,1,023,"CARMEL VALLEY ROAD","SCARLETT ROAD",20.00,E,N,B,-,N,,,,,,,,,,Y,4,0,2,2,A,-,03,22350,,N,C,C,A,A,H,-,A,D,0,,,,,Y,,D,22,0,0,2,0,0,0,0,0,0,"- ","- ",36.518349999999998,-121.78458000000001,MONTEREY,UNINCORPORATED,-121.79363621,36.52396632
90292841,2016,2016-10-17,9730,2016-10-11,1700,018810,,2,2,9,2700,0,1,3,,2,062,"SR-1 N/B","CASA VERDE WAY",1056.00,S,N,B,-,Y,,,1,,,,,,N,Y,4,0,1,2,A,-,03,22350,,N,C,C,A,A,H,-,A,D,0,,,,,Y,,A,01,0,0,1,0,0,0,0,0,0,"- ","- ",36.593780000000002,-121.87415,MONTEREY,UNINCORPORATED,-121.87415102,36.593786309999999
90293425,2016,2016-10-17,9730,2016-10-09,2000,020208,,7,2,9,2700,0,1,3,,2,062,SR-1,SR-218,385.00,S,N,A,-,Y,,,,,,,,,,Y,3,0,1,1,A,-,03,22350,,M,E,I,A,A,H,-,C,D,0,,,,,Y,,A,01,0,1,0,0,0,0,0,0,0,"- ","- ",36.363300000000002,-121.51309999999999,MONTEREY,UNINCORPORATED,,
90293451,2016,2016-10-17,9730,2016-10-11,0622,021320,,2,1,9,2700,0,2,4,,1,073,"N/B ELKHORN","HUDSON LANDING ROAD",0.00,,Y,A,-,N,,,,,,,,,,Y,4,0,1,2,A,-,05,21460,A,N,B,C,A,A,D,-,B,D,0,,,,,Y,,A,01,0,0,1,0,0,0,0,0,0,"- ","- ",36.87547,-121.7461,MONTEREY,UNINCORPORATED,,
90293595,2016,2016-10-17,9730,2016-10-11,1201,021320,,2,1,9,2700,0,1,2,,1,070,"N/B US-101","VICTORIA LANE",2112.00,S,N,A,-,Y,,,101,,,,,,,Y,4,0,1,4,A,-,08,22107,,N,E,I,A,A,H,-,A,D,0,,,,Y,Y,,F,26,0,0,1,0,0,0,0,0,0,"- ","- ",36.803960000000004,-121.65233000000001,MONTEREY,UNINCORPORATED,-121.65234816,36.803998249999999
90293706,2016,2016-10-17,9730,2016-10-11,0618,020621,,2,1,9,2700,0,3,5,,2,003,"ABBOTT STREET","HARRIS ROAD",3168.00,S,N,B,-,N,,,,,,,,,,Y,3,0,4,2,A,-,09,21801,A,N,A,C,A,A,H,-,C,D,0,,,,,Y,,A,07,0,1,3,0,0,0,0,0,0,"- ","- ",36.638539999999999,-121.60357,MONTEREY,UNINCORPORATED,-121.60393486,36.638876789999998
90293836,2016,2016-10-17,9730,2016-10-13,0630,021320,,4,1,9,2700,0,1,3,,2,062,"SR-1 NORTHBOUND",SR-218,528.00,S,N,A,-,Y,,,,,,,,,,Y,4,0,1,1,A,-,08,22107,,N,E,I,A,A,D,-,D,D,0,,,,,Y,,A,01,0,0,1,0,0,0,0,0,0,"- ","- ",36.608879999999999,-121.85948,MONTEREY,UNINCORPORATED,,
90293991,2016,2016-10-17,9730,2016-10-07,2145,021359,,5,2,9,2700,0,3,5,,2,006,"ROGGE ROAD","JADE STREET",1056.00,E,N,A,-,N,,,,,,,,,,Y,3,0,1,1,A,-,08,22107,,N,E,I,A,A,H,-,D,D,0,,,,,Y,,A,01,0,1,0,0,0,0,0,0,0,"- ","- ",36.729999999999997,-121.62860000000001,MONTEREY,UNINCORPORATED,-121.62769489,36.729644360000002
90294328,2016,2016-10-18,9730,2016-10-14,1515,021396,,5,2,9,2700,0,1,2,,1,030,US-101,"GLORIA ROAD",500.00,N,N,A,-,Y,,,101,,,,,,,Y,4,0,2,2,A,-,08,22107,,N,B,C,A,A,H,-,A,D,0,,,,Y,Y,,D,22,0,0,2,0,0,0,0,0,0,"- ","- ",36.49541,-121.42822,MONTEREY,UNINCORPORATED,-121.42826649,36.495386709999998
90294368,2016,2016-10-18,9730,2016-10-11,0230,020896,,2,3,9,2700,0,2,4,,1,075,"SAN JUAN RD","SUSAN ST",50.00,W,N,B,-,N,,,,,,,,,,Y,4,0,1,3,A,-,08,22107,,N,D,E,A,A,H,-,C,D,0,,,,,Y,,A,01,0,0,1,0,0,0,0,0,0,"- ","- ",36.904470000000003,-121.74621999999999,MONTEREY,UNINCORPORATED,-121.74620100999999,36.90444274
90294548,2016,2016-10-18,9735,2016-10-03,0605,016696,,1,1,9,2700,0,1,2,,1,040,"US 101 S/B","LOS COCHES ROAD",0.00,,Y,B,-,Y,,,,,,,,,,Y,2,0,3,2,A,-,09,21801,A,N,D,C,A,A,H,-,B,D,0,,,,Y,Y,,G,25,3,0,0,0,0,0,0,0,0,"- ","- ",36.365830000000003,-121.28008,MONTEREY,UNINCORPORATED,,
90294626,2016,2016-10-18,9730,2016-10-14,1645,021396,,5,2,9,2700,0,1,3,,1,072,SR-156,"CASTROVILLE BOULEVARD",60.00,E,N,B,-,Y,,,156,,,,,,,N,4,0,1,2,A,-,03,22350,,N,C,C,A,A,H,-,A,A,0,,,,,Y,,A,01,0,0,1,0,0,0,0,0,0,"- ","- ",36.768709999999999,-121.74222,MONTEREY,UNINCORPORATED,-121.74223224000001,36.768750949999998
90294736,2016,2016-10-18,9730,2016-10-15,2200,020391,,6,3,9,2700,0,3,5,,2,007,"ELKHORN RD","GARIN RD",246.00,N,N,B,C,N,,,,,,,,,,Y,3,0,1,1,A,-,03,22350,,M,F,I,A,B,H,-,D,D,0,,,,,Y,Y,A,01,0,1,0,0,0,0,0,0,0,"- ","- ",36.874200000000002,-121.7453,MONTEREY,UNINCORPORATED,-121.74477125999999,36.874045889999998
90294839,2016,2016-10-18,9730,2016-10-15,1835,021396,,6,2,9,2700,0,3,5,,2,007,"SALINAS ROAD","WERNER ROAD",0.00,,Y,B,-,N,,,,,,,,,,Y,4,0,1,2,A,-,09,21802,A,N,D,C,A,A,H,-,D,A,0,,,,,Y,,D,22,0,0,1,0,0,0,0,0,0,"- ","- ",36.878610000000002,-121.75006999999999,MONTEREY,UNINCORPORATED,-121.75139999,36.878270030000003
90294844,2016,2016-10-18,9730,2016-10-16,0733,019569,,7,1,9,2700,0,1,2,,1,070,US-101,"SAN JUAN RD",528.00,S,N,C,-,Y,,,101,,,,,,,Y,4,0,1,1,A,-,03,22350,,N,E,I,A,B,H,-,A,D,0,,,,,Y,,A,01,0,0,1,0,0,0,0,0,0,"- ","- ",36.855649999999997,-121.63236000000001,MONTEREY,UNINCORPORATED,-121.6323053,36.855584
90295109,2016,2016-10-18,9730,2016-10-16,0842,020391,,7,1,3,2712,0,1,3,,2,062,"SR-1 SOUTHBOUND","RESERVATION RD",528.00,S,N,B,C,Y,,,1,,,,,,S,Y,4,0,1,1,A,-,03,22350,,N,F,I,A,B,H,-,A,D,0,,,,,Y,,A,01,0,0,1,0,0,0,0,0,0,"- ","- ",36.691659999999999,-121.8079,MONTEREY,MARINA,-121.8079729,36.69169411
90295599,2016,2016-10-19,9730,2016-10-08,1115,017184,,6,1,9,2700,0,1,3,,1,014,SR-1,"ANDREW MOLERA S.P.",8.00,S,N,A,-,Y,,,,,,,,,,Y,4,0,1,2,A,-,05,21460,A,N,A,C,A,A,H,-,A,A,0,,,Y,,Y,,D,22,0,0,1,0,0,0,0,0,1,"- ","- ",,,MONTEREY,UNINCORPORATED,,
90295861,2016,2016-10-19,9730,2016-08-28,2059,020933,,7,2,9,2700,0,1,3,,2,062,"SR-1 S/B","IMJIN PARKWAY O/C",3960.00,N,N,A,-,Y,,,1,,,,,,S,Y,1,1,0,1,A,-,01,23152,A,N,E,I,A,A,H,-,B,D,0,,,Y,,Y,Y,C,02,0,0,0,0,0,0,0,1,0,"- ","- ",36.677999999999997,-121.8075,MONTEREY,UNINCORPORATED,-121.80782877999999,36.678076769999997
90296769,2016,2016-10-20,9730,2016-10-16,0405,020916,,7,3,9,2700,0,3,5,,2,005,"CRAZY HORSE CANYON ROAD","SAN JUAN GRADE ROAD",0.00,,Y,C,-,N,,,,,,,,,,Y,4,0,2,1,A,-,03,22350,,N,E,I,A,B,H,-,D,D,0,,,,,Y,,A,01,0,0,2,0,0,0,0,0,0,"- ","- ",36.772979999999997,-121.60332,MONTEREY,UNINCORPORATED,-121.60336997,36.773490010000003
90296869,2016,2016-10-31,9730,2016-10-19,0855,017502,,3,1,4,2706,0,1,3,,2,062,"SR-1 S/B","SR-68 (SALINAS) O/C",1056.00,S,N,A,-,Y,,,,,,,,,,Y,4,0,1,2,A,-,03,22350,,N,C,C,A,A,H,-,A,D,0,,,,,Y,,A,01,0,0,1,0,0,0,0,0,0,"- ","- ",,,MONTEREY,MONTEREY,-121.91303455000001,36.572004059999998
90296914,2016,2016-10-20,9730,2016-10-19,1350,018810,,3,1,9,2700,0,2,4,,1,023,"CARMEL VALLEY ROAD","LAURELES GRADE",1584.00,W,N,A,-,N,,,,,,,,,,Y,4,0,1,2,A,-,03,22350,,N,C,C,A,A,H,-,A,D,0,,,,,Y,,A,01,0,0,1,0,0,0,0,0,0,"- ","- ",36.510129999999997,-121.76701,MONTEREY,UNINCORPORATED,-121.76038524000001,36.503942410000001
90296992,2016,2016-10-20,9730,2016-09-24,1510,020514,,6,2,9,2700,0,3,5,,2,004,"OLD STAGE ROAD","WILLIAMS RD",3696.00,S,N,A,-,N,,,,,,,,,,Y,1,1,1,2,A,-,05,21460,A,N,D,C,A,A,H,-,A,D,0,,,,,Y,Y,A,01,0,1,0,0,0,0,0,0,0,"- ","- ",36.412280000000003,-121.3442,MONTEREY,UNINCORPORATED,-121.5680918,36.689824799999997
90297563,2016,2016-10-20,9730,2016-10-19,0800,017502,,3,1,9,2700,0,2,4,,1,023,"CARMEL  VALLEY ROAD","PRADO DEL SOL",100.00,E,N,A,-,N,,,,,,,,,,Y,3,0,2,2,A,-,03,22350,,N,C,C,A,A,A,-,A,D,0,,,,,Y,,A,07,0,1,1,0,0,0,0,0,0,"- ","- ",36.532699999999998,-121.84375,MONTEREY,UNINCORPORATED,-121.84393197999999,36.532736450000002
90300163,2016,2016-10-25,9730,2016-10-13,1553,020899,,4,2,9,2700,0,2,4,,1,073,"SAN MIGUEL CANYON RD.","CASTROVILLE BLVD.",0.00,,Y,A,-,N,,,,,,,,,,N,2,0,1,3,A,-,21,22106,,N,D,C,A,A,H,-,A,A,0,,,,,Y,,A,01,1,0,0,0,0,0,0,0,0,"- ","- ",36.808459999999997,-121.67205,MONTEREY,UNINCORPORATED,-121.67190992,36.808400069999998
90300348,2016,2016-10-25,9730,2016-10-14,1920,021396,,5,2,9,2700,0,3,5,,2,006,"ELKHORN ROAD","WERNER ROAD",18.00,N,N,C,-,N,,,,,,,,,,N,4,0,1,2,A,-,11,21954,A,F,G,B,D,B,H,-,C,A,0,Y,,,,Y,,N,60,0,0,1,0,1,0,0,0,0,"- ","- ",36.878500000000003,-121.75035,MONTEREY,UNINCORPORATED,-121.74722106999999,36.879028929999997
90300533,2016,2016-10-25,9730,2016-10-15,0655,016537,,6,1,9,2700,0,1,3,,1,068,SR-68,"HITCHCOCK RD.",0.00,,Y,A,-,Y,,,68,,,,,,,Y,4,0,1,2,A,-,12,21453,A,N,A,C,A,B,H,-,A,A,0,,,,,Y,,A,07,0,0,1,0,0,0,0,0,0,"- ","- ",36.644689999999997,-121.66424000000001,MONTEREY,UNINCORPORATED,-121.66420900999999,36.644677739999999
90300619,2016,2016-10-25,9730,2016-10-16,0020,020933,,7,3,9,2700,0,3,5,,2,002,"LAURELES GRADE","SOUTHVIEW LN",2112.00,N,N,C,-,N,,,,,,,,,,Y,4,0,1,1,A,-,08,22107,,N,F,I,A,B,H,-,D,D,0,,,,,Y,,D,22,0,0,1,0,0,0,0,0,0,"- ","- ",36.522469999999998,-121.75718999999999,MONTEREY,UNINCORPORATED,-121.75715676,36.522104030000001
90300934,2016,2016-10-25,9730,2016-10-20,1550,019981,,4,2,4,2706,0,1,3,,2,062,"SR-1 NORTHBOUND","SLOAT AVENUE U/C",528.00,N,N,A,-,Y,,,1,,,,,,N,Y,4,0,1,3,A,-,03,22350,,N,C,C,A,A,H,-,A,D,0,,,,,Y,,A,07,0,0,1,0,0,0,0,0,0,"- ","- ",36.593879999999999,-121.87353,MONTEREY,MONTEREY,-121.87353107,36.59388663
90301015,2016,2016-10-25,9730,2016-10-20,0730,017502,,4,1,9,2700,0,1,3,,1,024,"SR-68 (HOLMAN HIGHWAY)","CHOMP ENTRANCE",100.00,W,N,A,-,Y,,,,,,,,,,N,4,0,1,2,A,-,03,22350,,N,C,C,A,A,H,-,A,D,0,,,,,Y,,A,01,0,0,1,0,0,0,0,0,0,"- ","- ",,,MONTEREY,UNINCORPORATED,,
90302074,2016,2016-10-26,9730,2016-10-20,1546,018810,,4,2,9,2700,0,3,5,,2,007,"DEL MONTE BLVD","MONTE ROAD",0.00,,Y,A,-,N,,,,,,,,,,Y,4,0,3,2,A,-,03,22350,,N,C,C,A,A,H,-,A,D,0,,,,,Y,,D,22,0,0,3,0,0,0,0,0,0,"- ","- ",36.723779999999998,-121.78882,MONTEREY,UNINCORPORATED,-121.78882994999999,36.723750090000003
90302748,2016,2016-10-27,9730,2016-10-18,1120,018350,,2,1,9,2700,0,3,5,,2,006,"CASTROVILLE BLVD.","COLINS ROAD",9.00,S,N,A,-,N,,,,,,,,,,Y,4,0,1,2,A,-,05,21460,A,N,B,C,A,A,H,-,A,D,0,,,,,Y,,A,07,0,0,1,0,0,0,0,0,0,"- ","- ",36.769770000000001,-121.74369,MONTEREY,UNINCORPORATED,-121.74368407999999,36.769935490000002
90302807,2016,2016-10-27,9730,2016-10-19,1552,012332,,3,2,2,2703,0,1,2,,1,030,"US-101 S/B","5TH ST",2640.00,N,N,A,-,Y,,,,,,,,,,Y,4,0,1,1,A,-,01,23152,A,N,F,J,A,A,H,-,A,D,0,,,,,Y,Y,A,01,0,0,1,0,0,0,0,0,0,"- ","- ",,,MONTEREY,GONZALES,-121.44293505,36.518913300000001
90302893,2016,2016-10-27,9730,2016-10-20,1711,012332,,4,2,9,2700,0,1,3,,1,068,SR-68,"SAN BENANCIO RD",40.00,W,N,A,-,Y,,,,,,,,,,N,4,0,2,2,A,-,03,22350,,N,C,C,A,A,H,-,A,D,0,,,,,Y,,A,07,0,0,2,0,0,0,0,0,0,"- ","- ",,,MONTEREY,UNINCORPORATED,,
90302995,2016,2016-10-27,9730,2016-10-21,0850,017502,,5,1,9,2700,0,1,3,,1,068,"SR-68 (SALINAS)","SAN BENANCIO ROAD",375.00,E,N,A,-,Y,,,,,,,,,,Y,4,0,3,2,A,-,03,22350,,N,C,C,A,A,H,-,A,D,0,,,,,Y,,A,07,0,0,3,0,0,0,0,0,0,"- ","- ",,,MONTEREY,UNINCORPORATED,,
90303106,2016,2016-10-27,9730,2016-10-22,1333,017184,,6,1,9,2700,0,1,3,,1,012,SR-1,"JULIA PFEIFFER BURNS STATE PARK",150.00,N,N,A,-,Y,,,1,,,,,,,Y,4,0,1,2,A,-,03,22350,,N,C,C,A,A,H,-,A,A,0,,,,,Y,,A,01,0,0,1,0,0,0,0,0,0,"- ","- ",36.161439999999999,-121.67283999999999,MONTEREY,UNINCORPORATED,-121.67282393000001,36.161444160000002
90303261,2016,2016-11-16,9730,2016-10-23,2130,020065,,7,2,6,2708,0,1,2,,1,070,"US-101 S/B","BORONDA ROAD O/C",1000.00,N,N,A,-,Y,,,101,,,,,,S,Y,3,0,1,3,A,-,03,22350,,N,C,C,A,A,H,-,C,D,0,,,,Y,Y,,A,01,0,1,0,0,0,0,0,0,0,"- ","- ",36.72486,-121.6592,MONTEREY,SALINAS,-121.6592352,36.724869630000001
90303431,2016,2016-10-27,9730,2016-10-21,0555,020208,,5,3,9,2700,0,2,4,,1,073,"ELKHORN ROAD","GARIN ROAD",0.00,,Y,A,-,Y,,,,,,,,,,Y,4,0,1,2,A,-,09,21802,A,N,D,C,A,A,H,-,A,D,0,,,,,Y,,D,22,0,0,1,0,0,0,0,0,0,"- ","- ",36.522399999999998,-121.444,MONTEREY,UNINCORPORATED,-121.74448997,36.873410030000002
90305635,2016,2016-10-28,9735,2016-10-14,0415,020417,,5,3,9,2700,0,1,2,,1,040,"US-101 N/B","ARROYO SECO RD.",1056.00,S,N,B,-,Y,,,101,,,,,,N,Y,3,0,3,1,A,-,08,22107,,N,E,I,A,A,H,-,D,D,0,,,,,Y,,A,07,0,1,2,0,0,0,0,0,0,"- ","- ",36.400950000000002,-121.31462000000001,MONTEREY,UNINCORPORATED,-121.31474036,36.40086659
90305660,2016,2016-10-28,9735,2016-10-20,1530,019503,9735,4,2,9,2700,0,1,2,,1,040,"US-101 N/B",SR-146,560.00,S,N,A,-,Y,,,101,,,,,,N,Y,4,0,1,2,A,-,03,22350,,N,B,C,A,A,H,-,A,D,0,,,,,Y,,A,01,0,0,1,0,0,0,0,0,0,"- ","- ",36.40945,-121.31910999999999,MONTEREY,UNINCORPORATED,-121.31913873000001,36.40944047
90305668,2016,2016-10-28,9735,2016-10-21,1400,019700,,5,2,9,2700,0,3,5,,2,004,"FREEMAN FLAT ROAD","WILD HORSE ROAD",28.00,W,N,A,-,N,,,,,,,,,,N,4,0,1,1,A,-,08,22107,,N,E,I,A,A,H,-,A,D,0,,,,,Y,,A,01,0,0,1,0,0,0,0,0,0,"- ","- ",36.111840000000001,-121.2465,MONTEREY,UNINCORPORATED,-121.04643,36.188569999999999
90305683,2016,2016-10-28,9735,2016-10-23,2052,019800,,7,2,9,2700,0,3,5,,2,003,"METZ RD","SPRECKELS RD",0.00,,Y,A,-,N,,,,,,,,,,Y,3,0,4,1,A,-,01,23152,A,N,F,A,A,A,H,-,D,D,0,,,,,Y,Y,A,01,0,4,0,0,0,0,0,0,0,"- ","- ",36.2684,-121.14452,MONTEREY,UNINCORPORATED,-121.14483994,36.26868005
90306482,2016,2016-10-31,9730,2016-10-16,1625,019818,,7,2,9,2700,0,1,2,,1,070,"US 101 S/B","SAN MIGUEL CANYON ROAD",400.00,S,N,C,-,Y,,,,,,,,,,Y,3,0,2,1,A,-,03,22350,,N,E,I,A,B,H,-,A,D,0,,,,,Y,,D,22,0,1,1,0,0,0,0,0,0,"- ","- ",36.798400000000001,-121.66504,MONTEREY,UNINCORPORATED,-121.66503861,36.79848664
90306484,2016,2016-10-31,9730,2016-10-18,0554,021320,,2,3,9,2700,0,1,3,,1,074,"STRUVE ROAD",SR-1,0.00,,Y,A,-,Y,,,,,,,,,,Y,4,0,1,2,A,-,09,21802,A,M,D,D,A,A,H,-,C,A,0,,,,,Y,,D,22,0,0,1,0,0,0,0,0,0,"- ","- ",36.830860000000001,-121.77122,MONTEREY,UNINCORPORATED,-121.78004996999999,36.82335003
90306489,2016,2016-10-31,9730,2016-10-20,2224,020233,,4,3,9,2700,0,1,3,,1,074,"SR-1 (CABRILLO HWY)","STRUVE ROAD",110.00,N,N,B,-,Y,,,1,,,,,,,Y,4,0,4,2,A,-,09,21804,A,F,A,C,A,A,H,-,C,D,0,,,,,Y,,A,01,0,0,4,0,0,0,0,0,0,"- ","- ",36.831339999999997,-121.77105,MONTEREY,UNINCORPORATED,-121.77100445000001,36.831338099999996