CASE_ID,ACCIDENT_YEAR,PROC_DATE,JURIS,COLLISION_DATE,COLLISION_TIME,OFFICER_ID,REPORTING_DISTRICT,DAY_OF_WEEK,CHP_SHIFT,POPULATION,CNTY_CITY_LOC,SPECIAL_COND,BEAT_TYPE,CHP_BEAT_TYPE,CITY_DIVISION_LAPD,CHP_BEAT_CLASS,BEAT_NUMBER,PRIMARY_RD,SECONDARY_RD,DISTANCE,DIRECTION,INTERSECTION,WEATHER_1,WEATHER_2,STATE_HWY_IND,CALTRANS_COUNTY,CALTRANS_DISTRICT,STATE_ROUTE,ROUTE_SUFFIX,POSTMILE_PREFIX,POSTMILE,LOCATION_TYPE,RAMP_INTERSECTION,SIDE_OF_HWY,TOW_AWAY,COLLISION_SEVERITY,NUMBER_KILLED,NUMBER_INJURED,PARTY_COUNT,PRIMARY_COLL_FACTOR,PCF_CODE_OF_VIOL,PCF_VIOL_CATEGORY,PCF_VIOLATION,PCF_VIOL_SUBSECTION,HIT_AND_RUN,TYPE_OF_COLLISION,MVIW,PED_ACTION,ROAD_SURFACE,ROAD_COND_1,ROAD_COND_2,LIGHTING,CONTROL_DEVICE,CHP_ROAD_TYPE,PEDESTRIAN_ACCIDENT,BICYCLE_ACCIDENT,MOTORCYCLE_ACCIDENT,TRUCK_ACCIDENT,NOT_PRIVATE_PROPERTY,ALCOHOL_INVOLVED,STWD_VEHTYPE_AT_FAULT,CHP_VEHTYPE_AT_FAULT,COUNT_SEVERE_INJ,COUNT_VISIBLE_INJ,COUNT_COMPLAINT_PAIN,COUNT_PED_KILLED,COUNT_PED_INJURED,COUNT_BICYCLIST_KILLED,COUNT_BICYCLIST_INJURED,COUNT_MC_KILLED,COUNT_MC_INJURED,PRIMARY_RAMP,SECONDARY_RAMP,LATITUDE,LONGITUDE,COUNTY,CITY,POINT_X,POINT_Y
90306498,2016,2016-10-31,9730,2016-10-21,2002,020970,,5,2,9,2700,0,1,2,,1,030,"US-101 S/B","OLD STAGE RD",160.00,N,N,A,-,Y,,,101,,,,,,S,Y,2,0,2,2,A,-,08,22107,,N,C,C,A,A,H,-,D,D,0,,,,Y,Y,,A,01,2,0,0,0,0,0,0,0,0,"- ","- ",36.53022,-121.47378999999999,MONTEREY,UNINCORPORATED,-121.47384049999999,36.530158950000001
90306500,2016,2016-10-31,9730,2016-10-22,0708,021320,,6,1,9,2700,0,3,5,,2,004,"OLD STAGE RD","CHUALAR RD",528.00,S,N,A,-,N,,,,,,,,,,Y,4,0,1,1,A,-,08,22107,,N,F,A,A,A,H,-,B,D,0,,,,,Y,,A,01,0,0,1,0,0,0,0,0,0,"- ","- ",36.580590000000001,-121.4975,MONTEREY,UNINCORPORATED,-121.49733675,36.580430980000003
90306508,2016,2016-10-31,9730,2016-10-23,1727,020899,,7,2,9,2700,0,1,2,,1,070,"NORTHBOUND US-101","PESANTE ROAD",15.00,N,N,A,-,Y,,,101,,,,,,,Y,4,0,1,1,A,-,03,22350,,N,E,I,A,A,H,-,A,A,0,,,,,Y,,A,01,0,0,1,0,0,0,0,0,0,"- ","- ",36.776150000000001,-121.66919,MONTEREY,UNINCORPORATED,-121.66939807,36.776136350000002
90306542,2016,2017-01-23,9730,2016-10-26,0940,016537,,3,1,9,2700,0,1,2,,1,030,"US-101 S/B","GLORIA RD. O/C",4224.00,S,N,A,-,Y,,,101,,,,,,S,Y,4,0,1,1,A,-,08,22107,,N,F,J,A,A,D,-,A,D,0,,,,,Y,,A,01,0,0,1,0,0,0,0,0,0,"- ","- ",36.486539999999998,-121.42125,MONTEREY,UNINCORPORATED,-121.42121493,36.486582810000002
90306559,2016,2016-10-31,9730,2016-10-27,1330,017502,,4,1,9,2700,0,1,3,,1,024,"SR-68 (HOLMAN HIGHWAY)","SKYLINE FOREST DRIVE",1056.00,E,N,B,-,Y,,,,,,,,,,Y,4,0,2,1,A,-,08,22107,,N,E,I,A,B,H,-,A,D,0,,,,,Y,,A,01,0,0,2,0,0,0,0,0,0,"- ","- ",,,MONTEREY,UNINCORPORATED,-121.91861,36.585760000000001
90306607,2016,2016-10-31,9730,2016-10-28,1720,021396,,5,2,9,2700,0,1,2,,1,050,US-101,"JOHN STREET",75.00,S,N,A,-,Y,,,,,,,,,,Y,4,0,2,2,A,-,03,22350,,N,C,C,A,A,H,-,A,D,0,,,,,Y,,A,01,0,0,2,0,0,0,0,0,0,"- ","- ",36.670229999999997,-121.63826,MONTEREY,UNINCORPORATED,-121.63910430999999,36.670723029999998
90306627,2016,2016-10-31,9730,2016-10-24,1910,021396,,1,2,9,2700,0,2,4,,1,073,"HALL ROAD","WILLOW ROAD",1584.00,W,N,A,-,N,,,,,,,,,,Y,3,0,2,2,A,-,01,23152,A,N,A,C,A,A,D,-,D,D,0,,,,,Y,Y,A,01,0,2,0,0,0,0,0,0,0,"- ","- ",36.866230000000002,-121.73989,MONTEREY,UNINCORPORATED,-121.74039427,36.86636807
90306630,2016,2016-10-31,9730,2016-10-28,1612,017184,,5,2,9,2700,0,1,3,,1,014,SR-1,"HURRICANE POINT",528.00,S,N,B,-,Y,,,1,,,,,,,Y,3,0,1,2,A,-,05,21460,A,N,A,C,A,A,H,-,A,A,0,,,,,Y,,A,01,0,1,0,0,0,0,0,0,0,"- ","- ",36.352910000000001,-121.90026,MONTEREY,UNINCORPORATED,-121.90031349,36.352866599999999
90306634,2016,2016-10-31,9730,2016-10-28,1230,019569,,5,1,9,2700,0,3,5,,2,007,"STRAWBERRY RD","SAN MIGUEL CANYON RD",1584.00,S,N,B,-,N,,,,,,,,,,Y,3,0,1,1,A,-,03,22350,,N,E,I,A,A,H,-,A,D,0,,,,,Y,,A,08,0,1,0,0,0,0,0,0,0,"- ","- ",36.832439999999998,-121.68219000000001,MONTEREY,UNINCORPORATED,-121.67883,36.830150000000003
90306641,2016,2016-10-31,9730,2016-10-22,1323,021320,,6,1,6,2708,0,1,2,,1,050,"US-101 S/B","JOHN ST",450.00,N,N,A,-,Y,,,101,,,,,,S,Y,4,0,1,1,A,-,08,22107,,N,E,I,A,A,H,-,A,D,0,,,,,Y,,A,07,0,0,1,0,0,0,0,0,0,"- ","- ",36.672170000000001,-121.6403,MONTEREY,SALINAS,-121.64023351,36.67220786
90306653,2016,2016-10-31,9730,2016-10-28,2224,020899,,5,3,9,2700,0,2,4,,1,073,"SAN MIGUEL CANYON ROAD","CHARLES SCHELL ROAD",4.00,W,N,A,-,N,,,,,,,,,,Y,4,0,1,2,A,-,03,22350,,N,C,C,A,A,H,-,E,D,0,,,,,Y,,I,10,0,0,1,0,0,0,0,0,0,"- ","- ",36.850839999999998,-121.69009,MONTEREY,UNINCORPORATED,-121.69002095,36.850790959999998
90306659,2016,2016-10-31,9730,2016-10-28,0700,020208,,5,1,9,2700,0,1,2,,1,030,US-101,"SOLEDAD PRISON ROAD OVERPASS",290.00,N,N,B,C,Y,,,,,,,,,,Y,4,0,1,1,A,-,03,22350,,N,F,I,A,B,F,-,B,D,0,,,,,Y,,A,07,0,0,1,0,0,0,0,0,0,"- ","- ",36.275500000000001,-121.23180000000001,MONTEREY,UNINCORPORATED,,
90306673,2016,2016-10-31,9730,2016-10-30,0750,019569,,7,1,9,2700,0,1,3,,2,062,SR-1,"SLOAT AVE U/C",150.00,S,N,B,-,Y,,,1,,,,,,,Y,4,0,1,1,A,-,08,22107,,N,E,I,A,A,H,-,A,D,0,,,,,Y,,A,01,0,0,1,0,0,0,0,0,0,"- ","- ",36.593260000000001,-121.87743,MONTEREY,UNINCORPORATED,-121.87744277,36.593301439999998
90306874,2016,2016-10-31,9730,2016-10-28,1515,021396,,5,2,9,2700,0,2,4,,1,073,"SAN MIGUEL CANYON ROAD","MORO ROAD",75.00,N,N,B,-,N,,,,,,,,,,N,4,0,1,2,A,-,03,22350,,N,C,C,A,A,H,-,A,D,0,,,,,Y,,A,07,0,0,1,0,0,0,0,0,0,"- ","- ",36.802709999999998,-121.66682,MONTEREY,UNINCORPORATED,-121.66684762,36.802848670000003
90307760,2016,2016-10-31,9730,2016-10-30,0925,019956,,7,1,9,2700,0,1,3,,1,066,SR-183,SR-1,15.00,E,N,B,-,Y,,,183,,,,,,,Y,4,0,2,2,A,-,03,22350,,N,C,C,A,A,H,-,A,A,0,,,,,Y,,A,01,0,0,2,0,0,0,0,0,0,"- ","- ",36.770910000000001,-121.76528999999999,MONTEREY,UNINCORPORATED,-121.76528012999999,36.770820710000002
90307785,2016,2016-10-31,9730,2016-10-24,1220,018543,,1,1,9,2700,0,3,5,,2,002,"RIO ROAD","OLIVER ROAD",150.00,W,N,A,-,N,,,,,,,,,,Y,4,0,1,2,A,-,08,22107,,N,C,E,A,A,H,-,A,D,0,,,,,Y,,A,07,0,0,1,0,0,0,0,0,0,"- ","- ",36.540649999999999,-121.91343000000001,MONTEREY,UNINCORPORATED,-121.91293721,36.540688770000003
90308240,2016,2016-11-01,9730,2016-10-24,0555,018820,,1,3,9,2700,0,3,5,,2,003,"RIVER RD.","BERRY DR.",112.00,N,N,A,-,N,,,,,,,,,,Y,4,0,1,2,A,-,05,21460,A,N,B,C,A,A,H,-,D,A,0,,,,,Y,,A,08,0,0,1,0,0,0,0,0,0,"- ","- ",36.600340000000003,-121.63133999999999,MONTEREY,UNINCORPORATED,-121.63125625000001,36.60031962
90308400,2016,2016-11-01,9730,2016-08-11,2237,021009,,4,3,9,2700,0,2,4,,1,073,"SALINAS ROAD","TRAFTON ROAD",1320.00,S,N,A,-,N,,,,,,,,,,Y,1,1,0,2,A,-,01,23152,A,N,C,G,A,A,H,-,D,D,0,,Y,,,Y,Y,A,01,0,0,0,0,0,1,0,0,0,"- ","- ",36.885930000000002,-121.74708,MONTEREY,UNINCORPORATED,-121.74688725999999,36.883168069999996
90308865,2016,2016-11-01,9730,2016-10-25,1850,012332,,2,2,9,2700,0,3,5,,2,005,"CRAZY HORSE CYN RD","SAN JUAN GRADE RD",3168.00,N,N,B,-,N,,,,,,,,,,Y,4,0,1,1,A,-,08,22107,,N,E,J,A,A,H,-,D,D,0,,,,,Y,,A,01,0,0,1,0,0,0,0,0,0,"- ","- ",36.7714,-121.60217,MONTEREY,UNINCORPORATED,-121.60815879,36.781059740000003
90308942,2016,2016-11-29,9730,2016-10-11,1315,014584,,2,1,9,2700,0,1,2,,1,030,US101,CTF,2112.00,S,N,A,-,Y,,,101,,,,,,,Y,3,0,3,3,A,-,03,22350,,N,C,C,A,A,D,-,A,D,0,,,,,Y,,D,22,0,1,2,0,0,0,0,0,0,"- ","- ",36.463760000000001,-121.38552,MONTEREY,UNINCORPORATED,-121.38549906,36.463793989999999
90308946,2016,2016-11-01,9735,2016-10-04,1640,017292,,2,2,9,2700,0,3,5,,2,003,SR-146,"RAMUS RD",2640.00,E,N,A,-,Y,,,,,,,,,,Y,1,1,0,1,A,-,01,23152,E,N,E,I,A,A,H,-,A,D,0,,,,,Y,,A,01,0,0,0,0,0,0,0,0,0,"- ","- ",36.430489999999999,-121.29917,MONTEREY,UNINCORPORATED,-121.22849727000001,36.432867870000003
90308953,2016,2016-11-01,9730,2016-10-24,0700,014584,,1,1,9,2700,0,1,2,,1,050,"US101 N/B","HARTNELL RD",528.00,S,N,A,-,Y,,,101,,,,,,N,Y,3,0,1,2,A,-,07,21658,A,F,F,I,A,A,H,-,A,D,0,,,,,Y,,A,01,0,1,0,0,0,0,0,0,0,"- ","- ",36.622140000000002,-121.57944000000001,MONTEREY,UNINCORPORATED,-121.57954178,36.62199811
90308976,2016,2016-11-01,9730,2016-11-01,0820,017502,,2,1,9,2700,0,1,3,,1,022,SR-1,"RILEY RANCH ROAD",250.00,S,N,B,-,Y,,,,,,,,,,Y,4,0,1,1,A,-,08,22107,,N,E,I,A,B,H,-,A,D,0,,,,,Y,,A,01,0,0,1,0,0,0,0,0,0,"- ","- ",36.312660000000001,-121.56816000000001,MONTEREY,UNINCORPORATED,-121.93557001000001,36.517425869999997
90309913,2016,2016-11-02,9735,2016-10-20,2230,020417,,4,3,9,2700,0,1,2,,1,040,"US-101 S/B","LOS COCHES RD.",0.00,,Y,B,-,Y,,,101,,,,,,S,N,2,0,3,2,A,-,09,21804,A,N,D,C,A,A,H,-,D,D,0,,,,Y,Y,,F,27,1,0,2,0,0,0,0,0,0,"- ","- ",36.36591,-121.28021,MONTEREY,UNINCORPORATED,-121.28029141,36.365818089999998
90310324,2016,2016-11-03,9730,2016-10-19,1305,018350,,3,1,9,2700,0,3,5,,2,007,"SALINAS ROAD","BAY FARMS ROAD",21.00,E,N,A,-,N,,,,,,,,,,Y,3,0,5,3,A,-,03,22350,,F,C,C,A,A,H,-,A,D,0,,,,,Y,,A,01,0,2,3,0,0,0,0,0,0,"- ","- ",36.872839999999997,-121.76266,MONTEREY,UNINCORPORATED,-121.76259056000001,36.872872370000003
90310343,2016,2016-11-03,9730,2016-10-26,1740,015160,,3,2,9,2700,0,1,3,,1,074,SR-1,"STRUVE ROAD (SOUTH)",50.00,N,N,A,-,Y,,,1,,,,,,,Y,3,0,1,3,A,-,03,22350,,N,C,C,A,A,H,-,A,D,0,,,,,Y,,A,01,0,1,0,0,0,0,0,0,0,"- ","- ",36.823560000000001,-121.77943999999999,MONTEREY,UNINCORPORATED,-121.77945673000001,36.823598920000002
90310689,2016,2016-11-03,9730,2016-11-01,0838,018543,,2,1,9,2700,0,1,3,,2,062,"SR-1 S/B","TIOGA AVE O/C",528.00,S,N,A,-,Y,,,,,,,,,,N,4,0,1,2,A,-,03,22350,,N,C,C,A,B,H,-,A,D,0,,,,,Y,,A,01,0,0,1,0,0,0,0,0,0,"- ","- ",,,MONTEREY,UNINCORPORATED,-121.84990234999999,36.616640439999998
90311549,2016,2016-11-04,9735,2016-10-27,0511,020057,,4,3,9,2700,0,1,2,,1,041,"US-101 S/B","JOLON RD.",1056.00,N,N,A,-,Y,,,101,,,,,,S,Y,4,0,1,1,A,-,08,22107,,N,F,A,A,A,H,-,D,D,0,,,,,Y,,A,01,0,0,1,0,0,0,0,0,0,"- ","- ",36.198160000000001,-121.15164,MONTEREY,UNINCORPORATED,-121.15170876000001,36.198033819999999
90312105,2016,2016-11-07,9730,2016-10-23,2130,021359,,7,2,6,2708,0,1,2,,1,050,"US-101 SOUTHBOUND","JOHN ST",420.00,S,N,A,-,Y,,,101,,,,,,S,Y,3,0,1,1,A,-,01,23152,E,N,E,I,A,A,H,-,D,D,0,,,,,Y,,A,01,0,1,0,0,0,0,0,0,0,"- ","- ",36.66968,-121.63785,MONTEREY,SALINAS,-121.63781448,36.669747469999997
90312110,2016,2016-11-07,9730,2016-10-30,0205,021359,,7,3,9,2700,0,1,3,,1,072,"SR-156 EASTBOUND","THE SR-183 O/C",400.00,E,N,F,-,Y,,,156,,,,,,E,Y,3,0,3,2,A,-,01,23152,A,N,A,C,A,B,H,-,D,D,0,,,,,Y,Y,A,01,0,1,2,0,0,0,0,0,0,"- ","- ",36.7624,-121.75109999999999,MONTEREY,UNINCORPORATED,-121.75104643,36.762345250000003
90312194,2016,2016-11-07,9730,2016-11-04,1430,020841,,5,2,9,2700,0,3,5,,2,006,"RESERVATION ROAD","DAVIS ROAD",2957.00,W,N,A,-,N,,,,,,,,,,Y,3,0,1,2,A,-,09,21804,A,N,D,C,A,A,H,-,A,D,0,,,,,Y,,A,01,0,1,0,0,0,0,0,0,0,"- ","- ",36.384010000000004,-121.42578,MONTEREY,UNINCORPORATED,-121.70768,36.638280000000002
90312236,2016,2016-11-07,9730,2016-11-01,0850,021320,,2,1,9,2700,0,3,5,,2,007,"CASTROVILLE BLVD","SAN MIGUEL CANYON ROAD",0.00,,Y,A,-,N,,,,,,,,,,Y,4,0,1,2,A,-,09,21802,A,N,D,C,A,A,H,-,A,A,0,,,,,Y,,A,01,0,0,1,0,0,0,0,0,0,"- ","- ",36.808500000000002,-121.67193,MONTEREY,UNINCORPORATED,-121.67190992,36.808400069999998
90312241,2016,2016-11-21,9730,2016-11-04,0850,020391,,5,1,9,2700,0,3,5,,2,007,"PRUNEDALE NORTH RD","COUNTRYSIDE CT",0.00,,Y,A,-,N,,,,,,,,,,Y,3,0,2,4,A,-,09,21801,A,N,D,C,A,A,H,-,A,D,0,,,,,Y,,A,07,0,2,0,0,0,0,0,0,0,"- ","- ",36.795299999999997,-121.6673,MONTEREY,UNINCORPORATED,-121.66741987,36.79533
90312421,2016,2016-11-07,9735,2016-10-23,0740,016696,,7,1,9,2700,0,3,5,,2,003,"METZ ROAD","SPRECKLES ROAD",2640.00,N,N,A,-,N,,,,,,,,,,Y,4,0,1,1,A,-,08,22107,,N,E,I,A,A,H,-,A,D,0,,,,,Y,,A,01,0,0,1,0,0,0,0,0,0,"- ","- ",36.281840000000003,-121.14955999999999,MONTEREY,UNINCORPORATED,-121.1473239,36.27559368
90312466,2016,2016-11-07,9730,2016-10-30,0535,020208,,7,3,9,2700,0,1,2,,1,030,"US-101 S/B","5TH STREET",1350.00,N,N,B,-,Y,,,,,,,,,,Y,3,0,2,1,A,-,01,23152,A,N,E,I,A,B,H,-,D,D,0,,,,,Y,Y,A,07,0,2,0,0,0,0,0,0,0,"- ","- ",36.305900000000001,-121.2623,MONTEREY,UNINCORPORATED,-121.43972821,36.516523730000003
90312478,2016,2016-11-07,9730,2016-10-25,2030,021338,,2,2,9,2700,0,3,5,,2,004,"OLD STAGE ROAD","IVERSON ROAD",8448.00,S,N,A,-,N,,,,,,,,,,Y,4,0,1,1,A,-,03,22350,,N,E,I,A,A,H,-,C,D,0,,,,,Y,,A,08,0,0,1,0,0,0,0,0,0,"- ","- ",36.536839999999998,-121.46256,MONTEREY,UNINCORPORATED,-121.46295603,36.537336330000002
90313390,2016,2016-11-07,9735,2016-10-25,0600,016696,,2,1,9,2700,0,1,2,,1,041,"US 101 NB","CENTRAL AVENUE",319.00,S,N,B,-,Y,,,,,,,,,,Y,4,0,1,2,A,-,07,21658,A,N,C,C,A,A,H,-,D,D,0,,,,,Y,,A,01,0,0,1,0,0,0,0,0,0,"- ","- ",36.232480000000002,-121.17415,MONTEREY,UNINCORPORATED,-121.17419381000001,36.232946509999998
90314365,2016,2016-11-08,9730,2016-10-28,2350,021359,,5,3,9,2700,0,1,3,,2,062,"SR-1 NORTHBOUND","TIOGA AVE. O/C",100.00,N,N,A,-,Y,,,,,,,,,,N,3,0,1,3,A,-,07,21658,A,N,B,C,A,A,H,-,C,D,0,,,Y,,Y,Y,A,01,0,1,0,0,0,0,0,0,1,"- ","- ",36.616700000000002,-121.8496,MONTEREY,UNINCORPORATED,-121.84852846,36.61796725
90314406,2016,2016-11-08,9730,2016-11-02,1820,017803,,3,2,9,2700,0,2,4,,2,063,"BLANCO ROAD","ARMSTRONG RD",528.00,E,N,A,-,N,,,,,,,,,,N,4,0,1,2,A,-,08,22107,,N,B,G,A,A,H,-,D,D,0,,Y,,,Y,,A,01,0,0,1,0,0,0,1,0,0,"- ","- ",36.6783,-121.70569999999999,MONTEREY,UNINCORPORATED,-121.70613892,36.678478609999999
90314483,2016,2016-11-08,9730,2016-10-31,1250,014584,,1,1,9,2700,0,1,2,,1,030,US101,"ESPERANZA RD",3696.00,S,N,A,-,Y,,,101,,,,,,,Y,3,0,3,4,A,-,03,22350,,N,C,C,A,A,D,-,A,D,0,,,,,Y,,A,08,0,1,2,0,0,0,0,0,0,"- ","- ",36.584580000000003,-121.53507,MONTEREY,UNINCORPORATED,-121.53471307,36.584949090000002
90315006,2016,2016-11-09,9730,2016-11-03,0920,014584,,4,1,9,2700,0,1,2,,1,030,"US101 N/B","MAIN ST O/C",528.00,N,N,A,-,Y,,,101,,,,,,N,Y,3,0,2,3,A,-,03,22350,,N,C,A,A,A,D,-,A,D,0,,,,,Y,,D,22,0,1,1,0,0,0,0,0,0,"- ","- ",36.571629999999999,-121.52016,MONTEREY,UNINCORPORATED,-121.52014441999999,36.571646350000002
90315018,2016,2016-11-09,9730,2016-11-04,1255,016537,,5,1,9,2700,0,1,2,,1,030,"US-101 S/B","FRONT ST. U/C",1584.00,N,N,A,-,Y,,,101,,,,,,S,Y,3,0,1,1,A,-,08,22107,,N,F,I,A,A,D,H,A,D,0,,,,,Y,,A,01,0,1,0,0,0,0,0,0,0,"- ","- ",36.436160000000001,-121.34242999999999,MONTEREY,UNINCORPORATED,-121.34248042999999,36.436001949999998
90315065,2016,2016-11-09,9730,2016-11-06,2030,020621,,7,2,9,2700,0,3,5,,2,006,"RESERVATION ROAD","EAST GARRISON DRIVE",800.00,S,N,A,-,N,,,,,,,,,,Y,4,0,1,2,A,-,03,22350,,N,C,C,A,A,H,-,D,D,0,,,,,Y,,A,01,0,0,1,0,0,0,0,0,0,"- ","- ",36.391840000000002,-121.43478,MONTEREY,UNINCORPORATED,-121.73265000000001,36.655889999999999
90315494,2016,2016-11-09,9730,2016-11-08,0850,017502,,2,1,9,2700,0,1,3,,1,022,SR-1,"SR-68 (HOLMAN HIGHWAY)",1056.00,S,N,A,-,Y,,,,,,,,,,N,3,0,1,2,A,-,03,22350,,N,C,C,A,A,H,-,A,D,0,,,,,Y,,A,01,0,1,0,0,0,0,0,0,0,"- ","- ",36.341189999999997,-121.54461999999999,MONTEREY,UNINCORPORATED,-121.91303455000001,36.572004059999998
90315579,2016,2017-11-29,9730,2016-09-11,0300,019512,,7,3,9,2700,0,3,5,,2,003,"OLD STAGE ROAD","IVERSON ROAD",4752.00,S,N,B,-,N,,,,,,,,,,Y,1,1,2,1,A,-,01,23152,A,N,F,J,A,A,H,-,D,D,0,,,,,Y,Y,A,01,1,0,1,0,0,0,0,0,0,"- ","- ",36.544890000000002,-121.46896,MONTEREY,UNINCORPORATED,-121.46971434,36.545899890000001
90315925,2016,2016-11-10,9730,2016-11-06,1635,020903,,7,2,9,2700,0,1,3,,1,014,SR-1,"ANDREW MOLERA STATE PARK",100.00,S,N,A,-,Y,,,1,,,,,,,Y,3,0,2,2,A,-,05,21460,A,N,E,A,A,A,H,-,A,D,0,,,Y,,Y,,D,22,0,2,0,0,0,0,0,0,2,"- ","- ",36.2883,-121.84383,MONTEREY,UNINCORPORATED,-121.84383529,36.288286800000002
90315942,2016,2016-11-10,9730,2016-11-01,1635,015160,,2,2,9,2700,0,1,3,,1,074,SR-1,"SR-183 (MERRITT STREET)",50.00,N,N,A,-,Y,,,,,,,,,,N,4,0,1,2,A,-,21,22106,,N,C,C,A,A,H,-,A,D,0,,,,,Y,,D,22,0,0,1,0,0,0,0,0,0,"- ","- ",,,MONTEREY,UNINCORPORATED,,
90316635,2016,2016-11-10,9730,2016-11-03,1220,014584,,4,1,9,2700,0,3,5,,2,003,"RIVER RD","CHUALAR RIVER RD",3696.00,N,N,A,-,N,,,,,,,,,,Y,4,0,1,1,A,-,08,22107,,N,F,A,A,A,H,-,A,D,0,,,Y,,Y,,C,02,0,0,1,0,0,0,0,0,1,"- ","- ",36.560780000000001,-121.55407,MONTEREY,UNINCORPORATED,-121.55937087,36.562381899999998
90317009,2016,2016-11-11,9730,2016-10-19,0550,021161,,3,3,9,2700,0,1,3,,1,074,"SR-1 N/B","SALINAS ROAD",1003.00,N,N,B,C,Y,,,1,,,,,,N,Y,4,0,1,1,A,-,03,22350,,N,E,J,A,B,H,-,C,D,0,,,,,Y,,A,01,0,0,1,0,0,0,0,0,0,"- ","- ",36.881889999999999,-121.77182000000001,MONTEREY,UNINCORPORATED,-121.77194479000001,36.881869199999997
90317076,2016,2016-11-11,9730,2016-11-03,1719,015160,,4,2,9,2700,0,1,3,,1,066,"MERRITT STREET (SR-183)","WALSH STREET",75.00,S,N,A,-,Y,,,183,,,,,,,Y,4,0,1,2,A,-,03,22350,,N,C,C,A,A,H,-,A,D,0,,,,,Y,,A,01,0,0,1,0,0,0,0,0,0,"- ","- ",36.759500000000003,-121.7496,MONTEREY,UNINCORPORATED,-121.74960978999999,36.759486340000002
90317108,2016,2016-11-11,9730,2016-11-08,0730,017502,,2,1,9,2700,0,2,4,,1,023,"LAURELES GRADE","CARMEL VALLEY ROAD",0.00,,Y,A,-,N,,,,,,,,,,Y,4,0,2,2,A,-,09,21802,A,N,A,C,A,A,H,-,A,D,0,,,,,Y,,D,22,0,0,2,0,0,0,0,0,0,"- ","- ",36.304189999999998,-121.45254,MONTEREY,UNINCORPORATED,-121.75655988,36.500920100000002
90320537,2016,2016-11-16,9735,2016-10-31,0755,016696,,1,1,9,2700,0,2,4,,1,021,"JOLON ROAD","ARGYLE ROAD",12672.00,S,N,B,-,N,,,,,,,,,,Y,4,0,1,1,A,-,08,22107,,N,E,I,A,A,H,-,A,D,0,,,,,Y,,A,08,0,0,1,0,0,0,0,0,0,"- ","- ",35.990989999999996,-121.17945,MONTEREY,UNINCORPORATED,-121.17935826999999,35.99034846
90320731,2016,2016-11-16,9730,2016-11-06,1935,020916,,7,2,9,2700,0,1,2,,1,030,"US-101 SOUTHBOUND","ARROYO SECO RD",3432.00,N,N,A,-,Y,,,101,,,,,,S,Y,4,0,1,2,A,-,03,22350,,N,C,C,A,A,D,-,D,D,0,,,,,Y,,A,01,0,0,1,0,0,0,0,0,0,"- ","- ",36.412430000000001,-121.32047,MONTEREY,UNINCORPORATED,-121.32036814999999,36.412462750000003
90320861,2016,2016-11-16,9730,2016-11-08,0427,020970,,2,3,9,2700,0,1,2,,1,030,"US-101 S/B","ESPERANZA RD",600.00,S,N,A,-,Y,,,101,,,,,,S,Y,4,0,1,2,A,-,03,22350,,N,C,C,A,A,H,-,D,D,0,,,,Y,Y,,A,01,0,0,1,0,0,0,0,0,0,"- ","- ",36.588290000000001,-121.53825000000001,MONTEREY,UNINCORPORATED,-121.53820951,36.58833173
90321080,2016,2016-11-16,9730,2016-11-12,1700,020514,,6,2,9,2700,0,1,2,,1,070,"US-101 S/B","PESANTE ROAD",400.00,N,N,B,-,Y,,,101,,,,,,S,N,4,0,2,2,A,-,03,22350,,N,C,C,A,A,H,-,A,D,0,,,,,Y,,A,01,0,0,2,0,0,0,0,0,0,"- ","- ",36.778930000000003,-121.6696,MONTEREY,UNINCORPORATED,-121.66963413000001,36.778931749999998
90321671,2016,2017-03-14,9730,2016-11-09,1822,021359,,3,2,6,2708,0,1,2,,1,050,"US-101 N/B","LAUREL DRIVE",1056.00,N,N,A,-,Y,,,101,,,,,,N,Y,3,0,1,4,A,-,03,22350,,N,C,C,E,A,H,-,D,D,0,Y,,,,Y,,A,01,0,1,0,0,1,0,0,0,0,"- ","- ",36.706099999999999,-121.6653,MONTEREY,SALINAS,-121.665486,36.706185419999997
90321710,2016,2016-11-17,9730,2016-11-12,0100,021396,,6,3,9,2700,0,1,2,,1,030,"US-101 S/B TO SR-146","SR-146 O/C",50.00,S,N,A,-,Y,,,101,,,,R,,S,Y,3,0,3,1,A,-,03,22350,,N,F,A,A,A,H,-,D,D,0,,,,,Y,,A,01,0,1,2,0,0,0,0,0,0,"- ","- ",36.417369999999998,-121.32271,MONTEREY,UNINCORPORATED,-121.32271,36.417369999999998