CASE_ID,ACCIDENT_YEAR,PROC_DATE,JURIS,COLLISION_DATE,COLLISION_TIME,OFFICER_ID,REPORTING_DISTRICT,DAY_OF_WEEK,CHP_SHIFT,POPULATION,CNTY_CITY_LOC,SPECIAL_COND,BEAT_TYPE,CHP_BEAT_TYPE,CITY_DIVISION_LAPD,CHP_BEAT_CLASS,BEAT_NUMBER,PRIMARY_RD,SECONDARY_RD,DISTANCE,DIRECTION,INTERSECTION,WEATHER_1,WEATHER_2,STATE_HWY_IND,CALTRANS_COUNTY,CALTRANS_DISTRICT,STATE_ROUTE,ROUTE_SUFFIX,POSTMILE_PREFIX,POSTMILE,LOCATION_TYPE,RAMP_INTERSECTION,SIDE_OF_HWY,TOW_AWAY,COLLISION_SEVERITY,NUMBER_KILLED,NUMBER_INJURED,PARTY_COUNT,PRIMARY_COLL_FACTOR,PCF_CODE_OF_VIOL,PCF_VIOL_CATEGORY,PCF_VIOLATION,PCF_VIOL_SUBSECTION,HIT_AND_RUN,TYPE_OF_COLLISION,MVIW,PED_ACTION,ROAD_SURFACE,ROAD_COND_1,ROAD_COND_2,LIGHTING,CONTROL_DEVICE,CHP_ROAD_TYPE,PEDESTRIAN_ACCIDENT,BICYCLE_ACCIDENT,MOTORCYCLE_ACCIDENT,TRUCK_ACCIDENT,NOT_PRIVATE_PROPERTY,ALCOHOL_INVOLVED,STWD_VEHTYPE_AT_FAULT,CHP_VEHTYPE_AT_FAULT,COUNT_SEVERE_INJ,COUNT_VISIBLE_INJ,COUNT_COMPLAINT_PAIN,COUNT_PED_KILLED,COUNT_PED_INJURED,COUNT_BICYCLIST_KILLED,COUNT_BICYCLIST_INJURED,COUNT_MC_KILLED,COUNT_MC_INJURED,PRIMARY_RAMP,SECONDARY_RAMP,LATITUDE,LONGITUDE,COUNTY,CITY,POINT_X,POINT_Y
90321850,2016,2016-11-17,9730,2016-11-13,0711,019745,,7,1,9,2700,0,3,5,,2,004,"ENCINAL RD (25800 BLOCK)","OLD STAGE RD",3696.00,S,N,A,-,N,,,,,,,,,,Y,4,0,1,2,A,-,03,22350,,N,C,C,A,A,H,-,A,D,0,,,,,Y,,A,01,0,0,1,0,0,0,0,0,0,"- ","- ",36.622599999999998,-121.5188,MONTEREY,UNINCORPORATED,-121.51860944000001,36.622562690000002
90321872,2016,2016-11-17,9730,2016-11-13,0224,020990,,7,3,9,2700,0,3,5,,2,007,"COMUNIDAD WAY","LOS NINOS PLACE",195.00,N,N,A,-,N,,,,,,,,,,N,3,0,1,3,A,-,08,22107,,M,E,E,A,A,H,-,D,D,0,,,,,Y,Y,A,01,0,1,0,0,0,0,0,0,0,"- ","- ",36.785960000000003,-121.72936,MONTEREY,UNINCORPORATED,-121.72931692,36.785835040000002
90321944,2016,2016-11-17,9735,2016-11-07,1808,017952,,1,2,9,2700,0,1,2,,2,042,"US-101 N/B","LAYOUS O/C",595.00,S,N,A,-,Y,,,101,,,,,,N,Y,4,0,1,2,A,-,01,23152,A,N,C,C,A,A,H,-,D,D,0,,,,,Y,Y,A,08,0,0,1,0,0,0,0,0,0,"- ","- ",36.168320000000001,-121.05723,MONTEREY,UNINCORPORATED,-121.05727874999999,36.16827644
90321953,2016,2016-11-17,9730,2016-11-14,1512,019956,,1,2,9,2700,0,3,5,,2,006,"COOPER RD","WEST BLANCO RD",1056.00,N,N,B,-,N,,,,,,,,,,Y,3,0,1,1,A,-,08,22107,,N,F,A,A,A,H,-,A,D,0,,,,,Y,,A,07,0,1,0,0,0,0,0,0,0,"- ","- ",36.680959999999999,-121.73497,MONTEREY,UNINCORPORATED,-121.73506,36.681600760000002
90325453,2016,2016-11-21,9730,2016-11-04,2111,020990,,5,2,9,2700,0,2,4,,1,073,"HALL ROAD","LAS LOMAS DRIVE",125.00,E,N,A,-,N,,,,,,,,,,Y,4,0,1,2,A,-,03,22350,,F,C,C,A,A,H,-,C,D,0,,,,,Y,,A,01,0,0,1,0,0,0,0,0,0,"- ","- ",36.865119999999997,-121.7333,MONTEREY,UNINCORPORATED,-121.73330899,36.86508954
90325474,2016,2016-11-21,9730,2016-11-09,0554,021320,,3,3,9,2700,0,2,4,,1,073,"SALINAS ROAD","RAILROAD AVE",440.00,E,N,E,-,N,,,,,,,,,,N,2,0,1,2,A,-,11,21954,A,F,G,B,E,A,H,-,B,D,0,Y,,,,Y,,N,60,1,0,0,0,1,0,0,0,0,"- ","- ",36.896970000000003,-121.74777,MONTEREY,UNINCORPORATED,-121.74764116,36.894505029999998
90325479,2016,2016-11-21,9730,2016-11-09,1440,015160,,3,2,9,2700,0,3,5,,2,007,"STRAWBERRY CANYON ROAD","TUCKER ROAD",273.00,E,N,A,-,N,,,,,,,,,,N,4,0,1,2,A,-,09,21804,A,N,D,G,A,A,H,-,A,D,0,,Y,,,Y,,L,04,0,0,1,0,0,0,1,0,0,"- ","- ",38.827779999999997,-121.7079,MONTEREY,UNINCORPORATED,,
90325492,2016,2016-11-21,9730,2016-11-12,1253,019745,,6,1,9,2700,0,3,5,,2,006,"ESPINOSA RD",SR-183,1056.00,E,N,A,-,N,,,,,,,,,,Y,3,0,1,1,A,-,01,23152,A,N,F,I,A,A,H,-,A,D,0,,,,,Y,Y,A,01,0,1,0,0,0,0,0,0,0,"- ","- ",36.742199999999997,-121.7328,MONTEREY,UNINCORPORATED,,
90325494,2016,2016-11-23,9730,2016-11-12,0300,021396,,6,3,9,2700,0,3,5,,2,007,"TUSTIN ROAD","FRANKIE LANE",1056.00,S,N,A,-,N,,,,,,,,,,Y,2,0,1,1,A,-,01,23152,A,N,H,H,A,A,C,-,D,D,0,,,Y,,Y,Y,C,02,1,0,0,0,0,0,0,0,1,"- ","- ",36.818820000000002,-121.64785000000001,MONTEREY,UNINCORPORATED,-121.6477483,36.818862060000001
90325495,2016,2016-11-21,9730,2016-11-14,1800,019956,,1,2,9,2700,0,1,3,,2,062,"S/B SR-1 OFF RAMP TO IMJIN PARKWAY","IMJIN PARKWAY",140.00,N,N,E,-,Y,,,1,,,,R,,,Y,4,0,5,3,A,-,03,22350,,N,C,C,A,B,H,-,C,D,0,,,,,Y,,A,07,0,0,5,0,0,0,0,0,0,"- ","- ",36.670769999999997,-121.81273,MONTEREY,UNINCORPORATED,-121.81273,36.670769999999997
90325503,2016,2016-11-21,9730,2016-11-11,2031,021009,,5,2,9,2700,0,1,3,,2,062,"SR-1 S/B","FREMONT BOULEVARD",5280.00,N,N,A,-,Y,,,1,,,,,,S,Y,3,0,1,2,A,-,07,21658,A,N,B,C,A,A,H,-,D,D,0,,,,,Y,,D,22,0,1,0,0,0,0,0,0,0,"- ","- ",36.636519999999997,-121.8309,MONTEREY,UNINCORPORATED,-121.83088074,36.636503509999997
90325513,2016,2016-11-21,9730,2016-11-12,1145,016537,,6,1,9,2700,0,2,4,,1,023,"CARMEL VALLEY RD.","RANA CREEK",3696.00,W,N,A,-,N,,,,,,,,,,Y,4,0,1,1,A,-,03,22350,,N,A,I,A,A,H,-,A,D,0,,,Y,,Y,,C,02,0,0,1,0,0,0,0,0,1,"- ","- ",36.441180000000003,-121.6407,MONTEREY,UNINCORPORATED,,
90325521,2016,2016-11-21,9730,2016-11-13,1625,020933,,7,2,9,2700,0,1,3,,1,074,SR-1,"JETTY ROAD",300.00,S,N,E,-,Y,,,1,,,,,,,Y,4,0,2,2,A,-,03,22350,,N,C,C,A,A,H,-,A,D,0,,,,,Y,,A,07,0,0,2,0,0,0,0,0,0,"- ","- ",36.816389999999998,-121.78583,MONTEREY,UNINCORPORATED,-121.78584032000001,36.816389219999998
90325556,2016,2016-11-21,9730,2016-11-16,2038,021396,,3,2,9,2700,0,1,2,,1,070,"US-101 NB","CRAZY HORSE CANYON ROAD",1056.00,S,N,A,-,Y,,,101,,,,,,N,Y,3,0,1,3,A,-,03,22350,,N,C,C,A,A,H,-,D,D,0,,,,Y,Y,,A,01,0,1,0,0,0,0,0,0,0,"- ","- ",36.815280000000001,-121.6387,MONTEREY,UNINCORPORATED,-121.63872726,36.815324650000001
90325585,2016,2016-11-21,9730,2016-11-12,1340,020391,,6,1,9,2700,0,1,2,,1,070,"US-101 SOUTHBOUND","SAN MIGUEL CYN RD",2376.00,S,N,A,-,Y,,,101,,,,,,S,Y,3,0,5,3,A,-,03,22350,,N,C,C,A,A,H,-,A,D,0,,,,,Y,,D,22,0,2,3,0,0,0,0,0,0,"- ","- ",36.793300000000002,-121.66679999999999,MONTEREY,UNINCORPORATED,-121.66688069,36.793316439999998
90325799,2016,2016-11-21,9730,2016-11-15,1625,020841,,2,2,9,2700,0,2,4,,1,073,"SAN MIGUEL CANYON ROAD",US-101,195.00,W,N,B,-,N,,,,,,,,,,Y,4,0,1,2,A,-,03,22350,,N,C,C,A,A,H,-,A,D,0,,,,,Y,,A,01,0,0,1,0,0,0,0,0,0,"- ","- ",36.475999999999999,-121.39561999999999,MONTEREY,UNINCORPORATED,-121.66459961,36.79987002
90325835,2016,2016-11-21,9730,2016-11-13,1800,020514,,7,2,9,2700,0,3,5,,2,007,"MERIDIAN ROAD","ARCHER ROAD",1000.00,E,N,E,-,N,,,,,,,,,,Y,4,0,3,2,A,-,05,21460,A,N,A,C,A,A,H,-,D,D,0,,,,,Y,,A,01,0,0,3,0,0,0,0,0,0,"- ","- ",36.788899999999998,-121.69752,MONTEREY,UNINCORPORATED,-121.69814913,36.788943420000003
90325954,2016,2016-11-21,9730,2016-11-10,0840,014584,,4,1,9,2700,0,1,2,,1,050,"US101 N/B","ECKHART RD",50.00,S,N,A,-,Y,,,101,,,,,,N,Y,4,0,3,4,A,-,09,21801,A,F,C,C,A,A,H,-,A,D,0,,,,,Y,,-,99,0,0,3,0,0,0,0,0,0,"- ","- ",36.61694,-121.57254,MONTEREY,UNINCORPORATED,-121.57255646,36.616917430000001
90326674,2016,2016-11-21,9730,2016-08-06,1800,020931,,6,2,9,2700,0,2,4,,1,073,"ELKHORN ROAD","GARIN ROAD",219.00,W,N,B,-,N,,,,,,,,,,Y,1,1,1,1,A,-,01,23152,A,N,E,I,A,A,H,-,A,D,0,,,,,Y,Y,A,07,1,0,0,0,0,0,0,0,0,"- ","- ",36.87482,-121.74533,MONTEREY,UNINCORPORATED,-121.74473501,36.873977670000002
90326749,2016,2016-11-21,9730,2016-11-12,1146,016537,,6,1,9,2700,0,2,4,,1,023,"CARMEL VALLEY RD.","RANA CREEK",3696.00,W,N,A,-,N,,,,,,,,,,Y,4,0,1,1,A,-,03,22350,,N,F,J,A,A,H,-,A,D,0,,,Y,,Y,,C,02,0,0,1,0,0,0,0,0,1,"- ","- ",36.441180000000003,-121.6407,MONTEREY,UNINCORPORATED,,
90327183,2016,2016-11-22,9730,2016-11-15,1745,021359,,2,2,9,2700,0,3,5,,2,003,"IVERSON ROAD","OLD STAGE ROAD",8976.00,E,N,A,-,N,,,,,,,,,,Y,3,0,1,1,A,-,08,22107,,N,E,I,A,A,H,-,E,D,0,,,,,Y,,A,01,0,1,0,0,0,0,0,0,0,"- ","- ",36.558120000000002,-121.44840000000001,MONTEREY,UNINCORPORATED,-121.44777698,36.558058989999999
90327526,2016,2016-11-22,9730,2016-11-19,2020,018810,,6,2,9,2700,0,1,3,,2,062,"SR-1 N/B","IRIS CANYON ROAD O/C",500.00,N,N,B,C,Y,,,,,,,,,,Y,3,0,3,2,A,-,03,22350,,N,C,C,A,B,H,-,C,D,0,,,,,Y,,A,01,0,2,1,0,0,0,0,0,0,"- ","- ",36.583530000000003,-121.88853,MONTEREY,UNINCORPORATED,-121.88957439000001,36.583356940000002
90328241,2016,2016-11-23,9730,2016-11-17,1715,021359,,4,2,9,2700,0,1,3,,1,066,SR-183,"ESPINOSA ROAD",500.00,S,N,A,-,Y,,,183,,,,,,,Y,4,0,2,3,A,-,03,22350,,N,C,C,A,A,H,-,C,D,0,,,,,Y,,A,01,0,0,2,0,0,0,0,0,0,"- ","- ",36.7423,-121.7393,MONTEREY,UNINCORPORATED,-121.73940374999999,36.742268529999997
90328274,2016,2016-11-23,9730,2016-11-17,2108,021396,,4,2,9,2700,0,1,3,,1,074,"SR-1 N/B","DOLAN ROAD",200.00,N,N,A,-,Y,,,1,,,,,,N,Y,4,0,1,2,A,-,03,22350,,F,C,C,A,A,H,-,D,D,0,,,,,Y,,A,01,0,0,1,0,0,0,0,0,0,"- ","- ",36.804650000000002,-121.78371,MONTEREY,UNINCORPORATED,-121.78376391,36.804653250000001
90328952,2016,2016-11-23,9730,2016-11-21,1700,021359,,1,2,6,2708,0,1,2,,1,050,"US-101 N/B","SANBORN ROAD",400.00,S,N,A,-,Y,,,101,,,,,,N,Y,4,0,1,2,A,-,03,22350,,N,C,C,A,A,H,-,C,D,0,,,,,Y,,A,01,0,0,1,0,0,0,0,0,0,"- ","- ",36.666400000000003,-121.6275,MONTEREY,SALINAS,-121.62748655,36.666424859999999
90329924,2016,2016-11-28,9730,2016-11-19,2142,020933,,6,2,9,2700,0,1,2,,1,030,"US-101 NORTHBOUND","SOLEDAD PRISON O/C",785.00,S,N,C,-,Y,,,101,,,,,,N,Y,4,0,1,1,A,-,01,23152,A,N,E,I,A,B,H,-,D,D,0,,,,,Y,Y,A,01,0,0,1,0,0,0,0,0,0,"- ","- ",36.464419999999997,-121.38630999999999,MONTEREY,UNINCORPORATED,-121.38636581,36.464309270000001
90329950,2016,2016-11-28,9730,2016-11-20,1025,018820,,7,1,9,2700,0,3,5,,2,003,"RIVER RD.","PARKER RD.",7392.00,S,N,A,B,N,,,,,,,,,,Y,4,0,1,1,A,-,08,22107,,N,F,A,A,A,H,-,A,D,0,,,,,Y,,A,01,0,0,1,0,0,0,0,0,0,"- ","- ",36.575020000000002,-121.58591,MONTEREY,UNINCORPORATED,-121.58608541,36.575140599999997
90330015,2016,2016-11-28,9730,2016-11-23,0540,017580,,3,3,9,2700,0,2,4,,1,075,"SAN JUAN ROAD","SAN MIGUEL CANYON ROAD",1056.00,E,N,B,E,N,,,,,,,,,,Y,4,0,2,2,A,-,03,22350,,N,C,C,A,B,H,-,D,D,0,,,,,Y,,D,22,0,0,2,0,0,0,0,0,0,"- ","- ",36.899439999999998,-121.68894,MONTEREY,UNINCORPORATED,-121.68725179,36.898932619999997
90330025,2016,2016-11-28,9730,2016-11-23,1330,012332,,3,1,9,2700,0,3,5,,2,006,"PRUNEDALE SOUTH RD","BLACKIE RD",0.00,,Y,A,-,N,,,,,,,,,,Y,4,0,1,2,A,-,09,21801,A,N,D,C,A,A,H,-,A,A,0,,,,,Y,Y,A,07,0,0,1,0,0,0,0,0,0,"- ","- ",36.774610000000003,-121.67175,MONTEREY,UNINCORPORATED,-121.67185995,36.774670090000001
90330045,2016,2016-11-28,9730,2016-11-23,0520,014584,,3,3,9,2700,0,1,2,,1,030,"US101 S/B OLD STAGE OFF-RAMP","FOLETTA RD",0.00,,Y,B,-,Y,,,101,,,,,,S,Y,4,0,1,2,A,-,09,21802,A,N,D,C,A,A,H,-,C,D,0,,,,,Y,,A,08,0,0,1,0,0,0,0,0,0,"- ","- ",36.523629999999997,-121.46595000000001,MONTEREY,UNINCORPORATED,-121.46578818,36.524025350000002
90330056,2016,2016-11-28,9730,2016-11-20,1351,019569,,7,1,9,2700,0,2,4,,1,075,"SAN JUAN RD","PORTER DR",160.00,E,N,B,-,N,,,,,,,,,,N,4,0,1,2,A,-,09,21804,A,F,D,C,A,A,H,-,A,D,0,,,,,Y,,-,99,0,0,1,0,0,0,0,0,0,"- ","- ",36.904510000000002,-121.74996,MONTEREY,UNINCORPORATED,-121.74985273,36.904515660000001
90330070,2016,2016-11-28,9730,2016-11-26,1650,019956,,6,2,9,2700,0,1,3,,1,074,SR-1,SR-183,1056.00,S,N,B,-,Y,,,1,,,,,,,Y,4,0,1,2,A,-,09,21801,A,N,D,C,A,B,H,-,B,D,0,,,,,Y,,D,22,0,0,1,0,0,0,0,0,0,"- ","- ",36.763100000000001,-121.76562,MONTEREY,UNINCORPORATED,-121.76556171,36.763093920000003
90330072,2016,2016-11-28,9730,2016-11-25,1430,020701,,5,2,9,2700,0,1,3,,1,072,"SR-156 WESTBOUND","OAK HILLS DRIVE",1700.00,E,N,A,-,Y,,,156,,,,,,W,Y,4,0,1,2,A,-,03,22350,,N,C,C,A,A,H,-,A,D,0,,,,,Y,,A,07,0,0,1,0,0,0,0,0,0,"- ","- ",36.781550000000003,-121.69789,MONTEREY,UNINCORPORATED,-121.69788529,36.781533639999999
90330644,2016,2016-11-28,9730,2016-11-25,1136,019569,,5,1,9,2700,0,1,3,,1,066,"SR-183 (MERRITT ST)","PRESTON ST",0.00,,Y,A,-,Y,,,183,,,,,,,Y,4,0,2,3,A,-,09,21802,A,N,D,C,A,A,H,-,A,A,0,,,,,Y,,D,22,0,0,2,0,0,0,0,0,0,"- ","- ",36.76587,-121.75841,MONTEREY,UNINCORPORATED,-121.75835381,36.765947590000003
90331871,2016,2016-11-29,9730,2016-11-21,0339,020990,,1,3,9,2700,0,1,3,,1,066,SR-183,"COOPER ROAD",1200.00,N,N,B,-,Y,,,183,,,,,,,Y,3,0,1,1,A,-,01,23152,A,N,E,I,A,A,H,-,D,D,0,,,,,Y,Y,A,01,0,1,0,0,0,0,0,0,0,"- ","- ",36.716090000000001,-121.72002999999999,MONTEREY,UNINCORPORATED,-121.71996660000001,36.716151230000001
90332151,2016,2016-11-29,9730,2016-11-26,0833,019569,,6,1,9,2700,0,1,3,,2,062,"SR-1 NB","IMJIN PARKWAY",2640.00,N,N,C,-,Y,,,1,,,,,,N,Y,4,0,1,1,A,-,08,22107,,N,F,A,A,B,H,-,A,D,0,,,,,Y,,A,01,0,0,1,0,0,0,0,0,0,"- ","- ",36.675150000000002,-121.80871999999999,MONTEREY,UNINCORPORATED,-121.80872268,36.675151990000003
90332158,2016,2016-11-29,9730,2016-11-26,1003,019569,,6,1,9,2700,0,1,3,,1,066,SR-183,"COOPER RD",1056.00,N,N,C,-,Y,,,183,,,,,,,Y,4,0,1,1,A,-,08,22107,,N,E,I,A,B,H,-,A,D,0,,,,,Y,,A,07,0,0,1,0,0,0,0,0,0,"- ","- ",36.71734,-121.72081,MONTEREY,UNINCORPORATED,-121.72096332,36.717200099999999
90332275,2016,2016-11-29,9730,2016-11-27,1948,020841,,7,2,9,2700,0,2,4,,1,073,"SALINAS ROAD N/B","TRAFTON ROAD",0.00,,Y,A,-,N,,,,,,,,,,Y,4,0,1,2,A,-,08,22107,,N,D,C,A,A,H,-,D,D,0,,,,,Y,,A,07,0,0,1,0,0,0,0,0,0,"- ","- ",36.531230000000001,-121.44495999999999,MONTEREY,UNINCORPORATED,-121.74710997,36.886790009999999
90332538,2016,2016-11-29,9730,2016-11-28,1805,019956,,1,2,9,2700,0,3,5,,2,002,"CARPENTER ST",SR-1,20.00,E,N,A,-,Y,,,,,,,,,,Y,4,0,1,2,A,-,03,22350,,N,C,C,A,A,H,-,C,D,0,,,,,Y,,A,01,0,0,1,0,0,0,0,0,0,"- ","- ",36.566769999999998,-121.91284,MONTEREY,UNINCORPORATED,-121.91293,36.566980000000001
90332605,2016,2016-11-29,9730,2016-11-24,1038,021407,,4,1,9,2700,0,1,3,,1,024,"SR-68 (HOLMAN HWY)","SKYLINE FOREST DRIVE",336.00,E,N,A,-,Y,,,68,,,,,,,Y,4,0,1,2,A,-,09,21801,A,N,D,C,A,A,H,-,A,D,0,,,,,Y,,A,01,0,0,1,0,0,0,0,0,0,"- ","- ",36.5852,-121.9187,MONTEREY,UNINCORPORATED,-121.9186855,36.58519484
90334357,2016,2016-12-01,9730,2016-11-08,1802,018312,,2,2,9,2700,0,1,2,,1,050,"US 101 (NORTHBOUND)","ECKHARDT ROAD",0.00,,Y,A,-,Y,,,,,,,,,,Y,3,0,1,2,A,-,09,21801,A,N,D,C,A,A,H,-,D,D,0,,,,Y,Y,,G,25,0,1,0,0,0,0,0,0,0,"- ","- ",36.617139999999999,-121.57273000000001,MONTEREY,UNINCORPORATED,,
90334412,2016,2016-12-01,9730,2016-11-23,0028,021396,,3,3,9,2700,0,1,2,,1,030,"US-101 N/B","OLD STAGE ROAD",6336.00,N,N,A,-,Y,,,101,,,,,,N,Y,4,0,1,1,A,-,01,23152,A,N,F,A,A,A,H,-,D,D,0,,,,,Y,Y,A,01,0,0,1,0,0,0,0,0,0,"- ","- ",36.537109999999998,-121.48199,MONTEREY,UNINCORPORATED,-121.48194444000001,36.537164390000001
90334432,2016,2016-12-01,9730,2016-11-26,0820,020391,,6,1,9,2700,0,1,2,,1,070,"US-101 NORTHBOUND","SALA RD",1320.00,S,N,B,C,Y,,,101,,,,,,N,N,4,0,1,1,A,-,03,22350,,N,E,I,A,B,H,-,A,D,0,,,,,Y,,D,22,0,0,1,0,0,0,0,0,0,"- ","- ",36.740200000000002,-121.6587,MONTEREY,UNINCORPORATED,-121.65905497999999,36.740063229999997
90335157,2016,2016-12-01,9730,2016-11-29,0748,021407,,2,1,9,2700,0,1,3,,1,066,SR-183,"BLACKIE RD",338.00,N,N,A,-,Y,,,183,,,,,,,Y,3,0,2,2,A,-,03,22350,,N,C,C,A,A,H,-,A,D,0,,,,,Y,,A,07,0,1,1,0,0,0,0,0,0,"- ","- ",36.758099999999999,-121.7478,MONTEREY,UNINCORPORATED,-121.74775763,36.758159200000001
90338869,2016,2016-12-07,9730,2016-11-18,1801,020899,,5,2,9,2700,0,1,3,,1,022,"NORTHBOUND SR-1","POINT LOBOS",1662.00,S,N,A,-,Y,,,1,,,,,,,N,3,0,1,2,A,-,05,21460,A,F,B,C,A,A,H,-,D,D,0,,,,,Y,,-,99,0,1,0,0,0,0,0,0,0,"- ","- ",36.511490000000002,-121.93801000000001,MONTEREY,UNINCORPORATED,-121.93808348,36.511495089999997
90339296,2016,2016-12-07,9730,2016-11-29,1755,018810,,2,2,9,2700,0,1,3,,2,062,"SR-1 N/B","IMJIN PARKWAY O/C",300.00,S,N,A,-,Y,,,1,,,,,,N,Y,4,0,1,4,A,-,03,22350,,N,C,C,A,A,H,-,C,D,0,,,,,Y,,A,01,0,0,1,0,0,0,0,0,0,"- ","- ",36.664670000000001,-121.81538999999999,MONTEREY,UNINCORPORATED,-121.81543490999999,36.664686150000001
90339307,2016,2016-12-07,9730,2016-11-29,0845,019745,,2,1,9,2700,0,1,3,,2,062,"SR-1 (S/B)","IRIS CANYON RD",2640.00,N,N,A,-,Y,,,,,,,,,,N,4,0,1,2,A,-,07,21658,A,N,B,C,A,A,H,-,A,D,0,,,,,Y,,A,01,0,0,1,0,0,0,0,0,0,"- ","- ",36.585999999999999,-121.8835,MONTEREY,UNINCORPORATED,-121.88336135,36.5862701
90339326,2016,2016-12-07,9730,2016-11-29,1440,020514,,2,2,9,2700,0,3,5,,2,006,"ESPINOSA ROAD","RODGERS RD",5280.00,E,N,A,-,N,,,,,,,,,,Y,4,0,3,2,A,-,03,22350,,N,C,C,A,A,H,-,A,D,0,,,,,Y,,A,07,0,0,3,0,0,0,0,0,0,"- ","- ",36.739449999999998,-121.67411,MONTEREY,UNINCORPORATED,-121.67437400999999,36.739542839999999
90339743,2016,2016-12-07,9730,2016-11-30,1720,020514,,3,2,9,2700,0,1,2,,1,030,"US-101 N/B","SPENCE ROAD",0.00,,Y,B,-,Y,,,101,,,,,,N,Y,3,0,2,2,A,-,09,21801,A,N,D,C,A,A,H,-,D,D,0,,,,,Y,,A,01,0,1,1,0,0,0,0,0,0,"- ","- ",36.612830000000002,-121.56695999999999,MONTEREY,UNINCORPORATED,-121.5669566,36.612834620000001
90339758,2016,2016-12-07,9730,2016-11-30,1420,020701,,3,2,9,2700,0,1,2,,1,050,"US-101 NORTHBOUND","BORONDA ROAD",1200.00,S,N,A,-,Y,,,,,,,,,,Y,4,0,1,4,A,-,03,22350,,N,C,C,A,A,H,-,A,D,0,,,,,Y,,A,01,0,0,1,0,0,0,0,0,0,"- ","- ",36.718530000000001,-121.66068,MONTEREY,UNINCORPORATED,-121.66083814,36.718798319999998
90339761,2016,2016-12-07,9730,2016-11-30,1835,020841,,3,2,9,2700,0,2,4,,1,073,"SALINAS ROAD","FREMONT STREET",0.00,,Y,A,-,N,,,,,,,,,,Y,4,0,1,2,A,-,09,21801,A,N,A,C,A,A,H,-,D,D,0,,,,,Y,,A,01,0,0,1,0,0,0,0,0,0,"- ","- ",36.535469999999997,-121.44525,MONTEREY,UNINCORPORATED,-121.74798991999999,36.898600010000003
90340174,2016,2016-12-08,9730,2016-12-01,1510,020065,,4,2,9,2700,0,1,2,,1,030,"US -101 S/B","SOLEDAD PRISON RD.",1850.00,S,N,A,-,Y,,,,,,,,,,Y,4,0,2,4,A,-,07,21658,A,N,B,C,A,A,D,-,A,D,0,,,,,Y,,A,01,0,0,2,0,0,0,0,0,0,"- ","- ",36.461649999999999,-121.38302,MONTEREY,UNINCORPORATED,-121.38296543,36.461622069999997
90340206,2016,2016-12-08,9730,2016-12-01,1750,018810,,4,2,9,2700,0,1,3,,2,062,"SR-1 N/B","IMJIN PARKWAY O/C",1584.00,S,N,A,-,Y,,,1,,,,,,N,Y,4,0,1,2,A,-,03,22350,,N,C,C,A,A,H,-,C,D,0,,,,,Y,,A,01,0,0,1,0,0,0,0,0,0,"- ","- ",36.661459999999998,-121.81628000000001,MONTEREY,UNINCORPORATED,-121.81620321,36.661453330000001
90340270,2016,2016-12-08,9730,2016-12-01,1150,021407,,4,1,9,2700,0,3,5,,2,007,"JENSEN ROAD","BLUFF ROAD",358.00,E,N,A,-,N,,,,,,,,,,N,4,0,1,2,A,-,03,22350,,F,C,C,A,A,H,-,A,D,0,,,,,Y,,A,01,0,0,1,0,0,0,0,0,0,"- ","- ",36.852200000000003,-121.7831,MONTEREY,UNINCORPORATED,-121.78275812,36.852502459999997
90340432,2016,2016-12-08,9730,2016-12-02,1408,020514,,5,2,9,2700,0,1,2,,1,030,"US-101 S/B","FOLETTA ROAD",1500.00,N,N,A,-,Y,,,101,,,,,,S,Y,4,0,1,2,A,-,07,21658,A,F,E,I,A,A,H,-,A,D,0,,,,,Y,,-,99,0,0,1,0,0,0,0,0,0,"- ","- ",36.526960000000003,-121.46975,MONTEREY,UNINCORPORATED,-121.46984084,36.526850199999998
90340617,2016,2016-12-08,9730,2016-12-04,1750,020701,,7,2,9,2700,0,2,4,,1,075,"SALINAS ROAD","JONATHAN ST",75.00,N,N,A,-,N,,,,,,,,,,Y,4,0,1,3,A,-,03,22350,,N,C,C,A,A,H,-,C,D,0,,,,,Y,,A,07,0,0,1,0,0,0,0,0,0,"- ","- ",36.901110000000003,-121.74813,MONTEREY,UNINCORPORATED,-121.74818397999999,36.901025740000001
90341797,2016,2016-12-12,9730,2016-12-02,1834,021338,,5,2,9,2700,0,2,4,,1,075,"SAN JUAN ROAD","AROMAS ROAD",0.00,,Y,A,-,N,,,,,,,,,,Y,4,0,1,2,A,-,09,21802,A,N,D,C,A,A,H,-,D,A,0,,,,,Y,,A,07,0,0,1,0,0,0,0,0,0,"- ","- ",36.882559999999998,-121.66181,MONTEREY,UNINCORPORATED,-121.66188996,36.882570110000003