CASE_ID,ACCIDENT_YEAR,PROC_DATE,JURIS,COLLISION_DATE,COLLISION_TIME,OFFICER_ID,REPORTING_DISTRICT,DAY_OF_WEEK,CHP_SHIFT,POPULATION,CNTY_CITY_LOC,SPECIAL_COND,BEAT_TYPE,CHP_BEAT_TYPE,CITY_DIVISION_LAPD,CHP_BEAT_CLASS,BEAT_NUMBER,PRIMARY_RD,SECONDARY_RD,DISTANCE,DIRECTION,INTERSECTION,WEATHER_1,WEATHER_2,STATE_HWY_IND,CALTRANS_COUNTY,CALTRANS_DISTRICT,STATE_ROUTE,ROUTE_SUFFIX,POSTMILE_PREFIX,POSTMILE,LOCATION_TYPE,RAMP_INTERSECTION,SIDE_OF_HWY,TOW_AWAY,COLLISION_SEVERITY,NUMBER_KILLED,NUMBER_INJURED,PARTY_COUNT,PRIMARY_COLL_FACTOR,PCF_CODE_OF_VIOL,PCF_VIOL_CATEGORY,PCF_VIOLATION,PCF_VIOL_SUBSECTION,HIT_AND_RUN,TYPE_OF_COLLISION,MVIW,PED_ACTION,ROAD_SURFACE,ROAD_COND_1,ROAD_COND_2,LIGHTING,CONTROL_DEVICE,CHP_ROAD_TYPE,PEDESTRIAN_ACCIDENT,BICYCLE_ACCIDENT,MOTORCYCLE_ACCIDENT,TRUCK_ACCIDENT,NOT_PRIVATE_PROPERTY,ALCOHOL_INVOLVED,STWD_VEHTYPE_AT_FAULT,CHP_VEHTYPE_AT_FAULT,COUNT_SEVERE_INJ,COUNT_VISIBLE_INJ,COUNT_COMPLAINT_PAIN,COUNT_PED_KILLED,COUNT_PED_INJURED,COUNT_BICYCLIST_KILLED,COUNT_BICYCLIST_INJURED,COUNT_MC_KILLED,COUNT_MC_INJURED,PRIMARY_RAMP,SECONDARY_RAMP,LATITUDE,LONGITUDE,COUNTY,CITY,POINT_X,POINT_Y
90341805,2016,2016-12-12,9730,2016-12-04,1800,021338,,7,2,9,2700,0,1,2,,1,070,"US-101 NORTHBOUND","RALPH LANE",500.00,N,N,A,-,Y,,,101,,,,,,N,Y,3,0,3,2,A,-,08,22107,,F,D,C,A,A,H,-,D,D,0,,,,,Y,,A,07,0,1,2,0,0,0,0,0,0,"- ","- ",36.757680000000001,-121.66546,MONTEREY,UNINCORPORATED,-121.66547484,36.757675159999998
90341840,2016,2016-12-12,9730,2016-12-05,0725,019818,,1,1,9,2700,0,3,5,,2,003,"CHULAR RIVER RD","FOLETTA RD",4224.00,W,N,E,-,N,,,,,,,,,,N,4,0,1,2,A,-,03,22350,,N,C,C,A,B,H,-,B,D,0,,,,,Y,,D,22,0,0,1,0,0,0,0,0,0,"- ","- ",36.559229999999999,-121.52804999999999,MONTEREY,UNINCORPORATED,-121.52815729,36.559245949999998
90341850,2016,2016-12-12,9730,2016-12-06,0806,019745,,2,1,9,2700,0,1,3,,2,062,"S/B SR-1","SOLEDAD DR",1584.00,S,N,A,-,Y,,,1,,,,,,,Y,4,0,1,3,A,-,03,22350,,N,C,C,A,A,H,-,A,D,0,,,,,Y,,D,22,0,0,1,0,0,0,0,0,0,"- ","- ",36.580100000000002,-121.904,MONTEREY,UNINCORPORATED,-121.90403731000001,36.580160710000001
90341852,2016,2016-12-12,9730,2016-12-06,0947,021407,,2,1,9,2700,0,3,5,,2,007,"CALLE DEL ADOBE","ADDINGTON ROAD",0.00,,Y,A,-,N,,,,,,,,,,Y,4,0,1,2,A,-,09,21801,A,N,D,C,A,A,H,-,A,D,0,,,,,Y,,A,07,0,0,1,0,0,0,0,0,0,"- ","- ",36.6995,-121.67570000000001,MONTEREY,UNINCORPORATED,-121.67569998,36.699490089999998
90341892,2016,2016-12-12,9730,2016-12-07,1705,018810,,3,2,9,2700,0,1,3,,2,062,"SR-1 N/B","FREMONT BLVD",200.00,N,N,B,C,Y,,,,,,,,,,Y,4,0,2,3,A,-,03,22350,,N,C,C,A,B,H,-,C,D,0,,,,,Y,,A,01,0,0,2,0,0,0,0,0,0,"- ","- ",35.626429999999999,-121.83909,MONTEREY,UNINCORPORATED,,
90342256,2016,2016-12-12,9730,2016-12-05,1150,019818,,1,1,9,2700,0,1,2,,1,030,"US 101 S/B","MORANDA RD",2112.00,N,N,A,-,Y,,,,,,,,,,Y,4,0,2,2,A,-,03,22350,,N,C,C,A,A,D,-,A,D,0,,,,,Y,,A,01,0,0,2,0,0,0,0,0,0,"- ","- ",36.435600000000001,-121.34172,MONTEREY,UNINCORPORATED,,
90342326,2016,2016-12-12,9730,2016-12-08,0810,012332,,4,1,9,2700,0,1,2,,1,070,"US-101 (S/B)","CRAZY HORSE CYN RD",528.00,S,N,C,-,Y,,,,,,,,,,Y,4,0,1,1,A,-,08,22107,,N,F,A,A,B,H,-,A,D,0,,,,,Y,,A,01,0,0,1,0,0,0,0,0,0,"- ","- ",,,MONTEREY,UNINCORPORATED,-121.63448966999999,36.817660959999998
90342368,2016,2016-12-12,9730,2016-12-08,0933,012332,,4,1,6,2708,0,1,2,,1,070,"US-101 (S/B)","BORONDA RD",20.00,N,N,C,-,Y,,,,,,,,,,Y,4,0,4,2,A,-,08,22107,,N,A,C,A,B,H,-,A,D,0,,,,,Y,,D,22,0,0,4,0,0,0,0,0,0,"- ","- ",,,MONTEREY,SALINAS,-121.6599547,36.722073549999998
90342818,2016,2016-12-12,9735,2016-12-10,1645,019965,,6,2,9,2700,0,3,5,,2,001,"CENTRAL AVE","ELM AVE",5808.00,S,N,B,-,N,,,,,,,,,,Y,3,0,1,1,A,-,01,23152,A,N,F,A,A,A,H,-,B,D,0,,,,,Y,Y,D,22,0,1,0,0,0,0,0,0,0,"- ","- ",,,MONTEREY,UNINCORPORATED,-121.25388400999999,36.29160907
90343425,2016,2016-12-13,9735,2016-12-08,0855,017681,,4,1,9,2700,0,2,4,,1,011,"ARROYO SECO RD","SYCAMORE FLATS RD",1056.00,E,N,B,C,N,,,,,,,,,,Y,1,1,0,1,A,-,08,22107,,N,E,I,A,B,H,-,A,D,0,,,,,Y,,A,08,0,0,0,0,0,0,0,0,0,"- ","- ",36.269959999999998,-121.35545999999999,MONTEREY,UNINCORPORATED,-121.38546565999999,36.270044169999998
90344464,2016,2016-12-14,9730,2016-12-07,0019,019934,,3,3,9,2700,0,1,3,,1,068,SR-68,"SAN BENANCIO ROAD",1584.00,E,N,B,-,Y,,,68,,,,,,,Y,3,0,1,1,A,-,01,23152,A,N,E,I,A,A,H,-,C,D,0,,,,,Y,Y,A,01,0,1,0,0,0,0,0,0,0,"- ","- ",36.581879999999998,-121.71679,MONTEREY,UNINCORPORATED,-121.71682555,36.581945449999999
90344590,2016,2016-12-14,9730,2016-12-09,0825,012332,,5,1,9,2700,0,3,5,,2,006,"ESPINOSA RD","CHRISTENSEN RD",811.00,W,N,B,-,N,,,,,,,,,,Y,4,0,1,3,A,-,09,21804,A,M,B,C,A,B,H,-,A,D,0,,,,,Y,,D,22,0,0,1,0,0,0,0,0,0,"- ","- ",36.735770000000002,-121.66094,MONTEREY,UNINCORPORATED,-121.66090158999999,36.735758230000002
90344991,2016,2016-12-14,9730,2016-12-06,1045,021407,,2,1,9,2700,0,2,4,,2,063,"BLANCO ROAD","ARMSTRONG ROAD",825.00,E,N,A,-,N,,,,,,,,,,Y,2,0,1,2,A,-,05,21460,A,N,A,C,A,A,H,-,A,D,0,,,,Y,Y,,A,01,1,0,0,0,0,0,0,0,0,"- ","- ",36.678400000000003,-121.7056,MONTEREY,UNINCORPORATED,-121.70518436,36.678207520000001
90345014,2016,2016-12-14,9730,2016-12-10,1351,019569,,6,1,9,2700,0,1,3,,1,068,SR-68,"LAURELES GRADE",80.00,W,N,B,-,Y,,,68,,,,,,,N,4,0,1,2,A,-,03,22350,,N,C,C,A,A,H,-,A,A,0,,,,,Y,,D,22,0,0,1,0,0,0,0,0,0,"- ","- ",36.569789999999998,-121.75614,MONTEREY,UNINCORPORATED,-121.75614419,36.569762330000003
90345145,2016,2016-12-14,9730,2016-12-10,1839,019700,,6,2,9,2700,0,1,3,,1,068,SR-68,"YORK ROAD",150.00,E,N,C,-,Y,,,,,,,,,,Y,4,0,1,2,A,-,03,22350,,N,C,C,A,B,H,-,C,D,0,,,,,Y,,A,01,0,0,1,0,0,0,0,0,0,"- ","- ",36.341239999999999,-121.48277,MONTEREY,UNINCORPORATED,,
90347343,2016,2016-12-19,9730,2016-12-14,1107,012332,,3,1,9,2700,0,1,2,,1,070,"US-101 (S/B)","SAN MIGUEL CYN RD",528.00,S,N,B,-,Y,,,,,,,,,,N,4,0,1,2,A,-,07,21658,A,N,D,C,A,A,H,-,A,D,0,,,,,Y,,A,01,0,0,1,0,0,0,0,0,0,"- ","- ",,,MONTEREY,UNINCORPORATED,-121.66524097,36.798175049999998
90347351,2016,2016-12-19,9730,2016-12-10,2001,019956,,6,2,9,2700,0,1,3,,2,062,"SR-1 N/B","SR-68 EAST",528.00,S,N,B,-,Y,,,1,,,,,,N,Y,4,0,1,2,A,-,01,23152,A,N,C,C,A,B,H,-,D,D,0,,,,,Y,Y,A,01,0,0,1,0,0,0,0,0,0,"- ","- ",36.594389999999997,-121.87012,MONTEREY,UNINCORPORATED,-121.87012395000001,36.594405809999998
90347369,2016,2016-12-19,9730,2016-12-15,1558,019127,,4,2,9,2700,0,1,3,,1,074,"SR-1 N/B","SALINAS RD",5280.00,N,N,B,C,Y,,,1,,,,,,N,Y,4,0,1,1,A,-,03,22350,,N,E,I,A,B,H,-,B,A,0,,,,,Y,,A,01,0,0,1,0,0,0,0,0,0,"- ","- ",36.878309999999999,-121.77127,MONTEREY,UNINCORPORATED,-121.77128603,36.87830649
90347377,2016,2016-12-19,9730,2016-12-15,1040,019818,,4,1,9,2700,0,1,3,,1,068,SR-68,"LAURELES GRADE",40.00,W,N,B,-,Y,,,68,,,,,,,N,4,0,1,3,A,-,03,22350,,M,C,C,A,B,H,-,A,A,0,,,,,Y,,A,01,0,0,1,0,0,0,0,0,0,"- ","- ",36.569650000000003,-121.75595,MONTEREY,UNINCORPORATED,-121.75593773,36.569731089999998
90347651,2016,2016-12-19,9730,2016-12-14,0845,019529,,3,1,9,2700,0,1,3,,1,022,"STATE ROUTE 1 (SOUTHBOUND)","HANDLEY DR.",50.00,S,N,A,-,Y,,,,,,,,,,Y,4,0,2,3,A,-,03,22350,,N,C,C,A,A,H,-,A,D,0,,,,,Y,,A,07,0,0,2,0,0,0,0,0,0,"- ","- ",36.339019999999998,-121.54734000000001,MONTEREY,UNINCORPORATED,-121.91222039,36.564983179999999
90348233,2016,2016-12-19,9730,2016-12-15,0532,021407,,4,3,9,2700,0,3,5,,2,006,"HALL ROAD","ELKHORN ROAD",1056.00,E,N,A,-,N,,,,,,,,,,N,4,0,1,2,A,-,11,21956,,N,G,B,E,B,H,-,D,D,0,Y,,,,Y,,N,60,0,0,1,0,1,0,0,0,0,"- ","- ",36.866500000000002,-121.7407,MONTEREY,UNINCORPORATED,-121.74107961999999,36.866606500000003
90348761,2016,2016-12-21,9730,2016-12-13,1710,019512,,2,2,9,2700,0,2,4,,1,073,"HALL ROAD","SILL ROAD",2112.00,W,N,A,-,N,,,,,,,,,,Y,2,0,3,4,A,-,01,23152,A,F,C,C,A,A,H,-,D,D,0,,,,,Y,Y,A,08,1,1,1,0,0,0,0,0,0,"- ","- ",36.864190000000001,-121.72711,MONTEREY,UNINCORPORATED,-121.72975068,36.864139999999999
90349112,2016,2016-12-20,9730,2016-12-17,1142,019569,,6,1,9,2700,0,2,4,,1,073,"SAN MIGUEL CANYON RD RAMP TO US-101 SB",US-101,528.00,E,N,A,-,Y,,,,,,,,,,Y,4,0,1,2,A,-,21,22106,,N,D,C,A,A,H,-,A,D,0,,,,,Y,,A,07,0,0,1,0,0,0,0,0,0,"- ","- ",36.797890000000002,-121.66392999999999,MONTEREY,UNINCORPORATED,-121.66381968,36.798051270000002
90349269,2016,2016-12-20,9730,2016-12-17,1346,019569,,6,1,9,2700,0,3,5,,2,007,"SALINAS RD","FRUITLAND AVE",1056.00,W,N,A,-,N,,,,,,,,,,Y,4,0,2,2,A,-,03,22350,,N,C,C,A,A,H,-,A,D,0,,,,,Y,,A,01,0,0,2,0,0,0,0,0,0,"- ","- ",36.876399999999997,-121.75575000000001,MONTEREY,UNINCORPORATED,-121.75563975,36.876505119999997
90349358,2016,2016-12-20,9730,2016-12-17,1222,019745,,6,1,9,2700,0,1,3,,1,074,SR-1,"SPRINGFIELD RD",2112.00,N,N,A,-,Y,,,1,,,,,,,Y,2,0,4,2,A,-,08,22107,,N,D,C,A,A,H,-,A,D,0,,,,,Y,,A,01,1,2,1,0,0,0,0,0,0,"- ","- ",36.844299999999997,-121.771,MONTEREY,UNINCORPORATED,-121.77110115000001,36.844297879999999
90349704,2016,2016-12-20,9730,2016-12-18,1447,019956,,7,2,9,2700,0,1,3,,1,074,SR-1,"MOSS LANDING RD",0.00,,Y,A,-,Y,,,1,,,,,,,Y,4,0,2,2,A,-,09,21801,A,N,D,C,A,A,H,-,A,D,0,,,,,Y,,A,01,0,0,2,0,0,0,0,0,0,"- ","- ",36.799880000000002,-121.78328999999999,MONTEREY,UNINCORPORATED,-121.78325022999999,36.799887099999999
90350091,2016,2016-12-21,9730,2016-12-13,1735,015160,,2,2,9,2700,0,2,4,,1,073,"SALINAS ROAD","TRAFTON ROAD",0.00,,Y,B,-,N,,,,,,,,,,Y,3,0,3,2,A,-,09,21801,A,N,D,C,A,A,H,-,C,D,0,,,,,Y,,A,07,0,1,2,0,0,0,0,0,0,"- ","- ",36.869129999999998,-121.78802,MONTEREY,UNINCORPORATED,-121.74710997,36.886790009999999
90352096,2016,2016-12-27,9730,2016-12-15,1801,021396,,4,2,9,2700,0,1,3,,2,062,"SR-1 N/B",SR-218,863.00,S,N,C,-,Y,,,,,,,,,,Y,4,0,1,2,A,-,07,21658,A,N,D,C,A,B,H,-,D,D,0,,,,,Y,,A,01,0,0,1,0,0,0,0,0,0,"- ","- ",36.608089999999997,-121.86014,MONTEREY,UNINCORPORATED,,
90352291,2016,2016-12-27,9730,2016-12-20,1840,021396,,2,2,9,2700,0,3,5,,2,007,"PORTER DRIVE","SALINAS ROAD",175.00,N,N,A,-,N,,,,,,,,,,N,4,0,1,2,A,-,08,22107,,N,D,C,A,A,H,-,C,D,0,,,,,Y,,A,08,0,0,1,0,0,0,0,0,0,"- ","- ",36.90287,-121.74845999999999,MONTEREY,UNINCORPORATED,-121.74882921,36.902898440000001
90352301,2016,2016-12-27,9730,2016-12-21,1240,017502,,3,1,9,2700,0,1,3,,1,022,SR-1,"CARPENTER STREET",1056.00,N,N,A,-,Y,,,,,,,,,,Y,4,0,2,2,A,-,03,22350,,N,C,C,A,A,H,-,A,D,0,,,,,Y,,A,07,0,0,2,0,0,0,0,0,0,"- ","- ",36.341059999999999,-121.54459,MONTEREY,UNINCORPORATED,-121.91278189000001,36.569852949999998
90354498,2016,2016-12-27,9730,2016-12-21,0700,012332,,3,1,6,2708,0,1,2,,1,050,"US-101 (N/B)","LAUREL AVE",2640.00,N,N,B,-,Y,,,,,,,,,,Y,3,0,1,1,A,-,08,22107,,N,E,J,A,A,H,-,A,D,0,,,,,Y,,A,01,0,1,0,0,0,0,0,0,0,"- ","- ",,,MONTEREY,SALINAS,-121.66630502,36.704779000000002
90354611,2016,2016-12-27,9730,2016-12-16,2105,020677,,5,2,6,2708,0,1,2,,1,030,"US 101 N/B","CHUALAR RIVER RD.",6178.00,S,N,A,-,Y,,,,,,,,,,Y,3,0,1,2,A,-,01,23152,A,N,D,C,A,A,H,-,D,D,0,,,,,Y,Y,A,07,0,1,0,0,0,0,0,0,0,"- ","- ",36.550469999999997,-121.49782999999999,MONTEREY,SALINAS,,
90354822,2016,2016-12-27,9730,2016-12-20,1455,020841,,2,2,9,2700,0,1,3,,2,062,"SR-1 S/B","DEL MONTE AVENUE",806.00,N,N,A,-,Y,,,,,,,,,,Y,4,0,2,3,A,-,05,21651,A,N,C,C,A,A,H,-,A,D,0,,,,,Y,,A,01,0,0,2,0,0,0,0,0,0,"- ","- ",36.36242,-121.51399000000001,MONTEREY,UNINCORPORATED,-121.86127,36.604520000000001
90355052,2016,2017-02-20,9730,2016-12-22,1749,021407,,4,2,6,2708,0,3,5,,2,006,"DAVIS ROAD","AMBROSE LANE",471.00,S,N,A,-,N,,,,,,,,,,Y,4,0,1,3,A,-,03,22350,,N,C,C,A,A,H,-,C,D,0,,,,,Y,,A,01,0,0,1,0,0,0,0,0,0,"- ","- ",36.674900000000001,-121.6782,MONTEREY,SALINAS,-121.68391887,36.668183300000003
90355320,2016,2016-12-27,9730,2016-12-23,1512,019956,,5,2,9,2700,0,1,3,,1,074,"SR-1 N/B","NASHUA RD",3696.00,S,N,C,-,Y,,,,,,,,,,Y,4,0,1,1,A,-,03,22350,,N,F,A,A,B,H,-,A,D,0,,,,,Y,,D,22,0,0,1,0,0,0,0,0,0,"- ","- ",36.746859999999998,-121.77773000000001,MONTEREY,UNINCORPORATED,,
90355876,2016,2016-12-28,9730,2016-12-19,2240,020576,,1,3,9,2700,0,3,5,,2,006,"BLACKIE ROAD","ROLLING MEADOWS ROAD",2112.00,W,N,A,-,N,,,,,,,,,,Y,4,0,1,1,A,-,01,23152,A,N,F,A,A,A,H,-,D,D,0,,,,,Y,Y,A,07,0,0,1,0,0,0,0,0,0,"- ","- ",36.777090000000001,-121.69289999999999,MONTEREY,UNINCORPORATED,-121.69289998000001,36.777080009999999
90356057,2016,2016-12-28,9730,2016-12-19,0133,020677,,1,3,6,2708,0,1,2,,1,070,"US 101 S/B","PRUNEDALE SOUTH RD.",3168.00,S,N,A,-,Y,,,,,,,,,,Y,4,0,1,1,A,-,01,23152,A,N,A,I,A,A,H,-,D,D,0,,,,,Y,Y,A,01,0,0,1,0,0,0,0,0,0,"- ","- ",36.778799999999997,-121.66968,MONTEREY,SALINAS,-121.66673295,36.761265299999998
90356101,2016,2016-12-28,9730,2016-12-19,1305,018350,,1,1,9,2700,0,1,2,,1,070,"US-101 N/B","CRAZY HORSE CANYON ROAD",0.00,,Y,A,-,Y,,,101,,,,,,N,Y,3,0,2,2,A,-,09,21802,A,N,D,C,A,A,H,-,A,A,0,,,,,Y,,A,01,0,1,1,0,0,0,0,0,0,"- ","- ",36.818080000000002,-121.63254999999999,MONTEREY,UNINCORPORATED,-121.63270134,36.818362710000002
90356216,2016,2016-12-28,9735,2016-12-28,0635,016816,,3,1,9,2700,0,1,2,,2,043,"US-101 N/B","LOCKWOOD RD. U/C",1056.00,N,N,A,-,Y,,,101,,,,,,N,Y,4,0,1,1,A,-,08,22107,,N,E,I,A,A,H,-,D,D,0,,,,,Y,,A,01,0,0,1,0,0,0,0,0,0,"- ","- ",36.102550000000001,-121.02486999999999,MONTEREY,UNINCORPORATED,-121.02495437,36.102581370000003
90356388,2016,2016-12-28,9730,2016-12-09,2500,021338,,5,4,9,2700,0,1,3,,1,024,"STATE ROUTE 68 (HOLMAN HIGHWAY)","S.F.B. MORSE DRIVE",1053.00,E,N,A,-,Y,,,,,,,,,,Y,1,1,0,1,A,-,01,23152,A,N,E,I,A,B,H,-,B,D,0,,,,,Y,Y,A,01,0,0,0,0,0,0,0,0,0,"- ","- ",36.354819999999997,-121.55215,MONTEREY,UNINCORPORATED,-121.92237661,36.596604929999998
90356524,2016,2016-12-28,9730,2016-12-23,1155,012332,,5,1,9,2700,0,1,2,,1,030,US-101(N/B),"SOMAVIA RD",2640.00,N,N,C,-,Y,,,,,,,,,,Y,4,0,1,2,A,-,03,22350,,N,C,C,A,B,H,-,A,D,0,,,,,Y,,A,01,0,0,1,0,0,0,0,0,0,"- ","- ",,,MONTEREY,UNINCORPORATED,-121.55182093000001,36.601390770000002
90356660,2016,2016-12-28,9730,2016-12-24,1259,017184,,6,1,9,2700,0,1,3,,1,024,"SR-68 (HOLMAN HWY)","SR-1 O/C",40.00,W,N,A,-,Y,,,68,,,,,,,Y,2,0,1,2,A,-,05,21460,A,N,A,G,A,A,D,-,A,A,0,,Y,,,Y,,L,04,1,0,0,0,0,0,1,0,0,"- ","- ",36.575040000000001,-121.91284,MONTEREY,UNINCORPORATED,-121.91275077,36.57512784
90356767,2016,2016-12-28,9730,2016-10-25,0430,020970,,2,3,9,2700,0,1,2,,1,030,US-101,"CAMPHORA ROAD",3168.00,N,N,A,-,Y,,,101,,,,,,,Y,1,1,0,1,A,-,08,22107,,N,F,I,A,A,H,-,D,D,0,,,,,Y,,A,01,0,0,0,0,0,0,0,0,0,"- ","- ",36.454529999999998,-121.37179999999999,MONTEREY,UNINCORPORATED,-121.37170565,36.4546773
90357054,2016,2016-12-29,9730,2016-12-20,0715,019529,,2,1,9,2700,0,1,3,,2,062,"STATE ROUTE 1 (NORTHBOUND)","STATE ROUTE 218",50.00,S,N,A,-,Y,,,,,,,,,,Y,4,0,1,2,A,-,08,22107,,N,B,C,A,A,H,-,A,D,0,,,,,Y,,A,01,0,0,1,0,0,0,0,0,0,"- ","- ",36.365810000000003,-121.5151,MONTEREY,UNINCORPORATED,,
90357066,2016,2016-12-29,9730,2016-12-21,0240,020896,,3,3,9,2700,0,1,3,,2,062,"SR-1 S/B","LIGHTFIGHTER AVE",1056.00,N,N,A,-,Y,,,1,,,,,,S,Y,2,0,1,1,A,-,01,23152,A,N,F,I,A,A,H,-,C,D,0,,,,,Y,Y,A,01,1,0,0,0,0,0,0,0,0,"- ","- ",36.650060000000003,-121.81486,MONTEREY,UNINCORPORATED,-121.81496644000001,36.65005807
90357078,2016,2016-12-29,9730,2016-12-22,2000,020896,,4,2,9,2700,0,1,3,,2,062,"SR-1 NORTHBOUND","SR-68 (HOLMAN HWY) O/C",1742.00,N,N,A,-,Y,,,1,,,,,,N,Y,3,0,2,1,A,-,03,22350,,N,F,I,A,A,H,-,D,D,0,,,,,Y,,A,01,0,2,0,0,0,0,0,0,0,"- ","- ",36.577869999999997,-121.90752999999999,MONTEREY,UNINCORPORATED,-121.90759429000001,36.577976399999997
90357142,2016,2016-12-29,9730,2016-12-24,1118,019569,,6,1,9,2700,0,1,2,,1,070,US-101,"BORONDA RD O/C",48.00,N,N,A,-,Y,,,,,,,,,,Y,3,0,2,2,A,-,03,22350,,N,C,C,A,A,H,-,A,D,0,,,,,Y,,A,01,0,1,1,0,0,0,0,0,0,"- ","- ",36.697800000000001,-121.66437999999999,MONTEREY,UNINCORPORATED,-121.65993328,36.722148509999997
90357431,2016,2016-12-29,9730,2016-12-26,1026,019745,,1,1,9,2700,0,3,5,,2,007,"N/B CASTROVILLE BLVD TO E/B DOLAN RD","CASTROVILLE BLVD",92.00,E,N,A,-,N,,,,,,,,,,Y,3,0,4,1,A,-,08,22107,,N,E,J,A,A,H,-,A,D,0,,,,,Y,,A,01,0,1,3,0,0,0,0,0,0,"- ","- ",36.796199999999999,-121.72490000000001,MONTEREY,UNINCORPORATED,,
90357484,2016,2016-12-29,9730,2016-12-26,1440,020841,,1,2,9,2700,0,1,3,,2,062,"SR-1 S/B","TIOGA AVENUE",242.00,N,N,A,-,Y,,,,,,,,,,Y,4,0,2,3,A,-,03,22350,,N,C,C,A,A,H,-,A,D,0,,,,,Y,,E,22,0,0,2,0,0,0,0,0,0,"- ","- ",36.376489999999997,-121.50543,MONTEREY,UNINCORPORATED,-121.8484433,36.618398190000001
90357872,2016,2016-12-29,9730,2016-12-23,1320,017502,,5,1,4,2706,0,1,3,,2,062,SR-1,"IRIS CANYON U/C",350.00,S,N,C,-,Y,,,,,,,,,,Y,4,0,2,4,A,-,03,22350,,N,C,C,A,B,H,-,A,D,0,,,,,Y,,A,01,0,0,2,0,0,0,0,0,0,"- ","- ",36.345950000000002,-121.53327,MONTEREY,MONTEREY,-121.89242123,36.583129820000003
90357906,2016,2016-12-29,9735,2016-12-24,0720,017681,,6,1,9,2700,0,1,2,,1,040,"US-101 SOUTHBOUND","LAGOMARSINO AVE",1320.00,N,N,B,-,Y,,,101,,,,,,S,Y,4,0,1,1,A,-,08,22107,,N,E,I,A,B,H,-,A,D,0,,,Y,,Y,,C,02,0,0,1,0,0,0,0,0,1,"- ","- ",36.291969999999999,-121.19848,MONTEREY,UNINCORPORATED,-121.19867757,36.291756550000002
90357910,2016,2016-12-29,9735,2016-12-24,1305,020036,,6,1,9,2700,0,1,2,,2,042,"US-101 S/B",SR-198,13200.00,N,N,B,-,Y,,,101,,,,,,S,Y,2,0,1,1,A,-,08,22107,,N,F,A,A,A,H,-,A,D,0,,,,,Y,,A,07,1,0,0,0,0,0,0,0,0,"- ","- ",36.159669999999998,-121.05009,MONTEREY,UNINCORPORATED,-121.05007139999999,36.159686460000003
90359624,2016,2017-01-03,9730,2016-12-22,0735,019569,,4,1,9,2700,0,2,4,,1,073,"SALINAS RD","JONATHAN ST",163.00,N,N,A,-,N,,,,,,,,,,N,3,0,2,3,A,-,10,21950,A,N,G,B,B,A,H,-,A,A,0,Y,,,,Y,,A,01,0,2,0,0,2,0,0,0,0,"- ","- ",36.901339999999998,-121.74815,MONTEREY,UNINCORPORATED,-121.74820038999999,36.901267130000001
90359673,2016,2017-01-03,9730,2016-12-28,1730,015160,,3,2,9,2700,0,1,3,,2,062,"SR-1 NORTHBOUND","MUNRAS AVE",528.00,S,N,A,-,Y,,,1,,,,,,N,Y,4,0,1,2,A,-,03,22350,,N,C,C,A,A,H,-,C,D,0,,,,,Y,,A,01,0,0,1,0,0,0,0,0,0,"- ","- ",36.5792,-121.90575,MONTEREY,UNINCORPORATED,-121.90570757,36.579131289999999
90359686,2016,2017-01-23,9730,2016-12-23,2054,020990,,5,2,9,2700,0,3,5,,2,007,"CARPENTERIA ROAD","GREENLEAF DRIVE",425.00,N,N,B,-,N,,,,,,,,,,N,3,0,1,1,A,-,03,22350,,N,E,J,A,B,H,-,D,D,0,,,,,Y,,A,01,0,1,0,0,0,0,0,0,0,"- ","- ",36.873640000000002,-121.64256,MONTEREY,UNINCORPORATED,-121.64293836,36.872973420000001
90359729,2016,2017-03-16,9730,2016-12-16,2008,019956,,5,2,9,2700,0,2,4,,1,075,"SAN JUAN RD","MURPHY RD",500.00,W,N,A,-,N,,,,,,,,,,Y,2,0,2,2,A,-,05,21460,A,N,A,C,A,A,H,-,D,D,0,,,,,Y,,A,01,1,1,0,0,0,0,0,0,0,"- ","- ",36.897019999999998,-121.67898,MONTEREY,UNINCORPORATED,-121.67771247,36.89680019
90360385,2016,2017-01-03,9730,2016-12-28,1622,020899,,3,2,9,2700,0,1,3,,1,024,"SR-68 (HOLMAN HIGHWAY)",SR-1,1658.00,W,N,A,-,Y,,,68,,,,,,,N,4,0,2,2,A,-,03,22350,,N,C,C,A,A,H,-,B,A,0,,,,,Y,,D,22,0,0,2,0,0,0,0,0,0,"- ","- ",36.57938,-121.91545000000001,MONTEREY,UNINCORPORATED,-121.91540663000001,36.579413680000002
90360892,2016,2017-01-04,9730,2016-12-29,1520,020899,,4,2,9,2700,0,1,3,,2,062,"NORTHBOUND SR-1","SR-68 (HOLMAN HIGHWAY)",943.00,N,N,A,-,Y,,,1,,,,,,,Y,2,0,2,1,A,-,08,22107,,N,F,A,A,A,H,-,A,D,0,,,,,Y,,E,22,1,0,1,0,0,0,0,0,0,"- ","- ",36.576479999999997,-121.90997,MONTEREY,UNINCORPORATED,-121.90999146999999,36.576513669999997