CASE_ID,ACCIDENT_YEAR,PROC_DATE,JURIS,COLLISION_DATE,COLLISION_TIME,OFFICER_ID,REPORTING_DISTRICT,DAY_OF_WEEK,CHP_SHIFT,POPULATION,CNTY_CITY_LOC,SPECIAL_COND,BEAT_TYPE,CHP_BEAT_TYPE,CITY_DIVISION_LAPD,CHP_BEAT_CLASS,BEAT_NUMBER,PRIMARY_RD,SECONDARY_RD,DISTANCE,DIRECTION,INTERSECTION,WEATHER_1,WEATHER_2,STATE_HWY_IND,CALTRANS_COUNTY,CALTRANS_DISTRICT,STATE_ROUTE,ROUTE_SUFFIX,POSTMILE_PREFIX,POSTMILE,LOCATION_TYPE,RAMP_INTERSECTION,SIDE_OF_HWY,TOW_AWAY,COLLISION_SEVERITY,NUMBER_KILLED,NUMBER_INJURED,PARTY_COUNT,PRIMARY_COLL_FACTOR,PCF_CODE_OF_VIOL,PCF_VIOL_CATEGORY,PCF_VIOLATION,PCF_VIOL_SUBSECTION,HIT_AND_RUN,TYPE_OF_COLLISION,MVIW,PED_ACTION,ROAD_SURFACE,ROAD_COND_1,ROAD_COND_2,LIGHTING,CONTROL_DEVICE,CHP_ROAD_TYPE,PEDESTRIAN_ACCIDENT,BICYCLE_ACCIDENT,MOTORCYCLE_ACCIDENT,TRUCK_ACCIDENT,NOT_PRIVATE_PROPERTY,ALCOHOL_INVOLVED,STWD_VEHTYPE_AT_FAULT,CHP_VEHTYPE_AT_FAULT,COUNT_SEVERE_INJ,COUNT_VISIBLE_INJ,COUNT_COMPLAINT_PAIN,COUNT_PED_KILLED,COUNT_PED_INJURED,COUNT_BICYCLIST_KILLED,COUNT_BICYCLIST_INJURED,COUNT_MC_KILLED,COUNT_MC_INJURED,PRIMARY_RAMP,SECONDARY_RAMP,LATITUDE,LONGITUDE,COUNTY,CITY,POINT_X,POINT_Y
90361363,2017,2017-01-04,9730,2017-01-01,1010,019529,,7,1,9,2700,0,3,5,,2,003,"LA RANCHERIA","LAURELES GRADE RD",1500.00,E,N,A,-,N,,,,,,,,,,Y,3,0,1,1,A,-,08,22107,,N,A,I,A,A,H,-,A,D,0,,,,,Y,,A,01,0,1,0,0,0,0,0,0,0,"- ","- ",36.301430000000003,-121.44972,MONTEREY,UNINCORPORATED,-121.74865474000001,36.504901670000002
90361537,2016,2017-03-17,9730,2016-08-21,0015,020701,,7,3,9,2700,0,3,5,,2,002,"NASON ROAD","LOS PADRES DAM BRIDGE",520.00,W,N,A,-,N,,,,,,,,,,Y,2,0,4,1,A,-,21,22106,,F,F,J,A,A,H,-,D,D,0,,,,,Y,,A,07,1,2,1,0,0,0,0,0,0,"- ","- ",36.386409999999998,-121.66895,MONTEREY,UNINCORPORATED,,
90361984,2017,2017-01-05,9730,2017-01-02,0556,019745,,1,3,9,2700,0,1,3,,1,066,SR-183,"W. MARKET CIR",66.00,N,N,C,-,Y,,,,,,,,,,N,3,0,1,2,A,-,08,22107,,F,G,B,E,B,H,-,D,D,0,Y,,,,Y,,-,99,0,1,0,0,1,0,0,0,0,"- ","- ",36.411000000000001,-121.4059,MONTEREY,UNINCORPORATED,,
90362300,2016,2017-01-05,9735,2016-12-24,0915,017681,,6,1,9,2700,0,1,2,,2,043,"US-101 NORTHBOUND","SAN ARDO AIRPORT",3168.00,N,N,A,-,Y,,,101,,,,,,N,Y,2,0,1,3,A,-,03,22350,,N,C,C,A,A,H,-,A,D,0,,,,,Y,,A,01,1,0,0,0,0,0,0,0,0,"- ","- ",36.02075,-120.92952,MONTEREY,UNINCORPORATED,-120.92945826,36.020826470000003
90363496,2016,2017-01-06,9735,2016-12-22,2145,020168,,4,2,9,2700,0,1,2,,2,043,"US-101 N/B","SAN ARDO RD",2640.00,N,N,A,-,Y,,,101,,,,,,N,Y,3,0,1,1,A,-,08,22107,,N,E,A,A,A,H,-,D,D,0,,,,,Y,,A,07,0,1,0,0,0,0,0,0,0,"- ","- ",36.01914,-120.92734,MONTEREY,UNINCORPORATED,-120.92738485,36.019091039999999
90363743,2016,2017-01-09,9730,2016-12-18,2230,020065,,7,3,9,2700,0,3,5,,2,006,"BLACKIE ROAD","MORO TERRACE",1160.00,W,N,A,-,N,,,,,,,,,,Y,3,0,2,1,A,-,01,23152,A,F,E,I,A,A,H,-,D,D,0,,,,,Y,Y,D,22,0,1,1,0,0,0,0,0,0,"- ","- ",36.777320000000003,-121.69233,MONTEREY,UNINCORPORATED,-121.69227968,36.777252060000002
90363746,2016,2017-01-09,9730,2016-12-25,1850,019956,,7,2,3,2712,0,1,3,,2,062,"SR-1 N/B TO IMJIN PARKWAY","IMJIN PARKWAY",0.00,,Y,B,-,Y,,,1,,,,R,,N,Y,3,0,2,2,A,-,12,22450,A,N,D,C,A,A,H,-,C,A,0,,,,,Y,,A,01,0,1,1,0,0,0,0,0,0,"- ","- ",36.669339999999998,-121.81249,MONTEREY,MARINA,-121.81249,36.669339999999998
90363751,2016,2017-01-09,9730,2016-12-27,1520,020841,,2,2,9,2700,0,2,4,,1,023,"CARMEL VALLEY ROAD","LAURELES GRADE",21.00,W,N,A,-,N,,,,,,,,,,Y,4,0,1,2,A,-,12,22450,A,M,D,C,A,A,H,-,A,A,0,,,,,Y,,A,01,0,0,1,0,0,0,0,0,0,"- ","- ",36.303719999999998,-121.45238000000001,MONTEREY,UNINCORPORATED,-121.75661435000001,36.500957460000002
90363755,2017,2017-03-16,9730,2017-01-02,1150,019529,,1,1,9,2700,0,2,4,,1,023,"STATE ROUTE 68 (HOLMAN HIGHWAY)","MORSE DRIVE",0.00,,Y,A,-,Y,,,,,,,,,,N,4,0,2,2,A,-,03,22350,,N,C,C,A,A,H,-,A,D,0,,,,,Y,,A,01,0,0,2,0,0,0,0,0,0,"- ","- ",36.358980000000003,-121.55511,MONTEREY,UNINCORPORATED,,
90363759,2016,2017-01-09,9730,2016-12-28,1557,018312,,3,2,9,2700,0,1,2,,1,030,"US 101 (SOUTBOUND)","SILLMAN ROAD",2640.00,N,N,A,-,Y,,,,,,,,,,Y,4,0,1,2,A,-,01,23152,F,N,B,C,A,A,H,-,A,D,0,,,,,Y,Y,A,01,0,0,1,0,0,0,0,0,0,"- ","- ",36.454689999999999,-121.37215999999999,MONTEREY,UNINCORPORATED,,
90363760,2016,2017-01-09,9730,2016-12-23,2015,020916,,5,2,9,2700,0,3,5,,2,003,"SPRECKELS BOULEVARD","SPRECKELS LANE",68.00,E,N,B,-,N,,,,,,,,,,Y,4,0,1,1,A,-,03,22350,,N,E,I,A,B,H,-,D,D,0,,,,,Y,,A,07,0,0,1,0,0,0,0,0,0,"- ","- ",36.630470000000003,-121.66708,MONTEREY,UNINCORPORATED,-121.66694065999999,36.630496030000003
90363764,2016,2017-01-09,9730,2016-12-30,0417,019127,,5,3,6,2708,0,1,2,,1,050,"US-101 S/B","MARKET STREET U/C",2112.00,N,N,A,-,Y,,,101,,,,,,S,Y,3,0,2,1,A,-,01,23152,A,N,E,I,A,A,H,-,B,D,0,,,,,Y,Y,A,08,0,2,0,0,0,0,0,0,0,"- ","- ",36.682110000000002,-121.64387000000001,MONTEREY,SALINAS,-121.64383183,36.682160089999996
90363768,2017,2017-01-09,9730,2017-01-02,1132,018543,,1,1,9,2700,0,1,3,,2,062,SR-1,"FREMONT STREET",200.00,N,N,C,-,Y,,,,,,,,,,Y,4,0,1,1,A,-,03,22350,,N,E,I,A,B,H,-,A,D,0,,,,,Y,,A,01,0,0,1,0,0,0,0,0,0,"- ","- ",36.592480000000002,-121.87934,MONTEREY,UNINCORPORATED,,
90363770,2016,2017-01-09,9730,2016-12-31,1939,021396,,6,2,9,2700,0,3,5,,2,007,"SAN MIGUEL CANYON ROAD","VEGA ROAD",2640.00,S,N,A,-,N,,,,,,,,,,Y,3,0,1,1,A,-,01,23152,A,N,E,I,A,A,H,-,D,D,0,,,,,Y,Y,D,22,0,1,0,0,0,0,0,0,0,"- ","- ",36.887549999999997,-121.68575,MONTEREY,UNINCORPORATED,-121.68409362,36.886063460000003
90363786,2016,2017-01-09,9730,2016-12-30,1725,017184,,5,2,9,2700,0,1,3,,1,014,SR-1,"LITTLE SUR RIVER BRIDGE",4224.00,S,N,A,-,Y,,,1,,,,,,,Y,4,0,2,2,A,-,05,21460,A,N,A,C,A,A,H,-,B,A,0,,,,,Y,,A,01,0,0,2,0,0,0,0,0,0,"- ","- ",36.32546,-121.89367,MONTEREY,UNINCORPORATED,-121.89368566,36.325456969999998
90363787,2016,2017-01-09,9730,2016-12-31,2004,019956,,6,2,9,2700,0,1,3,,2,062,"SR-1 N/B","IMJIN PARKWAY",1584.00,S,N,A,-,Y,,,1,,,,,,N,Y,4,0,1,2,A,-,01,23152,A,M,B,C,A,A,A,-,C,D,0,,,,,Y,Y,A,07,0,0,1,0,0,0,0,0,0,"- ","- ",36.66507,-121.81532,MONTEREY,UNINCORPORATED,-121.81529209999999,36.665058199999997
90363829,2017,2017-01-09,9730,2017-01-05,2122,021407,,4,2,9,2700,0,3,5,,2,006,"ROBLEY ROAD","103 ROBLEY ROAD",147.00,W,N,A,-,N,,,,,,,,,,Y,4,0,2,1,A,-,03,22350,,N,F,I,A,A,H,-,D,D,0,,,,,Y,,A,01,0,0,2,0,0,0,0,0,0,"- ","- ",36.554299999999998,-121.747,MONTEREY,UNINCORPORATED,,
90364341,2016,2017-03-16,9730,2016-12-31,0001,020933,,6,3,9,2700,0,3,5,,2,002,"RIO ROAD","MISSION FIELDS RD",377.00,E,N,A,-,N,,,,,,,,,,Y,3,0,1,5,A,-,01,23152,A,N,E,J,A,A,H,-,D,D,0,,,,,Y,Y,A,01,0,1,0,0,0,0,0,0,0,"- ","- ",36.540559999999999,-121.91424000000001,MONTEREY,UNINCORPORATED,-121.91474291999999,36.54067431
90365287,2016,2017-02-07,9735,2016-11-22,0915,016696,,2,1,9,2700,0,3,5,,2,003,"METZ ROAD","BLUE JAY LANE",1056.00,N,N,A,-,N,,,,,,,,,,Y,1,1,1,2,A,-,05,21460,A,N,A,C,A,A,H,-,A,D,0,,,,,Y,,A,01,0,1,0,0,0,0,0,0,0,"- ","- ",36.406149999999997,-121.26318000000001,MONTEREY,UNINCORPORATED,-121.26278354,36.405857400000002
90365343,2017,2017-03-16,9730,2017-01-04,0105,019127,,3,3,9,2700,0,3,5,,2,007,"CASTROVILLE BLVD","MANZANITA PARK",3168.00,W,N,C,-,N,,,,,,,,,,N,4,0,1,2,A,-,11,21954,A,N,G,B,E,B,H,-,D,D,0,Y,,,,Y,Y,N,60,0,0,1,0,1,0,0,0,0,"- ","- ",36.800080000000001,-121.69095,MONTEREY,UNINCORPORATED,-121.68909634000001,36.800147940000002
90365454,2017,2017-03-16,9730,2017-01-06,1753,019956,,5,2,9,2700,0,1,3,,2,062,"SR-1 N/B","FREMONT BLVD (SEASIDE)",3168.00,N,N,B,-,Y,,,1,,,,,,N,Y,4,0,1,2,A,-,07,21658,A,N,B,C,A,A,H,-,D,D,0,,,,,Y,,A,01,0,0,1,0,0,0,0,0,0,"- ","- ",36.632179999999998,-121.8344,MONTEREY,UNINCORPORATED,-121.83440249,36.632182440000001
90365517,2017,2017-01-10,9730,2017-01-06,1835,020245,,5,2,9,2700,0,1,3,,1,066,"STATE ROUTE 183","MONTEREY STREET",10.00,S,N,B,-,Y,,,183,,,,,,,N,4,0,1,1,A,-,08,22107,,N,E,I,A,B,H,-,C,A,0,,,,,Y,,A,01,0,0,1,0,0,0,0,0,0,"- ","- ",36.758760000000002,-121.74850000000001,MONTEREY,UNINCORPORATED,-121.74853288,36.758714060000003
90365543,2017,2017-03-16,9730,2017-01-06,1910,019956,,5,2,9,2700,0,1,3,,2,062,"SR-1 N/B","FREMONT BLVD (SEASIDE)",2640.00,N,N,B,-,Y,,,1,,,,,,N,Y,4,0,4,4,A,-,03,22350,,N,C,C,A,A,H,-,D,D,0,,,,,Y,,D,22,0,0,4,0,0,0,0,0,0,"- ","- ",36.632179999999998,-121.8344,MONTEREY,UNINCORPORATED,-121.83440249,36.632182440000001
90366400,2017,2017-03-16,9730,2017-01-08,2045,019956,,7,2,9,2700,0,1,3,,2,062,"SR-1 S/B","SR-68 (EAST)",528.00,S,N,B,-,Y,,,1,,,,,,S,Y,4,0,1,1,C,-,18,,,N,E,J,A,B,H,-,D,D,0,,,,,Y,,-,"- ",0,0,1,0,0,0,0,0,0,"- ","- ",36.594569999999997,-121.87009,MONTEREY,UNINCORPORATED,-121.87010066000001,36.59461048
90366406,2017,2017-03-16,9730,2017-01-09,0940,019529,,1,1,9,2700,0,1,3,,2,062,"STATE ROUTE 1 (NORTHBOUND)","TIOGA AVE.",400.00,S,N,B,-,Y,,,,,,,,,,Y,4,0,1,1,A,-,08,22107,,N,E,I,A,B,H,-,A,D,0,,,,,Y,,A,01,0,0,1,0,0,0,0,0,0,"- ","- ",36.370049999999999,-121.50971,MONTEREY,UNINCORPORATED,-121.84965309,36.616929050000003
90367685,2017,2017-12-04,9730,2017-01-06,1930,020677,,5,2,9,2700,0,2,4,,2,063,"BLANCO RD.","COOPER RD.",740.00,N,N,A,-,N,,,,,,,,,,Y,4,0,1,2,A,-,03,22350,,N,C,C,A,A,H,-,D,D,0,,,,,Y,,A,01,0,0,1,0,0,0,0,0,0,"- ","- ",36.678649999999998,-121.73907,MONTEREY,UNINCORPORATED,-121.73502000000001,36.678699999999999
90367821,2017,2017-01-12,9730,2017-01-04,1700,019512,,3,2,9,2700,0,1,2,,1,070,"SR-156 E/B TO US-101 N/B",SR-156,230.00,S,N,C,-,Y,,,156,,,,R,,E,N,4,0,2,2,A,-,03,22350,,N,C,C,A,B,H,-,C,B,0,,,,,Y,,A,01,0,0,2,0,0,0,0,0,0,"- ","- ",36.788910000000001,-121.66735,MONTEREY,UNINCORPORATED,-121.66735,36.788910000000001
90367861,2017,2017-03-16,9730,2017-01-05,1355,017502,,4,1,9,2700,0,1,3,,1,068,SR-68,"LAURELES GRADE",20.00,E,N,A,-,Y,,,68,,,,,,,N,3,0,2,2,A,-,03,22350,,N,C,C,A,A,H,-,A,A,0,,,,,Y,,A,08,0,1,1,0,0,0,0,0,0,"- ","- ",36.569200000000002,-121.75188,MONTEREY,UNINCORPORATED,-121.75201478,36.569784920000004
90368756,2017,2017-01-13,9735,2017-01-11,1830,019800,,3,2,9,2700,0,3,5,,2,003,"LONOAK RD","FIRST ST",23760.00,E,N,A,-,N,,,,,,,,,,Y,2,0,1,1,A,-,08,22107,,N,E,I,A,A,H,-,D,D,0,,,,,Y,,A,01,1,0,0,0,0,0,0,0,0,"- ","- ",36.233150000000002,-121.04542000000001,MONTEREY,UNINCORPORATED,-121.04474583,36.233607239999998
90369757,2017,2017-01-16,9730,2017-01-05,2214,019127,,4,3,6,2708,0,3,5,,2,004,"ALISAL ROAD","FUJI LANE",528.00,S,N,A,-,N,,,,,,,,,,Y,3,0,1,1,A,-,01,23152,A,M,E,I,A,A,H,-,D,D,0,,,,,Y,,A,01,0,1,0,0,0,0,0,0,0,"- ","- ",36.638419999999996,-121.56461,MONTEREY,SALINAS,-121.56403564,36.638258610000001
90369873,2017,2017-03-16,9730,2017-01-08,1759,021359,,7,2,9,2700,0,3,5,,2,003,"MCCOY ROAD","SILLIMAN ROAD",4224.00,N,N,C,-,N,,,,,,,,,,Y,4,0,1,2,A,-,09,21804,A,N,D,C,A,B,H,-,C,D,0,,,,,Y,,A,01,0,0,1,0,0,0,0,0,0,"- ","- ",36.45778,-121.37658999999999,MONTEREY,UNINCORPORATED,,
90370011,2017,2017-01-16,9730,2017-01-10,1640,020584,,2,2,9,2700,0,1,2,,1,030,"US-101 S/B","BROOME RD.",4000.00,S,N,C,-,Y,,,101,,,,,,S,Y,4,0,1,2,A,-,00,23350,,N,C,C,A,B,H,-,D,D,0,,,,,Y,,A,01,0,0,1,0,0,0,0,0,0,"- ","- ",36.545310000000001,-121.49215,MONTEREY,UNINCORPORATED,-121.49214212,36.545319560000003
90370056,2017,2017-01-16,9730,2017-01-14,1138,019745,,6,1,9,2700,0,1,3,,2,062,"SR-1 N/B","FREMONT BLVD (SEASIDE)",1584.00,N,N,A,-,Y,,,1,,,,,,N,Y,4,0,1,2,A,-,03,22350,,N,C,C,A,A,C,-,A,D,0,,,,,Y,,A,08,0,0,1,0,0,0,0,0,0,"- ","- ",36.627699999999997,-121.8381,MONTEREY,UNINCORPORATED,-121.83828511,36.627817239999999
90370462,2017,2017-01-17,9730,2017-01-09,0439,019127,,1,3,9,2700,0,3,5,,2,006,"N. DAVIS RD.","W. ROSSI ST.",1056.00,S,N,B,-,N,,,,,,,,,,N,4,0,1,2,A,-,08,22107,,F,B,G,A,B,H,-,D,D,0,,Y,,,Y,,-,99,0,0,1,0,0,0,1,0,0,"- ","- ",36.68618,-121.67377999999999,MONTEREY,UNINCORPORATED,-121.67392383000001,36.686031389999997
90370481,2017,2017-03-16,9730,2017-01-10,1410,018350,,2,2,9,2700,0,3,5,,2,007,"PESANTE ROAD","POLLOCK LANE",0.00,,Y,B,C,N,,,,,,,,,,Y,4,0,2,2,A,-,09,21802,A,N,D,C,A,B,H,-,A,A,0,,,,,Y,,A,01,0,0,2,0,0,0,0,0,0,"- ","- ",36.776699999999998,-121.66312000000001,MONTEREY,UNINCORPORATED,-121.66311991000001,36.776710000000001
90370845,2017,2017-03-16,9730,2017-01-11,1947,018810,,3,2,9,2700,0,1,3,,2,062,"N/B SR-1","DEL MONTE BLVD O/C",500.00,N,N,B,-,Y,,,1,,,,,,,Y,4,0,3,3,A,-,05,21651,B,N,D,C,A,A,H,-,C,D,0,,,,,Y,,A,01,0,0,3,0,0,0,0,0,0,"- ","- ",36.73048,-121.78397,MONTEREY,UNINCORPORATED,-121.78405364,36.730569959999997
90371085,2017,2017-03-16,9730,2017-01-14,2235,021396,,6,3,9,2700,0,1,2,,1,030,"US-101 N/B","CORRECTIONAL TRAINING FACILITY",1460.00,S,N,A,-,Y,,,101,,,,,,N,Y,3,0,1,1,A,-,03,22350,,N,F,A,A,A,H,-,D,D,0,,,Y,,Y,,C,02,0,1,0,0,0,0,0,0,1,"- ","- ",36.462470000000003,-121.38366000000001,MONTEREY,UNINCORPORATED,-121.38366966,36.462458079999998
90372667,2016,2017-01-31,9730,2016-11-26,0622,018820,,6,1,6,2708,0,1,2,,1,050,"US101 NORTHBOUND FROM WEST LAUREL DRIVE","WEST LAUREL DRIVE",1056.00,N,N,C,-,Y,,,,,,,,,,N,1,1,0,2,A,-,11,21954,A,N,G,B,D,B,H,-,C,D,0,Y,,,,Y,,N,60,0,0,0,1,0,0,0,0,0,"- ","- ",36.700400000000002,-121.685,MONTEREY,SALINAS,-121.66562544,36.700522229999997
90372774,2017,2017-03-16,9730,2017-01-08,1248,021396,,7,1,9,2700,0,1,2,,1,070,"US-101 S/B","SAN JUAN ROAD",2033.00,S,N,C,-,Y,,,101,,,,,,S,Y,3,0,1,1,A,-,03,22350,,N,E,I,A,B,H,-,A,D,0,,,,,Y,,A,07,0,1,0,0,0,0,0,0,0,"- ","- ",36.855539999999998,-121.63234,MONTEREY,UNINCORPORATED,-121.63234749,36.85554904
90372852,2017,2017-01-19,9730,2017-01-10,0017,017840,,2,3,9,2700,0,1,3,,1,074,SR-1,"STRUVE RD",1584.00,N,N,B,-,Y,,,1,,,,,,,Y,3,0,2,2,A,-,03,22350,,N,C,C,A,A,H,-,D,D,0,,,,,Y,,A,01,0,1,1,0,0,0,0,0,0,"- ","- ",36.834890000000001,-121.77087,MONTEREY,UNINCORPORATED,-121.77098202000001,36.83488947
90372931,2017,2017-01-19,9730,2017-01-11,1910,012332,,3,2,9,2700,0,2,4,,1,073,"SAN MIGUEL CYN RD","MORO RD",0.00,,Y,B,-,N,,,,,,,,,,Y,4,0,1,2,A,-,03,22350,,N,C,C,A,A,H,-,D,D,0,,,,,Y,,A,07,0,0,1,0,0,0,0,0,0,"- ","- ",36.802720000000001,-121.66679999999999,MONTEREY,UNINCORPORATED,-121.66671997,36.802670059999997
90373048,2017,2017-01-19,9730,2017-01-18,1200,017580,,3,1,9,2700,0,3,5,,2,007,"CASTROVILLE BLVD","ARCHER ROAD",10.00,W,N,B,C,N,,,,,,,,,,Y,4,0,1,2,A,-,03,22350,,N,C,C,A,B,H,-,A,D,0,,,,,Y,,D,22,0,0,1,0,0,0,0,0,0,"- ","- ",36.796430000000001,-121.70375,MONTEREY,UNINCORPORATED,-121.70340206,36.796200519999999
90373129,2017,2017-01-19,9735,2017-01-12,0735,019330,,4,1,9,2700,0,2,4,,1,021,"JOLON RD","ARGYLE RD",16896.00,N,N,B,-,N,,,,,,,,,,Y,4,0,3,2,A,-,09,21801,A,N,D,C,A,B,H,-,A,D,0,,,,,Y,,D,22,0,0,3,0,0,0,0,0,0,"- ","- ",36.070030000000003,-121.18313000000001,MONTEREY,UNINCORPORATED,-121.18346935,36.069710649999998
90373141,2017,2017-03-31,9735,2017-01-15,1425,018069,,7,2,9,2700,0,1,2,,1,040,"US-101 N/B","HUDSON ROAD",1584.00,S,N,A,-,Y,,,101,,,,,,N,Y,3,0,1,1,A,-,08,22107,,N,E,I,A,A,H,-,A,D,0,,,,,Y,,D,22,0,1,0,0,0,0,0,0,0,"- ","- ",36.349910000000001,-121.26456,MONTEREY,UNINCORPORATED,-121.26473205000001,36.349747010000002
90373157,2017,2017-03-31,9735,2017-01-15,1320,016816,,7,1,9,2700,0,1,2,,1,040,"US-101 N/B","ARROYO SECO RD. O/C",8976.00,S,N,A,-,Y,,,101,,,,,,N,Y,2,0,3,1,A,-,08,22107,,N,E,I,A,A,H,-,A,D,0,,,,,Y,,A,07,1,0,2,0,0,0,0,0,0,"- ","- ",36.389969999999998,-121.30712,MONTEREY,UNINCORPORATED,-121.3070159,36.390045290000003
90373289,2017,2017-03-16,9730,2017-01-18,1305,018820,,3,1,9,2700,0,1,2,,1,070,"US-101 S/B","SAN JUAN RD.",2112.00,S,N,B,C,Y,,,101,,,,,,S,N,3,0,1,1,A,-,03,22350,,N,E,I,A,B,H,-,A,D,0,,,,,Y,,A,01,0,1,0,0,0,0,0,0,0,"- ","- ",36.855220000000003,-121.63287,MONTEREY,UNINCORPORATED,-121.63281915,36.855158340000003
90374328,2017,2017-01-23,9730,2017-01-13,2500,017785,,5,4,9,2700,0,1,3,,1,014,SR-1,"COAST ROAD",1056.00,N,N,A,-,Y,,,1,,,,,,,Y,4,0,1,1,A,-,08,22107,,N,E,I,A,A,H,-,D,D,0,,,,,Y,Y,A,01,0,0,1,0,0,0,0,0,0,"- ","- ",36.373739999999998,-121.90503,MONTEREY,UNINCORPORATED,-121.90492193,36.37376819
90374343,2017,2017-03-16,9730,2017-01-18,1105,019529,,3,1,9,2700,0,3,5,,2,003,"RIVER ROAD","LAS PALMAS ROAD",0.00,,Y,B,C,N,,,,,,,,,,Y,4,0,2,2,A,-,12,21453,A,N,D,C,A,B,H,-,A,D,0,,,,Y,Y,,G,25,0,0,2,0,0,0,0,0,0,"- ","- ",36.373420000000003,-121.4015,MONTEREY,UNINCORPORATED,-121.66917999,36.622390029999998
90374377,2016,2017-01-31,9730,2016-12-13,1610,021396,,2,2,9,2700,0,1,3,,1,022,"SR-1 S/B","MALPASO CREEK BRIDGE",2413.00,S,N,A,-,Y,,,1,,,,,,S,Y,1,1,0,1,A,-,08,22107,,N,E,I,A,A,H,-,D,D,0,,,,,Y,,A,01,0,0,0,0,0,0,0,0,0,"- ","- ",36.464350000000003,-121.9273,MONTEREY,UNINCORPORATED,-121.92731232,36.464341099999999
90374387,2017,2017-01-23,9730,2017-01-20,1700,016537,,5,2,9,2700,0,1,3,,1,068,SR-68,"CORRAL DE TIERRA RD.",4752.00,W,N,B,C,Y,,,68,,,,,,,N,4,0,1,2,A,-,03,22350,,N,C,C,A,B,H,-,A,D,0,,,,,Y,,A,07,0,0,1,0,0,0,0,0,0,"- ","- ",36.573009999999996,-121.73828,MONTEREY,UNINCORPORATED,-121.73829784,36.573063230000002
90374394,2017,2017-01-23,9730,2017-01-20,0608,017580,,5,1,9,2700,0,1,2,,1,030,"U.S. 101","SOLEDAD CORRECTION TRAINING FACILITY",3168.00,N,N,B,C,Y,,,,,,,,,,Y,4,0,1,1,A,-,03,22350,,N,E,I,A,B,H,-,D,D,0,,,,,Y,,A,01,0,0,1,0,0,0,0,0,0,"- ","- ",36.472250000000003,-121.39981,MONTEREY,UNINCORPORATED,,
90375876,2017,2017-03-16,9730,2017-01-17,1245,018820,,2,1,4,2710,0,1,3,,2,062,"SR-1 S/B",SR-218,528.00,S,N,A,-,Y,,,,,,,,,,Y,4,0,1,2,A,-,03,22350,,N,C,C,A,A,H,-,A,D,0,,,,,Y,,D,22,0,0,1,0,0,0,0,0,0,"- ","- ",36.725270000000002,-121.78908,MONTEREY,SEASIDE,,
90375898,2017,2017-01-24,9730,2017-01-16,1345,020208,,1,1,9,2700,0,1,2,,1,030,"US-101 N/B","SPENCE ROAD",0.00,,Y,A,-,Y,,,,,,,,,,Y,3,0,1,2,A,-,09,21801,A,N,D,C,A,A,H,-,A,D,0,,,,Y,Y,,G,25,0,1,0,0,0,0,0,0,0,"- ","- ",36.364600000000003,-121.3409,MONTEREY,UNINCORPORATED,-121.56693987,36.6128201
90376976,2017,2017-01-25,9730,2017-01-20,1620,019512,,5,2,9,2700,0,1,2,,1,070,"US-101 NORTHBOUND","CRAZY HORSE CANYON ROAD",1056.00,N,N,C,-,Y,,,101,,,,,,N,Y,4,0,1,1,A,-,03,22350,,N,E,I,A,B,H,-,A,D,0,,,,,Y,,A,01,0,0,1,0,0,0,0,0,0,"- ","- ",36.823340000000002,-121.62945000000001,MONTEREY,UNINCORPORATED,-121.6294786,36.823357979999997
90377102,2017,2017-03-16,9730,2017-01-19,0411,019934,,4,3,9,2700,0,1,2,,1,050,"US-101 N/B","AIRPORT BLVD U/C",528.00,N,N,C,-,Y,,,,,,,,,,N,4,0,1,1,A,-,08,22107,,N,H,I,A,B,H,-,C,D,0,,,,,Y,,A,07,0,0,1,0,0,0,0,0,0,"- ","- ",36.664259999999999,-121.62504,MONTEREY,UNINCORPORATED,-121.62355931,36.662168790000003
90377138,2017,2017-03-17,9730,2017-01-19,1737,021320,,4,2,9,2700,0,1,3,,1,066,"SR-183 (MERRITT STREET)","OAK STREET",300.00,N,N,B,-,N,,,183,,,,,,,Y,4,0,3,4,A,-,03,22350,,N,C,C,A,A,H,-,C,A,0,,,,,Y,,A,01,0,0,3,0,0,0,0,0,0,"- ","- ",36.758400000000002,-121.74818999999999,MONTEREY,UNINCORPORATED,-121.7481575,36.758445399999999
90377153,2017,2017-03-16,9730,2017-01-19,1135,018820,,4,1,9,2700,0,1,2,,1,070,"US-101 N/B","SALA RD.",270.00,S,N,B,C,Y,,,101,,,,,,N,Y,3,0,1,1,A,-,03,22350,,N,E,I,A,B,H,-,A,D,0,,,,,Y,,A,01,0,1,0,0,0,0,0,0,0,"- ","- ",36.743459999999999,-121.66003000000001,MONTEREY,UNINCORPORATED,-121.66030662,36.743355800000003