CASE_ID,ACCIDENT_YEAR,PROC_DATE,JURIS,COLLISION_DATE,COLLISION_TIME,OFFICER_ID,REPORTING_DISTRICT,DAY_OF_WEEK,CHP_SHIFT,POPULATION,CNTY_CITY_LOC,SPECIAL_COND,BEAT_TYPE,CHP_BEAT_TYPE,CITY_DIVISION_LAPD,CHP_BEAT_CLASS,BEAT_NUMBER,PRIMARY_RD,SECONDARY_RD,DISTANCE,DIRECTION,INTERSECTION,WEATHER_1,WEATHER_2,STATE_HWY_IND,CALTRANS_COUNTY,CALTRANS_DISTRICT,STATE_ROUTE,ROUTE_SUFFIX,POSTMILE_PREFIX,POSTMILE,LOCATION_TYPE,RAMP_INTERSECTION,SIDE_OF_HWY,TOW_AWAY,COLLISION_SEVERITY,NUMBER_KILLED,NUMBER_INJURED,PARTY_COUNT,PRIMARY_COLL_FACTOR,PCF_CODE_OF_VIOL,PCF_VIOL_CATEGORY,PCF_VIOLATION,PCF_VIOL_SUBSECTION,HIT_AND_RUN,TYPE_OF_COLLISION,MVIW,PED_ACTION,ROAD_SURFACE,ROAD_COND_1,ROAD_COND_2,LIGHTING,CONTROL_DEVICE,CHP_ROAD_TYPE,PEDESTRIAN_ACCIDENT,BICYCLE_ACCIDENT,MOTORCYCLE_ACCIDENT,TRUCK_ACCIDENT,NOT_PRIVATE_PROPERTY,ALCOHOL_INVOLVED,STWD_VEHTYPE_AT_FAULT,CHP_VEHTYPE_AT_FAULT,COUNT_SEVERE_INJ,COUNT_VISIBLE_INJ,COUNT_COMPLAINT_PAIN,COUNT_PED_KILLED,COUNT_PED_INJURED,COUNT_BICYCLIST_KILLED,COUNT_BICYCLIST_INJURED,COUNT_MC_KILLED,COUNT_MC_INJURED,PRIMARY_RAMP,SECONDARY_RAMP,LATITUDE,LONGITUDE,COUNTY,CITY,POINT_X,POINT_Y
90377216,2017,2017-01-25,9730,2017-01-21,1145,018350,,6,1,9,2700,0,2,4,,1,023,"CARMEL VALLEY ROAD","SCHULTE ROAD",1056.00,E,N,B,-,N,,,,,,,,,,Y,3,0,2,3,A,-,03,22350,,N,C,C,A,A,H,-,A,D,0,,,,,Y,,A,01,0,1,1,0,0,0,0,0,0,"- ","- ",36.529719999999998,-121.82675999999999,MONTEREY,UNINCORPORATED,-121.82707365,36.529745259999999
90377271,2017,2017-03-17,9730,2017-01-23,1422,021320,,1,2,6,2708,0,1,2,,1,050,"US-101 S/B TO JOHN STREET","JOHN STREET",5.00,N,N,A,-,Y,,,101,,,,R,,S,N,4,0,1,2,A,-,21,22106,,N,C,C,A,B,H,-,A,A,0,,,,,Y,,D,22,0,0,1,0,0,0,0,0,0,"- ","- ",36.671219999999998,-121.64067,MONTEREY,SALINAS,-121.64067,36.671219999999998
90377389,2017,2017-03-16,9730,2017-01-13,1000,021359,,5,1,9,2700,0,2,4,,2,063,"BLANCO ROAD","DAVIS ROAD",150.00,W,N,A,-,N,,,,,,,,,,N,4,0,1,3,A,-,03,22350,,N,C,C,A,A,H,-,A,D,0,,,,,Y,,A,01,0,0,1,0,0,0,0,0,0,"- ","- ",36.667000000000002,-121.68559999999999,MONTEREY,UNINCORPORATED,-121.68556132000001,36.666993689999998
90377690,2017,2017-01-25,9730,2017-01-24,0615,015160,,2,1,9,2700,0,1,3,,1,066,"MERRITT STREET (SR-183)","MEAD STREET",0.00,,Y,A,-,Y,,,183,,,,,,,N,4,0,1,2,A,-,10,21950,A,N,G,B,B,A,H,-,B,A,0,Y,,,,Y,,A,07,0,0,1,0,1,0,0,0,0,"- ","- ",36.768450000000001,-121.76182,MONTEREY,UNINCORPORATED,-121.76179073,36.768488849999997
90377732,2017,2017-01-25,9730,2017-01-24,0839,017502,,2,1,9,2700,0,2,4,,1,023,"MEADOWS ROAD","CARMEL  VALLEY ROAD",0.00,,Y,A,-,N,,,,,,,,,,N,4,0,1,2,A,-,09,21802,A,N,B,C,A,A,H,-,A,D,0,,,,,Y,,D,22,0,0,1,0,0,0,0,0,0,"- ","- ",36.531700000000001,-121.84126999999999,MONTEREY,UNINCORPORATED,-121.84122996000001,36.532150029999997
90379919,2017,2017-01-27,9730,2017-01-17,1700,019512,,2,2,9,2700,0,2,4,,1,073,"SAN JUAN ROAD","CARPENTERIA ROAD",0.00,,Y,A,-,N,,,,,,,,,,Y,4,0,1,2,A,-,09,21804,A,N,D,C,A,A,H,-,A,A,0,,,,,Y,,A,07,0,0,1,0,0,0,0,0,0,"- ","- ",36.86016,-121.65355,MONTEREY,UNINCORPORATED,-121.65342990000001,36.860180020000001
90379923,2017,2017-01-27,9730,2017-01-08,1220,020391,,7,1,9,2700,0,1,2,,1,070,"US-101 SOUTHBOUND","CRAZY HORSE CYN RD",1320.00,S,N,B,C,Y,,,101,,,,,,S,Y,4,0,1,2,A,-,03,22350,,N,B,C,A,B,H,-,A,D,0,,,,,Y,,A,01,0,0,1,0,0,0,0,0,0,"- ","- ",36.816800000000001,-121.63630000000001,MONTEREY,UNINCORPORATED,-121.63626614,36.816734199999999
90380848,2017,2017-01-30,9730,2017-01-06,2125,019956,,5,2,9,2700,0,1,3,,2,062,"SR-1 N/B","SR-68 (SALINAS)",1584.00,S,N,B,-,Y,,,1,,,,,,N,Y,4,0,1,2,A,-,07,21658,A,F,D,C,A,A,H,-,A,D,0,,,,,Y,,-,99,0,0,1,0,0,0,0,0,0,"- ","- ",36.59393,-121.87308,MONTEREY,UNINCORPORATED,-121.87308467,36.59395885
90380849,2017,2017-01-30,9730,2017-01-15,0341,021338,,7,3,9,2700,0,1,3,,1,074,SR-1,"MOLERA ROAD",1800.00,N,N,C,-,Y,,,1,,,,,,,Y,3,0,1,1,A,-,01,23152,A,N,E,I,A,B,H,-,D,D,0,,,,,Y,Y,A,01,0,1,0,0,0,0,0,0,0,"- ","- ",36.784619999999997,-121.78102,MONTEREY,UNINCORPORATED,-121.78100120000001,36.784627870000001
90380852,2017,2017-01-30,9730,2017-01-17,0735,020208,,2,1,9,2700,0,3,5,,2,006,"18295 PESANTE ROAD","MOUNTAIN VIEW TERRACE",650.00,E,N,B,-,N,,,,,,,,,,Y,3,0,2,1,A,-,03,22350,,N,E,I,A,B,H,-,A,D,0,,,,,Y,,A,01,0,2,0,0,0,0,0,0,0,"- ","- ",36.463900000000002,-121.39149999999999,MONTEREY,UNINCORPORATED,-121.65432781,36.777671519999998
90380863,2017,2017-02-13,9730,2017-01-20,2115,020621,,5,2,9,2700,0,3,5,,2,007,"MERIDIAN ROAD","VALLEY ROAD",530.00,E,N,B,C,N,,,,,,,,,,Y,3,0,1,4,A,-,01,23152,A,N,E,E,A,B,H,-,D,D,0,,,,,Y,Y,A,08,0,1,0,0,0,0,0,0,0,"- ","- ",36.472279999999998,-121.43172,MONTEREY,UNINCORPORATED,-121.7215212,36.789660220000002
90380864,2017,2017-01-30,9730,2017-01-21,0145,020990,,6,3,9,2700,0,1,3,,2,062,"SR-1 SOUTHBOUND","FREMONT BLVD",500.00,N,N,B,-,Y,,,1,,,,,,S,Y,4,0,1,1,A,-,01,23152,A,N,F,I,A,B,H,-,C,D,0,,,,,Y,Y,D,22,0,0,1,0,0,0,0,0,0,"- ","- ",36.625349999999997,-121.84018,MONTEREY,UNINCORPORATED,-121.84021731999999,36.625393639999999
90380866,2017,2017-01-30,9730,2017-01-20,0148,020677,,5,3,9,2700,0,1,3,,1,014,SR-1,"SOBERANES CANYON TRAILHEAD",800.00,S,N,C,-,Y,,,1,,,,,,,Y,3,0,1,1,A,-,01,23152,A,N,F,I,A,B,H,-,D,D,0,,,,,Y,Y,D,22,0,1,0,0,0,0,0,0,0,"- ","- ",36.45187,-121.92565999999999,MONTEREY,UNINCORPORATED,-121.9257145,36.451923489999999
90380891,2017,2017-01-30,9730,2017-01-26,1059,017502,,4,1,9,2700,0,3,5,,2,006,"BLUE LARKSPUR LANE","YORK ROAD",400.00,E,N,A,-,N,,,,,,,,,,Y,4,0,2,2,A,-,05,21460,A,N,A,C,A,A,H,-,A,D,0,,,,,Y,,A,01,0,0,2,0,0,0,0,0,0,"- ","- ",36.572279999999999,-121.80697000000001,MONTEREY,UNINCORPORATED,-121.80715075000001,36.572493969999996
90380896,2017,2017-01-30,9730,2017-01-27,1725,020621,,5,2,6,2708,0,1,2,,1,050,"US-101 S/B TO LAUREL DRIVE","LAUREL DRIVE",30.00,N,N,A,-,Y,,,101,,,,R,,S,N,4,0,1,2,A,-,03,22350,,N,C,C,A,A,H,-,B,A,0,,,,,Y,,A,01,0,0,1,0,0,0,0,0,0,"- ","- ",36.698090000000001,-121.66634999999999,MONTEREY,SALINAS,-121.66634999999999,36.698090000000001
90380905,2017,2017-01-30,9730,2017-01-28,1830,020584,,6,2,9,2700,0,2,4,,1,073,"SAN MIGUEL CANYON RD. (2300 BLOCK)","MORO RD.",300.00,N,N,A,-,N,,,,,,,,,,Y,3,0,3,2,A,-,03,22350,,N,C,C,A,A,H,-,C,D,0,,,,,Y,,A,01,0,3,0,0,0,0,0,0,0,"- ","- ",36.803530000000002,-121.66732,MONTEREY,UNINCORPORATED,-121.66720037,36.8033973
90380923,2017,2017-01-30,9730,2017-01-28,1136,021396,,6,1,9,2700,0,1,3,,1,072,SR-156,"MERIDIAN ROAD",803.00,E,N,A,-,Y,,,156,,,,,,,Y,4,0,1,2,A,-,03,22350,,N,C,C,A,A,H,-,A,D,0,,,,Y,Y,,G,25,0,0,1,0,0,0,0,0,0,"- ","- ",36.789000000000001,-121.66886,MONTEREY,UNINCORPORATED,-121.66887969,36.789059229999999
90380925,2017,2017-01-30,9730,2017-01-28,1338,019956,,6,1,9,2700,0,1,3,,1,074,SR-1,"STRUVE RD",1584.00,S,N,A,-,Y,,,1,,,,,,,N,4,0,1,2,A,-,03,22350,,N,C,C,A,A,H,-,A,D,0,,,,,Y,,A,01,0,0,1,0,0,0,0,0,0,"- ","- ",36.826830000000001,-121.7734,MONTEREY,UNINCORPORATED,-121.7738688,36.827385
90381121,2017,2017-01-30,9730,2017-01-25,1450,020701,,3,2,9,2700,0,3,5,,2,007,"TARPEY ROAD","GRANGER LANE",750.00,W,N,A,-,N,,,,,,,,,,Y,3,0,1,1,A,-,08,22107,,N,E,J,A,A,H,-,A,D,0,,,,,Y,,A,07,0,1,0,0,0,0,0,0,0,"- ","- ",36.861580000000004,-121.68311,MONTEREY,UNINCORPORATED,-121.68373419,36.861433069999997
90381232,2017,2017-01-30,9730,2017-01-22,1120,020208,,7,1,9,2700,0,1,2,,1,070,US-101,SR-156,75.00,N,N,B,-,Y,,,,,,,,,,Y,4,0,1,1,A,-,03,22350,,N,E,I,A,B,H,-,A,D,0,,,,,Y,,D,22,0,0,1,0,0,0,0,0,0,"- ","- ",36.472299999999997,-121.4029,MONTEREY,UNINCORPORATED,-121.66761325,36.789752579999998
90381491,2017,2017-01-30,9730,2017-01-22,0800,020208,,7,1,9,2700,0,1,2,,1,070,US-101,"PESANTE ROAD",1500.00,N,N,C,-,Y,,,,,,,,,,Y,4,0,1,1,A,-,03,22350,,N,E,I,A,B,H,-,A,D,0,,,,,Y,,A,01,0,0,1,0,0,0,0,0,0,"- ","- ",36.4649,-121.401,MONTEREY,UNINCORPORATED,,
90382490,2017,2017-01-31,9730,2017-01-26,0715,019529,,4,1,9,2700,0,1,3,,1,066,"STATE ROUTE - 183 (MERRITT ST.)","STATE ROUTE -156",0.00,,Y,A,-,Y,,,,,,,,,,Y,4,0,1,2,D,-,00,,,N,D,C,A,A,H,-,A,A,0,,,,,Y,,-,"- ",0,0,1,0,0,0,0,0,0,"- ","- ",36.456719999999997,-121.45104000000001,MONTEREY,UNINCORPORATED,,
90383050,2017,2017-01-31,9730,2017-01-30,1710,017803,,1,2,9,2700,0,1,2,,1,050,"US101 S/B","MARKET ST",1056.00,N,N,B,-,Y,,,,,,,,,,N,3,0,1,2,A,-,07,21658,A,F,C,C,A,A,H,-,A,D,0,,,Y,,Y,,D,22,0,1,0,0,0,0,0,0,1,"- ","- ",36.681609999999999,-121.6433,MONTEREY,UNINCORPORATED,-121.64235692,36.680523919999999
90383084,2017,2017-01-31,9730,2017-01-28,1255,020208,,6,1,9,2700,0,1,3,,1,022,SR-1,"FLANDERS DRIVE",460.00,N,N,A,-,Y,,,,,,,,,,Y,4,0,1,2,A,-,09,21804,A,N,D,C,A,A,H,-,A,D,0,,,,,Y,,A,01,0,0,1,0,0,0,0,0,0,"- ","- ",36.333199999999998,-121.5441,MONTEREY,UNINCORPORATED,-121.91159483,36.559016829999997
90383360,2017,2017-02-01,9730,2017-01-19,2250,020576,,4,3,9,2700,0,2,4,,1,073,"SALINAS ROAD","JONATHAN STREET",10.00,N,N,C,-,N,,,,,,,,,,Y,3,0,2,2,A,-,03,22350,,N,C,C,A,B,H,-,C,D,0,,,,,Y,,A,07,0,1,1,0,0,0,0,0,0,"- ","- ",36.90108,-121.74817,MONTEREY,UNINCORPORATED,-121.74817186,36.900847429999999
90383436,2017,2017-02-01,9730,2017-01-26,1426,012332,,4,2,9,2700,0,3,5,,2,006,"PRUNEDALE SOUTH RD","BLACKIE RD",2112.00,N,N,A,-,N,,,,,,,,,,Y,4,0,1,1,A,-,08,22107,,N,E,J,A,A,H,-,A,D,0,,,,,Y,,D,22,0,0,1,0,0,0,0,0,0,"- ","- ",36.781140000000001,-121.67012,MONTEREY,UNINCORPORATED,-121.67014150999999,36.7801203
90383800,2017,2017-02-01,9730,2017-01-30,0740,018820,,1,1,9,2700,0,1,2,,1,070,"US-101 N/B","VIERRA CANYON RD.",115.00,S,N,A,-,Y,,,101,,,,,,N,N,4,0,1,2,A,-,03,22350,,N,C,C,A,A,H,-,A,D,0,,,,,Y,,D,22,0,0,1,0,0,0,0,0,0,"- ","- ",36.791069999999998,-121.66706000000001,MONTEREY,UNINCORPORATED,-121.66716952,36.79109064
90385371,2017,2017-02-03,9735,2017-01-29,1730,017681,,7,2,9,2700,0,3,5,,2,001,"ELM AVENUE","RELIZ CANYON RD",330.00,E,N,A,-,N,,,,,,,,,,Y,3,0,2,1,A,-,03,22350,,N,E,I,A,A,H,-,A,D,0,,,,,Y,,A,01,0,1,1,0,0,0,0,0,0,"- ","- ",36.280880000000003,-121.30209000000001,MONTEREY,UNINCORPORATED,-121.30198051000001,36.280938110000001
90386029,2017,2017-02-06,9730,2017-01-26,1350,017184,,4,1,9,2700,0,1,3,,1,012,SR-1,"LOMA VISTA",10.00,S,N,A,-,Y,,,1,,,,,,,N,4,0,1,2,A,-,03,22350,,N,B,C,A,A,H,-,A,A,0,,,,,Y,,A,07,0,0,1,0,0,0,0,0,0,"- ","- ",36.235979999999998,-121.76866,MONTEREY,UNINCORPORATED,-121.76868605,36.23595521
90386039,2017,2017-02-06,9730,2017-01-30,1025,021396,,1,1,9,2700,0,1,2,,1,030,"US-101 S/B TO ALTA STREET","FOLETTA ROAD",475.00,N,N,A,-,Y,,,101,,,,R,,S,Y,3,0,1,1,A,-,07,21658,A,N,E,I,A,A,H,-,A,D,0,,,,,Y,,A,01,0,1,0,0,0,0,0,0,0,"- ","- ",36.523330000000001,-121.46511,MONTEREY,UNINCORPORATED,-121.46511,36.523330000000001
90386052,2017,2017-02-06,9730,2017-01-29,1523,020621,,7,2,9,2700,0,1,2,,1,070,US-101,"TUSTIN ROAD",1584.00,N,N,A,-,Y,,,,,,,,,,Y,3,0,1,2,A,-,03,22350,,N,B,C,A,A,H,-,A,D,0,,,Y,,Y,,C,02,0,1,0,0,0,0,0,0,1,"- ","- ",36.48274,-121.38508,MONTEREY,UNINCORPORATED,-121.64803402,36.807127119999997
90386057,2017,2017-02-06,9730,2017-01-30,1700,020584,,1,2,9,2700,0,3,5,,2,007,"LEWIS RD.","VEGA RD.",1600.00,E,N,A,-,N,,,,,,,,,,N,4,0,1,2,A,-,06,21750,,N,B,G,A,A,H,-,A,D,0,,Y,,,Y,,A,08,0,0,1,0,0,0,1,0,0,"- ","- ",36.883090000000003,-121.72135,MONTEREY,UNINCORPORATED,-121.72163798,36.883040780000002
90386058,2017,2017-02-06,9730,2017-01-30,1515,021359,,1,2,9,2700,0,1,2,,1,030,"ALTA STREET","FOLETTA ROAD",0.00,,Y,A,-,N,,,,,,,,,,Y,3,0,2,2,A,-,09,21802,A,N,D,C,A,A,H,-,A,A,0,,,,,Y,,D,22,0,1,1,0,0,0,0,0,0,"- ","- ",36.523600000000002,-121.46599999999999,MONTEREY,UNINCORPORATED,-121.46593996,36.523600090000002
90386064,2017,2017-02-06,9730,2017-01-31,1627,018810,,2,2,9,2700,0,1,3,,1,022,SR-1,"FLANDERS DRIVE",528.00,N,N,B,-,Y,,,1,,,,,,,N,4,0,1,2,A,-,03,22350,,N,C,C,A,A,H,-,A,D,0,,,,,Y,,D,22,0,0,1,0,0,0,0,0,0,"- ","- ",36.55809,-121.9114,MONTEREY,UNINCORPORATED,-121.91145945,36.558080250000003
90386089,2017,2017-02-06,9730,2017-02-01,1518,018810,,3,2,9,2700,0,1,3,,1,022,SR-1,"MORSE DRIVE",0.00,,Y,B,-,Y,,,1,,,,,,,Y,2,0,1,2,A,-,09,21804,A,N,D,C,A,A,H,-,A,A,0,,,Y,,Y,,D,22,1,0,0,0,0,0,0,0,1,"- ","- ",36.55274,-121.91055,MONTEREY,UNINCORPORATED,-121.910645,36.5527236
90386100,2017,2017-02-06,9730,2017-02-02,1845,020245,,4,2,9,2700,0,2,4,,1,073,"SAN MIGUEL CANYON ROAD","MORO ROAD",200.00,N,N,B,-,N,,,,,,,,,,Y,4,0,1,2,A,-,09,21804,A,N,D,C,A,B,H,-,C,A,0,,,,,Y,,A,01,0,0,1,0,0,0,0,0,0,"- ","- ",36.80339,-121.66728999999999,MONTEREY,UNINCORPORATED,-121.66705455,36.80314886
90386578,2017,2017-02-06,9730,2017-01-30,1830,020584,,1,2,9,2700,0,2,4,,1,073,"ELKHORN RD.","GARIN RD.",0.00,,Y,A,-,N,,,,,,,,,,Y,3,0,1,2,A,-,01,23152,A,N,D,C,A,A,H,-,D,A,0,,,,,Y,Y,A,07,0,1,0,0,0,0,0,0,0,"- ","- ",36.873460000000001,-121.74444,MONTEREY,UNINCORPORATED,-121.74448997,36.873410030000002
90387198,2017,2017-02-07,9730,2017-01-31,2228,018810,,2,3,9,2700,0,1,3,,1,022,SR-1,"GARRAPATA TROUT FARM ROAD",400.00,S,N,B,-,Y,,,1,,,,,,,Y,2,0,1,1,A,-,01,23152,A,N,E,I,A,A,H,-,D,D,0,,,,,Y,Y,A,01,1,0,0,0,0,0,0,0,0,"- ","- ",36.417200000000001,-121.91386,MONTEREY,UNINCORPORATED,-121.91382000999999,36.41718384
90387415,2017,2017-02-07,9730,2017-01-29,1650,021120,,7,2,9,2700,0,1,3,,1,074,SR-1,"SPRINGFIELD RD.",600.00,S,N,A,-,Y,,,1,,,,,,,Y,3,0,2,2,A,-,03,22350,,N,A,C,A,A,H,-,A,D,0,,,,,Y,,A,01,0,1,1,0,0,0,0,0,0,"- ","- ",36.836680000000001,-121.77104,MONTEREY,UNINCORPORATED,-121.77100596,36.836679850000003
90387434,2017,2017-02-07,9730,2017-02-03,0950,021396,,5,1,9,2700,0,1,2,,1,070,"US-101 S/B","RALPH LANE",1056.00,N,N,B,-,Y,,,101,,,,,,S,Y,4,0,1,2,A,-,03,22350,,N,C,C,A,A,H,-,A,D,0,,,,,Y,,A,01,0,0,1,0,0,0,0,0,0,"- ","- ",36.761240000000001,-121.66678,MONTEREY,UNINCORPORATED,-121.66674676,36.761251440000002
90387537,2017,2017-02-07,9730,2017-02-06,1650,020584,,1,2,9,2700,0,3,5,,2,006,"ESPINOSA RD.","RODGERS RD.",950.00,W,N,C,-,N,,,,,,,,,,Y,4,0,1,2,A,-,03,22350,,N,C,C,A,B,H,-,B,D,0,,,,,Y,,A,01,0,0,1,0,0,0,0,0,0,"- ","- ",36.74541,-121.69455000000001,MONTEREY,UNINCORPORATED,-121.69438794,36.745292460000002
90387842,2017,2017-02-07,9730,2017-01-31,1530,019512,,2,2,9,2700,0,3,5,,2,007,"CASTROVILLE BLVD","PARADISE ROAD",0.00,,Y,A,-,N,,,,,,,,,,Y,4,0,1,3,A,-,09,21801,A,N,D,C,A,A,H,-,A,A,0,,,,,Y,,A,01,0,0,1,0,0,0,0,0,0,"- ","- ",36.799410000000002,-121.69873,MONTEREY,UNINCORPORATED,-121.69849999,36.799170080000003
90387893,2017,2017-02-07,9730,2017-01-29,1843,020584,,7,2,9,2700,0,2,4,,1,075,"SAN JUAN RD.","SAN MIGUEL CANYON RD.",3700.00,W,N,A,-,N,,,,,,,,,,Y,3,0,1,1,A,-,01,23152,A,N,E,I,A,A,H,-,D,D,0,,,,,Y,Y,A,01,0,1,0,0,0,0,0,0,0,"- ","- ",36.903199999999998,-121.70099999999999,MONTEREY,UNINCORPORATED,-121.70238594999999,36.903709980000002
90388042,2017,2017-02-07,9730,2017-02-06,0719,018820,,1,1,9,2700,0,3,5,,2,007,"SEYMOUR ST","MEAD ST.",156.00,N,N,B,-,N,,,,,,,,,,N,4,0,1,2,A,-,09,21804,A,N,D,C,A,A,H,-,A,D,0,,,,,Y,,A,01,0,0,1,0,0,0,0,0,0,"- ","- ",36.771799999999999,-121.75903,MONTEREY,UNINCORPORATED,-121.75909101000001,36.771811079999999
90388551,2017,2017-02-08,9730,2017-01-17,1713,018312,,2,2,4,2706,0,1,3,,2,062,"STATE ROUTE 1 (NORTHBOUND)","STATE ROUTE 68",50.00,N,N,B,-,Y,,,1,,,,,,,N,3,0,1,2,A,-,07,21658,A,N,B,C,A,A,H,-,A,D,0,,,Y,,Y,,A,01,0,1,0,0,0,0,0,0,1,"- ","- ",36.595779999999998,-121.86731,MONTEREY,MONTEREY,-121.8672895,36.595749609999999
90388638,2017,2017-02-08,9735,2017-02-02,1135,017681,,4,1,9,2700,0,3,5,,2,001,"THIRTEENTH STREET","WALNUT AVENUE",0.00,,Y,A,-,N,,,,,,,,,,Y,4,0,1,2,A,-,12,22450,A,N,D,C,A,A,H,-,A,A,0,,,,,Y,,A,01,0,0,1,0,0,0,0,0,0,"- ","- ",36.318629999999999,-121.26321,MONTEREY,UNINCORPORATED,-121.26323986,36.318560099999999
90391015,2017,2017-02-13,9730,2017-01-31,2233,021009,,2,3,1,2709,0,1,3,,2,062,"SR-1 N/B TO CALIFORNIA AVENUE","CALIFORNIA AVENUE",500.00,S,N,A,-,Y,,,1,,,,R,,N,Y,3,0,1,1,A,-,01,23152,A,M,E,I,A,A,H,-,C,D,0,,,,,Y,Y,A,01,0,1,0,0,0,0,0,0,0,"- ","- ",36.621980000000001,-121.84562,MONTEREY,"SAND CITY",-121.84562,36.621980000000001
90391019,2017,2017-02-13,9730,2017-02-05,1345,019818,,7,1,9,2700,0,2,4,,1,023,"CARMEL VALLEY RD","CACHAGUA RD",12672.00,E,N,B,-,N,,,,,,,,,,Y,4,0,1,1,A,-,08,22107,,N,F,I,A,A,H,-,A,D,0,,,,,Y,,A,01,0,0,1,0,0,0,0,0,0,"- ","- ",36.441090000000003,-121.64103,MONTEREY,UNINCORPORATED,-121.64213118000001,36.441165920000003
90391304,2017,2017-02-13,9730,2017-01-30,0715,015160,,1,1,9,2700,0,1,3,,1,066,SR-183,"ESPINOSA ROAD",528.00,N,N,A,-,Y,,,183,,,,,,,Y,4,0,1,2,A,-,03,22350,,N,C,C,A,A,H,-,A,D,0,,,,,Y,,A,07,0,0,1,0,0,0,0,0,0,"- ","- ",36.751150000000003,-121.74226,MONTEREY,UNINCORPORATED,-121.7421468,36.751184379999998
90391316,2017,2017-02-27,9730,2017-02-02,1711,021407,,4,2,9,2700,0,3,5,,2,006,"DAVIS ROAD","BLANCO ROAD",22.00,N,N,B,-,N,,,,,,,,,,Y,4,0,1,2,A,-,21,22106,,N,C,C,A,A,H,-,B,A,0,,,,,Y,,J,48,0,0,1,0,0,0,0,0,0,"- ","- ",36.667200000000001,-121.68559999999999,MONTEREY,UNINCORPORATED,-121.68506588,36.666848889999997
90391319,2017,2017-02-13,9730,2017-02-03,1640,019512,,5,2,9,2700,0,2,4,,1,073,"HALL ROAD","SILL ROAD",0.00,,Y,B,-,N,,,,,,,,,,N,4,0,1,2,A,-,21,22106,,N,C,C,A,A,H,-,A,A,0,,,,,Y,,A,01,0,0,1,0,0,0,0,0,0,"- ","- ",36.891979999999997,-121.74753,MONTEREY,UNINCORPORATED,-121.72252994999999,36.864110029999999
90391740,2017,2017-02-13,9730,2017-02-05,1936,020933,,7,2,9,2700,0,1,3,,1,066,SR-183,"CRANE STREET",0.00,,Y,C,-,Y,,,183,,,,,,,N,4,0,1,2,A,-,09,21801,A,N,D,C,A,B,H,-,C,A,0,,,,,Y,,A,01,0,0,1,0,0,0,0,0,0,"- ","- ",36.76529,-121.7574,MONTEREY,UNINCORPORATED,-121.75741703,36.765268130000003
90391828,2017,2017-02-13,9730,2017-02-05,0000,021009,,7,3,9,2700,0,3,5,,2,003,"VIA CONTENTA","PILOT ROAD",20.00,E,N,A,-,N,,,,,,,,,,Y,4,0,1,1,A,-,01,23152,A,M,E,I,A,A,H,-,D,D,0,,,,,Y,Y,A,01,0,0,1,0,0,0,0,0,0,"- ","- ",36.482550000000003,-121.73255,MONTEREY,UNINCORPORATED,-121.73249647999999,36.48257607
90392049,2017,2017-02-13,9730,2017-02-06,1705,020621,,1,2,9,2700,0,1,3,,1,066,SR-183,"ESPINOSA ROAD",0.00,,Y,B,C,Y,,,,,,,,,,Y,3,0,2,3,A,-,09,21801,A,N,A,C,A,B,H,-,C,D,0,,,,,Y,,A,01,0,2,0,0,0,0,0,0,0,"- ","- ",36.444229999999997,-121.44249000000001,MONTEREY,UNINCORPORATED,,
90392077,2017,2017-02-13,9730,2017-02-07,1910,020584,,2,2,4,2710,0,1,3,,2,062,"LIGHTFIGHTER DR.","1ST AVE.",350.00,W,N,B,-,Y,,,,,,,,,,Y,4,0,1,2,A,-,07,21658,A,N,B,C,A,B,H,-,C,D,0,,,,,Y,,A,01,0,0,1,0,0,0,0,0,0,"- ","- ",36.647640000000003,-121.81338,MONTEREY,SEASIDE,-121.8132676,36.647646209999998
90392091,2016,2017-02-16,9730,2016-11-05,0510,016537,,6,3,9,2700,0,1,2,,1,030,"US-101 SOUTH BOUND","OLD STAGE RD. OVERCROSSING",796.00,N,N,A,-,Y,,,101,,,,,,,Y,1,2,0,1,A,-,08,22107,,N,E,I,A,A,D,H,D,D,0,,,,,Y,Y,A,08,0,0,0,0,0,0,0,0,0,"- ","- ",36.524680000000004,-121.46702999999999,MONTEREY,UNINCORPORATED,-121.46704038999999,36.524662829999997
90392549,2017,2017-02-14,9730,2017-02-06,2003,020899,,1,2,9,2700,0,3,5,,2,007,"CASTROVILLE BLVD.","DOLAN RD.",0.00,,Y,B,-,N,,,,,,,,,,Y,4,0,1,2,A,-,09,21801,A,N,A,C,A,B,H,-,D,A,0,,,,,Y,,D,23,0,0,1,0,0,0,0,0,0,"- ","- ",36.796619999999997,-121.72463999999999,MONTEREY,UNINCORPORATED,-121.72462994,36.796610010000002